date,beta,gamma,skew_target,skew_achieved,constrained,skew_shortfall
2011-01-04,-0.2306805323129705,0.039651162790697685,-2.1959999999999993,-2.195998680607884,False,-1.319392115117779e-06
2011-01-05,-0.22591657854200092,0.039395348837209306,-2.123,-2.1229971547039286,False,-2.845296071640746e-06
2011-01-06,-0.22437716912565606,0.03934883720930233,-2.1010000000000004,-2.100996722705384,False,-3.277294616577109e-06
2011-01-07,-0.22635193244139154,0.03894418604651163,-2.122,-2.121997209899722,False,-2.7901002779273654e-06
2011-01-10,-0.22918747360198446,0.03797674418604651,-2.147,-2.1469977657074533,False,-2.2342925465324015e-06
2011-01-11,-0.2359727937831145,0.037125581395348835,-2.2290000000000005,-2.2289988400227547,False,-1.1599772458126267e-06
2011-01-12,-0.23461499489745735,0.03625116279069767,-2.194,-2.193998147118144,False,-1.8528818559460092e-06
2011-01-13,-0.2296449851615924,0.03657674418604651,-2.1290000000000004,-2.128996947388241,False,-3.052611759368773e-06
2011-01-14,-0.24669116898993323,0.03532093023255814,-2.3519999999999994,-2.3519995966942853,False,-4.03305714158364e-07
2011-01-18,-0.27525104352506863,0.03710232558139535,-2.816,-2.8159962313035947,False,-3.768696405170857e-06
2011-01-19,-0.24147379673380745,0.03893023255813954,-2.3409999999999997,-2.3409997182451923,False,-2.8175480748515724e-07
2011-01-20,-0.2605785679672557,0.03846046511627907,-2.6189999999999998,-2.618999999566935,False,-4.330646952155348e-10
2011-01-21,-0.30171921392687634,0.03972558139534884,-3.399000000000001,-3.2640014153277193,True,-0.13499858467228165
2011-01-24,-0.29784041055519045,0.038590697674418604,-3.1860000000000013,-3.186000456547068,False,4.565470668183025e-07
2011-01-25,-0.3050695310037953,0.03845116279069768,-3.461000000000001,-3.2896705752512916,True,-0.1713294247487096
2011-01-26,-0.2992669258363299,0.03694418604651164,-3.1759999999999993,-3.176000979539193,False,9.795391937572617e-07
2011-01-27,-0.29271601968631994,0.03583255813953489,-3.056,-3.056003750913462,False,3.7509134620528073e-06
2011-01-28,-0.26868559125424774,0.04256744186046512,-2.822999999999999,-2.823000440330118,False,4.403301190336606e-07
2011-01-31,-0.2856748337925625,0.040037209302325585,-3.030000000000001,-3.029997677498505,False,-2.3225014960104318e-06
2011-02-01,-0.27794193038484555,0.03929302325581396,-2.9,-2.900002272982251,False,2.2729822513056774e-06
2011-02-02,-0.2690481360696297,0.038679069767441863,-2.752,-2.7520030437210554,False,3.043721055639992e-06
2011-02-03,-0.26733459713039753,0.03802325581395349,-2.7129999999999996,-2.7129982115087765,False,-1.7884912231203032e-06
2011-02-04,-0.26980919523724195,0.03772558139534884,-2.745,-2.744997542524253,False,-2.457475746897586e-06
2011-02-07,-0.2713300233825833,0.03746046511627908,-2.7629999999999995,-2.763002760218884,False,2.760218884567678e-06
2011-02-08,-0.28478756841255465,0.03671162790697675,-2.9539999999999993,-2.954002503350361,False,2.5033503616711528e-06
2011-02-09,-0.28282817411602545,0.0381906976744186,-2.9539999999999993,-2.95400265820543,False,2.6582054308832426e-06
2011-02-10,-0.2798883181675223,0.03894418604651163,-2.924000000000001,-2.9240016179150534,False,1.617915052598562e-06
2011-02-11,-0.29290250163053533,0.03930232558139535,-3.1310000000000002,-3.1310020096627365,False,2.0096627362242714e-06
2011-02-14,-0.268616675443945,0.03845116279069768,-2.7409999999999997,-2.740996962388282,False,-3.0376117177155493e-06
2011-02-15,-0.29618701562427935,0.039246511627906974,-3.178,-3.1780009430367198,False,9.430367198248746e-07
2011-02-16,-0.2898603773700178,0.03862790697674419,-3.069,-3.0690030923133085,False,3.092313308528105e-06
2011-02-17,-0.2917068069870474,0.0386186046511628,-3.097,-3.097002393451954,False,2.3934519539636767e-06
2011-02-18,-0.3018772711577036,0.03975348837209303,-3.6430000000000007,-3.273331745481048,True,-0.36966825451895247
2011-02-22,-0.24890455994730395,0.046130232558139535,-2.5900000000000007,-2.590002883433178,False,2.8834331771143695e-06
2011-02-23,-0.23992556462873119,0.04606511627906978,-2.4530000000000003,-2.452999992204991,False,-7.795009082656179e-09
2011-02-24,-0.24382666028015024,0.04375348837209302,-2.468000000000001,-2.4679999917754163,False,-8.224584568949922e-09
2011-02-25,-0.27540636048681394,0.04007906976744186,-2.875999999999999,-2.876002815469261,False,2.8154692621740196e-06
2011-02-28,-0.2820857361735261,0.03803720930232558,-2.9370000000000003,-2.9369970641174183,False,-2.9358825819336687e-06
2011-03-01,-0.23137466577412488,0.041525581395348836,-2.2430000000000008,-2.242999555214149,False,-4.44785851705376e-07
2011-03-02,-0.23667544943804744,0.040720930232558135,-2.306,-2.305999780549629,False,-2.1945037120829625e-07
2011-03-03,-0.2575756808054893,0.038306976744186046,-2.5709999999999993,-2.570999998092734,False,-1.907265456679852e-09
2011-03-04,-0.25934005609054245,0.03789767441860466,-2.5900000000000007,-2.589999999254716,False,-7.452847228250903e-10
2011-03-07,-0.23772726436574504,0.039218604651162794,-2.2950000000000004,-2.2949997195523366,False,-2.804476637585651e-07
2011-03-08,-0.2426165666307093,0.0376,-2.3370000000000006,-2.3369998102769074,False,-1.8972309323572745e-07
2011-03-09,-0.23503926139312947,0.03948372093023256,-2.2599999999999993,-2.259999526075911,False,-4.7392408841773204e-07
2011-03-10,-0.20936527462854776,0.041004651162790694,-1.9260000000000006,-1.925999998707062,False,-1.2929386450366565e-09
2011-03-11,-0.20673615495514952,0.03870232558139535,-1.8540000000000005,-1.8539999963013358,False,-3.6986647078407486e-09
2011-03-14,-0.22797802875648265,0.039018604651162796,-2.1519999999999997,-2.151998665228184,False,-1.3347718157419308e-06
2011-03-15,-0.226620993750268,0.041711627906976745,-2.1819999999999995,-2.1819994561945144,False,-5.438054850870344e-07
2011-03-16,-0.21793169866194792,0.05227441860465116,-2.2459999999999996,-2.2459999528807306,False,-4.711926893108398e-08
2011-03-17,-0.24702449532390286,0.0471860465116279,-2.5849999999999995,-2.58499999954569,False,-4.5430947892555196e-10
2011-03-18,-0.2564997422102007,0.044781395348837204,-2.681,-2.68100153007119,False,1.5300711897481278e-06
2011-03-21,-0.24608507763644571,0.04147441860465117,-2.4590000000000005,-2.4589999844110904,False,-1.5588910162733782e-08
2011-03-22,-0.22131144638275,0.04064651162790698,-2.0829999999999997,-2.082997405456766,False,-2.5945432335916507e-06
2011-03-23,-0.22224911810104192,0.039427906976744184,-2.075,-2.074996593536072,False,-3.4064639282682663e-06
2011-03-24,-0.21708606233718244,0.03914883720930233,-1.9969999999999999,-1.99700003899033,False,3.8990330075705515e-08
2011-03-25,-0.22732017666203688,0.039316279069767444,-2.1430000000000007,-2.142997820968853,False,-2.1790311475200497e-06
2011-03-28,-0.2328648214693785,0.04183255813953488,-2.2680000000000007,-2.2679995718672976,False,-4.281327030675186e-07
2011-03-29,-0.2454249581073274,0.03951627906976744,-2.411,-2.410999917489761,False,-8.251023908556476e-08
2011-03-30,-0.24258504780122234,0.03848837209302326,-2.35,-2.3499997528031193,False,-2.4719688074270607e-07
2011-03-31,-0.2503966742821369,0.038376744186046516,-2.464,-2.4639999587454997,False,-4.1254500260379245e-08
2011-04-01,-0.2771023802010846,0.038130232558139535,-2.8639999999999985,-2.8639998913107094,False,-1.0868928912444176e-07
2011-04-04,-0.27331970426888835,0.03806511627906977,-2.805000000000001,-2.804996351039127,False,-3.6489608739032064e-06
2011-04-05,-0.27335883641541,0.03787906976744186,-2.802000000000001,-2.801996251810054,False,-3.7481899468616575e-06
2011-04-06,-0.25362828320984765,0.03870697674418604,-2.5180000000000007,-2.5179999825769745,False,-1.742302613294555e-08
2011-04-07,-0.26255317174302145,0.03832093023255814,-2.6459999999999995,-2.645999999655129,False,-3.448703544961518e-10
2011-04-08,-0.2583646422036817,0.03880465116279071,-2.592,-2.5919999986429336,False,-1.357066459206635e-09
2011-04-11,-0.23808344253446573,0.039144186046511625,-2.2939999999999996,-2.293999442229065,False,-5.577709347726056e-07
2011-04-12,-0.23051081268779847,0.03970232558139535,-2.194,-2.193998601509579,False,-1.3984904208008686e-06
2011-04-13,-0.24783017749513547,0.0400186046511628,-2.4549999999999996,-2.4549999454948495,False,-5.450515017102475e-08
2011-04-14,-0.2514257576287648,0.040032558139534886,-2.5090000000000003,-2.508999975532889,False,-2.4467111447989964e-08
2011-04-15,-0.28646949089019164,0.039869767441860465,-3.044999999999999,-3.0450026647596946,False,2.664759695569785e-06
2011-04-18,-0.2774706385087576,0.04144651162790698,-2.9370000000000003,-2.9370028778457806,False,2.877845780346888e-06
2011-04-19,-0.27968379483842465,0.039874418604651164,-2.9400000000000004,-2.940001825725126,False,1.8257251257480789e-06
2011-04-20,-0.2905638534764567,0.04009767441860465,-3.1129999999999995,-3.1130019000327955,False,1.900032795987272e-06
2011-04-21,-0.293807711284552,0.0407953488372093,-3.178,-3.1780005289442324,False,5.289442324141191e-07
2011-04-25,-0.28808678608088795,0.04078139534883721,-3.0879999999999996,-3.088002177288554,False,2.177288554339185e-06
2011-04-26,-0.2670571444261238,0.039869767441860465,-2.745,-2.744998394949398,False,-1.6050506022047273e-06
2011-04-27,-0.2651730555027671,0.03870232558139535,-2.6930000000000005,-2.692998864946043,False,-1.1350539574905838e-06
2011-04-28,-0.2526781136917153,0.03855348837209302,-2.4989999999999997,-2.4989999520027077,False,-4.7997291918733254e-08
2011-04-29,-0.2680968398089497,0.03906046511627907,-2.745,-2.745000404322335,False,4.0432233472387225e-07
2011-05-02,-0.2438419191008744,0.04116279069767442,-2.4150000000000005,-2.414999876788308,False,-1.2321169240436802e-07
2011-05-03,-0.2643860447870059,0.04214883720930233,-2.7489999999999997,-2.7489963533501798,False,-3.6466498198883812e-06
2011-05-04,-0.24963417537348806,0.042506976744186055,-2.529000000000001,-2.5289999895038706,False,-1.0496130187220842e-08
2011-05-05,-0.24482546517058554,0.04422325581395349,-2.489,-2.488999983209055,False,-1.679094507878176e-08
2011-05-06,-0.2433451313319804,0.04392093023255814,-2.461,-2.4609999725652476,False,-2.7434752247756933e-08
2011-05-09,-0.24586109701505782,0.042260465116279074,-2.467,-2.4669999614370255,False,-3.856297459137181e-08
2011-05-10,-0.25804492208814445,0.04072558139534884,-2.623,-2.6229999983695342,False,-1.6304659844479374e-09
2011-05-11,-0.22360006582434097,0.044767441860465114,-2.1790000000000007,-2.178998642767475,False,-1.3572325259225693e-06
2011-05-12,-0.23058491074197998,0.043520930232558146,-2.2590000000000003,-2.258999288242208,False,-7.117577922599594e-07
2011-05-13,-0.22563095938748878,0.04365581395348837,-2.1900000000000004,-2.1899987456605565,False,-1.2543394438679911e-06
2011-05-16,-0.23653159387875738,0.04392558139534884,-2.3579999999999997,-2.357999847379978,False,-1.5262002150961962e-07
2011-05-17,-0.22045440515105397,0.043553488372093024,-2.114,-2.113997646653016,False,-2.353346983952065e-06
2011-05-18,-0.2535341121332314,0.042186046511627905,-2.5819999999999994,-2.5819999955006376,False,-4.499361772047905e-09
2011-05-19,-0.26410424825870726,0.040711627906976744,-2.7159999999999997,-2.7160020700959056,False,2.0700959058039814e-06
2011-05-20,-0.2753772391037487,0.04196744186046512,-2.9150000000000005,-2.915002392661683,False,2.3926616825598046e-06
2011-05-23,-0.24581785295570469,0.042827906976744184,-2.478,-2.477999978590011,False,-2.1409989336973467e-08
2011-05-24,-0.2368787306707773,0.041148837209302326,-2.3129999999999997,-2.3129996562279684,False,-3.4377203128599376e-07
2011-05-25,-0.23707679682489044,0.03966976744186047,-2.289,-2.288999472778442,False,-5.27221557966584e-07
2011-05-26,-0.25632429454104183,0.03789767441860466,-2.5430000000000006,-2.542999985752202,False,-1.424779849656943e-08
2011-05-27,-0.2439775877365677,0.03788837209302326,-2.3579999999999997,-2.3579996991243153,False,-3.0087568436698575e-07
2011-05-31,-0.24654487512501316,0.037637209302325586,-2.3909999999999996,-2.3909997863377503,False,-2.1366224922658716e-07
2011-06-01,-0.2106118281835309,0.04073953488372094,-1.9329999999999998,-1.932999998065886,False,-1.934113758039757e-09
2011-06-02,-0.21089445215205657,0.03963720930232558,-1.9200000000000004,-1.9199999976549995,False,-2.3450008601599848e-09
2011-06-03,-0.1923869449889019,0.03978604651162791,-1.6799999999999997,-1.6799999810147903,False,-1.8985209404576153e-08
2011-06-06,-0.18481184275787535,0.04100000000000001,-1.6019999999999996,-1.6020000014735234,False,1.4735237474639007e-09
2011-06-07,-0.1873518190256561,0.03893953488372093,-1.6069999999999993,-1.6070000018033042,False,1.803304838787767e-09
2011-06-08,-0.20563082367044844,0.041386046511627916,-1.8760000000000006,-1.8759999967698175,False,-3.2301830099612516e-09
2011-06-09,-0.19606159512337767,0.03983720930232559,-1.7269999999999996,-1.7269999862670722,False,-1.37329274618736e-08
2011-06-10,-0.2308380492693613,0.0434139534883721,-2.2650000000000006,-2.2649995229721664,False,-4.770278341226231e-07
2011-06-13,-0.2166573429970328,0.04574418604651163,-2.0989999999999993,-2.098997998226559,False,-2.001773440341026e-06
2011-06-14,-0.24943459682572905,0.04266976744186046,-2.53,-2.5299999931960215,False,-6.80397826968715e-09
2011-06-15,-0.23515274426700306,0.048869767441860466,-2.4319999999999995,-2.431999984547147,False,-1.545285233106597e-08
2011-06-16,-0.22453277573332422,0.04669302325581396,-2.2349999999999994,-2.234999698830853,False,-3.0116914651046045e-07
2011-06-17,-0.21144995513492953,0.04433023255813954,-2.0060000000000002,-2.006003252257852,False,3.2522578519156298e-06
2011-06-20,-0.1948388565449865,0.041976744186046515,-1.7439999999999998,-1.7439999912373405,False,-8.762659264860417e-09
2011-06-21,-0.18764413462043122,0.04211627906976745,-1.6519999999999997,-1.6519999808298156,False,-1.917018410679816e-08
2011-06-22,-0.1725674754623688,0.042655813953488365,-1.4739999999999995,-1.4740000011221013,False,1.122101744854831e-09
2011-06-23,-0.18850054818124964,0.04329767441860466,-1.6790000000000007,-1.6789999855833433,False,-1.4416657423410584e-08
2011-06-24,-0.17847859242945535,0.046111627906976746,-1.592,-1.59200000099707,False,9.970699821337803e-10
2011-06-27,-0.20782587098491437,0.04385581395348838,-1.9459999999999993,-1.9460003895539444,False,3.895539451015395e-07
2011-06-28,-0.22904822328573188,0.04201395348837209,-2.2150000000000007,-2.214999183875417,False,-8.161245839133358e-07
2011-06-29,-0.275291211981249,0.039953488372093025,-2.872999999999999,-2.8730003432780853,False,3.432780864009999e-07
2011-06-30,-0.23393079907171455,0.03771162790697675,-2.2090000000000005,-2.2089985777437797,False,-1.4222562207955036e-06
2011-07-01,-0.21770887452643467,0.03657674418604651,-1.9629999999999996,-1.9629999976785186,False,-2.3214810074279058e-09
2011-07-05,-0.23167450887311555,0.037832558139534886,-2.178,-2.1779979718763767,False,-2.028123623265543e-06
2011-07-06,-0.22903057453926012,0.03846046511627907,-2.1510000000000007,-2.1509974559359804,False,-2.5440640203377995e-06
2011-07-07,-0.2325893894387698,0.03753488372093024,-2.186,-2.185998105406145,False,-1.8945938551340191e-06
2011-07-08,-0.21694462343152143,0.037590697674418604,-1.9680000000000006,-1.9679999979647325,False,-2.0352681762147995e-09
2011-07-11,-0.23515747346477608,0.04226511627906977,-2.308,-2.3079996822171083,False,-3.1778289155681705e-07
2011-07-12,-0.2091247909886134,0.04111162790697674,-1.9209999999999994,-1.920999998222975,False,-1.7770243054826551e-09
2011-07-13,-0.24760154269291082,0.04135813953488372,-2.4790000000000005,-2.4789999872732182,False,-1.272678229469193e-08
2011-07-14,-0.2557067859729476,0.04452093023255813,-2.6629999999999994,-2.6630021610902137,False,2.161090214336525e-06
2011-07-15,-0.2766325975041129,0.041548837209302324,-2.924000000000001,-2.923996849204912,False,-3.150795088835423e-06
2011-07-18,-0.2366723886552861,0.045493023255813954,-2.3920000000000003,-2.3919999540419874,False,-4.595801295081969e-08
2011-07-19,-0.2551961690800775,0.04233023255813954,-2.6120000000000005,-2.6119980880342912,False,-1.911965709311403e-06
2011-07-20,-0.2370235913838856,0.04002790697674419,-2.2969999999999997,-2.2969996512878397,False,-3.4871216003651284e-07
2011-07-21,-0.23579575501815947,0.037990697674418615,-2.242,-2.2419990983043054,False,-9.016956945551158e-07
2011-07-22,-0.22960194183727634,0.03834883720930233,-2.1590000000000003,-2.1589979361112404,False,-2.0638887598956046e-06
2011-07-25,-0.21001654264684427,0.04195348837209303,-1.9450000000000003,-1.9449999986463746,False,-1.3536256560087168e-09
2011-07-26,-0.21310396480151847,0.04341860465116279,-2.0120000000000005,-2.012002625731683,False,2.625731682748267e-06
2011-07-27,-0.20337155352589562,0.04744651162790698,-1.9439999999999997,-1.9440021450026268,False,2.1450026270741773e-06
2011-07-28,-0.20789286802674542,0.04912558139534884,-2.036,-2.035998026861441,False,-1.9731385592081097e-06
2011-07-29,-0.2092191854354855,0.049567441860465106,-2.0650000000000004,-2.064998779326421,False,-1.2206735795494694e-06
2011-08-01,-0.20059822667887947,0.0446,-1.864,-1.8639999984511213,False,-1.5488788029927036e-09
2011-08-02,-0.17784950037641323,0.04744651162790698,-1.6079999999999999,-1.6080000007152095,False,7.152096692664145e-10
2011-08-03,-0.18897585591737948,0.045851162790697675,-1.7269999999999996,-1.7269999944659604,False,-5.534039226873233e-09
2011-08-04,-0.14396788227408047,0.05663255813953489,-1.3170000000000002,-1.3170000001430822,False,1.4308199070001137e-10
2011-08-05,-0.19291311931096156,0.05516744186046512,-1.936,-1.9359985447738737,False,-1.4552261262679167e-06
2011-08-08,-0.1939283021433169,0.0626186046511628,-2.1060000000000003,-2.1059999987487217,False,-1.251278636260622e-09
2011-08-09,-0.23099397475905467,0.05246511627906976,-2.4510000000000005,-2.4509999989564006,False,-1.0435998731850304e-09
2011-08-10,-0.17883633581472444,0.061795348837209316,-1.8650000000000007,-1.8649994661229425,False,-5.338770581175822e-07
2011-08-11,-0.1909465249849461,0.05988837209302325,-1.9989999999999994,-1.9989997929586885,False,-2.070413109844793e-07
2011-08-12,-0.19450934095078676,0.05590232558139535,-1.9790000000000005,-1.9789994968511238,False,-5.031488767848202e-07
2011-08-15,-0.21480274260650056,0.05069767441860466,-2.1760000000000006,-2.175999907569858,False,-9.243014265081229e-08
2011-08-16,-0.22159632980948818,0.04867906976744186,-2.2409999999999997,-2.2409999802495713,False,-1.9750428403852993e-08
2011-08-17,-0.24706522356502772,0.04866046511627908,-2.6159999999999997,-2.6159978197112705,False,-2.1802887291144657e-06
2011-08-18,-0.23378938552427703,0.049609302325581396,-2.444,-2.444000000380283,False,3.8028291626801547e-10
2011-08-19,-0.2281491816383917,0.05189767441860465,-2.405,-2.4049999999866305,False,-1.3369305662536135e-11
2011-08-22,-0.1957572408046346,0.05174418604651163,-1.9400000000000006,-1.9399996387487606,False,-3.6125124003305586e-07
2011-08-23,-0.23329528791209414,0.04810697674418605,-2.405,-2.404999997896409,False,-2.103590635016417e-09
2011-08-24,-0.22801096665857734,0.0486232558139535,-2.3370000000000006,-2.3369999992467125,False,-7.532880985650081e-10
2011-08-25,-0.20548285835706762,0.05227906976744187,-2.0810000000000004,-2.080999938510036,False,-6.14899642314981e-08
2011-08-26,-0.22518273298968766,0.04870697674418604,-2.2969999999999997,-2.296996962071624,False,-3.037928375526633e-06
2011-08-29,-0.2162598302955776,0.044888372093023265,-2.0989999999999993,-2.098999654597131,False,-3.4540286852902113e-07
2011-08-30,-0.20856271712793692,0.04472558139534884,-1.9900000000000007,-1.9899988596966351,False,-1.1403033655099648e-06
2011-08-31,-0.21056949612784845,0.04379534883720931,-2.0010000000000003,-2.0009987495501167,False,-1.250449883638538e-06
2011-09-01,-0.2131342098606786,0.04293488372093024,-2.0230000000000006,-2.0229990000687783,False,-9.999312222674916e-07
2011-09-02,-0.20700874985862225,0.04232558139534884,-1.9329999999999998,-1.9329980506644613,False,-1.949335538542485e-06
2011-09-06,-0.21588135028929675,0.04512093023255814,-2.1040000000000005,-2.103999886229025,False,-1.1377097575149264e-07
2011-09-07,-0.20154258108780812,0.0433953488372093,-1.875,-1.8750033270120376,False,3.327012037646071e-06
2011-09-08,-0.2001534951188592,0.04346511627906977,-1.8590000000000004,-1.8590031863681615,False,3.186368161101072e-06
2011-09-09,-0.18381794806749768,0.04607906976744186,-1.6900000000000006,-1.6899999987143286,False,-1.2856720132958799e-09
2011-09-12,-0.1873846546021481,0.04514883720930232,-1.7230000000000003,-1.7230004266328092,False,4.266328088586846e-07
2011-09-13,-0.19436913356547264,0.044716279069767446,-1.8049999999999997,-1.8050027411178573,False,2.741117857585351e-06
2011-09-14,-0.17450064635438364,0.04661395348837209,-1.5730000000000004,-1.5730000003824516,False,3.824511818351084e-10
2011-09-15,-0.20910608707119016,0.04497209302325582,-2.0,-1.999998855787919,False,-1.1442120810833956e-06
2011-09-16,-0.233896821351967,0.04356744186046512,-2.3269999999999995,-2.32699999534688,False,-4.653119667352712e-09
2011-09-19,-0.21488220370077288,0.044627906976744194,-2.0760000000000005,-2.07599957120415,False,-4.2879585038235746e-07
2011-09-20,-0.21545221878700735,0.0432093023255814,-2.061,-2.0609994555109608,False,-5.444890391892443e-07
2011-09-21,-0.20880919881798404,0.045851162790697675,-2.0180000000000007,-2.017999604043581,False,-3.9595641965206596e-07
2011-09-22,-0.19960177381175925,0.048330232558139535,-1.9370000000000005,-1.936999481111467,False,-5.188885334739268e-07
2011-09-23,-0.19079937272363828,0.048730232558139526,-1.8239999999999994,-1.8239982368548673,False,-1.763145132116506e-06
2011-09-26,-0.207439258073162,0.04785581395348837,-2.0340000000000003,-2.0339997901323232,False,-2.0986767701458575e-07
2011-09-27,-0.20325719851284293,0.04665581395348838,-1.9549999999999996,-1.9549992187908476,False,-7.81209152034279e-07
2011-09-28,-0.19084053663631573,0.048511627906976745,-1.8209999999999993,-1.820998144260538,False,-1.855739461209538e-06
2011-09-29,-0.19847249792731772,0.047,-1.8969999999999998,-1.8969987580232384,False,-1.241976761434671e-06
2011-09-30,-0.16556605188163992,0.04701395348837209,-1.4829999999999999,-1.4830000004921804,False,4.921805185631456e-10
2011-10-03,-0.1490276690340553,0.04832093023255814,-1.3090000000000004,-1.3089999999676056,False,-3.239475354632759e-11
2011-10-04,-0.17041961862222613,0.04619069767441861,-1.528,-1.5280000002624852,False,2.624851447308174e-10
2011-10-05,-0.16106063997553072,0.04402790697674419,-1.3870000000000005,-1.3870000002674148,False,2.674143129155482e-10
2011-10-06,-0.17494274015204794,0.04349767441860465,-1.5420000000000003,-1.5420000006050596,False,6.050593359674394e-10
2011-10-07,-0.18096643592084496,0.04305581395348837,-1.6099999999999994,-1.6099999955843804,False,-4.415618981568059e-09
2011-10-10,-0.18862284597581588,0.04157674418604652,-1.6810000000000003,-1.6809999964496483,False,-3.5503520123825183e-09
2011-10-11,-0.20400917477371353,0.04231627906976744,-1.8909999999999996,-1.8909968266773598,False,-3.1733226397712144e-06
2011-10-12,-0.2235233030313013,0.04248372093023256,-2.1599999999999993,-2.1599998066364674,False,-1.9336353185295252e-07
2011-10-13,-0.22415930175258142,0.04423255813953488,-2.1980000000000004,-2.197999889218921,False,-1.1078107942097404e-07
2011-10-14,-0.22405228739615374,0.04404186046511628,-2.1900000000000004,-2.189999782916699,False,-2.1708330155689737e-07
2011-10-17,-0.23617251288909477,0.048162790697674415,-2.4459999999999993,-2.4459999983234724,False,-1.676526917293586e-09
2011-10-18,-0.26213857864212786,0.0466093023255814,-2.7989999999999995,-2.7990000000111914,False,1.1191936266641278e-11
2011-10-19,-0.22333407916234768,0.048041860465116284,-2.2569999999999992,-2.256999993816961,False,-6.183038081530867e-09
2011-10-20,-0.22348723404636828,0.04789302325581396,-2.2569999999999992,-2.2569999952508137,False,-4.749185489316687e-09
2011-10-21,-0.258012502327481,0.045604651162790694,-2.719,-2.718999999917607,False,-8.239275928190182e-11
2011-10-24,-0.2427708710812527,0.04517674418604651,-2.4849999999999994,-2.4849999995232297,False,-4.767697348029287e-10
2011-10-25,-0.2272027496181264,0.045465116279069774,-2.2650000000000006,-2.2649999852621936,False,-1.47378069748072e-08
2011-10-26,-0.2274006347872626,0.04546046511627907,-2.2650000000000006,-2.2649999631161006,False,-3.688389993428132e-08
2011-10-27,-0.23078914930804373,0.04392558139534884,-2.281999999999999,-2.2819999020419357,False,-9.795806343859681e-08
2011-10-28,-0.21966413274966815,0.0438093023255814,-2.1180000000000008,-2.11799903341204,False,-9.665879607823058e-07
2011-10-31,-0.209866275012649,0.04876279069767442,-2.069,-2.0689993781594462,False,-6.218405537161686e-07
2011-11-01,-0.24515605874401147,0.05262790697674419,-2.6650000000000005,-2.6649999994648663,False,-5.351341592074732e-10
2011-11-02,-0.2305191208145382,0.04995348837209303,-2.3950000000000005,-2.395000000027729,False,2.772848617382806e-11
2011-11-03,-0.2340894654932053,0.04850232558139535,-2.4189999999999996,-2.4189967213148433,False,-3.278685156260508e-06
2011-11-04,-0.23040566949060046,0.04806511627906977,-2.3560000000000003,-2.355999998391843,False,-1.6081571629911195e-09
2011-11-07,-0.23963496224774383,0.04806976744186046,-2.4930000000000008,-2.49299999981404,False,-1.8596058026787432e-10
2011-11-08,-0.24177941803440886,0.045604651162790694,-2.4769999999999994,-2.4769974814396263,False,-2.5185603731436856e-06
2011-11-09,-0.21417564963822003,0.05708372093023256,-2.2870000000000004,-2.2870035137736693,False,3.5137736689172527e-06
2011-11-10,-0.23555515732732984,0.05280930232558139,-2.5239999999999996,-2.523999999710418,False,-2.8958169195902883e-10
2011-11-11,-0.2320471916553312,0.05213953488372093,-2.4560000000000004,-2.456000000039769,False,3.976863283128296e-11
2011-11-14,-0.23183065377318285,0.05225581395348838,-2.4560000000000004,-2.4559999993220547,False,-6.779456995786859e-10
2011-11-15,-0.23736786962007778,0.050023255813953484,-2.497,-2.496999999506953,False,-4.930469366115631e-10
2011-11-16,-0.22132894861754984,0.051711627906976754,-2.2920000000000003,-2.29199999722029,False,-2.7797102397641993e-09
2011-11-17,-0.21177004503308153,0.052027906976744184,-2.1590000000000003,-2.1589999396146724,False,-6.038532784913286e-08
2011-11-18,-0.20659400225205354,0.047404651162790704,-2.0040000000000004,-2.0039989971524057,False,-1.0028475947443383e-06
2011-11-21,-0.17030673145811984,0.04632558139534884,-1.5150000000000006,-1.515000000462357,False,4.623563754080351e-10
2011-11-22,-0.1690362288475342,0.04582790697674419,-1.4920000000000002,-1.4920000004332814,False,4.332811887053367e-10
2011-11-23,-0.1823000546784545,0.04719069767441861,-1.6780000000000002,-1.6779999974727962,False,-2.5272040016233177e-09
2011-11-25,-0.16722463402736154,0.046037209302325584,-1.4769999999999996,-1.4770000003294044,False,3.294047257185184e-10
2011-11-28,-0.19927539106012107,0.04475813953488373,-1.8629999999999995,-1.8630028656022988,False,2.865602299229053e-06
2011-11-29,-0.18309689915865393,0.0444046511627907,-1.6450000000000002,-1.6449999943531224,False,-5.6468778542040354e-09
2011-11-30,-0.18593139890752727,0.042893023255813956,-1.6560000000000001,-1.6559999928410953,False,-7.158904802295751e-09
2011-12-01,-0.1893258933495037,0.04226976744186046,-1.6900000000000006,-1.6899999939209833,False,-6.079017289550848e-09
2011-12-02,-0.18385965585054787,0.0430046511627907,-1.6310000000000002,-1.630999990859276,False,-9.140724177569837e-09
2011-12-05,-0.1822072400351044,0.04324186046511628,-1.614,-1.613999989773812,False,-1.0226188118522828e-08
2011-12-06,-0.1745032868454705,0.04288837209302326,-1.5159999999999996,-1.5160000008550099,False,8.550102847948438e-10
2011-12-07,-0.17997383214335147,0.043181395348837213,-1.5870000000000004,-1.5870000008204068,False,8.20406409474117e-10
2011-12-08,-0.17461434159229725,0.044172093023255816,-1.5370000000000004,-1.5370000007790312,False,7.790308398369916e-10
2011-12-09,-0.1888910764577537,0.04228837209302326,-1.6829999999999998,-1.6829999929306496,False,-7.0693502163265975e-09
2011-12-12,-0.2135411413811217,0.04335348837209302,-2.0260000000000007,-2.0259979326986564,False,-2.0673013443328614e-06
2011-12-13,-0.20694165113743504,0.04397674418604651,-1.9439999999999997,-1.944002846382193,False,2.846382193277819e-06
2011-12-14,-0.212912230889349,0.04633953488372093,-2.066,-2.0659987947382152,False,-1.2052617845981217e-06
2011-12-15,-0.22578178703004742,0.04544651162790698,-2.2349999999999994,-2.234999798601584,False,-2.0139841527822e-07
2011-12-16,-0.20561363412987052,0.04385116279069768,-1.922,-1.9220015626422624,False,1.5626422624759329e-06
2011-12-19,-0.18742135377964453,0.041986046511627906,-1.658,-1.6579999900525806,False,-9.947419332689833e-09
2011-12-20,-0.21910858854515458,0.04122790697674419,-2.066,-2.0659979012061034,False,-2.0987938964545094e-06
2011-12-21,-0.17849773145850908,0.03978604651162791,-1.5159999999999996,-1.5160000012773145,False,1.2773149205003165e-09
2011-12-22,-0.18158448768406565,0.04008372093023256,-1.5560000000000003,-1.556000001336761,False,1.3367607021308459e-09
2011-12-23,-0.19421562327847516,0.040251162790697674,-1.714,-1.7139999890064,False,-1.0993600030317907e-08
2011-12-27,-0.18845844783693877,0.040990697674418604,-1.653,-1.6529999852901796,False,-1.4709820472802448e-08
2011-12-28,-0.18371529641418635,0.04375813953488372,-1.6319999999999992,-1.6319999875592226,False,-1.2440776631095218e-08
2011-12-29,-0.18691518082026623,0.04269767441860465,-1.6569999999999994,-1.6569999881966793,False,-1.1803320099090797e-08
2011-12-30,-0.18398671440659414,0.04265116279069768,-1.6209999999999993,-1.6209999858240138,False,-1.4175985496578392e-08
2012-01-03,-0.19123813984466526,0.042506976744186055,-1.7099999999999995,-1.7099999923545663,False,-7.64543317544053e-09
2012-01-04,-0.19667629666092626,0.04134418604651163,-1.7629999999999995,-1.7629999939014753,False,-6.0985241301381166e-09
2012-01-05,-0.19836818781320473,0.04078604651162791,-1.7760000000000005,-1.775999994268939,False,-5.731061403224658e-09
2012-01-06,-0.2028913853069305,0.04044186046511629,-1.8290000000000006,-1.8289999959094578,False,-4.090542793377949e-09
2012-01-09,-0.20824563254252862,0.04083720930232558,-1.9069999999999994,-1.9069999983081822,False,-1.6918171308333285e-09
2012-01-10,-0.20717816458518196,0.04131162790697674,-1.8989999999999996,-1.898999998022367,False,-1.977632502203619e-09
2012-01-11,-0.21367102544351946,0.04333488372093024,-2.0200000000000005,-2.0200033226363274,False,3.3226363269633907e-06
2012-01-12,-0.21926623306038648,0.04209767441860465,-2.0780000000000003,-2.0779975018529577,False,-2.4981470425622376e-06
2012-01-13,-0.22553266332726504,0.04351162790697675,-2.192,-2.1919992861538264,False,-7.138461737277169e-07
2012-01-17,-0.2503099622683263,0.043562790697674415,-2.5629999999999997,-2.562996244470622,False,-3.7555293777025156e-06
2012-01-18,-0.2865076089964907,0.04190232558139535,-3.0780000000000003,-3.078002540532475,False,2.5405324746152758e-06
2012-01-19,-0.2794013592378993,0.04126976744186047,-2.9599999999999995,-2.9599979219651913,False,-2.078034808228324e-06
2012-01-20,-0.276616555357128,0.04150697674418605,-2.924000000000001,-2.9240029465501727,False,2.946550171856188e-06
2012-01-23,-0.25414474476800414,0.04166976744186047,-2.5829999999999997,-2.582999998976957,False,-1.0230425395718612e-09
2012-01-24,-0.2646307597784558,0.041400000000000006,-2.7379999999999995,-2.7380020389510173,False,2.0389510178020487e-06
2012-01-25,-0.25221671563266995,0.0400046511627907,-2.522,-2.5219999909448396,False,-9.055160177240396e-09
2012-01-26,-0.23541204951567551,0.04135813953488372,-2.2959999999999994,-2.2959996337546027,False,-3.662453966768453e-07
2012-01-27,-0.2261797364208512,0.04066976744186047,-2.15,-2.1499982918219716,False,-1.7081780283589865e-06
2012-01-30,-0.2281801765464638,0.0417953488372093,-2.1989999999999994,-2.1989990852327064,False,-9.147672930254203e-07
2012-01-31,-0.22870469331017096,0.041167441860465115,-2.1959999999999993,-2.195999014502264,False,-9.8549773541734e-07
2012-02-01,-0.22630141604298284,0.03989767441860465,-2.1390000000000002,-2.138998029799529,False,-1.9702004712129906e-06
2012-02-02,-0.23332640943781224,0.03911627906976744,-2.2260000000000004,-2.2259990464961104,False,-9.535038900665427e-07
2012-02-03,-0.23261193431018962,0.03908837209302326,-2.214,-2.2139987855591086,False,-1.214440891406099e-06
2012-02-06,-0.24198645559811963,0.03971162790697675,-2.3629999999999995,-2.362999817428926,False,-1.825710733704966e-07
2012-02-07,-0.23874453063703446,0.03897209302325582,-2.3019999999999996,-2.3019995695362097,False,-4.3046378994660017e-07
2012-02-08,-0.24287110087041433,0.04512093023255814,-2.4760000000000004,-2.475999979200759,False,-2.0799241440272453e-08
2012-02-09,-0.2518177367478759,0.046865116279069766,-2.6480000000000006,-2.6480017069086785,False,1.7069086779564202e-06
2012-02-10,-0.2698023619522531,0.04844186046511628,-2.9590000000000005,-2.9589970775852987,False,-2.922414701789222e-06
2012-02-13,-0.259848553695353,0.04765116279069768,-2.789,-2.788998187137089,False,-1.8128629113434158e-06
2012-02-14,-0.26983736874778314,0.05014883720930232,-2.996000000000001,-2.996003060535563,False,3.0605355623158914e-06
2012-02-15,-0.2587660264293425,0.05332558139534884,-2.8879999999999995,-2.888003446356711,False,3.4463567115672333e-06
2012-02-16,-0.2703195844043521,0.05135348837209302,-3.028999999999999,-3.0290023150890435,False,2.3150890444689765e-06
2012-02-17,-0.2666144197496456,0.05049302325581396,-2.9539999999999993,-2.9540025361645896,False,2.5361645903387853e-06
2012-02-21,-0.26029862621344696,0.050097674418604646,-2.846000000000001,-2.8460001188758155,False,1.1887581452540985e-07
2012-02-22,-0.2596230005798842,0.04688837209302325,-2.7700000000000005,-2.7699970639941536,False,-2.9360058468874684e-06
2012-02-23,-0.2641586276072227,0.04392558139534884,-2.781,-2.780996897974054,False,-3.1020259463332422e-06
2012-02-24,-0.26697492601099543,0.04624651162790698,-2.872,-2.872000419074543,False,4.1907454306766567e-07
2012-02-27,-0.2544960827968833,0.047293023255813964,-2.6980000000000004,-2.6979973435717426,False,-2.6564282578078746e-06
2012-02-28,-0.24744971069175906,0.04610697674418605,-2.5650000000000004,-2.5649999976678246,False,-2.33217578582412e-09
2012-02-29,-0.23911982824159006,0.04725581395348838,-2.4590000000000005,-2.458999975957581,False,-2.4042419610736943e-08
2012-03-01,-0.261208901342426,0.04531627906976744,-2.7629999999999995,-2.7629964259179443,False,-3.5740820552021546e-06
2012-03-02,-0.2458374954969349,0.04508837209302326,-2.5200000000000005,-2.519999988916102,False,-1.1083898243668955e-08
2012-03-05,-0.2517460185642613,0.04566511627906978,-2.623,-2.6229999997900753,False,-2.0992496629901325e-10
2012-03-06,-0.24923124755056075,0.048888372093023255,-2.6489999999999996,-2.6489961431258484,False,-3.8568741511646465e-06
2012-03-07,-0.24901007914522644,0.04672558139534883,-2.6019999999999994,-2.601999999834783,False,-1.652162850973582e-10
2012-03-08,-0.24487121816991994,0.045204651162790696,-2.508,-2.5079999887858495,False,-1.1214150497096398e-08
2012-03-09,-0.24252072913499473,0.045572093023255815,-2.478,-2.477999974674397,False,-2.5325603392190033e-08
2012-03-12,-0.2915898189704553,0.045865116279069765,-3.925,-3.248468102915953,True,-0.6765318970840468
2012-03-13,-0.23003190067231347,0.0458,-2.289,-2.2889994509427924,False,-5.490572076993772e-07
2012-03-14,-0.1976416002468057,0.049595348837209306,-1.8819999999999992,-1.8819999977184931,False,-2.2815060951586474e-09
2012-03-15,-0.28513646377194024,0.050427906976744194,-3.650999999999999,-3.2465340871125523,True,-0.4044659128874466
2012-03-16,-0.28674894588298483,0.0492,-3.843000000000001,-3.2475038368675024,True,-0.5954961631324984
2012-03-19,-0.26347634026339767,0.049530232558139535,-2.8849999999999993,-2.8849997097385027,False,-2.9026149661603995e-07
2012-03-20,-0.2565426907427996,0.05087441860465116,-2.802000000000001,-2.8019983644982864,False,-1.635501714503107e-06
2012-03-21,-0.23771833129146158,0.048674418604651166,-2.4599999999999995,-2.459999951722147,False,-4.827785238248339e-08
2012-03-22,-0.2161674423137021,0.04768837209302326,-2.117,-2.116997661350142,False,-2.338649858213415e-06
2012-03-23,-0.23055584170096655,0.04586046511627907,-2.2980000000000005,-2.2979994942940496,False,-5.057059508928319e-07
2012-03-26,-0.1971853776659357,0.04468837209302326,-1.8019999999999996,-1.8019999922625318,False,-7.737467777602092e-09
2012-03-27,-0.21662434568240804,0.04704651162790698,-2.1129999999999995,-2.112997416299366,False,-2.5837006334406e-06
2012-03-28,-0.2190586226512022,0.0477860465116279,-2.161,-2.1609983571965476,False,-1.6428034523841006e-06
2012-03-29,-0.22002779168337724,0.0474139534883721,-2.1689999999999996,-2.1689983643595725,False,-1.6356404271000713e-06
2012-03-30,-0.2425558579198517,0.04664186046511627,-2.497,-2.496999973334109,False,-2.6665890828780903e-08
2012-04-02,-0.23048318745532156,0.046688372093023255,-2.3129999999999997,-2.3129996378586695,False,-3.621413302568044e-07
2012-04-03,-0.2362744585299125,0.045753488372093025,-2.3840000000000003,-2.3839998438502157,False,-1.5614978465805507e-07
2012-04-04,-0.21637817591645123,0.046386046511627914,-2.1,-2.099997226608127,False,-2.773391873045483e-06
2012-04-05,-0.21378178771614054,0.04626511627906977,-2.061,-2.0610035206272848,False,3.5206272848142817e-06
2012-04-09,-0.19981710986833706,0.04864651162790699,-1.9049999999999998,-1.9049999987308268,False,-1.2691729889269254e-09
2012-04-10,-0.19883990332489584,0.050758139534883714,-1.9269999999999996,-1.9270014460432106,False,1.4460432109508758e-06
2012-04-11,-0.1918313411305745,0.05171627906976744,-1.8430000000000006,-1.8429999982458782,False,-1.7541224028860825e-09
2012-04-12,-0.20603338866404516,0.048497674418604655,-1.9870000000000005,-1.987001546417096,False,1.546417095488195e-06
2012-04-13,-0.1903772154135693,0.05151627906976745,-1.8189999999999997,-1.8189999976446347,False,-2.3553650141394655e-09
2012-04-16,-0.17896053660381767,0.05161395348837209,-1.6670000000000003,-1.6669999913991067,False,-8.600893552923594e-09
2012-04-17,-0.21787784749484573,0.04977209302325582,-2.183,-2.1829991376031006,False,-8.6239689922607e-07
2012-04-18,-0.202297873188323,0.049330232558139536,-1.95,-1.9500009634390332,False,9.6343903321916e-07
2012-04-19,-0.18956623762565666,0.048353488372093016,-1.7599999999999993,-1.7599999938260695,False,-6.1739298118368424e-09
2012-04-20,-0.1944779404851951,0.04701395348837209,-1.8049999999999997,-1.8049999951815727,False,-4.8184269907380894e-09
2012-04-23,-0.18635928036137855,0.04837674418604652,-1.7189999999999999,-1.7189999918404115,False,-8.159588338330082e-09
2012-04-24,-0.19729452969478883,0.04643720930232559,-1.8359999999999999,-1.8359999963357032,False,-3.6642966438904523e-09
2012-04-25,-0.23025875176775404,0.043386046511627904,-2.253,-2.25299927060547,False,-7.293945301078963e-07
2012-04-26,-0.22196134407372128,0.041697674418604655,-2.103,-2.1029967880934417,False,-3.211906558497901e-06
2012-04-27,-0.215762955247205,0.0412186046511628,-2.008,-2.0080001222929,False,1.2229289980680846e-07
2012-04-30,-0.2134997230058575,0.041544186046511625,-1.9829999999999999,-1.982999998856785,False,-1.1432148561141275e-09
2012-05-01,-0.2172594025844002,0.040493023255813956,-2.0180000000000007,-2.018000468140242,False,4.6814024123875697e-07
2012-05-02,-0.21589836033242632,0.04013488372093024,-1.9939999999999998,-1.9939999987834418,False,-1.2165579654777048e-09
2012-05-03,-0.18614390657067484,0.04109302325581395,-1.6180000000000008,-1.618000001532891,False,1.5328902591704718e-09
2012-05-04,-0.18169707300265164,0.04246976744186046,-1.5829999999999997,-1.583000001388722,False,1.3887222483077721e-09
2012-05-07,-0.18872900038153623,0.04228372093023256,-1.6680000000000006,-1.6679999828988146,False,-1.710118602282762e-08
2012-05-08,-0.19281561246677517,0.04247906976744186,-1.7230000000000003,-1.7229999887301917,False,-1.1269808641856116e-08
2012-05-09,-0.17023825730492842,0.04747441860465116,-1.5049999999999997,-1.5050000008831117,False,8.831120279495508e-10
2012-05-10,-0.17247679051788117,0.04588372093023256,-1.511,-1.511000000963202,False,9.6320218467838e-10
2012-05-11,-0.16825522264731227,0.046567441860465124,-1.4700000000000002,-1.4700000007904497,False,7.904494836452614e-10
2012-05-14,-0.19967494936791474,0.049232558139534886,-1.9180000000000006,-1.9180011655565397,False,1.1655565390622513e-06
2012-05-15,-0.20378726132181146,0.05098139534883721,-2.0040000000000004,-2.0039972365649406,False,-2.7634350598937374e-06
2012-05-16,-0.19277984934562103,0.050800000000000005,-1.847,-1.8469999985047916,False,-1.4952084015362743e-09
2012-05-17,-0.19824771141582131,0.05248372093023256,-1.9540000000000006,-1.9539969278022253,False,-3.0721977752889984e-06
2012-05-18,-0.19394266095071044,0.054623255813953484,-1.9280000000000002,-1.9279969638807468,False,-3.0361192533412407e-06
2012-05-21,-0.2009909253853779,0.05046511627906977,-1.9560000000000002,-1.9560029273835353,False,2.9273835351339983e-06
2012-05-22,-0.19813069236788908,0.05138604651162791,-1.9310000000000003,-1.9310024972945394,False,2.4972945391610324e-06
2012-05-23,-0.20119273497022305,0.049990697674418605,-1.9519999999999995,-1.9520029460105675,False,2.9460105679390836e-06
2012-05-24,-0.21070558904988465,0.048613953488372094,-2.064,-2.063998136787956,False,-1.8632120442063638e-06
2012-05-25,-0.20961814541964033,0.047953488372093026,-2.0379999999999994,-2.0379976059975244,False,-2.394002474925827e-06
2012-05-29,-0.2246528555955498,0.04696744186046512,-2.239,-2.2389996295714036,False,-3.704285962413678e-07
2012-05-30,-0.19275713228720004,0.05103720930232558,-1.8540000000000005,-1.8540002102346904,False,2.1023468987912963e-07
2012-05-31,-0.19887483567276165,0.0505813953488372,-1.9319999999999993,-1.9320031326047353,False,3.1326047360558107e-06
2012-06-01,-0.17518405362554582,0.05181860465116278,-1.6349999999999993,-1.634999994432614,False,-5.567385441551664e-09
2012-06-04,-0.17976485132966766,0.04978604651162791,-1.6659999999999997,-1.665999994612285,False,-5.387714718807501e-09
2012-06-05,-0.18519952859798797,0.0478046511627907,-1.7069999999999994,-1.706999994996284,False,-5.003715441986856e-09
2012-06-06,-0.20729151187435993,0.04544651162790698,-1.9659999999999997,-1.966002307154439,False,2.307154439273873e-06
2012-06-07,-0.20950895371838058,0.04574883720930233,-2.0010000000000003,-2.001003509109065,False,3.509109064658844e-06
2012-06-08,-0.22499882823126882,0.044930232558139535,-2.2090000000000005,-2.2089994419893224,False,-5.580106781089e-07
2012-06-11,-0.20033434359310678,0.04907441860465117,-1.9280000000000002,-1.9280023771122379,False,2.3771122377169718e-06
2012-06-12,-0.21944739516674563,0.04800930232558139,-2.1819999999999995,-2.1819994205510658,False,-5.794489337240805e-07
2012-06-13,-0.20525289007178976,0.05144186046511627,-2.0370000000000004,-2.036998362251283,False,-1.6377487175311956e-06
2012-06-14,-0.16738748834904849,0.05013023255813954,-1.5049999999999997,-1.5050000006914304,False,6.91430690480388e-10
2012-06-15,-0.24474399506469954,0.050339534883720935,-2.6079999999999997,-2.6079989206824936,False,-1.0793175060364035e-06
2012-06-18,-0.2177560714734232,0.04618604651162791,-2.12,-2.119998120907577,False,-1.8790924229961092e-06
2012-06-19,-0.23119269332420234,0.045641860465116285,-2.309,-2.3089997490524605,False,-2.5094753963728067e-07
2012-06-20,-0.22532032016543216,0.04484186046511628,-2.2060000000000004,-2.2059990076792784,False,-9.923207220374763e-07
2012-06-21,-0.19447991397034017,0.04905581395348837,-1.8400000000000005,-1.8399999978124897,False,-2.187510839135598e-09
2012-06-22,-0.18013047826089157,0.04843255813953488,-1.6370000000000005,-1.6369999844181249,False,-1.5581875567605152e-08
2012-06-25,-0.17900108878499052,0.04858604651162791,-1.6290000000000007,-1.6289999873593615,False,-1.2640639202032844e-08
2012-06-26,-0.16795547591173263,0.04681860465116279,-1.4689999999999999,-1.469000000869869,False,8.69869065667217e-10
2012-06-27,-0.1786454476751552,0.04563255813953489,-1.5849999999999995,-1.5850000009816223,False,9.816227830583557e-10
2012-06-28,-0.18731549075776874,0.045213953488372094,-1.6900000000000006,-1.6899999887560544,False,-1.1243946218542078e-08
2012-06-29,-0.20798142174274717,0.04166976744186047,-1.9090000000000003,-1.908999997499292,False,-2.5007083070960334e-09
2012-07-02,-0.20855809670202968,0.03981860465116279,-1.889,-1.8889999963397337,False,-3.660266312266458e-09
2012-07-03,-0.20488494961366863,0.039344186046511624,-1.8329999999999997,-1.83299999317711,False,-6.822889808688615e-09
2012-07-05,-0.19918244350981548,0.041595348837209306,-1.7909999999999997,-1.7909999927013687,False,-7.298631032881531e-09
2012-07-06,-0.2029763798562671,0.041906976744186045,-1.8450000000000002,-1.8449999951896199,False,-4.810380316300211e-09
2012-07-09,-0.21005496060709855,0.043186046511627905,-1.9620000000000004,-1.9619999986884182,False,-1.3115821761999769e-09
2012-07-10,-0.20687388282785388,0.04414418604651162,-1.9340000000000004,-1.9339999984804113,False,-1.5195891212016477e-09
2012-07-11,-0.1911185265357898,0.044767441860465114,-1.7299999999999998,-1.7299999902664374,False,-9.733562400526807e-09
2012-07-12,-0.18240506023977301,0.044288372093023255,-1.6129999999999995,-1.6130000012602614,False,1.260261894842074e-09
2012-07-13,-0.2075504691126387,0.042372093023255814,-1.9129999999999996,-1.9129999973881284,False,-2.6118711637934666e-09
2012-07-16,-0.1745829285743333,0.04381860465116279,-1.5090000000000003,-1.509000001173955,False,1.1739547112199489e-09
2012-07-17,-0.19205255759529855,0.043483720930232554,-1.722,-1.7219999864497153,False,-1.3550284672092516e-08
2012-07-18,-0.18693084245990804,0.043734883720930234,-1.6590000000000003,-1.6589999798641548,False,-2.0135845435476085e-08
2012-07-19,-0.16743307206989635,0.04359534883720931,-1.4189999999999998,-1.4190000009781223,False,9.781224719063175e-10
2012-07-20,-0.18324750958958733,0.0467953488372093,-1.6519999999999997,-1.6519999826619316,False,-1.733806809234295e-08
2012-07-23,-0.20697377474744968,0.04991627906976744,-2.0260000000000007,-2.025996652033538,False,-3.3479664627300565e-06
2012-07-24,-0.19654258801592797,0.05193023255813954,-1.9129999999999996,-1.9130011490212853,False,1.1490212856735127e-06
2012-07-25,-0.1953646664484671,0.049548837209302324,-1.8579999999999999,-1.8579999980418131,False,-1.9581867238827044e-09
2012-07-26,-0.18712528898152556,0.045855813953488374,-1.6920000000000002,-1.6919999873400313,False,-1.2659968851025383e-08
2012-07-27,-0.1693338568441098,0.04329302325581395,-1.4400000000000006,-1.4400000010654952,False,1.0654945814536632e-09
2012-07-30,-0.17228921721848686,0.04406511627906977,-1.486,-1.486000001106717,False,1.1067169403133903e-09
2012-07-31,-0.16414924971971395,0.04470232558139535,-1.3989999999999996,-1.3990000007834111,False,7.834115578475576e-10
2012-08-01,-0.17010649221914237,0.04382790697674419,-1.4590000000000003,-1.4590000010309614,False,1.0309610942726977e-09
2012-08-02,-0.1702976981580892,0.04168837209302326,-1.4349999999999994,-1.435000001121115,False,1.1211156447643589e-09
2012-08-03,-0.21921073266270036,0.03930232558139535,-2.025,-2.0250000340738836,False,3.407388371456932e-08
2012-08-06,-0.17659794985904637,0.03928837209302326,-1.4790000000000005,-1.4790000015968952,False,1.5968946165401121e-09
2012-08-07,-0.1646851204507727,0.0404046511627907,-1.3549999999999998,-1.3550000009683605,False,9.683607249399984e-10
2012-08-08,-0.18118933060649234,0.0396186046511628,-1.536,-1.5360000016800504,False,1.6800503210845363e-09
2012-08-09,-0.21659796626931285,0.03902790697674418,-1.9840000000000004,-1.9839999982625127,False,-1.7374877092635188e-09
2012-08-10,-0.20166632085692565,0.03945581395348837,-1.7890000000000001,-1.788999987973675,False,-1.202632504693213e-08
2012-08-13,-0.22659010273738195,0.04166511627906976,-2.1650000000000005,-2.1649975531433383,False,-2.4468566621749233e-06
2012-08-14,-0.2266415469073541,0.04387441860465117,-2.2049999999999996,-2.204998589518607,False,-1.4104813925719384e-06
2012-08-15,-0.20979133669450306,0.04555813953488372,-1.989,-1.988999998855572,False,-1.144428107835438e-09
2012-08-16,-0.22524497567545676,0.04448837209302326,-2.194,-2.1939983046063998,False,-1.6953936001762315e-06
2012-08-17,-0.23801749514169868,0.044195348837209304,-2.3790000000000004,-2.3789997305510746,False,-2.6944892583813385e-07
2012-08-20,-0.25033354036653915,0.04494883720930233,-2.5840000000000005,-2.5839999915092835,False,-8.490717018361238e-09
2012-08-21,-0.27622487979914917,0.045306976744186045,-2.999000000000001,-2.9990020939876407,False,2.0939876397285673e-06
2012-08-22,-0.24548977816599304,0.046111627906976746,-2.531999999999999,-2.5319999834309423,False,-1.6569056793258596e-08
2012-08-23,-0.2267403377490077,0.04576744186046512,-2.2409999999999997,-2.2409992184935463,False,-7.815064533289728e-07
2012-08-24,-0.2375500581939303,0.044181395348837214,-2.3739999999999997,-2.3739997847145067,False,-2.152854929882153e-07
2012-08-27,-0.22261926991054565,0.04413488372093023,-2.153,-2.15299808369598,False,-1.9163040199110526e-06
2012-08-28,-0.21413681803380014,0.04392093023255814,-2.028,-2.0280019493708017,False,1.9493708016682376e-06
2012-08-29,-0.21582234436420042,0.04405116279069768,-2.0549999999999997,-2.0550031379949965,False,3.1379949967380583e-06
2012-08-30,-0.20379538976910117,0.04480465116279069,-1.9,-1.8999999978921402,False,-2.1078596645907055e-09
2012-08-31,-0.21813094206825673,0.0433953488372093,-2.0780000000000003,-2.0779966382233925,False,-3.361776607757605e-06
2012-09-04,-0.20939476520218198,0.0435860465116279,-1.9590000000000003,-1.9589999987100335,False,-1.2899668000443398e-09
2012-09-05,-0.2177169667328921,0.04193023255813954,-2.0489999999999995,-2.049002790655128,False,2.7906551283152226e-06
2012-09-06,-0.21281464686258883,0.03890697674418605,-1.9310000000000003,-1.9309999970434046,False,-2.9565956349841827e-09
2012-09-07,-0.22375792399621067,0.03825116279069767,-2.0700000000000003,-2.0700011929172506,False,1.1929172503144514e-06
2012-09-10,-0.22950858347662792,0.04314883720930233,-2.2370000000000005,-2.2369990716362858,False,-9.283637147916579e-07
2012-09-11,-0.23274598316790188,0.04297209302325582,-2.281999999999999,-2.281999437528706,False,-5.624712930973885e-07
2012-09-12,-0.23569448556262074,0.04369302325581395,-2.3379999999999996,-2.337999694022332,False,-3.059776676472836e-07
2012-09-13,-0.182903891924918,0.04084186046511628,-1.5689999999999997,-1.5690000017759826,False,1.7759829162855567e-09
2012-09-14,-0.1928613053798829,0.04327441860465117,-1.7260000000000004,-1.7259999841861926,False,-1.5813807818787495e-08
2012-09-17,-0.23174390855672775,0.04323255813953488,-2.2689999999999997,-2.2689991597085917,False,-8.402914080107848e-07
2012-09-18,-0.26399502252724266,0.04192093023255814,-2.7379999999999995,-2.7380029550376705,False,2.955037671004135e-06
2012-09-19,-0.23249574143865612,0.0412139534883721,-2.2439999999999998,-2.2439987174246774,False,-1.2825753223921765e-06
2012-09-20,-0.2689965783779053,0.041265116279069765,-2.803,-2.8029977077291024,False,-2.2922708975414707e-06
2012-09-21,-0.2859571049195965,0.04088372093023256,-3.0599999999999996,-3.0600021095646506,False,2.1095646509650123e-06
2012-09-24,-0.2777032632916327,0.03994418604651163,-2.9120000000000004,-2.9119995632273885,False,-4.3677261185592897e-07
2012-09-25,-0.24996162966827548,0.043158139534883726,-2.5450000000000004,-2.5449999861001373,False,-1.3899863038346894e-08
2012-09-26,-0.23948870617687865,0.044209302325581394,-2.406,-2.405999895841366,False,-1.0415863416213256e-07
2012-09-27,-0.26626772314663916,0.04104186046511628,-2.7560000000000002,-2.755999134454949,False,-8.655450511874108e-07
2012-09-28,-0.25400359225157215,0.042088372093023255,-2.5870000000000006,-2.5869999950846414,False,-4.915359230750482e-09
2012-10-01,-0.2676305777091866,0.04302790697674419,-2.816999999999999,-2.8169972245890462,False,-2.7754109526156867e-06
2012-10-02,-0.2621009463797513,0.041976744186046515,-2.7099999999999995,-2.710002040280032,False,2.0402800324781367e-06
2012-10-03,-0.2526494442187289,0.04072558139534884,-2.5400000000000005,-2.5399999833342943,False,-1.6665706148444315e-08
2012-10-04,-0.22085872910270624,0.038841860465116285,-2.039,-2.03900011561679,False,1.1561678991967028e-07
2012-10-05,-0.24500082759561295,0.03865116279069768,-2.3849999999999993,-2.384999729413946,False,-2.7058605356344856e-07
2012-10-08,-0.23127183330443507,0.03993023255813953,-2.2060000000000004,-2.205998371352998,False,-1.6286470025939082e-06
2012-10-09,-0.22380203600204382,0.04117674418604651,-2.1209999999999996,-2.1209970938951814,False,-2.9061048181233673e-06
2012-10-10,-0.21546826137847416,0.04388837209302326,-2.0459999999999994,-2.046002459047076,False,2.4590470766305828e-06
2012-10-11,-0.22005828695644786,0.0422046511627907,-2.0829999999999997,-2.0830030360573466,False,3.0360573468612984e-06
2012-10-12,-0.22037511045600294,0.04273023255813954,-2.097,-2.0969966978388546,False,-3.3021611454131516e-06
2012-10-15,-0.2300726437436311,0.04321860465116279,-2.245,-2.2449990145831396,False,-9.854168605549773e-07
2012-10-16,-0.23197667976517172,0.0420046511627907,-2.252,-2.2519990433359345,False,-9.56664065299151e-07
2012-10-17,-0.2508396318769219,0.03981395348837209,-2.495,-2.4949999548570023,False,-4.5142997784353156e-08
2012-10-18,-0.24788293293460575,0.040237209302325584,-2.4579999999999997,-2.4579999152127856,False,-8.478721413851531e-08
2012-10-19,-0.24957320115694323,0.04308372093023255,-2.539,-2.5389999911162717,False,-8.883728419561976e-09
2012-10-22,-0.23382014264607703,0.0430139534883721,-2.2989999999999995,-2.298999546275026,False,-4.537249735925286e-07
2012-10-23,-0.21025735917604918,0.04635348837209302,-2.0159999999999996,-2.0160027744356923,False,2.774435692742827e-06
2012-10-24,-0.2060933144603661,0.044832558139534885,-1.9329999999999998,-1.932999998534477,False,-1.465522814214637e-09
2012-10-25,-0.21959012865772784,0.042725581395348836,-2.089,-2.0889971117145505,False,-2.888285449476058e-06
2012-10-26,-0.2095831891493974,0.041595348837209306,-1.9310000000000003,-1.9309999981928538,False,-1.807146432497575e-09
2012-10-31,-0.175750103823526,0.04196744186046512,-1.5040000000000007,-1.5040000013254156,False,1.3254148889529915e-09
2012-11-01,-0.20264241611071052,0.038,-1.7849999999999995,-1.784999989007252,False,-1.0992747379034995e-08
2012-11-02,-0.1831245291614976,0.040855813953488376,-1.578,-1.5780000015430882,False,1.5430881017408637e-09
2012-11-05,-0.17952650103348092,0.04220930232558139,-1.5519999999999996,-1.5520000013842592,False,1.3842595958379889e-09
2012-11-06,-0.18780182068104984,0.04072558139534884,-1.6340000000000003,-1.6340000015431784,False,1.5431780298058584e-09
2012-11-07,-0.18227659521780037,0.04406976744186047,-1.6099999999999994,-1.610000001190529,False,1.1905296748437877e-09
2012-11-08,-0.1876855516296338,0.043437209302325586,-1.6689999999999998,-1.6689999831497435,False,-1.6850256301381705e-08
2012-11-09,-0.17700903678447652,0.04373023255813953,-1.5400000000000005,-1.5400000011752148,False,1.1752143702636886e-09
2012-11-12,-0.16899038893580862,0.04211162790697675,-1.4230000000000005,-1.4230000010583541,False,1.0583536269592742e-09
2012-11-13,-0.17516355895806127,0.040855813953488376,-1.4810000000000003,-1.4810000013834153,False,1.383414938160854e-09
2012-11-14,-0.15824144289373127,0.04402790697674419,-1.3230000000000004,-1.3230000006205827,False,6.205822522531435e-10
2012-11-15,-0.16200565870239844,0.04397209302325582,-1.3650000000000007,-1.365000000723219,False,7.232183740768505e-10
2012-11-16,-0.1827375146722735,0.041986046511627906,-1.5849999999999995,-1.585000001510066,False,1.5100665162748328e-09
2012-11-19,-0.163324329866911,0.041130232558139544,-1.3459999999999994,-1.3460000008866067,False,8.866072320756757e-10
2012-11-20,-0.19613424549329048,0.03996744186046512,-1.725,-1.7249999821700739,False,-1.7829926202139745e-08
2012-11-21,-0.19116853112773802,0.03993023255813953,-1.6620000000000004,-1.6619999731085213,False,-2.6891479043555933e-08
2012-11-23,-0.2020423421878283,0.03853953488372093,-1.7819999999999994,-1.7819999880605841,False,-1.1939415234252237e-08
2012-11-26,-0.1954679987025441,0.03834883720930233,-1.6959999999999993,-1.6959999760276605,False,-2.3972338780708924e-08
2012-11-27,-0.19212131459366388,0.03914883720930233,-1.6650000000000005,-1.6649999731876675,False,-2.6812333020487245e-08
2012-11-28,-0.1896646123705922,0.03739069767441861,-1.6120000000000005,-1.612000002243496,False,2.243495389464556e-09
2012-11-29,-0.2005520047315346,0.036474418604651164,-1.7349999999999994,-1.734999978875048,False,-2.112495134376502e-08
2012-11-30,-0.19814619874612951,0.03655348837209303,-1.7069999999999994,-1.706999977774028,False,-2.2225971507694453e-08
2012-12-03,-0.18664745622270446,0.03910232558139535,-1.5980000000000003,-1.598000001899035,False,1.899034707264491e-09
2012-12-04,-0.18006254606386238,0.04008372093023256,-1.5310000000000001,-1.531000001610351,False,1.6103509636877789e-09
2012-12-05,-0.1751215810901567,0.03859534883720931,-1.4549999999999996,-1.4550000014601254,False,1.4601257980473292e-09
2012-12-06,-0.18464420386006883,0.03913953488372093,-1.5739999999999994,-1.5740000018514073,False,1.851407915864911e-09
2012-12-07,-0.18203060466486365,0.03755348837209302,-1.5230000000000004,-1.5230000018915828,False,1.891582446233997e-09
2012-12-10,-0.17771048091950353,0.037934883720930235,-1.4769999999999996,-1.4770000016675795,False,1.6675798519827367e-09
2012-12-11,-0.188793585552628,0.0366046511627907,-1.592,-1.5920000021890992,False,2.1890991241946267e-09
2012-12-12,-0.1913778120746023,0.03861395348837209,-1.6489999999999996,-1.6489999706502212,False,-2.934977838542352e-08
2012-12-13,-0.18752447691007978,0.040344186046511625,-1.6239999999999994,-1.6240000017519995,False,1.752000100552209e-09
2012-12-14,-0.20836068294337365,0.04018139534883721,-1.8920000000000001,-1.8919999963753433,False,-3.624656796930026e-09
2012-12-17,-0.20410599361125847,0.03818604651162791,-1.8060000000000003,-1.8059999903755197,False,-9.624480545866732e-09
2012-12-18,-0.2040146019401228,0.036911627906976746,-1.786,-1.7859999872154129,False,-1.2784587166692063e-08
2012-12-19,-0.22328097902427219,0.038758139534883725,-2.0760000000000005,-2.076002950031651,False,2.9500316505171043e-06
2012-12-20,-0.24894895774922593,0.03863255813953489,-2.447,-2.446999945444593,False,-5.4555406858725064e-08
2012-12-21,-0.2634585290398773,0.040790697674418605,-2.7079999999999997,-2.707996295728517,False,-3.704271482884991e-06
2012-12-24,-0.24540028449537413,0.04152093023255814,-2.447,-2.446999954751004,False,-4.524899610558464e-08
2012-12-26,-0.2282171220211979,0.04286976744186046,-2.218000000000001,-2.2179992696904254,False,-7.303095754807032e-07
2012-12-27,-0.21073609447654115,0.042274418604651164,-1.9599999999999995,-1.959999998777516,False,-1.2224834478047342e-09
2012-12-28,-0.19433174733404712,0.04870697674418604,-1.8379999999999996,-1.8379999981896824,False,-1.8103172294559045e-09
2012-12-31,-0.22191410707094128,0.0430232558139535,-2.127,-2.126997862372773,False,-2.1376272267836782e-06
2013-01-02,-0.23312484425000332,0.036637209302325585,-2.1769999999999996,-2.1769975243724553,False,-2.4756275442960884e-06
2013-01-03,-0.2058354357605785,0.03582325581395349,-1.7930000000000006,-1.7929999861563162,False,-1.3843684421033231e-08
2013-01-04,-0.18737681664031425,0.03496744186046512,-1.5530000000000002,-1.553000002518781,False,2.5187807395354866e-09
2013-01-07,-0.19696374643924047,0.03570697674418605,-1.6780000000000002,-1.6779999661676168,False,-3.383238333931615e-08
2013-01-08,-0.20698765588790233,0.036451162790697676,-1.8150000000000006,-1.8149999870229445,False,-1.2977056096374895e-08
2013-01-09,-0.20488923137483542,0.03651627906976745,-1.7890000000000001,-1.7889999856011536,False,-1.4398846559515732e-08
2013-01-10,-0.21034462778598856,0.03604186046511628,-1.8530000000000002,-1.85299999055224,False,-9.447760129788207e-09
2013-01-11,-0.21443582677808115,0.03652093023255814,-1.9140000000000001,-1.9139999949352027,False,-5.064797470311078e-09
2013-01-14,-0.19955503353543352,0.03640930232558139,-1.7189999999999999,-1.7189999731387273,False,-2.686127253959114e-08
2013-01-15,-0.22759137871426613,0.0362046511627907,-2.0900000000000007,-2.0900011429644105,False,1.1429644097837866e-06
2013-01-16,-0.22236338359474672,0.03593488372093024,-2.0129999999999995,-2.0129999979832496,False,-2.016749878208657e-09
2013-01-17,-0.22445200194272563,0.036637209302325585,-2.053,-2.0529999988703365,False,-1.1296634738755529e-09
2013-01-18,-0.2568574092856634,0.034153488372093026,-2.4790000000000005,-2.4789998611605792,False,-1.3883942129311322e-07
2013-01-22,-0.2694107418683406,0.03435813953488372,-2.6730000000000005,-2.672999996615783,False,-3.38421735079919e-09
2013-01-23,-0.2696056243620755,0.033423255813953494,-2.658,-2.6579999948409325,False,-5.159067395510419e-09
2013-01-24,-0.25979333777971686,0.03542790697674419,-2.5469999999999997,-2.546999955378641,False,-4.4621358608054607e-08
2013-01-25,-0.2543195069884145,0.03577674418604651,-2.470999999999999,-2.4709998701848708,False,-1.2981512842458187e-07
2013-01-28,-0.24171628828129385,0.036353488372093026,-2.2950000000000004,-2.2949989970449476,False,-1.0029550527868025e-06
2013-01-29,-0.2510610219792636,0.03423720930232558,-2.3950000000000005,-2.394999633591833,False,-3.66408167362664e-07
2013-01-30,-0.23497917737301582,0.03597209302325582,-2.192,-2.191997599376261,False,-2.4006237393514596e-06
2013-01-31,-0.23335343113039803,0.03568372093023256,-2.164,-2.1639969681277376,False,-3.0318722625821692e-06
2013-02-01,-0.24168751747040423,0.03408837209302326,-2.255,-2.2549982778311506,False,-1.7221688493052056e-06
2013-02-04,-0.2394227580491726,0.036181395348837214,-2.2599999999999993,-2.2599987745930297,False,-1.2254069696737702e-06
2013-02-05,-0.24525421848115958,0.03491627906976744,-2.322,-2.3219992478863967,False,-7.521136033972198e-07
2013-02-06,-0.2387989435828901,0.035925581395348835,-2.245,-2.2449983603922585,False,-1.6396077415770094e-06
2013-02-07,-0.25856886833373943,0.035748837209302324,-2.5349999999999993,-2.5349999590923806,False,-4.090761862585168e-08
2013-02-08,-0.2621089495601702,0.034613953488372096,-2.567,-2.566999972880279,False,-2.7119721135449026e-08
2013-02-11,-0.2602190876005422,0.0353953488372093,-2.553,-2.552999962531406,False,-3.746859400521885e-08
2013-02-12,-0.26542933511737943,0.03433953488372093,-2.6120000000000005,-2.6119999864081973,False,-1.3591803238455213e-08
2013-02-13,-0.26943972902296687,0.03406976744186047,-2.6680000000000006,-2.667999997101261,False,-2.8987394706803116e-09
2013-02-14,-0.2729342348150295,0.03394883720930233,-2.719,-2.718999999359158,False,-6.408420460957132e-10
2013-02-15,-0.2944703099085226,0.03374418604651162,-3.0460000000000007,-3.0460021603930274,False,2.160393026695573e-06
2013-02-19,-0.29373872515009086,0.03276744186046512,-3.0150000000000006,-3.0150016198483542,False,1.6198483536733477e-06
2013-02-20,-0.25106590300050224,0.03704651162790699,-2.447,-2.4469998764727667,False,-1.2352723333108884e-07
2013-02-21,-0.23757223120259618,0.0375953488372093,-2.258,-2.257998942805341,False,-1.057194658926619e-06
2013-02-22,-0.2576367511258959,0.036586046511627904,-2.5370000000000004,-2.5369999686786198,False,-3.1321380600246584e-08
2013-02-25,-0.22241152714975787,0.04387906976744186,-2.15,-2.1499984915397063,False,-1.5084602935644398e-06
2013-02-26,-0.23456860483703532,0.04196744186046512,-2.2920000000000003,-2.29199950169476,False,-4.983052401819066e-07
2013-02-27,-0.25281674114283226,0.03827441860465117,-2.4959999999999996,-2.495999945459806,False,-5.454019369466323e-08
2013-02-28,-0.2627298758915321,0.040265116279069764,-2.686,-2.685999071771524,False,-9.282284758604931e-07
2013-03-01,-0.2705705191263895,0.04085116279069767,-2.819,-2.8189969536739854,False,-3.046326014555234e-06
2013-03-04,-0.2768678673735684,0.03826511627906977,-2.8650000000000007,-2.8649974571785597,False,-2.5428214409650707e-06
2013-03-05,-0.26547700591259776,0.03689302325581395,-2.6620000000000004,-2.6619999978013524,False,-2.1986479303848228e-09
2013-03-06,-0.2533597901365566,0.036641860465116284,-2.4730000000000003,-2.4729998949117453,False,-1.0508825498689589e-07
2013-03-07,-0.2579538047278136,0.03588837209302326,-2.528,-2.5279999479077326,False,-5.209226738855932e-08
2013-03-08,-0.25282396936682205,0.03565116279069768,-2.4459999999999993,-2.4459998067370337,False,-1.9326296563093592e-07
2013-03-11,-0.25747398315532,0.03596279069767441,-2.5209999999999995,-2.5209999171410913,False,-8.285890817916197e-08
2013-03-12,-0.27826132944247367,0.037204651162790696,-2.8659999999999997,-2.8659977318633465,False,-2.268136653160724e-06
2013-03-13,-0.2658438863610846,0.03923720930232558,-2.7129999999999996,-2.712999998862438,False,-1.1375616004727362e-09
2013-03-14,-0.27802862031190806,0.03883720930232558,-2.896000000000001,-2.895998533756388,False,-1.4662436127466094e-06
2013-03-15,-0.2776994610527549,0.039869767441860465,-2.9120000000000004,-2.9119987191499144,False,-1.2808500859939898e-06
2013-03-18,-0.2545492368541989,0.043288372093023254,-2.617,-2.6169999938900292,False,-6.109970751566607e-09
2013-03-19,-0.259552009682817,0.04390232558139535,-2.7079999999999997,-2.7079985804086735,False,-1.4195913262682325e-06
2013-03-20,-0.24079294035358095,0.041604651162790704,-2.373,-2.3729996373356634,False,-3.6266433678378007e-07
2013-03-21,-0.22447445273538025,0.043711627906976754,-2.1689999999999996,-2.168997813734161,False,-2.186265838588497e-06
2013-03-22,-0.22904300313013912,0.04268837209302326,-2.218000000000001,-2.2179984561135635,False,-1.5438864373606975e-06
2013-03-25,-0.22958055733548044,0.041330232558139536,-2.2030000000000003,-2.202998063819092,False,-1.93618090849057e-06
2013-03-26,-0.23469824687321175,0.0396,-2.247,-2.2469985383755366,False,-1.461624463239275e-06
2013-03-27,-0.231277303806467,0.039683720930232556,-2.1989999999999994,-2.1989978287155867,False,-2.171284412710861e-06
2013-03-28,-0.23888818347329469,0.03869767441860466,-2.2930000000000006,-2.2929990121929973,False,-9.878070033053632e-07
2013-04-01,-0.2263993589396813,0.03917674418604651,-2.1209999999999996,-2.121002950307397,False,2.950307397497909e-06
2013-04-02,-0.23975519597362877,0.03743720930232557,-2.2840000000000003,-2.2839988013271904,False,-1.1986728098989374e-06
2013-04-03,-0.22376074503891982,0.03964186046511629,-2.092,-2.0920024277211113,False,2.4277211112533337e-06
2013-04-04,-0.22398988477883605,0.03866046511627907,-2.0790000000000006,-2.079001552615611,False,1.5526156103007338e-06
2013-04-05,-0.2053676306916011,0.03929767441860465,-1.8340000000000003,-1.833999990817011,False,-9.182989257894292e-09
2013-04-08,-0.2131535418686228,0.038195348837209306,-1.9209999999999994,-1.9209999952200403,False,-4.779959095202457e-09
2013-04-09,-0.20891380485698727,0.03815813953488372,-1.8629999999999995,-1.8629999915785092,False,-8.421490393928366e-09
2013-04-10,-0.2064352754418344,0.03848837209302326,-1.8340000000000003,-1.8339999885262406,False,-1.1473759720104226e-08
2013-04-11,-0.19767720269647307,0.03877674418604651,-1.7239999999999995,-1.7239999756119164,False,-2.4388083108561887e-08
2013-04-12,-0.20283506038514815,0.03832093023255814,-1.7840000000000003,-1.7839999826092008,False,-1.7390799467165152e-08
2013-04-15,-0.20619351917484585,0.04866046511627908,-1.9920000000000002,-1.9920019259235195,False,1.925923519330297e-06
2013-04-16,-0.24383867558475097,0.04101860465116279,-2.4099999999999993,-2.409999800359718,False,-1.9964028119545674e-07
2013-04-17,-0.2113795227062266,0.048958139534883725,-2.0700000000000003,-2.0699968695401627,False,-3.1304598375747617e-06
2013-04-18,-0.21393376237922024,0.050069767441860466,-2.128,-2.1279983264311517,False,-1.673568848392648e-06
2013-04-19,-0.2297613781054582,0.04442790697674419,-2.261,-2.2609991510700187,False,-8.489299814229412e-07
2013-04-22,-0.2179328148394181,0.04228372093023256,-2.0519999999999996,-2.0520012695681302,False,1.2695681306240658e-06
2013-04-23,-0.2283564664293041,0.039609302325581394,-2.156,-2.155996978343794,False,-3.0216562061369245e-06
2013-04-24,-0.21624397918822458,0.03953023255813953,-1.9840000000000004,-1.9839999979395149,False,-2.0604855599515304e-09
2013-04-25,-0.21570717520185317,0.039948837209302326,-1.9829999999999999,-1.9829999978568467,False,-2.1431532104543294e-09
2013-04-26,-0.20900611737337663,0.039576744186046516,-1.886,-1.8859999944323813,False,-5.567618588386836e-09
2013-04-29,-0.2092555767347894,0.03926511627906978,-1.8849999999999993,-1.8849999939326143,False,-6.06738503883264e-09
2013-04-30,-0.21124943550527206,0.03881860465116279,-1.9049999999999998,-1.9049999949758847,False,-5.024115123930528e-09
2013-05-01,-0.20130548515778943,0.040981395348837206,-1.8049999999999997,-1.8049999901973008,False,-9.80269887485008e-09
2013-05-02,-0.20277522858330327,0.0389860465116279,-1.7950000000000004,-1.7949999870520346,False,-1.2947965810639062e-08
2013-05-03,-0.20606328305907048,0.03763255813953488,-1.8180000000000007,-1.8179999879079884,False,-1.2092012280362496e-08
2013-05-06,-0.19688542475055287,0.03710697674418605,-1.6930000000000007,-1.692999967228377,False,-3.277162363701791e-08
2013-05-07,-0.21890650096245665,0.03667906976744186,-1.9760000000000004,-1.9759999970237505,False,-2.976249913189122e-09
2013-05-08,-0.2001953078773988,0.03712093023255814,-1.7349999999999994,-1.7349999753700283,False,-2.4629971173695253e-08
2013-05-09,-0.212692958065069,0.03773953488372093,-1.908,-1.9079999946339639,False,-5.366036059939461e-09
2013-05-10,-0.204713783484843,0.03741860465116279,-1.797,-1.796999984140312,False,-1.5859688007324735e-08
2013-05-13,-0.21370814265013038,0.03741860465116279,-1.9159999999999997,-1.9159999942568413,False,-5.743158393300973e-09
2013-05-14,-0.19033654960744337,0.03741860465116279,-1.6159999999999997,-1.6160000024556826,False,2.4556829902877553e-09
2013-05-15,-0.21415138594476066,0.03867441860465116,-1.9409999999999996,-1.9409999961767517,False,-3.823247940459851e-09
2013-05-16,-0.2263827116471503,0.03930232558139535,-2.122,-2.122002784460051,False,2.7844600509752127e-06
2013-05-17,-0.2706631774059038,0.03906976744186046,-2.7849999999999993,-2.785002092120376,False,2.0921203769397323e-06
2013-05-20,-0.20011967218937532,0.03953953488372094,-1.7670000000000001,-1.7669999843807969,False,-1.5619203264094494e-08
2013-05-21,-0.1940295635738117,0.040948837209302334,-1.7079999999999997,-1.7079999779066486,False,-2.2093351148555485e-08
2013-05-22,-0.19449954082478435,0.041037209302325586,-1.7159999999999997,-1.7159999796898484,False,-2.0310151338520654e-08
2013-05-23,-0.19298184725312742,0.04065116279069768,-1.6920000000000002,-1.6919999768905065,False,-2.31094936520293e-08
2013-05-24,-0.20437152947193515,0.03901395348837209,-1.8170000000000002,-1.816999989707116,False,-1.0292884100593369e-08
2013-05-28,-0.1566894650413837,0.03844186046511628,-1.2469999999999999,-1.2470000005632458,False,5.632458943694019e-10
2013-05-29,-0.18979009713392841,0.0380093023255814,-1.6200000000000003,-1.6200000021317087,False,2.1317083653826785e-09
2013-05-30,-0.20287384425224816,0.037311627906976744,-1.775,-1.7749999843856406,False,-1.5614359361038055e-08
2013-05-31,-0.21357354569022835,0.03947441860465116,-1.9510000000000005,-1.9509999975290544,False,-2.470946114385697e-09
2013-06-03,-0.209922099988669,0.040460465116279064,-1.9159999999999997,-1.9159999967921673,False,-3.207832444118708e-09
2013-06-04,-0.1922856292470193,0.04064651162790698,-1.6870000000000005,-1.6869999800162536,False,-1.9983746879503883e-08
2013-06-05,-0.18698257943398916,0.043339534883720936,-1.6569999999999994,-1.656999979925081,False,-2.00749183942861e-08
2013-06-06,-0.19602407225434199,0.04274883720930232,-1.764,-1.763999990274198,False,-9.725801941584677e-09
2013-06-07,-0.18859292358047014,0.03915813953488372,-1.6200000000000003,-1.620000001991001,False,1.9910006976431305e-09
2013-06-10,-0.189136283289295,0.038576744186046515,-1.6200000000000003,-1.6200000019648162,False,1.9648158655627412e-09
2013-06-11,-0.19067123130795766,0.042939534883720924,-1.6980000000000004,-1.6979999844325282,False,-1.556747220021748e-08
2013-06-12,-0.17474704940843783,0.04733488372093023,-1.5560000000000003,-1.5560000010131685,False,1.013168215990845e-09
2013-06-13,-0.19175489768105283,0.04422325581395349,-1.7280000000000002,-1.7279999874776648,False,-1.2522335390841022e-08
2013-06-14,-0.18448788932178858,0.04366046511627908,-1.6290000000000007,-1.6290000012806547,False,1.280654027269179e-09
2013-06-17,-0.18972378163574566,0.04206976744186047,-1.6739999999999995,-1.67399998014841,False,-1.9851589483366183e-08
2013-06-18,-0.20495937785278542,0.04185581395348837,-1.8700000000000003,-1.8699999959035642,False,-4.0964360792372645e-09
2013-06-19,-0.19917954009423078,0.0412046511627907,-1.7840000000000003,-1.7839999906467974,False,-9.353202878870093e-09
2013-06-20,-0.190113443162715,0.04696744186046512,-1.7519999999999996,-1.7519999941157327,False,-5.884266851552411e-09
2013-06-21,-0.1915149930815024,0.04469767441860465,-1.736,-1.7359999912827397,False,-8.71726024698205e-09
2013-06-24,-0.17905810196636388,0.046944186046511634,-1.6079999999999999,-1.60800000095652,False,9.56520196382371e-10
2013-06-25,-0.17525910124753316,0.044106976744186045,-1.5230000000000004,-1.5230000011868836,False,1.1868832583417088e-09
2013-06-26,-0.18206958863083492,0.0422139534883721,-1.5810000000000002,-1.5810000014963799,False,1.4963796868272539e-09
2013-06-27,-0.18593931976377046,0.04002325581395349,-1.6010000000000004,-1.601000001736132,False,1.7361316828612416e-09
2013-06-28,-0.1899077219141502,0.040251162790697674,-1.653,-1.6529999745930817,False,-2.5406918346959628e-08
2013-07-01,-0.17686415158768465,0.03948372093023256,-1.4849999999999994,-1.4850000015851674,False,1.5851679968648114e-09
2013-07-02,-0.18052947984979759,0.03893023255813954,-1.5219999999999998,-1.5220000017257787,False,1.725778853156612e-09
2013-07-03,-0.16258867806380065,0.038474418604651166,-1.3129999999999995,-1.3130000008393774,False,8.393779005189117e-10
2013-07-05,-0.19923857403313097,0.0360046511627907,-1.7120000000000004,-1.7119999751030643,False,-2.4896936068330433e-08
2013-07-08,-0.2002553259141983,0.03511162790697674,-1.7129999999999996,-1.712999973519014,False,-2.6480985626520237e-08
2013-07-09,-0.18407769988369033,0.03531162790697674,-1.5189999999999997,-1.5190000023911714,False,2.391171705085071e-09
2013-07-10,-0.1979869190932161,0.036995348837209306,-1.7079999999999997,-1.7079999741047618,False,-2.5895237953932337e-08
2013-07-11,-0.18645003464370705,0.03588837209302326,-1.5530000000000002,-1.553000002414288,False,2.4142878807253965e-09
2013-07-12,-0.16694865173566473,0.03541395348837209,-1.3269999999999995,-1.3270000011384178,False,1.138418248558537e-09
2013-07-15,-0.17732443215308025,0.035451162790697675,-1.4420000000000002,-1.442000001935676,False,1.9356758418354048e-09
2013-07-16,-0.18244206759052017,0.0376,-1.5260000000000005,-1.526000001968673,False,1.968672558305684e-09
2013-07-17,-0.18432267545164938,0.03584186046511628,-1.5269999999999997,-1.5270000022887342,False,2.288734535227377e-09
2013-07-18,-0.18803579540486112,0.03473488372093023,-1.5579999999999998,-1.5580000025366865,False,2.536686638521246e-09
2013-07-19,-0.16629012588184144,0.034251162790697676,-1.3069999999999993,-1.3070000010764615,False,1.0764622526693302e-09
2013-07-22,-0.1651880970880618,0.033716279069767444,-1.2900000000000005,-1.2900000009678125,False,9.678120527212286e-10
2013-07-23,-0.16634837554780174,0.034906976744186045,-1.314,-1.3140000010698332,False,1.0698331109892933e-09
2013-07-24,-0.21216887716027985,0.035720930232558144,-1.8719999999999999,-1.8719999917863035,False,-8.213696389702818e-09
2013-07-25,-0.20555280713436555,0.03569302325581396,-1.7849999999999995,-1.784999982780106,False,-1.7219893511111195e-08
2013-07-26,-0.20861930169118242,0.03560000000000001,-1.8230000000000004,-1.8229999869983116,False,-1.3001688836666858e-08
2013-07-29,-0.2138032393603736,0.03565116279069768,-1.8930000000000007,-1.89299999335933,False,-6.640670680013727e-09
2013-07-30,-0.21841313488723738,0.03458139534883721,-1.939,-1.9389999954585453,False,-4.541454767803543e-09
2013-07-31,-0.20728277828129527,0.033990697674418605,-1.7849999999999995,-1.7849999813791275,False,-1.8620871955477014e-08
2013-08-01,-0.18530638097127863,0.033069767441860465,-1.5060000000000002,-1.5060000026445237,False,2.6445234890815073e-09
2013-08-02,-0.20112792861979345,0.03272558139534884,-1.689,-1.6889999570491991,False,-4.295080091587522e-08
2013-08-05,-0.19849581156388738,0.032437209302325576,-1.653,-1.6530000035577266,False,3.5577265578012884e-09
2013-08-06,-0.21565055308576764,0.03513023255813953,-1.9090000000000003,-1.9089999932897208,False,-6.710279443211675e-09
2013-08-07,-0.20918573967962031,0.03561395348837209,-1.8310000000000002,-1.830999988075616,False,-1.1924384146766442e-08
2013-08-08,-0.21101650333271504,0.035074418604651166,-1.847,-1.8469999885212398,False,-1.1478760164607138e-08
2013-08-09,-0.23771274902543552,0.03596744186046512,-2.2299999999999995,-2.2299981121567387,False,-1.887843260828248e-06
2013-08-12,-0.18512106553474134,0.036637209302325585,-1.5439999999999998,-1.5440000022575158,False,2.2575159519533372e-09
2013-08-13,-0.18820996506476642,0.03671627906976744,-1.5810000000000002,-1.581000002439136,False,2.439135782239532e-09
2013-08-14,-0.2150234071345797,0.037311627906976744,-1.9329999999999998,-1.9329999953532258,False,-4.6467740766331644e-09
2013-08-15,-0.18461040440842932,0.04009767441860465,-1.5819999999999994,-1.582000001849582,False,1.8495824871678224e-09
2013-08-16,-0.19680515401342505,0.03911162790697675,-1.7209999999999994,-1.7209999790450328,False,-2.0954966650776896e-08
2013-08-19,-0.20257373847909083,0.04042325581395349,-1.8150000000000006,-1.814999990928636,False,-9.071364548418615e-09
2013-08-20,-0.2009211345145489,0.04143255813953489,-1.8069999999999993,-1.8069999906941252,False,-9.305874071330322e-09
2013-08-21,-0.193244245428811,0.04203720930232558,-1.717,-1.7169999840596093,False,-1.5940390785118552e-08
2013-08-22,-0.21173879474912047,0.039311627906976745,-1.9209999999999994,-1.9209999962025976,False,-3.797401726401972e-09
2013-08-23,-0.2208682941872769,0.037218604651162786,-2.0129999999999995,-2.012999998163505,False,-1.8364945120197262e-09
2013-08-26,-0.20857871218350726,0.03863255813953489,-1.8689999999999998,-1.8689999940368656,False,-5.963134208641918e-09
2013-08-27,-0.1990437521915312,0.04295813953488372,-1.8069999999999993,-1.8069999933046186,False,-6.6953806943104155e-09
2013-08-28,-0.1952684239452632,0.04253953488372093,-1.7510000000000006,-1.7509999891218062,False,-1.0878194345309566e-08
2013-08-29,-0.1928958620421197,0.04255348837209302,-1.7209999999999994,-1.7209999867828156,False,-1.3217183791880416e-08
2013-08-30,-0.19440942349701987,0.04306976744186046,-1.7480000000000004,-1.747999989237688,False,-1.0762312374623662e-08
2013-09-03,-0.18949285312655123,0.042167441860465116,-1.672,-1.671999979415282,False,-2.0584717930205443e-08
2013-09-04,-0.1927006465801247,0.041060465116279074,-1.6969999999999998,-1.6969999805408222,False,-1.9459177602598743e-08
2013-09-05,-0.1970385628872315,0.03990697674418605,-1.7370000000000005,-1.7369999844884423,False,-1.551155826007289e-08
2013-09-06,-0.20658592606398343,0.040237209302325584,-1.8670000000000002,-1.8669999947673905,False,-5.232609678884614e-09
2013-09-09,-0.21061222327318369,0.03881860465116279,-1.9,-1.899999995871843,False,-4.128156927407645e-09
2013-09-10,-0.21982228893360753,0.03686046511627907,-1.9939999999999998,-1.993999997946364,False,-2.053635705934198e-09
2013-09-11,-0.22569468411289054,0.036465116279069766,-2.0680000000000005,-2.068000149431249,False,1.4943124870825386e-07
2013-09-12,-0.21699068834050683,0.037660465116279074,-1.967,-1.9669999974457855,False,-2.554214617589423e-09
2013-09-13,-0.2209255344747028,0.037083720930232565,-2.0120000000000005,-2.0119999982545327,False,-1.7454677703199195e-09
2013-09-16,-0.2112738699233508,0.03725116279069768,-1.8840000000000003,-1.8839999936857452,False,-6.3142551187667095e-09
2013-09-17,-0.23149172884819472,0.03697209302325581,-2.1590000000000003,-2.1589970013429194,False,-2.9986570808659962e-06
2013-09-18,-0.17625973217152474,0.03472093023255814,-1.422,-1.4220000018080095,False,1.8080095198769186e-09
2013-09-19,-0.18971245368430814,0.03405581395348837,-1.5689999999999997,-1.5690000028261315,False,2.826131773048246e-09
2013-09-20,-0.18954201444678148,0.03576279069767442,-1.5870000000000004,-1.5870000025444955,False,2.5444950590980397e-09
2013-09-23,-0.2143586114374209,0.036074418604651166,-1.908,-1.9079999947038426,False,-5.296157290501924e-09
2013-09-24,-0.21751712143714633,0.03478139534883721,-1.9310000000000003,-1.9309999954282364,False,-4.57176385637581e-09
2013-09-25,-0.2040620563587408,0.033990697674418605,-1.7450000000000003,-1.744999976315457,False,-2.3684543437596517e-08
2013-09-26,-0.23976258336099224,0.032539534883720925,-2.2030000000000003,-2.202997545822937,False,-2.45417706334905e-06
2013-09-27,-0.25376679730654955,0.03485116279069768,-2.4480000000000004,-2.4479998898705775,False,-1.1012942291444006e-07
2013-09-30,-0.24300082355376415,0.03798604651162791,-2.345999999999999,-2.3459996780027286,False,-3.2199727062476313e-07
2013-10-01,-0.24790903810385564,0.03554883720930233,-2.3739999999999997,-2.373999710719,False,-2.8928099959912856e-07
2013-10-02,-0.24113855592104394,0.039874418604651164,-2.3519999999999994,-2.3519997263534846,False,-2.736465147812339e-07
2013-10-03,-0.2284014168424209,0.04362325581395349,-2.2310000000000003,-2.230999213323147,False,-7.866768534370294e-07
2013-10-04,-0.24253710541499668,0.041260465116279066,-2.3980000000000006,-2.3979998618158755,False,-1.381841250314153e-07
2013-10-07,-0.22927009383484934,0.04794418604651163,-2.3230000000000004,-2.3229998320929037,False,-1.679070966709162e-07
2013-10-08,-0.21033397783138968,0.04955813953488372,-2.072,-2.0719980111971394,False,-1.988802860619643e-06
2013-10-09,-0.2205913056133397,0.051827906976744186,-2.2620000000000005,-2.2619997085281227,False,-2.9147187774469785e-07
2013-10-10,-0.21346637164591922,0.04433023255813954,-2.025,-2.0250016330175984,False,1.633017598479114e-06
2013-10-11,-0.2866723042302697,0.04225581395348837,-3.097,-3.097002419787619,False,2.4197876191678347e-06
2013-10-14,-0.2742899830042438,0.04269767441860465,-2.913999999999999,-2.9140010723536207,False,1.0723536219003904e-06
2013-10-15,-0.2793461385454799,0.04807906976744186,-3.100999999999999,-3.1010016658344677,False,1.6658344685893667e-06
2013-10-16,-0.2527088404555785,0.03986046511627907,-2.5239999999999996,-2.5239999702226004,False,-2.9777399213060107e-08
2013-10-17,-0.2697568259386439,0.033813953488372094,-2.6680000000000006,-2.667999997817496,False,-2.1825043994283533e-09
2013-10-18,-0.29981633464281493,0.03414883720930233,-3.1349999999999993,-3.135002239590644,False,2.2395906444927505e-06
2013-10-21,-0.29437234542411445,0.034893023255813956,-3.066999999999999,-3.0670026086565554,False,2.608656556546407e-06
2013-10-22,-0.28516350730931916,0.03447906976744186,-2.916999999999999,-2.916998730335205,False,-1.269664793746017e-06
2013-10-23,-0.312241644450716,0.03368837209302326,-3.447,-3.3112577329897777,True,-0.1357422670102224
2013-10-24,-0.31387245246087275,0.03294883720930233,-3.541999999999999,-3.3208621702265075,True,-0.2211378297734914
2013-10-25,-0.3138674941628869,0.03257209302325582,-3.5060000000000002,-3.3133780807888717,True,-0.19262191921112848
2013-10-28,-0.31387758755196105,0.03263255813953489,-3.327000000000001,-3.3140058723630488,True,-0.012994127636952069
2013-10-29,-0.27815376325831664,0.031869767441860465,-2.758,-2.7580028815516417,False,2.881551641742419e-06
2013-10-30,-0.27996921794126567,0.03235348837209302,-2.7950000000000004,-2.7949972615512055,False,-2.7384487948367564e-06
2013-10-31,-0.30897948803891206,0.032297674418604656,-3.2330000000000014,-3.2330006592570637,False,6.59257062274321e-07
2013-11-01,-0.2927302122075095,0.032065116279069765,-2.9840000000000004,-2.9840016278702994,False,1.6278702990035754e-06
2013-11-04,-0.26567667317382004,0.0312046511627907,-2.5569999999999995,-2.556999959230136,False,-4.076986348522382e-08
2013-11-05,-0.24786194313119517,0.03135348837209302,-2.2980000000000005,-2.2979987812485083,False,-1.2187514921713216e-06
2013-11-06,-0.21669691431224747,0.03135348837209302,-1.8689999999999998,-1.8689999880011892,False,-1.1998810611757449e-08
2013-11-07,-0.2512554925974323,0.033367441860465114,-2.383,-2.382999601153318,False,-3.9884668190381944e-07
2013-11-08,-0.26966011213897967,0.03227441860465116,-2.6370000000000005,-2.636999992542743,False,-7.457257478193924e-09
2013-11-11,-0.26423027004990074,0.03227441860465116,-2.5549999999999997,-2.5549999545247704,False,-4.5475229359936975e-08
2013-11-12,-0.291235251907168,0.03227441860465116,-2.9659999999999997,-2.9660005073252655,False,5.073252657972205e-07
2013-11-13,-0.2988082693821846,0.0331953488372093,-3.100999999999999,-3.101002626134137,False,2.626134137706515e-06
2013-11-14,-0.31178608206404107,0.033446511627906975,-3.303,-3.3030000263904356,False,2.6390435614587204e-08
2013-11-15,-0.31224572361648695,0.03422325581395349,-3.346000000000001,-3.3266927035638196,True,-0.019307296436181343
2013-11-18,-0.3106714783066162,0.034911627906976744,-3.7060000000000004,-3.31441206631294,True,-0.39158793368706046
2013-11-19,-0.3106224321162144,0.034627906976744185,-3.3620000000000005,-3.306799813503923,True,-0.055200186496077386
2013-11-20,-0.31536787062289395,0.032116279069767446,-3.325,-3.325000055541537,False,5.554153670317419e-08
2013-11-21,-0.26058450232955266,0.0302093023255814,-2.4629999999999996,-2.4629998020185035,False,-1.9798149608618587e-07
2013-11-22,-0.3187453060607811,0.029660465116279074,-3.375999999999999,-3.3282511852013914,True,-0.0477488147986076
2013-11-25,-0.31872915101570004,0.03017674418604651,-3.422999999999999,-3.3366761574414765,True,-0.08632384255852266
2013-11-26,-0.3186883218057968,0.03029767441860465,-3.3639999999999985,-3.338492479652072,True,-0.025507520347926693
2013-11-27,-0.31869828941762335,0.03014418604651163,-3.3819999999999992,-3.3348338742013506,True,-0.04716612579864865
2013-11-29,-0.3018275733274845,0.03014418604651163,-3.0819999999999994,-3.0819963432720447,False,-3.6567279546595444e-06
2013-12-02,-0.3043483896684736,0.03236744186046512,-3.163999999999999,-3.1640023317979256,False,2.3317979267467592e-06
2013-12-03,-0.30704642090444745,0.03405116279069768,-3.2379999999999995,-3.238000374675068,False,3.7467506830424213e-07
2013-12-04,-0.3023575752808093,0.03382790697674419,-3.1629999999999994,-3.1630017168670412,False,1.7168670418676868e-06
2013-12-05,-0.27664592177030023,0.035255813953488375,-2.8009999999999993,-2.8010030979530045,False,3.0979530052377413e-06
2013-12-06,-0.3082706171022757,0.03276744186046512,-3.2319999999999993,-3.232000441764211,False,4.417642118781373e-07
2013-12-09,-0.26717697025168624,0.03276744186046512,-2.6090000000000004,-2.6089999893589817,False,-1.0641018732826524e-08
2013-12-10,-0.2710763017980949,0.03276744186046512,-2.6680000000000006,-2.667999998319463,False,-1.6805374869477419e-09
2013-12-11,-0.26550315875188946,0.03746511627906977,-2.6739999999999995,-2.673999999636447,False,-3.635522993761242e-10
2013-12-12,-0.2530085103352454,0.03878139534883721,-2.5090000000000003,-2.508999967280144,False,-3.271985615782569e-08
2013-12-13,-0.25925375263083217,0.03971627906976744,-2.622,-2.6219999980942,False,-1.9057999622873467e-09
2013-12-16,-0.27350761152815584,0.03869767441860466,-2.8210000000000006,-2.8209967511223897,False,-3.2488776109396156e-06
2013-12-17,-0.27761963807713114,0.03824651162790698,-2.875,-2.8749992286974124,False,-7.713025875766277e-07
2013-12-18,-0.317067918109606,0.03124186046511628,-3.558000000000001,-3.33044494189349,True,-0.22755505810651133
2013-12-19,-0.31702496560855853,0.031176744186046514,-3.7860000000000014,-3.327162434000874,True,-0.4588375659991275
2013-12-20,-0.31547531633415116,0.03162790697674419,-4.3199999999999985,-3.3151029774556258,True,-1.0048970225443727
2013-12-23,-0.3187189842230165,0.029530232558139538,-3.8110000000000013,-3.322291895155051,True,-0.4887081048449504
2013-12-24,-0.3187551079541165,0.029530232558139538,-3.7879999999999994,-3.3248975551177806,True,-0.46310244488221874
2013-12-26,-0.3203733008086842,0.029167441860465115,-3.6650000000000005,-3.3417645890267003,True,-0.3232354109733002
2013-12-27,-0.3172085682717916,0.0310093023255814,-3.6719999999999997,-3.332709984068963,True,-0.3392900159310366
2013-12-30,-0.31550689850982233,0.032423255813953486,-3.4360000000000013,-3.3327887408895367,True,-0.10321125911046458
2013-12-31,-0.3139197765623465,0.03294418604651162,-3.3629999999999995,-3.3196084891914506,True,-0.04339151080854897
2014-01-02,-0.31224163189038995,0.0340186046511628,-3.372999999999999,-3.315252317636295,True,-0.057747682363703756
2014-01-03,-0.31386139138764013,0.03257209302325582,-3.4460000000000006,-3.310930508740345,True,-0.13506949125965573
2014-01-06,-0.3073751211910839,0.03178139534883721,-3.1990000000000007,-3.19900107346817,False,1.073468169465741e-06
2014-01-07,-0.2882261248936235,0.03178139534883721,-2.9099999999999993,-2.909998251349888,False,-1.748650111377259e-06
2014-01-08,-0.290581327565782,0.03178139534883721,-2.9460000000000006,-2.945999722899526,False,-2.771004745660832e-07
2014-01-09,-0.29984295293687885,0.03178139534883721,-3.0870000000000006,-3.0870028188605065,False,2.818860505904297e-06
2014-01-10,-0.2691794561493041,0.03150697674418605,-2.6150000000000007,-2.6149999842970164,False,-1.5702984246246388e-08
2014-01-13,-0.2934319345164182,0.035213953488372085,-3.059,-3.0590028727670746,False,2.872767074446614e-06
2014-01-14,-0.31550348931144623,0.032237209302325584,-3.343000000000001,-3.3335721374387783,True,-0.009427862561222522
2014-01-15,-0.3110148909538601,0.03235348837209302,-3.2689999999999997,-3.2690002335311674,False,2.335311677370555e-07
2014-01-16,-0.31228075149029855,0.0344093023255814,-3.6349999999999993,-3.3299205035719575,True,-0.3050794964280419
2014-01-17,-0.3106997171454593,0.03521860465116279,-3.9620000000000006,-3.3234805854841603,True,-0.6385194145158404
2014-01-21,-0.30911931800490616,0.036176744186046515,-3.877000000000001,-3.318373741068349,True,-0.558626258931652
2014-01-22,-0.31073981351931085,0.034632558139534884,-3.8919999999999986,-3.31049595876092,True,-0.5815040412390786
2014-01-23,-0.309082199724148,0.0363953488372093,-3.5710000000000006,-3.319340374970875,True,-0.2516596250291254
2014-01-24,-0.2868068863288651,0.04544651162790698,-3.1610000000000014,-3.1610009698231294,False,9.698231280275138e-07
2014-01-27,-0.2706564829475988,0.04348837209302326,-2.872999999999999,-2.873000523767465,False,5.237674662872394e-07
2014-01-28,-0.2736274561636864,0.03905116279069767,-2.830000000000001,-2.8299968180436923,False,-3.181956308662137e-06
2014-01-29,-0.2582328104631205,0.043009302325581394,-2.6709999999999994,-2.671001977005703,False,1.9770057035906063e-06
2014-01-30,-0.2660603635135211,0.04295348837209303,-2.7909999999999995,-2.79099637924491,False,-3.6207550895284157e-06
2014-01-31,-0.2646116207803319,0.04635348837209302,-2.8370000000000006,-2.8369996008817973,False,-3.991182033757923e-07
2014-02-03,-0.2461604349196931,0.049665116279069776,-2.617,-2.616996698537169,False,-3.301462831117874e-06
2014-02-04,-0.25703460463673644,0.04669767441860465,-2.7260000000000004,-2.7260033387571556,False,3.3387571551912743e-06
2014-02-05,-0.25895094536978597,0.04784651162790697,-2.779000000000001,-2.7789979026243925,False,-2.097375608300922e-06
2014-02-06,-0.24494073853504575,0.043060465116279076,-2.468000000000001,-2.46799996397779,False,-3.602221099185954e-08
2014-02-07,-0.2786970443442628,0.038683720930232555,-2.900999999999999,-2.900999898059089,False,-1.0194090993564942e-07
2014-02-10,-0.2627472856736659,0.03715813953488373,-2.6260000000000003,-2.625999997237355,False,-2.762645223697291e-09
2014-02-11,-0.2663804748235296,0.03657674418604651,-2.6700000000000004,-2.6699999990264294,False,-9.735710015945642e-10
2014-02-12,-0.2732640142800765,0.0370046511627907,-2.7840000000000003,-2.7839976818915306,False,-2.3181084696233256e-06
2014-02-13,-0.2786937353215607,0.03646976744186047,-2.8569999999999993,-2.856996827291412,False,-3.172708587406703e-06
2014-02-14,-0.2836418811736884,0.03604186046511628,-2.925,-2.924999473586921,False,-5.26413078905108e-07
2014-02-18,-0.25180662834483725,0.035265116279069766,-2.425,-2.4249997834762285,False,-2.1652377135694678e-07
2014-02-19,-0.2775470607071231,0.04010697674418605,-2.9120000000000004,-2.9120005681634433,False,5.681634429599569e-07
2014-02-20,-0.30738367754139206,0.03713023255813954,-3.4370000000000003,-3.3059204453829265,True,-0.13107955461707377
2014-02-21,-0.30739995435506456,0.03672558139534884,-3.878999999999999,-3.2981360122921113,True,-0.5808639877078878
2014-02-24,-0.30899598383729976,0.0362046511627907,-3.447,-3.3125240375761242,True,-0.13447596242387583
2014-02-25,-0.2355154127679106,0.03556279069767442,-2.192,-2.1919974746630984,False,-2.5253369018152227e-06
2014-02-26,-0.3019468627085511,0.03693953488372093,-3.222,-3.222000374497372,False,3.7449737222416957e-07
2014-02-27,-0.3073607550435592,0.03671627906976744,-3.724000000000001,-3.299461179401547,True,-0.42453882059845416
2014-02-28,-0.30570730890231124,0.03788372093023255,-3.7169999999999987,-3.2992052956140707,True,-0.41779470438592803
2014-03-03,-0.27352214767386857,0.043181395348837213,-2.9120000000000004,-2.91200099100817,False,9.910081697483974e-07
2014-03-04,-0.2964121208227012,0.038204651162790704,-3.1650000000000005,-3.165001345275533,False,1.3452755323051235e-06
2014-03-05,-0.2833575707606804,0.03745116279069768,-2.9490000000000007,-2.9490007298913206,False,7.298913198283685e-07
2014-03-06,-0.3073273954348735,0.037000000000000005,-3.346000000000001,-3.304309801445038,True,-0.04169019855496314
2014-03-07,-0.28827074276100106,0.03863720930232557,-3.049000000000001,-3.049002405191815,False,2.405191814158769e-06
2014-03-10,-0.2943293718228987,0.03830232558139535,-3.1349999999999993,-3.1350019833892118,False,1.9833892124232477e-06
2014-03-11,-0.28439828205388856,0.039590697674418605,-3.0080000000000013,-3.008002469488726,False,2.4694887246212716e-06
2014-03-12,-0.3001107821728953,0.03881395348837209,-3.2330000000000014,-3.233000159512619,False,1.5951261778113235e-07
2014-03-13,-0.26457474135482106,0.04285581395348837,-2.7659999999999996,-2.76599668250057,False,-3.3174994293894144e-06
2014-03-14,-0.2525763940062183,0.04516744186046511,-2.6260000000000003,-2.6259999998994874,False,-1.0051293131141392e-10
2014-03-17,-0.2944887418855069,0.04083255813953489,-3.1870000000000003,-3.18700055081311,False,5.508131097897717e-07
2014-03-18,-0.2817757711195797,0.03808837209302326,-2.9370000000000003,-2.937000767177181,False,7.671771808936967e-07
2014-03-19,-0.30432102916000264,0.037837209302325585,-3.274000000000001,-3.274000007510236,False,7.510235100482987e-09
2014-03-20,-0.3089243360214154,0.035827906976744185,-3.402000000000001,-3.3026678875091147,True,-0.09933211249088636
2014-03-21,-0.3065907673424026,0.03657674418604651,-3.281999999999999,-3.2820034394615427,False,3.4394615435751064e-06
2014-03-24,-0.306675986080679,0.03594883720930233,-3.2699999999999987,-3.2700000366493707,False,3.66493719816674e-08
2014-03-25,-0.2356217305580647,0.03477674418604651,-2.181,-2.180997197305232,False,-2.802694768266889e-06
2014-03-26,-0.21471294410737737,0.03547441860465116,-1.9049999999999998,-1.9049999944359712,False,-5.564028571214408e-09
2014-03-27,-0.20719702267015197,0.03474883720930233,-1.7959999999999994,-1.795999985630909,False,-1.4369090362009729e-08
2014-03-28,-0.2572142342106596,0.03481860465116279,-2.498,-2.4979999364695207,False,-6.353047954377189e-08
2014-03-31,-0.2470363566335101,0.03358139534883721,-2.325,-2.324999269870965,False,-7.301290350092415e-07
2014-04-01,-0.2820398654428515,0.0314,-2.808000000000001,-2.807997357887627,False,-2.6421123742181862e-06
2014-04-02,-0.27701292031207614,0.031316279069767444,-2.7299999999999995,-2.7299999996870743,False,-3.1292524127479737e-10
2014-04-03,-0.28224479785932155,0.03150232558139535,-2.8129999999999997,-2.8129974687543826,False,-2.531245617110045e-06
2014-04-04,-0.2711540234803336,0.03233953488372093,-2.661,-2.660999997660905,False,-2.3390951398027937e-09
2014-04-07,-0.25020830498547175,0.03465581395348838,-2.3920000000000003,-2.3919997618872624,False,-2.3811273797136323e-07
2014-04-08,-0.25483650283540127,0.033223255813953495,-2.434,-2.4339998312689617,False,-1.6873103847458992e-07
2014-04-09,-0.2988913408003786,0.03218139534883721,-3.0789999999999993,-3.0790036680321373,False,3.668032138026689e-06
2014-04-10,-0.2558916757414999,0.03653953488372093,-2.511,-2.5109999692052867,False,-3.079471344591411e-08
2014-04-11,-0.2357731743322859,0.039041860465116277,-2.2590000000000003,-2.2589992006046797,False,-7.993953206053561e-07
2014-04-14,-0.24476904961693474,0.03823255813953489,-2.3760000000000003,-2.375999758366432,False,-2.4163356826534255e-07
2014-04-15,-0.28174133323808265,0.03752093023255814,-2.924000000000001,-2.924001179521457,False,1.1795214560628153e-06
2014-04-16,-0.2618238982821342,0.033525581395348836,-2.5430000000000006,-2.5429999684069235,False,-3.159307704336811e-08
2014-04-17,-0.27951867854755175,0.032595348837209305,-2.7930000000000006,-2.7929988931392975,False,-1.106860703092849e-06
2014-04-21,-0.21923139130932198,0.03191627906976744,-1.911,-1.910999992748564,False,-7.25143611823853e-09
2014-04-22,-0.27213532413730224,0.03104186046511628,-2.6510000000000007,-2.650999995290997,False,-4.709003853520244e-09
2014-04-23,-0.2697777588619687,0.0308,-2.6109999999999998,-2.6109999879315513,False,-1.2068448462798642e-08
2014-04-24,-0.25947650859371374,0.03197674418604651,-2.4790000000000005,-2.4789998744219006,False,-1.2557809991875502e-07
2014-04-25,-0.23891180356540892,0.032786046511627906,-2.1950000000000003,-2.1949973358510277,False,-2.6641489725420797e-06
2014-04-28,-0.2525937330072897,0.03145581395348837,-2.3689999999999998,-2.3689994917717483,False,-5.082282514834446e-07
2014-04-29,-0.2520916776704915,0.030451162790697674,-2.344,-2.343999268283819,False,-7.31716180979447e-07
2014-04-30,-0.2601324608426853,0.029995348837209296,-2.4530000000000003,-2.4529998062717127,False,-1.9372828763408734e-07
2014-05-01,-0.26264475184306235,0.03,-2.4900000000000007,-2.4899998830765746,False,-1.1692342605229555e-07
2014-05-02,-0.25740065648636623,0.030018604651162798,-2.4129999999999994,-2.412999639705218,False,-3.6029478156507366e-07
2014-05-05,-0.2535420961066937,0.029953488372093027,-2.3560000000000003,-2.3559993339855128,False,-6.66014487560318e-07
2014-05-06,-0.23641244319454213,0.030200000000000008,-2.1180000000000008,-2.1180011457439964,False,1.145743995678572e-06
2014-05-07,-0.2525030566307312,0.029134883720930232,-2.3269999999999995,-2.326999057008675,False,-9.429913245817545e-07
2014-05-08,-0.25733794943842403,0.028911627906976742,-2.3930000000000007,-2.392999563460036,False,-4.3653996462111877e-07
2014-05-09,-0.26895439452257025,0.028725581395348834,-2.5599999999999996,-2.559999959104146,False,-4.0895853814504335e-08
2014-05-12,-0.2668154903774351,0.028725581395348834,-2.528,-2.527999915658379,False,-8.43416212426007e-08
2014-05-13,-0.26016675388155736,0.028725581395348834,-2.4299999999999997,-2.429999658062759,False,-3.4193724074427223e-07
2014-05-14,-0.2454602716133186,0.03210697674418605,-2.275,-2.2749983191756913,False,-1.6808243086252617e-06
2014-05-15,-0.2498151244928608,0.03330232558139535,-2.3599999999999994,-2.3599994111481553,False,-5.888518441743429e-07
2014-05-16,-0.2757233077737113,0.03196279069767442,-2.7230000000000003,-2.7229999991868694,False,-8.131308959491435e-10
2014-05-19,-0.2826329159525633,0.03143255813953488,-2.8180000000000005,-2.817998180686225,False,-1.8193137756306044e-06
2014-05-20,-0.2772745665294377,0.03198604651162791,-2.747,-2.746998945734572,False,-1.0542654278467012e-06
2014-05-21,-0.25468596949072986,0.03095813953488372,-2.3890000000000002,-2.388999453566839,False,-5.464331613858064e-07
2014-05-22,-0.2524080382224044,0.03165581395348837,-2.3680000000000008,-2.367999353554539,False,-6.46445461605083e-07
2014-05-23,-0.2629213564606817,0.031097674418604653,-2.5129999999999995,-2.5129998779568394,False,-1.2204316002240034e-07
2014-05-27,-0.25389712460053904,0.0302093023255814,-2.364,-2.363999193058395,False,-8.069416050915379e-07
2014-05-28,-0.2562185842829986,0.03133488372093024,-2.4180000000000006,-2.417999588996832,False,-4.110031683879356e-07
2014-05-29,-0.26740712538850625,0.03113023255813954,-2.5810000000000004,-2.580999960957812,False,-3.9042188593185756e-08
2014-05-30,-0.25624773585326965,0.031604651162790695,-2.4230000000000005,-2.4229996262882523,False,-3.7371174821387854e-07
2014-06-02,-0.249654522481686,0.03198139534883721,-2.3329999999999997,-2.3329989844866352,False,-1.0155133645106673e-06
2014-06-03,-0.23921335535908506,0.03171627906976744,-2.1790000000000007,-2.179003089364627,False,3.089364626340796e-06
2014-06-04,-0.2372680763326161,0.03147441860465116,-2.1480000000000006,-2.1480017051096625,False,1.7051096619091766e-06
2014-06-05,-0.24366024652253432,0.030451162790697674,-2.220999999999999,-2.220996843467577,False,-3.1565324221105584e-06
2014-06-06,-0.24754025575822702,0.0312,-2.2879999999999994,-2.2879981451054467,False,-1.8548945526219995e-06
2014-06-09,-0.2575705736969434,0.032967441860465116,-2.467,-2.4669997781244857,False,-2.2187551440566722e-07
2014-06-10,-0.262521556780661,0.032790697674418605,-2.5379999999999994,-2.537999917242352,False,-8.275764740162117e-08
2014-06-11,-0.2690937218015493,0.03451627906976744,-2.6709999999999994,-2.6709999950765915,False,-4.923407903589805e-09
2014-06-12,-0.27287480601535496,0.037195348837209305,-2.781999999999999,-2.7820020607978657,False,2.060797866576536e-06
2014-06-13,-0.27271095796438277,0.03712093023255814,-2.778,-2.7780037206377837,False,3.720637783644065e-06
2014-06-16,-0.2709971522463609,0.03790697674418604,-2.7670000000000003,-2.767003790534314,False,3.7905343135413716e-06
2014-06-17,-0.2889855514961597,0.03646976744186047,-3.0180000000000007,-3.01800151255721,False,1.5125572092600237e-06
2014-06-18,-0.28878566889120977,0.03337674418604651,-2.9530000000000003,-2.952998657868592,False,-1.342131408232916e-06
2014-06-19,-0.31258492628780943,0.03414418604651163,-3.8610000000000015,-3.3355076055093558,True,-0.5254923944906458
2014-06-20,-0.3125566281832042,0.03410697674418604,-4.325999999999999,-3.333515925788491,True,-0.9924840742115077
2014-06-23,-0.31256498518482123,0.03375813953488373,-3.941,-3.3258673324096146,True,-0.6151326675903852
2014-06-24,-0.3109221063142915,0.0349953488372093,-3.4650000000000007,-3.323195183017582,True,-0.14180481698241865
2014-06-25,-0.3033889290039205,0.03363255813953489,-3.1819999999999995,-3.182001050169475,False,1.0501694753806134e-06
2014-06-26,-0.3095541615587445,0.03388837209302326,-3.281,-3.281000069726466,False,6.972646593439435e-08
2014-06-27,-0.31259650968974084,0.03382325581395349,-3.5360000000000014,-3.326765716101766,True,-0.2092342838982355
2014-06-30,-0.31417138068172396,0.03328372093023256,-3.9349999999999996,-3.3380558548544124,True,-0.5969441451455872
2014-07-01,-0.3158018339964735,0.03222325581395349,-3.9360000000000013,-3.341793877533127,True,-0.5942061224668742
2014-07-02,-0.31582062046607917,0.03169767441860466,-4.037000000000001,-3.3322511302431295,True,-0.7047488697568713
2014-07-03,-0.31585334874429005,0.031790697674418604,-4.228,-3.3364391344837068,True,-0.891560865516293
2014-07-07,-0.3141759657234787,0.033330232558139536,-3.775999999999999,-3.3399453356857163,True,-0.43605466431428264
2014-07-08,-0.3125543140789121,0.03405116279069768,-3.419999999999999,-3.3284428630767264,True,-0.09155713692327261
2014-07-09,-0.31097791719330453,0.03547906976744186,-3.580000000000001,-3.3358153268694646,True,-0.24418467313053638
2014-07-10,-0.30607313005760695,0.038204651162790704,-3.4430000000000005,-3.315953938365803,True,-0.1270460616341973
2014-07-11,-0.3077330470778412,0.03716744186046512,-3.874000000000001,-3.3208804131507166,True,-0.5531195868492844
2014-07-14,-0.30939910412597205,0.03594883720930233,-3.9939999999999998,-3.321285416319128,True,-0.6727145836808717
2014-07-15,-0.3077471791692078,0.03670697674418605,-3.691999999999999,-3.3117818853814547,True,-0.38021811461854416
2014-07-16,-0.311019978878413,0.03526046511627907,-3.4860000000000015,-3.334045551977829,True,-0.15195444802217262
2014-07-17,-0.2915104096938555,0.04184186046511628,-3.1650000000000005,-3.165000869497272,False,8.694972715161953e-07
2014-07-18,-0.30771439786350363,0.037381395348837214,-4.119,-3.325172141646417,True,-0.7938278583535827
2014-07-21,-0.30606310994749664,0.037865116279069765,-3.875,-3.3079579335455778,True,-0.5670420664544222
2014-07-22,-0.31090768090500837,0.034986046511627907,-3.6370000000000005,-3.3224122523733417,True,-0.31458774762665875
2014-07-23,-0.30539612456802634,0.035646511627906975,-3.2550000000000012,-3.2550001303209406,False,1.3032093937326295e-07
2014-07-24,-0.30930491252239634,0.036120930232558135,-3.3800000000000012,-3.323415763916267,True,-0.05658423608373431
2014-07-25,-0.3060187752920525,0.03771162790697675,-3.525999999999999,-3.304439200147418,True,-0.22156079985258081
2014-07-28,-0.30603404407635704,0.037772093023255814,-3.502000000000001,-3.3063500886274038,True,-0.19564991137259735
2014-07-29,-0.30114334050278185,0.0380093023255814,-3.2349999999999994,-3.235000268379708,False,2.683797086788786e-07
2014-07-30,-0.2882046655754313,0.03887441860465117,-3.0539999999999994,-3.0540022563632543,False,2.2563632549044144e-06
2014-07-31,-0.2681271789784359,0.04531162790697675,-2.871000000000001,-2.8710000129071584,False,1.290715756496752e-08
2014-08-01,-0.2672845071163723,0.04702790697674418,-2.8930000000000007,-2.8930010470110132,False,1.0470110125559984e-06
2014-08-04,-0.2588746756217212,0.04331162790697675,-2.686,-2.6859999998827973,False,-1.1720269199599898e-10
2014-08-05,-0.2413020562685814,0.04573023255813954,-2.4620000000000006,-2.4619999619612627,False,-3.803873793728485e-08
2014-08-06,-0.24107060205005892,0.04482790697674419,-2.441,-2.440999935888541,False,-6.411145880846902e-08
2014-08-07,-0.2422325440392454,0.04530232558139535,-2.468000000000001,-2.467999961396877,False,-3.860312380865594e-08
2014-08-08,-0.2161461463833078,0.04271627906976744,-2.036,-2.036001587997761,False,1.587997760843507e-06
2014-08-11,-0.245109552069332,0.04071627906976745,-2.4239999999999995,-2.423999846235189,False,-1.5376481066198266e-07
2014-08-12,-0.24233721916541523,0.0399906976744186,-2.3689999999999998,-2.368999663050426,False,-3.3694957357610633e-07
2014-08-13,-0.26635534599015365,0.0378,-2.6930000000000005,-2.6929999987612376,False,-1.2387628700594178e-09
2014-08-14,-0.30378964675548475,0.03650232558139535,-3.246000000000001,-3.246000121388606,False,1.2138860494559367e-07
2014-08-15,-0.30596353465044807,0.03823255813953489,-3.5430000000000006,-3.3130886331990075,True,-0.2299113668009931
2014-08-18,-0.306019113872748,0.037683720930232555,-3.846000000000001,-3.30501314097287,True,-0.540986859027131
2014-08-19,-0.3060342240517889,0.0376,-3.8689999999999998,-3.303820000373602,True,-0.5651799996263978
2014-08-20,-0.307623773386941,0.03716279069767442,-3.5460000000000007,-3.320093623584392,True,-0.22590637641560862
2014-08-21,-0.3076812794616993,0.03702790697674419,-3.575,-3.3181848222467845,True,-0.2568151777532157
2014-08-22,-0.3076679220172266,0.037013953488372095,-3.5099999999999993,-3.3186125412380765,True,-0.19138745876192287
2014-08-25,-0.30765804218988485,0.036897674418604656,-3.541999999999999,-3.3152757572189753,True,-0.22672424278102365
2014-08-26,-0.30763418478730004,0.036925581395348836,-3.353999999999999,-3.315724547115876,True,-0.03827545288412315
2014-08-27,-0.3076039618450206,0.03667441860465116,-3.5409999999999995,-3.3094936362527756,True,-0.2315063637472239
2014-08-28,-0.3075786958563384,0.037455813953488376,-3.794999999999999,-3.3247179900103174,True,-0.4702820099896816
2014-08-29,-0.2669823732718173,0.03772558139534884,-2.7010000000000005,-2.70099999847434,False,-1.5256604868341128e-09
2014-09-02,-0.2964380554539706,0.03833023255813953,-3.1719999999999997,-3.1720011474307905,False,1.1474307908265757e-06
2014-09-03,-0.2963880910944003,0.037567441860465116,-3.155000000000001,-3.1550010651290576,False,1.0651290565100169e-06
2014-09-04,-0.2878607434381818,0.037204651162790696,-3.0150000000000006,-3.0150017084918397,False,1.7084918391141457e-06
2014-09-05,-0.3091823206692642,0.03596744186046512,-3.749000000000001,-3.3175160822367915,True,-0.4314839177632095
2014-09-08,-0.3072160312883795,0.0362046511627907,-3.2909999999999995,-3.2910000214449253,False,2.1444925835112372e-08
2014-09-09,-0.30750544362301135,0.03688372093023256,-3.6879999999999997,-3.3068781011168435,True,-0.3811218988831562
2014-09-10,-0.28900843466086557,0.038195348837209306,-3.053,-3.0530022492199596,False,2.2492199596158002e-06
2014-09-11,-0.3026014790655721,0.03865116279069768,-3.272,-3.2720000126983826,False,1.2698382789722018e-08
2014-09-12,-0.2644655079226376,0.041511627906976746,-2.7370000000000005,-2.7369978372522112,False,-2.162747789302699e-06
2014-09-15,-0.26128176603389874,0.0425953488372093,-2.7090000000000005,-2.7089995535044173,False,-4.4649558317289006e-07
2014-09-16,-0.2636740375777307,0.039311627906976745,-2.681,-2.6809999982878576,False,-1.7121424278343511e-09
2014-09-17,-0.3058973788349472,0.03791627906976744,-3.8129999999999997,-3.307031990835346,True,-0.5059680091646537
2014-09-18,-0.30915713707993353,0.03603255813953488,-4.209999999999999,-3.3187004513621963,True,-0.8912995486378028
2014-09-19,-0.3091216067266179,0.03613953488372093,-4.608000000000001,-3.3201488288186836,True,-1.2878511711813179
2014-09-22,-0.30096545168959754,0.04065581395348838,-3.9849999999999994,-3.2867675649609938,True,-0.6982324350390057
2014-09-23,-0.2956203651354594,0.04274418604651163,-3.246000000000001,-3.2460000226925634,False,2.2692562495763013e-08
2014-09-24,-0.26324754832348896,0.04009767441860465,-2.6900000000000004,-2.6899999990893027,False,-9.106977394424121e-10
2014-09-25,-0.2912035612398077,0.04498604651162791,-3.224000000000001,-3.224000078679453,False,7.867945184258929e-08
2014-09-26,-0.28362218395160277,0.042153488372093026,-3.049000000000001,-3.0490026699241946,False,2.6699241937322427e-06
2014-09-29,-0.2886191785727607,0.044195348837209304,-3.166999999999999,-3.167000778883624,False,7.788836251521047e-07
2014-09-30,-0.26482689690905076,0.043009302325581394,-2.7730000000000006,-2.772996391631427,False,-3.6083685737153814e-06
2014-10-01,-0.23189228361688477,0.045637209302325586,-2.317,-2.3169996869884635,False,-3.1301153669005544e-07
2014-10-02,-0.2487171742713757,0.0436046511627907,-2.5349999999999993,-2.5349999873997593,False,-1.2600239962523574e-08
2014-10-03,-0.23349829968700322,0.04082325581395349,-2.253,-2.252998924528768,False,-1.075471232070413e-06
2014-10-06,-0.2621015380207768,0.04126976744186047,-2.6959999999999993,-2.695997203681752,False,-2.7963182471779646e-06
2014-10-07,-0.21552767090057753,0.04613953488372093,-2.0849999999999995,-2.0849970416304378,False,-2.9583695617674266e-06
2014-10-08,-0.26910741017293344,0.04143255813953489,-2.808000000000001,-2.8079965095952564,False,-3.4904047447881226e-06
2014-10-09,-0.23217555590552819,0.04750232558139534,-2.3579999999999997,-2.3579998841103063,False,-1.1588969339726418e-07
2014-10-10,-0.27203454022036816,0.05273488372093023,-3.0819999999999994,-3.0820013012973546,False,1.3012973552051221e-06
2014-10-13,-0.2578395496627855,0.0611953488372093,-3.0360000000000014,-3.036001535112399,False,1.5351123976437009e-06
2014-10-14,-0.24814787707326488,0.05609767441860465,-2.778,-2.7780009338617595,False,9.338617594778498e-07
2014-10-15,-0.1256578378492215,0.06000465116279069,-1.1310000000000002,-1.1310000000182228,False,1.8222534592382544e-11
2014-10-16,-0.24852095962467144,0.05671627906976744,-2.7969999999999997,-2.7969963830779103,False,-3.6169220893889076e-06
2014-10-17,-0.2744565090911706,0.055274418604651175,-3.1710000000000007,-3.171000060414864,False,6.041486333430157e-08
2014-10-20,-0.20867192745986593,0.050618604651162795,-2.0620000000000003,-2.0619975538686353,False,-2.446131365019255e-06
2014-10-21,-0.26702780597791026,0.048413953488372095,-2.9180000000000006,-2.9180011409582076,False,1.1409582070243118e-06
2014-10-22,-0.25065435740243414,0.05061395348837209,-2.7040000000000006,-2.7039982456955305,False,-1.7543044701362476e-06
2014-10-23,-0.26568485079320275,0.04746511627906977,-2.877000000000001,-2.8770000251983325,False,2.5198331421449893e-08
2014-10-24,-0.24400917856723656,0.04854883720930233,-2.5569999999999995,-2.5569999940996317,False,-5.900367749944735e-09
2014-10-27,-0.23444865811655669,0.046860465116279074,-2.377,-2.376999844166707,False,-1.5583329293633597e-07
2014-10-28,-0.2617172928196528,0.0446,-2.7560000000000002,-2.756000632903052,False,6.329030517449041e-07
2014-10-29,-0.2379974970726885,0.0462046511627907,-2.4180000000000006,-2.4179998873904847,False,-1.1260951593428103e-07
2014-10-30,-0.21739696208684586,0.04582325581395349,-2.1019999999999994,-2.101996715323866,False,-3.2846761333082952e-06
2014-10-31,-0.24475798750994435,0.04376744186046512,-2.475,-2.4749999341827835,False,-6.581721656573336e-08
2014-11-03,-0.2445064229879778,0.04334418604651163,-2.464,-2.4639999278161047,False,-7.218389530549985e-08
2014-11-04,-0.24196913634150274,0.042995348837209305,-2.4189999999999996,-2.4189998668699593,False,-1.3313004032511344e-07
2014-11-05,-0.2546861621034323,0.040502325581395354,-2.566,-2.5659999855472173,False,-1.4452782526319652e-08
2014-11-06,-0.2520343253514614,0.0388,-2.4930000000000008,-2.4929999318339506,False,-6.816605013781896e-08
2014-11-07,-0.26781254561566287,0.0374139534883721,-2.7079999999999997,-2.707999999435968,False,-5.640319322708365e-10
2014-11-10,-0.2903659055264597,0.037069767441860475,-3.0509999999999993,-3.0510021316258,False,2.1316258007608724e-06
2014-11-11,-0.2683930050081022,0.037111627906976745,-2.711,-2.710999999345724,False,-6.542757446936776e-10
2014-11-12,-0.2573628156968445,0.03865116279069768,-2.5709999999999993,-2.5709999792280134,False,-2.0771985909107116e-08
2014-11-13,-0.27641343420434417,0.04013488372093024,-2.896000000000001,-2.895998732197909,False,-1.2678020917533672e-06
2014-11-14,-0.27503695702359154,0.039804651162790694,-2.8680000000000008,-2.8679980457118845,False,-1.954288116223779e-06
2014-11-17,-0.24301221833815095,0.03943720930232558,-2.3689999999999998,-2.368999633660733,False,-3.663392669217558e-07
2014-11-18,-0.2985754715669363,0.03841860465116279,-3.2030000000000003,-3.203000745909196,False,7.459091957429109e-07
2014-11-19,-0.25157458606226846,0.03770232558139535,-2.4659999999999997,-2.4659998987613307,False,-1.0123866900357825e-07
2014-11-20,-0.3072496443669309,0.0368093023255814,-3.6349999999999993,-3.30123265521839,True,-0.3337673447816094
2014-11-21,-0.3072589112130352,0.03690232558139535,-3.846000000000001,-3.305505834935284,True,-0.5404941650647168
2014-11-24,-0.3073108573645875,0.03686046511627907,-4.018000000000001,-3.306306178203348,True,-0.7116938217966529
2014-11-25,-0.3089162646141079,0.036246511627906985,-4.011000000000001,-3.3188371554550153,True,-0.6921628445449857
2014-11-26,-0.30893308907420663,0.03583255813953489,-3.9860000000000015,-3.3109863303322653,True,-0.6750136696677362
2014-11-28,-0.29933249158399255,0.03713488372093023,-3.1889999999999987,-3.1890008877197418,False,8.8771974304791e-07
2014-12-01,-0.26961167359796756,0.04039069767441861,-2.7950000000000004,-2.7949974286658477,False,-2.571334152712268e-06
2014-12-02,-0.2298830890122931,0.03882325581395349,-2.164,-2.1639968913696754,False,-3.1086303247107594e-06
2014-12-03,-0.30247483506453876,0.0402093023255814,-3.444,-3.3039426146521818,True,-0.1400573853478182
2014-12-04,-0.27558214682466814,0.03961395348837209,-2.872999999999999,-2.872998368406829,False,-1.631593169904022e-06
2014-12-05,-0.2924967714467599,0.03972558139534884,-3.1409999999999996,-3.1410009718105796,False,9.71810580008281e-07
2014-12-08,-0.2957956775313316,0.043930232558139534,-3.7620000000000005,-3.2756471305227306,True,-0.48635286947726986
2014-12-09,-0.29418844537843414,0.04517674418604651,-3.6689999999999996,-3.275612567056785,True,-0.39338743294321477
2014-12-10,-0.2697043681015366,0.054567441860465124,-3.0879999999999996,-3.0880007480037808,False,7.4800378113693e-07
2014-12-11,-0.2593974134002655,0.06158139534883722,-3.072999999999999,-3.073000387873724,False,3.878737251383768e-07
2014-12-12,-0.2602076593376804,0.06446511627906977,-3.147,-3.1470000214566425,False,2.1456642684825056e-08
2014-12-15,-0.2688296364677081,0.059637209302325585,-3.5120000000000005,-3.1797327694133046,True,-0.3322672305866958
2014-12-16,-0.26236196604462414,0.061832558139534886,-3.121000000000001,-3.1210000575388146,False,5.753881371362013e-08
2014-12-17,-0.2374313185648899,0.0531953488372093,-2.5480000000000005,-2.5479999986746593,False,-1.3253411701441564e-09
2014-12-18,-0.24656804766441878,0.049879069767441865,-2.6239999999999997,-2.623999999539963,False,-4.6003645337577836e-10
2014-12-19,-0.2922633028680539,0.04612558139534884,-3.8629999999999995,-3.261992959809121,True,-0.6010070401908787
2014-12-22,-0.2924097706847201,0.04636744186046512,-3.6610000000000014,-3.2726662420528556,True,-0.38833375794714575
2014-12-23,-0.29556439866825646,0.04406046511627907,-3.6930000000000005,-3.273251909878119,True,-0.4197480901218813
2014-12-24,-0.2956879352248396,0.04432093023255815,-3.5650000000000004,-3.281838129393526,True,-0.28316187060647424
2014-12-26,-0.29734010333469607,0.04292093023255814,-3.503,-3.277077986192281,True,-0.22592201380771915
2014-12-29,-0.2625753660985078,0.044120930232558135,-2.7599999999999993,-2.759998619158057,False,-1.3808419421224016e-06
2014-12-30,-0.29235281367783045,0.04550697674418605,-3.6389999999999985,-3.2518332311654445,True,-0.3871667688345539
2014-12-31,-0.28068123572380677,0.0525953488372093,-3.3840000000000003,-3.2153911720133537,True,-0.16860882798664667
2015-01-02,-0.2586218358075209,0.05234883720930232,-2.8659999999999997,-2.866000591719472,False,5.917194725313379e-07
2015-01-05,-0.2475168252768059,0.056683720930232565,-2.779000000000001,-2.778998993523257,False,-1.0064767437256705e-06
2015-01-06,-0.23360983859918938,0.05509302325581396,-2.5269999999999997,-2.526999999238878,False,-7.611218322267632e-10
2015-01-07,-0.22887618936145443,0.050088372093023255,-2.3560000000000003,-2.3559999035334376,False,-9.646656273787357e-08
2015-01-08,-0.24220018190264606,0.04578604651162791,-2.4769999999999994,-2.4769999724430187,False,-2.7556980697340805e-08
2015-01-09,-0.21879347028435325,0.04826511627906977,-2.1689999999999996,-2.168998757130346,False,-1.2428696534172445e-06
2015-01-12,-0.21163830820883664,0.050716279069767445,-2.1090000000000004,-2.108998527665364,False,-1.4723346364320378e-06
2015-01-13,-0.2189058580356483,0.050800000000000005,-2.22,-2.219999575739385,False,-4.2426061508393786e-07
2015-01-14,-0.2805228232730845,0.05279069767441861,-3.2659999999999996,-3.2118159754769002,True,-0.05418402452309934
2015-01-15,-0.20480884545077888,0.05445116279069767,-2.0769999999999995,-2.076998721101227,False,-1.2788987726608525e-06
2015-01-16,-0.277036809122253,0.05177674418604651,-3.1389999999999985,-3.139000323155676,False,3.23155677328657e-07
2015-01-20,-0.22887955531895215,0.050418604651162796,-2.3629999999999995,-2.3629999233525227,False,-7.664747680991013e-08
2015-01-21,-0.2920278951766767,0.04586976744186047,-3.430000000000001,-3.2466242105536063,True,-0.18337578944639477
2015-01-22,-0.29710299287220904,0.043372093023255814,-3.9129999999999994,-3.277490640973525,True,-0.6355093590264742
2015-01-23,-0.29063019790347056,0.04480465116279069,-3.2090000000000005,-3.2090000841577777,False,8.415777719150697e-08
2015-01-26,-0.2972010097261114,0.04276279069767442,-3.502000000000001,-3.2687568707545474,True,-0.23324312924545376
2015-01-27,-0.2671338137450362,0.04470232558139535,-2.843000000000001,-2.8429990794129414,False,-9.205870594719556e-07
2015-01-28,-0.22951962790360467,0.05054883720930233,-2.3760000000000003,-2.375999948986377,False,-5.10136235476466e-08
2015-01-29,-0.2773979320579341,0.046837209302325586,-3.044999999999999,-3.0450027251770595,False,2.7251770604586056e-06
2015-01-30,-0.23967560570793311,0.05069302325581395,-2.536,-2.5359999990181112,False,-9.818887924950559e-10
2015-02-02,-0.27063202699019184,0.049646511627906974,-2.997999999999999,-2.9980029325850617,False,2.932585062787041e-06
2015-02-03,-0.2727730095576335,0.0469906976744186,-2.978,-2.9780028841566595,False,2.884156659277437e-06
2015-02-04,-0.24828230370551135,0.048251162790697674,-2.62,-2.6199995131690867,False,-4.868309133598814e-07
2015-02-05,-0.25996174209585315,0.045841860465116284,-2.7540000000000004,-2.75399704929406,False,-2.9507059404743075e-06
2015-02-06,-0.24581022333672692,0.04729767441860465,-2.5620000000000003,-2.5619999962187485,False,-3.78125175615196e-09
2015-02-09,-0.2713303528370847,0.04846046511627908,-2.9849999999999994,-2.9850036311579644,False,3.631157964978371e-06
2015-02-10,-0.2540805991034605,0.04526976744186047,-2.6510000000000007,-2.650998289682107,False,-1.710317893532931e-06
2015-02-11,-0.2652865152983039,0.045920930232558145,-2.8389999999999986,-2.838998819767432,False,-1.1802325667886748e-06
2015-02-12,-0.2785673047434598,0.043367441860465115,-2.9949999999999988,-2.9950025606612956,False,2.560661296779898e-06
2015-02-13,-0.2538435291036606,0.04313488372093024,-2.6040000000000005,-2.6039999953639787,False,-4.636021788684275e-09
2015-02-17,-0.26255316168701426,0.04323255813953488,-2.742,-2.7419982726496093,False,-1.727350390723359e-06
2015-02-18,-0.2986386492471367,0.04157209302325581,-3.5,-3.2657001774554324,True,-0.2342998225445676
2015-02-19,-0.2908223351743709,0.04074418604651162,-3.1300000000000012,-3.130001347358605,False,1.3473586037981988e-06
2015-02-20,-0.2526852355479617,0.03989767441860465,-2.5239999999999996,-2.523999967012179,False,-3.2987820475227636e-08
2015-02-23,-0.3021237705133539,0.040060465116279066,-3.4659999999999997,-3.289165462866216,True,-0.1768345371337836
2015-02-24,-0.3054869855385737,0.03844186046511628,-3.625999999999999,-3.3085668074862795,True,-0.3174331925137195
2015-02-25,-0.3022238789099193,0.040265116279069764,-3.6330000000000013,-3.2971683166407386,True,-0.3358316833592627
2015-02-26,-0.2582892279130063,0.04043255813953489,-2.62,-2.619999994806851,False,-5.1931490219203624e-09
2015-02-27,-0.26059461724478566,0.03964186046511629,-2.6400000000000006,-2.639999996109021,False,-3.8909795385677626e-09
2015-03-02,-0.2600460537389566,0.03806511627906977,-2.6010000000000004,-2.6009999878533754,False,-1.2146625039122227e-08
2015-03-03,-0.2388479819125016,0.03955813953488371,-2.309,-2.3089993295418068,False,-6.704581934080522e-07
2015-03-04,-0.27086695434159025,0.03911627906976744,-2.789,-2.7889978782137823,False,-2.1217862178346536e-06
2015-03-05,-0.2684854494724442,0.03779534883720931,-2.7260000000000004,-2.725997870979254,False,-2.12902074636645e-06
2015-03-06,-0.24812381326191582,0.040409302325581396,-2.4650000000000007,-2.4649999271146417,False,-7.288535908145377e-08
2015-03-09,-0.2456396791602096,0.039790697674418604,-2.4159999999999995,-2.4159998485781142,False,-1.5142188525274491e-07
2015-03-10,-0.23775711234526514,0.04273953488372093,-2.353,-2.35299977185735,False,-2.281426501049566e-07
2015-03-11,-0.23598745654301928,0.04524651162790698,-2.372,-2.3719998404546936,False,-1.59545306299691e-07
2015-03-12,-0.22562485384100023,0.041618604651162794,-2.153,-2.1529976898649315,False,-2.310135068572805e-06
2015-03-13,-0.21713984546351345,0.04331162790697675,-2.0599999999999996,-2.060002591031484,False,2.5910314844779236e-06
2015-03-16,-0.23390853149757262,0.04211162790697675,-2.283,-2.282999341795835,False,-6.582041649494386e-07
2015-03-17,-0.252501518080311,0.04104651162790698,-2.5439999999999996,-2.5439999857138518,False,-1.4286147820286033e-08
2015-03-18,-0.27659846903314067,0.03777674418604651,-2.850999999999999,-2.850997470782664,False,-2.529217335123235e-06
2015-03-19,-0.2727454504032008,0.03795813953488372,-2.7950000000000004,-2.794997866347571,False,-2.133652429403554e-06
2015-03-20,-0.2936629376055192,0.03743720930232557,-3.1090000000000004,-3.109002184242674,False,2.184242673397563e-06
2015-03-23,-0.268340424674804,0.03720000000000001,-2.7120000000000006,-2.711999999681753,False,-3.1824765045485037e-10
2015-03-24,-0.2663534416913728,0.03722790697674419,-2.6819999999999995,-2.6819999987733865,False,-1.22661303336713e-09
2015-03-25,-0.23867218233307508,0.03884651162790698,-2.2959999999999994,-2.2959993466232076,False,-6.53376791781568e-07
2015-03-26,-0.23602590295810527,0.040479069767441866,-2.286,-2.2859993168006096,False,-6.831993903944067e-07
2015-03-27,-0.22913124021633624,0.040232558139534885,-2.1799999999999997,-2.1799979062470682,False,-2.093752931475734e-06
2015-03-30,-0.23766127833339287,0.03821395348837209,-2.2689999999999997,-2.2689989548430844,False,-1.0451569152358786e-06
2015-03-31,-0.2202250692901701,0.03907441860465117,-2.0349999999999993,-2.035000296981984,False,2.9698198478200766e-07
2015-04-01,-0.22379811196868532,0.038520930232558134,-2.0760000000000005,-2.076002079710274,False,2.079710273328317e-06
2015-04-02,-0.21916391971077792,0.03730697674418604,-1.9920000000000002,-1.991999998028587,False,-1.9714132548642738e-09
2015-04-06,-0.22005505572862655,0.03734883720930232,-2.005,-2.004999998226124,False,-1.7738757129848182e-09
2015-04-07,-0.22959611248197287,0.037069767441860475,-2.1340000000000003,-2.1340035190158213,False,3.519015820963034e-06
2015-04-08,-0.24669380487658174,0.03942325581395349,-2.4239999999999995,-2.4239998191417027,False,-1.808582967832706e-07
2015-04-09,-0.25978520783217907,0.03753953488372093,-2.5870000000000006,-2.5869999845546143,False,-1.544538630326997e-08
2015-04-10,-0.26962866091510285,0.03670232558139534,-2.722,-2.721999999468075,False,-5.319251705770967e-10
2015-04-13,-0.19895620968050248,0.03897674418604651,-1.7459999999999993,-1.7459999820164465,False,-1.798355286908304e-08
2015-04-14,-0.24430760484573644,0.038097674418604656,-2.364,-2.363999581109883,False,-4.1889011681561783e-07
2015-04-15,-0.21804180863970793,0.03713023255813954,-1.9709999999999994,-1.9709999967864498,False,-3.2135496486063175e-09
2015-04-16,-0.22288445859105094,0.03710697674418605,-2.0370000000000004,-2.0369999983834224,False,-1.6165779825882964e-09
2015-04-17,-0.2325654575234657,0.03998604651162791,-2.2239999999999993,-2.223998396919476,False,-1.6030805234379386e-06
2015-04-20,-0.24805549375873098,0.03789767441860466,-2.4159999999999995,-2.415999767445592,False,-2.325544072867558e-07
2015-04-21,-0.23879774843053306,0.0378093023255814,-2.2769999999999997,-2.276998875990873,False,-1.1240091266628838e-06
2015-04-22,-0.2484955766504604,0.037069767441860475,-2.406999999999999,-2.4069996969762952,False,-3.030237039070016e-07
2015-04-23,-0.243911693254444,0.036358139534883725,-2.3260000000000005,-2.325999163137631,False,-8.368623696242139e-07
2015-04-24,-0.2216087064258609,0.03554883720930233,-1.9950000000000003,-1.9949999973021746,False,-2.697825740582971e-09
2015-04-27,-0.23932478722488543,0.03777674418604651,-2.2840000000000003,-2.2839989420192035,False,-1.0579807967481258e-06
2015-04-28,-0.24931362319946382,0.03613023255813954,-2.4019999999999997,-2.401999645755983,False,-3.5424401678696427e-07
2015-04-29,-0.25553356920806264,0.03826511627906977,-2.536,-2.5359999613915782,False,-3.860842179292945e-08
2015-04-30,-0.185378075442706,0.040502325581395354,-1.5959999999999994,-1.5960000017611589,False,1.7611594405053665e-09
2015-05-01,-0.2370080137420412,0.03704186046511628,-2.2370000000000005,-2.23699815788598,False,-1.8421140204338826e-06
2015-05-04,-0.23278929932757442,0.03653953488372093,-2.1680000000000006,-2.167996769123933,False,-3.2308760675725523e-06
2015-05-05,-0.23321094130684147,0.03927906976744187,-2.222,-2.221998361875691,False,-1.6381243090890507e-06
2015-05-06,-0.21233778432445657,0.04223255813953488,-1.9739999999999995,-1.9739999983163505,False,-1.6836489979965563e-09
2015-05-07,-0.22021650881791863,0.04149302325581394,-2.0730000000000004,-2.073002237412538,False,2.237412537464678e-06
2015-05-08,-0.24093715941945612,0.036948837209302324,-2.2930000000000006,-2.2929989492733793,False,-1.0507266212655963e-06
2015-05-11,-0.187315078867628,0.03865581395348837,-1.5959999999999994,-1.596000002032753,False,2.0327535210640235e-09
2015-05-12,-0.24464195840018857,0.03936744186046512,-2.3920000000000003,-2.39199972068351,False,-2.7931649038137607e-07
2015-05-13,-0.2586990536373397,0.03927906976744187,-2.6040000000000005,-2.603999991573675,False,-8.426325415200608e-09
2015-05-14,-0.2702393268500455,0.038297674418604655,-2.7629999999999995,-2.762996233735434,False,-3.766264565552291e-06
2015-05-15,-0.2706279682683163,0.03764186046511628,-2.7560000000000002,-2.7559984707085072,False,-1.5292914929965207e-06
2015-05-18,-0.2657643583201407,0.03816744186046512,-2.691,-2.690999998573518,False,-1.4264820435982983e-09
2015-05-19,-0.2643195846403239,0.03606046511627907,-2.628,-2.6279999920744705,False,-7.925529565966372e-09
2015-05-20,-0.25624991013739173,0.035827906976744185,-2.5010000000000003,-2.5009999168620705,False,-8.313792987379998e-08
2015-05-21,-0.23170027830292925,0.03403720930232559,-2.1109999999999998,-2.1110008475807898,False,8.475807899976928e-07
2015-05-22,-0.255892645456324,0.035339534883720936,-2.4859999999999998,-2.4859998684435407,False,-1.3155645905982283e-07
2015-05-26,-0.24034222753098136,0.038111627906976746,-2.306,-2.3059992367042885,False,-7.632957115255579e-07
2015-05-27,-0.24636252071277684,0.036181395348837214,-2.3599999999999994,-2.3599994870708327,False,-5.129291666960967e-07
2015-05-28,-0.2584280574650378,0.03597674418604651,-2.5370000000000004,-2.536999957907417,False,-4.2092583196762234e-08
2015-05-29,-0.23810768731210252,0.036776744186046505,-2.25,-2.249998581102921,False,-1.4188970789419386e-06
2015-06-01,-0.23771166541987912,0.03669302325581395,-2.2430000000000008,-2.2429985103659056,False,-1.4896340951864318e-06
2015-06-02,-0.22796824001004518,0.037493023255813954,-2.117,-2.1170026717364236,False,2.6717364236539254e-06
2015-06-03,-0.25214303067358973,0.03686976744186046,-2.4590000000000005,-2.4589998735005336,False,-1.2649946690146407e-07
2015-06-04,-0.22960528715431344,0.04092558139534883,-2.1980000000000004,-2.1979982197697088,False,-1.7802302916258839e-06
2015-06-05,-0.21502885131555544,0.03911627906976744,-1.9620000000000004,-1.9619999973773556,False,-2.622644768024429e-09
2015-06-08,-0.20411249748652088,0.040232558139534885,-1.8329999999999997,-1.8329999923702276,False,-7.629772147410563e-09
2015-06-09,-0.21326439482209333,0.03922790697674419,-1.9400000000000006,-1.9399999967703185,False,-3.2296820773325408e-09
2015-06-10,-0.22514878962471413,0.03795348837209302,-2.0829999999999997,-2.0830011323397235,False,1.1323397237639199e-06
2015-06-11,-0.25686920250195955,0.03699069767441861,-2.531999999999999,-2.5319999507836526,False,-4.9216346553748735e-08
2015-06-12,-0.2117075749273482,0.039790697674418604,-1.9260000000000006,-1.9259999963223762,False,-3.6776244272118674e-09
2015-06-15,-0.20604810743491953,0.04470697674418605,-1.925,-1.9249999977293921,False,-2.270607923904322e-09
2015-06-16,-0.21320035006769839,0.04463255813953488,-2.0230000000000006,-2.0230011025133887,False,1.1025133881403804e-06
2015-06-17,-0.20649496963621403,0.04334418604651163,-1.9090000000000003,-1.9089999965027173,False,-3.497282907716226e-09
2015-06-18,-0.2164912206019969,0.04148837209302326,-2.0170000000000003,-2.0169999985207387,False,-1.4792616020997684e-09
2015-06-19,-0.2100650668932735,0.04286511627906977,-1.95,-1.9499999976377034,False,-2.3622965805714102e-09
2015-06-22,-0.22181043467163122,0.0390093023255814,-2.0519999999999996,-2.0519999988009525,False,-1.199047083844107e-09
2015-06-23,-0.24030315753949605,0.03667441860465116,-2.278,-2.2779986693230514,False,-1.330676948629872e-06
2015-06-24,-0.2152180925863072,0.03838604651162791,-1.9519999999999995,-1.9519999964360029,False,-3.5639966533551615e-09
2015-06-25,-0.23689942133504713,0.038841860465116285,-2.2680000000000007,-2.2679989207729316,False,-1.0792270690451744e-06
2015-06-26,-0.23977935584493063,0.03864651162790698,-2.3069999999999995,-2.306999286242128,False,-7.137578714733195e-07
2015-06-29,-0.22999107579527686,0.05441860465116279,-2.4540000000000006,-2.4539999829488717,False,-1.7051128953227135e-08
2015-06-30,-0.22967331453569675,0.051241860465116286,-2.3879999999999995,-2.387999927640629,False,-7.235937049543395e-08
2015-07-01,-0.21154629031828465,0.045395348837209304,-2.0140000000000002,-2.0140012178297337,False,1.2178297335019295e-06
2015-07-02,-0.2169997184798327,0.04890232558139535,-2.1519999999999997,-2.1519984827968117,False,-1.517203187972882e-06
2015-07-06,-0.1967129604340998,0.04928837209302326,-1.8680000000000008,-1.867999997476553,False,-2.523447673041801e-09
2015-07-07,-0.19041892000659402,0.046209302325581396,-1.7370000000000005,-1.7369999893324999,False,-1.0667500660588303e-08
2015-07-08,-0.1903417802222897,0.05193953488372093,-1.825,-1.824999997554049,False,-2.445950997298496e-09
2015-07-09,-0.20311907281549155,0.05365581395348837,-2.0340000000000003,-2.033997635805153,False,-2.364194847448431e-06
2015-07-10,-0.19797597722685248,0.04706511627906977,-1.8519999999999996,-1.8519999963738618,False,-3.626137834444876e-09
2015-07-13,-0.2279580645056045,0.03997674418604651,-2.156999999999999,-2.1569971129302195,False,-2.887069779689e-06
2015-07-14,-0.23775951308440157,0.040627906976744184,-2.311,-2.3109993161105997,False,-6.838894002214602e-07
2015-07-15,-0.23553326716611564,0.042237209302325586,-2.306,-2.3059992772377766,False,-7.227622234040609e-07
2015-07-16,-0.2483288302449129,0.04052093023255814,-2.467,-2.466999874603094,False,-1.2539690619206567e-07
2015-07-17,-0.27025965418001946,0.039683720930232556,-2.7909999999999995,-2.7910027119486127,False,2.711948613232096e-06
2015-07-20,-0.2524256696865069,0.039246511627906974,-2.5060000000000002,-2.5059999205777883,False,-7.942221191825638e-08
2015-07-21,-0.2524137333353843,0.0384,-2.4900000000000007,-2.4899998927529796,False,-1.0724702104170092e-07
2015-07-22,-0.29023913605961205,0.03669302325581395,-3.041999999999999,-3.0420016038279747,False,1.603827975760197e-06
2015-07-23,-0.24155278234274769,0.03787906976744186,-2.3180000000000005,-2.3179991936598174,False,-8.063401830682437e-07
2015-07-24,-0.25823787069387755,0.04109767441860465,-2.6319999999999992,-2.631999996120841,False,-3.879158327890764e-09
2015-07-27,-0.2551711227023166,0.04526511627906977,-2.6670000000000003,-2.6669999996752685,False,-3.2473179700787114e-10
2015-07-28,-0.24193043337995143,0.039427906976744184,-2.3519999999999994,-2.351999511594013,False,-4.884059863208279e-07
2015-07-29,-0.22593753668840136,0.038576744186046515,-2.103,-2.103001928900392,False,1.9289003918565584e-06
2015-07-30,-0.2343799505475076,0.03751162790697675,-2.2060000000000004,-2.205997564632698,False,-2.4353673024890554e-06
2015-07-31,-0.24824307665740727,0.038032558139534885,-2.4200000000000004,-2.419999726636649,False,-2.7336335151062485e-07
2015-08-03,-0.2154093693095709,0.03694418604651164,-1.9319999999999993,-1.9319999951325741,False,-4.867425129617686e-09
2015-08-04,-0.21809913775429604,0.037590697674418604,-1.9790000000000005,-1.978999997318099,False,-2.6819015896961673e-09
2015-08-05,-0.21344408497213313,0.03725581395348837,-1.9099999999999995,-1.909999994005937,False,-5.994062579617321e-09
2015-08-06,-0.25907606827668256,0.03923720930232558,-2.6090000000000004,-2.6089999924834935,False,-7.5165069723937e-09
2015-08-07,-0.20241569590883737,0.038404651162790696,-1.7819999999999994,-1.7819999844145928,False,-1.558540652091267e-08
2015-08-10,-0.23099304792858777,0.03730697674418604,-2.154000000000001,-2.1540031883737467,False,3.188373745910411e-06
2015-08-11,-0.24731498637778923,0.03963720930232558,-2.4370000000000003,-2.4369998529977823,False,-1.4700221795393986e-07
2015-08-12,-0.2155621344315387,0.040990697674418604,-1.9969999999999999,-1.9969999983218483,False,-1.6781516176678224e-09
2015-08-13,-0.21538672697566066,0.04109767441860465,-1.9959999999999993,-1.9959999982317158,False,-1.7682835196097813e-09
2015-08-14,-0.21068878044173014,0.04157209302325581,-1.9370000000000005,-1.9369999968070999,False,-3.1929006105713142e-09
2015-08-17,-0.21818433901257311,0.040627906976744184,-2.0269999999999997,-2.02699999876646,False,-1.2335394927731613e-09
2015-08-18,-0.24506950475324318,0.041320930232558145,-2.434,-2.4339998495507897,False,-1.5044921042317583e-07
2015-08-19,-0.2285587666019079,0.04271627906976744,-2.214,-2.2139986812528494,False,-1.3187471505915482e-06
2015-08-20,-0.19557233781667965,0.0505813953488372,-1.8760000000000006,-1.8759999984381852,False,-1.5618153437202409e-09
2015-08-21,-0.2515610605969537,0.06445116279069767,-3.003999999999999,-3.004002224732785,False,2.224732785993666e-06
2015-08-24,-0.22922670992507269,0.07848837209302326,-2.9460000000000006,-2.946000976292879,False,9.762928785406189e-07
2015-08-25,-0.22210647499004044,0.07089302325581395,-2.678,-2.6779999994296855,False,-5.703144623225853e-10
2015-08-26,-0.21778054480306003,0.06246976744186047,-2.4349999999999996,-2.4349999997037637,False,-2.9623592467942217e-10
2015-08-27,-0.23393246326792974,0.0598093023255814,-2.6310000000000002,-2.631003319877588,False,3.3198775879483833e-06
2015-08-28,-0.2608400307567234,0.05915348837209303,-3.0379999999999994,-3.0380014322656184,False,1.432265618994677e-06
2015-08-31,-0.25425676049356966,0.0592,-2.9360000000000013,-2.9359974477584116,False,-2.552241589626192e-06
2015-09-01,-0.22725739508034476,0.05997209302325581,-2.5349999999999993,-2.5349999999046533,False,-9.534595335480844e-11
2015-09-02,-0.23611829996529726,0.0532232558139535,-2.5349999999999993,-2.5350004953685787,False,4.95368579489508e-07
2015-09-03,-0.2759129505837481,0.054958139534883724,-3.2430000000000008,-3.1783698903718602,True,-0.06463010962814053
2015-09-04,-0.272153206350755,0.05727906976744187,-4.218999999999999,-3.165693871472207,True,-1.0533061285277925
2015-09-08,-0.2760211626775927,0.05470697674418606,-3.2370000000000005,-3.1764411023003967,True,-0.060558897699603875
2015-09-09,-0.2660196574996806,0.061069767441860476,-3.7030000000000003,-3.1563554697152463,True,-0.546644530284754
2015-09-10,-0.26757023947386555,0.059097674418604654,-3.1419999999999986,-3.1420000170554827,False,1.7055484136108134e-08
2015-09-11,-0.18556986520925178,0.055390697674418614,-1.8180000000000007,-1.817999998712819,False,-1.2871816945647652e-09
2015-09-14,-0.2766199151737922,0.05488837209302327,-4.293000000000001,-3.1905756059112744,True,-1.1024243940887266
2015-09-15,-0.2832325758120752,0.05085581395348837,-3.6,-3.209429858972529,True,-0.3905701410274709
2015-09-16,-0.2850229545439892,0.049776744186046516,-4.215999999999999,-3.21671319584077,True,-0.9992868041592291
2015-09-17,-0.2771440620300145,0.05492558139534884,-3.749000000000001,-3.2063035725099316,True,-0.5426964274900694
2015-09-18,-0.1962984183938241,0.05407441860465117,-1.9469999999999998,-1.9470034663212272,False,3.4663212273855493e-06
2015-09-21,-0.2883997080208572,0.04809302325581395,-3.544999999999999,-3.2352165342411205,True,-0.3097834657588785
2015-09-22,-0.28152004751977244,0.05179534883720931,-3.594,-3.203700746707388,True,-0.39029925329261195
2015-09-23,-0.28653348952902535,0.049237209302325585,-3.6710000000000007,-3.225854541463791,True,-0.44514545853620957
2015-09-24,-0.28319202206660626,0.05121860465116279,-3.403,-3.2138934676840893,True,-0.18910653231591068
2015-09-25,-0.2829090090089569,0.0514139534883721,-3.5159999999999996,-3.213356669685076,True,-0.30264333031492363
2015-09-28,-0.2776844036106485,0.05363255813953488,-3.4180000000000006,-3.172224089522287,True,-0.24577591047771374
2015-09-29,-0.2810278258986266,0.05162325581395349,-3.6710000000000007,-3.1818082074344494,True,-0.48919179256555134
2015-09-30,-0.15939411809195456,0.048037209302325586,-1.3900000000000006,-1.390000000505314,False,5.053133467214366e-10
2015-10-01,-0.24219238341329422,0.04570697674418604,-2.4810000000000003,-2.4809999972328716,False,-2.767128748359937e-09
2015-10-02,-0.17903849916636413,0.04421860465116279,-1.575,-1.575000001111222,False,1.1112220033027143e-09
2015-10-05,-0.2965722041610866,0.04292558139534884,-3.2830000000000013,-3.250980233674834,True,-0.03201976632516734
2015-10-06,-0.27521324518496115,0.0430046511627907,-2.9319999999999995,-2.931996866805555,False,-3.1331944443380166e-06
2015-10-07,-0.29738703677132283,0.041595348837209306,-3.2389999999999985,-3.2389984772065255,False,-1.5227934730965842e-06
2015-10-08,-0.3000024552522026,0.041125581395348845,-3.6689999999999996,-3.2708851495278433,True,-0.39811485047215633
2015-10-09,-0.3000379798475258,0.04143255813953489,-3.4659999999999997,-3.27881918142484,True,-0.18718081857515978
2015-10-12,-0.30014325221814503,0.041055813953488375,-3.725,-3.2753622238627043,True,-0.44963777613729583
2015-10-13,-0.29180539099493485,0.04574418604651163,-3.3810000000000002,-3.2439000730565066,True,-0.1370999269434936
2015-10-14,-0.28848205508108066,0.04757674418604652,-3.5819999999999994,-3.2311802308451933,True,-0.35081976915480606
2015-10-15,-0.2936294599673567,0.044934883720930234,-4.4719999999999995,-3.2588481454201337,True,-1.2131518545798659
2015-10-16,-0.2937488771547724,0.04538604651162791,-3.503999999999999,-3.27289162898127,True,-0.23110837101872894
2015-10-19,-0.2955756258497511,0.043897674418604656,-3.9919999999999987,-3.2694906158357306,True,-0.722509384164268
2015-10-20,-0.29382089805489053,0.04516744186046511,-4.0699999999999985,-3.267467934278117,True,-0.8025320657218815
2015-10-21,-0.28712168701187724,0.04931162790697675,-3.3069999999999995,-3.2503623977838267,True,-0.056637602216172755
2015-10-22,-0.21817254531838406,0.04514883720930232,-2.1019999999999994,-2.101996534326032,False,-3.465673967362193e-06
2015-10-23,-0.2940213924880596,0.045213953488372094,-3.5620000000000003,-3.2750046092326954,True,-0.28699539076730485
2015-10-26,-0.29059108892344154,0.04562790697674418,-3.228999999999999,-3.2290000138021204,False,1.3802121223704944e-08
2015-10-27,-0.2916804942725759,0.044283720930232556,-3.2169999999999987,-3.21700014601374,False,1.4601374109801668e-07
2015-10-28,-0.30049240378737935,0.041060465116279074,-3.4430000000000005,-3.2862242299780693,True,-0.15677577002193122
2015-10-29,-0.30043501304533293,0.0412093023255814,-3.4639999999999986,-3.2876493633007584,True,-0.17635063669924023
2015-10-30,-0.25351278946995864,0.041986046511627906,-2.5769999999999995,-2.576999991929978,False,-8.070021539907657e-09
2015-11-02,-0.30212608954085024,0.04034883720930233,-3.878,-3.296502195700898,True,-0.5814978042991021
2015-11-03,-0.3005035139113907,0.04062325581395349,-3.7400000000000007,-3.276594530129665,True,-0.4634054698703358
2015-11-04,-0.2987458009389373,0.04160930232558139,-3.444,-3.2679190319382085,True,-0.1760809680617914
2015-11-05,-0.3004578103980623,0.04078139534883721,-3.521000000000001,-3.277713288146245,True,-0.24328671185375583
2015-11-06,-0.302131764512719,0.03954883720930233,-3.775,-3.2792694332599948,True,-0.49573056674000515
2015-11-09,-0.29703120448699216,0.04324186046511628,-3.434,-3.2733392357131894,True,-0.16066076428681075
2015-11-10,-0.2974053413112853,0.040446511627906974,-3.224000000000001,-3.2240002604319176,False,2.6043191647673325e-07
2015-11-11,-0.2961054015396637,0.04244186046511628,-3.2439999999999998,-3.2440000566464002,False,5.6646400459214874e-08
2015-11-12,-0.2919369124639797,0.045669767441860465,-3.6930000000000005,-3.242430158132009,True,-0.45056984186799154
2015-11-13,-0.2867674054003572,0.049330232558139536,-3.95,-3.2367514525450574,True,-0.7132485474549428
2015-11-16,-0.28850540630875626,0.0449813953488372,-3.177000000000001,-3.1770003421853317,False,3.4218533073726576e-07
2015-11-17,-0.29027896546753296,0.04668372093023256,-3.697,-3.2374597229169835,True,-0.4595402770830166
2015-11-18,-0.29697753933869586,0.04347441860465116,-3.6860000000000013,-3.2764134816575465,True,-0.40958651834245474
2015-11-19,-0.2936315788156397,0.04473488372093024,-3.916999999999999,-3.2521292692080626,True,-0.6648707307919364
2015-11-20,-0.26023955281826927,0.04222790697674419,-2.686,-2.6859990082282654,False,-9.917717345153676e-07
2015-11-23,-0.3002897958912352,0.04118604651162791,-3.950999999999999,-3.2819357138255105,True,-0.6690642861744887
2015-11-24,-0.29866801870446213,0.041693023255813956,-3.816999999999999,-3.267279189650436,True,-0.5497208103495628
2015-11-25,-0.3019849486672518,0.04006511627906977,-3.944999999999999,-3.285246240901489,True,-0.6597537590985101
2015-11-27,-0.3005617652436814,0.04109302325581395,-3.7659999999999996,-3.2855872330577647,True,-0.4804127669422349
2015-11-30,-0.26271126676124495,0.042251162790697676,-2.725,-2.724998784297398,False,-1.2157026021419881e-06
2015-12-01,-0.3004901401283068,0.040613953488372094,-3.5569999999999995,-3.2758165998876807,True,-0.2811834001123188
2015-12-02,-0.29644588716966785,0.04322790697674419,-3.2659999999999996,-3.266003510225822,False,3.510225822456192e-06
2015-12-03,-0.2903139107067535,0.04734883720930232,-3.525999999999999,-3.253837817833599,True,-0.2721621821664
2015-12-04,-0.3003458235699651,0.04148372093023256,-3.6310000000000002,-3.2914617979630676,True,-0.33953820203693263
2015-12-07,-0.2954463515076809,0.043860465116279064,-3.677000000000001,-3.2643686933982203,True,-0.4126313066017806
2015-12-08,-0.28345655490709337,0.04612093023255814,-3.125,-3.1250011200070396,False,1.1200070395567252e-06
2015-12-09,-0.2803207907681635,0.05294418604651163,-3.4259999999999993,-3.216328793658581,True,-0.20967120634141834
2015-12-10,-0.28038480081255157,0.052930232558139535,-3.4939999999999998,-3.217621063139876,True,-0.27637893686012394
2015-12-11,-0.2664929135261466,0.06097209302325581,-4.6530000000000005,-3.1649504821205685,True,-1.488049517879432
2015-12-14,-0.27331884451192046,0.05684651162790698,-4.091999999999999,-3.1852147508250437,True,-0.9067852491749551
2015-12-15,-0.2801860930594071,0.0531953488372093,-4.334999999999999,-3.216467923403963,True,-1.1185320765960363
2015-12-16,-0.2838996203426225,0.05066511627906978,-3.55,-3.226880650968742,True,-0.32311934903125783
2015-12-17,-0.27418242417467775,0.0528,-3.1199999999999988,-3.1200004945907485,False,4.94590749688939e-07
2015-12-18,-0.2770554542704073,0.055032558139534886,-4.0840000000000005,-3.2081764158570594,True,-0.8758235841429411
2015-12-21,-0.238417469477695,0.050902325581395354,-2.5180000000000007,-2.5179999949771306,False,-5.0228701198307135e-09
2015-12-22,-0.2902986550633791,0.04693488372093023,-3.3629999999999995,-3.2488951826905,True,-0.1141048173094994
2015-12-23,-0.29200288505838823,0.046330232558139534,-3.469,-3.2648039955738137,True,-0.20419600442618613
2015-12-24,-0.26705433544647017,0.04645581395348836,-2.878,-2.877999543878861,False,-4.5612113908077845e-07
2015-12-28,-0.29197476435421604,0.04615813953488372,-3.628999999999999,-3.257172549951921,True,-0.37182745004807805
2015-12-29,-0.29533520114364475,0.04424651162790697,-3.9259999999999993,-3.270121741453628,True,-0.6558782585463714
2015-12-30,-0.29039679978724386,0.04689302325581396,-4.3,-3.2477147581999506,True,-1.0522852418000492
2015-12-31,-0.2388901810285483,0.046604651162790695,-2.4430000000000005,-2.4429999653522754,False,-3.4647725133396534e-08
2016-01-04,-0.2850590768725235,0.050088372093023255,-4.0,-3.22538875445898,True,-0.7746112455410201
2016-01-05,-0.290286952768924,0.04736744186046512,-3.5069999999999992,-3.250441892713591,True,-0.25655810728640827
2016-01-06,-0.262187746897557,0.04793488372093023,-2.8310000000000004,-2.8310015398088253,False,1.5398088248907982e-06
2016-01-07,-0.27804437632749246,0.054209302325581396,-3.594,-3.1958397383350086,True,-0.3981602616649913
2016-01-08,-0.27769446645107204,0.05416744186046511,-3.8830000000000013,-3.184802176623996,True,-0.6981978233760056
2016-01-11,-0.2828715181763932,0.050990697674418606,-4.252000000000001,-3.2023372524680247,True,-1.049662747531976
2016-01-12,-0.28668781966618223,0.048613953488372094,-3.8669999999999987,-3.214387733229711,True,-0.6526122667702876
2016-01-13,-0.27796338584503116,0.054483720930232564,-4.587999999999999,-3.199718959100022,True,-1.3882810408999773
2016-01-14,-0.28322603944641067,0.05119534883720931,-3.878999999999999,-3.2126395164618287,True,-0.6663604835381705
2016-01-15,-0.27744698530739365,0.054144186046511625,-4.503,-3.180715127637654,True,-1.3222848723623462
2016-01-19,-0.27917886970961003,0.05291162790697674,-3.7900000000000005,-3.183217722033662,True,-0.6067822779663383
2016-01-20,-0.27882549538849294,0.05250232558139536,-3.4819999999999993,-3.165905778984928,True,-0.31609422101507123
2016-01-21,-0.28404746151070825,0.05040930232558139,-3.299000000000001,-3.2009895259167567,True,-0.09801047408324415
2016-01-22,-0.2909939107591346,0.0460093023255814,-3.3639999999999985,-3.2243666987271413,True,-0.13963330127285722
2016-01-25,-0.287558519207764,0.04785116279069768,-3.227000000000001,-3.206882470801898,True,-0.020117529198103057
2016-01-26,-0.27309917973150466,0.04576744186046512,-2.9530000000000003,-2.9529983853677595,False,-1.614632240798386e-06
2016-01-27,-0.26901364113633924,0.04653023255813953,-2.906,-2.9059983655988164,False,-1.6344011837254868e-06
2016-01-28,-0.2722576864642144,0.044911627906976746,-2.922999999999999,-2.922998829187796,False,-1.170812203188376e-06
2016-01-29,-0.22016017831290816,0.04183720930232559,-2.086,-2.085997581553668,False,-2.4184463316423432e-06
2016-02-01,-0.25768314850790186,0.041697674418604655,-2.6379999999999995,-2.6379981278560574,False,-1.8721439420943398e-06
2016-02-02,-0.20859020298551512,0.045395348837209304,-1.9829999999999999,-1.9830027723776422,False,2.7723776423460578e-06
2016-02-03,-0.22421929102783683,0.04526511627906977,-2.2040000000000006,-2.2039994363816753,False,-5.636183253443505e-07
2016-02-04,-0.22978846432359262,0.044288372093023255,-2.2689999999999997,-2.2689997434242835,False,-2.565757162287241e-07
2016-02-05,-0.20096612915436593,0.04676744186046512,-1.9010000000000005,-1.9010007188989542,False,7.188989536999202e-07
2016-02-08,-0.2074156703536806,0.0486186046511628,-2.025,-2.024998349872872,False,-1.6501271278279717e-06
2016-02-09,-0.21157365172868076,0.04793488372093023,-2.0739999999999994,-2.0739989976354445,False,-1.0023645549139815e-06
2016-02-10,-0.2072691354736428,0.049390697674418615,-2.036,-2.0359985561171032,False,-1.4438828968010853e-06
2016-02-11,-0.22040981683054567,0.04986511627906976,-2.2379999999999995,-2.2379999166774827,False,-8.332251688614178e-08
2016-02-12,-0.19001650514595955,0.04802325581395348,-1.775,-1.7749999973579058,False,-2.6420940990590225e-09
2016-02-16,-0.2508524307060495,0.0438139534883721,-2.5769999999999995,-2.5770000000233138,False,2.3314239427918437e-11
2016-02-17,-0.24879025457525553,0.04137674418604651,-2.4989999999999997,-2.4989999982342193,False,-1.7657804107784614e-09
2016-02-18,-0.2519219335508173,0.040711627906976744,-2.533,-2.532999999238211,False,-7.61788854219958e-10
2016-02-19,-0.24115859732643233,0.040116279069767447,-2.3609999999999998,-2.3609998950775366,False,-1.0492246316218257e-07
2016-02-22,-0.19706463892220966,0.04008837209302325,-1.7459999999999993,-1.7459999899335634,False,-1.0066435907063465e-08
2016-02-23,-0.21169288066219424,0.04170697674418605,-1.967,-1.9670011027035916,False,1.1027035915489591e-06
2016-02-24,-0.2117092891655,0.040344186046511625,-1.9459999999999993,-1.9459999986567453,False,-1.3432539525126685e-09
2016-02-25,-0.23187888564109607,0.038841860465116285,-2.2019999999999995,-2.2019989536315734,False,-1.0463684261274864e-06
2016-02-26,-0.20734204413981988,0.03893953488372093,-1.8650000000000007,-1.864999996423807,False,-3.5761935635036934e-09
2016-02-29,-0.199173410812304,0.03956279069767442,-1.7680000000000007,-1.767999992597541,False,-7.40245975627829e-09
2016-03-01,-0.21840549882061416,0.03695348837209303,-1.9810000000000003,-1.9809999984901356,False,-1.509864677728956e-09
2016-03-02,-0.2369077055551497,0.03666976744186047,-2.2349999999999994,-2.234998950594898,False,-1.049405101483103e-06
2016-03-03,-0.25643227266452934,0.036934883720930234,-2.5269999999999997,-2.5269999832139596,False,-1.6786040113458967e-08
2016-03-04,-0.23034668313851425,0.038125581395348836,-2.1650000000000005,-2.1649979231921495,False,-2.0768078510258192e-06
2016-03-07,-0.246311130690341,0.03827906976744186,-2.4010000000000007,-2.4009998718513192,False,-1.2814868144417346e-07
2016-03-08,-0.24007537295922315,0.040679069767441865,-2.353,-2.3529998319641208,False,-1.6803587943314824e-07
2016-03-09,-0.23667342307181932,0.04319069767441861,-2.347,-2.3469998179651426,False,-1.8203485740997394e-07
2016-03-10,-0.2783854018037404,0.04407906976744186,-3.003999999999999,-3.0040036905949865,False,3.6905949873933253e-06
2016-03-11,-0.27300456496997555,0.04295348837209303,-2.899000000000001,-2.8990008440580084,False,8.44058007487547e-07
2016-03-14,-0.298545862277286,0.041739534883720925,-3.330000000000001,-3.263507983595912,True,-0.06649201640408897
2016-03-15,-0.2969023064406079,0.04201860465116279,-3.2449999999999988,-3.2450000152788525,False,1.5278853737754616e-08
2016-03-16,-0.25464064322975666,0.03924186046511628,-2.5420000000000003,-2.5419999798256705,False,-2.0174329762312482e-08
2016-03-17,-0.26248667127667763,0.0394,-2.6650000000000005,-2.6649999988405257,False,-1.1594747384435777e-09
2016-03-18,-0.26226857301505274,0.04009302325581396,-2.675,-2.6749999989212707,False,-1.0787291060410098e-09
2016-03-21,-0.27800175371159996,0.04082790697674419,-2.9349999999999996,-2.935000165992506,False,1.6599250640680907e-07
2016-03-22,-0.2902862606999206,0.03955348837209303,-3.099000000000001,-3.099001671508521,False,1.6715085200402768e-06
2016-03-23,-0.28117553487849933,0.04002790697674419,-2.9669999999999987,-2.967001923811927,False,1.923811928428165e-06
2016-03-24,-0.2104982191701528,0.03916279069767442,-1.9019999999999997,-1.9019999956096882,False,-4.390311447721729e-09
2016-03-28,-0.27038893608479997,0.038739534883720936,-2.7739999999999996,-2.7739973933537367,False,-2.606646262837131e-06
2016-03-29,-0.3031692021424075,0.037855813953488374,-3.2610000000000015,-3.261000030161414,False,3.016141247869086e-08
2016-03-30,-0.27815868694308377,0.03736279069767442,-2.8669999999999987,-2.866997455997175,False,-2.5440028235124146e-06
2016-03-31,-0.23275555145252505,0.038576744186046515,-2.2030000000000003,-2.202998049641531,False,-1.9503584693936205e-06
2016-04-01,-0.24715226458511833,0.03793953488372093,-2.403,-2.402999719140465,False,-2.80859535184419e-07
2016-04-04,-0.2534035670466223,0.03926976744186047,-2.5230000000000006,-2.5229999624224306,False,-3.7577569944602374e-08
2016-04-05,-0.21697530598302484,0.04144651162790698,-2.0269999999999997,-2.0270005167451153,False,5.167451155863034e-07
2016-04-06,-0.25162577293018157,0.0398093023255814,-2.5060000000000002,-2.5059999527516323,False,-4.724836788483344e-08
2016-04-07,-0.2478651706694874,0.04313488372093024,-2.5129999999999995,-2.5129999793165028,False,-2.0683496693152392e-08
2016-04-08,-0.16613020712577423,0.04173488372093023,-1.3840000000000003,-1.384000000968826,False,9.688256863427114e-10
2016-04-11,-0.206743659121475,0.043167441860465124,-1.9129999999999996,-1.9129999972847145,False,-2.715285107868226e-09
2016-04-12,-0.25639829534467373,0.04175813953488372,-2.617,-2.616999996657013,False,-3.342986776289081e-09
2016-04-13,-0.26372371967806696,0.040879069767441864,-2.7129999999999996,-2.712999999782734,False,-2.1726576093783478e-10
2016-04-14,-0.257914109304179,0.040893023255813954,-2.623,-2.6229999952498577,False,-4.750142501563914e-09
2016-04-15,-0.23606060543725832,0.041986046511627906,-2.3099999999999996,-2.309999362259984,False,-6.377400154633506e-07
2016-04-18,-0.22054090243266838,0.040265116279069764,-2.0549999999999997,-2.0550004269494124,False,4.269494127129292e-07
2016-04-19,-0.2582215573215846,0.04045581395348838,-2.6189999999999998,-2.6189999930020833,False,-6.997916468520771e-09
2016-04-20,-0.25770893150198426,0.04091627906976745,-2.62,-2.6199999936918497,False,-6.308150446443506e-09
2016-04-21,-0.2637559958182897,0.04049767441860465,-2.7060000000000004,-2.705999999515545,False,-4.844555867578038e-10
2016-04-22,-0.24050712386888914,0.03911627906976744,-2.325,-2.324999340429332,False,-6.595706683043545e-07
2016-04-25,-0.2627137293555379,0.03989302325581395,-2.678,-2.6779999992121444,False,-7.878555585705271e-10
2016-04-26,-0.2674627366587986,0.03930697674418605,-2.7400000000000007,-2.7400033599483558,False,3.359948355097231e-06
2016-04-27,-0.25980856756225235,0.03865116279069768,-2.6090000000000004,-2.608999992719678,False,-7.280322567027042e-09
2016-04-28,-0.2530371361804443,0.04063255813953489,-2.5439999999999996,-2.5439999837278244,False,-1.6272175162868052e-08
2016-04-29,-0.25732349496457413,0.04264186046511628,-2.6489999999999996,-2.648999999174597,False,-8.254024130849302e-10
2016-05-02,-0.26622941442517983,0.041623255813953486,-2.7670000000000003,-2.766999114485246,False,-8.85514754411787e-07
2016-05-03,-0.25378355949499937,0.042632558139534885,-2.594,-2.593999995870142,False,-4.12985778908137e-09
2016-05-04,-0.24299741124489913,0.042725581395348836,-2.431,-2.430999914783457,False,-8.521654315529759e-08
2016-05-05,-0.23939443281340503,0.0425953488372093,-2.3739999999999997,-2.37399980509714,False,-1.9490285962930898e-07
2016-05-06,-0.22108254756817605,0.041330232558139536,-2.0819999999999994,-2.0820025080119415,False,2.5080119421261315e-06
2016-05-09,-0.23856801604087446,0.04019534883720931,-2.317,-2.3169994338565285,False,-5.6614347165862e-07
2016-05-10,-0.24513858227422558,0.03996279069767442,-2.4099999999999993,-2.4099997860812397,False,-2.1391875959508866e-07
2016-05-11,-0.22912653374245381,0.04257209302325581,-2.219,-2.2189986941181674,False,-1.3058818324473975e-06
2016-05-12,-0.23824612807837053,0.04244186046511628,-2.3519999999999994,-2.351999638803042,False,-3.6119695723257905e-07
2016-05-13,-0.222765593525957,0.043720930232558144,-2.1459999999999995,-2.1459976691947054,False,-2.3308052941040103e-06
2016-05-16,-0.24262044299133445,0.04214418604651163,-2.4129999999999994,-2.4129998432618183,False,-1.5673818110073512e-07
2016-05-17,-0.23411543943554197,0.04267906976744187,-2.2959999999999994,-2.2959994672558026,False,-5.327441967573066e-07
2016-05-18,-0.23003629881108076,0.04185581395348837,-2.222,-2.221998846077549,False,-1.153922450924938e-06
2016-05-19,-0.23945390283799795,0.042074418604651165,-2.3659999999999997,-2.3659997845492264,False,-2.1545077322215889e-07
2016-05-20,-0.2552473521301508,0.03974883720930233,-2.561,-2.560999987928902,False,-1.2071097899024608e-08
2016-05-23,-0.25025271076449074,0.039125581395348843,-2.4739999999999993,-2.473999944362968,False,-5.5637031426414296e-08
2016-05-24,-0.25297748531239794,0.03696744186046512,-2.4739999999999993,-2.4739999153980885,False,-8.460191081027801e-08
2016-05-25,-0.26925332456498363,0.036530232558139544,-2.7129999999999996,-2.7129999998564642,False,-1.435354057832683e-10
2016-05-26,-0.28383488125958894,0.03603720930232558,-2.928,-2.9279995417253684,False,-4.582746315762165e-07
2016-05-27,-0.2867595666444805,0.03542790697674419,-2.961000000000001,-2.9610005543856155,False,5.543856143042092e-07
2016-05-31,-0.2724314236340479,0.03694418604651164,-2.7700000000000005,-2.769999161315178,False,-8.386848224795074e-07
2016-06-01,-0.3038293558896294,0.03671162790697675,-3.246000000000001,-3.246000097668807,False,9.766880593176097e-08
2016-06-02,-0.30715856446804596,0.036995348837209306,-3.4150000000000005,-3.3035898435703808,True,-0.11141015642961971
2016-06-03,-0.25524775354399354,0.03678139534883721,-2.5040000000000004,-2.503999934799096,False,-6.520090423123293e-08
2016-06-06,-0.2577967367390886,0.03753953488372093,-2.5569999999999995,-2.556999976698728,False,-2.3301271578901606e-08
2016-06-07,-0.27614094303680153,0.03827906976744186,-2.853999999999999,-2.8539972603906314,False,-2.739609367807816e-06
2016-06-08,-0.27796081414368234,0.04028372093023256,-2.922999999999999,-2.922999893306119,False,-1.0669387995321244e-07
2016-06-09,-0.2764362631368875,0.04185116279069768,-2.931,-2.931000587333351,False,5.873333508432665e-07
2016-06-10,-0.28893312790357195,0.04826976744186046,-3.3669999999999987,-3.2551592951527866,True,-0.11184070484721209
2016-06-13,-0.2719533680883258,0.05793488372093023,-3.749000000000001,-3.1908571623862607,True,-0.5581428376137403
2016-06-14,-0.2785118015663787,0.05415813953488372,-3.802000000000001,-3.212363074444355,True,-0.589636925555646
2016-06-15,-0.2801549468233272,0.05313023255813954,-4.090999999999999,-3.2165156533273516,True,-0.8744843466726477
2016-06-16,-0.27863506487406653,0.05370697674418605,-4.25,-3.2071950124414075,True,-1.0428049875585925
2016-06-17,-0.2786061427853306,0.053823255813953495,-3.7939999999999996,-3.2091272035652034,True,-0.5848727964347962
2016-06-20,-0.2822413353085559,0.05227906976744187,-3.781,-3.234468858346293,True,-0.5465311416537073
2016-06-21,-0.280632010640921,0.052772093023255806,-3.5919999999999987,-3.2199807399926295,True,-0.3720192600073693
2016-06-22,-0.27385291007572815,0.05718139534883721,-3.647999999999999,-3.20365598615134,True,-0.44434401384865874
2016-06-23,-0.28744080494044455,0.048702325581395346,-4.5699999999999985,-3.2409897147197446,True,-1.329010285280254
2016-06-24,-0.27174991596113324,0.058199999999999995,-4.291999999999999,-3.1833470419234504,True,-1.1086529580765485
2016-06-27,-0.2782360583284764,0.053767441860465115,-3.6430000000000007,-3.1923222068382566,True,-0.45067779316174406
2016-06-28,-0.28541020004757245,0.05023255813953489,-5.366,-3.2386274930606596,True,-2.12737250693934
2016-06-29,-0.2922192338598571,0.04586046511627907,-3.646000000000001,-3.255344027983894,True,-0.3906559720161069
2016-06-30,-0.29556068994206197,0.04382790697674419,-4.058000000000002,-3.2659992377723936,True,-0.792000762227608
2016-07-01,-0.2704054926884476,0.04265116279069768,-2.853,-2.8529982415180872,False,-1.7584819129723428e-06
2016-07-05,-0.2498445150485256,0.042720930232558144,-2.5349999999999993,-2.534999984329654,False,-1.5670345465679247e-08
2016-07-06,-0.2367723524537884,0.04150697674418605,-2.314,-2.313999504460284,False,-4.955397159278618e-07
2016-07-07,-0.24712387060787666,0.041627906976744185,-2.472,-2.4719999369777064,False,-6.302229360599654e-08
2016-07-08,-0.2660578572858294,0.0394046511627907,-2.72,-2.719999999607637,False,-3.9236303095435687e-10
2016-07-11,-0.2519237967227539,0.03943255813953488,-2.503,-2.502999938197778,False,-6.18022220066905e-08
2016-07-12,-0.25878907764788917,0.03952558139534884,-2.6099999999999994,-2.609999992599134,False,-7.4008652539703235e-09
2016-07-13,-0.26695847121783844,0.03915348837209303,-2.7290000000000005,-2.7289999998067414,False,-1.932591864317601e-10
2016-07-14,-0.2721998258922753,0.0400139534883721,-2.8280000000000003,-2.8279984301361067,False,-1.5698638935468523e-06
2016-07-15,-0.27979045848620665,0.041413953488372096,-2.975999999999999,-2.976000648919984,False,6.48919984858054e-07
2016-07-18,-0.2528893124216507,0.04055813953488372,-2.5379999999999994,-2.537999960839602,False,-3.9160397147242065e-08
2016-07-19,-0.2807746429806783,0.04140930232558139,-2.9919999999999987,-2.9920006228409437,False,6.228409450415029e-07
2016-07-20,-0.2728878440941088,0.040506976744186046,-2.849000000000001,-2.8489992279639593,False,-7.720360417629024e-07
2016-07-21,-0.2664051180949686,0.043181395348837213,-2.8009999999999993,-2.801000077476544,False,7.747654473533316e-08
2016-07-22,-0.2706130566290694,0.04163255813953489,-2.836000000000001,-2.8359994489254396,False,-5.510745615389112e-07
2016-07-25,-0.2773179297370347,0.04276744186046512,-2.9650000000000007,-2.965000436482424,False,4.364824230940201e-07
2016-07-26,-0.2799867046381961,0.042530232558139536,-3.002000000000001,-3.0020011290897384,False,1.1290897372617792e-06
2016-07-27,-0.2524934691824043,0.042432558139534886,-2.5680000000000005,-2.5679999790524937,False,-2.0947506840229835e-08
2016-07-28,-0.27138960868519296,0.04177209302325582,-2.850999999999999,-2.850998407708712,False,-1.5922912872667894e-06
2016-07-29,-0.26912006541836553,0.042251162790697676,-2.825,-2.824999937811925,False,-6.218807513391766e-08
2016-08-01,-0.2676963497773453,0.04217674418604652,-2.8009999999999993,-2.8010006088713744,False,6.088713750962427e-07
2016-08-02,-0.2736196552376401,0.04366976744186046,-2.925,-2.924999740854388,False,-2.5914561163631333e-07
2016-08-03,-0.2815410261994314,0.0412046511627907,-2.999000000000001,-2.9990012406333215,False,1.240633320520601e-06
2016-08-04,-0.26315805210183474,0.0409953488372093,-2.7060000000000004,-2.7059999992038724,False,-7.961280523716141e-10
2016-08-05,-0.28739673148685096,0.03964186046511629,-3.0599999999999996,-3.0600011527397264,False,1.152739726784091e-06
2016-08-08,-0.3028959572265876,0.03930232558139535,-3.2939999999999996,-3.2940000047975584,False,4.797558794678025e-09
2016-08-09,-0.3025234074152595,0.040302325581395355,-3.556,-3.3090709137023944,True,-0.24692908629760568
2016-08-10,-0.29924568827436454,0.04158139534883721,-3.325,-3.2846909686819115,True,-0.04030903131808872
2016-08-11,-0.28416850267671984,0.04528372093023256,-3.128,-3.1280008830706048,False,8.830706046403236e-07
2016-08-12,-0.2913284146484509,0.04394883720930232,-3.2129999999999996,-3.2130001672510797,False,1.672510800965199e-07
2016-08-15,-0.2976151322413487,0.04263720930232559,-3.444999999999999,-3.282626158006759,True,-0.16237384199324012
2016-08-16,-0.29404505185460594,0.042725581395348836,-3.227000000000001,-3.227000086602695,False,8.660269390503572e-08
2016-08-17,-0.30407474772254095,0.03946046511627907,-3.6710000000000007,-3.3133597358025972,True,-0.35764026419740347
2016-08-18,-0.30410397491261776,0.03852558139534884,-3.4870000000000005,-3.296271939416765,True,-0.19072806058323533
2016-08-19,-0.3057278436243536,0.03834418604651162,-3.6580000000000013,-3.317579635263499,True,-0.3404203647365023
2016-08-22,-0.3040793875029634,0.03866511627906977,-3.5199999999999987,-3.2963642609241433,True,-0.22363573907585543
2016-08-23,-0.2962506871180286,0.03881395348837209,-3.1789999999999994,-3.179000713766213,False,7.137662136891265e-07
2016-08-24,-0.28639280266934364,0.03970697674418605,-3.0430000000000006,-3.0430019695559403,False,1.9695559396737394e-06
2016-08-25,-0.2904352637765344,0.03973488372093024,-3.1060000000000003,-3.1060016931373733,False,1.6931373729711652e-06
2016-08-26,-0.29711502883076424,0.0412186046511628,-3.2400000000000007,-3.240000119209657,False,1.1920965636846859e-07
2016-08-29,-0.29165532266696437,0.03992093023255814,-3.1300000000000012,-3.1300013458530613,False,1.3458530601084817e-06
2016-08-30,-0.30400792404072335,0.03927441860465116,-3.6139999999999985,-3.305539566257328,True,-0.3084604337426704
2016-08-31,-0.27912359232197337,0.03947441860465116,-2.925,-2.9249994644441975,False,-5.355558023723006e-07
2016-09-01,-0.2828298818484487,0.03948837209302326,-2.9830000000000014,-2.983001464954979,False,1.4649549777701054e-06
2016-09-02,-0.275767673624385,0.037837209302325585,-2.8400000000000007,-2.8399989688882568,False,-1.0311117439876227e-06
2016-09-06,-0.2929664418453593,0.038204651162790704,-3.1159999999999997,-3.1160016393655736,False,1.6393655739577184e-06
2016-09-07,-0.2909564611896241,0.03864186046511628,-3.094,-3.094001410781274,False,1.4107812740249415e-06
2016-09-08,-0.2817844075841731,0.039799999999999995,-2.974000000000001,-2.974000483068951,False,4.830689497303808e-07
2016-09-09,-0.23862089658570013,0.05117209302325582,-2.525,-2.5249999931681724,False,-6.831827548126057e-09
2016-09-12,-0.2924822896516524,0.046293023255813956,-3.4180000000000006,-3.2724384157039514,True,-0.14556158429604915
2016-09-13,-0.2786039877424156,0.05117209302325582,-3.156,-3.156000350581678,False,3.5058167791035544e-07
2016-09-14,-0.25034179345509167,0.05262790697674419,-2.7400000000000007,-2.7399974294882448,False,-2.5705117558949553e-06
2016-09-15,-0.27261924030553447,0.05082325581395349,-3.0569999999999995,-3.0570014774910628,False,1.4774910632731064e-06
2016-09-16,-0.24304350922616244,0.04771627906976745,-2.525,-2.524999984122457,False,-1.587754283605136e-08
2016-09-19,-0.24719641735864867,0.04724651162790698,-2.5810000000000004,-2.5809999951951847,False,-4.804815656456185e-09
2016-09-20,-0.2535634017056929,0.04743255813953488,-2.6849999999999996,-2.6849966181785927,False,-3.381821406911456e-06
2016-09-21,-0.22829535159760736,0.043065116279069775,-2.2129999999999996,-2.2129983387133345,False,-1.6612866651222191e-06
2016-09-22,-0.24466393622164348,0.04149767441860465,-2.4290000000000007,-2.4289997799962997,False,-2.200037010346989e-07
2016-09-23,-0.24944970692399765,0.042046511627906985,-2.5129999999999995,-2.5129999405381547,False,-5.946184478133887e-08
2016-09-26,-0.2234079920701536,0.044762790697674415,-2.1719999999999997,-2.1719980938014816,False,-1.9061985181423324e-06
2016-09-27,-0.24110597602794145,0.041367441860465114,-2.3739999999999997,-2.3739996406518142,False,-3.593481854302638e-07
2016-09-28,-0.2621621954699029,0.040720930232558135,-2.6849999999999996,-2.684999998285968,False,-1.7140315833330533e-09
2016-09-29,-0.23121408595515958,0.04361860465116279,-2.2670000000000003,-2.266999142221489,False,-8.577785113317304e-07
2016-09-30,-0.24522372170346007,0.042520930232558145,-2.4579999999999997,-2.457999898453144,False,-1.0154685581298395e-07
2016-10-03,-0.2337766366259836,0.04256279069767442,-2.286,-2.2859992173181443,False,-7.826818557710169e-07
2016-10-04,-0.21247060999198628,0.04183255813953488,-1.967,-1.9669999978704598,False,-2.1295403218601905e-09
2016-10-05,-0.22575198363294138,0.041804651162790696,-2.154000000000001,-2.1539970536955053,False,-2.94630449548805e-06
2016-10-06,-0.21838993332956042,0.0417953488372093,-2.0480000000000005,-2.048000456306086,False,4.56306085361291e-07
2016-10-07,-0.21402667824871352,0.042260465116279074,-1.9950000000000003,-1.9949999983315647,False,-1.6684356118901178e-09
2016-10-10,-0.24078474745984604,0.042167441860465116,-2.3840000000000003,-2.3839997094679077,False,-2.9053209260609947e-07
2016-10-11,-0.2102831832372617,0.04438604651162791,-1.9790000000000005,-1.978999998557441,False,-1.442559627307105e-09
2016-10-12,-0.22430400110313564,0.04745116279069768,-2.2340000000000004,-2.233999136558558,False,-8.634414423447367e-07
2016-10-13,-0.22995582606742923,0.04809302325581395,-2.3319999999999994,-2.3319997578387524,False,-2.4216124705489506e-07
2016-10-14,-0.22160133770477558,0.04698139534883721,-2.186,-2.1859986879483184,False,-1.312051681523485e-06
2016-10-17,-0.23725328510892307,0.0462046511627907,-2.408,-2.4079998948914114,False,-1.051085884995473e-07
2016-10-18,-0.22999404293511277,0.04505581395348837,-2.2760000000000007,-2.2759993472890696,False,-6.52710931081657e-07
2016-10-19,-0.230369039157089,0.04367441860465117,-2.2560000000000002,-2.2559990778638825,False,-9.221361176869891e-07
2016-10-20,-0.24174147887432898,0.04173023255813954,-2.3909999999999996,-2.390999755140486,False,-2.448595135540188e-07
2016-10-21,-0.2370283027583029,0.04062325581395349,-2.3,-2.299999234398563,False,-7.656014369139541e-07
2016-10-24,-0.24854689200632113,0.03991162790697674,-2.4599999999999995,-2.4599998763220596,False,-1.2367793988943276e-07
2016-10-25,-0.23647954020581538,0.04010697674418605,-2.283,-2.282999039326862,False,-9.606731379285804e-07
2016-10-26,-0.2392726491869264,0.0404186046511628,-2.3310000000000004,-2.3309994766409856,False,-5.233590147923906e-07
2016-10-27,-0.23031794991626037,0.04242325581395348,-2.2349999999999994,-2.2349988660761566,False,-1.133923842822071e-06
2016-10-28,-0.25185837718583226,0.04625116279069767,-2.6349999999999993,-2.6349999993639903,False,-6.360090232249149e-10
2016-10-31,-0.2483711743754605,0.04782325581395349,-2.6120000000000005,-2.611999999119423,False,-8.805773887843316e-10
2016-11-01,-0.2344738239706525,0.050353488372093025,-2.4459999999999993,-2.4459999734968783,False,-2.650312103114061e-08
2016-11-02,-0.242846697854674,0.05227441860465116,-2.6150000000000007,-2.615003655261666,False,3.6552616653473535e-06
2016-11-03,-0.2756913795689244,0.05592558139534884,-4.118,-3.203214994539388,True,-0.9147850054606121
2016-11-04,-0.27561074725480544,0.055920930232558154,-3.303,-3.2009436392566952,True,-0.10205636074330471
2016-11-07,-0.28598119889024654,0.050158139534883725,-3.4909999999999997,-3.2458118810383536,True,-0.24518811896164605
2016-11-08,-0.28434591838694595,0.050544186046511626,-3.5599999999999996,-3.2290571718065,True,-0.3309428281934994
2016-11-09,-0.2942993644283344,0.044716279069767446,-3.461000000000001,-3.2689207913827865,True,-0.19207920861721473
2016-11-10,-0.25415008893525615,0.04775348837209303,-2.7,-2.6999979203566356,False,-2.0796433646275148e-06
2016-11-11,-0.22285286462558884,0.04521860465116279,-2.1709999999999994,-2.170997958958859,False,-2.041041140543598e-06
2016-11-14,-0.22900511789974126,0.045683720930232555,-2.2709999999999995,-2.270999283591857,False,-7.164081425869995e-07
2016-11-15,-0.21242769769262657,0.04268372093023256,-1.9790000000000005,-1.9789999981613153,False,-1.8386852040919166e-09
2016-11-16,-0.23929453603444742,0.043,-2.377,-2.376999715956564,False,-2.8404343588306347e-07
2016-11-17,-0.23729882619123477,0.04073488372093023,-2.306,-2.305999274214928,False,-7.257850720421288e-07
2016-11-18,-0.2598000543723043,0.04018604651162792,-2.6379999999999995,-2.6379999948860315,False,-5.113967915804096e-09
2016-11-21,-0.24752782203875612,0.037558139534883725,-2.4010000000000007,-2.4009996812109664,False,-3.1878903428150807e-07
2016-11-22,-0.271853788038046,0.0387906976744186,-2.7980000000000005,-2.7980010227324854,False,1.0227324849232389e-06
2016-11-23,-0.2552836362282905,0.03834883720930233,-2.533,-2.532999948005602,False,-5.1994398120314145e-08
2016-11-25,-0.2612902869904586,0.03844186046511628,-2.627,-2.6269999909556714,False,-9.044328397322943e-09
2016-11-28,-0.25584568153522547,0.04007906976744186,-2.575,-2.574999981995683,False,-1.8004317148268e-08
2016-11-29,-0.27224208592583204,0.040130232558139536,-2.8310000000000004,-2.8309981841866847,False,-1.8158133157086809e-06
2016-11-30,-0.2583368382355302,0.0413906976744186,-2.6390000000000002,-2.638999995977449,False,-4.02255118103767e-09
2016-12-01,-0.26570963725610586,0.04548372093023256,-2.8370000000000006,-2.8369978109466794,False,-2.189053321277612e-06
2016-12-02,-0.26945286667360474,0.04561395348837209,-2.899000000000001,-2.8989994708743985,False,-5.291256024442248e-07
2016-12-05,-0.27092840001853213,0.041339534883720934,-2.8349999999999995,-2.834998946815528,False,-1.0531844716332728e-06
2016-12-06,-0.28766981656504625,0.04098604651162791,-3.0919999999999987,-3.0920013301604885,False,1.3301604897542063e-06
2016-12-07,-0.2402266949829887,0.04144651162790698,-2.3609999999999998,-2.3609995182403063,False,-4.817596934714174e-07
2016-12-08,-0.2076440759196907,0.042451162790697675,-1.908,-1.9079999955058928,False,-4.494107086472354e-09
2016-12-09,-0.21183624373862772,0.04158139534883721,-1.9510000000000005,-1.9509999968715646,False,-3.1284359547356644e-09
2016-12-12,-0.23647206696792525,0.04273023255813954,-2.3280000000000003,-2.327999425033437,False,-5.749665632492906e-07
2016-12-13,-0.2084849555532035,0.0434046511627907,-1.9340000000000004,-1.9339999966840054,False,-3.315995034114394e-09
2016-12-14,-0.24765466772161804,0.045032558139534884,-2.5430000000000006,-2.5429999747371435,False,-2.5262857139551897e-08
2016-12-15,-0.2752955376809326,0.04329302325581395,-2.944,-2.943999881028918,False,-1.1897108187497452e-07
2016-12-16,-0.2907100268667611,0.04362325581395349,-3.194999999999999,-3.195000230583462,False,2.3058346299009713e-07
2016-12-19,-0.28332594668149286,0.04209767441860465,-3.0469999999999997,-3.0470011932614915,False,1.1932614918386264e-06
2016-12-20,-0.23055943793315747,0.041051162790697676,-2.2090000000000005,-2.2089977053704257,False,-2.294629574794982e-06
2016-12-21,-0.24940699202342748,0.04091627906976745,-2.4900000000000007,-2.48999989175833,False,-1.0824167073764102e-07
2016-12-22,-0.26833699448253007,0.04173023255813954,-2.802000000000001,-2.8020026117552406,False,2.6117552396343058e-06
2016-12-23,-0.2199309509410575,0.04076279069767442,-2.0510000000000006,-2.050999998770029,False,-1.229971680061226e-09
2016-12-27,-0.2420325299126315,0.04017209302325582,-2.3650000000000007,-2.364999509707664,False,-4.902923365079914e-07
2016-12-28,-0.23181176862252847,0.04147441860465117,-2.2370000000000005,-2.23699845241096,False,-1.5475890404736958e-06
2016-12-29,-0.24659437213336521,0.041334883720930235,-2.4569999999999994,-2.456999882893636,False,-1.1710636327322277e-07
2016-12-30,-0.262358214578338,0.0426046511627907,-2.7260000000000004,-2.7259971409563697,False,-2.859043630731861e-06
2017-01-03,-0.25658128413694553,0.03970697674418605,-2.5790000000000006,-2.5789999819917537,False,-1.8008246893685964e-08
2017-01-04,-0.2493065990017227,0.03826511627906977,-2.4400000000000004,-2.4399997747949658,False,-2.252050346207568e-07
2017-01-05,-0.27455887306732385,0.03782790697674419,-2.8210000000000006,-2.821000603119053,False,6.031190524780072e-07
2017-01-06,-0.24542916950668664,0.03748372093023256,-2.367,-2.3669993862261687,False,-6.13773831315001e-07
2017-01-09,-0.23654141713682697,0.03882325581395349,-2.2590000000000003,-2.258998428391964,False,-1.57160803615497e-06
2017-01-10,-0.22986453590777153,0.04016744186046512,-2.184,-2.183997037220848,False,-2.962779152237971e-06
2017-01-11,-0.23796821482270342,0.04033488372093023,-2.306,-2.3059989781845176,False,-1.0218154824492842e-06
2017-01-12,-0.2564805354885176,0.04206511627906977,-2.622,-2.6219999892935397,False,-1.0706460162879239e-08
2017-01-13,-0.2935007254421806,0.0432093023255814,-3.2319999999999993,-3.2320001387254544,False,1.387254551232786e-07
2017-01-17,-0.2890086424413492,0.04297209302325582,-3.155000000000001,-3.1550007337186172,False,7.337186160860654e-07
2017-01-18,-0.3026029343783547,0.040493023255813956,-4.343000000000001,-3.3118832267554588,True,-1.031116773244542
2017-01-19,-0.30259661900159013,0.04039069767441861,-4.103,-3.308706828060861,True,-0.7942931719391386
2017-01-20,-0.3042536494311559,0.038897674418604644,-4.633000000000001,-3.306136871242702,True,-1.326863128757299
2017-01-23,-0.30426734555087004,0.03930697674418605,-3.778,-3.3143371191573157,True,-0.46366288084268437
2017-01-24,-0.3075732795326875,0.03676744186046512,-3.816,-3.3132161180862676,True,-0.5027838819137322
2017-01-25,-0.27992004829022965,0.036586046511627904,-2.8800000000000012,-2.8799989060972706,False,-1.0939027306200444e-06
2017-01-26,-0.2842884688020775,0.03704651162790699,-2.958000000000001,-2.957999162034585,False,-8.379654161672079e-07
2017-01-27,-0.28420143213952326,0.038897674418604644,-2.9949999999999988,-2.9950000256276974,False,2.5627698629904216e-08
2017-01-30,-0.2978264930328822,0.0428093023255814,-3.4319999999999995,-3.289401272684396,True,-0.1425987273156033
2017-01-31,-0.29943036949758295,0.04178139534883721,-3.808000000000001,-3.2919717965102278,True,-0.5160282034897734
2017-02-01,-0.30107956849160095,0.04081395348837209,-3.397,-3.2973034879457526,True,-0.09969651205424723
2017-02-02,-0.2994052652177253,0.04173488372093023,-3.6650000000000005,-3.29075822691878,True,-0.3742417730812204
2017-02-03,-0.3010843801000893,0.04138139534883721,-3.325,-3.311900104043304,True,-0.013099895956696361
2017-02-06,-0.28955363316301225,0.04186976744186047,-3.1409999999999996,-3.1410008734524886,False,8.734524890030571e-07
2017-02-07,-0.2837900116411215,0.04167906976744186,-3.0460000000000007,-3.046000954522254,False,9.545222532381104e-07
2017-02-08,-0.29614111260064313,0.0439906976744186,-3.400999999999999,-3.2896405205189825,True,-0.11135947948101643
2017-02-09,-0.2757837154216284,0.04166976744186047,-2.9189999999999996,-2.9189990226578377,False,-9.773421618675115e-07
2017-02-10,-0.2861953735037748,0.03989302325581395,-3.0469999999999997,-3.047000939980431,False,9.39980431269305e-07
2017-02-13,-0.28690037607686963,0.0376,-3.0099999999999993,-3.010000534262154,False,5.342621545167958e-07
2017-02-14,-0.30929496996483374,0.03644186046511628,-3.3659999999999997,-3.333650050480491,True,-0.03234994951950876
2017-02-15,-0.3061020285740027,0.037730232558139544,-3.7550000000000012,-3.3083419082460774,True,-0.4466580917539238
2017-02-16,-0.3076627081810185,0.03705116279069767,-4.141,-3.318393489481294,True,-0.8226065105187059
2017-02-17,-0.3060210354804145,0.03779069767441861,-4.1129999999999995,-3.3098687965860996,True,-0.8031312034139
2017-02-21,-0.3059671176400186,0.03834883720930233,-3.6930000000000005,-3.3206190086509437,True,-0.3723809913490568
2017-02-22,-0.30589133772047183,0.037920930232558145,-3.8240000000000007,-3.309874560731191,True,-0.5141254392688097
2017-02-23,-0.3058294705490619,0.03823255813953489,-3.7909999999999995,-3.3156175997126667,True,-0.4753824002873328
2017-02-24,-0.3041924618915422,0.038748837209302334,-3.8659999999999997,-3.3022484622757604,True,-0.5637515377242392
2017-02-27,-0.3025839661274545,0.039855813953488375,-3.4389999999999987,-3.2992451079892087,True,-0.13975489201079005
2017-02-28,-0.29461914001787226,0.040967441860465116,-3.197999999999999,-3.1980004459004108,False,4.4590041170522454e-07
2017-03-01,-0.29830493073890263,0.03908372093023256,-3.2159999999999997,-3.2160003957927836,False,3.9579278388046646e-07
2017-03-02,-0.30420596063588745,0.03888837209302326,-3.336000000000001,-3.304399647996415,True,-0.03160035200358635
2017-03-03,-0.30588074386174696,0.037762790697674416,-3.6099999999999994,-3.3087451551370792,True,-0.3012548448629202
2017-03-06,-0.30588955053871664,0.03787906976744186,-4.016999999999999,-3.3104964898133034,True,-0.7065035101866952
2017-03-07,-0.3058777511370988,0.03787441860465117,-3.8849999999999993,-3.30957507135265,True,-0.5754249286473492
2017-03-08,-0.3058800106176207,0.03837209302325582,-3.9629999999999996,-3.318871488000608,True,-0.6441285119993916
2017-03-09,-0.3042286265585909,0.03890232558139535,-3.947999999999999,-3.303560920437698,True,-0.644439079562301
2017-03-10,-0.30750049957044967,0.03733488372093023,-3.899000000000001,-3.322239705369823,True,-0.5767602946301778
2017-03-13,-0.3058736645945936,0.03793953488372093,-4.575,-3.311198633666061,True,-1.2638013663339391
2017-03-14,-0.302656155259342,0.03994418604651163,-4.6110000000000015,-3.301603451272952,True,-1.3093965487270496
2017-03-15,-0.30592714682808997,0.037562790697674424,-4.719999999999999,-3.3031859739479468,True,-1.416814026052052
2017-03-16,-0.3108047189796881,0.03533023255813953,-4.949000000000001,-3.331551623613902,True,-1.6174483763860987
2017-03-17,-0.30758187057260145,0.036586046511627904,-5.434,-3.3088580145854274,True,-2.1251419854145728
2017-03-20,-0.3091852598448588,0.03588837209302326,-5.293000000000001,-3.3183347529151694,True,-1.9746652470848316
2017-03-21,-0.30427948932919563,0.03861395348837209,-4.102000000000001,-3.2977309117190505,True,-0.8042690882809507
2017-03-22,-0.30427321313276445,0.03897674418604651,-3.6069999999999993,-3.3042490628644186,True,-0.30275093713558077
2017-03-23,-0.2977399796802318,0.04136279069767443,-3.253999999999999,-3.25400008801749,False,8.801749107334444e-08
2017-03-24,-0.2994582789167737,0.041739534883720925,-3.6620000000000004,-3.288788487596196,True,-0.37321151240380424
2017-03-27,-0.3043598873425316,0.03946976744186047,-3.5370000000000004,-3.316938217487172,True,-0.22006178251282815
2017-03-28,-0.30762982762763547,0.03686976744186046,-3.4430000000000005,-3.314796920067141,True,-0.1282030799328595
2017-03-29,-0.3031678164635232,0.03640000000000001,-3.2370000000000005,-3.2370004386612563,False,4.386612557638614e-07
2017-03-30,-0.30929099850217023,0.03621860465116279,-3.8840000000000003,-3.326249673566962,True,-0.5577503264330383
2017-03-31,-0.3092947399142192,0.036423255813953496,-3.8310000000000004,-3.3278515177075327,True,-0.5031484822924677
2017-04-03,-0.304453043841424,0.038586046511627906,-3.522999999999999,-3.3000557196215774,True,-0.2229442803784214
2017-04-04,-0.3017439456090491,0.03705581395348837,-3.228,-3.2280004011629986,False,4.011629983757814e-07
2017-04-05,-0.28866522726741217,0.04027441860465116,-3.0909999999999997,-3.0910020616503813,False,2.0616503815240605e-06
2017-04-06,-0.2926055833572694,0.03902790697674418,-3.127000000000001,-3.12700158807387,False,1.588073868852291e-06
2017-04-07,-0.29844306482173555,0.04157674418604652,-3.2699999999999987,-3.2700000037595167,False,3.759518030221898e-09
2017-04-10,-0.29302200371079584,0.045534883720930244,-3.2860000000000014,-3.2675280974844325,True,-0.01847190251556885
2017-04-11,-0.28969157810889756,0.048251162790697674,-3.6659999999999995,-3.271424547956152,True,-0.39457545204384736
2017-04-12,-0.2797741940741517,0.05187441860465116,-3.1930000000000005,-3.193000086188454,False,8.618845370733652e-08
2017-04-13,-0.27977918679735925,0.05373953488372093,-3.4360000000000013,-3.2327940525914594,True,-0.20320594740854192
2017-04-17,-0.2913631950416408,0.0472046511627907,-3.9629999999999996,-3.275945290434054,True,-0.6870547095659458
2017-04-18,-0.29299741501928644,0.04628837209302326,-3.719999999999999,-3.2822249721022314,True,-0.43777502789776745
2017-04-19,-0.2929624230090151,0.04553023255813954,-4.019999999999999,-3.264227978501261,True,-0.7557720214987378
2017-04-20,-0.29629995688781285,0.043967441860465126,-4.685,-3.2843196203703324,True,-1.4006803796296672
2017-04-21,-0.2962805878369311,0.04437674418604651,-4.841999999999999,-3.2913371908612565,True,-1.5506628091387422
2017-04-24,-0.3093547869336691,0.036358139534883725,-4.4449999999999985,-3.3324619533180755,True,-1.112538046681923
2017-04-25,-0.3109573668030541,0.035181395348837206,-3.903999999999999,-3.3322271289245204,True,-0.5717728710754786
2017-04-26,-0.3093363380484599,0.035646511627906975,-4.212999999999999,-3.3170975394073903,True,-0.8959024605926089
2017-04-27,-0.3093567275918079,0.03565581395348837,-4.255000000000001,-3.319159385777047,True,-0.9358406142229536
2017-04-28,-0.3093547721879594,0.03585581395348837,-4.697999999999999,-3.321898136642913,True,-1.3761018633570856
2017-05-01,-0.2779318694117535,0.03643255813953488,-2.846000000000001,-2.8460014776571767,False,1.4776571757302293e-06
2017-05-02,-0.2711360396448862,0.036897674418604656,-2.7489999999999997,-2.7489999991949388,False,-8.050609068277481e-10
2017-05-03,-0.2836158614582771,0.036637209302325585,-2.9389999999999987,-2.93899889557459,False,-1.1044254089043193e-06
2017-05-04,-0.29103353316052333,0.036279069767441864,-3.047999999999999,-3.0480010487588047,False,1.048758805577421e-06
2017-05-05,-0.2950200393443748,0.03751162790697675,-3.1360000000000015,-3.1360010090592887,False,1.0090592872380455e-06
2017-05-08,-0.2739412831725253,0.037851162790697675,-2.8120000000000003,-2.811997791029623,False,-2.2089703772820712e-06
2017-05-09,-0.2736149736489993,0.038897674418604644,-2.8280000000000003,-2.828003354307716,False,3.3543077155862022e-06
2017-05-10,-0.2712478621105706,0.040693023255813955,-2.827000000000001,-2.8270027830527225,False,2.7830527216110568e-06
2017-05-11,-0.2714544718841443,0.040237209302325584,-2.8210000000000006,-2.821002601483552,False,2.6014835512455647e-06
2017-05-12,-0.2829821686572185,0.03837209302325582,-2.9650000000000007,-2.964999219645137,False,-7.803548638385394e-07
2017-05-15,-0.2834598072337332,0.03699069767441861,-2.944,-2.943998849597954,False,-1.1504020460684217e-06
2017-05-16,-0.2966964364653671,0.03570232558139535,-3.124000000000001,-3.1240013369456565,False,1.3369456555167858e-06
2017-05-17,-0.2830863127679743,0.05185116279069767,-3.350999999999999,-3.244726452829995,True,-0.10627354717000426
2017-05-18,-0.2897116835125251,0.04842790697674419,-3.700999999999999,-3.2765557290884377,True,-0.42444427091156145
2017-05-19,-0.29126287297595754,0.04056279069767442,-3.1389999999999985,-3.1390009992923797,False,9.992923812873755e-07
2017-05-22,-0.2755598731692237,0.03882325581395349,-2.8569999999999993,-2.8569995638225154,False,-4.36177483909006e-07
2017-05-23,-0.24922893241078886,0.03915813953488372,-2.4540000000000006,-2.4539997783814225,False,-2.2161857815561348e-07
2017-05-24,-0.24105527839631255,0.038097674418604656,-2.311,-2.310998766606612,False,-1.2333933878672099e-06
2017-05-25,-0.24451360933191063,0.03823255813953489,-2.3650000000000007,-2.364999274405901,False,-7.255940994710386e-07
2017-05-26,-0.25631466019823135,0.03805116279069768,-2.5409999999999995,-2.540999916664557,False,-8.333544254668368e-08
2017-05-30,-0.25460201953586037,0.0392093023255814,-2.5370000000000004,-2.5369999243626142,False,-7.563738613214355e-08
2017-05-31,-0.25278668431572593,0.039311627906976745,-2.511,-2.510999889271412,False,-1.1072858807636976e-07
2017-06-01,-0.24955734371720217,0.0389906976744186,-2.4549999999999996,-2.454999750805949,False,-2.4919405072765244e-07
2017-06-02,-0.247584375555746,0.03889302325581396,-2.4230000000000005,-2.422999629340606,False,-3.706593942887082e-07
2017-06-05,-0.2515342263772882,0.040037209302325585,-2.505,-2.5049998802728877,False,-1.1972711222441035e-07
2017-06-06,-0.2540811338093053,0.04146511627906977,-2.572,-2.57199996038994,False,-3.9610060120764956e-08
2017-06-07,-0.25628485062297623,0.04103255813953489,-2.5980000000000003,-2.5979999749369416,False,-2.5063058739505095e-08
2017-06-08,-0.2662583647551256,0.03873488372093024,-2.7090000000000005,-2.708999997106571,False,-2.8934294959981344e-09
2017-06-09,-0.29016705739069304,0.04065581395348838,-3.125999999999999,-3.1260009209499025,False,9.20949903449042e-07
2017-06-12,-0.299643552599974,0.04242325581395348,-3.6860000000000013,-3.310481229255211,True,-0.37551877074479023
2017-06-13,-0.30294009969656666,0.04030697674418605,-3.6409999999999996,-3.319255610777621,True,-0.3217443892223786
2017-06-14,-0.29969736852813234,0.04184651162790698,-3.5889999999999986,-3.301228415707615,True,-0.2877715842923836
2017-06-15,-0.299691790520318,0.04183720930232559,-3.4120000000000004,-3.300229635950172,True,-0.11177036404982843
2017-06-16,-0.3029402051545602,0.04046511627906976,-3.502000000000001,-3.322765504503477,True,-0.17923449549652393
2017-06-19,-0.3029938008419209,0.03966046511627907,-3.877000000000001,-3.3063875637132227,True,-0.5706124362867784
2017-06-20,-0.30134445263046966,0.04148372093023256,-3.3370000000000006,-3.3184458850121423,True,-0.018554114987858306
2017-06-21,-0.28111060735206383,0.04096279069767442,-2.9889999999999985,-2.9889999896572625,False,-1.0342736000978903e-08
2017-06-22,-0.28825633901860626,0.04017674418604651,-3.086000000000001,-3.0860011701682724,False,1.1701682711695582e-06
2017-06-23,-0.30145842908456333,0.039311627906976745,-3.275999999999999,-3.2760000625962573,False,6.259625839888372e-08
2017-06-26,-0.27665284538735635,0.038111627906976746,-2.8599999999999994,-2.8600008746256025,False,8.746256030534028e-07
2017-06-27,-0.253431071743706,0.040604651162790696,-2.5459999999999994,-2.5459999507673765,False,-4.923262286737895e-08
2017-06-28,-0.2648063335665287,0.0391813953488372,-2.6950000000000003,-2.6949999955783293,False,-4.421671029319896e-09
2017-06-29,-0.2730070737488891,0.04361860465116279,-2.9150000000000005,-2.9149990488567132,False,-9.511432872422176e-07
2017-06-30,-0.27729526590412573,0.042060465116279075,-2.950999999999999,-2.9509993848525493,False,-6.151474498672371e-07
2017-07-03,-0.25743626499205285,0.0434,-2.6629999999999994,-2.662999995267425,False,-4.732574332422246e-09
2017-07-05,-0.27107735722074944,0.042781395348837216,-2.8669999999999987,-2.8669992964046984,False,-7.035953002443307e-07
2017-07-06,-0.257251059464822,0.0466093023255814,-2.725,-2.724999999756978,False,-2.430220469307187e-10
2017-07-07,-0.28905540500711596,0.0430232558139535,-3.1580000000000013,-3.1580007140042645,False,7.140042632691745e-07
2017-07-10,-0.2996068919678278,0.04171627906976745,-3.3400000000000007,-3.2957407665021585,True,-0.04425923349784222
2017-07-11,-0.299170662532758,0.041037209302325586,-3.275,-3.275000020053461,False,2.005346111388917e-08
2017-07-12,-0.3013017191866316,0.04101860465116279,-3.4949999999999988,-3.3093958090471776,True,-0.1856041909528212
2017-07-13,-0.302938206683379,0.039851162790697676,-3.8349999999999995,-3.310950473264294,True,-0.5240495267357055
2017-07-14,-0.30621651268970534,0.03823255813953489,-3.771000000000001,-3.3283292907894393,True,-0.4426707092105615
2017-07-17,-0.307816871041322,0.03733488372093023,-3.9870000000000005,-3.3329210273968743,True,-0.6540789726031262
2017-07-18,-0.3078381810525386,0.0368093023255814,-3.753,-3.3218238772096367,True,-0.43117612279036344
2017-07-19,-0.3094747592651636,0.03626046511627907,-3.6879999999999997,-3.3356247763051234,True,-0.3523752236948763
2017-07-20,-0.29458776047373403,0.03546976744186047,-3.0879999999999996,-3.088001216648175,False,1.2166481755393477e-06
2017-07-21,-0.3094421205457612,0.03621395348837209,-3.4530000000000003,-3.335503002076538,True,-0.11749699792346213
2017-07-24,-0.3047857595567708,0.036390697674418604,-3.2669999999999986,-3.26700018341455,False,1.8341455154669006e-07
2017-07-25,-0.3078367279723465,0.036823255813953494,-3.5610000000000013,-3.323510077668155,True,-0.23748992233184607
2017-07-26,-0.30623766901978033,0.038297674418604655,-3.5610000000000013,-3.3297793070939887,True,-0.23122069290601255
2017-07-27,-0.3029818520644229,0.0404046511627907,-4.081,-3.3229074694314664,True,-0.758092530568534
2017-07-28,-0.30133746657322796,0.04055813953488372,-3.9909999999999997,-3.3000955121845834,True,-0.6909044878154162
2017-07-31,-0.3029721532327971,0.04035348837209303,-3.9819999999999993,-3.3212193008951445,True,-0.6607806991048548
2017-08-01,-0.304593103201495,0.039325581395348835,-3.872,-3.3248338908523665,True,-0.5471661091476334
2017-08-02,-0.3029542684247807,0.040413953488372095,-4.202000000000001,-3.32218026411365,True,-0.8798197358863509
2017-08-03,-0.30132359830332744,0.04077209302325581,-3.8319999999999994,-3.3040530124490535,True,-0.5279469875509459
2017-08-04,-0.3012898962173664,0.04064651162790698,-3.9810000000000003,-3.301966662137942,True,-0.6790333378620583
2017-08-07,-0.29968804168356566,0.04186511627906977,-3.8909999999999996,-3.3034069071371364,True,-0.5875930928628632
2017-08-08,-0.29314713142962784,0.04589767441860466,-4.005000000000001,-3.285007758649505,True,-0.719992241350496
2017-08-09,-0.2865641229939001,0.049660465116279064,-4.119999999999999,-3.261871425323572,True,-0.8581285746764271
2017-08-10,-0.2647912658189666,0.06293953488372094,-3.647999999999999,-3.193852674327964,True,-0.454147325672035
2017-08-11,-0.2713589256768576,0.05926976744186047,-3.5430000000000006,-3.2200814905429573,True,-0.32291850945704326
2017-08-14,-0.2914409886562226,0.0467906976744186,-4.206999999999999,-3.274130988141027,True,-0.9328690118589718
2017-08-15,-0.2946830919236613,0.0449813953488372,-4.322999999999999,-3.286642363978838,True,-1.0363576360211608
2017-08-16,-0.29635349058000904,0.044102325581395346,-4.862,-3.294591425042611,True,-1.5674085749573892
2017-08-17,-0.27803555653528,0.05477674418604651,-4.272999999999999,-3.2285525540655837,True,-1.044447445934415
2017-08-18,-0.25875733774304405,0.053204651162790696,-2.8860000000000015,-2.885999439598773,False,-5.604012285331805e-07
2017-08-21,-0.28386880158444255,0.04715813953488372,-3.1610000000000014,-3.1610005617204813,False,5.6172047990799e-07
2017-08-22,-0.2979570985326118,0.04311627906976744,-3.572,-3.2994452642386984,True,-0.2725547357613016
2017-08-23,-0.2750689205044084,0.046027906976744186,-2.997999999999999,-2.9980007266128057,False,7.266128068117439e-07
2017-08-24,-0.27408315304751346,0.046632558139534895,-2.9949999999999988,-2.9950006000188196,False,6.000188208510338e-07
2017-08-25,-0.27825575130178637,0.04443255813953489,-3.0159999999999996,-3.016000676589128,False,6.765891282789482e-07
2017-08-28,-0.2662239002962736,0.04484651162790698,-2.8319999999999994,-2.8320005283255623,False,5.283255628540928e-07
2017-08-29,-0.28453206725788915,0.04594883720930233,-3.147999999999999,-3.148000609511814,False,6.095118152416035e-07
2017-08-30,-0.2784862651956931,0.046000000000000006,-3.053,-3.0530008408762206,False,8.408762206535414e-07
2017-08-31,-0.2962670153621456,0.044120930232558135,-3.4,-3.2966500286666984,True,-0.10334997133330148
2017-09-01,-0.2962860020953108,0.043534883720930236,-3.4849999999999994,-3.2854433093230804,True,-0.19955669067691906
2017-09-05,-0.2896650912222287,0.04774883720930232,-3.347999999999999,-3.267124415441253,True,-0.0808755845587461
2017-09-06,-0.29293892684829725,0.046330232558139534,-3.647999999999999,-3.2894369293017385,True,-0.3585630706982603
2017-09-07,-0.29458653036895616,0.04478604651162791,-3.538999999999999,-3.282177229295442,True,-0.2568227707045567
2017-09-08,-0.27803559479126827,0.046567441860465124,-3.0569999999999995,-3.057000929811079,False,9.298110796862602e-07
2017-09-11,-0.29625200286848374,0.043562790697674415,-3.6960000000000006,-3.284008302557098,True,-0.41199169744290254
2017-09-12,-0.2979278189871538,0.04297209302325582,-3.9599999999999995,-3.297948893866271,True,-0.6620511061337284
2017-09-13,-0.2996197850283385,0.042274418604651164,-4.274000000000001,-3.3096051581683374,True,-0.9643948418316635
2017-09-14,-0.29799449981034976,0.04283255813953488,-4.274000000000001,-3.296355331060354,True,-0.977644668939647
2017-09-15,-0.2996447798992635,0.042153488372093026,-4.453999999999999,-3.308297017651734,True,-1.145702982348265
2017-09-18,-0.29969948144462666,0.042074418604651165,-4.365,-3.3075035291865826,True,-1.0574964708134176
2017-09-19,-0.29969991791738815,0.04242790697674419,-4.2639999999999985,-3.3150514956605095,True,-0.948948504339489
2017-09-20,-0.29968419334935603,0.04228372093023256,-3.8939999999999997,-3.3127901096397525,True,-0.5812098903602472
2017-09-21,-0.2980587422773361,0.042939534883720924,-3.7870000000000004,-3.30168935683271,True,-0.4853106431672902
2017-09-22,-0.29801896173786474,0.04339069767441861,-3.75,-3.3110497745721856,True,-0.43895022542781437
2017-09-25,-0.29475784879316647,0.044837209302325584,-3.5069999999999992,-3.2893106376859294,True,-0.21768936231406988
2017-09-26,-0.29640309430901257,0.04409767441860466,-3.425,-3.2993697318155446,True,-0.12563026818445522
2017-09-27,-0.2741350214637488,0.044353488372093026,-2.9490000000000007,-2.9489992437581813,False,-7.562418193884923e-07
2017-09-28,-0.296416774711234,0.04376744186046512,-3.299000000000001,-3.293991650073921,True,-0.0050083499260797915
2017-09-29,-0.29808679729056115,0.04332093023255815,-3.775,-3.310818143868352,True,-0.46418185613164775
2017-10-02,-0.2981008752295336,0.0430139534883721,-3.802000000000001,-3.304538580187139,True,-0.49746141981286174
2017-10-03,-0.2981221339871867,0.042600000000000006,-3.7150000000000007,-3.295750708351286,True,-0.4192492916487147
2017-10-04,-0.29810813644354883,0.04284651162790697,-4.419,-3.300557957203371,True,-1.1184420427966284
2017-10-05,-0.2981282389403913,0.042693023255813964,-4.033000000000001,-3.2986799965716003,True,-0.734320003428401
2017-10-06,-0.29486453040650656,0.04515813953488373,-4.034999999999999,-3.299355395253099,True,-0.7356446047469003
2017-10-09,-0.2915777394880197,0.04736279069767441,-3.9830000000000014,-3.293487749666285,True,-0.6895122503337165
2017-10-10,-0.2948624188961456,0.04526976744186047,-3.924000000000001,-3.300681174190842,True,-0.6233188258091586
2017-10-11,-0.29327810091026985,0.04614883720930233,-3.874000000000001,-3.295226694937067,True,-0.578773305062934
2017-10-12,-0.29488986794355854,0.045474418604651165,-3.6360000000000015,-3.3059957275137233,True,-0.33000427248627817
2017-10-13,-0.29492976814430705,0.04548837209302326,-3.8280000000000003,-3.3076880326311855,True,-0.5203119673688148
2017-10-16,-0.29495809893253294,0.0454186046511628,-4.753,-3.3058627692318203,True,-1.4471372307681798
2017-10-17,-0.29331465312281224,0.04592558139534884,-5.0120000000000005,-3.2898389605824576,True,-1.7221610394175428
2017-10-18,-0.29659250469698484,0.04387906976744186,-4.794999999999999,-3.297878342738805,True,-1.4971216572611938
2017-10-19,-0.29819606743575494,0.0434093023255814,-4.616,-3.313017058647533,True,-1.3029829413524667
2017-10-20,-0.299848713807977,0.04210697674418605,-4.881,-3.3110354469581718,True,-1.5699645530418285
2017-10-23,-0.29488571846459083,0.04515813953488373,-4.246,-3.296119881617616,True,-0.9498801183823846
2017-10-24,-0.29324756335313484,0.04578139534883721,-4.215000000000001,-3.2835872979696745,True,-0.9314127020303262
2017-10-25,-0.29156123788450183,0.04658604651162791,-3.8,-3.2742182557356205,True,-0.5257817442643793
2017-10-26,-0.2948404246591103,0.045455813953488376,-3.5360000000000014,-3.30124845290116,True,-0.2347515470988415
2017-10-27,-0.298150302099911,0.04315348837209302,-3.569999999999999,-3.3074250977470085,True,-0.2625749022529904
2017-10-30,-0.2933390435711138,0.044274418604651165,-3.253999999999999,-3.2540000578949635,False,5.789496437813568e-08
2017-10-31,-0.2907027398246823,0.042795348837209306,-3.181,-3.181000423219975,False,4.232199750653365e-07
2017-11-01,-0.2734345918116653,0.04279069767441861,-2.905000000000001,-2.9049992042126007,False,-7.957874004205223e-07
2017-11-02,-0.2732443775332439,0.04254883720930233,-2.897,-2.8969995540081657,False,-4.459918341304103e-07
2017-11-03,-0.2828593284425037,0.041711627906976745,-3.0340000000000003,-3.0340001549655793,False,1.5496557903560415e-07
2017-11-06,-0.28303164010348836,0.04244186046511628,-3.052000000000001,-3.0520004712710382,False,4.712710373055984e-07
2017-11-07,-0.2731780594807173,0.04346511627906977,-2.9150000000000005,-2.9149990807711523,False,-9.19228848150766e-07
2017-11-08,-0.2851351575454436,0.04546046511627907,-3.15,-3.1500006181674025,False,6.181674025995676e-07
2017-11-09,-0.26870477820657024,0.04596279069767442,-2.8949999999999987,-2.8949992922545826,False,-7.077454160508978e-07
2017-11-10,-0.27506055763042186,0.04872558139534884,-3.056,-3.056000680989901,False,6.809899009141418e-07
2017-11-13,-0.26912771859972495,0.049441860465116276,-2.975,-2.975000084599361,False,8.459936085003505e-08
2017-11-14,-0.2735095520501922,0.04799069767441861,-3.0150000000000006,-3.0150006148204413,False,6.148204407807611e-07
2017-11-15,-0.2880536827325113,0.049427906976744186,-3.521000000000001,-3.275954256089528,True,-0.24504574391047296
2017-11-16,-0.291398129342906,0.046581395348837214,-3.6300000000000012,-3.270299597587161,True,-0.35970040241284007
2017-11-17,-0.29467569733193305,0.04517209302325582,-3.719,-3.2922015914398144,True,-0.42679840856018547
2017-11-20,-0.2963633298168568,0.0436093023255814,-3.583000000000001,-3.286962432901691,True,-0.2960375670983102
2017-11-21,-0.2996986243078161,0.04152093023255814,-3.3560000000000003,-3.29668268217132,True,-0.05931731782868033
2017-11-22,-0.2986919171567646,0.04019534883720931,-3.252000000000001,-3.2520001342068507,False,1.3420684963350027e-07
2017-11-24,-0.28898141774040115,0.040148837209302325,-3.097999999999999,-3.09800092809714,False,9.28097140917572e-07
2017-11-27,-0.2838021011293843,0.04026976744186047,-3.0180000000000007,-3.0180001711872304,False,1.7118722972497835e-07
2017-11-28,-0.24539751448753952,0.039874418604651164,-2.408,-2.4079995948394615,False,-4.051605384525203e-07
2017-11-29,-0.25740700849877224,0.04166046511627907,-2.628,-2.627999987778757,False,-1.2221243128607284e-08
2017-11-30,-0.273755457840574,0.04183255813953488,-2.8900000000000006,-2.88999873431124,False,-1.265688760465622e-06
2017-12-01,-0.27024748335291604,0.0442,-2.8830000000000013,-2.8829987349122694,False,-1.2650877319053677e-06
2017-12-04,-0.2894587962036013,0.04538139534883721,-3.2139999999999986,-3.214000240597741,False,2.4059774217377594e-07
2017-12-05,-0.2887330068423493,0.04555813953488372,-3.2069999999999994,-3.2070001269537425,False,1.269537430736989e-07
2017-12-06,-0.28173059932106764,0.045660465116279074,-3.097999999999999,-3.098000757927589,False,7.579275900226889e-07
2017-12-07,-0.2822471570569804,0.044572093023255814,-3.0840000000000005,-3.0840006407071248,False,6.407071242442441e-07
2017-12-08,-0.2953024825844555,0.04273953488372093,-3.253999999999999,-3.2540000361824983,False,3.618249921899519e-08
2017-12-11,-0.29811480239911464,0.042818604651162794,-3.397999999999999,-3.3008070267921936,True,-0.09719297320780518
2017-12-12,-0.2975129661391625,0.04338139534883721,-3.302000000000001,-3.3020021041508962,False,2.1041508952990284e-06
2017-12-13,-0.2964936367689804,0.04444651162790698,-3.471000000000001,-3.3083321958152827,True,-0.16266780418471827
2017-12-14,-0.2948248573199563,0.044683720930232554,-3.403,-3.2863547507647928,True,-0.11664524923520725
2017-12-15,-0.29815286847548395,0.042883720930232565,-3.572999999999999,-3.302614024658323,True,-0.27038597534167597
2017-12-18,-0.2972263669974026,0.042158139534883725,-3.272,-3.272000030842408,False,3.08424081829628e-08
2017-12-19,-0.2826948719101326,0.04352558139534884,-3.069,-3.069000614478223,False,6.144782229711154e-07
2017-12-20,-0.2981115617170015,0.04319069767441861,-3.3150000000000004,-3.307831643067048,True,-0.007168356932952591
2017-12-21,-0.29567321335307406,0.04288837209302326,-3.2629999999999995,-3.2630000261689127,False,2.6168913258572957e-08
2017-12-22,-0.29648145604821263,0.04413953488372093,-3.4400000000000004,-3.3022061716234585,True,-0.13779382837654186
2017-12-26,-0.2948484486645109,0.045376744186046515,-3.5599999999999996,-3.302356714774027,True,-0.25764328522597246
2017-12-27,-0.29484275631821194,0.04515348837209302,-3.843000000000001,-3.2968659044135675,True,-0.5461340955864333
2017-12-28,-0.29481249966007567,0.04523255813953489,-3.781999999999999,-3.2988316926377377,True,-0.48316830736226146
2017-12-29,-0.29153414223897844,0.046865116279069766,-3.705000000000001,-3.2802875616836418,True,-0.4247124383163592
2018-01-02,-0.29483298046501033,0.04528372093023256,-3.5370000000000004,-3.3012917234007695,True,-0.23570827659923088
2018-01-03,-0.29648720995805017,0.043906976744186046,-3.343000000000001,-3.299137068204928,True,-0.043862931795072946
2018-01-04,-0.28566936842061447,0.04381860465116279,-3.124000000000001,-3.124000557556246,False,5.575562451731741e-07
2018-01-05,-0.260162335050419,0.043302325581395344,-2.7030000000000003,-2.702999995957351,False,-4.0426493264078545e-09
2018-01-08,-0.2657061511614723,0.04370697674418605,-2.8,-2.7999983030196,False,-1.6969803997568533e-06
2018-01-09,-0.25501696112367206,0.04406511627906977,-2.6370000000000005,-2.636999988610581,False,-1.1389419629637132e-08
2018-01-10,-0.2728394325104828,0.04358139534883722,-2.9120000000000004,-2.9119994146689163,False,-5.853310840464587e-07
2018-01-11,-0.2547620764897917,0.04290232558139535,-2.6099999999999994,-2.6099999791395847,False,-2.08604147289293e-08
2018-01-12,-0.24740577310401657,0.042893023255813956,-2.495,-2.4949998834118543,False,-1.1658814580428611e-07
2018-01-16,-0.26223880524792825,0.049530232558139535,-2.8650000000000007,-2.8649993741972297,False,-6.258027709371561e-07
2018-01-17,-0.28990724642435994,0.04765581395348837,-3.6189999999999998,-3.2696712394648024,True,-0.34932876053519735
2018-01-18,-0.28107871945964347,0.0482232558139535,-3.1409999999999996,-3.1410006897635623,False,6.897635627112209e-07
2018-01-19,-0.28774577771559284,0.04725116279069767,-3.228,-3.2280000950730843,False,9.50730840720837e-08
2018-01-22,-0.2571799063640286,0.046362790697674426,-2.718000000000001,-2.717999998858175,False,-1.1418257450657165e-09
2018-01-23,-0.2307597318471213,0.045855813953488374,-2.2950000000000004,-2.2949991205991744,False,-8.794008259371822e-07
2018-01-24,-0.2114612271585118,0.046404651162790696,-2.0200000000000005,-2.019999998697602,False,-1.3023986333848825e-09
2018-01-25,-0.2218043088185828,0.04733953488372094,-2.1870000000000003,-2.1869978320899075,False,-2.1679100927762818e-06
2018-01-26,-0.19616890102919896,0.04588372093023256,-1.7989999999999995,-1.798999989759435,False,-1.0240564396468699e-08
2018-01-29,-0.19602325510363092,0.05116744186046512,-1.8799999999999997,-1.8799999971015398,False,-2.898459916522711e-09
2018-01-30,-0.22153616870185064,0.05278139534883721,-2.2849999999999993,-2.2849995702331407,False,-4.29766858545122e-07
2018-01-31,-0.21372062647771026,0.050423255813953495,-2.123,-2.122997352062194,False,-2.647937806354861e-06
2018-02-01,-0.21076810012864267,0.0491953488372093,-2.059,-2.0590027874805212,False,2.7874805210714726e-06
2018-02-02,-0.23717787395278142,0.05837674418604652,-2.6450000000000005,-2.6449964157550414,False,-3.5842449590539616e-06
2018-02-05,-0.1479316845753105,0.08248372093023255,-1.7329999999999999,-1.7329988988251268,False,-1.101174873063826e-06
2018-02-06,-0.23473296102082103,0.07493953488372093,-2.961000000000001,-2.961001216130058,False,1.2161300566582156e-06
2018-02-07,-0.24551191813254364,0.07396744186046512,-3.6900000000000004,-3.1120812641920863,True,-0.5779187358079141
2018-02-08,-0.22779924320613437,0.0840046511627907,-3.0919999999999987,-3.044478821594587,True,-0.047521178405411924
2018-02-09,-0.22413709784485455,0.0778046511627907,-2.850999999999999,-2.8510023157958586,False,2.315795859519909e-06
2018-02-12,-0.26042127069416177,0.06548837209302327,-4.802000000000001,-3.1653712421337756,True,-1.6366287578662257
2018-02-13,-0.26212579793224633,0.06352558139534885,-4.3069999999999995,-3.151052713078387,True,-1.1559472869216125
2018-02-14,-0.24627533247331715,0.05790232558139535,-2.7840000000000003,-2.7839988640756723,False,-1.135924327932969e-06
2018-02-15,-0.27135346625382994,0.05709767441860465,-3.166999999999999,-3.1670000598756753,False,5.987567641696501e-08
2018-02-16,-0.2758967631562268,0.05637209302325582,-3.780000000000001,-3.2214740383914475,True,-0.5585259616085536
2018-02-20,-0.27137198201139145,0.05701395348837209,-3.1629999999999994,-3.163000054613877,False,5.461387742045076e-08
2018-02-21,-0.259167013360856,0.05847906976744187,-3.003,-3.0030023317947876,False,2.331794787480135e-06
2018-02-22,-0.2791608147957414,0.054409302325581395,-3.431,-3.2315983467080533,True,-0.1994016532919467
2018-02-23,-0.2843468547935296,0.05125116279069767,-3.919999999999999,-3.2494124635836177,True,-0.6705875364163814
2018-02-26,-0.28088101161871704,0.050083720930232556,-3.1719999999999997,-3.17200028111672,False,2.8111672012443023e-07
2018-02-27,-0.27588469608461197,0.055581395348837215,-3.227000000000001,-3.206202224477065,True,-0.020797775522936046
2018-02-28,-0.2740879241489567,0.056604651162790696,-3.8949999999999987,-3.197698225067199,True,-0.6973017749327997
2018-03-01,-0.26891087695006566,0.05959999999999999,-3.653999999999999,-3.17652486144231,True,-0.47747513855768897
2018-03-02,-0.24982929794683886,0.053386046511627906,-2.748,-2.74799686148265,False,-3.1385173500098063e-06
2018-03-05,-0.2696687885736181,0.051004651162790696,-3.0120000000000005,-3.0120027906232827,False,2.790623282233895e-06
2018-03-06,-0.26186256644113604,0.04865581395348837,-2.8409999999999997,-2.840999987906152,False,-1.2093847701066807e-08
2018-03-07,-0.26342663622002327,0.04627441860465116,-2.816999999999999,-2.816998094600036,False,-1.9053999626983398e-06
2018-03-08,-0.2742461176342113,0.045079069767441866,-2.9620000000000006,-2.9620026293790267,False,2.6293790260645267e-06
2018-03-09,-0.2608939873990702,0.046376744186046516,-2.779000000000001,-2.7789983410285175,False,-1.6589714832981883e-06
2018-03-12,-0.2875040356494223,0.048809302325581394,-4.197999999999999,-3.24781046965007,True,-0.9501895303499288
2018-03-13,-0.2858539659509911,0.04978604651162791,-4.043000000000001,-3.2417912460356075,True,-0.8012087539643935
2018-03-14,-0.2840645299200216,0.05129767441860465,-4.1659999999999995,-3.2443046341525346,True,-0.9216953658474649
2018-03-15,-0.2841794889696603,0.050827906976744185,-4.655000000000001,-3.237568104491781,True,-1.4174318955082201
2018-03-16,-0.2858915718778337,0.049530232558139535,-4.734999999999999,-3.238201616938451,True,-1.4967983830615483
2018-03-19,-0.2807474019149048,0.05252093023255814,-4.396000000000001,-3.215232968377425,True,-1.180767031622576
2018-03-20,-0.2857434097925814,0.04982790697674418,-3.952000000000001,-3.236532146786877,True,-0.715467853213124
2018-03-21,-0.2857744571337394,0.04958139534883721,-3.3689999999999998,-3.232636132862064,True,-0.1363638671379359
2018-03-22,-0.26934927237311146,0.0581953488372093,-3.152000000000001,-3.1520000673064223,False,6.730642132524167e-08
2018-03-23,-0.26174176996390874,0.060381395348837213,-3.0789999999999993,-3.0790007729891924,False,7.729891930985389e-07
2018-03-26,-0.2602379816069406,0.0525953488372093,-2.896000000000001,-2.896003513170334,False,3.5131703333135533e-06
2018-03-27,-0.2548917938033617,0.05516744186046512,-2.8650000000000007,-2.864996275705061,False,-3.724294939555506e-06
2018-03-28,-0.2556570939379124,0.05303255813953488,-2.833000000000001,-2.8330037609907266,False,3.7609907255209407e-06
2018-03-29,-0.20238419663891483,0.04805581395348837,-1.9340000000000004,-1.9340005816730093,False,5.816730088703537e-07
2018-04-02,-0.19996317349799492,0.05193953488372093,-1.9680000000000006,-1.9679969187659077,False,-3.0812340929831095e-06
2018-04-03,-0.19590244074900473,0.04746976744186047,-1.8379999999999996,-1.8379999974153072,False,-2.584692460061433e-09
2018-04-04,-0.20562823338392058,0.044390697674418604,-1.9230000000000005,-1.9229999985939359,False,-1.4060645980862319e-09
2018-04-05,-0.22363449137103344,0.04288837209302326,-2.1510000000000007,-2.1509984637386483,False,-1.5362613523528523e-06
2018-04-06,-0.22591656595166618,0.04586046511627907,-2.239,-2.2389996276172233,False,-3.7238277661444386e-07
2018-04-09,-0.20773586244505232,0.04662325581395349,-1.9900000000000007,-1.9900032352001804,False,3.2352001797519847e-06
2018-04-10,-0.21843322358480047,0.04567906976744186,-2.125,-2.1249985581417175,False,-1.4418582825470594e-06
2018-04-11,-0.2244519668906347,0.04652093023255814,-2.2269999999999994,-2.226999506087862,False,-4.939121374114563e-07
2018-04-12,-0.22583488689448641,0.0456186046511628,-2.2290000000000005,-2.2289993498110774,False,-6.501889231458335e-07
2018-04-13,-0.2527650458016355,0.04369302325581395,-2.6,-2.5999999989418936,False,-1.0581064913139926e-09
2018-04-16,-0.2885339537173333,0.043358139534883725,-3.147,-3.1470012919773285,False,1.2919773286768077e-06
2018-04-17,-0.2848229857106888,0.04166976744186047,-3.0569999999999995,-3.057002406274994,False,2.4062749943709605e-06
2018-04-18,-0.29749901478206187,0.04298139534883721,-4.6259999999999994,-3.277611066793671,True,-1.3483889332063286
2018-04-19,-0.2958277423891178,0.04436279069767442,-3.819999999999999,-3.2803456687255053,True,-0.5396543312744937
2018-04-20,-0.2924887378300111,0.046144186046511625,-3.3069999999999995,-3.2647334424692596,True,-0.042266557530739934
2018-04-23,-0.25419103669128773,0.04505581395348837,-2.6480000000000006,-2.6479999996220758,False,-3.7792480256371164e-10
2018-04-24,-0.2519398933539063,0.04688837209302325,-2.65,-2.650003109663524,False,3.1096635240146497e-06
2018-04-25,-0.23936491711495192,0.04548837209302326,-2.4290000000000007,-2.428999944296745,False,-5.570325578574398e-08
2018-04-26,-0.2616901106484617,0.042190697674418604,-2.7079999999999997,-2.708000293977348,False,2.939773482424357e-07
2018-04-27,-0.2693120051447445,0.04286046511627908,-2.8400000000000007,-2.8399978422366967,False,-2.157763304033722e-06
2018-04-30,-0.2832299266572276,0.043860465116279064,-3.077000000000001,-3.07700216133349,False,2.1613334890702163e-06
2018-05-01,-0.2694105481962844,0.04184651162790698,-2.8210000000000006,-2.8209971925729787,False,-2.8074270219669017e-06
2018-05-02,-0.22932247880495657,0.04362325581395349,-2.242,-2.2419991288450634,False,-8.711549366324789e-07
2018-05-03,-0.25961238822169047,0.042358139534883724,-2.6790000000000007,-2.678998487616096,False,-1.5123839047781473e-06
2018-05-04,-0.2651172593532908,0.04098604651162791,-2.7370000000000005,-2.737001328905546,False,1.3289055456056076e-06
2018-05-07,-0.23530914795032926,0.042190697674418604,-2.3040000000000007,-2.3039994041207166,False,-5.958792841376237e-07
2018-05-08,-0.24961458038852263,0.041627906976744185,-2.5099999999999993,-2.5099999654919496,False,-3.450804975102528e-08
2018-05-09,-0.25330201620424947,0.04366976744186046,-2.6049999999999995,-2.6049999928042893,False,-7.19571024987431e-09
2018-05-10,-0.27477844764030857,0.04326511627906977,-2.9349999999999996,-2.9349998438277245,False,-1.5617227511199872e-07
2018-05-11,-0.29083962376460787,0.041874418604651166,-3.1590000000000003,-3.159000815705997,False,8.157059965263613e-07
2018-05-14,-0.29785358384366456,0.043079069767441865,-3.397,-3.2926937195276023,True,-0.10430628047239754
2018-05-15,-0.29279387141162544,0.046130232558139535,-3.6759999999999993,-3.275169989901743,True,-0.4008300100982565
2018-05-16,-0.2961320664310414,0.04408837209302326,-3.444999999999999,-3.2863294898055377,True,-0.1586705101944612
2018-05-17,-0.2977758931015313,0.04347906976744186,-3.478,-3.2985944834973826,True,-0.1794055165026176
2018-05-18,-0.2961107029832143,0.04407441860465117,-3.3319999999999994,-3.2857035624900326,True,-0.046296437509966815
2018-05-21,-0.299442263434244,0.042344186046511634,-3.402000000000001,-3.3010312931740646,True,-0.1009687068259364
2018-05-22,-0.2994056027670068,0.04207906976744186,-3.461000000000001,-3.294438996371497,True,-0.16656100362850434
2018-05-23,-0.2994581512515459,0.04176744186046512,-3.5610000000000013,-3.2904529302921244,True,-0.2705470697078769
2018-05-24,-0.29947438357700606,0.042158139534883725,-3.924000000000001,-3.299155682717291,True,-0.6248443172827098
2018-05-25,-0.29618440698383186,0.04361860465116279,-4.078,-3.2776768814710797,True,-0.8003231185289206
2018-05-29,-0.28447360617231476,0.050544186046511626,-4.184,-3.2350776324597423,True,-0.9489223675402578
2018-05-30,-0.29276594658599586,0.04608372093023256,-4.3889999999999985,-3.2729300442303177,True,-1.1160699557696807
2018-05-31,-0.29110000871960817,0.0468046511627907,-4.007,-3.2613974851930103,True,-0.7456025148069894
2018-06-01,-0.2977179653737616,0.0433953488372093,-3.4530000000000003,-3.295841343351761,True,-0.15715865664823925
2018-06-04,-0.29749677388660484,0.042246511627906984,-3.2699999999999987,-3.270000017538041,False,1.753804212967225e-08
2018-06-05,-0.2972964715195925,0.041786046511627914,-3.2580000000000013,-3.258000022673253,False,2.2673251720561893e-08
2018-06-06,-0.30109036510266685,0.04098604651162791,-3.656999999999999,-3.30162297609121,True,-0.355377023908789
2018-06-07,-0.2994555284535686,0.042455813953488374,-3.3840000000000003,-3.306356598821662,True,-0.07764340117833823
2018-06-08,-0.2978002716630107,0.043483720930232554,-3.3110000000000013,-3.3026033948640108,True,-0.008396605135990498
2018-06-11,-0.29618200506738546,0.04397209302325582,-3.8930000000000007,-3.287508313625854,True,-0.6054916863741466
2018-06-12,-0.294557294427808,0.04451627906976744,-4.281999999999999,-3.2739311460568645,True,-1.0080688539431346
2018-06-13,-0.2912687301969412,0.04651627906976744,-4.174000000000001,-3.26405831535353,True,-0.9099416846464714
2018-06-14,-0.2929622753973959,0.04567906976744186,-4.238999999999999,-3.2745435968432877,True,-0.9644564031567113
2018-06-15,-0.2913277287143191,0.04728372093023256,-4.091999999999999,-3.2838473253308487,True,-0.8081526746691501
2018-06-18,-0.2929514108726973,0.04645116279069768,-4.091999999999999,-3.2905236821447446,True,-0.8014763178552542
2018-06-19,-0.2895986669331346,0.04843255813953488,-3.9349999999999996,-3.278170688548184,True,-0.6568293114518156
2018-06-20,-0.29291343718933627,0.045818604651162796,-4.081999999999999,-3.275113245886114,True,-0.8068867541138851
2018-06-21,-0.2862414000804657,0.049976744186046515,-3.9939999999999998,-3.2558648595665614,True,-0.7381351404334384
2018-06-22,-0.2895555123620303,0.04766976744186047,-4.053999999999999,-3.2600878436806733,True,-0.7939121563193261
2018-06-25,-0.2811154195604485,0.05317209302325581,-3.4659999999999997,-3.2385074426540643,True,-0.22749255734593543
2018-06-26,-0.2860884413583309,0.050009302325581394,-3.4919999999999987,-3.2511854092653905,True,-0.2408145907346082
2018-06-27,-0.27520959538855905,0.05244186046511628,-3.1300000000000012,-3.1300007837876604,False,7.837876592198256e-07
2018-06-28,-0.28437272044806805,0.05064186046511628,-3.6340000000000003,-3.235992809182969,True,-0.3980071908170313
2018-06-29,-0.28769225795476766,0.04928837209302326,-4.172,-3.260145519202896,True,-0.9118544807971039
2018-07-02,-0.28770925572932826,0.04874418604651164,-4.088999999999999,-3.250023805474757,True,-0.8389761945252414
2018-07-03,-0.2859822721696885,0.05046511627906977,-3.4569999999999994,-3.2587411760343916,True,-0.1982588239656078
2018-07-05,-0.2893980183693593,0.04800930232558139,-3.9860000000000015,-3.2619840465802468,True,-0.7240159534197548
2018-07-06,-0.29437988323302133,0.04453023255813953,-4.102000000000001,-3.26884518070819,True,-0.8331548192918112
2018-07-09,-0.29613916911624255,0.04379534883720931,-3.896000000000001,-3.2821607495520717,True,-0.6138392504479291
2018-07-10,-0.2977984906184328,0.04277209302325581,-3.9259999999999993,-3.28610892511484,True,-0.6398910748851594
2018-07-11,-0.2879327244527425,0.048604651162790696,-3.6849999999999996,-3.2551396203896825,True,-0.4298603796103171
2018-07-12,-0.291274485146038,0.04689302325581396,-3.822,-3.2731199707247645,True,-0.5488800292752356
2018-07-13,-0.29294653268319726,0.04642325581395349,-4.247999999999999,-3.290177506565123,True,-0.9578224934348762
2018-07-16,-0.2912844979546966,0.04695348837209303,-4.816,-3.273968683243986,True,-1.542031316756014
2018-07-17,-0.2929620257372368,0.045841860465116284,-4.958000000000001,-3.278192443627228,True,-1.679807556372773
2018-07-18,-0.2929619845790685,0.0456186046511628,-5.425,-3.2732869805714233,True,-2.1517130194285765
2018-07-19,-0.2912477188262448,0.04678139534883721,-5.097999999999999,-3.2695952309575045,True,-1.8284047690424945
2018-07-20,-0.28959494212387626,0.0477953488372093,-5.272,-3.26555829035814,True,-2.00644170964186
2018-07-23,-0.29125384170212043,0.04746046511627907,-5.378,-3.2849279721323223,True,-2.0930720278676778
2018-07-24,-0.29291514381870387,0.04589767441860466,-4.593999999999999,-3.2777899913337203,True,-1.3162100086662791
2018-07-25,-0.2961822142807309,0.0438139534883721,-4.509,-3.284285898228617,True,-1.2247141017713834
2018-07-26,-0.2978359061769287,0.042632558139534885,-4.218000000000001,-3.2850685907120107,True,-0.9329314092879901
2018-07-27,-0.294509232705393,0.04518604651162791,-4.456999999999999,-3.2857408139931343,True,-1.1712591860068646
2018-07-30,-0.2911704837978687,0.04716744186046512,-4.156999999999999,-3.273205909951374,True,-0.883794090048625
2018-07-31,-0.29614394307155123,0.04378139534883721,-4.449000000000001,-3.281563889503486,True,-1.1674361104965145
2018-08-01,-0.2961005339517884,0.04431627906976744,-4.277000000000001,-3.2914406515102534,True,-0.9855593484897476
2018-08-02,-0.2977588651844363,0.042632558139534885,-4.383000000000001,-3.283741344761899,True,-1.0992586552381018
2018-08-03,-0.30264394293912145,0.04027906976744186,-4.619,-3.3104884985362046,True,-1.3085115014637951
2018-08-06,-0.3043050449747708,0.03937674418604651,-4.200999999999999,-3.3179219632852046,True,-0.8830780367147941
2018-08-07,-0.3043473472000954,0.03870232558139535,-3.8939999999999997,-3.3052361181439607,True,-0.588763881856039
2018-08-08,-0.30432339518521134,0.03926511627906978,-3.9840000000000004,-3.3170947276038127,True,-0.6669052723961877
2018-08-09,-0.3010975265090608,0.041251162790697675,-3.8610000000000015,-3.3084557011600633,True,-0.5525442988399383
2018-08-10,-0.29284934069813473,0.04607906976744186,-4.919999999999999,-3.278762645696694,True,-1.6412373543033052
2018-08-13,-0.28618551181746443,0.05013023255813954,-5.9030000000000005,-3.2579641168430014,True,-2.645035883156999
2018-08-14,-0.2912042184333591,0.04666976744186047,-5.241,-3.2654486726548213,True,-1.9755513273451784
2018-08-15,-0.282895912495081,0.05168837209302325,-4.840000000000001,-3.2402906108183074,True,-1.5997093891816934
2018-08-16,-0.28953463368609106,0.04813488372093023,-4.844999999999999,-3.2705194560755833,True,-1.5744805439244156
2018-08-17,-0.29119120072422666,0.04735348837209303,-4.600999999999999,-3.281590354417505,True,-1.319409645582494
2018-08-20,-0.2912287645430888,0.04686976744186047,-4.5550000000000015,-3.2721202185141105,True,-1.282879781485891
2018-08-21,-0.29120568535829894,0.04723720930232558,-4.469999999999999,-3.2787680369390104,True,-1.1912319630609884
2018-08-22,-0.29444981505279805,0.04452093023255813,-4.375,-3.2725832078363477,True,-1.1024167921636523
2018-08-23,-0.2944591739519456,0.0446139534883721,-4.7379999999999995,-3.2743190145961334,True,-1.4636809854038662
2018-08-24,-0.29612647523732494,0.04369767441860466,-4.8199999999999985,-3.281716015426488,True,-1.5382839845735106
2018-08-27,-0.2977591959626786,0.043437209302325586,-4.484999999999999,-3.3010276002330614,True,-1.183972399766938
2018-08-28,-0.29771076305633987,0.04293488372093024,-4.087999999999999,-3.2886083532017785,True,-0.7993916467982207
2018-08-29,-0.2993562689528694,0.042372093023255814,-4.075999999999999,-3.30269567327867,True,-0.7733043267213286
2018-08-30,-0.2960512771858882,0.04423720930232558,-4.1819999999999995,-3.287952832715024,True,-0.8940471672849757
2018-08-31,-0.2977302256750628,0.04313023255813953,-4.691,-3.292079299176473,True,-1.3989207008235267
2018-09-04,-0.29605782299274974,0.044293023255813954,-4.218000000000001,-3.290258232385256,True,-0.9277417676147448
2018-09-05,-0.292732769865478,0.04555348837209302,-4.2219999999999995,-3.2638153278743416,True,-0.9581846721256579
2018-09-06,-0.2910546475417182,0.04714418604651163,-4.056,-3.269923004786922,True,-0.7860769952130782
2018-09-07,-0.2893692065909034,0.04761860465116279,-4.587000000000001,-3.2534283119160436,True,-1.333571688083957
2018-09-10,-0.29105505985441354,0.046688372093023255,-4.4879999999999995,-3.261439659865308,True,-1.2265603401346916
2018-09-11,-0.29441282454178797,0.04485581395348837,-4.787999999999999,-3.2766900316741894,True,-1.51130996832581
2018-09-12,-0.29445079410948893,0.045227906976744184,-4.875,-3.285439627400818,True,-1.5895603725991818
2018-09-13,-0.2993873052684405,0.04235348837209303,-5.063999999999998,-3.3024344100005805,True,-1.7615655899994178
2018-09-14,-0.30107317805282907,0.04096279069767442,-5.159000000000001,-3.2996274079950987,True,-1.859372592004902
2018-09-17,-0.29448129949145385,0.0448093023255814,-5.094999999999999,-3.275548901093957,True,-1.819451098906042
2018-09-18,-0.2977456666429783,0.04301860465116279,-5.1370000000000005,-3.2901335004326535,True,-1.846866499567347
2018-09-19,-0.3010145220217067,0.0410139534883721,-4.519,-3.300733233714347,True,-1.218266766285653
2018-09-20,-0.30103934336083926,0.0406093023255814,-4.484,-3.2923551750255595,True,-1.1916448249744405
2018-09-21,-0.29939570679751537,0.04195348837209303,-4.155000000000001,-3.295970130806489,True,-0.8590298691935123
2018-09-24,-0.2977590035868804,0.04256279069767442,-3.8840000000000003,-3.282227445539257,True,-0.6017725544607435
2018-09-25,-0.2993658880864317,0.042358139534883724,-3.7680000000000007,-3.302060605043857,True,-0.4659393949561439
2018-09-26,-0.2977301257995697,0.0425860465116279,-4.097999999999999,-3.2804126573560506,True,-0.8175873426439484
2018-09-27,-0.3009849557023965,0.04077209302325581,-4.209999999999999,-3.293241588602306,True,-0.916758411397693
2018-09-28,-0.3009918740778969,0.0406093023255814,-4.4430000000000005,-3.2907189042858818,True,-1.1522810957141187
2018-10-01,-0.3026212521511747,0.04045116279069767,-4.152000000000001,-3.3127258105279185,True,-0.8392741894720825
2018-10-02,-0.3009919206602877,0.04098604651162791,-3.797999999999999,-3.29892997681586,True,-0.4990700231841392
2018-10-03,-0.3026027930106487,0.03990697674418605,-3.6330000000000013,-3.302026133512936,True,-0.3309738664870654
2018-10-04,-0.2927708972423445,0.04625116279069767,-3.672999999999999,-3.2784744585155274,True,-0.3945255414844717
2018-10-05,-0.27482139848619125,0.04773488372093023,-3.028,-3.0280017070425393,False,1.707042539322856e-06
2018-10-08,-0.27075065254084635,0.0477860465116279,-2.9639999999999986,-2.9640017833248185,False,1.7833248198151352e-06
2018-10-09,-0.26586602248166563,0.04833488372093024,-2.897999999999999,-2.8980004154479038,False,4.154479049667259e-07
2018-10-10,-0.2382895660372036,0.06307441860465117,-2.7650000000000006,-2.7650005579787003,False,5.579786996889879e-07
2018-10-11,-0.2624721429557254,0.060139534883720945,-3.0849999999999995,-3.0850006807023997,False,6.807024002242201e-07
2018-10-12,-0.2314288739515236,0.05805116279069768,-2.5510000000000006,-2.550999307813777,False,-6.921862234499088e-07
2018-10-15,-0.2526914117119625,0.055246511627906975,-2.8319999999999994,-2.832002123098844,False,2.1230988447307197e-06
2018-10-16,-0.28126431877507624,0.0519906976744186,-3.2150000000000007,-3.2150000076174536,False,7.617452890684717e-09
2018-10-17,-0.27319813794107556,0.050827906976744185,-3.0650000000000004,-3.0650016146474157,False,1.6146474153266865e-06
2018-10-18,-0.2390074737223041,0.05433488372093023,-2.595999999999999,-2.5959961277244945,False,-3.872275504690492e-06
2018-10-19,-0.23362224560379272,0.05346511627906977,-2.4939999999999998,-2.493999994964114,False,-5.035885930482209e-09
2018-10-22,-0.23997813149534294,0.052162790697674426,-2.5680000000000005,-2.567999999369652,False,-6.30348662156166e-10
2018-10-23,-0.24742956041427933,0.05056279069767442,-2.654000000000001,-2.6539961004661783,False,-3.899533822515622e-06
2018-10-24,-0.2566314990835886,0.055153488372093024,-2.8909999999999996,-2.8909990274037165,False,-9.725962830664514e-07
2018-10-25,-0.23595751323292583,0.05298139534883721,-2.5260000000000007,-2.5260005640694927,False,5.64069492003938e-07
2018-10-26,-0.21443131284275768,0.0513906976744186,-2.1700000000000004,-2.169999551170435,False,-4.4882956551361985e-07
2018-10-29,-0.20848637312768717,0.051344186046511635,-2.0829999999999997,-2.082998947235641,False,-1.0527643587998625e-06
2018-10-30,-0.19157054232837625,0.04933953488372093,-1.811,-1.8109999977772617,False,-2.222738215706954e-09
2018-10-31,-0.1899638830173901,0.04786046511627908,-1.764,-1.7639999954127963,False,-4.587203727979272e-09
2018-11-01,-0.19666267332407875,0.04631162790697674,-1.828,-1.8279999964088216,False,-3.591178465711664e-09
2018-11-02,-0.17568671669222072,0.04761860465116279,-1.5730000000000004,-1.5730000008760312,False,8.760308034538866e-10
2018-11-05,-0.19990584286660482,0.04736279069767441,-1.889,-1.888999998284717,False,-1.7152830267264108e-09
2018-11-06,-0.2070206751762118,0.04766511627906977,-1.9930000000000008,-1.9930028322702746,False,2.8322702738670102e-06
2018-11-07,-0.21543211373443855,0.044534883720930236,-2.056,-2.0560030409045837,False,3.0409045836954363e-06
2018-11-08,-0.22449453683008463,0.04437209302325582,-2.1849999999999996,-2.184998575033894,False,-1.4249661055565355e-06
2018-11-09,-0.20928034036918866,0.04676744186046512,-2.0060000000000002,-2.0060020842312642,False,2.0842312640212413e-06
2018-11-12,-0.21398019636493582,0.05012558139534883,-2.1349999999999993,-2.1349988804351936,False,-1.119564805751594e-06
2018-11-13,-0.22016015057427457,0.048986046511627905,-2.2060000000000004,-2.2059994046360702,False,-5.953639301559122e-07
2018-11-14,-0.20735400929230224,0.051823255813953494,-2.0680000000000005,-2.0679982943870856,False,-1.705612914904009e-06
2018-11-15,-0.21021533821715058,0.04994418604651162,-2.0760000000000005,-2.0759980022336815,False,-1.9977663190395845e-06
2018-11-16,-0.19880306518043195,0.0474093023255814,-1.8709999999999993,-1.8709999974535536,False,-2.546445720952306e-09
2018-11-19,-0.17386035911225925,0.04982790697674418,-1.5790000000000006,-1.5790000006737877,False,6.73787026173045e-10
2018-11-20,-0.20131724469720805,0.050051162790697684,-1.9549999999999996,-1.955002957486093,False,2.957486093357886e-06
2018-11-21,-0.20362600073611395,0.04663720930232558,-1.9310000000000003,-1.9310006454047897,False,6.454047893900139e-07
2018-11-23,-0.1884339283166252,0.046181395348837216,-1.7209999999999994,-1.7209999928234319,False,-7.176567562439118e-09
2018-11-26,-0.195046169331768,0.04286976744186046,-1.7569999999999992,-1.7569999917758854,False,-8.224113834387481e-09
2018-11-27,-0.18160992955726676,0.04257674418604652,-1.5829999999999997,-1.5830000012438934,False,1.2438936547454205e-09
2018-11-28,-0.18180054083589112,0.04351162790697675,-1.5959999999999994,-1.5960000012125561,False,1.2125567216969557e-09
2018-11-29,-0.17802476832367872,0.04342325581395349,-1.5489999999999995,-1.5490000012343579,False,1.2343583932761248e-09
2018-11-30,-0.1715381941225308,0.043530232558139544,-1.4709999999999994,-1.4710000010685162,False,1.0685168305712978e-09
2018-12-03,-0.1752196264009285,0.039939534883720935,-1.4709999999999994,-1.4710000014541376,False,1.4541381432309208e-09
2018-12-04,-0.19406805218266102,0.04491627906976744,-1.7760000000000005,-1.7759999947589256,False,-5.241074907402776e-09
2018-12-06,-0.18700294994797317,0.043651162790697674,-1.6680000000000006,-1.6679999874258253,False,-1.2574175256574449e-08
2018-12-07,-0.166005709076159,0.04487906976744186,-1.4299999999999997,-1.4300000007668994,False,7.668996548915175e-10
2018-12-10,-0.19526664278288136,0.04268837209302326,-1.764,-1.763999994710389,False,-5.289610971459524e-09
2018-12-11,-0.18983469159514,0.04175348837209302,-1.6799999999999997,-1.6799999878588543,False,-1.2141145422361888e-08
2018-12-12,-0.18892684997307624,0.04251627906976744,-1.6780000000000002,-1.6779999880583807,False,-1.1941619471045328e-08
2018-12-13,-0.19022815178213956,0.043255813953488376,-1.703,-1.7029999892632823,False,-1.0736717737103163e-08
2018-12-14,-0.20028661705494052,0.04486046511627907,-1.8599999999999994,-1.85999999794371,False,-2.056289361007657e-09
2018-12-17,-0.2345363276821013,0.04723255813953489,-2.3959999999999995,-2.395999988556194,False,-1.144380545881063e-08
2018-12-18,-0.2350574190330767,0.0482046511627907,-2.4230000000000005,-2.4229999973889442,False,-2.6110562600933918e-09
2018-12-19,-0.24183625274821602,0.048860465116279075,-2.5379999999999994,-2.5380000740303665,False,7.403036716979727e-08
2018-12-20,-0.23033449389634444,0.051000000000000004,-2.406999999999999,-2.4069999992788405,False,-7.211586883215659e-10
2018-12-21,-0.2191186922051469,0.04958604651162791,-2.217,-2.216999925484283,False,-7.451571715222371e-08
2018-12-24,-0.18801106840835177,0.05203720930232558,-1.8269999999999995,-1.8269972021662069,False,-2.797833792644866e-06
2018-12-26,-0.18238721761551072,0.04526511627906977,-1.6469999999999998,-1.6469999940167175,False,-5.9832823140482105e-09
2018-12-27,-0.17270330449685387,0.0446,-1.5180000000000007,-1.5180000005924397,False,5.924389867573154e-10
2018-12-28,-0.19184663350144116,0.042437209302325585,-1.7260000000000004,-1.7259999957530854,False,-4.2469150418611434e-09
2018-12-31,-0.19846052084295945,0.040516279069767444,-1.7799999999999998,-1.7799999961661015,False,-3.83389830993508e-09
2019-01-02,-0.18755590403293382,0.03798139534883721,-1.6060000000000003,-1.6060000014073879,False,1.4073875398423752e-09
2019-01-03,-0.15236049230206355,0.03897674418604651,-1.222,-1.2220000003160516,False,3.160516293121418e-10
2019-01-04,-0.14506966603245244,0.03927441860465116,-1.1439999999999997,-1.1440000002212798,False,2.2128010535027443e-10
2019-01-07,-0.16578998014889304,0.03848372093023256,-1.3560000000000003,-1.3560000010094222,False,1.00942187941655e-09
2019-01-08,-0.18124234634848166,0.03833023255813953,-1.5299999999999998,-1.5300000015417108,False,1.5417109811011187e-09
2019-01-09,-0.19325440492879062,0.040288372093023266,-1.7010000000000005,-1.7009999861353367,False,-1.3864663861440363e-08
2019-01-10,-0.19898200271290228,0.04016279069767442,-1.7719999999999998,-1.7719999918242544,False,-8.175745414007451e-09
2019-01-11,-0.2107667452528445,0.039,-1.9090000000000003,-1.9089999972254954,False,-2.7745048480909418e-09
2019-01-14,-0.2537850952106362,0.0386093023255814,-2.5200000000000005,-2.5199999928019143,False,-7.1980861271470076e-09
2019-01-15,-0.26583159418368607,0.037855813953488374,-2.6870000000000003,-2.687002835259814,False,2.8352598135938933e-06
2019-01-16,-0.2964907717020904,0.038762790697674424,-3.1659999999999995,-3.1660009232521364,False,9.232521369639812e-07
2019-01-17,-0.30351865627125496,0.03850697674418605,-3.302000000000001,-3.2666456582638,True,-0.035354341736201
2019-01-18,-0.29367418064914763,0.03836744186046511,-3.1189999999999998,-3.1190028586508185,False,2.8586508187267157e-06
2019-01-22,-0.2315490719540033,0.043632558139534885,-2.281999999999999,-2.281999735399784,False,-2.6460021507190845e-07
2019-01-23,-0.24181100170949035,0.041139534883720935,-2.3879999999999995,-2.3879999150044786,False,-8.499552084373363e-08
2019-01-24,-0.29049113159384066,0.03948372093023256,-3.0919999999999987,-3.0919963238126744,False,-3.6761873243307264e-06
2019-01-25,-0.2596604113004209,0.03878139534883721,-2.6109999999999998,-2.6109999989972423,False,-1.00275743264433e-09
2019-01-28,-0.23744401542688456,0.04020465116279069,-2.306,-2.3059996723035803,False,-3.2769641977736796e-07
2019-01-29,-0.22922859416635447,0.04039069767441861,-2.1900000000000004,-2.189998825893805,False,-1.1741061953784993e-06
2019-01-30,-0.24129460978072392,0.03832093023255814,-2.3280000000000003,-2.3279996653658412,False,-3.346341590493296e-07
2019-01-31,-0.26487955629135845,0.03685581395348837,-2.653,-2.6529999995499205,False,-4.500795292017301e-10
2019-02-01,-0.26114567215376533,0.037209302325581395,-2.603,-2.6029999967671,False,-3.2329001697917192e-09
2019-02-04,-0.27827648714887154,0.03598139534883721,-2.8400000000000007,-2.8399969292426914,False,-3.070757309320271e-06
2019-02-05,-0.24339355834475865,0.03749767441860465,-2.342,-2.3419995766434587,False,-4.233565413791496e-07
2019-02-06,-0.24299184435481055,0.03953023255813953,-2.372,-2.371999744053729,False,-2.5594627084402077e-07
2019-02-07,-0.24778575516782606,0.03953953488372094,-2.4450000000000003,-2.444999926009801,False,-7.399019930076633e-08
2019-02-08,-0.27061672415242394,0.038465116279069775,-2.772,-2.772003421283285,False,3.421283285121035e-06
2019-02-11,-0.28014580136803086,0.038497674418604654,-2.9189999999999996,-2.9190014236469275,False,1.4236469279005348e-06
2019-02-12,-0.27697859799779767,0.03796744186046512,-2.8599999999999994,-2.859997961671505,False,-2.0383284944358593e-06
2019-02-13,-0.2681529880673132,0.03733488372093023,-2.7120000000000006,-2.712001458868791,False,1.4588687902161723e-06
2019-02-14,-0.265831255684111,0.03797209302325582,-2.689,-2.689003553522942,False,3.5535229421235215e-06
2019-02-15,-0.28385369894526674,0.03741860465116279,-2.955000000000001,-2.9550019309535256,False,1.9309535246314624e-06
2019-02-19,-0.2530300301056337,0.03657674418604651,-2.468000000000001,-2.4679999169119644,False,-8.308803645107332e-08
2019-02-20,-0.2461039002809919,0.035158139534883726,-2.339,-2.3389993994616067,False,-6.005383932361497e-07
2019-02-21,-0.23882519643423566,0.035646511627906975,-2.242,-2.241998539430469,False,-1.460569531097633e-06
2019-02-22,-0.23039104937013244,0.03487441860465117,-2.1079999999999997,-2.108001694014456,False,1.6940144562660464e-06
2019-02-25,-0.2722895622488389,0.03690697674418605,-2.7670000000000003,-2.7669977444124587,False,-2.2555875416330196e-06
2019-02-26,-0.2575724894488318,0.037455813953488376,-2.553,-2.5529999827734216,False,-1.7226578385987068e-08
2019-02-27,-0.26365947454161104,0.037381395348837214,-2.6439999999999997,-2.643999997901608,False,-2.098391682636702e-09
2019-02-28,-0.27957067878280806,0.037209302325581395,-2.8849999999999993,-2.884998539461106,False,-1.4605388933830454e-06
2019-03-01,-0.26778354286884154,0.03686976744186046,-2.697,-2.6969999994098486,False,-5.901514832373778e-10
2019-03-04,-0.2533223497298146,0.038297674418604655,-2.5040000000000004,-2.5039999512906808,False,-4.870931968881109e-08
2019-03-05,-0.2621725779333317,0.03835348837209302,-2.6400000000000006,-2.639999997858726,False,-2.1412747130966636e-09
2019-03-06,-0.2560965066277897,0.040046511627906976,-2.5799999999999996,-2.579999993541592,False,-6.4584075865070645e-09
2019-03-07,-0.2369253892650377,0.04125581395348838,-2.314,-2.3139995765806365,False,-4.234193635710426e-07
2019-03-08,-0.2549638936635594,0.04057674418604651,-2.5730000000000004,-2.572999993518279,False,-6.481721381845773e-09
2019-03-11,-0.3055056738240533,0.03778139534883721,-3.2930000000000006,-3.293000215200136,False,2.1520013548936845e-07
2019-03-12,-0.2861773269913493,0.03863255813953489,-3.0169999999999986,-3.0170020712144043,False,2.0712144057632997e-06
2019-03-13,-0.3019467253639618,0.038493023255813955,-3.2569999999999992,-3.25700014873758,False,1.4873758091837885e-07
2019-03-14,-0.28904972270537044,0.0384,-3.0569999999999995,-3.0570026856040147,False,2.6856040151734817e-06
2019-03-15,-0.2771360558243069,0.038576744186046515,-2.875999999999999,-2.8759981426507224,False,-1.8573492766016386e-06
2019-03-18,-0.2649438339133255,0.039776744186046514,-2.7099999999999995,-2.709999999532001,False,-4.679985288191801e-10
2019-03-19,-0.23787088548081323,0.04063255813953489,-2.3129999999999997,-2.312999347518141,False,-6.524818587649861e-07
2019-03-20,-0.22072655556456314,0.04029302325581396,-2.059,-2.0590008498370485,False,8.498370482890039e-07
2019-03-21,-0.22276317728297096,0.039018604651162796,-2.067,-2.0670008530488433,False,8.530488431190975e-07
2019-03-22,-0.19213992437479688,0.04581395348837209,-1.7549999999999997,-1.7549999912034835,False,-8.796516182130176e-09
2019-03-25,-0.19317521886360567,0.045209302325581395,-1.7599999999999993,-1.7599999906862085,False,-9.31379084967432e-09
2019-03-26,-0.19852459256311877,0.041790697674418606,-1.7799999999999998,-1.779999989133481,False,-1.0866518795893398e-08
2019-03-27,-0.19666270314993223,0.04248372093023256,-1.7659999999999996,-1.765999988113105,False,-1.188689457976011e-08
2019-03-28,-0.21033142460685872,0.04090697674418605,-1.925,-1.9249999967759706,False,-3.2240294878249642e-09
2019-03-29,-0.2237878216979607,0.03991627906976744,-2.095999999999999,-2.0960023568727237,False,2.3568727245404375e-06
2019-04-01,-0.2631590326659736,0.03950232558139535,-2.6769999999999996,-2.676999998677255,False,-1.3227445805341631e-09
2019-04-02,-0.26761676956613295,0.03873488372093024,-2.7310000000000003,-2.73099920208577,False,-7.979142302438902e-07
2019-04-03,-0.2583070483953478,0.03917674418604651,-2.595999999999999,-2.59599998985201,False,-1.0147989115694145e-08
2019-04-04,-0.26127968906066895,0.038209302325581396,-2.623,-2.6229999940232664,False,-5.9767337745597615e-09
2019-04-05,-0.27939583410485225,0.0367906976744186,-2.875,-2.8749978331323027,False,-2.166867697273034e-06
2019-04-08,-0.2801790389663125,0.03807441860465117,-2.9129999999999994,-2.9129988994276617,False,-1.1005723377088827e-06
2019-04-09,-0.26697256974980654,0.0409953488372093,-2.7659999999999996,-2.7659995179346626,False,-4.820653369819183e-07
2019-04-10,-0.2658559112770933,0.041623255813953486,-2.761,-2.7610026251823196,False,2.6251823195266866e-06
2019-04-11,-0.2578606029493691,0.040958139534883725,-2.623,-2.622999993344117,False,-6.655883399986351e-09
2019-04-12,-0.24658302654533545,0.03952558139534884,-2.4219999999999997,-2.421999757536464,False,-2.4246353591550474e-07
2019-04-15,-0.2695372504538242,0.03914883720930233,-2.7689999999999997,-2.768996546652159,False,-3.4533478405762708e-06
2019-04-16,-0.25777505756311914,0.03887441860465117,-2.5810000000000004,-2.580999977357263,False,-2.2642737462774676e-08
2019-04-17,-0.25642441043569136,0.039790697674418604,-2.5780000000000003,-2.577999979941352,False,-2.005864807586022e-08
2019-04-18,-0.24277848551920916,0.03926046511627907,-2.3599999999999994,-2.35999945817231,False,-5.418276893820462e-07
2019-04-22,-0.24764460164882987,0.03873023255813953,-2.4239999999999995,-2.423999766545613,False,-2.3345438648902928e-07
2019-04-23,-0.2514036066075048,0.03787441860465117,-2.4650000000000007,-2.4649998532669453,False,-1.4673305548384974e-07
2019-04-24,-0.243669350707383,0.03961395348837209,-2.3810000000000002,-2.3809996639548148,False,-3.3604518545615747e-07
2019-04-25,-0.24512429455158607,0.04043720930232558,-2.4180000000000006,-2.417999783178673,False,-2.168213275588471e-07
2019-04-26,-0.2605508667699677,0.039125581395348843,-2.6290000000000004,-2.6289999928818757,False,-7.118124756289035e-09
2019-04-29,-0.25615914035687326,0.040037209302325585,-2.5790000000000006,-2.5789999830121686,False,-1.6987832029968786e-08
2019-04-30,-0.2591098581266711,0.04119069767441861,-2.647,-2.6469999964516475,False,-3.5483522786705635e-09
2019-05-01,-0.24745578143662336,0.044534883720930236,-2.531999999999999,-2.531999980685937,False,-1.9314062349451433e-08
2019-05-02,-0.2442991503811078,0.04326511627906977,-2.4590000000000005,-2.4589999162348666,False,-8.37651339402612e-08
2019-05-03,-0.23239162956806528,0.04010697674418605,-2.222,-2.2219981485000586,False,-1.8514999413632438e-06
2019-05-06,-0.23422525704589614,0.044116279069767436,-2.3230000000000004,-2.322999600494776,False,-3.9950522445764136e-07
2019-05-07,-0.18031695616537147,0.051879069767441874,-1.6879999999999995,-1.6879999921527375,False,-7.847261951354767e-09
2019-05-08,-0.18958612616004064,0.049525581395348836,-1.7790000000000006,-1.7789999957392535,False,-4.260747088480343e-09
2019-05-09,-0.19056647244384275,0.04786976744186047,-1.7680000000000007,-1.7679999944387856,False,-5.561215044025403e-09
2019-05-10,-0.20082999425147366,0.044655813953488374,-1.8540000000000005,-1.8539999958003455,False,-4.1996550681489e-09
2019-05-13,-0.2012732661712759,0.04911627906976744,-1.936,-1.9360011540417539,False,1.154041753936852e-06
2019-05-14,-0.21012258314164559,0.04523720930232558,-1.9950000000000003,-1.9950014011855408,False,1.4011855404838514e-06
2019-05-15,-0.21823230168312316,0.043967441860465126,-2.0870000000000006,-2.086996624679362,False,-3.3753206385434e-06
2019-05-16,-0.22005889578890728,0.04382790697674419,-2.1090000000000004,-2.1089968448959406,False,-3.1551040597932456e-06
2019-05-17,-0.20038229991173262,0.046102325581395355,-1.8689999999999998,-1.8689999965345938,False,-3.4654059621885835e-09
2019-05-20,-0.1748364688496308,0.045037209302325576,-1.525,-1.525000001230963,False,1.2309631092222162e-09
2019-05-21,-0.19242105825904193,0.04296744186046512,-1.717,-1.7169999837272316,False,-1.6272768466052412e-08
2019-05-22,-0.1798948515425441,0.041534883720930234,-1.5420000000000003,-1.5420000015060988,False,1.5060985791848225e-09
2019-05-23,-0.17108811640524724,0.044176744186046515,-1.4709999999999994,-1.4710000010953512,False,1.0953518092549075e-09
2019-05-24,-0.16831008710048959,0.04194883720930232,-1.4120000000000004,-1.412000001111954,False,1.1119536402759422e-09
2019-05-28,-0.15223714876333497,0.04422325581395349,-1.2579999999999998,-1.2580000004038898,False,4.0389003252983e-10
2019-05-29,-0.1466138551628534,0.04364186046511628,-1.1930000000000007,-1.193000000214792,False,2.1479129586055024e-10
2019-05-30,-0.1541280634290907,0.04315348837209302,-1.2680000000000007,-1.2680000004596834,False,4.596827363201328e-10
2019-05-31,-0.1520254581555401,0.04498604651162791,-1.2650000000000006,-1.2650000004039184,False,4.0391778810544565e-10
2019-06-03,-0.14924858485860507,0.04466511627906977,-1.2319999999999993,-1.2320000003532203,False,3.5322100799817235e-10
2019-06-04,-0.15631050368735333,0.04136279069767443,-1.2739999999999996,-1.274000000546613,False,5.466134211928875e-10
2019-06-05,-0.15891611725474059,0.04033488372093023,-1.2909999999999997,-1.2910000006564948,False,6.564950805199032e-10
2019-06-06,-0.16859494176830203,0.03946046511627907,-1.389,-1.3890000012376016,False,1.2376015767756599e-09
2019-06-07,-0.17483872078507792,0.04,-1.467,-1.4670000014735394,False,1.4735392905862454e-09
2019-06-10,-0.17332844253956034,0.039004651162790706,-1.4379999999999995,-1.4380000014899101,False,1.489910639307368e-09
2019-06-11,-0.16782817489104362,0.03951162790697675,-1.3810000000000002,-1.3810000010651868,False,1.0651866055866321e-09
2019-06-12,-0.17471938818619315,0.04009302325581396,-1.4659999999999997,-1.4660000014664165,False,1.4664167657940652e-09
2019-06-13,-0.16362850073368765,0.0394093023255814,-1.3329999999999997,-1.3330000009067824,False,9.067826489683739e-10
2019-06-14,-0.16305455772599498,0.038404651162790696,-1.3159999999999996,-1.316000000882916,False,8.829164066526118e-10
2019-06-17,-0.18145450282327935,0.03882790697674419,-1.5299999999999998,-1.5300000018401925,False,1.8401926649147526e-09
2019-06-18,-0.1871851595793968,0.04063720930232558,-1.6209999999999993,-1.621000001767058,False,1.7670587215690148e-09
2019-06-19,-0.1863218386879987,0.03933953488372093,-1.5930000000000006,-1.5930000020825932,False,2.0825925428624714e-09
2019-06-20,-0.21357063640161397,0.037772093023255814,-1.9230000000000005,-1.922999996238034,False,-3.761966516080406e-09
2019-06-21,-0.206754233957505,0.038669767441860466,-1.8459999999999994,-1.8459999930744706,False,-6.925528817092186e-09
2019-06-24,-0.1964621744305577,0.0384139534883721,-1.7090000000000003,-1.7089999774279536,False,-2.2572046676216928e-08
2019-06-25,-0.19303417833435857,0.039609302325581394,-1.6829999999999998,-1.6829999782375966,False,-2.1762403212832737e-08
2019-06-26,-0.19553649741426668,0.03971627906976744,-1.7159999999999997,-1.7159999826408818,False,-1.7359117920889844e-08
2019-06-27,-0.19769084641900891,0.040241860465116276,-1.75,-1.7499999857420765,False,-1.4257923508509407e-08
2019-06-28,-0.20290784186275312,0.03989767441860465,-1.8120000000000005,-1.811999990807975,False,-9.192025585136321e-09
2019-07-01,-0.21912260275154996,0.037013953488372095,-1.986,-1.9859999976719824,False,-2.328017556507689e-09
2019-07-02,-0.23616693415323767,0.03638139534883721,-2.214,-2.213997656529509,False,-2.3434704909952586e-06
2019-07-03,-0.22597036158276176,0.03722790697674419,-2.0819999999999994,-2.0820004054981767,False,4.0549817725832327e-07
2019-07-05,-0.2260285791986616,0.03710697674418605,-2.0819999999999994,-2.0820008261654968,False,8.261654973473753e-07
2019-07-08,-0.2281305068134603,0.03891162790697675,-2.1420000000000003,-2.1419966187873056,False,-3.381212694719693e-06
2019-07-09,-0.22189685057272704,0.03828372093023256,-2.0439999999999996,-2.043999998833087,False,-1.1669127886193564e-09
2019-07-10,-0.22167186740107928,0.03998604651162791,-2.066,-2.0660007579676427,False,7.579676428726145e-07
2019-07-11,-0.2328831001460298,0.04102325581395349,-2.245,-2.2449985737740628,False,-1.4262259373509778e-06
2019-07-12,-0.24212605302841622,0.04006511627906977,-2.3650000000000007,-2.364999535523836,False,-4.6447616464107e-07
2019-07-15,-0.25889084247079514,0.04009302325581396,-2.622,-2.6219999919221753,False,-8.077824631413932e-09
2019-07-16,-0.2507688844300089,0.04104651162790698,-2.5150000000000006,-2.514999945880506,False,-5.411949466349597e-08
2019-07-17,-0.24183329774303647,0.04202325581395349,-2.3980000000000006,-2.397999779431956,False,-2.2056804471759506e-07
2019-07-18,-0.25490308584732646,0.03908837209302326,-2.5420000000000003,-2.5419999683140446,False,-3.1685955637072993e-08
2019-07-19,-0.2538082705585268,0.040358139534883715,-2.55,-2.5499999797983217,False,-2.0201678108122678e-08
2019-07-22,-0.25612938412403496,0.03777674418604651,-2.536,-2.5359999635835946,False,-3.6416405446715316e-08
2019-07-23,-0.2527639999741907,0.03673953488372093,-2.4650000000000007,-2.464999857734963,False,-1.4226503752823305e-07
2019-07-24,-0.2395800713155482,0.039018604651162796,-2.308,-2.307999068771798,False,-9.312282016615825e-07
2019-07-25,-0.23111115064597829,0.0392093023255814,-2.1879999999999997,-2.1879973603349105,False,-2.6396650891769013e-06
2019-07-26,-0.2412805216003687,0.03865581395348837,-2.3269999999999995,-2.3269992579517638,False,-7.420482357467506e-07
2019-07-29,-0.25049666330323256,0.041004651162790694,-2.5099999999999993,-2.5099999409655935,False,-5.9034405808233714e-08
2019-07-30,-0.22747723476702567,0.0425953488372093,-2.194,-2.1939981705759193,False,-1.8294240806682183e-06
2019-07-31,-0.2231315566457505,0.044781395348837204,-2.1709999999999994,-2.1709983598064104,False,-1.640193588947625e-06
2019-08-01,-0.18490923065194453,0.04905581395348837,-1.7069999999999994,-1.7069999906169384,False,-9.383060994849757e-09
2019-08-02,-0.18766012649032607,0.04776279069767441,-1.725,-1.7249999911042773,False,-8.895722825030816e-09
2019-08-05,-0.14941292371619405,0.05320930232558141,-1.3299999999999996,-1.3300000003478283,False,3.4782865476756797e-10
2019-08-06,-0.16077103094733333,0.049976744186046515,-1.4200000000000004,-1.4200000005668167,False,5.668163716165964e-10
2019-08-07,-0.16024725123444228,0.048497674418604655,-1.3959999999999995,-1.3960000006360653,False,6.360658666437757e-10
2019-08-08,-0.19320661631298577,0.04588837209302325,-1.7709999999999995,-1.770999992508732,False,-7.491267384196476e-09
2019-08-09,-0.18115159849633272,0.04721860465116279,-1.6340000000000003,-1.6340000010459543,False,1.0459539900864456e-09
2019-08-12,-0.16713273308792445,0.05130697674418604,-1.5150000000000006,-1.5150000007263065,False,7.263059043083331e-10
2019-08-13,-0.19039910235549476,0.04753953488372094,-1.7579999999999998,-1.7579999931533248,False,-6.846675004723579e-09
2019-08-14,-0.1515318430910479,0.05301860465116279,-1.3480000000000003,-1.34800000038866,False,3.886597710334172e-10
2019-08-15,-0.1440715171975641,0.05221395348837209,-1.2519999999999996,-1.2520000002588578,False,2.5885826815397195e-10
2019-08-16,-0.1730271357082601,0.05131162790697674,-1.5840000000000003,-1.5840000007329993,False,7.329989948345883e-10
2019-08-19,-0.18255383069651285,0.04707906976744187,-1.6480000000000004,-1.6479999826122782,False,-1.7387722150985496e-08
2019-08-20,-0.16720382268987796,0.048730232558139526,-1.4780000000000002,-1.4780000007098244,False,7.098241994185628e-10
2019-08-21,-0.167965821340132,0.04559534883720931,-1.4480000000000004,-1.448000000958251,False,9.582505899885518e-10
2019-08-22,-0.16637603668417264,0.046948837209302326,-1.4459999999999993,-1.4460000008433793,False,8.433800324780805e-10
2019-08-23,-0.14553817269279595,0.051800000000000006,-1.2620000000000005,-1.2620000002226088,False,2.2260837617693596e-10
2019-08-26,-0.15172122524646703,0.049427906976744186,-1.3069999999999993,-1.3070000004421871,False,4.4218784189808957e-10
2019-08-27,-0.13963903450087653,0.049530232558139535,-1.1760000000000006,-1.17600000012437,False,1.2436940366455929e-10
2019-08-28,-0.1577524811369697,0.04834883720930233,-1.3650000000000007,-1.3650000005241814,False,5.241806988465214e-10
2019-08-29,-0.17135882866912847,0.0464186046511628,-1.5019999999999996,-1.5020000010651569,False,1.065157295698782e-09
2019-08-30,-0.17274422823595417,0.04774883720930232,-1.5370000000000004,-1.5370000008539633,False,8.539629003934124e-10
2019-09-03,-0.16719520121582634,0.04753023255813954,-1.4680000000000006,-1.468000000824848,False,8.248473015726177e-10
2019-09-04,-0.1804609490495691,0.04525581395348838,-1.5989999999999995,-1.5990000012823273,False,1.282327799501104e-09
2019-09-05,-0.20134361235393375,0.04442325581395349,-1.8579999999999999,-1.8579999957866304,False,-4.213369431127489e-09
2019-09-06,-0.2042082549085636,0.043906976744186046,-1.8870000000000005,-1.8869999963963777,False,-3.6036227335500826e-09
2019-09-09,-0.20353430670930175,0.04395348837209302,-1.8790000000000007,-1.8789999961645645,False,-3.835436190868791e-09
2019-09-10,-0.2053458074967957,0.04377674418604651,-1.9010000000000005,-1.900999996860983,False,-3.1390174903833667e-09
2019-09-11,-0.21030123251582675,0.04548372093023256,-1.9950000000000003,-1.9949999988725875,False,-1.1274128297600328e-09
2019-09-12,-0.21130865554172207,0.04462325581395349,-1.9950000000000003,-1.9949999987639437,False,-1.2360565904145915e-09
2019-09-13,-0.19867053476325328,0.046013953488372096,-1.8400000000000005,-1.8399999943632803,False,-5.636720201707135e-09
2019-09-16,-0.20265050745496765,0.04731627906976745,-1.9159999999999997,-1.9159999975936837,False,-2.406316035319378e-09
2019-09-17,-0.19381343847558047,0.04728837209302325,-1.7939999999999998,-1.7939999926759629,False,-7.324036932487843e-09
2019-09-18,-0.19626958095912347,0.04608837209302325,-1.8090000000000004,-1.8089999927990517,False,-7.200948726193701e-09
2019-09-19,-0.20215135239553567,0.04525581395348838,-1.8769999999999996,-1.8769999957935533,False,-4.206446302390532e-09
2019-09-20,-0.19070172975279015,0.0469906976744186,-1.75,-1.7499999904711607,False,-9.528839273187373e-09
2019-09-23,-0.20195209594746472,0.045395348837209304,-1.8780000000000001,-1.877999996167731,False,-3.832269168668745e-09
2019-09-24,-0.19231828947558507,0.048818604651162785,-1.8010000000000006,-1.8009999953632172,False,-4.6367834016791676e-09
2019-09-25,-0.1948656975248898,0.046362790697674426,-1.7980000000000005,-1.7979999934296145,False,-6.570386013038387e-09
2019-09-26,-0.19101547488619666,0.04665581395348838,-1.7510000000000006,-1.75099999127567,False,-8.724330591292073e-09
2019-09-27,-0.1825718085556571,0.04800000000000001,-1.661,-1.6609999855187425,False,-1.4481257526455238e-08
2019-09-30,-0.19351217929399805,0.04540465116279071,-1.7670000000000001,-1.7669999911853969,False,-8.814603269513555e-09
2019-10-01,-0.16148598429035246,0.0477860465116279,-1.4010000000000005,-1.4010000006537282,False,6.537277386087226e-10
2019-10-02,-0.13793343903344008,0.04828372093023256,-1.1469999999999998,-1.1470000001464373,False,1.4643752876963845e-10
2019-10-03,-0.14943507472257986,0.045674418604651164,-1.2439999999999998,-1.2440000003123717,False,3.123719061193242e-10
2019-10-04,-0.16954156385948022,0.044274418604651165,-1.4540000000000006,-1.4540000010947651,False,1.0947645012748808e-09
2019-10-07,-0.2016772147033916,0.04513488372093024,-1.8760000000000006,-1.8759999971653691,False,-2.8346314184801713e-09
2019-10-08,-0.1962070081363705,0.04756744186046512,-1.842,-1.841999997628032,False,-2.37196817742813e-09
2019-10-09,-0.2079707631632681,0.04709302325581396,-1.9950000000000003,-1.9950021910164253,False,2.191016424957226e-06
2019-10-10,-0.21523795911728058,0.04635348837209302,-2.0849999999999995,-2.084997157690228,False,-2.842309771544649e-06
2019-10-11,-0.22709614729269978,0.04544186046511627,-2.2400000000000007,-2.2399990822676417,False,-9.177323589959485e-07
2019-10-14,-0.2451812785052203,0.04392093023255814,-2.4849999999999994,-2.4849999502371,False,-4.9762899578809083e-08
2019-10-15,-0.2603892562453987,0.043711627906976754,-2.717,-2.7169997299534514,False,-2.7004654867823774e-07
2019-10-16,-0.25036758158335043,0.04333023255813953,-2.553,-2.5529999794707323,False,-2.0529267619195934e-08
2019-10-17,-0.26793935193853047,0.041986046511627906,-2.8009999999999993,-2.800998404866281,False,-1.5951337184461067e-06
2019-10-18,-0.25604693008147955,0.042418604651162796,-2.6239999999999997,-2.623999996325026,False,-3.6749736587182724e-09
2019-10-21,-0.27248113495141263,0.040600000000000004,-2.844,-2.8439978208829366,False,-2.1791170632390333e-06
2019-10-22,-0.25422185411017173,0.041544186046511625,-2.5790000000000006,-2.5789999902673006,False,-9.732699979281279e-09
2019-10-23,-0.2689689078352813,0.04073953488372094,-2.7920000000000003,-2.7919985171423827,False,-1.4828576175851538e-06
2019-10-24,-0.2521462521691393,0.04025581395348837,-2.522,-2.521999958964825,False,-4.1035174813686126e-08
2019-10-25,-0.2568997377809339,0.0389860465116279,-2.5700000000000003,-2.56999997598574,False,-2.401426035802956e-08
2019-10-28,-0.25248194666231216,0.040223255813953494,-2.5260000000000007,-2.5259999554196075,False,-4.458039315480278e-08
2019-10-29,-0.2648436515880063,0.04081395348837209,-2.7290000000000005,-2.7289995959684172,False,-4.0403158330093447e-07
2019-10-30,-0.2805858229020555,0.040218604651162795,-2.9639999999999986,-2.9640001343158597,False,1.3431586110002058e-07
2019-10-31,-0.2859595765868834,0.04135813953488372,-3.0710000000000006,-3.07100204893675,False,2.0489367495990507e-06
2019-11-01,-0.26344821752180253,0.039855813953488375,-2.6879999999999997,-2.6879999983415286,False,-1.658471138199502e-09
2019-11-04,-0.27984955725834887,0.041279069767441855,-2.974000000000001,-2.974000690608061,False,6.906080600721509e-07
2019-11-05,-0.2596814016501588,0.04231627906976744,-2.678,-2.6779999987417686,False,-1.2582312969300347e-09
2019-11-06,-0.25034393065126664,0.04166976744186047,-2.5200000000000005,-2.519999951418217,False,-4.858178348499109e-08
2019-11-07,-0.24663598386147925,0.04193023255813954,-2.468000000000001,-2.4679998938702696,False,-1.0612973122547942e-07
2019-11-08,-0.23820856835708554,0.041423255813953494,-2.3299999999999996,-2.329999312113945,False,-6.878860547843146e-07
2019-11-11,-0.24152331921094217,0.04165581395348837,-2.3849999999999993,-2.3849996883372273,False,-3.1166277203453774e-07
2019-11-12,-0.23664044289286,0.04202325581395349,-2.3180000000000005,-2.3179993227598654,False,-6.772401350829682e-07
2019-11-13,-0.24426545879479,0.04348837209302326,-2.461,-2.460999889843116,False,-1.1015688405890955e-07
2019-11-14,-0.2550466104017351,0.04346511627906977,-2.628,-2.627999994724652,False,-5.27534815830677e-09
2019-11-15,-0.2466249435904853,0.04341860465116279,-2.495,-2.4949999185076384,False,-8.149236174759267e-08
2019-11-18,-0.2567335479462693,0.04371627906976744,-2.6590000000000003,-2.6589999969955045,False,-3.004495763292425e-09
2019-11-19,-0.2610786253666312,0.044627906976744194,-2.7459999999999996,-2.7459972049774546,False,-2.795022544965775e-06
2019-11-20,-0.24986416088223112,0.044353488372093026,-2.564,-2.563999979196627,False,-2.08033732462809e-08
2019-11-21,-0.2444729313617706,0.04469302325581396,-2.4870000000000005,-2.4869999368237465,False,-6.317625400598104e-08
2019-11-22,-0.24973800731332807,0.043906976744186046,-2.553,-2.5529999723721883,False,-2.762781159404426e-08
2019-11-25,-0.2720066349230146,0.041972093023255816,-2.8650000000000007,-2.8649986543441455,False,-1.3456558551894204e-06
2019-11-26,-0.28250311701605557,0.041804651162790696,-3.028,-3.0280009003393777,False,9.003393777184954e-07
2019-11-27,-0.28288811627892435,0.04195348837209303,-3.0370000000000004,-3.0370011060874567,False,1.1060874562929257e-06
2019-11-29,-0.2789981101002138,0.042348837209302326,-2.9830000000000014,-2.98300076815406,False,7.681540585835478e-07
2019-12-02,-0.25222645540105776,0.0460046511627907,-2.6349999999999993,-2.6349999984745978,False,-1.5254015828247702e-09
2019-12-03,-0.22688252386362362,0.04774418604651163,-2.278,-2.2779995017015997,False,-4.982984003198965e-07
2019-12-04,-0.23267451558240929,0.045916279069767446,-2.3310000000000004,-2.330999641799019,False,-3.582009813207776e-07
2019-12-05,-0.2352065072118192,0.045637209302325586,-2.364,-2.3639997514014044,False,-2.485985954869818e-07
2019-12-06,-0.28615669945686384,0.04489302325581395,-3.147999999999999,-3.1480007301471744,False,7.301471756093747e-07
2019-12-09,-0.2908967620974456,0.04739069767441861,-3.656,-3.269588223653431,True,-0.3864117763465691
2019-12-10,-0.2909327132334656,0.0469906976744186,-3.5,-3.2621322958225507,True,-0.2378677041774493
2019-12-11,-0.2876742246361159,0.04875348837209302,-3.4370000000000003,-3.251135194332166,True,-0.18586480566783425
2019-12-12,-0.29085311876781234,0.04711627906976743,-3.2680000000000007,-3.268000288556295,False,2.8855629441437713e-07
2019-12-13,-0.29442643388224243,0.044934883720930234,-4.450999999999999,-3.280123396690866,True,-1.1708766033091327
2019-12-16,-0.29608920491759794,0.04381860465116279,-4.385,-3.2833352791626766,True,-1.1016647208373231
2019-12-17,-0.29282664304733663,0.045841860465116284,-3.747999999999999,-3.275504066910738,True,-0.47249593308926086
2019-12-18,-0.2928195769128556,0.04613953488372093,-4.456,-3.281070450284511,True,-1.1749295497154892
2019-12-19,-0.294463676977424,0.04523255813953489,-5.0139999999999985,-3.2874228739474103,True,-1.7265771260525882
2019-12-20,-0.2927937409838079,0.046181395348837216,-4.716999999999999,-3.2817436822011645,True,-1.4352563177988342
2019-12-23,-0.29275481148813615,0.046427906976744183,-4.391,-3.2861846177531,True,-1.1048153822469002
2019-12-24,-0.2927599340526598,0.045967441860465114,-4.3870000000000005,-3.27621560714891,True,-1.1107843928510905
2019-12-26,-0.29438865505583556,0.04533023255813953,-4.3069999999999995,-3.287958668778995,True,-1.0190413312210045
2019-12-27,-0.29268499800991943,0.04633953488372093,-4.028999999999999,-3.281095767655437,True,-0.7479042323445619
2019-12-30,-0.2909746728841424,0.04652093023255814,-3.3560000000000003,-3.2549903493505967,True,-0.10100965064940359
2019-12-31,-0.29597913690501393,0.04376744186046512,-3.952000000000001,-3.2761755801429473,True,-0.6758244198570535
2020-01-02,-0.29930758994560525,0.04170697674418605,-3.7699999999999987,-3.2871591913857587,True,-0.48284080861423995
2020-01-03,-0.2959674699978006,0.04362325581395349,-3.346000000000001,-3.2722891222758324,True,-0.07371087772416862
2020-01-06,-0.29527683191396087,0.04309767441860465,-3.250999999999999,-3.251000033103315,False,3.310331608830097e-08
2020-01-07,-0.2787291919782852,0.042358139534883724,-2.978,-2.9780014001851245,False,1.4001851242895214e-06
2020-01-08,-0.29930933243908964,0.04195813953488372,-3.6419999999999986,-3.2897429766252815,True,-0.3522570233747171
2020-01-09,-0.3009896581576845,0.04084186046511628,-3.347,-3.2944194817635997,True,-0.05258051823640031
2020-01-10,-0.2699902118319829,0.04108372093023256,-2.8150000000000004,-2.814999348527546,False,-6.514724542050487e-07
2020-01-13,-0.28972889405982344,0.041153488372093025,-3.127000000000001,-3.1270013566992554,False,1.356699254273508e-06
2020-01-14,-0.2878664194947958,0.0404046511627907,-3.0819999999999994,-3.0820019164657215,False,1.9164657221182324e-06
2020-01-15,-0.29942884642936896,0.04239534883720931,-3.553,-3.3038230170079075,True,-0.24917698299209246
2020-01-16,-0.29946494519401434,0.04203720930232558,-3.3129999999999997,-3.2970325655670014,True,-0.015967434432998306
2020-01-17,-0.2978359135020839,0.04267441860465117,-3.4620000000000006,-3.28607055158101,True,-0.17592944841899083
2020-01-21,-0.2961370467615671,0.04324651162790698,-3.2699999999999987,-3.270000011399261,False,1.1399262422884249e-08
2020-01-22,-0.27961066765894865,0.04237674418604652,-2.9930000000000008,-2.9930011778950467,False,1.177895045945121e-06
2020-01-23,-0.2903846484069716,0.04304186046511629,-3.1759999999999993,-3.176000613049795,False,6.13049795816778e-07
2020-01-24,-0.25678181969774083,0.04578139534883721,-2.7019999999999995,-2.701998589878042,False,-1.4101219574236268e-06
2020-01-27,-0.252568331560717,0.04994883720930233,-2.720999999999999,-2.7209965953311377,False,-3.404668861506366e-06
2020-01-28,-0.24556476746055758,0.047493023255813956,-2.561,-2.56099999394384,False,-6.056160017919865e-09
2020-01-29,-0.24434774567537057,0.04607906976744186,-2.5150000000000006,-2.51499998382048,False,-1.6179520390124935e-08
2020-01-30,-0.27656584039192245,0.04487906976744186,-2.9949999999999988,-2.9950023390638494,False,2.3390638506093353e-06
2020-01-31,-0.2874990915172982,0.04911627906976744,-3.572999999999999,-3.2465270695001385,True,-0.3264729304998606
2020-02-03,-0.25834111191666176,0.04788372093023256,-2.7700000000000005,-2.769996718937139,False,-3.2810628614043935e-06
2020-02-04,-0.2684794376623224,0.04473488372093024,-2.8650000000000007,-2.8649991897033025,False,-8.102966981837767e-07
2020-02-05,-0.27772601370826355,0.04317209302325581,-2.978,-2.978002263952358,False,2.2639523575840315e-06
2020-02-06,-0.29604531745533913,0.043539534883720934,-3.447999999999999,-3.2691406826786396,True,-0.1788593173213595
2020-02-07,-0.29143581689397063,0.044655813953488374,-3.221000000000001,-3.2210000651657027,False,6.516570172365732e-08
2020-02-10,-0.2943781490708226,0.045027906976744185,-3.3289999999999993,-3.2749501789329374,True,-0.05404982106706191
2020-02-11,-0.2943892829454392,0.04509767441860465,-3.294999999999999,-3.27621111076511,True,-0.018788889234889083
2020-02-12,-0.2944598672466126,0.04495348837209302,-3.319999999999999,-3.2781306948043896,True,-0.041869305195609385
2020-02-13,-0.29279327562816615,0.04612558139534884,-3.3039999999999994,-3.2763262580859696,True,-0.027673741914029826
2020-02-14,-0.292753496008658,0.045660465116279074,-3.2669999999999986,-3.2670000215482187,False,2.1548220097145077e-08
2020-02-18,-0.2911105676679653,0.04698604651162791,-3.7659999999999996,-3.2669553802835356,True,-0.49904461971646397
2020-02-19,-0.2944110014328234,0.0446139534883721,-4.181,-3.2684630982656135,True,-0.9125369017343865
2020-02-20,-0.29267006481414076,0.04626976744186047,-3.7120000000000006,-3.273742045145428,True,-0.4382579548545724
2020-02-21,-0.28763398795190714,0.048772093023255816,-3.5139999999999985,-3.245834443914479,True,-0.2681655560855196
2020-02-24,-0.27058312362910886,0.05242790697674419,-3.047999999999999,-3.0480032548494616,False,3.2548494623974022e-06
2020-02-25,-0.2676634283877389,0.05628372093023256,-3.0789999999999993,-3.0790011606675707,False,1.1606675713871084e-06
2020-02-26,-0.2715400951025436,0.05276279069767443,-3.0650000000000004,-3.065001691270982,False,1.69127098148536e-06
2020-02-27,-0.25792326146458355,0.054883720930232555,-2.8930000000000007,-2.8930000023601403,False,2.3601396392791685e-09
2020-02-28,-0.2666223094894872,0.05847906976744187,-3.0819999999999994,-3.082000259366315,False,2.5936631553591383e-07
2020-03-02,-0.24549881783033387,0.05334418604651163,-2.684,-2.68399999980897,False,-1.9103030268752264e-10
2020-03-03,-0.2188266143306174,0.05428837209302326,-2.306,-2.3059999992789413,False,-7.210587682493497e-10
2020-03-04,-0.24954044537416986,0.05300930232558139,-2.7379999999999995,-2.7380000003889102,False,3.889106814369825e-10
2020-03-05,-0.22061943452766317,0.05565581395348837,-2.3609999999999998,-2.3609999982167373,False,-1.783262426613419e-09
2020-03-06,-0.2326738100305933,0.059144186046511636,-2.6079999999999997,-2.607999998119892,False,-1.880107625140681e-09
2020-03-09,-1.2,0.0638093023255814,-2.156999999999999,-1.4639056426031851,True,-0.693094357396814
2020-03-10,-0.19383539200178831,0.0645674418604651,-2.1379999999999995,-2.1379999987828007,False,-1.2171987862075184e-09
2020-03-11,-0.19076412582472513,0.06833953488372094,-2.1719999999999997,-2.1719999954682554,False,-4.531744313140962e-09
2020-03-12,-1.2,0.07211627906976746,-1.5790000000000006,-1.5258959493720206,True,-0.05310405062798007
2020-03-13,-1.2,0.07966511627906978,-3.2370000000000005,-1.4327111173747065,True,-1.804288882625294
2020-03-16,-1.1465143882625233,0.09,-1.4659999999999997,-1.4659999941219837,False,-5.8780160738791665e-09
2020-03-17,-1.1836650328880285,0.09,-1.6670000000000003,-1.6669999356489749,False,-6.43510253972579e-08
2020-03-18,-1.1586937553154213,0.08433953488372095,-1.3540000000000005,-1.353999862428173,False,-1.3757182748541652e-07
2020-03-19,-1.1938506765651806,0.08453953488372092,-1.5439999999999998,-1.5439993310507651,False,-6.689492346723114e-07
2020-03-20,-1.2,0.08706046511627909,-1.8120000000000005,-1.481885540144379,True,-0.3301144598556216
2020-03-23,-1.2,0.07810697674418604,-1.7049999999999996,-1.4041560438170353,True,-0.30084395618296433
2020-03-24,-1.2,0.07995813953488373,-1.775,-1.4091309948885027,True,-0.3658690051114972
2020-03-25,-1.2,0.07994883720930232,-1.6599999999999995,-1.4074458044870413,True,-0.2525541955129582
2020-03-26,-1.2,0.07887441860465116,-1.8969999999999998,-1.4090925477663145,True,-0.48790745223368526
2020-03-27,-1.2,0.07846976744186047,-1.7409999999999997,-1.409650520378093,True,-0.33134947962190675
2020-03-30,-0.18731083790850983,0.07333023255813953,-2.218000000000001,-2.217999999605863,False,-3.9413805552612757e-10
2020-03-31,-0.21256346237802956,0.07112558139534884,-2.5489999999999995,-2.549000000188571,False,1.8857138073258284e-10
2020-04-01,-0.14140513340025068,0.07301860465116279,-1.5480000000000005,-1.5479988056497773,False,-1.1943502231659409e-06
2020-04-02,-0.1684620767547723,0.06852558139534884,-1.8430000000000006,-1.8429998579708529,False,-1.4202914777605713e-07
2020-04-03,-0.18580243189831128,0.06675348837209302,-2.0569999999999995,-2.0569999952995754,False,-4.700424049985941e-09
2020-04-06,-0.1890943313278252,0.06665116279069767,-2.1010000000000004,-2.1009999978860088,False,-2.113991648400315e-09
2020-04-07,-0.176252647352053,0.06253488372093023,-1.8480000000000003,-1.8479996367355203,False,-3.6326448005219447e-07
2020-04-08,-0.17880385924207953,0.06575348837209302,-1.9299999999999997,-1.9299998177720004,False,-1.822279993568543e-07
2020-04-09,-0.19155787287743015,0.06406976744186046,-2.0849999999999995,-2.0849999813138225,False,-1.8686177050142305e-08
2020-04-13,-0.18262460108539108,0.06450232558139535,-1.9599999999999995,-1.9599998117238953,False,-1.882761042626413e-07
2020-04-14,-0.2052745888464912,0.061293023255813955,-2.2329999999999997,-2.232999999323921,False,-6.760787485404762e-10
2020-04-15,-0.20318123327014553,0.06322325581395351,-2.242,-2.241999999313135,False,-6.868647872693145e-10
2020-04-16,-0.2062801668261812,0.06025581395348838,-2.2329999999999997,-2.232996833271602,False,-3.166728397729912e-06
2020-04-17,-0.2351074072103932,0.05913953488372094,-2.6430000000000007,-2.6430000001246157,False,1.2461498499760637e-10
2020-04-20,-0.2246660812830682,0.06141395348837209,-2.5340000000000003,-2.533999999127018,False,-8.729821310282659e-10
2020-04-21,-0.21351268872052057,0.06149767441860466,-2.3709999999999996,-2.3710000001821583,False,1.8215873254234793e-10
2020-04-22,-0.23528858068944486,0.057720930232558136,-2.6189999999999998,-2.6190000004068024,False,4.0680259161263166e-10
2020-04-23,-0.2300880821522384,0.05667906976744186,-2.522,-2.5219974497797,False,-2.550220299823991e-06
2020-04-24,-0.24010737871722926,0.05575813953488372,-2.6510000000000007,-2.650999999434589,False,-5.654117174458406e-10
2020-04-27,-0.2583119091851099,0.05607441860465117,-2.9289999999999994,-2.9289970329374557,False,-2.967062543657306e-06
2020-04-28,-0.25968132102715447,0.05478604651162791,-2.922999999999999,-2.922997344518128,False,-2.655481871283172e-06
2020-04-29,-0.2753928238924371,0.053944186046511626,-3.2599999999999993,-3.1366954822265853,True,-0.123304517773414
2020-04-30,-0.26722806417072553,0.055130232558139536,-3.0379999999999994,-3.038000655159898,False,6.55159898776958e-07
2020-05-01,-0.262381676193515,0.05681395348837209,-2.997,-2.9970008005210205,False,8.005210205830338e-07
2020-05-04,-0.27103406373515065,0.0563953488372093,-3.128999999999999,-3.1122513606636044,True,-0.0167486393363947
2020-05-05,-0.25243118503968787,0.055288372093023265,-2.825999999999999,-2.8259999997245178,False,-2.754814154570795e-10
2020-05-06,-0.25449798535803314,0.055423255813953486,-2.8590000000000004,-2.8589999999502096,False,-4.979083811917917e-11
2020-05-07,-0.27063626017406206,0.05387441860465116,-3.066999999999999,-3.06700027393865,False,2.739386513184172e-07
2020-05-08,-0.2757620176813878,0.05379069767441861,-3.221000000000001,-3.1467718841477335,True,-0.07422811585226752
2020-05-11,-0.2578738297526102,0.0552139534883721,-2.9099999999999993,-2.9099979714404145,False,-2.0285595847546745e-06
2020-05-12,-0.23009742656178514,0.060813953488372104,-2.597,-2.596999799469138,False,-2.0053086213778215e-07
2020-05-13,-0.20651179285700225,0.0663953488372093,-2.343000000000001,-2.3430022800228536,False,2.2800228527408706e-06
2020-05-14,-0.2159810361890825,0.06374418604651164,-2.4349999999999996,-2.4350004792713387,False,4.792713390600056e-07
2020-05-15,-0.21915575856918748,0.06186976744186047,-2.447,-2.4470001533374823,False,1.5333748226709076e-07
2020-05-18,-0.25430925133095983,0.05855813953488373,-2.922999999999999,-2.9230034844347714,False,3.4844347722717828e-06
2020-05-19,-0.24308434024738354,0.05841860465116279,-2.748,-2.747999470192649,False,-5.298073513237966e-07
2020-05-20,-0.23659599661773428,0.05583255813953489,-2.595,-2.59500179405511,False,1.794055109805015e-06
2020-05-21,-0.22608927992087546,0.0567813953488372,-2.4530000000000003,-2.4530038298724,False,3.829872399663259e-06
2020-05-22,-0.23646880215216384,0.055060465116279066,-2.5780000000000003,-2.578000420903357,False,4.2090335661271183e-07
2020-05-26,-0.2611608847020883,0.05283255813953489,-2.9110000000000014,-2.9109982926488716,False,-1.7073511298093536e-06
2020-05-27,-0.2691928233725229,0.05107906976744186,-2.996000000000001,-2.996003453719933,False,3.453719932267063e-06
2020-05-28,-0.2754249978553748,0.05069302325581395,-3.0780000000000003,-3.0780004869251467,False,4.869251464256763e-07
2020-05-29,-0.2839958748900055,0.04911627906976744,-3.1719999999999997,-3.172001305489114,False,1.3054891141450753e-06
2020-06-01,-0.28261438749296774,0.049520930232558144,-3.2090000000000005,-3.1585201559943252,True,-0.05047984400567529
2020-06-02,-0.28450387113418224,0.04875813953488373,-3.2610000000000015,-3.173882934562385,True,-0.08711706543761633
2020-06-03,-0.2813232126998497,0.049697674418604655,-3.15,-3.150000020665404,False,2.066540405465389e-08
2020-06-04,-0.27442248386273677,0.051106976744186045,-3.077000000000001,-3.0770009291715645,False,9.291715636905451e-07
2020-06-05,-0.2697357511517608,0.050041860465116286,-2.9870000000000005,-2.9869965114016,False,-3.488598400380738e-06
2020-06-08,-0.26325735818975804,0.05118604651162791,-2.9110000000000014,-2.910998998827476,False,-1.0011725253278314e-06
2020-06-09,-0.23528749768435825,0.05162790697674419,-2.4930000000000008,-2.4930029231220305,False,2.923122029763192e-06
2020-06-10,-0.25032840110365073,0.0542,-2.7739999999999996,-2.7739982252141226,False,-1.7747858769290303e-06
2020-06-11,-0.25016195889407716,0.06829767441860465,-3.128999999999999,-3.0452094060243735,True,-0.0837905939756256
2020-06-12,-0.24568255524928562,0.07051162790697675,-3.353999999999999,-3.032273140436479,True,-0.3217268595635203
2020-06-15,-0.25455673604731965,0.06596744186046512,-3.7330000000000014,-3.072598936831203,True,-0.6604010631687984
2020-06-16,-0.25307513656675623,0.0666232558139535,-3.3849999999999993,-3.0653733765680684,True,-0.31962662343193093
2020-06-17,-0.2564278030235154,0.06508837209302326,-3.549000000000001,-3.0836537053973636,True,-0.4653462946026372
2020-06-18,-0.25994867459114607,0.06292558139534883,-3.4900000000000007,-3.09200898247603,True,-0.3979910175239705
2020-06-19,-0.22163715254775074,0.06434883720930233,-2.5379999999999994,-2.537997188834998,False,-2.8111650012263567e-06
2020-06-22,-0.26204323046065126,0.06231627906976744,-3.5539999999999994,-3.1123857162490833,True,-0.44161428375091605
2020-06-23,-0.26394961155034746,0.0608046511627907,-3.5199999999999987,-3.1102010501024524,True,-0.4097989498975463
2020-06-24,-0.25825578255986903,0.06366976744186045,-3.405000000000001,-3.080829011238622,True,-0.32417098876137906
2020-06-25,-0.26692463730277444,0.05916279069767442,-3.191999999999999,-3.118244987081889,True,-0.07375501291810993
2020-06-26,-0.2648167878316227,0.059827906976744186,-3.747,-3.0960385732180766,True,-0.6509614267819233
2020-06-29,-0.27191576858982236,0.05642790697674418,-3.575,-3.1356473829922695,True,-0.43935261700773065
2020-06-30,-0.2723505794870057,0.056167441860465114,-4.827000000000001,-3.139851003078846,True,-1.687148996921155
2020-07-01,-0.2724917273368933,0.0562,-4.244,-3.1467420451739367,True,-1.097257954826063
2020-07-02,-0.27601215510872656,0.05370697674418605,-4.634,-3.149404497272446,True,-1.4845955027275544
2020-07-06,-0.2759918531867535,0.05421860465116279,-4.097999999999999,-3.1588727260282696,True,-0.9391272739717293
2020-07-07,-0.27405674008170516,0.054939534883720935,-3.8340000000000005,-3.1419703472338205,True,-0.69202965276618
2020-07-08,-0.2775757985153879,0.05271627906976745,-4.446000000000001,-3.151007203238423,True,-1.2949927967615777
2020-07-09,-0.27568936812234307,0.05353953488372093,-3.8840000000000003,-3.1376282466118504,True,-0.74637175338815
2020-07-10,-0.28085470072339946,0.05102790697674418,-3.5680000000000005,-3.1660955851953734,True,-0.40190441480462713
2020-07-13,-0.25135631947044557,0.05734883720930232,-2.852000000000001,-2.852000000047094,False,4.709299616934004e-11
2020-07-14,-0.2753440523520197,0.05244186046511628,-3.1099999999999994,-3.11000013391131,False,1.339113104847911e-07
2020-07-15,-0.2773849638577593,0.05288837209302326,-4.6530000000000005,-3.1525076838668107,True,-1.5004923161331898
2020-07-16,-0.27576235473814575,0.05377674418604652,-4.244,-3.1464470904386994,True,-1.0975529095613004
2020-07-17,-0.2743789605414226,0.054869767441860465,-4.081,-3.15374255948953,True,-0.9272574405104703
2020-07-20,-0.2796953819302508,0.05233023255813954,-4.590000000000001,-3.1828090428938802,True,-1.4071909571061205
2020-07-21,-0.27628814392738105,0.053702325581395344,-3.4840000000000004,-3.1598196274044663,True,-0.3241803725955341
2020-07-22,-0.27971633814916685,0.05248372093023256,-4.038999999999999,-3.1866118678581494,True,-0.8523881321418494
2020-07-23,-0.27613499448419465,0.05427906976744186,-4.074000000000001,-3.1665990830021524,True,-0.9074009169978483
2020-07-24,-0.27431066970799345,0.05452093023255814,-3.9400000000000004,-3.1452142248147226,True,-0.7947857751852778
2020-07-27,-0.2793685619073122,0.05242325581395349,-3.961000000000001,-3.179233231486125,True,-0.7817667685138763
2020-07-28,-0.27775353122663654,0.05296744186046512,-3.9639999999999986,-3.164989669041174,True,-0.7990103309588248
2020-07-29,-0.2795847244006209,0.05160465116279069,-4.086000000000001,-3.167116966087074,True,-0.9188830339129272
2020-07-30,-0.27945432490685834,0.05216744186046512,-3.899000000000001,-3.175198852139502,True,-0.7238011478604989
2020-07-31,-0.27946650958058866,0.052111627906976744,-4.156000000000001,-3.1749472976109843,True,-0.9810527023890163
2020-08-03,-0.27944944738879923,0.05163720930232558,-4.177000000000001,-3.165372204707392,True,-1.0116277952926094
2020-08-04,-0.28127188215891136,0.05069767441860466,-4.163999999999999,-3.174193164362729,True,-0.9898068356372698
2020-08-05,-0.28466053709939804,0.049148837209302326,-3.9590000000000005,-3.1942131488995553,True,-0.7647868511004452
2020-08-06,-0.2847760649998383,0.04922790697674419,-4.175,-3.1984052527921305,True,-0.9765947472078693
2020-08-07,-0.28307681126013223,0.05031627906976745,-3.975,-3.1967978608768886,True,-0.7782021391231115
2020-08-10,-0.27986826248262436,0.05168837209302325,-3.75,-3.1775376938641,True,-0.5724623061359
2020-08-11,-0.27468768982960623,0.055041860465116284,-3.6389999999999985,-3.1654337523918237,True,-0.4735662476081748
2020-08-12,-0.27660147575186067,0.05382790697674419,-3.700999999999999,-3.1726247844958837,True,-0.5283752155041155
2020-08-13,-0.2765496276255002,0.05357209302325582,-3.6110000000000015,-3.166812772641054,True,-0.44418722735894756
2020-08-14,-0.27811586210709927,0.0531860465116279,-3.6819999999999995,-3.182557172177751,True,-0.4994428278222487
2020-08-17,-0.2817027463161768,0.05132558139534884,-3.7449999999999988,-3.19929003878794,True,-0.5457099612120588
2020-08-18,-0.28007288163395216,0.05236744186046512,-3.808000000000001,-3.196147398399139,True,-0.6118526016008623
2020-08-19,-0.2782582130065051,0.05335813953488372,-3.819999999999999,-3.1871935862085388,True,-0.6328064137914602
2020-08-20,-0.27827415475116524,0.052553488372093025,-4.405000000000001,-3.170309285230937,True,-1.234690714769064
2020-08-21,-0.2798632916347199,0.05174418604651163,-4.672999999999999,-3.177700585979888,True,-1.4952994140201112
2020-08-24,-0.28316450241537683,0.050348837209302326,-4.722999999999999,-3.198378121653984,True,-1.5246218783460148
2020-08-25,-0.28647072654124256,0.04831627906976744,-4.6530000000000005,-3.2062422643033477,True,-1.4467577356966528
2020-08-26,-0.28464778447111794,0.0492093023255814,-4.2090000000000005,-3.1945487481026476,True,-1.014451251897353
2020-08-27,-0.27775144403626534,0.05336744186046512,-4.507,-3.1754286827908422,True,-1.3315713172091574
2020-08-28,-0.27937926138153296,0.05188837209302325,-4.572999999999999,-3.172514019894144,True,-1.4004859801058545
2020-08-31,-0.27384665462468377,0.05535348837209303,-4.466999999999999,-3.1542274690414005,True,-1.3127725309585982
2020-09-01,-0.27209519130658033,0.05586046511627906,-4.228,-3.1393633027075145,True,-1.0886366972924852
2020-09-02,-0.27024688421145887,0.05674883720930233,-4.109999999999999,-3.129308419717691,True,-0.9806915802823086
2020-09-03,-0.260570878143949,0.06181860465116279,-4.465999999999999,-3.07739080475745,True,-1.3886091952425494
2020-09-04,-0.2698098179877154,0.0568093023255814,-3.3280000000000003,-3.115517956303052,True,-0.21248204369694834
2020-09-08,-0.27006425605155865,0.05746976744186047,-3.250999999999999,-3.130895065547786,True,-0.12010493445221293
2020-09-09,-0.2707023785264867,0.056530232558139534,-3.319999999999999,-3.1269720894601964,True,-0.1930279105398025
2020-09-10,-0.26388959668170925,0.056083720930232554,-3.0159999999999996,-3.0160013214738464,False,1.3214738467937082e-06
2020-09-11,-0.23680884205532088,0.053000000000000005,-2.5420000000000003,-2.5420007116547763,False,7.11654775997772e-07
2020-09-14,-0.2747513890716943,0.05175348837209302,-3.094999999999999,-3.09500026397384,False,2.6397384100818044e-07
2020-09-15,-0.2809710432894188,0.05068372093023255,-3.294999999999999,-3.1650783667526143,True,-0.1299216332473847
2020-09-16,-0.28578626937014523,0.04813023255813954,-3.6060000000000003,-3.181780904103625,True,-0.4242190958963752
2020-09-17,-0.28742416096705975,0.04668372093023256,-3.941,-3.1749672487757516,True,-0.7660327512242482
2020-09-18,-0.2874381757228296,0.04706511627906977,-3.2090000000000005,-3.184573219248357,True,-0.024426780751643395
2020-09-21,-0.2745160956288703,0.05057674418604651,-3.0639999999999987,-3.064000641043027,False,6.410430284375934e-07
2020-09-22,-0.27318793980932465,0.04869302325581395,-3.0080000000000013,-3.008002497643128,False,2.497643126542215e-06
2020-09-23,-0.2700401066180427,0.04993023255813953,-2.9840000000000004,-2.98400321591985,False,3.215919849530735e-06
2020-09-24,-0.2687043253045154,0.04756279069767441,-2.916999999999999,-2.9169988782607956,False,-1.1217392033024964e-06
2020-09-25,-0.2707999897677985,0.04634418604651162,-2.9259999999999993,-2.9259995434089836,False,-4.565910156628661e-07
2020-09-28,-0.25234347992430045,0.04737209302325581,-2.6689999999999996,-2.669003602183205,False,3.6021832054977665e-06
2020-09-29,-0.23685126490217578,0.04508372093023256,-2.3930000000000007,-2.392999993494281,False,-6.505719518656861e-09
2020-09-30,-0.21378797893783322,0.04724651162790698,-2.094,-2.0939991794476747,False,-8.205523251980651e-07
2020-10-01,-0.1911855484897336,0.04697674418604651,-1.778,-1.7779999979075842,False,-2.092415796184355e-09
2020-10-02,-0.20008483229118068,0.047776744186046514,-1.9120000000000004,-1.9120033646427115,False,3.3646427111122534e-06
2020-10-05,-0.2027410605675532,0.04800930232558139,-1.953,-1.9529975001968074,False,-2.499803192668182e-06
2020-10-06,-0.20471635069181515,0.04936744186046511,-2.005,-2.0049987266348634,False,-1.2733651364449372e-06
2020-10-07,-0.20980694107525832,0.04846046511627908,-2.0599999999999996,-2.059999080283407,False,-9.19716592662212e-07
2020-10-08,-0.21804671157067598,0.04874418604651164,-2.181,-2.180999720523937,False,-2.7947606318079465e-07
2020-10-09,-0.21658510309639475,0.050800000000000005,-2.1930000000000005,-2.1929997235431844,False,-2.7645681610621864e-07
2020-10-12,-0.22972181898505747,0.051013953488372094,-2.3939999999999997,-2.3939999918167167,False,-8.183282940166237e-09
2020-10-13,-0.21960583196621203,0.05161395348837209,-2.2540000000000004,-2.253999907427708,False,-9.257229249826082e-08
2020-10-14,-0.21665200168366155,0.05438604651162791,-2.2599999999999993,-2.259999929218294,False,-7.078170538576956e-08
2020-10-15,-0.22196207641668145,0.054693023255813954,-2.347,-2.346999989449788,False,-1.0550211815285593e-08
2020-10-16,-0.224381125954916,0.05391627906976744,-2.37,-2.369999995317861,False,-4.682139120859574e-09
2020-10-19,-0.22889682346642112,0.05570232558139535,-2.475,-2.475000935086032,False,9.350860317169918e-07
2020-10-20,-0.23263313759720508,0.055623255813953484,-2.531,-2.530999999682382,False,-3.17617931955283e-10
2020-10-21,-0.22784795177812908,0.05463720930232559,-2.4379999999999997,-2.4380019752021487,False,1.975202148951638e-06
2020-10-22,-0.2308860183436518,0.055162790697674415,-2.4939999999999998,-2.494000536125654,False,5.361256540936665e-07
2020-10-23,-0.24212035901027978,0.055320930232558144,-2.6700000000000004,-2.6699986090257046,False,-1.3909742957451954e-06
2020-10-26,-0.22925221573762394,0.061897674418604665,-2.6049999999999995,-2.6049998103648067,False,-1.8963519288206498e-07
2020-10-27,-0.23775568744190798,0.06293953488372094,-2.758,-2.7579999999462017,False,-5.3798299148866136e-11
2020-10-28,-0.23881244457164771,0.07070232558139536,-2.930000000000001,-2.930000856056865,False,8.560568640625377e-07
2020-10-29,-0.2330631686068564,0.06876279069767442,-2.805000000000001,-2.8049984258305862,False,-1.5741694148196927e-06
2020-10-30,-0.2410546203200829,0.06755348837209303,-2.900999999999999,-2.901002249712198,False,2.2497121991982283e-06
2020-11-02,-0.25545743075579447,0.06634883720930233,-3.3860000000000015,-3.088376390598564,True,-0.2976236094014375
2020-11-03,-0.2609382820396637,0.06338604651162791,-3.6439999999999997,-3.110301512053227,True,-0.5336984879467725
2020-11-04,-0.2716170860362873,0.0568,-3.3319999999999994,-3.144068235374749,True,-0.18793176462525052
2020-11-05,-0.24904085840138634,0.05473488372093024,-2.7650000000000006,-2.764997420930647,False,-2.5790693536364984e-06
2020-11-06,-0.23194292789526125,0.05252093023255814,-2.4560000000000004,-2.4559999987703516,False,-1.229648827205665e-09
2020-11-09,-0.24804989644315217,0.05431627906976744,-2.7409999999999997,-2.741001939048732,False,1.9390487322468175e-06
2020-11-10,-0.24136992697602536,0.053976744186046505,-2.63,-2.630001728707747,False,1.7287077471728196e-06
2020-11-11,-0.2603471176144879,0.055032558139534886,-2.947,-2.9470038619322603,False,3.861932260207368e-06
2020-11-12,-0.271220451993726,0.05654418604651163,-3.1419999999999986,-3.141999874012414,False,-1.2598758436510593e-07
2020-11-13,-0.2618704013244036,0.053204651162790696,-2.933000000000001,-2.9329967964982875,False,-3.203501713677781e-06
2020-11-16,-0.2629472951101513,0.053488372093023255,-2.9560000000000004,-2.9559964092473776,False,-3.590752622795179e-06
2020-11-17,-0.25800562956185125,0.054069767441860477,-2.8909999999999996,-2.8909963508332344,False,-3.6491667652072124e-06
2020-11-18,-0.2756842265945801,0.054837209302325586,-3.3590000000000004,-3.176502623179462,True,-0.18249737682053846
2020-11-19,-0.2791190774514893,0.053093023255813956,-3.3550000000000013,-3.193239484229856,True,-0.16176051577014539
2020-11-20,-0.2790670394463421,0.05301860465116279,-3.353999999999999,-3.189528583928183,True,-0.16447141607181637
2020-11-23,-0.2825004672361566,0.051093023255813955,-3.4259999999999993,-3.2031840993447815,True,-0.22281590065521772
2020-11-24,-0.2858828881137494,0.04863255813953489,-3.4189999999999996,-3.205076266420153,True,-0.2139237335798465
2020-11-25,-0.28761651020694445,0.04812093023255814,-3.3900000000000006,-3.221196501181533,True,-0.16880349881846746
2020-11-27,-0.28595215827409953,0.04935813953488373,-3.2430000000000008,-3.223177877854377,True,-0.019822122145623844
2020-11-30,-0.28596949065880317,0.04935813953488373,-3.3949999999999987,-3.224134705627508,True,-0.17086529437249087
2020-12-01,-0.2842873471667564,0.050432558139534886,-3.2599999999999993,-3.2208345328397012,True,-0.03916546716029812
2020-12-02,-0.2843177581527542,0.050009302325581394,-3.461000000000001,-3.2114866188933022,True,-0.24951338110669896
2020-12-03,-0.2842931827599269,0.05018139534883721,-3.246000000000001,-3.214416204293539,True,-0.03158379570646197
2020-12-04,-0.2876185149817385,0.048241860465116276,-3.308000000000001,-3.224951454676092,True,-0.08304854532390937
2020-12-07,-0.2859579272508876,0.04856744186046512,-3.2439999999999998,-3.205709111690816,True,-0.038290888309183924
2020-12-08,-0.28773909388869456,0.04782325581395349,-3.4900000000000007,-3.2183704777322695,True,-0.2716295222677312
2020-12-09,-0.27942120882338306,0.05299069767441861,-3.575,-3.197596249084767,True,-0.37740375091523326
2020-12-10,-0.27930478159543226,0.05333023255813954,-3.5710000000000006,-3.2023305928398176,True,-0.36866940716018304
2020-12-11,-0.27409808731732765,0.05617209302325582,-3.9919999999999987,-3.181646714099833,True,-0.8103532859001659
2020-12-14,-0.26891772704259814,0.05938604651162792,-3.9289999999999994,-3.1678056982203233,True,-0.7611943017796761
2020-12-15,-0.27578043926675405,0.055400000000000005,-3.8949999999999987,-3.1917606251749344,True,-0.7032393748250643
2020-12-16,-0.2808130272240325,0.05202325581395349,-4.478999999999999,-3.1977512138113684,True,-1.2812487861886308
2020-12-17,-0.2825026972868171,0.05126046511627907,-4.706999999999999,-3.20849774523597,True,-1.4985022547640288
2020-12-18,-0.2824792336986523,0.05130232558139535,-4.702000000000001,-3.2099035450583835,True,-1.4920964549416174
2020-12-21,-0.2720887217911589,0.05656279069767442,-4.6530000000000005,-3.155751354534778,True,-1.4972486454652225
2020-12-22,-0.27375431253078614,0.05607906976744186,-4.627000000000001,-3.1725790681613524,True,-1.4544209318386483
2020-12-23,-0.27567664917780327,0.055027906976744194,-4.738999999999999,-3.181517112315668,True,-1.5574828876843312
2020-12-24,-0.27748298582958075,0.05360930232558141,-4.827000000000001,-3.1829683454867883,True,-1.6440316545132125
2020-12-28,-0.2792074027970136,0.05320930232558141,-4.530000000000001,-3.2002617039920827,True,-1.3297382960079185
2020-12-29,-0.27733917324776053,0.05407906976744186,-4.274000000000001,-3.1872016493111324,True,-1.0867983506888685
2020-12-30,-0.2808721971815258,0.052111627906976744,-4.303,-3.1998111106227936,True,-1.1031888893772064
2020-12-31,-0.28090610365784996,0.052027906976744184,-4.783000000000001,-3.198630421224654,True,-1.5843695787753473
2021-01-04,-0.2703478859565181,0.05797674418604652,-4.384,-3.155299764589795,True,-1.2287002354102055
2021-01-05,-0.2738517356370378,0.05584651162790697,-4.55,-3.1668071727959246,True,-1.3831928272040752
2021-01-06,-0.27401122915342313,0.05576744186046512,-4.706,-3.1681343356541927,True,-1.5378656643458077
2021-01-07,-0.2826094723587462,0.05087441860465116,-4.591999999999999,-3.2010030327618155,True,-1.3909969672381832
2021-01-08,-0.28094271834535817,0.05162790697674419,-3.925,-3.1936903094854943,True,-0.7313096905145056
2021-01-11,-0.2756057864692122,0.05525581395348837,-3.469999999999999,-3.18348438007262,True,-0.28651561992737884
2021-01-12,-0.2773559390462804,0.05385581395348839,-3.999000000000001,-3.1822504618175977,True,-0.8167495381824033
2021-01-13,-0.27582508214111934,0.054772093023255815,-3.9930000000000008,-3.1807768871354978,True,-0.812223112864503
2021-01-14,-0.27238040685159776,0.05710697674418605,-3.806,-3.175391083161617,True,-0.630608916838383
2021-01-15,-0.2704628448599452,0.057790697674418606,-3.669999999999999,-3.1585310886732634,True,-0.5114689113267357
2021-01-19,-0.2738815800918891,0.05614418604651162,-4.132,-3.1779484684691837,True,-0.954051531530816
2021-01-20,-0.27903184347511467,0.05310232558139535,-4.6659999999999995,-3.1956552429668013,True,-1.4703447570331982
2021-01-21,-0.2806493175492639,0.05236744186046512,-4.419999999999999,-3.2052588725649906,True,-1.2147411274350084
2021-01-22,-0.28059399012635555,0.05199534883720931,-4.5550000000000015,-3.195294598754218,True,-1.3597054012457837
2021-01-25,-0.27710292976688367,0.054246511627906974,-4.556,-3.186898609277029,True,-1.369101390722971
2021-01-26,-0.2770859761530221,0.05363255813953488,-4.331,-3.1742603091246266,True,-1.1567396908753738
2021-01-27,-0.24349549323070857,0.07334418604651162,-3.7930000000000006,-3.0565723440822525,True,-0.7364276559177481
2021-01-28,-0.26269620251618786,0.06196279069767442,-4.5840000000000005,-3.1177334866790636,True,-1.466266513320937
2021-01-29,-0.2588241157076366,0.06387441860465118,-3.430000000000001,-3.094634201904265,True,-0.3353657980957361
2021-02-01,-0.2657262092222174,0.0602046511627907,-4.162999999999999,-3.1261865034151777,True,-1.0368134965848217
2021-02-02,-0.27475227461083107,0.0553953488372093,-4.115,-3.1703535386234942,True,-0.944646461376506
2021-02-03,-0.2801119265017268,0.05164186046511628,-3.6590000000000003,-3.178447161138108,True,-0.48055283886189226
2021-02-04,-0.2835817949750694,0.05045116279069768,-3.600999999999999,-3.208185292952905,True,-0.3928147070470942
2021-02-05,-0.28361772351353676,0.050065116279069774,-3.5090000000000003,-3.2029131986637944,True,-0.3060868013362059
2021-02-08,-0.28360574073054007,0.04958604651162791,-3.6650000000000005,-3.1918992045439563,True,-0.4731007954560442
2021-02-09,-0.283460317616087,0.050297674418604645,-4.006,-3.2035423019652196,True,-0.8024576980347806
2021-02-10,-0.27843588744237596,0.05345581395348837,-3.933000000000001,-3.193137409096357,True,-0.7398625909036443
2021-02-11,-0.2768381017260823,0.054055813953488366,-3.7599999999999993,-3.1831374517999356,True,-0.5768625482000638
2021-02-12,-0.2753526717411883,0.05515813953488372,-3.7659999999999996,-3.1862546844463764,True,-0.5797453155536232
2021-02-16,-0.27012905574408624,0.05798139534883721,-4.016999999999999,-3.162809019536218,True,-0.8541909804637804
2021-02-17,-0.2718151688986883,0.05713023255813954,-4.4449999999999985,-3.170673071952789,True,-1.2743269280472096
2021-02-18,-0.2733987276025449,0.05630232558139535,-4.255000000000001,-3.175496822420797,True,-1.0795031775792037
2021-02-19,-0.27529998336390216,0.054627906976744196,-4.1530000000000005,-3.170134365261226,True,-0.9828656347387743
2021-02-22,-0.27679855588830016,0.05444651162790698,-3.8819999999999992,-3.1859151681793496,True,-0.6960848318206496
2021-02-23,-0.28030666456675035,0.052455813953488376,-3.663999999999999,-3.197706561932869,True,-0.46629343806713
2021-02-24,-0.28222059907409314,0.05097674418604651,-3.852000000000001,-3.1998180192072176,True,-0.6521819807927836
2021-02-25,-0.26816460174874657,0.059455813953488375,-4.206999999999999,-3.149415573163607,True,-1.0575844268363919
2021-02-26,-0.26994996140534755,0.05812093023255814,-3.622999999999999,-3.1502953714372017,True,-0.47270462856279716
2021-03-01,-0.27879926687901524,0.053460465116279075,-4.133000000000001,-3.195524901418739,True,-0.9374750985812619
2021-03-02,-0.27871731358693363,0.05345116279069768,-4.168000000000001,-3.1923211841695203,True,-0.9756788158304808
2021-03-03,-0.2734344597917359,0.05638604651162791,-4.053,-3.1687745733129855,True,-0.8842254266870144
2021-03-04,-0.269827576767806,0.057962790697674425,-3.719,-3.143921909052523,True,-0.5750780909474771
2021-03-05,-0.2768736249067465,0.054051162790697674,-3.5900000000000007,-3.176089526346978,True,-0.4139104736530226
2021-03-08,-0.27851509499829985,0.05331162790697675,-3.700999999999999,-3.183142226025748,True,-0.5178577739742511
2021-03-09,-0.2819514615005549,0.05056279069767442,-3.444999999999999,-3.180779243977124,True,-0.26422075602287487
2021-03-10,-0.2787688848156864,0.05333953488372094,-3.8569999999999993,-3.194412715212807,True,-0.6625872847871923
2021-03-11,-0.2805591974294937,0.05249767441860465,-3.961000000000001,-3.205226366600313,True,-0.7557736333996883
2021-03-12,-0.280603587682615,0.05196744186046512,-4.028999999999999,-3.1976566337289842,True,-0.8313433662710148
2021-03-15,-0.2824581855988668,0.0513906976744186,-4.1259999999999994,-3.215142605735661,True,-0.9108573942643385
2021-03-16,-0.2792301200240265,0.05289767441860465,-4.256,-3.198307165885777,True,-1.0576928341142233
2021-03-17,-0.28272517909268013,0.05111627906976744,-4.319,-3.2153014111153624,True,-1.1036985888846376
2021-03-18,-0.2758786093500072,0.0547906976744186,-4.811000000000002,-3.183298085352531,True,-1.6277019146474707
2021-03-19,-0.2775707044700446,0.053930232558139536,-4.147,-3.192269797372447,True,-0.954730202627553
2021-03-22,-0.28301862146425294,0.050525581395348844,-4.613999999999999,-3.2081407447392882,True,-1.4058592552607108
2021-03-23,-0.28119856932309273,0.05194883720930233,-4.343999999999999,-3.207156598382351,True,-1.1368434016176483
2021-03-24,-0.28271168816327347,0.05147441860465116,-4.369999999999999,-3.2178737655813143,True,-1.152126234418685
2021-03-25,-0.28619841219734365,0.04872093023255815,-4.086000000000001,-3.2162265063589213,True,-0.8697734936410799
2021-03-26,-0.2881042028609329,0.04802790697674419,-4.546000000000001,-3.232810161274409,True,-1.313189838725592
2021-03-29,-0.2863286853569146,0.04922790697674419,-4.366999999999999,-3.2263435144534,True,-1.1406564855465993
2021-03-30,-0.2897864877220428,0.047395348837209306,-4.219999999999999,-3.2428194173691365,True,-0.9771805826308624
2021-03-31,-0.28983165261554145,0.04653023255813953,-4.093000000000001,-3.226094760241297,True,-0.866905239758704
2021-04-01,-0.2916368669234267,0.04603255813953489,-3.628999999999999,-3.248304186171462,True,-0.38069581382853723
2021-04-05,-0.2916762456615622,0.04615813953488372,-3.9629999999999996,-3.2499612135758205,True,-0.7130387864241792
2021-04-06,-0.29163253459557537,0.04607441860465116,-4.244,-3.2469850408167655,True,-0.9970149591832342
2021-04-07,-0.2933419726537445,0.04515813953488373,-4.06,-3.256157117898758,True,-0.8038428821012418
2021-04-08,-0.2900970395661886,0.046846511627906984,-3.903999999999999,-3.243069262762332,True,-0.6609307372376669
2021-04-09,-0.2900566831865063,0.04746976744186047,-3.2879999999999994,-3.2562622398351064,True,-0.031737760164892936
2021-04-12,-0.2900410286872875,0.04747906976744186,-3.4289999999999994,-3.2556453812119215,True,-0.1733546187880779
2021-04-13,-0.29002215627494277,0.04671627906976744,-3.472,-3.239948377456752,True,-0.23205162254324785
2021-04-14,-0.2850626641777161,0.049986046511627906,-3.7669999999999986,-3.2323598787501697,True,-0.5346401212498288
2021-04-15,-0.28348661549093296,0.050539534883720934,-3.9289999999999994,-3.2207528461618415,True,-0.7082471538381578
2021-04-16,-0.2851898466059877,0.050139534883720936,-3.833000000000001,-3.2392975409296425,True,-0.5937024590703586
2021-04-19,-0.28171890363053215,0.05204651162790698,-3.7150000000000007,-3.2239264462712187,True,-0.49107355372878203
2021-04-20,-0.278231574126009,0.054125581395348836,-3.4870000000000005,-3.2113285847736948,True,-0.2756714152263058
2021-04-21,-0.2800622086383894,0.05251162790697674,-3.9430000000000005,-3.2077390792770997,True,-0.7352609207229008
2021-04-22,-0.2782017437088222,0.053976744186046505,-3.809,-3.2076411880046782,True,-0.6013588119953219
2021-04-23,-0.28493728235431465,0.05039999999999999,-4.009,-3.2384151322200916,True,-0.7705848677799088
2021-04-26,-0.28825364087893324,0.04837674418604652,-3.9090000000000003,-3.2455153463070987,True,-0.6634846536929015
2021-04-27,-0.2883114776178595,0.04808837209302326,-3.9129999999999994,-3.240527021965036,True,-0.6724729780349632
2021-04-28,-0.28671768363589717,0.04873488372093024,-3.9370000000000003,-3.2305624055225213,True,-0.706437594477479
2021-04-29,-0.2866797629467203,0.049051162790697676,-3.930000000000001,-3.2358600805324573,True,-0.6941399194675437
2021-04-30,-0.2832410376832918,0.050800000000000005,-4.632,-3.2179291114453514,True,-1.4140708885546482
2021-05-03,-0.2849737255407711,0.05038139534883721,-4.375,-3.2362192077974448,True,-1.1387807922025552
2021-05-04,-0.28148175590984,0.05173023255813954,-3.922999999999999,-3.2087311902209397,True,-0.7142688097790595
2021-05-05,-0.28321655613536145,0.05093488372093024,-4.212000000000001,-3.219140998457768,True,-0.9928590015422327
2021-05-06,-0.2849219997755911,0.0504139534883721,-4.447,-3.235923239574776,True,-1.211076760425224
2021-05-07,-0.28512954369213406,0.049781395348837215,-4.575999999999999,-3.2297368870925043,True,-1.3462631129074945
2021-05-10,-0.2799482417606355,0.05306976744186047,-4.272,-3.2131834283981138,True,-1.0588165716018865
2021-05-11,-0.2729585431123521,0.05696279069767442,-4.0120000000000005,-3.1839939936926682,True,-0.8280060063073322
2021-05-12,-0.25382160076418503,0.0680372093023256,-4.26,-3.114929295249953,True,-1.1450707047500468
2021-05-13,-0.26774442441987345,0.06046976744186046,-3.9259999999999993,-3.1758119797681448,True,-0.7501880202318545
2021-05-14,-0.2766256067833185,0.054679069767441864,-3.905000000000001,-3.1980161646412735,True,-0.7069838353587277
2021-05-17,-0.27479570841828804,0.056139534883720935,-3.8349999999999995,-3.198994280657022,True,-0.6360057193429776
2021-05-18,-0.27126778191315326,0.05764186046511629,-3.9460000000000006,-3.1733814087060366,True,-0.772618591293964
2021-05-19,-0.2660110754117805,0.06054418604651163,-4.375,-3.152319621413572,True,-1.222680378586428
2021-05-20,-0.2696948871289928,0.05876279069767443,-4.296000000000001,-3.1740866226769473,True,-1.1219133773230539
2021-05-21,-0.2713991137817988,0.057776744186046516,-4.450999999999999,-3.180449023416378,True,-1.2705509765836207
2021-05-24,-0.27827114560974886,0.0540093023255814,-4.463999999999999,-3.210048420593435,True,-1.2539515794065634
2021-05-25,-0.27988458013924084,0.052813953488372097,-4.459999999999999,-3.208601483449948,True,-1.2513985165500512
2021-05-26,-0.28666714968743234,0.04943720930232558,-4.981999999999999,-3.244435322586375,True,-1.7375646774136242
2021-05-27,-0.28853813593042943,0.04831627906976744,-4.935,-3.250859452648988,True,-1.6841405473510118
2021-05-28,-0.28685528305834307,0.04902790697674419,-5.531000000000001,-3.240116397755105,True,-2.2908836022448957
2021-06-01,-0.28014634802069976,0.05257674418604652,-4.903999999999999,-3.2095968675908257,True,-1.6944031324091733
2021-06-02,-0.28173217761593805,0.05235813953488372,-4.859,-3.230349573541334,True,-1.628650426458666
2021-06-03,-0.2800085266930893,0.05316744186046512,-4.521000000000001,-3.2197362805226772,True,-1.3012637194773236
2021-06-04,-0.2851680471553632,0.05030697674418604,-4.775999999999999,-3.2421329680134443,True,-1.5338670319865546
2021-06-07,-0.28516779616526466,0.05024651162790698,-5.129,-3.2408414660548988,True,-1.8881585339451008
2021-06-08,-0.2834897008971651,0.050986046511627914,-5.0699999999999985,-3.229194022588865,True,-1.8408059774111334
2021-06-09,-0.27520803696218715,0.05626511627906977,-5.071000000000001,-3.2116653133803825,True,-1.859334686619618
2021-06-10,-0.2787262084795852,0.05430697674418605,-5.481,-3.2282039619171767,True,-2.252796038082823
2021-06-11,-0.27883854023313814,0.0540093023255814,-5.928,-3.2244418147298624,True,-2.7035581852701376
2021-06-14,-0.275450035633816,0.055720930232558134,-6.063999999999998,-3.2065444886236403,True,-2.857455511376358
2021-06-15,-0.2736697533969136,0.05716279069767442,-6.135,-3.2084463272456656,True,-2.926553672754334
2021-06-16,-0.273571425855943,0.05654418604651163,-5.5969999999999995,-3.1915544062378887,True,-2.405445593762111
2021-06-17,-0.2752808060892725,0.05610697674418604,-6.100999999999999,-3.209676211794924,True,-2.8913237882050753
2021-06-18,-0.2683184242153454,0.05992093023255815,-5.078,-3.177352839939746,True,-1.9006471600602541
2021-06-21,-0.27526553982806223,0.0563953488372093,-5.836000000000001,-3.215361283349212,True,-2.6206387166507894
2021-06-22,-0.2804048146820208,0.05302790697674419,-6.050999999999999,-3.2258372405784503,True,-2.825162759421549
2021-06-23,-0.2837703831069929,0.05138604651162791,-5.484999999999999,-3.2437632548854465,True,-2.241236745114553
2021-06-24,-0.28549872945359295,0.050172093023255815,-6.103999999999999,-3.245418604978769,True,-2.85858139502123
2021-06-25,-0.2871867612339826,0.049260465116279066,-7.0550000000000015,-3.252908023518334,True,-3.8020919764816674
2021-06-28,-0.28719871980796896,0.049451162790697674,-6.2090000000000005,-3.256820575569504,True,-2.9521794244304966
2021-06-29,-0.28544588614423577,0.04977209302325582,-6.384,-3.235955363505579,True,-3.1480446364944212
2021-06-30,-0.28543434168591164,0.04964186046511629,-6.185,-3.233431465060971,True,-2.9515685349390286
2021-07-01,-0.2837764988986599,0.050567441860465114,-5.565,-3.2282068860091107,True,-2.3367931139908897
2021-07-02,-0.2870789501615212,0.04935348837209302,-5.794,-3.254536828984494,True,-2.539463171015506
2021-07-06,-0.2819749269272984,0.05220465116279069,-5.375,-3.2331242913544798,True,-2.1418757086455202
2021-07-07,-0.28193461916967555,0.05241860465116279,-5.215000000000001,-3.2376019099094786,True,-1.9773980900905221
2021-07-08,-0.2750783041897353,0.05582790697674419,-5.281999999999999,-3.1981429226659484,True,-2.083857077334051
2021-07-09,-0.2819350037137047,0.05238139534883721,-5.5699999999999985,-3.2368536477412477,True,-2.3331463522587508
2021-07-12,-0.2819066332966267,0.051902325581395355,-5.793000000000001,-3.2261681860178366,True,-2.5668318139821644
2021-07-13,-0.2785075328874778,0.05413953488372093,-5.44,-3.2191241229346574,True,-2.220875877065343
2021-07-14,-0.27695263616078714,0.05472558139534883,-5.431,-3.208881507130567,True,-2.222118492869433
2021-07-15,-0.2752074504992694,0.05629302325581395,-5.415000000000001,-3.2139289086158835,True,-2.2010710913841174
2021-07-16,-0.2683946220711466,0.05994883720930232,-5.194,-3.1828536533248926,True,-2.0111463466751074
2021-07-19,-0.25951606502821023,0.06490232558139535,-5.574000000000001,-3.143614775781372,True,-2.430385224218629
2021-07-20,-0.26649601355009284,0.061069767441860476,-5.45,-3.175049788115396,True,-2.274950211884604
2021-07-21,-0.27338515758092324,0.056990697674418604,-5.534000000000001,-3.1986564587509094,True,-2.3353435412490913
2021-07-22,-0.276670218812455,0.05526511627906977,-5.263,-3.213442245242539,True,-2.049557754757461
2021-07-23,-0.28001474801326126,0.05345116279069768,-5.944,-3.2276857394628715,True,-2.7163142605371284
2021-07-26,-0.28001134937978134,0.0534232558139535,-5.3199999999999985,-3.226222624701439,True,-2.0937773752985596
2021-07-27,-0.2748049310402091,0.056330232558139536,-5.103999999999999,-3.203911692078517,True,-1.9000883079214823
2021-07-28,-0.2782048159670975,0.05445581395348838,-5.222999999999999,-3.2187239609645673,True,-2.0042760390354317
2021-07-29,-0.27995956317219695,0.05304186046511628,-4.996,-3.2170301454454155,True,-1.778969854554585
2021-07-30,-0.27825805899697115,0.05403720930232559,-5.371,-3.2107705744875323,True,-2.160229425512468
2021-08-02,-0.27313236269951857,0.05713953488372093,-5.330000000000001,-3.195043430031504,True,-2.134956569968497
2021-08-03,-0.27660147103031896,0.054674418604651165,-5.256,-3.199045635908274,True,-2.0569543640917263
2021-08-04,-0.2782442495165885,0.054051162790697674,-5.140000000000001,-3.211407864689232,True,-1.9285921353107685
2021-08-05,-0.2800501648091695,0.05272093023255814,-5.025999999999999,-3.212467719498976,True,-1.8135322805010228
2021-08-06,-0.28178792562534843,0.05209302325581396,-5.096000000000001,-3.228444651165851,True,-1.8675553488341499
2021-08-09,-0.2784249155884294,0.05353023255813954,-5.313,-3.20556102626818,True,-2.1074389737318198
2021-08-10,-0.2801047809666297,0.053093023255813956,-5.333000000000001,-3.222285108341014,True,-2.1107148916589873
2021-08-11,-0.27691343288474,0.05490697674418604,-5.4319999999999995,-3.212678544966604,True,-2.2193214550333953
2021-08-12,-0.2769943913792949,0.05475348837209303,-5.718000000000001,-3.2115061796361175,True,-2.5064938203638834
2021-08-13,-0.27698262418891556,0.0547953488372093,-5.965999999999999,-3.2124801775457095,True,-2.75351982245429
2021-08-16,-0.2769412206135592,0.054739534883720936,-5.254,-3.2093920072999613,True,-2.0446079927000382
2021-08-17,-0.2750921151823575,0.056060465116279073,-4.905000000000001,-3.2054212902544426,True,-1.6995787097455586
2021-08-18,-0.2681080742347107,0.05972558139534884,-4.853999999999999,-3.168421446969785,True,-1.685578553030214
2021-08-19,-0.2663309569897558,0.060655813953488374,-5.119,-3.1604917878721834,True,-1.9585082121278163
2021-08-20,-0.2749311778357264,0.05605116279069768,-5.350999999999999,-3.2014723484803547,True,-2.1495276515196444
2021-08-23,-0.2801228097298931,0.05271162790697674,-5.902000000000001,-3.2136655784515824,True,-2.6883344215484186
2021-08-24,-0.28177085010113856,0.05166976744186047,-5.712999999999999,-3.2168591078239923,True,-2.496140892176007
2021-08-25,-0.2834986988516627,0.050623255813953494,-5.950999999999999,-3.2222403711272887,True,-2.72875962887271
2021-08-26,-0.2783876944030769,0.054232558139534884,-5.725,-3.2156723115169283,True,-2.5093276884830713
2021-08-27,-0.2835300844114359,0.050986046511627914,-6.243,-3.2313394803852025,True,-3.011660519614798
2021-08-30,-0.28521187806824566,0.050186046511627905,-5.799000000000001,-3.2407679614461498,True,-2.5582320385538515
2021-08-31,-0.28686427911618817,0.0492139534883721,-5.590999999999999,-3.244875953829922,True,-2.346124046170077
2021-09-01,-0.2869220712040633,0.04893023255813953,-5.475,-3.2406232419218934,True,-2.234376758078106
2021-09-02,-0.2869409174814661,0.049162790697674416,-5.697999999999999,-3.245136699245922,True,-2.4528633007540765
2021-09-03,-0.2868853994815702,0.049060465116279074,-6.227000000000001,-3.2421106226482843,True,-2.984889377351717
2021-09-07,-0.281742763161521,0.05163255813953489,-5.475999999999999,-3.2136418883936777,True,-2.2623581116063214
2021-09-08,-0.27842158394585004,0.05351627906976745,-5.338999999999999,-3.202772512681774,True,-2.1362274873182248
2021-09-09,-0.2783285103035446,0.05443255813953489,-4.997,-3.2190980158876563,True,-1.7779019841123436
2021-09-10,-0.2715206772045456,0.05813023255813954,-5.116,-3.1883742472114958,True,-1.927625752788504
2021-09-13,-0.27660711018646683,0.05488837209302327,-4.85,-3.2010569817641334,True,-1.6489430182358662
2021-09-14,-0.27493413333380246,0.05598604651162791,-4.672999999999999,-3.198381328007127,True,-1.474618671992872
2021-09-15,-0.2816615743416248,0.05231627906976745,-5.433000000000002,-3.226800996296602,True,-2.2061990037033996
2021-09-16,-0.2816957516387683,0.05214418604651163,-5.287999999999999,-3.222522183946685,True,-2.0654778160533143
2021-09-17,-0.27649564282817113,0.055302325581395355,-4.952000000000001,-3.2050927179018633,True,-1.7469072820981375
2021-09-20,-0.25928834461344896,0.0646186046511628,-4.156999999999999,-3.1294124813929947,True,-1.0275875186070045
2021-09-21,-0.26612850423355094,0.06081860465116279,-3.997999999999999,-3.156218382343667,True,-0.841781617656332
2021-09-22,-0.2765344627905414,0.05470697674418606,-4.412000000000001,-3.1930049194118313,True,-1.2189950805881695
2021-09-23,-0.2850827302829764,0.05037674418604651,-4.687,-3.236992637246005,True,-1.450007362753995
2021-09-24,-0.2884618187435988,0.04793953488372093,-4.566999999999998,-3.2391972456612774,True,-1.327802754338721
2021-09-27,-0.2850962942729902,0.05010697674418605,-4.465999999999999,-3.2312026389202737,True,-1.2347973610797256
2021-09-28,-0.27479486471018083,0.056306976744186055,-4.008000000000001,-3.1950815134754444,True,-0.8129184865245564
2021-09-29,-0.2764815983022968,0.055367441860465126,-3.799000000000001,-3.20237126425932,True,-0.5966287357406808
2021-09-30,-0.27645983327929147,0.05488837209302327,-3.555000000000001,-3.1907350904397838,True,-0.3642649095602173
2021-10-01,-0.2798388154223658,0.05262325581395349,-3.5050000000000012,-3.198784760429629,True,-0.30621523957037233
2021-10-04,-0.2701234923105438,0.054497674418604654,-3.0870000000000006,-3.0870010988643837,False,1.0988643830422973e-06
2021-10-05,-0.27935928206937494,0.05151162790697674,-3.1680000000000006,-3.1680000292739066,False,2.927390596596524e-08
2021-10-06,-0.27808770465866123,0.0515906976744186,-3.150999999999999,-3.151000115105842,False,1.1510584307927729e-07
2021-10-07,-0.28493929766782655,0.049967441860465124,-3.3319999999999994,-3.223983218329144,True,-0.10801678167085527
2021-10-08,-0.28494956375078273,0.049893023255813955,-3.4460000000000006,-3.2244547240451586,True,-0.22154527595484197
2021-10-11,-0.28325113309645,0.05129767441860465,-3.469999999999999,-3.225243594701444,True,-0.2447564052985549
2021-10-12,-0.28327374783008247,0.05075348837209302,-3.4099999999999993,-3.214545453587409,True,-0.19545454641259008
2021-10-13,-0.2834171254240845,0.050567441860465114,-3.577000000000001,-3.215643691314148,True,-0.36135630868585267
2021-10-14,-0.2852545941542307,0.05021860465116279,-4.378,-3.2405534341795126,True,-1.1374465658204875
2021-10-15,-0.28524585391592683,0.04965581395348838,-4.727000000000001,-3.2297500732776343,True,-1.497249926722367
2021-10-18,-0.2868798793103675,0.04854418604651163,-4.377000000000001,-3.231306701013447,True,-1.1456932989865538
2021-10-19,-0.28856009411541284,0.04793488372093023,-4.100999999999999,-3.2456851171777354,True,-0.8553148828222636
2021-10-20,-0.29020552568176217,0.04736744186046512,-4.122999999999999,-3.25945917793298,True,-0.8635408220670193
2021-10-21,-0.28865578738384995,0.04750697674418605,-4.093999999999999,-3.2397042913064564,True,-0.854295708693543
2021-10-22,-0.28690918297252244,0.04933953488372093,-3.934,-3.2507537666046193,True,-0.6832462333953808
2021-10-25,-0.2886402296922167,0.047609302325581394,-4.093999999999999,-3.241100274297825,True,-0.8528997257021742
2021-10-26,-0.2885505045660245,0.04802325581395348,-4.130000000000001,-3.2467320918389184,True,-0.8832679081610824
2021-10-27,-0.28348352493289064,0.05098139534883721,-4.06,-3.229202530716037,True,-0.8307974692839628
2021-10-28,-0.28683642035393314,0.049432558139534885,-4.472999999999999,-3.248967968612378,True,-1.2240320313876212
2021-10-29,-0.2868516015389484,0.04891627906976744,-4.809,-3.238886361568273,True,-1.5701136384317271
2021-11-01,-0.2852240278143361,0.049609302325581396,-4.581,-3.2281747730173795,True,-1.3528252269826209
2021-11-02,-0.28691642813226126,0.04904186046511628,-4.668000000000001,-3.2430993518199664,True,-1.4249006481800346
2021-11-03,-0.28866084454424934,0.04755813953488372,-4.977000000000001,-3.2406604876858274,True,-1.7363395123141738
2021-11-04,-0.2869896617849903,0.04858604651162791,-5.166999999999999,-3.23590436596311,True,-1.9310956340368888
2021-11-05,-0.28356423936112307,0.05126046511627907,-4.883000000000001,-3.2375237815874156,True,-1.6454762184125853
2021-11-08,-0.2818274177876358,0.05185581395348838,-4.924000000000001,-3.2216954405441904,True,-1.7023045594558108
2021-11-09,-0.2833918425696062,0.05141860465116278,-4.409000000000001,-3.2352440877379762,True,-1.1737559122620245
2021-11-10,-0.27670706449823096,0.05450697674418605,-4.488999999999999,-3.1957720357563937,True,-1.2932279642436053
2021-11-11,-0.2801043792934191,0.05333023255813954,-4.4030000000000005,-3.2255060094852643,True,-1.1774939905147361
2021-11-12,-0.2818569901887892,0.05214418604651163,-4.437,-3.230318228625727,True,-1.2066817713742735
2021-11-15,-0.2834523436820198,0.05146976744186047,-4.2379999999999995,-3.240236216868777,True,-0.9977637831312225
2021-11-16,-0.28344611547335524,0.05096744186046511,-3.9560000000000004,-3.2296848602945385,True,-0.7263151397054619
2021-11-17,-0.2816484794302241,0.05187441860465116,-4.196000000000001,-3.2195593387607517,True,-0.9764406612392489
2021-11-18,-0.28159208617851045,0.052162790697674426,-4.480000000000001,-3.2237854815702,True,-1.2562145184298013
2021-11-19,-0.27997252202368994,0.05290232558139535,-4.843999999999999,-3.213815337262955,True,-1.6301846627370442
2021-11-22,-0.27656257241320836,0.05517209302325582,-4.744,-3.2068084506916406,True,-1.5371915493083592
2021-11-23,-0.2782502998362074,0.05350232558139535,-4.699000000000001,-3.1969372733286407,True,-1.50206272667136
2021-11-24,-0.2833000862011894,0.05138604651162791,-4.815,-3.2312670809015933,True,-1.583732919098407
2021-11-26,-0.2502049884737037,0.06964651162790698,-4.827000000000001,-3.0919379573200345,True,-1.7350620426799663
2021-11-29,-0.26617552591955657,0.06104186046511628,-4.993,-3.1641280786091937,True,-1.8288719213908067
2021-11-30,-0.257159403293874,0.06630232558139536,-5.0550000000000015,-3.130062457660037,True,-1.9249375423399644
2021-12-01,-0.24649913544362156,0.07210232558139536,-5.521000000000001,-3.0838275823575434,True,-2.4371724176424574
2021-12-02,-0.25184654187078076,0.06851627906976744,-5.138,-3.094162126125906,True,-2.043837873874094
2021-12-03,-0.24438217191741082,0.0726046511627907,-4.963999999999999,-3.0623792999704347,True,-1.901620700029564
2021-12-06,-0.25853232340646604,0.06459534883720931,-5.163999999999999,-3.1151166166484727,True,-2.048883383351526
2021-12-07,-0.2760018546826494,0.05484651162790698,-5.1659999999999995,-3.1856889440760927,True,-1.9803110559239068
2021-12-08,-0.2795912514273538,0.05315813953488372,-5.119999999999999,-3.209067760646345,True,-1.910932239353654
2021-12-09,-0.27277951402871725,0.05664651162790698,-4.965999999999999,-3.175092487575208,True,-1.7909075124247913
2021-12-10,-0.2796319571227121,0.05295348837209302,-4.734,-3.2079966170315632,True,-1.5260033829684367
2021-12-13,-0.2744623342692627,0.05631162790697675,-4.606999999999999,-3.1963344912218594,True,-1.41066550877814
2021-12-14,-0.2692669296572638,0.058869767441860454,-3.775999999999999,-3.1675859352288445,True,-0.6084140647711545
2021-12-15,-0.27635347903570234,0.05516744186046512,-4.175,-3.203236987540321,True,-0.9717630124596788
2021-12-16,-0.2678415323114203,0.05998604651162791,-4.028999999999999,-3.171526907909467,True,-0.8574730920905322
2021-12-17,-0.2626090438935593,0.06328372093023256,-3.4939999999999998,-3.1587488082360915,True,-0.3352511917639083
2021-12-20,-0.2607452720566891,0.06449767441860464,-3.1710000000000007,-3.153674863934967,True,-0.017325136065033497
2021-12-21,-0.2660169790273905,0.06112093023255814,-3.6330000000000013,-3.1666041460231913,True,-0.46639585397681005
2021-12-22,-0.27291364612526453,0.05706976744186047,-4.203999999999999,-3.1916700606747956,True,-1.0123299393252032
2021-12-23,-0.27464838840580463,0.05602790697674418,-5.025999999999999,-3.197687145151872,True,-1.828312854848127
2021-12-27,-0.27807465690837085,0.05391627906976744,-5.187,-3.2064780093300556,True,-1.9805219906699447
2021-12-28,-0.2798276690058185,0.05340930232558139,-5.321000000000001,-3.22316345828299,True,-2.097836541717011
2021-12-29,-0.2832185848177838,0.050930232558139533,-5.6240000000000006,-3.2240899388677495,True,-2.399910061132251
2021-12-30,-0.28157273967699403,0.051553488372093025,-5.527000000000001,-3.2110865721054345,True,-2.3159134278945666
2021-12-31,-0.28320864093598674,0.0510093023255814,-5.438,-3.22501736911991,True,-2.2129826308800897
2022-01-03,-0.28492265378169446,0.050441860465116284,-5.149000000000001,-3.240797928988308,True,-1.9082020710116927
2022-01-04,-0.28327717661643936,0.05084186046511628,-5.036000000000001,-3.223203433042675,True,-1.8127965669573265
2022-01-05,-0.27631901541486553,0.055493023255813956,-4.340999999999999,-3.2087165490080305,True,-1.1322834509919688
2022-01-06,-0.2763123982677585,0.054799999999999995,-4.077000000000001,-3.194155362381579,True,-0.882844637618422
2022-01-07,-0.27973143293096125,0.05295813953488372,-3.913999999999999,-3.2094751600129188,True,-0.70452483998708
2022-01-10,-0.27983579568895267,0.052567441860465115,-3.924000000000001,-3.2014369354124312,True,-0.7225630645875696
2022-01-11,-0.2816154806264399,0.051911627906976746,-3.809,-3.2170015181219656,True,-0.5919984818780346
2022-01-12,-0.2800406080105984,0.0529953488372093,-3.572999999999999,-3.2174627831937967,True,-0.3555372168062023
2022-01-13,-0.2730978168439584,0.05741395348837209,-3.3129999999999997,-3.198721853490566,True,-0.11427814650943358
2022-01-14,-0.27650183074987644,0.05468372093023256,-3.3849999999999993,-3.195447522942328,True,-0.18955247705767153
2022-01-18,-0.25593186073234686,0.05951162790697675,-2.972,-2.972001886408101,False,1.8864081008374e-06
2022-01-19,-0.26764279881684205,0.0603953488372093,-3.472999999999999,-3.1713367791468254,True,-0.30166322085317354
2022-01-20,-0.23776194481993168,0.06306976744186046,-2.758,-2.758002128610005,False,2.1286100051476353e-06
2022-01-21,-0.24997203182153832,0.06953488372093024,-3.6180000000000008,-3.0857083039631896,True,-0.5322916960368111
2022-01-24,-0.24637161579002298,0.0718046511627907,-3.6060000000000003,-3.076984573120346,True,-0.5290154268796545
2022-01-25,-0.24946578424222834,0.07013953488372093,-3.3900000000000006,-3.0877682648850473,True,-0.30223173511495327
2022-01-26,-0.25114898479906994,0.06909302325581396,-3.3379999999999996,-3.090225715367605,True,-0.2477742846323947
2022-01-27,-0.25643411124718307,0.06564651162790697,-3.222,-3.1001826784109094,True,-0.12181732158909053
2022-01-28,-0.2636071501409597,0.0616,-3.2960000000000007,-3.128495572008559,True,-0.1675044279914415
2022-01-31,-0.2690415376342324,0.058167441860465116,-3.1439999999999997,-3.1440000129086325,False,1.2908632829322642e-08
2022-02-01,-0.276075578161164,0.05487906976744186,-3.3,-3.1873394841212175,True,-0.11266051587878234
2022-02-02,-0.27433947858464663,0.05563255813953488,-3.205000000000001,-3.1765377840220674,True,-0.028462215977933525
2022-02-03,-0.2706839150731254,0.05819069767441861,-3.275,-3.1702026134986556,True,-0.10479738650134429
2022-02-04,-0.2551117810149429,0.058088372093023255,-2.9289999999999994,-2.9290032466083864,False,3.2466083870197338e-06
2022-02-07,-0.2363774098030216,0.057734883720930226,-2.625,-2.6249964484945094,False,-3.5515054905843613e-06
2022-02-08,-0.24885009023374216,0.05528372093023256,-2.772,-2.771999467709397,False,-5.322906027060981e-07
2022-02-09,-0.26156606310984454,0.055497674418604655,-2.978,-2.978002663231425,False,2.6632314247265754e-06
2022-02-10,-0.24506927911639323,0.06004651162790697,-2.8110000000000013,-2.811002742750024,False,2.742750022655116e-06
2022-02-11,-0.22951895562727054,0.06566046511627907,-2.681,-2.681000169628235,False,1.6962823501387447e-07
2022-02-14,-0.23805599879358652,0.0653906976744186,-2.8120000000000003,-2.811996986284496,False,-3.0137155042631036e-06
2022-02-15,-0.2556191756903759,0.0600232558139535,-2.975999999999999,-2.9760023809473983,False,2.3809473992386643e-06
2022-02-16,-0.27246536994121384,0.05701395348837209,-3.275,-3.1725787762201447,True,-0.10242122377985519
2022-02-17,-0.2617978686623996,0.06255348837209303,-3.1310000000000002,-3.1203630337718478,True,-0.010636966228152467
2022-02-18,-0.2438445050624811,0.062158139534883715,-2.836000000000001,-2.835997272682591,False,-2.727317410133878e-06
2022-02-22,-0.24546831875691902,0.0607860465116279,-2.833000000000001,-2.83299809965035,False,-1.9003496509739648e-06
2022-02-23,-0.2357651337323306,0.06104186046511628,-2.6879999999999997,-2.6879967192456036,False,-3.2807543961510532e-06
2022-02-24,-0.2610399069910958,0.05976744186046512,-3.047999999999999,-3.048000486282743,False,4.862827438500972e-07
2022-02-25,-0.2754657483346362,0.054772093023255815,-3.250999999999999,-3.1633271519845687,True,-0.0876728480154303
2022-02-28,-0.27017408124435977,0.05750697674418605,-3.7360000000000015,-3.136206711061543,True,-0.5997932889384585
2022-03-01,-0.26271135835404313,0.061767441860465115,-3.441999999999999,-3.1078368209018095,True,-0.3341631790981894
2022-03-02,-0.2696922159135532,0.05810232558139536,-3.6110000000000015,-3.139960245031239,True,-0.4710397549687624
2022-03-03,-0.2713993137445906,0.05691162790697675,-3.3280000000000003,-3.141077154885572,True,-0.18692284511442825
2022-03-04,-0.26765832406290413,0.059465116279069766,-3.497999999999999,-3.1354011673235243,True,-0.36259883267647464
2022-03-07,-0.2617662014854418,0.06216744186046512,-3.6689999999999996,-3.0957539000070016,True,-0.573246099992998
2022-03-08,-0.2569194781402079,0.06498139534883722,-3.525,-3.0856595462646217,True,-0.4393404537353782
2022-03-09,-0.2640709849510928,0.06086511627906978,-3.4120000000000004,-3.111010059437395,True,-0.30098994056260553
2022-03-10,-0.2660976704598897,0.05835813953488372,-3.094,-3.094000113950835,False,1.1395083499010639e-07
2022-03-11,-0.2644539555413575,0.0584093023255814,-3.069999999999999,-3.070000299294091,False,2.9929409217643865e-07
2022-03-14,-0.2672187907035781,0.058725581395348836,-3.181,-3.114634227097564,True,-0.06636577290243606
2022-03-15,-0.26626247347269694,0.05682790697674418,-3.066,-3.0660002753116316,False,2.7531163171445883e-07
2022-03-16,-0.27665068481816235,0.05353488372093024,-3.2,-3.1575632576425607,True,-0.04243674235743944
2022-03-17,-0.2817744456649148,0.050813953488372095,-3.4930000000000008,-3.179204549145515,True,-0.31379545085448557
2022-03-18,-0.2838250526684224,0.049646511627906974,-3.663999999999999,-3.1899006563187213,True,-0.4740993436812775
2022-03-21,-0.28222575051527166,0.05067906976744186,-3.572999999999999,-3.1884340824384725,True,-0.3845659175615266
2022-03-22,-0.2839838879702459,0.050334883720930236,-3.972,-3.2087540085705633,True,-0.7632459914294367
2022-03-23,-0.2822338849733615,0.0505906976744186,-3.6710000000000007,-3.18663958124272,True,-0.48436041875728053
2022-03-24,-0.2857241011445198,0.04932558139534884,-3.8389999999999986,-3.2169555588103957,True,-0.6220444411896029
2022-03-25,-0.2825832970132411,0.0507953488372093,-4.025999999999999,-3.202738394893597,True,-0.8232616051064019
2022-03-28,-0.28429605836737915,0.050367441860465115,-3.8870000000000005,-3.222431237661942,True,-0.6645687623380585
2022-03-29,-0.28619686101300945,0.048534883720930226,-4.0,-3.2145478043849236,True,-0.7854521956150764
2022-03-30,-0.2844654355164112,0.049958139534883726,-3.928,-3.2171402944217555,True,-0.7108597055782444
2022-03-31,-0.28099713696014744,0.05183720930232558,-4.072999999999999,-3.2011752060132626,True,-0.8718247939867361
2022-04-01,-0.28102078271682535,0.05219534883720931,-4.550999999999999,-3.2111658395766156,True,-1.3398341604233837
2022-04-04,-0.2846034005042203,0.04981860465116279,-4.647999999999999,-3.218106844533516,True,-1.4298931554664827
2022-04-05,-0.2776122589191952,0.05407906976744186,-4.133000000000001,-3.195856690670339,True,-0.9371433093296617
2022-04-06,-0.2790376652156414,0.0534139534883721,-4.427000000000001,-3.201057772900052,True,-1.2259422270999494
2022-04-07,-0.27919154879243724,0.05271162790697674,-3.955000000000001,-3.189968504592219,True,-0.7650314954077819
2022-04-08,-0.2808111789059576,0.05215813953488372,-4.150999999999999,-3.203697824941995,True,-0.9473021750580037
2022-04-11,-0.27552701605988866,0.054581395348837214,-3.7909999999999995,-3.167691772806987,True,-0.6233082271930126
2022-04-12,-0.27544820009666504,0.05453953488372093,-3.7620000000000005,-3.165889935739778,True,-0.5961100642602224
2022-04-13,-0.27911498201579427,0.05291162790697674,-3.9860000000000015,-3.1923839247915855,True,-0.793616075208416
2022-04-14,-0.2790176574429141,0.05337209302325581,-3.4389999999999987,-3.198484208062935,True,-0.24051579193706374
2022-04-18,-0.27448668039841195,0.05158139534883721,-3.094,-3.094000544165477,False,5.441654771232152e-07
2022-04-19,-0.27747589357898067,0.049330232558139536,-3.094,-3.0940012205869953,False,1.220586995476225e-06
2022-04-20,-0.28764542204707183,0.04792093023255814,-3.4180000000000006,-3.2199390308429403,True,-0.19806096915706028
2022-04-21,-0.2806236418708914,0.051595348837209315,-3.272,-3.1856393510645176,True,-0.08636064893548223
2022-04-22,-0.2715127065343229,0.05691627906976744,-3.622,-3.147985388191807,True,-0.47401461180819293
2022-04-25,-0.2766417737394721,0.054409302325581395,-3.3419999999999987,-3.1744180297665716,True,-0.16758197023342714
2022-04-26,-0.26749585717215874,0.059302325581395345,-3.7430000000000008,-3.126259205802178,True,-0.6167407941978227
2022-04-27,-0.26930458644727023,0.057539534883720926,-3.809,-3.121094442457267,True,-0.6879055575427331
2022-04-28,-0.2728758925275637,0.05569767441860465,-3.6349999999999993,-3.1389617589771985,True,-0.4960382410228008
2022-04-29,-0.27074341476790165,0.05673488372093024,-3.6689999999999996,-3.1212739768429163,True,-0.5477260231570833
2022-05-02,-0.26905198515164297,0.057897674418604654,-3.1400000000000006,-3.1230002092433446,True,-0.01699979075665592
2022-05-03,-0.2580163574856366,0.054674418604651165,-2.9,-2.8999984107437595,False,-1.5892562403863053e-06
2022-05-04,-0.25643062971811986,0.049590697674418614,-2.775,-2.7750035931257897,False,3.5931257897914293e-06
2022-05-05,-0.25475679052194145,0.055432558139534883,-2.8650000000000007,-2.864999999643909,False,-3.5609160065064316e-10
2022-05-06,-0.24013708016007645,0.05431627906976744,-2.6209999999999996,-2.6209972649746103,False,-2.735025389277723e-06
2022-05-09,-0.24002050613798723,0.058572093023255827,-2.7049999999999996,-2.7049999999965655,False,-3.4341418597705342e-12
2022-05-10,-0.23522056279442913,0.05626976744186046,-2.586,-2.5859977519843347,False,-2.2480156651738525e-06
2022-05-11,-0.22350689907195673,0.058553488372093024,-2.4510000000000005,-2.450999999730277,False,-2.697233547621636e-10
2022-05-12,-0.19494055278660416,0.05679534883720931,-1.9909999999999997,-1.9909992267564058,False,-7.73243593821249e-07
2022-05-13,-0.21465963645828112,0.05297209302325581,-2.2090000000000005,-2.2089999036929084,False,-9.630709207897326e-08
2022-05-16,-0.18557179812663074,0.050353488372093025,-1.7530000000000001,-1.7529999977437571,False,-2.256242970233302e-09
2022-05-17,-0.19041482042014915,0.04706976744186047,-1.7680000000000007,-1.7679999973277483,False,-2.672252419344545e-09
2022-05-18,-0.22302484611737622,0.05346976744186046,-2.345999999999999,-2.3459999985912603,False,-1.408738903307949e-09
2022-05-19,-0.2234929108245186,0.048786046511627906,-2.2659999999999996,-2.265999962478072,False,-3.752192778705421e-08
2022-05-20,-0.21954497380355512,0.050139534883720936,-2.2319999999999993,-2.231999934270248,False,-6.572975141949655e-08
2022-05-23,-0.21021764833152698,0.047758139534883726,-2.0549999999999997,-2.054999080502294,False,-9.19497705531569e-07
2022-05-24,-0.225859126418565,0.04850697674418606,-2.2959999999999994,-2.295999980784099,False,-1.9215900426416965e-08
2022-05-25,-0.20005179920011362,0.04594883720930233,-1.8849999999999993,-1.8850022517349307,False,2.251734931402183e-06
2022-05-26,-0.22588984806030296,0.044767441860465114,-2.228,-2.2279998612850664,False,-1.3871493376171884e-07
2022-05-27,-0.22031806015682615,0.043562790697674415,-2.125,-2.124999248788756,False,-7.512112438767815e-07
2022-05-31,-0.20510843714792507,0.043302325581395344,-1.9099999999999995,-1.9100015960388286,False,1.5960388290992e-06
2022-06-01,-0.20752842337128266,0.042506976744186055,-1.9299999999999997,-1.9300021646509267,False,2.1646509269501735e-06
2022-06-02,-0.2228760264501337,0.042362790697674416,-2.1400000000000006,-2.139999192970504,False,-8.070294965634162e-07
2022-06-03,-0.2291173052048778,0.04209302325581396,-2.225,-2.2249997164775617,False,-2.8352243841567315e-07
2022-06-06,-0.23039310276420027,0.04164186046511628,-2.2359999999999998,-2.23599976888038,False,-2.311196198867549e-07
2022-06-07,-0.21946133616342528,0.04084651162790698,-2.066,-2.0659980794347015,False,-1.9205652983522725e-06
2022-06-08,-0.20582125045084257,0.04310697674418605,-1.9129999999999996,-1.913000609383199,False,6.093831994569143e-07
2022-06-09,-0.2133409331408413,0.04596279069767442,-2.066,-2.065998770993193,False,-1.2290068069908955e-06
2022-06-10,-0.2195042752874818,0.04639534883720931,-2.164,-2.163999685663923,False,-3.1433607716735423e-07
2022-06-13,-0.2280404631530171,0.05289302325581396,-2.414,-2.4139999986489826,False,-1.3510175200792673e-09
2022-06-14,-0.23652502630650532,0.05163255813953489,-2.5159999999999996,-2.5159999992945328,False,-7.05466796091514e-10
2022-06-15,-0.19289546808582791,0.0490093023255814,-1.8359999999999999,-1.8360016322479922,False,1.632247992322533e-06
2022-06-16,-0.21660486821803798,0.053190697674418606,-2.248,-2.247999987275649,False,-1.272435135035721e-08
2022-06-17,-0.21009818631427696,0.051190697674418605,-2.1150000000000007,-2.1149997359332486,False,-2.6406675202039764e-07
2022-06-21,-0.21490986651990926,0.04854418604651163,-2.1379999999999995,-2.137999746837155,False,-2.5316284446574855e-07
2022-06-22,-0.2022359559805656,0.04635348837209302,-1.922,-1.9219967753207858,False,-3.2246792140977476e-06
2022-06-23,-0.21645774227268202,0.04572558139534884,-2.1109999999999998,-2.1109995068810874,False,-4.931189123702495e-07
2022-06-24,-0.21558589745483206,0.04248372093023256,-2.0430000000000006,-2.0429984374390417,False,-1.5625609588454381e-06
2022-06-27,-0.2143619954164718,0.04073488372093023,-1.9980000000000004,-1.99799746272121,False,-2.5372787904043292e-06
2022-06-28,-0.21606702936463784,0.04214883720930233,-2.0459999999999994,-2.045998684424339,False,-1.3155756604099622e-06
2022-06-29,-0.2082303007128703,0.04135813953488372,-1.9260000000000006,-1.9260026544557516,False,2.654455750983331e-06
2022-06-30,-0.21291896873509356,0.04157674418604652,-1.9939999999999998,-1.9939979349417876,False,-2.0650582122083705e-06
2022-07-01,-0.20514702219652078,0.03977209302325582,-1.8590000000000004,-1.8589999986058532,False,-1.3941472420953005e-09
2022-07-05,-0.20109362864157737,0.040604651162790696,-1.8189999999999997,-1.8189999981529106,False,-1.8470891482991192e-09
2022-07-06,-0.19619349309380918,0.03994418604651163,-1.7450000000000003,-1.7449999952867217,False,-4.7132786562542606e-09
2022-07-07,-0.2063134102693346,0.03994418604651163,-1.8760000000000006,-1.875999998694419,False,-1.3055816427964828e-09
2022-07-08,-0.20228329104836884,0.03941395348837209,-1.8129999999999995,-1.81299999673597,False,-3.264029491134579e-09
2022-07-11,-0.21288542794090137,0.040953488372093026,-1.9799999999999998,-1.9799967895891977,False,-3.21041080209028e-06
2022-07-12,-0.22268525518596188,0.041888372093023256,-2.133,-2.1329994108297257,False,-5.89170274345463e-07
2022-07-13,-0.21594106516994555,0.042088372093023255,-2.0409999999999995,-2.0409983286532176,False,-1.671346781861871e-06
2022-07-14,-0.22654869449936807,0.0422,-2.192,-2.1919996734190046,False,-3.2658099557991704e-07
2022-07-15,-0.23138483560150463,0.04156744186046512,-2.248,-2.247999771713168,False,-2.282868321046294e-07
2022-07-18,-0.2163766360921012,0.042725581395348836,-2.0549999999999997,-2.0549983176097033,False,-1.682390296409153e-06
2022-07-19,-0.2145239866594038,0.0412139534883721,-2.0040000000000004,-2.003996862871208,False,-3.1371287922965507e-06
2022-07-20,-0.19448399465512986,0.04034883720930233,-1.7239999999999995,-1.7239999925914764,False,-7.408523128304978e-09
2022-07-21,-0.20672117572775459,0.03955348837209303,-1.8709999999999993,-1.8709999980063612,False,-1.99363814346043e-09
2022-07-22,-0.21028567099581996,0.039316279069767444,-1.9150000000000005,-1.9149999986742496,False,-1.3257508424402431e-09
2022-07-25,-0.2129158880428564,0.0389860465116279,-1.9459999999999993,-1.9460008044952632,False,8.044952639618685e-07
2022-07-26,-0.22549864163710928,0.03945581395348837,-2.1290000000000004,-2.1289989685023314,False,-1.0314976690573019e-06
2022-07-27,-0.2317598477530025,0.038032558139534885,-2.192,-2.1919993432407927,False,-6.567592074624429e-07
2022-07-28,-0.2375767858091621,0.03761860465116279,-2.2670000000000003,-2.2669996987007606,False,-3.0129923977995077e-07
2022-07-29,-0.23533285246562036,0.037344186046511636,-2.2290000000000005,-2.228999394980149,False,-6.050198515517025e-07
2022-08-01,-0.23635939788708546,0.04015813953488372,-2.2939999999999996,-2.293999826445462,False,-1.735545374081937e-07
2022-08-02,-0.22704129096919326,0.041148837209302326,-2.178,-2.177999379427677,False,-6.205723228625004e-07
2022-08-03,-0.2249671883248123,0.03934883720930233,-2.1159999999999997,-2.1159983071200377,False,-1.6928799619897461e-06
2022-08-04,-0.23705264864275563,0.03892558139534884,-2.281,-2.28099971653249,False,-2.834675103535744e-07
2022-08-05,-0.25819890512194493,0.039130232558139535,-2.597,-2.5969999254277174,False,-7.457228257123916e-08
2022-08-08,-0.2412520198712528,0.04044186046511629,-2.3689999999999998,-2.368999924220104,False,-7.577989569185206e-08
2022-08-09,-0.2424030882651234,0.040693023255813955,-2.3909999999999996,-2.390999957103801,False,-4.289619859321192e-08
2022-08-10,-0.24862503165182936,0.04187906976744187,-2.5040000000000004,-2.5039999927150727,False,-7.284927772133187e-09
2022-08-11,-0.2599939824173656,0.042251162790697676,-2.684,-2.6840014042889138,False,1.4042889135978953e-06
2022-08-12,-0.2762496778652561,0.04233023255813954,-2.934,-2.9339971930473125,False,-2.8069526876173256e-06
2022-08-15,-0.2663772007938052,0.04126976744186047,-2.7620000000000005,-2.7620035530050355,False,3.5530050350729425e-06
2022-08-16,-0.2567242518604215,0.040953488372093026,-2.6090000000000004,-2.6089974336023287,False,-2.5663976717105186e-06
2022-08-17,-0.22991975436094525,0.040683720930232564,-2.2060000000000004,-2.205999191677621,False,-8.083223792532124e-07
2022-08-18,-0.24522073743821066,0.04021395348837209,-2.4219999999999997,-2.421999952710382,False,-4.7289617555179575e-08
2022-08-19,-0.23964065960051653,0.04175348837209302,-2.3680000000000008,-2.367999917463385,False,-8.253661576418381e-08
2022-08-22,-0.2382670931551775,0.04406976744186047,-2.3930000000000007,-2.3929999810548477,False,-1.8945153001936887e-08
2022-08-23,-0.23837563275170184,0.0434139534883721,-2.383,-2.3829999780360773,False,-2.1963922680612313e-08
2022-08-24,-0.23519789576424543,0.0402093023255814,-2.278,-2.2779997802194503,False,-2.1978054975946293e-07
2022-08-25,-0.2392310633473435,0.03875348837209302,-2.3099999999999996,-2.3099998224981837,False,-1.77501815912251e-07
2022-08-26,-0.24424478584082024,0.042632558139534885,-2.4569999999999994,-2.456999998644162,False,-1.35583722027377e-09
2022-08-29,-0.22645145574125788,0.04259069767441861,-2.197,-2.196999691723576,False,-3.082764239437097e-07
2022-08-30,-0.21995591213404478,0.04237674418604652,-2.1010000000000004,-2.1009989938978664,False,-1.0061021340490583e-06
2022-08-31,-0.21207727807430438,0.04111627906976745,-1.9709999999999994,-1.971003205493386,False,3.2054933865044433e-06
2022-09-01,-0.21991594759108732,0.0408093023255814,-2.0739999999999994,-2.0739985069176616,False,-1.4930823377667934e-06
2022-09-02,-0.2124376312822442,0.04148372093023256,-1.9810000000000003,-1.9810033680816217,False,3.3680816213799147e-06
2022-09-06,-0.20991279021075723,0.04375813953488372,-1.9840000000000004,-1.9839974077818607,False,-2.592218139696456e-06
2022-09-07,-0.2074276493403347,0.041051162790697676,-1.9049999999999998,-1.9050000466137111,False,4.6613711335297126e-08
2022-09-08,-0.20916013210494744,0.039799999999999995,-1.908,-1.9079999988262526,False,-1.173747321558949e-09
2022-09-09,-0.2143150167672325,0.03911162790697675,-1.9659999999999997,-1.9660013542145263,False,1.3542145265166283e-06
2022-09-12,-0.22410242471995243,0.039316279069767444,-2.1060000000000003,-2.10599853484336,False,-1.4651566404566552e-06
2022-09-13,-0.2488625288742976,0.04366976744186046,-2.5459999999999994,-2.545999999683721,False,-3.162785588983752e-10
2022-09-14,-0.21278668813942408,0.04352558139534884,-2.0189999999999997,-2.0189979442151715,False,-2.055784828147722e-06
2022-09-15,-0.21170335344228083,0.043074418604651166,-1.9969999999999999,-1.9969974231108345,False,-2.576889165384344e-06
2022-09-16,-0.19500096918822515,0.04298604651162791,-1.7709999999999995,-1.7709999968443073,False,-3.155692152034817e-09
2022-09-19,-0.18536055091279457,0.0413906976744186,-1.6260000000000006,-1.6259999870971038,False,-1.2902896751043613e-08
2022-09-20,-0.18758278257696653,0.04238139534883721,-1.6689999999999998,-1.6689999923309518,False,-7.669048063263517e-09
2022-09-21,-0.18319088064610017,0.042813953488372095,-1.6209999999999993,-1.6209999903096495,False,-9.690349855873137e-09
2022-09-22,-0.18180907796271756,0.04147906976744186,-1.5859999999999999,-1.5860000009282755,False,9.282756785466972e-10
2022-09-23,-0.19945041819263037,0.04723255813953489,-1.8989999999999996,-1.8989965972973684,False,-3.4027026312166697e-06
2022-09-26,-0.20251671263844107,0.05073953488372093,-2.0010000000000003,-2.000999129083031,False,-8.709169692089347e-07
2022-09-27,-0.2026389048718926,0.05291162790697674,-2.039,-2.0389995022057263,False,-4.977942738015884e-07
2022-09-28,-0.20712802818112871,0.04922325581395349,-2.0379999999999994,-2.037999153715747,False,-8.462842524536995e-07
2022-09-29,-0.21367323332754545,0.05037674418604651,-2.154000000000001,-2.15399986359776,False,-1.3640224061362005e-07
2022-09-30,-0.2288658465311487,0.049390697674418615,-2.3590000000000004,-2.358999999788009,False,-2.119913133924456e-10
2022-10-03,-0.2156544149092468,0.04792093023255814,-2.1379999999999995,-2.137999731275215,False,-2.6872478464667893e-07
2022-10-04,-0.22666909800222532,0.045037209302325576,-2.2459999999999996,-2.245999929847089,False,-7.015291059175865e-08
2022-10-05,-0.224235133971771,0.043158139534883726,-2.178,-2.177999745557209,False,-2.5444279083686183e-07
2022-10-06,-0.2259018771882902,0.045455813953488376,-2.2439999999999998,-2.2439999534734376,False,-4.6526562158533125e-08
2022-10-07,-0.21832059607464033,0.04807906976744186,-2.181,-2.1809998927068146,False,-1.0729318544733246e-07
2022-10-10,-0.2039775545106674,0.04981860465116279,-2.0069999999999992,-2.006999175676864,False,-8.243231350846258e-07
2022-10-11,-0.20518466651193204,0.048958139534883725,-2.0120000000000005,-2.011999312717864,False,-6.872821365355719e-07
2022-10-12,-0.20216050188620435,0.0507860465116279,-1.9989999999999994,-1.9989992594950174,False,-7.405049819997345e-07
2022-10-13,-0.19064615802991278,0.04709767441860465,-1.7819999999999994,-1.781999998778374,False,-1.2216254674513038e-09
2022-10-14,-0.20124344369966934,0.0474139534883721,-1.9299999999999997,-1.9299979197619468,False,-2.08023805292612e-06
2022-10-17,-0.18617871522803206,0.04526511627906977,-1.6969999999999998,-1.6969999969337697,False,-3.066230158665917e-09
2022-10-18,-0.18806550805298267,0.04293023255813954,-1.6879999999999995,-1.6879999957194785,False,-4.280521048727337e-09
2022-10-19,-0.19180900111454233,0.042181395348837206,-1.7260000000000004,-1.7259999968032003,False,-3.1968001579230076e-09
2022-10-20,-0.194244909558165,0.04109302325581395,-1.7409999999999997,-1.7409999969223764,False,-3.0776232673446202e-09
2022-10-21,-0.1850782510114326,0.040613953488372094,-1.6189999999999998,-1.6189999908150527,False,-9.184947025175916e-09
2022-10-24,-0.175521776991391,0.04002790697674419,-1.4969999999999999,-1.4970000007801314,False,7.80131514943605e-10
2022-10-25,-0.17463952047529754,0.038237209302325575,-1.464,-1.4640000010081464,False,1.0081464552058605e-09
2022-10-26,-0.16872267160317322,0.0374046511627907,-1.386,-1.3860000008862994,False,8.862994782532496e-10
2022-10-27,-0.1620898292468094,0.038376744186046516,-1.3230000000000004,-1.3230000006879898,False,6.879894431932598e-10
2022-10-28,-0.1530916797477883,0.03633488372093024,-1.2060000000000002,-1.2060000003157187,False,3.1571856240475427e-10
2022-10-31,-0.15180143375366867,0.03667906976744186,-1.1959999999999993,-1.1960000003273485,False,3.273492588107274e-10
2022-11-01,-0.14613288745865755,0.03732093023255814,-1.1439999999999997,-1.1440000001350528,False,1.3505307983052717e-10
2022-11-02,-0.15125981590863002,0.03764186046511628,-1.1989999999999994,-1.1990000003271704,False,3.271709569929726e-10
2022-11-03,-0.13533990213188563,0.036823255813953494,-1.0340000000000003,-1.0340000000798413,False,7.984102268210336e-11
2022-11-04,-0.14847596213960373,0.03685581395348837,-1.1620000000000004,-1.1620000002497861,False,2.497857476413401e-10
2022-11-07,-0.14871497976251205,0.03718604651162791,-1.1670000000000003,-1.1670000003027161,False,3.0271585238494936e-10
2022-11-08,-0.1643383733780028,0.03934883720930233,-1.3549999999999998,-1.3550000007973824,False,7.973826043894405e-10
2022-11-09,-0.16896470247881137,0.041911627906976744,-1.436,-1.436000000797921,False,7.979210625563837e-10
2022-11-10,-0.1440624055148139,0.03989767441860465,-1.1420000000000001,-1.142000000131109,False,1.3110890151324384e-10
2022-11-11,-0.16898578094783379,0.039948837209302326,-1.4090000000000003,-1.4090000009794332,False,9.79432979164585e-10
2022-11-14,-0.165673046416252,0.039334883720930226,-1.3670000000000002,-1.3670000008748684,False,8.748681779024992e-10
2022-11-15,-0.1832529035830595,0.041074418604651164,-1.5939999999999999,-1.5940000011746698,False,1.1746699168924124e-09
2022-11-16,-0.18342272553703867,0.037851162790697675,-1.5560000000000003,-1.5560000013102302,False,1.3102299245559834e-09
2022-11-17,-0.18085157839941318,0.037748837209302326,-1.5239999999999996,-1.5240000013796189,False,1.3796193076842656e-09
2022-11-18,-0.1802437518760638,0.03613023255813954,-1.4969999999999999,-1.497000001461293,False,1.4612930865354201e-09
2022-11-21,-0.17668379771779394,0.03586511627906977,-1.4519999999999995,-1.4520000013599657,False,1.359966139702351e-09
2022-11-22,-0.19110706356969964,0.036190697674418605,-1.6239999999999994,-1.6240000017611333,False,1.7611339053758002e-09
2022-11-23,-0.2082890604010812,0.0380093023255814,-1.8650000000000007,-1.864999996552198,False,-3.447802709999337e-09
2022-11-25,-0.273405199253678,0.03837209302325582,-2.8110000000000013,-2.8109999623772275,False,-3.762277378527301e-08
2022-11-28,-0.20386036306487548,0.040618604651162786,-1.847,-1.8469999973035192,False,-2.69648081641094e-09
2022-11-29,-0.21895139924104665,0.03973488372093024,-2.0379999999999994,-2.0379967664005028,False,-3.2335994966103954e-06
2022-11-30,-0.2068609038818166,0.03804186046511628,-1.847,-1.8469999960938408,False,-3.9061591738942525e-09
2022-12-01,-0.20153461260886488,0.03822790697674419,-1.7790000000000006,-1.7789999919083894,False,-8.091611158889123e-09
2022-12-02,-0.20440836423141234,0.03793953488372093,-1.811,-1.8109999934695882,False,-6.530411766902944e-09
2022-12-05,-0.19986205294751042,0.0394,-1.775,-1.7749999927961664,False,-7.203833529700887e-09
2022-12-06,-0.19376522061784904,0.04027441860465116,-1.7109999999999999,-1.7109999900704482,False,-9.92955162537612e-09
2022-12-07,-0.19885078350892293,0.04054883720930233,-1.7810000000000001,-1.7809999952149347,False,-4.785065454981918e-09
2022-12-08,-0.19794244019836882,0.03948837209302326,-1.7540000000000007,-1.7539999927327643,False,-7.2672363682357854e-09
2022-12-09,-0.20956804476906268,0.040586046511627914,-1.9239999999999995,-1.923999998841243,False,-1.1587564241466453e-09
2022-12-12,-0.22571020113520193,0.04266511627906977,-2.186,-2.1859995603674536,False,-4.396325463673634e-07
2022-12-13,-0.2336003187842941,0.04127441860465116,-2.2730000000000006,-2.2729997599705127,False,-2.4002948784129785e-07
2022-12-14,-0.24411103072184093,0.04109302325581395,-2.4230000000000005,-2.422999971862808,False,-2.813719257588332e-08
2022-12-15,-0.24351145403468855,0.04291162790697675,-2.4489999999999994,-2.44899999260067,False,-7.399329593482662e-09
2022-12-16,-0.2144532304424137,0.04146511627906977,-2.0040000000000004,-2.004003060322312,False,3.0603223115655e-06
2022-12-19,-0.19311183996145742,0.04071627906976745,-1.7090000000000003,-1.7089999908151459,False,-9.184854432575662e-09
2022-12-20,-0.1830993772441053,0.0386046511627907,-1.5569999999999993,-1.557000001448773,False,1.448773767620537e-09
2022-12-21,-0.17436359764244608,0.036111627906976744,-1.425,-1.4250000013456638,False,1.34566380260992e-09
2022-12-22,-0.17370169264824642,0.038111627906976746,-1.4420000000000002,-1.4420000013210135,False,1.3210132987495626e-09
2022-12-23,-0.17654177539055066,0.03666976744186047,-1.4569999999999994,-1.457000001447902,False,1.447902686635416e-09
2022-12-27,-0.16642079179273114,0.03658139534883721,-1.3439999999999999,-1.3440000009220372,False,9.220373353713285e-10
2022-12-28,-0.15254555784588963,0.03716279069767442,-1.203,-1.203000000366092,False,3.660918235226518e-10
2022-12-29,-0.1654685295950418,0.03594418604651163,-1.3269999999999995,-1.3270000008450518,False,8.450522503977709e-10
2022-12-30,-0.16829339110976377,0.03583720930232558,-1.3569999999999993,-1.3570000009980683,False,9.98068960811338e-10
2023-01-03,-0.15905043044334574,0.03736744186046512,-1.2739999999999996,-1.274000000536777,False,5.367775113285234e-10
2023-01-04,-0.15493958599398383,0.03565116279069768,-1.214,-1.2140000004015994,False,4.015994203854234e-10
2023-01-05,-0.16026397988456464,0.03533023255813953,-1.2670000000000001,-1.2670000006572044,False,6.572042909880338e-10
2023-01-06,-0.1723743242705562,0.034362790697674415,-1.386,-1.3860000013147484,False,1.3147485322662078e-09
2023-01-09,-0.17578291969647397,0.035939534883720925,-1.4420000000000002,-1.4420000013580772,False,1.3580769842036489e-09
2023-01-10,-0.178541271435823,0.035358139534883724,-1.4650000000000005,-1.4650000016891371,False,1.6891366083626735e-09
2023-01-11,-0.18104872207252232,0.03671627906976744,-1.5099999999999993,-1.5100000015556168,False,1.5556174126629685e-09
2023-01-12,-0.2002065560231652,0.03664651162790698,-1.739,-1.7389999869697683,False,-1.3030231782451551e-08
2023-01-13,-0.2311361775720411,0.03762325581395348,-2.1700000000000004,-2.1699983750334737,False,-1.6249665266698798e-06
2023-01-17,-0.21760163666260887,0.0388093023255814,-2.0010000000000003,-2.001001050684245,False,1.0506842444968356e-06
2023-01-18,-0.21577509178376325,0.03968837209302325,-1.9909999999999997,-1.991001372078197,False,1.3720781972814677e-06
2023-01-19,-0.2253167287913557,0.0396,-2.123,-2.1229981949213355,False,-1.8050786647627604e-06
2023-01-20,-0.22011907587856808,0.03768837209302326,-2.0189999999999997,-2.019001845466049,False,1.8454660493105735e-06
2023-01-23,-0.22675232251577476,0.036437209302325586,-2.0909999999999997,-2.0909969132723223,False,-3.086727677459322e-06
2023-01-24,-0.22933201149364946,0.03691627906976745,-2.1340000000000003,-2.1339978345802426,False,-2.165419757726994e-06
2023-01-25,-0.2264738892554845,0.03755348837209302,-2.1040000000000005,-2.103997269191808,False,-2.7308081924637406e-06
2023-01-26,-0.22923781852704195,0.03795348837209302,-2.1489999999999996,-2.1489980769383643,False,-1.9230616352672314e-06
2023-01-27,-0.23169592538836173,0.038748837209302334,-2.197,-2.196998806830072,False,-1.1931699281930719e-06
2023-01-30,-0.2210152489987879,0.040060465116279066,-2.069,-2.068996844867413,False,-3.1551325867518187e-06
2023-01-31,-0.2403860775519511,0.039023255813953495,-2.3290000000000006,-2.3289997749355638,False,-2.250644368650967e-07
2023-02-01,-0.23443631160169934,0.03776744186046512,-2.219,-2.2189989186389076,False,-1.0813610922255634e-06
2023-02-02,-0.24383331950460382,0.03952093023255814,-2.3879999999999995,-2.387999896690725,False,-1.0330927446844385e-07
2023-02-03,-0.23926535845084895,0.03883255813953489,-2.308,-2.307999645704449,False,-3.542955506752321e-07
2023-02-06,-0.23780262125171367,0.03958139534883721,-2.3010000000000006,-2.300999694973701,False,-3.0502629977391393e-07
2023-02-07,-0.240560929279078,0.03932093023255815,-2.336,-2.3359997633736262,False,-2.3662637360644112e-07
2023-02-08,-0.22221486735191898,0.044106976744186045,-2.1519999999999997,-2.1519986755334855,False,-1.3244665142408962e-06
2023-02-09,-0.21387082807116134,0.04556279069767442,-2.058,-2.0579975191054367,False,-2.4808945631171753e-06
2023-02-10,-0.21723377572630287,0.04447906976744186,-2.0879999999999996,-2.0879978408883453,False,-2.1591116543540068e-06
2023-02-13,-0.22920447633026467,0.04369767441860466,-2.248,-2.247999572033748,False,-4.2796625221441786e-07
2023-02-14,-0.22358522714726797,0.04148837209302326,-2.127,-2.1269979236203076,False,-2.076379692184105e-06
2023-02-15,-0.22664515832157603,0.03944651162790698,-2.136,-2.135997768518242,False,-2.2314817580415536e-06
2023-02-16,-0.23653245734727785,0.04104651162790698,-2.309,-2.308999766597916,False,-2.334020843264284e-07
2023-02-17,-0.23533802327577166,0.04091627906976745,-2.289,-2.2889996890842896,False,-3.1091571051078404e-07
2023-02-21,-0.23869702348426144,0.044646511627906976,-2.4090000000000003,-2.4089999823710815,False,-1.7628918769219126e-08
2023-02-22,-0.23277840869535713,0.042437209302325585,-2.281,-2.2809997791250534,False,-2.2087494677691666e-07
2023-02-23,-0.22960275950226428,0.039609302325581394,-2.1849999999999996,-2.184999086460946,False,-9.135390537373667e-07
2023-02-24,-0.2250649861491874,0.03965581395348838,-2.122,-2.121998395463517,False,-1.6045364827910191e-06
2023-02-27,-0.22138179793708174,0.03870232558139535,-2.0540000000000007,-2.0539966760759176,False,-3.3239240830873484e-06
2023-02-28,-0.21885530480835794,0.037562790697674424,-2.0010000000000003,-2.00100147802887,False,1.4780288695170896e-06
2023-03-01,-0.21066761011652094,0.03746511627906977,-1.889,-1.8889999971254372,False,-2.8745628100068643e-09
2023-03-02,-0.2023188018881709,0.03597209302325582,-1.7579999999999998,-1.75799998869737,False,-1.13026297210439e-08
2023-03-03,-0.20751960041901632,0.03531627906976745,-1.814,-1.813999991618297,False,-8.38170310935027e-09
2023-03-06,-0.22267653652216388,0.035539534883720934,-2.0189999999999997,-2.0190007482461785,False,7.482461787944317e-07
2023-03-07,-0.2241445423101637,0.036530232558139544,-2.056,-2.0560028826091936,False,2.88260919356631e-06
2023-03-08,-0.2170790168866379,0.03473023255813954,-1.9319999999999993,-1.9319999975742146,False,-2.4257846842346e-09
2023-03-09,-0.22825957176816264,0.0428093023255814,-2.222,-2.2219995729464994,False,-4.270535005623799e-07
2023-03-10,-0.2717656377241693,0.05052093023255814,-3.027000000000001,-3.027002534824528,False,2.5348245271672454e-06
2023-03-13,-0.2791469333131325,0.053274418604651166,-3.2139999999999986,-3.1889432547575605,True,-0.025056745242438172
2023-03-14,-0.2860231735941894,0.04879069767441861,-3.272,-3.204882487169694,True,-0.06711751283030587
2023-03-15,-0.27231350531483767,0.05709302325581396,-3.6620000000000004,-3.1679733962131444,True,-0.4940266037868559
2023-03-16,-0.28115398117012985,0.05152093023255814,-3.4530000000000003,-3.1912483402529435,True,-0.26175165974705683
2023-03-17,-0.26866132658445857,0.05802325581395349,-3.1340000000000003,-3.1340000200613654,False,2.0061365013646082e-08
2023-03-20,-0.26835500583276595,0.05123720930232558,-2.9909999999999997,-2.990996583509642,False,-3.4164903577327266e-06
2023-03-21,-0.2578264468234942,0.04706511627906977,-2.7459999999999996,-2.7459970069245223,False,-2.9930754772422574e-06
2023-03-22,-0.22877858337058,0.04773953488372094,-2.316,-2.315999900129525,False,-9.98704750010404e-08
2023-03-23,-0.24402042870102297,0.04786976744186047,-2.55,-2.549996425175963,False,-3.574824036789437e-06
2023-03-24,-0.25493588458783006,0.04638139534883721,-2.6879999999999997,-2.6880012222638614,False,1.2222638616776749e-06
2023-03-27,-0.2519777015188988,0.04421860465116279,-2.6,-2.60000197870436,False,1.978704359917316e-06
2023-03-28,-0.23349930535380234,0.04251627906976744,-2.2900000000000005,-2.2899997207816676,False,-2.792183328992337e-07
2023-03-29,-0.24141133837089082,0.04082790697674419,-2.3760000000000003,-2.3759998906069306,False,-1.0939306971380347e-07
2023-03-30,-0.25978810672950636,0.039693023255813954,-2.6310000000000002,-2.63100334068984,False,3.3406898398702367e-06
2023-03-31,-0.25547886616368964,0.040711627906976744,-2.5849999999999995,-2.584999999042409,False,-9.575904513781097e-10
2023-04-03,-0.25988631647951,0.03910232558139535,-2.6209999999999996,-2.620999999639314,False,-3.6068570352654206e-10
2023-04-04,-0.2649010897593073,0.0394046511627907,-2.7030000000000003,-2.7030011223727506,False,1.122372750295142e-06
2023-04-05,-0.2638559008967929,0.03996279069767442,-2.6980000000000004,-2.698002061685895,False,2.061685894449994e-06
2023-04-06,-0.2476701189091942,0.03936744186046512,-2.442,-2.4419999513920914,False,-4.860790880911736e-08
2023-04-10,-0.26371314082369085,0.039972093023255814,-2.6959999999999993,-2.696002235576723,False,2.235576723741417e-06
2023-04-11,-0.2667479861092245,0.03996279069767442,-2.742,-2.74200199460298,False,1.9946029801154452e-06
2023-04-12,-0.283024630355784,0.040493023255813956,-3.0,-2.9999981551770083,False,-1.8448229917034098e-06
2023-04-13,-0.3001122948819003,0.0394093023255814,-3.2360000000000015,-3.2360000979453005,False,9.794529898243809e-08
2023-04-14,-0.30323621623733765,0.03907441860465117,-3.4650000000000007,-3.2773555030796024,True,-0.1876444969203983
2023-04-17,-0.303332314638566,0.03867441860465116,-3.503999999999999,-3.2709189532894563,True,-0.23308104671054286
2023-04-18,-0.3000460767844983,0.04093488372093024,-3.7120000000000006,-3.2693981644984023,True,-0.4426018355015984
2023-04-19,-0.2809408568078491,0.0442046511627907,-3.047999999999999,-3.04800263951189,False,2.639511890834001e-06
2023-04-20,-0.29174448786801943,0.045795348837209295,-3.349000000000001,-3.2453831453614965,True,-0.10361685463850456
2023-04-21,-0.29340087350494903,0.04508837209302326,-3.2939999999999996,-3.2566552904408743,True,-0.03734470955912528
2023-04-24,-0.2942409934664964,0.04370232558139535,-3.2400000000000007,-3.2399968222039943,False,-3.1777960063372745e-06
2023-04-25,-0.28033760568699106,0.04388372093023255,-3.028999999999999,-3.0290033840551738,False,3.3840551747488234e-06
2023-04-26,-0.2840511684434522,0.04216279069767443,-3.05,-3.050003648152713,False,3.648152713253694e-06
2023-04-27,-0.30150705849309534,0.03990232558139536,-3.6599999999999993,-3.2690641338573783,True,-0.390935866142621
2023-04-28,-0.301680190947808,0.0404186046511628,-3.844,-3.2862296963399213,True,-0.5577703036600785
2023-05-01,-0.30002984582725184,0.04102790697674418,-3.566,-3.273360291113082,True,-0.2926397088869179
2023-05-02,-0.2873101217316793,0.04253953488372093,-3.1090000000000004,-3.10900142397016,False,1.4239701595641918e-06
2023-05-03,-0.28284873903531366,0.04257674418604652,-3.0409999999999995,-3.0410029718224765,False,2.9718224769936796e-06
2023-05-04,-0.27934231588039554,0.04592558139534884,-3.0539999999999994,-3.054002644089735,False,2.6440897356039272e-06
2023-05-05,-0.2965589825103356,0.04269767441860465,-3.4319999999999995,-3.252993125536074,True,-0.1790068744639255
2023-05-08,-0.2950021211068118,0.042781395348837216,-3.2319999999999993,-3.232000012134088,False,1.213408884481737e-08
2023-05-09,-0.2964772898032045,0.043,-3.3879999999999995,-3.2565512543741018,True,-0.1314487456258977
2023-05-10,-0.2933232324877041,0.045362790697674425,-3.8629999999999995,-3.2607685172186773,True,-0.6022314827813222
2023-05-11,-0.29335089998597685,0.04526511627906977,-3.8180000000000005,-3.2591663460587914,True,-0.5588336539412091
2023-05-12,-0.29007528355922046,0.046762790697674424,-4.025999999999999,-3.2407730742127647,True,-0.7852269257872342
2023-05-15,-0.29507152839246953,0.044023255813953485,-3.8569999999999993,-3.258539244078256,True,-0.5984607559217432
2023-05-16,-0.2933376330320112,0.045409302325581394,-3.7319999999999993,-3.259013348666521,True,-0.4729866513334784
2023-05-17,-0.29673483357833885,0.043144186046511636,-3.753,-3.265838857335142,True,-0.4871611426648581
2023-05-18,-0.30013700187200343,0.041423255813953494,-3.806,-3.2832855354872965,True,-0.5227144645127035
2023-05-19,-0.295135672268399,0.04407906976744186,-3.552000000000001,-3.2615447849675854,True,-0.29045521503241556
2023-05-22,-0.2934260094887203,0.04541395348837209,-3.624000000000001,-3.2626358546904917,True,-0.36136414530950933
2023-05-23,-0.29006083777079783,0.0474,-3.6419999999999986,-3.2499655585389204,True,-0.39203444146107813
2023-05-24,-0.2850056216890875,0.04954418604651163,-3.8370000000000006,-3.214931613758903,True,-0.6220683862410978
2023-05-25,-0.2883852426783599,0.04831627906976744,-4.072999999999999,-3.242323284543323,True,-0.8306767154566757
2023-05-26,-0.2934717400335517,0.04538139534883721,-4.646000000000001,-3.260550602036824,True,-1.385449397963177
2023-05-30,-0.29677286358431476,0.04274883720930232,-4.5139999999999985,-3.256467186348323,True,-1.2575328136516752
2023-05-31,-0.2967723318596653,0.042506976744186055,-5.830000000000001,-3.2500519761225504,True,-2.5799480238774506
2023-06-01,-0.30186131685400763,0.03956744186046511,-5.197999999999999,-3.2716285501930873,True,-1.9263714498069113
2023-06-02,-0.30202617449410113,0.040074418604651156,-4.261000000000001,-3.2878673289772657,True,-0.9731326710227353
2023-06-05,-0.3020310886454506,0.03989302325581395,-4.3180000000000005,-3.2837508126171993,True,-1.0342491873828012
2023-06-06,-0.3022108962431957,0.03987906976744186,-4.627000000000001,-3.288496343687659,True,-1.3385036563123416
2023-06-07,-0.3037936888716912,0.03906976744186046,-5.100999999999999,-3.2954591520586276,True,-1.8055408479413715
2023-06-08,-0.30060427247009186,0.04075813953488372,-5.553,-3.28355196448468,True,-2.26944803551532
2023-06-09,-0.2989687154085735,0.04172093023255814,-5.2780000000000005,-3.278447225371518,True,-1.9995527746284827
2023-06-12,-0.29734404875930515,0.04317674418604651,-5.771000000000001,-3.2810793413527075,True,-2.4899206586472933
2023-06-13,-0.2973458334331688,0.04283720930232558,-5.644,-3.2750897719864858,True,-2.3689102280135144
2023-06-14,-0.2973788516760001,0.04274883720930232,-5.037000000000001,-3.275760918815822,True,-1.7612390811841787
2023-06-15,-0.29571738224217625,0.04369767441860466,-4.786000000000001,-3.2687381575700436,True,-1.5172618424299578
2023-06-16,-0.29900016466656076,0.042181395348837206,-4.3069999999999995,-3.2894881214699234,True,-1.017511878530076
2023-06-20,-0.29403751109876114,0.04477209302325582,-3.875,-3.267391502590938,True,-0.6076084974090619
2023-06-21,-0.29734261543389645,0.04313023255813953,-3.372,-3.2851721808092518,True,-0.08682781919074811
2023-06-22,-0.29901634793853654,0.042158139534883725,-3.6150000000000007,-3.2910370193971747,True,-0.3239629806028259
2023-06-23,-0.29735257561570416,0.04294883720930233,-3.7849999999999993,-3.2808103432115967,True,-0.5041896567884026
2023-06-26,-0.29572455631214856,0.04438139534883721,-4.009,-3.2840132270779683,True,-0.7249867729220321
2023-06-27,-0.29910222721234336,0.04247906976744186,-4.056,-3.2967675360020334,True,-0.7592324639979666
2023-06-28,-0.3024312709283011,0.03990232558139536,-3.8370000000000006,-3.293916488968426,True,-0.5430835110315746
2023-06-29,-0.3023921494520575,0.03965581395348838,-4.3050000000000015,-3.287806097079759,True,-1.0171939029202424
2023-06-30,-0.30403388777466056,0.03865581395348837,-4.996,-3.291482102037474,True,-1.7045178979625266
2023-07-03,-0.30401091120350926,0.03914883720930233,-4.524000000000001,-3.3015437359581585,True,-1.2224562640418424
2023-07-05,-0.30072510820997095,0.04081860465116279,-4.408000000000001,-3.2851059634533066,True,-1.1228940365466946
2023-07-06,-0.29569627325944137,0.04432558139534884,-4.844999999999999,-3.279062592389559,True,-1.56593740761044
2023-07-07,-0.29573393712991713,0.04394883720930232,-4.813,-3.2733955295561827,True,-1.539604470443817
2023-07-10,-0.29575089512188385,0.04433953488372093,-4.2490000000000006,-3.2812340215172933,True,-0.9677659784827073
2023-07-11,-0.2957813807137991,0.044283720930232556,-4.399000000000001,-3.281166480070073,True,-1.117833519929928
2023-07-12,-0.29429703896568327,0.04458139534883721,-4.831999999999999,-3.268216631880957,True,-1.5637833681190418
2023-07-13,-0.2943019069498851,0.04485116279069768,-4.708000000000001,-3.2738570657003025,True,-1.4341429342996985
2023-07-14,-0.295930530957738,0.04413488372093023,-4.947999999999999,-3.2844340934126315,True,-1.6635659065873671
2023-07-17,-0.2942517439088362,0.044641860465116284,-4.224000000000001,-3.268960170066629,True,-0.955039829933372
2023-07-18,-0.29753282659445357,0.04325116279069768,-4.186000000000002,-3.290388115946162,True,-0.8956118840538396
2023-07-19,-0.2958206502092209,0.043520930232558146,-4.125,-3.2685630609727476,True,-0.8564369390272524
2023-07-20,-0.2958080894057209,0.043748837209302324,-4.281999999999999,-3.272588844217041,True,-1.0094111557829581
2023-07-21,-0.297479408772766,0.04342325581395349,-4.255000000000001,-3.292379742504811,True,-0.9626202574951899
2023-07-24,-0.29751895324865457,0.04266976744186046,-4.375,-3.276146919036971,True,-1.0988530809630288
2023-07-25,-0.299158545661221,0.041860465116279076,-4.218000000000001,-3.284200431633535,True,-0.9337995683664659
2023-07-26,-0.30244371712911244,0.03971162790697675,-4.358000000000001,-3.290805567306732,True,-1.0671944326932694
2023-07-27,-0.2958527092801438,0.04374418604651163,-4.793000000000001,-3.2720347287736717,True,-1.5209652712263293
2023-07-28,-0.3008141843167386,0.040641860465116274,-4.347999999999999,-3.285221476210856,True,-1.062778523789143
2023-07-31,-0.30241992782744037,0.040316279069767445,-4.547,-3.3018543213160263,True,-1.2451456786839734
2023-08-01,-0.3007551250621441,0.040693023255813955,-4.257,-3.2836550241575004,True,-0.9733449758424992
2023-08-02,-0.2939914603305096,0.04474418604651164,-4.575,-3.260218362616406,True,-1.3147816373835943
2023-08-03,-0.29567739321480846,0.04373953488372093,-4.7379999999999995,-3.2651007254642317,True,-1.4728992745357679
2023-08-04,-0.2922761575362001,0.04633953488372093,-5.334999999999999,-3.265017713624889,True,-2.0699822863751103
2023-08-07,-0.29729329573635627,0.04325116279069768,-4.853999999999999,-3.2796719219986477,True,-1.5743280780013515
2023-08-08,-0.295584601721453,0.04414418604651162,-4.230000000000001,-3.2719957191635554,True,-0.958004280836446
2023-08-09,-0.29398546437082085,0.04531627906976744,-3.7120000000000006,-3.272524675752226,True,-0.4394753242477747
2023-08-10,-0.29230309557922024,0.0464093023255814,-3.6580000000000013,-3.27031209892495,True,-0.38768790107505113
2023-08-11,-0.2940136688250292,0.04496744186046512,-3.5159999999999996,-3.268641565822794,True,-0.2473584341772055
2023-08-14,-0.29568603278347594,0.04433953488372093,-3.6900000000000004,-3.2809494343769905,True,-0.4090505656230099
2023-08-15,-0.28897865919446264,0.048037209302325586,-3.6689999999999996,-3.2523962604154897,True,-0.4166037395845099
2023-08-16,-0.28539055842203953,0.0486232558139535,-3.2090000000000005,-3.2090000177301383,False,1.7730137802374202e-08
2023-08-17,-0.2854857226602458,0.049646511627906974,-3.250999999999999,-3.2295340890841477,True,-0.02146591091585126
2023-08-18,-0.29375776686656774,0.04524651162790698,-3.477000000000001,-3.263865806970411,True,-0.21313419302959025
2023-08-21,-0.29547508745798423,0.044297674418604646,-3.3590000000000004,-3.270284495284835,True,-0.08871550471516532
2023-08-22,-0.2971151813558704,0.043079069767441865,-3.406,-3.269874652432041,True,-0.13612534756795913
2023-08-23,-0.2934448566845181,0.0413906976744186,-3.1819999999999995,-3.182000776413899,False,7.764138993948677e-07
2023-08-24,-0.29598735124900705,0.04286976744186046,-3.247999999999999,-3.248000004508856,False,4.508857287532919e-09
2023-08-25,-0.29936974310328135,0.039218604651162794,-3.227000000000001,-3.227000232171109,False,2.3217110767248528e-07
2023-08-28,-0.2869315728923964,0.03824651162790698,-3.0189999999999997,-3.019003332372703,False,3.332372703113151e-06
2023-08-29,-0.30715523641154946,0.03676744186046512,-3.522999999999999,-3.2961240689865257,True,-0.22687593101347314
2023-08-30,-0.30722060530606504,0.036572093023255814,-4.213999999999999,-3.2948852840237484,True,-0.9191147159762503
2023-08-31,-0.3056637461742361,0.03758139534883721,-4.469999999999999,-3.293594636427043,True,-1.1764053635729557
2023-09-01,-0.3056824813998521,0.03844186046511628,-4.428,-3.313438996385896,True,-1.1145610036141038
2023-09-05,-0.30239576311805744,0.04020000000000001,-3.9620000000000006,-3.297876758113641,True,-0.6641232418863598
2023-09-06,-0.3007129539535637,0.04086046511627907,-3.7879999999999994,-3.285000923708861,True,-0.5029990762911383
2023-09-07,-0.3007129539535637,0.04076744186046512,-3.559,-3.283196439369272,True,-0.2758035606307283
2023-09-08,-0.30240788756062137,0.03966046511627907,-3.8180000000000005,-3.2872447129014986,True,-0.530755287098502
2023-09-11,-0.30243024731999,0.03962325581395349,-3.8210000000000006,-3.2869214408502314,True,-0.5340785591497692
2023-09-12,-0.30238396872024703,0.03982790697674418,-3.625,-3.2892181277282035,True,-0.33578187227179646
2023-09-13,-0.3024366327492738,0.03952093023255814,-3.7419999999999987,-3.2858220000455627,True,-0.456177999954436
2023-09-14,-0.30575471634519286,0.038362790697674426,-4.4319999999999995,-3.3137309855299315,True,-1.118269014470068
2023-09-15,-0.3040438863937225,0.03946046511627907,-4.291999999999999,-3.307892115880985,True,-0.9841078841190138
2023-09-18,-0.30403216597088534,0.039427906976744184,-3.7650000000000006,-3.306365873926477,True,-0.4586341260735236
2023-09-19,-0.30403739123619433,0.038855813953488375,-3.7310000000000003,-3.2941167021122366,True,-0.4368832978877637
2023-09-20,-0.30070508664742335,0.040953488372093026,-3.5740000000000007,-3.284761100223679,True,-0.28923889977632156
2023-09-21,-0.2956539637703498,0.04392558139534884,-3.594,-3.2640091864602847,True,-0.32999081353971516
2023-09-22,-0.2989004459460232,0.04211162790697675,-3.774000000000001,-3.275655842501877,True,-0.4983441574981238
2023-09-25,-0.29728717461606374,0.04266976744186046,-3.306,-3.2641283107358214,True,-0.04187168926417861
2023-09-26,-0.288849830910109,0.04792558139534884,-3.6300000000000012,-3.241667863002116,True,-0.38833213699788516
2023-09-27,-0.29384457614415116,0.04515813953488373,-3.5379999999999994,-3.260694315498046,True,-0.2773056845019535
2023-09-28,-0.29559091254847575,0.04359069767441861,-3.347999999999999,-3.256675030883563,True,-0.09132496911643617
2023-09-29,-0.2955783521421883,0.04376744186046512,-3.45,-3.259648536648889,True,-0.19035146335111097
2023-10-02,-0.27234414369796334,0.044367441860465116,-2.916999999999999,-2.91700265740551,False,2.6574055111971973e-06
2023-10-03,-0.2708260507963669,0.04855348837209303,-2.978,-2.978003548140264,False,3.548140263820443e-06
2023-10-04,-0.2821018455796656,0.044455813953488375,-3.0680000000000005,-3.0680033433338285,False,3.3433338280097757e-06
2023-10-05,-0.27602066896129185,0.044460465116279074,-2.975,-2.974996931634925,False,-3.068365074909707e-06
2023-10-06,-0.27616875642122984,0.04239999999999999,-2.9360000000000013,-2.9360033422806793,False,3.342280677998133e-06
2023-10-09,-0.29713489572875323,0.042804651162790704,-3.3639999999999985,-3.262303753164696,True,-0.10169624683530243
2023-10-10,-0.2988373147637867,0.041906976744186045,-3.5169999999999986,-3.270990473176882,True,-0.2460095268231166
2023-10-11,-0.2989552519006121,0.04212558139534883,-3.7610000000000015,-3.2801384788403887,True,-0.4808615211596128
2023-10-12,-0.29724928677921725,0.04273023255813954,-3.6129999999999995,-3.265434229575255,True,-0.34756577042474435
2023-10-13,-0.28536169007852435,0.05027906976744186,-4.4300000000000015,-3.2374350092981503,True,-1.1925649907018512
2023-10-16,-0.29385691725141133,0.04450697674418604,-3.794999999999999,-3.2501524393111683,True,-0.5448475606888308
2023-10-17,-0.29377155585355597,0.044558139534883724,-3.872,-3.2480851774696697,True,-0.6239148225303301
2023-10-18,-0.287016126764982,0.049251162790697675,-3.7099999999999995,-3.2410868867298244,True,-0.46891311327017515
2023-10-19,-0.27849192341908663,0.05417209302325582,-3.772999999999999,-3.2103095397590478,True,-0.562690460240951
2023-10-20,-0.2784552960705678,0.05368837209302326,-3.674000000000001,-3.19892044819978,True,-0.47507955180022066
2023-10-23,-0.2836041660877852,0.05069767441860466,-3.3919999999999986,-3.2171058512780566,True,-0.17489414872194198
2023-10-24,-0.2919260287484447,0.045832558139534886,-3.2439999999999998,-3.2440000203244135,False,2.03244137075842e-08
2023-10-25,-0.2883022404585545,0.04786976744186047,-3.228999999999999,-3.2290002734912124,False,2.7349121323183567e-07
2023-10-26,-0.29007581430661905,0.04742790697674419,-3.3379999999999996,-3.244789473593039,True,-0.0932105264069607
2023-10-27,-0.2899147286096902,0.04746046511627907,-3.274000000000001,-3.241402892145146,True,-0.03259710785485481
2023-10-30,-0.27882276160866026,0.044293023255813954,-3.0129999999999995,-3.01299716829445,False,-2.8317055495996613e-06
2023-10-31,-0.27068519199644014,0.040902325581395345,-2.8210000000000006,-2.8209981903842887,False,-1.8096157119451561e-06
2023-11-01,-0.28289024175637273,0.03957209302325582,-2.9819999999999993,-2.9820035265715608,False,3.526571561440761e-06
2023-11-02,-0.3037245144703463,0.03871627906976744,-3.3800000000000012,-3.281671375576056,True,-0.09832862442394541
2023-11-03,-0.30382462817471056,0.03852558139534884,-4.009,-3.281548961148115,True,-0.7274510388518856
2023-11-06,-0.30387278448916566,0.039223255813953486,-3.788999999999999,-3.296864340256644,True,-0.4921356597433548
2023-11-07,-0.30389061097081865,0.03880465116279071,-3.952000000000001,-3.2886586860327514,True,-0.6633413139672495
2023-11-08,-0.30232582190775426,0.03955348837209303,-3.941,-3.281929266595736,True,-0.6590707334042638
2023-11-09,-0.30059772836408216,0.04127441860465116,-3.928,-3.2894053719545613,True,-0.6385946280454387
2023-11-10,-0.30233798381416616,0.03984186046511627,-3.9810000000000003,-3.288999578173228,True,-0.6920004218267723
2023-11-13,-0.3023483119111762,0.03977209302325582,-3.527000000000001,-3.28589602072461,True,-0.24110397927539085
2023-11-14,-0.3039973784648871,0.03896279069767442,-3.8379999999999996,-3.2955973560388454,True,-0.5424026439611542
2023-11-15,-0.303997479844582,0.039493023255813955,-4.297999999999999,-3.306635521820932,True,-0.9913644781790674
2023-11-16,-0.3040487427348971,0.03871162790697675,-5.4449999999999985,-3.2906182314792387,True,-2.15438176852076
2023-11-17,-0.30567461900942006,0.03806046511627908,-4.688,-3.3030487352000635,True,-1.3849512647999362
2023-11-20,-0.3056979824965739,0.03805116279069768,-4.378,-3.3044503371054192,True,-1.0735496628945809
2023-11-21,-0.30574183647520176,0.038032558139534885,-4.080000000000001,-3.304911561444063,True,-0.775088438555938
2023-11-22,-0.3041093738894649,0.03878139534883721,-4.155000000000001,-3.2975235089032466,True,-0.8574764910967545
2023-11-24,-0.3041752280546594,0.0386046511627907,-4.453999999999999,-3.2959780385262603,True,-1.1580219614737386
2023-11-27,-0.30252776555357797,0.039604651162790695,-4.219999999999999,-3.2913057245529007,True,-0.9286942754470981
2023-11-28,-0.3025494692453903,0.0396,-4.268000000000001,-3.2915384710849995,True,-0.9764615289150012
2023-11-29,-0.3008869759588745,0.04083255813953489,-3.9819999999999993,-3.291376991868563,True,-0.6906230081314364
2023-11-30,-0.3025163397462808,0.040330232558139535,-4.090999999999999,-3.305779314849539,True,-0.7852206851504602
2023-12-01,-0.30250164421977277,0.039953488372093025,-3.8039999999999994,-3.2984591980422784,True,-0.505540801957721
2023-12-04,-0.30084887989574566,0.04081860465116279,-3.603999999999999,-3.290209752215912,True,-0.31379024778408704
2023-12-05,-0.3024725324306264,0.03988837209302326,-3.475999999999999,-3.295984447625971,True,-0.1800155523740279
2023-12-06,-0.2987863658289432,0.040395348837209306,-3.25,-3.25000011966603,False,1.1966602997404152e-07
2023-12-07,-0.28860101939820354,0.04,-3.0840000000000005,-3.084001892757936,False,1.892757935273437e-06
2023-12-08,-0.3057519341433267,0.03772558139534884,-3.4099999999999993,-3.30174709161415,True,-0.10825290838584944
2023-12-11,-0.3057664049595623,0.03830232558139535,-4.090000000000001,-3.313239263504587,True,-0.7767607364954139
2023-12-12,-0.3042194402419589,0.038855813953488375,-4.883000000000001,-3.303133531736752,True,-1.579866468263249
2023-12-13,-0.3058528453296445,0.0375953488372093,-5.202000000000001,-3.301028452285533,True,-1.9009715477144677
2023-12-14,-0.3058460858251654,0.0375953488372093,-6.2509999999999994,-3.3000320034333614,True,-2.950967996566638
2023-12-15,-0.3009380622750694,0.040948837209302334,-5.325999999999999,-3.296649079542722,True,-2.0293509204572766
2023-12-18,-0.300867893547143,0.04124186046511628,-3.9360000000000013,-3.300984476093609,True,-0.6350155239063922
2023-12-19,-0.30084078526299274,0.04128837209302325,-3.3180000000000005,-3.3016443357447756,True,-0.016355664255224944
2023-12-20,-0.2974385464304582,0.04287441860465117,-3.6860000000000013,-3.279914861774734,True,-0.40608513822526726
2023-12-21,-0.2991252399724304,0.041790697674418606,-3.8180000000000005,-3.282818711107424,True,-0.5351812888925767
2023-12-22,-0.3007766601096372,0.0412186046511628,-3.4460000000000006,-3.297718319023467,True,-0.14828168097653371
2023-12-26,-0.3007987052430975,0.041334883720930235,-3.569,-3.3006360326944457,True,-0.26836396730555423
2023-12-27,-0.3025133654000717,0.04010232558139535,-3.5639999999999987,-3.3023843528956833,True,-0.2616156471043154
2023-12-28,-0.3025397456162987,0.04032093023255814,-3.6900000000000004,-3.3072999662005285,True,-0.38270003379947193
2023-12-29,-0.3025133597279136,0.040446511627906974,-3.805000000000001,-3.309619263652059,True,-0.4953807363479421
2024-01-02,-0.30089695466929706,0.04097209302325582,-3.4800000000000013,-3.293838769912738,True,-0.18616123008726326
2024-01-03,-0.29920881953783945,0.041697674418604655,-3.422999999999999,-3.2810141313552146,True,-0.14198586864478457
2024-01-04,-0.3008338164801151,0.04073953488372094,-3.6599999999999993,-3.2852372686411204,True,-0.37476273135887883
2024-01-05,-0.3025896614414701,0.03854418604651162,-3.2680000000000007,-3.2680000103749554,False,1.0374954673153525e-08
2024-01-08,-0.3058125149494429,0.03779534883720931,-3.705000000000001,-3.3018559044408238,True,-0.4031440955591772
2024-01-09,-0.3074495845856863,0.03655348837209303,-4.094999999999999,-3.301515545161515,True,-0.7934844548384841
2024-01-10,-0.3090883387113079,0.03585581395348837,-3.7400000000000007,-3.311791115143332,True,-0.4282088848566685
2024-01-11,-0.3106999016928349,0.03513488372093024,-4.036000000000001,-3.3217322526326307,True,-0.7142677473673706
2024-01-12,-0.30261220027208907,0.040032558139534886,-4.381,-3.3016091818035402,True,-1.07939081819646
2024-01-16,-0.29926450566295193,0.04166976744186047,-3.9939999999999998,-3.2818455830391033,True,-0.7121544169608964
2024-01-17,-0.29916229213684253,0.04249302325581395,-4.775999999999999,-3.2948619886513577,True,-1.4811380113486412
2024-01-18,-0.3024904022132874,0.04015813953488372,-4.815,-3.29805624423982,True,-1.5169437557601806
2024-01-19,-0.3057795761261236,0.038116279069767445,-4.775999999999999,-3.3073950025557313,True,-1.4686049974442676
2024-01-22,-0.30744846137230386,0.036823255813953494,-4.600999999999999,-3.3057675158163677,True,-1.2952324841836313
2024-01-23,-0.30912487170859443,0.03566046511627907,-4.812,-3.308710830985824,True,-1.503289169014176
2024-01-24,-0.3058333368429377,0.03764651162790698,-5.025,-3.298859590701873,True,-1.7261404092981274
2024-01-25,-0.30582810400097254,0.037855813953488374,-5.3050000000000015,-3.3021886255513255,True,-2.002811374448676
2024-01-26,-0.30584392061019666,0.03823255813953489,-5.136000000000001,-3.31093212147212,True,-1.8250678785278809
2024-01-29,-0.3042093211645567,0.0387906976744186,-4.9030000000000005,-3.296927309514322,True,-1.6060726904856786
2024-01-30,-0.30582269642777593,0.03825116279069767,-4.872999999999999,-3.3108421229183875,True,-1.5621578770816118
2024-01-31,-0.3008452172518542,0.04072558139534884,-5.021000000000001,-3.284464758787929,True,-1.7365352412120716
2024-02-01,-0.3041609286141814,0.03945581395348837,-6.008000000000001,-3.30927069692272,True,-2.6987293030772808
2024-02-02,-0.30413386499862805,0.038748837209302334,-6.002000000000001,-3.294137245605154,True,-2.7078627543948466
2024-02-05,-0.30741089052224246,0.037013953488372095,-5.549000000000001,-3.307624793160312,True,-2.241375206839689
2024-02-06,-0.30904595098212473,0.0358,-5.281999999999999,-3.3087699944900137,True,-1.9732300055099854
2024-02-07,-0.3074701458091138,0.03746046511627908,-5.141,-3.320621764066534,True,-1.820378235933466
2024-02-08,-0.3042314505366725,0.03863720930232557,-5.036000000000001,-3.2965217876475132,True,-1.7394782123524881
2024-02-09,-0.305802465797252,0.038111627906976746,-5.662000000000001,-3.3088203151113307,True,-2.35317968488867
2024-02-12,-0.3041163097682597,0.03936279069767442,-5.280000000000001,-3.3064889335581564,True,-1.9735110664418447
2024-02-13,-0.2975172838941808,0.04334418604651163,-7.052000000000001,-3.28476045251391,True,-3.7672395474860916
2024-02-14,-0.3040996125047764,0.038683720930232555,-6.040000000000001,-3.290611257342176,True,-2.7493887426578247
2024-02-15,-0.30570762929640616,0.03832558139534884,-4.890000000000001,-3.308408919456754,True,-1.5815910805432467
2024-02-16,-0.30569584880108736,0.03843255813953488,-4.2620000000000005,-3.3097166930076094,True,-0.952283306992391
2024-02-20,-0.3024290691547866,0.040046511627906976,-4.144999999999999,-3.2907826623006247,True,-0.854217337699374
2024-02-21,-0.3040829840285192,0.03937674418604651,-4.272,-3.3017437181381513,True,-0.970256281861849
2024-02-22,-0.3057346736743263,0.03761860465116279,-4.590999999999999,-3.2923604882507016,True,-1.2986395117492977
2024-02-23,-0.30743766556054225,0.03667906976744186,-4.4,-3.30077922435795,True,-1.0992207756420505
2024-02-26,-0.307432028659103,0.03744186046511628,-4.359999999999999,-3.316642893552643,True,-1.0433571064473566
2024-02-27,-0.30747973558363334,0.036530232558139544,-4.728999999999999,-3.2993394832338803,True,-1.429660516766119
2024-02-28,-0.3074370960808437,0.03737674418604651,-4.909000000000001,-3.3150253415676816,True,-1.5939746584323191
2024-02-29,-0.3090819279539051,0.03602325581395349,-4.983000000000001,-3.3128354433792877,True,-1.6701645566207137
2024-03-01,-0.3090671020029659,0.03613023255813954,-5.041999999999999,-3.3158167598414,True,-1.726183240158599
2024-03-04,-0.3074214247185743,0.036934883720930234,-4.593999999999999,-3.306720583627341,True,-1.2872794163726584
2024-03-05,-0.3041054761809543,0.03902790697674418,-4.49,-3.297635927720503,True,-1.192364072279497
2024-03-06,-0.3040824652450645,0.03865581395348837,-4.363999999999999,-3.289396963374451,True,-1.0746030366255481
2024-03-07,-0.30570678341540236,0.0382,-4.294,-3.304374502228535,True,-0.9896254977714647
2024-03-08,-0.30241139047823673,0.04026046511627907,-4.118,-3.2971169233528452,True,-0.8208830766471551
2024-03-11,-0.30078148958192963,0.04138139534883721,-4.227000000000001,-3.2946171239441373,True,-0.9323828760558639
2024-03-12,-0.30411145383473925,0.03895813953488372,-4.222999999999999,-3.298216299793731,True,-0.9247837002062678
2024-03-13,-0.3025182803110473,0.04012558139534884,-4.416999999999999,-3.2989617269463407,True,-1.1180382730536582
2024-03-14,-0.3008280841448511,0.041279069767441855,-4.394999999999999,-3.295684115988229,True,-1.0993158840117698
2024-03-15,-0.2975229818955886,0.04286976744186046,-3.8909999999999996,-3.2790359600790135,True,-0.611964039920986
2024-03-18,-0.30241192769491465,0.04036279069767442,-3.997,-3.3005479833034137,True,-0.6964520166965862
2024-03-19,-0.3040888353962827,0.039023255813953495,-4.161000000000001,-3.2993031016388343,True,-0.861696898361167
2024-03-20,-0.3073742888903139,0.03668372093023257,-4.119,-3.302216008523159,True,-0.8167839914768407
2024-03-21,-0.3089930620050721,0.03595348837209303,-5.4,-3.3116456330136814,True,-2.088354366986319
2024-03-22,-0.3089816294307279,0.03557674418604651,-5.5840000000000005,-3.3031469702003866,True,-2.280853029799614
2024-03-25,-0.30896541764690527,0.035627906976744186,-5.159999999999999,-3.303546165399497,True,-1.8564538346005022
2024-03-26,-0.30898686097269035,0.03570697674418605,-5.76,-3.3053515104399476,True,-2.454648489560052
2024-03-27,-0.3106349190411766,0.035348837209302326,-5.711000000000001,-3.32407360853769,True,-2.3869263914623113
2024-03-28,-0.30899835104748075,0.03561395348837209,-5.544,-3.304337365599477,True,-2.2396626344005224
2024-04-01,-0.3089695261614535,0.036488372093023254,-4.633000000000001,-3.3200089233159287,True,-1.3129910766840722
2024-04-02,-0.3056728173968738,0.038493023255813955,-4.213999999999999,-3.3094167634494154,True,-0.9045832365505833
2024-04-03,-0.3057011910758565,0.03771162790697675,-3.852000000000001,-3.2944691350146558,True,-0.5575308649853454
2024-04-04,-0.2990701016776065,0.04187906976744187,-4.2490000000000006,-3.275933168106531,True,-0.9730668318934694
2024-04-05,-0.29904541361866227,0.04213023255813954,-4.2639999999999985,-3.2817666592651977,True,-0.9822333407348007
2024-04-08,-0.30237115309857265,0.04012093023255814,-4.063,-3.292190461610131,True,-0.7708095383898685
2024-04-09,-0.3040192410333646,0.03927906976744187,-3.928,-3.299926314697415,True,-0.628073685302585
2024-04-10,-0.29746336947885316,0.04267906976744187,-3.9939999999999998,-3.270158637137438,True,-0.723841362862562
2024-04-11,-0.2991449924435704,0.04158139534883721,-3.6159999999999997,-3.27509187781791,True,-0.34090812218208955
2024-04-12,-0.28913050979597266,0.047776744186046514,-4.231,-3.247044207646053,True,-0.9839557923539468
2024-04-15,-0.2839905695069639,0.050995348837209305,-3.772,-3.2319650989855986,True,-0.5400349010144012
2024-04-16,-0.29231119207377365,0.04616279069767443,-3.5599999999999996,-3.258210774554742,True,-0.30178922544525744
2024-04-17,-0.29229801312118525,0.045934883720930235,-3.4379999999999997,-3.2537979118992926,True,-0.18420208810070715
2024-04-18,-0.2891410328931137,0.044646511627906976,-3.180000000000001,-3.1800002867135917,False,2.867135906470253e-07
2024-04-19,-0.2922020128016775,0.04608837209302325,-3.3400000000000007,-3.254155845252992,True,-0.0858441547470088
2024-04-22,-0.29231346329842406,0.04164651162790699,-3.1680000000000006,-3.168000680163821,False,6.801638203768334e-07
2024-04-23,-0.30559949181298673,0.038306976744186046,-3.5610000000000013,-3.300878873284988,True,-0.2601211267150134
2024-04-24,-0.3039856380508076,0.03888837209302326,-3.5060000000000002,-3.2881205464915144,True,-0.2178794535084858
2024-04-25,-0.30565091585135984,0.03839069767441861,-3.4080000000000013,-3.3044418453241673,True,-0.10355815467583396
2024-04-26,-0.307258922854999,0.0370046511627907,-4.086000000000001,-3.3006652499835774,True,-0.7853347500164238
2024-04-29,-0.30891342799750904,0.03638139534883721,-3.830000000000001,-3.3134574607690523,True,-0.5165425392309486
2024-04-30,-0.30184330845061863,0.03805581395348837,-3.2400000000000007,-3.2400001589728142,False,1.589728135797941e-07
2024-05-01,-0.305604858832656,0.03810697674418605,-3.3349999999999995,-3.297810187243124,True,-0.03718981275687572
2024-05-02,-0.3018730050551169,0.03655348837209303,-3.2120000000000006,-3.2120003803660127,False,3.8036601202051656e-07
2024-05-03,-0.3106062618399823,0.03468372093023255,-3.5180000000000007,-3.3073809281174507,True,-0.21061907188255002
2024-05-06,-0.2915221942560513,0.034167441860465116,-3.0080000000000013,-3.0080024470270597,False,2.4470270583165643e-06
2024-05-07,-0.31067616466705467,0.03466976744186047,-3.3639999999999985,-3.309009418671003,True,-0.0549905813289957
2024-05-08,-0.3106663539206963,0.03465116279069767,-3.3240000000000007,-3.309249567434247,True,-0.014750432565753702
2024-05-09,-0.31229039951207554,0.03431162790697674,-3.646000000000001,-3.3274688602884837,True,-0.31853113971151714
2024-05-10,-0.3122854332779944,0.034074418604651165,-3.7300000000000013,-3.322937714391582,True,-0.4070622856084194
2024-05-13,-0.3090924764344164,0.03606976744186047,-3.9650000000000007,-3.313290170832747,True,-0.6517098291672538
2024-05-14,-0.3091241807121749,0.03611627906976745,-4.018000000000001,-3.3153387389409477,True,-0.702661261059053
2024-05-15,-0.3108003409027716,0.03549302325581395,-4.063999999999998,-3.3306972878371903,True,-0.733302712162808
2024-05-16,-0.3091761839872824,0.03615813953488372,-4.784999999999999,-3.3203371606590357,True,-1.4646628393409635
2024-05-17,-0.3091971849759805,0.03647906976744186,-4.3050000000000015,-3.3288260162591032,True,-0.9761739837408983
2024-05-20,-0.3075790531119675,0.03695348837209303,-4.453999999999999,-3.313817643037749,True,-1.1401823569622498
2024-05-21,-0.3092125544389255,0.036102325581395346,-4.952000000000001,-3.321562301195068,True,-1.6304376988049327
2024-05-22,-0.3075483842355116,0.037190697674418606,-5.0139999999999985,-3.317894957975336,True,-1.6961050420246626
2024-05-23,-0.30427321894454606,0.03935813953488373,-5.333000000000001,-3.3124181772655317,True,-2.0205818227344694
2024-05-24,-0.30754966752600327,0.03678604651162791,-5.586000000000001,-3.310547633578045,True,-2.2754523664219564
2024-05-28,-0.3058863970024332,0.03797209302325582,-5.222999999999999,-3.307187606851467,True,-1.9158123931485318
2024-05-29,-0.30420406416284795,0.03897209302325582,-5.1800000000000015,-3.2985174306232183,True,-1.8814825693767832
2024-05-30,-0.30417126737351485,0.0388093023255814,-4.661000000000001,-3.294024932719382,True,-1.3669750672806193
2024-05-31,-0.30909862922518744,0.036404651162790694,-4.81,-3.3226640855665677,True,-1.487335914433432
2024-06-03,-0.30748522049284277,0.03664651162790698,-3.900999999999999,-3.302880700907655,True,-0.5981192990923438
2024-06-04,-0.3090719281432197,0.03611627906976745,-3.8180000000000005,-3.3154303437034756,True,-0.502569656296525
2024-06-05,-0.310729882962714,0.0349953488372093,-4.140000000000001,-3.3186227001735134,True,-0.8213772998264872
2024-06-06,-0.30912493021256127,0.03623720930232558,-4.018000000000001,-3.320691720184782,True,-0.6973082798152186
2024-06-07,-0.3091263600319193,0.03565116279069768,-3.961000000000001,-3.309611433604669,True,-0.6513885663953323
2024-06-10,-0.30750661654640765,0.036730232558139536,-4.156000000000001,-3.3061432854462414,True,-0.8498567145537592
2024-06-11,-0.30753662530066056,0.03718604651162791,-4.469999999999999,-3.315798390033768,True,-1.154201609966231
2024-06-12,-0.30917754685951104,0.036093023255813955,-5.066,-3.32024630024723,True,-1.7457536997527696
2024-06-13,-0.3091527089862205,0.036372093023255815,-6.225,-3.3260693770492558,True,-2.898930622950744
2024-06-14,-0.3042477619285313,0.03893953488372093,-5.618,-3.3035390728697496,True,-2.3144609271302508
2024-06-17,-0.3042526124509794,0.038762790697674424,-5.384,-3.299610733207667,True,-2.0843892667923334
2024-06-18,-0.3058572480321322,0.037502325581395345,-4.290000000000001,-3.298797699190979,True,-0.991202300809022
2024-06-20,-0.302536396464845,0.039869767441860465,-4.859999999999999,-3.29527692371811,True,-1.5647230762818896
2024-06-21,-0.3041888188054959,0.038748837209302334,-5.178999999999999,-3.296972669895532,True,-1.8820273301044672
2024-06-24,-0.3041938561353193,0.03944186046511628,-4.712999999999999,-3.311220545714342,True,-1.401779454285657
2024-06-25,-0.30423214732241166,0.03854418604651162,-4.663999999999999,-3.2944218570808643,True,-1.3695781429191345
2024-06-26,-0.30587147259623737,0.03788372093023255,-4.349000000000001,-3.306268212961989,True,-1.042731787038012
2024-06-27,-0.3075235069052853,0.03697674418604652,-4.306,-3.3131778635638267,True,-0.9928221364361733
2024-06-28,-0.30751264495799285,0.03696744186046512,-4.178999999999999,-3.3121760280385333,True,-0.8668239719614661
2024-07-01,-0.31077098992789387,0.035372093023255814,-4.581999999999999,-3.3285117467281093,True,-1.2534882532718896
2024-07-02,-0.30919769625006666,0.03584186046511628,-4.715999999999999,-3.315307041640862,True,-1.4006929583591372
2024-07-03,-0.3092022832235893,0.03631162790697674,-4.883000000000001,-3.3250488111510044,True,-1.5579511888489965
2024-07-05,-0.3075578735202864,0.036651162790697675,-5.019999999999999,-3.3060884896851994,True,-1.7139115103147993
2024-07-08,-0.3075528977668181,0.03655348837209303,-4.853,-3.30431205775041,True,-1.5486879422495896
2024-07-09,-0.30753730562525217,0.036548837209302326,-5.109,-3.3035350922243167,True,-1.8054649077756832
2024-07-10,-0.3043187301499542,0.0387953488372093,-5.696000000000001,-3.300994161366144,True,-2.3950058386338564
2024-07-11,-0.30427799303698627,0.03928837209302326,-5.222999999999999,-3.310549940790289,True,-1.9124500592097098
2024-07-12,-0.3059284952613106,0.03795813953488372,-5.086000000000001,-3.308981855424711,True,-1.7770181445752904
2024-07-15,-0.30424667206876416,0.039004651162790706,-4.74,-3.303475936395161,True,-1.436524063604839
2024-07-16,-0.3058600266639028,0.03832558139534884,-5.1530000000000005,-3.3133528227735023,True,-1.8396471772264982
2024-07-17,-0.30090036665416325,0.041060465116279074,-4.6389999999999985,-3.2919404535078125,True,-1.347059546492186
2024-07-18,-0.2959396490626934,0.04405116279069768,-5.112,-3.275576123634712,True,-1.8364238763652883
2024-07-19,-0.2925843236154775,0.045548837209302334,-4.699000000000001,-3.254647145462881,True,-1.4443528545371196
2024-07-22,-0.29599500197480216,0.043562790697674415,-4.138,-3.269003257448229,True,-0.8689967425517708
2024-07-23,-0.3008672396950742,0.041167441860465115,-3.7,-3.2929579062663,True,-0.40704209373370004
2024-07-24,-0.28749411208468545,0.04935813953488373,-3.684,-3.2536238644001947,True,-0.4303761355998055
2024-07-25,-0.2874511704479273,0.04854883720930233,-3.416999999999999,-3.234888560672521,True,-0.18211143932747786
2024-07-26,-0.28932823241423106,0.044004651162790696,-3.172999999999999,-3.173000599322036,False,5.993220368871732e-07
2024-07-29,-0.27191306318218966,0.04349302325581395,-2.8930000000000007,-2.8930007303332532,False,7.303332525410156e-07
2024-07-30,-0.25763693811231825,0.046497674418604654,-2.7310000000000003,-2.73100352593954,False,3.5259395398945514e-06
2024-07-31,-0.2958764904908736,0.04383720930232559,-3.6689999999999996,-3.268906578008442,True,-0.40009342199155773
2024-08-01,-0.28230995259367936,0.051711627906976754,-3.222999999999999,-3.223000119323366,False,1.1932336718700753e-07
2024-08-02,-0.26176744594713575,0.06363255813953489,-3.9650000000000007,-3.150326332318029,True,-0.8146736676819719
2024-08-05,-0.2310433204378131,0.0806139534883721,-4.530000000000001,-3.0192640893676566,True,-1.5107359106323446
2024-08-06,-0.2509845493405508,0.0698093023255814,-4.543000000000001,-3.108560949506571,True,-1.4344390504934301
2024-08-07,-0.25093348014681555,0.07034418604651164,-4.636000000000001,-3.118961277231566,True,-1.5170387227684352
2024-08-08,-0.2648762817121009,0.06248372093023256,-4.737,-3.1732530170453703,True,-1.5637469829546298
2024-08-09,-0.28035148693944345,0.053316279069767436,-4.452000000000001,-3.2228762941095273,True,-1.2291237058904736
2024-08-12,-0.27367025692537333,0.05671627906976744,-4.081999999999999,-3.191935563067189,True,-0.8900644369328101
2024-08-13,-0.2805503045999266,0.05297209302325581,-4.3870000000000005,-3.2237643739948796,True,-1.1632356260051209
2024-08-14,-0.28574179135273875,0.050144186046511635,-4.1819999999999995,-3.2480643371416886,True,-0.9339356628583109
2024-08-15,-0.28744394191607886,0.04903255813953489,-4.356,-3.252957293097746,True,-1.103042706902254
2024-08-16,-0.2890781426444193,0.04810232558139535,-4.255000000000001,-3.2594402588319644,True,-0.9955597411680364
2024-08-19,-0.29237589980051737,0.04596279069767442,-4.15,-3.2651314131122957,True,-0.8848685868877046
2024-08-20,-0.2906488424419438,0.04732093023255814,-4.6259999999999994,-3.2642651356530177,True,-1.3617348643469818
2024-08-21,-0.2856971975957246,0.049637209302325576,-4.966999999999999,-3.2363925746582876,True,-1.7306074253417112
2024-08-22,-0.28229464874468346,0.05233953488372093,-5.4159999999999995,-3.2384717187881216,True,-2.177528281211878
2024-08-23,-0.2923025694757233,0.04614883720930233,-5.394999999999999,-3.2647727871871286,True,-2.13022721281287
2024-08-26,-0.2906864988237124,0.046827906976744195,-5.15,-3.253708131832026,True,-1.8962918681679746
2024-08-27,-0.2972697183619325,0.04346511627906977,-5.183000000000002,-3.2848031736134513,True,-1.8981968263865503
2024-08-28,-0.2873054899667863,0.049451162790697674,-5.168000000000001,-3.2551062083413873,True,-1.9128937916586137
2024-08-29,-0.2939668438082639,0.04515348837209302,-5.300999999999999,-3.2696660830534623,True,-2.031333916946537
2024-08-30,-0.2956973888981538,0.04359534883720931,-5.9,-3.2649130988026402,True,-2.63508690119736
2024-09-03,-0.2686780914494585,0.06036744186046512,-6.359999999999999,-3.1924703232026213,True,-3.167529676797378
2024-09-04,-0.27356919807091706,0.05742790697674418,-6.090000000000001,-3.20421832568582,True,-2.8857816743141806
2024-09-05,-0.2803996396180142,0.05349302325581396,-5.671000000000001,-3.228435957258119,True,-2.442564042741882
2024-09-06,-0.27512710209194496,0.055502325581395354,-4.897999999999999,-3.1851490612530347,True,-1.7128509387469641
2024-09-09,-0.282014104342053,0.051558139534883723,-4.033000000000001,-3.213277539139768,True,-0.8197224608602331
2024-09-10,-0.2853469642772819,0.04986046511627907,-3.975,-3.2290341259372637,True,-0.7459658740627364
2024-09-11,-0.2887940282632034,0.04786046511627908,-3.972999999999999,-3.2427245220833902,True,-0.7302754779166087
2024-09-12,-0.2887821725956532,0.048344186046511625,-4.587999999999999,-3.254328527570208,True,-1.3336714724297911
2024-09-13,-0.29043218228887546,0.0473860465116279,-4.9990000000000006,-3.2605529281946115,True,-1.738447071805389
2024-09-16,-0.28543330350428864,0.04961395348837209,-5.216999999999999,-3.229815827760223,True,-1.9871841722397758
2024-09-17,-0.285383633259232,0.04985581395348838,-5.754,-3.233063826668379,True,-2.5209361733316205
2024-09-18,-0.28697417450518803,0.049037209302325586,-6.741999999999999,-3.2385031735189496,True,-3.5034968264810495
2024-09-19,-0.29372098753950043,0.04533023255813953,-7.172,-3.2677836121325905,True,-3.904216387867409
2024-09-20,-0.29538703914692466,0.043846511627906974,-6.575,-3.2623161533801497,True,-3.3126838466198505
2024-09-23,-0.29542653133541885,0.043911627906976745,-6.56,-3.2650041093074282,True,-3.2949958906925714
2024-09-24,-0.29868939149875906,0.042293023255813966,-6.241,-3.2817367849671237,True,-2.959263215032876
2024-09-25,-0.2986636249041512,0.04208372093023256,-6.047999999999999,-3.2769033968202326,True,-2.7710966031797666
2024-09-26,-0.29871441469173354,0.0417953488372093,-5.866999999999999,-3.271745283000225,True,-2.595254716999774
2024-09-27,-0.2904043886400288,0.047134883720930235,-6.099000000000001,-3.253782236327529,True,-2.8452177636724723
2024-09-30,-0.292095142429048,0.0462046511627907,-5.4300000000000015,-3.260458816700841,True,-2.1695411832991605
2024-10-01,-0.2836380820615416,0.05122790697674418,-5.859,-3.231439031668451,True,-2.627560968331549
2024-10-02,-0.285332954516699,0.05021860465116279,-6.15,-3.2367889723932026,True,-2.9132110276067977
2024-10-03,-0.27860002487134083,0.05378604651162791,-6.2780000000000005,-3.2058917298464706,True,-3.07210827015353
2024-10-04,-0.2837153495042986,0.05145581395348838,-5.643000000000001,-3.2375282930879146,True,-2.405471706912086
2024-10-07,-0.2735243152230188,0.05701395348837209,-5.5569999999999995,-3.1920333789548856,True,-2.364966621045114
2024-10-08,-0.2803423542571,0.053404651162790695,-5.628,-3.222077470665341,True,-2.405922529334659
2024-10-09,-0.27553947540057266,0.055516279069767444,-5.6930000000000005,-3.194901936032504,True,-2.4980980639674963
2024-10-10,-0.27715678448341985,0.0546186046511628,-5.409000000000001,-3.2004958741844094,True,-2.2085041258155913
2024-10-11,-0.2804734897881619,0.05301860465116279,-5.9430000000000005,-3.218257181120541,True,-2.7247428188794593
2024-10-14,-0.28552991064580235,0.04986976744186047,-5.308000000000002,-3.2304365243632005,True,-2.077563475636801
2024-10-15,-0.28048095936018014,0.05251162790697674,-5.968999999999999,-3.207314750759185,True,-2.7616852492408146
2024-10-16,-0.28219040652628224,0.05191627906976745,-6.185,-3.223187644050884,True,-2.9618123559491156
2024-10-17,-0.28720206802469117,0.049251162790697675,-6.581999999999999,-3.2441715694151108,True,-3.337828430584888
2024-10-18,-0.2905497130770859,0.04695348837209303,-5.5550000000000015,-3.249327423593307,True,-2.3056725764066943
2024-10-21,-0.28894770404680703,0.04788837209302325,-5.0969999999999995,-3.243867239582892,True,-1.8531327604171075
2024-10-22,-0.2905633425050076,0.04674418604651163,-4.6800000000000015,-3.2446995491369695,True,-1.435300450863032
2024-10-23,-0.2855205410049015,0.050283720930232555,-4.697,-3.240133224514466,True,-1.4568667754855342
2024-10-24,-0.2839011550929703,0.05108837209302326,-4.471000000000001,-3.2329327746612937,True,-1.2380672253387073
2024-10-25,-0.27713985218625314,0.05465116279069768,-4.891,-3.202212955246396,True,-1.688787044753604
2024-10-28,-0.28223251658318693,0.0522,-4.846000000000001,-3.229267592628921,True,-1.6167324073710798
2024-10-29,-0.28388872056734116,0.05055813953488372,-5.074000000000001,-3.220971277975476,True,-1.8530287220245247
2024-10-30,-0.2821101296952839,0.05245116279069767,-5.344999999999999,-3.2313495642872647,True,-2.113650435712734
2024-10-31,-0.2735750587730101,0.05669302325581396,-5.206999999999999,-3.184970250427883,True,-2.022029749572116
2024-11-01,-0.27697455472654253,0.055404651162790704,-4.6659999999999995,-3.2121352870522095,True,-1.45386471294779
2024-11-04,-0.27377246737497274,0.05665116279069767,-4.894999999999999,-3.1895544714448665,True,-1.7054455285551322
2024-11-05,-0.2806416181759044,0.05317209302325581,-5.268000000000001,-3.2239549083732824,True,-2.0440450916267183
2024-11-06,-0.2940778652647149,0.045227906976744184,-4.811000000000002,-3.2711993045784094,True,-1.5398006954215924
2024-11-07,-0.30068739724314225,0.0412093023255814,-5.212000000000001,-3.2896646743407105,True,-1.92233532565929
2024-11-08,-0.30069414842522274,0.04081860465116279,-5.034000000000001,-3.2823764711108745,True,-1.7516235288891262
2024-11-11,-0.29908129598371197,0.0422,-4.031999999999999,-3.286940436071706,True,-0.7450595639282933
2024-11-12,-0.29908691117929875,0.041604651162790704,-4.15,-3.2752801496460973,True,-0.8747198503539031
2024-11-13,-0.2974781275415982,0.04267906976744187,-4.291999999999999,-3.2754149435216915,True,-1.0165850564783074
2024-11-14,-0.29906555223353976,0.042060465116279075,-4.797999999999999,-3.285705325523222,True,-1.5122946744767773
2024-11-15,-0.2924137505480961,0.046013953488372096,-4.955000000000001,-3.2628686179758386,True,-1.6921313820241624
2024-11-18,-0.2957801457845831,0.043632558139534885,-4.733000000000001,-3.265356617821827,True,-1.4676433821781742
2024-11-19,-0.29408471765336774,0.04528837209302326,-4.946000000000001,-3.272349486588975,True,-1.6736505134110256
2024-11-20,-0.2890990984743595,0.04753488372093023,-5.3,-3.241856473223762,True,-2.058143526776238
2024-11-21,-0.29073644221933737,0.04711627906976743,-5.572,-3.2586689547284178,True,-2.3133310452715823
2024-11-22,-0.2957325913775287,0.04424651162790697,-6.163999999999999,-3.2785130417709873,True,-2.8854869582290115
2024-11-25,-0.3006529452401142,0.04129767441860465,-6.728,-3.2928243217279314,True,-3.4351756782720684
2024-11-26,-0.3007191352648826,0.0407953488372093,-6.622999999999999,-3.2847626354155772,True,-3.338237364584422
2024-11-27,-0.30069644239723303,0.04109767441860465,-6.794,-3.2907793135055763,True,-3.5032206864944233
2024-11-29,-0.3023465693285721,0.040148837209302325,-6.794,-3.2975822383732236,True,-3.496417761626776
2024-12-02,-0.300723682511212,0.040516279069767444,-7.065,-3.28116319787375,True,-3.7838368021262503
2024-12-03,-0.30235924434590533,0.04020000000000001,-7.022999999999999,-3.29948880582432,True,-3.723511194175679
2024-12-04,-0.3023188654387041,0.040223255813953494,-7.244999999999999,-3.2989118891954337,True,-3.9460881108045656
2024-12-05,-0.3022774897717158,0.04044186046511629,-7.393000000000001,-3.302617357537865,True,-4.090382642462136
2024-12-06,-0.3006985895233345,0.040641860465116274,-6.8050000000000015,-3.2850634239253864,True,-3.519936576074615
2024-12-09,-0.29572484253113135,0.043646511627906975,-6.313999999999998,-3.268606344775978,True,-3.04539365522402
2024-12-10,-0.295748446820708,0.04388372093023255,-6.5120000000000005,-3.274019904604273,True,-3.2379800953957276
2024-12-11,-0.2924894228170868,0.045637209302325586,-6.906000000000001,-3.262663610280574,True,-3.6433363897194266
2024-12-12,-0.2923868439807647,0.04624651162790698,-6.743,-3.273224764599701,True,-3.4697752354002995
2024-12-13,-0.29408058066011317,0.04488372093023256,-6.991,-3.27061315751989,True,-3.7203868424801096
2024-12-16,-0.29238152513705407,0.04574418604651163,-6.678999999999999,-3.260470928427871,True,-3.4185290715721286
2024-12-17,-0.29069922531838555,0.046851162790697676,-7.303999999999999,-3.255113560190375,True,-4.048886439809625
2024-12-18,-0.26851931581725347,0.06036744186046512,-6.891999999999999,-3.176159975061962,True,-3.7158400249380366
2024-12-19,-0.2632414133655883,0.06339069767441861,-6.31,-3.1668289702758456,True,-3.143171029724154
2024-12-20,-0.28051606788345984,0.05302790697674419,-6.121,-3.2238930625360718,True,-2.8971069374639287
2024-12-23,-0.2889975207006797,0.04760000000000001,-7.065,-3.2426385521409604,True,-3.82236144785904
2024-12-24,-0.2989478186239387,0.042348837209302326,-8.009,-3.2901146143453386,True,-4.718885385654662
2024-12-26,-0.297302472733349,0.04314883720930233,-7.372,-3.2806618781718893,True,-4.091338121828111
2024-12-27,-0.29233391817371046,0.045958139534883716,-6.791999999999999,-3.2609839197989046,True,-3.5310160802010944
2024-12-30,-0.28895822704079266,0.04793023255813954,-6.108000000000001,-3.2474280364212538,True,-2.8605719635787477
2024-12-31,-0.2872986531018338,0.048525581395348835,-6.9159999999999995,-3.234845172073139,True,-3.6811548279268607
2025-01-02,-0.2856187603793646,0.04957674418604651,-5.719999999999999,-3.2299955007079646,True,-2.4900044992920343
2025-01-03,-0.2955903720738742,0.04388837209302326,-5.731999999999999,-3.2663190694681545,True,-2.465680930531845
2025-01-06,-0.2939852422086665,0.0446,-5.2639999999999985,-3.2572287805697413,True,-2.006771219430257
2025-01-07,-0.28727268537314454,0.04947441860465117,-5.51,-3.2532836773302254,True,-2.2567163226697744
2025-01-08,-0.2888739985182006,0.04833953488372093,-5.434,-3.2539844765363806,True,-2.1800155234636196
2025-01-10,-0.2786997862463614,0.05371627906976744,-5.144999999999999,-3.2080187971940393,True,-1.9369812028059594
2025-01-13,-0.2821343204533401,0.0516,-7.0550000000000015,-3.216585823986863,True,-3.8384141760131385
2025-01-14,-0.28548603410615275,0.05020000000000001,-6.7639999999999985,-3.2391921659664282,True,-3.5248078340335702
2025-01-15,-0.2939410145638366,0.04548372093023256,-6.353999999999999,-3.274930549255152,True,-3.0790694507448473
2025-01-16,-0.2922948878418155,0.04643720930232559,-6.741,-3.2687330699692665,True,-3.472266930030733
2025-01-17,-0.2906801490067027,0.04726046511627907,-6.534999999999999,-3.2632281849493343,True,-3.271771815050665
2025-01-21,-0.2924285919618345,0.04570232558139535,-7.3,-3.25935353127624,True,-4.04064646872376
2025-01-22,-0.2907269017404362,0.046772093023255815,-7.997999999999999,-3.255813227715436,True,-4.742186772284564
2025-01-23,-0.2924223801337754,0.04628837209302326,-7.9319999999999995,-3.2717933556403955,True,-4.660206644359604
2025-01-24,-0.29075899678617473,0.046702325581395344,-7.316,-3.2554489219751037,True,-4.060551078024896
2025-01-27,-0.2840588713883481,0.05130697674418604,-6.855000000000001,-3.2428145605905634,True,-3.612185439409438
2025-01-28,-0.2890978988243764,0.048251162790697674,-6.363999999999999,-3.258877168389135,True,-3.105122831610864
2025-01-29,-0.29074249111586575,0.047293023255813964,-5.743,-3.2633121821209348,True,-2.4796878178790656
2025-01-30,-0.2923711460897623,0.04573023255813954,-5.669999999999999,-3.2570317848972183,True,-2.4129682151027807
2025-01-31,-0.2906537371700326,0.04720930232558139,-5.8469999999999995,-3.2605371276421944,True,-2.586462872357805
2025-02-03,-0.2839476496376297,0.050702325581395355,-5.544999999999999,-3.2266167964017916,True,-2.3183832035982075
2025-02-04,-0.29065327154334447,0.04692093023255814,-5.944,-3.252395757976695,True,-2.691604242023305
2025-02-05,-0.29397314091701043,0.045251162790697685,-6.2639999999999985,-3.2714916381906236,True,-2.992508361809375
2025-02-06,-0.29398004863383675,0.045009302325581396,-6.356999999999999,-3.2672341551802186,True,-3.0897658448197807
2025-02-07,-0.2906089511873501,0.0472046511627907,-6.6530000000000005,-3.2594673610900102,True,-3.3935326389099902
2025-02-10,-0.2922971758384115,0.046116279069767445,-6.6949999999999985,-3.2641360087913553,True,-3.430863991208643
2025-02-11,-0.29228363496938414,0.046427906976744183,-6.881,-3.269948978604448,True,-3.6110510213955522
2025-02-12,-0.292278015057722,0.04592558139534884,-6.609999999999999,-3.2596040414553347,True,-3.3503959585446648
2025-02-13,-0.2956059668821931,0.0444093023255814,-6.336000000000001,-3.2804180325754917,True,-3.0555819674245095
2025-02-14,-0.29396460794310797,0.04506976744186047,-6.797,-3.270245530047197,True,-3.526754469952803
2025-02-18,-0.29236660775933115,0.04581395348837209,-8.312000000000001,-3.2600153173795636,True,-5.0519846826204375
2025-02-19,-0.29559258200149985,0.044441860465116285,-7.575999999999999,-3.280421867636747,True,-4.295578132363252
2025-02-20,-0.29559145399711473,0.044181395348837214,-7.856999999999999,-3.273815420761383,True,-4.583184579238616
2025-02-21,-0.28721979352231575,0.04916744186046511,-6.5,-3.245014824353099,True,-3.254985175646901
2025-02-24,-0.28553413352315893,0.04967441860465117,-5.6930000000000005,-3.2282090536414927,True,-2.464790946358508
2025-02-25,-0.2855356961080668,0.05045116279069768,-5.76,-3.2433851490968584,True,-2.5166148509031414
2025-02-26,-0.28720154819482774,0.04932558139534884,-5.343999999999999,-3.245747855171194,True,-2.0982521448288054
2025-02-27,-0.2804057615727216,0.05339069767441861,-4.9319999999999995,-3.223442916126966,True,-1.7085570838730333
2025-02-28,-0.2838552416358594,0.05069302325581395,-5.794,-3.2225950580206266,True,-2.571404941979373
2025-03-03,-0.2769599356839072,0.05522790697674419,-5.425999999999999,-3.206138492122734,True,-2.2198615078772654
2025-03-04,-0.27683849234981084,0.05514418604651163,-5.138,-3.200871105067855,True,-1.9371288949321448
2025-03-05,-0.2836055535872899,0.050990697674418606,-3.8879999999999995,-3.2193117305021026,True,-0.6686882694978968
2025-03-06,-0.2750323011327043,0.0561953488372093,-3.7650000000000006,-3.1926095122951845,True,-0.572390487704816
2025-03-07,-0.2785365191404748,0.05382790697674419,-3.9939999999999998,-3.1991830399815253,True,-0.7948169600184745
2025-03-10,-0.2680508526944848,0.05974883720930233,-4.603999999999999,-3.1559608041408453,True,-1.4480391958591539
2025-03-11,-0.2680865573852725,0.060237209302325574,-3.278999999999999,-3.1685701004896836,True,-0.11042989951031545
2025-03-12,-0.2568454233638958,0.05390232558139535,-2.8689999999999998,-2.8689977842883154,False,-2.2157116843501967e-06
2025-03-13,-0.2598098261689749,0.05250697674418605,-2.8860000000000015,-2.88599809497572,False,-1.9050242814344642e-06
2025-03-14,-0.2782441496283331,0.045688372093023254,-3.030000000000001,-3.030003742990023,False,3.7429900219265733e-06
2025-03-17,-0.29340223537183885,0.044618604651162797,-3.3900000000000006,-3.236381982767899,True,-0.15361801723210178
2025-03-18,-0.29166355666159643,0.046362790697674426,-3.675,-3.2432090317985725,True,-0.43179096820142737
2025-03-19,-0.29674571808887323,0.043362790697674417,-3.6449999999999987,-3.261379192722253,True,-0.3836208072777456
2025-03-20,-0.2983862489858823,0.04183720930232559,-4.078999999999999,-3.2543888235233878,True,-0.8246111764766111
2025-03-21,-0.30004961795756235,0.04092558139534883,-4.172999999999999,-3.2616181745630235,True,-0.9113818254369757
2025-03-24,-0.30514302022566103,0.03808837209302326,-4.400999999999999,-3.283683135514859,True,-1.1173168644851401
2025-03-25,-0.3002528527588195,0.040679069767441865,-4.868,-3.266191774424275,True,-1.6018082255757253
2025-03-26,-0.2985298674497471,0.041972093023255816,-4.475,-3.2638202157836513,True,-1.2111797842163483
2025-03-27,-0.29853080790523107,0.04163255813953489,-4.084999999999999,-3.2557429285321513,True,-0.8292570714678478
2025-03-28,-0.2883975202819658,0.04764651162790698,-3.903999999999999,-3.2218620329652508,True,-0.6821379670347483
2025-03-31,-0.29171325940228215,0.046102325581395355,-4.858000000000001,-3.2368847637474945,True,-1.621115236252507
2025-04-01,-0.29335800366885667,0.045372093023255816,-4.300999999999999,-3.2473908657010218,True,-1.0536091342989775
2025-04-02,-0.2770894715911006,0.055055813953488374,-4.427000000000001,-3.207389397428196,True,-1.2196106025718052
2025-04-03,-0.2742855476794194,0.05557209302325582,-3.919999999999999,-3.156568094887933,True,-0.7634319051120659
2025-04-04,-0.2525570696258722,0.06844651162790698,-3.653999999999999,-3.071781537805954,True,-0.5822184621940449
2025-04-07,-0.24771439523105504,0.07099069767441861,-3.3819999999999992,-3.051832532970634,True,-0.3301674670293653
2025-04-08,-1.2,0.07949767441860466,-3.5680000000000005,-1.500543223176526,True,-2.0674567768234744
2025-04-09,-0.257172549901453,0.06627906976744187,-4.222999999999999,-3.118551561323945,True,-1.1044484386760538
2025-04-10,-0.2238786199571247,0.07313488372093024,-2.7540000000000004,-2.754000000116447,False,1.1644640807162432e-10
2025-04-11,-0.23724717286955554,0.06853488372093024,-2.8639999999999985,-2.8639965236534497,False,-3.476346548847431e-06
2025-04-14,-0.2719117499250453,0.05689302325581395,-3.5710000000000006,-3.147071293162282,True,-0.42392870683771866
2025-04-15,-0.27699269058741205,0.05390232558139535,-3.575999999999999,-3.1613573205040253,True,-0.4146426794959739
2025-04-16,-0.27076298373482255,0.05716744186046511,-3.1319999999999992,-3.131997719384728,False,-2.2806152712995242e-06
2025-04-17,-0.26569307370597484,0.05407441860465117,-3.002000000000001,-3.0020030170368774,False,3.017036876329371e-06
2025-04-21,-0.23272274460015988,0.05772558139534885,-2.5769999999999995,-2.57699816517754,False,-1.834822459301222e-06
2025-04-22,-0.24056516732737837,0.05253953488372093,-2.593000000000001,-2.593001781263381,False,1.781263380351561e-06
2025-04-23,-0.2478645931859164,0.05070697674418605,-2.6670000000000003,-2.6669990668141845,False,-9.331858157324291e-07
2025-04-24,-0.26710620589485196,0.04789767441860465,-2.902000000000001,-2.901999999603714,False,-3.9628700321259203e-10
2025-04-25,-0.2908442765439705,0.046023255813953494,-3.2370000000000005,-3.2151092162869,True,-0.021890783713100603
2025-04-28,-0.2819725710405875,0.04808837209302326,-3.128,-3.128000524346232,False,5.243462317672254e-07
2025-04-29,-0.2892285556774193,0.047120930232558145,-3.4289999999999994,-3.2161073977805463,True,-0.21289260221945305
2025-04-30,-0.28754448768845897,0.04757674418604652,-3.272999999999999,-3.1995767621974607,True,-0.07342323780253812
2025-05-01,-0.28753524511151196,0.04758604651162792,-3.406999999999999,-3.199912013740474,True,-0.20708798625952518
2025-05-02,-0.2927485916424643,0.04523720930232558,-3.478,-3.233062798096116,True,-0.24493720190388402
2025-05-05,-0.2894090515362383,0.04705581395348838,-3.4120000000000004,-3.218931025734997,True,-0.19306897426500358
2025-05-06,-0.2859527177059837,0.048520930232558136,-3.3240000000000007,-3.195570975139627,True,-0.12842902486037389
2025-05-07,-0.29041726481265207,0.046427906976744183,-3.221000000000001,-3.22100232876474,False,2.3287647388237076e-06
2025-05-08,-0.28777175361763113,0.04478604651162791,-3.152000000000001,-3.152000387269378,False,3.8726937701127895e-07
2025-05-09,-0.26690082780289115,0.04481395348837209,-2.8400000000000007,-2.840003643697999,False,3.6436979984344475e-06
2025-05-12,-0.3000419214447588,0.04089767441860465,-3.7669999999999986,-3.263747993678238,True,-0.5032520063217607
2025-05-13,-0.2968204734102104,0.042600000000000006,-4.052000000000001,-3.251870136522036,True,-0.8001298634779652
2025-05-14,-0.2934636366591877,0.045190697674418606,-3.8939999999999997,-3.2545487433294404,True,-0.6394512566705592
2025-05-15,-0.29511785531405077,0.04377209302325582,-4.084999999999999,-3.251985831584815,True,-0.8330141684151839
2025-05-16,-0.2951335102429039,0.04415813953488373,-3.600999999999999,-3.261940218656731,True,-0.3390597813432681
2025-05-19,-0.2934011038183031,0.04506511627906977,-3.594,-3.252370658235214,True,-0.341629341764786
2025-05-20,-0.2934015461442713,0.04493953488372093,-3.727000000000001,-3.2499046630027566,True,-0.4770953369972446
2025-05-21,-0.28649974205122763,0.049441860465116276,-3.728,-3.2329843423363465,True,-0.49501565766365374
2025-05-22,-0.28820571088219904,0.04841860465116279,-3.903999999999999,-3.2387081746358404,True,-0.6652918253641587
2025-05-23,-0.28299397207666055,0.051051162790697685,-3.934,-3.210566365520773,True,-0.7234336344792274
2025-05-27,-0.29329173228646727,0.04487906976744186,-4.088999999999999,-3.2445657126552816,True,-0.844434287344717
2025-05-28,-0.29319686108145027,0.04518604651162791,-3.7650000000000006,-3.248512824385237,True,-0.5164871756147638
2025-05-29,-0.29484057150336757,0.04433488372093023,-3.725999999999999,-3.255601350291277,True,-0.47039864970872225
2025-05-30,-0.29485758292001796,0.04425581395348838,-3.825,-3.25601288418113,True,-0.56898711581887
2025-06-02,-0.2965530833615692,0.04271627906976744,-4.103999999999999,-3.2499037892238145,True,-0.8540962107761847
2025-06-03,-0.2982380009404354,0.042274418604651164,-4.159999999999999,-3.2677105365913675,True,-0.8922894634086318
2025-06-04,-0.29823087118348607,0.04222790697674419,-3.746000000000001,-3.2668847838964523,True,-0.47911521610354857
2025-06-05,-0.2965596327394465,0.04334883720930233,-4.009,-3.262712131949507,True,-0.7462878680504934
2025-06-06,-0.29837510012415824,0.041604651162790704,-3.8849999999999993,-3.2586035641847526,True,-0.6263964358152467
2025-06-09,-0.2999890180196363,0.04138139534883721,-3.9180000000000006,-3.27678510076872,True,-0.6412148992312807
2025-06-10,-0.29678979637779146,0.042818604651162794,-4.122,-3.259647239462345,True,-0.8623527605376551
2025-06-11,-0.291835295995187,0.04605581395348837,-4.1389999999999985,-3.251974488848879,True,-0.8870255111511196
2025-06-12,-0.288538437841934,0.04792558139534884,-4.56,-3.23937602464017,True,-1.3206239753598297
2025-06-13,-0.2799694564028089,0.05273023255813954,-4.965000000000001,-3.203748134482889,True,-1.7612518655171119
2025-06-16,-0.2868099881483085,0.049390697674418615,-5.659999999999999,-3.241191040941182,True,-2.418808959058817
2025-06-17,-0.2782940386710332,0.053720930232558146,-5.436000000000002,-3.1974159740788974,True,-2.2385840259211043
2025-06-18,-0.2866497682987259,0.04939534883720931,-4.840999999999999,-3.2361909196494074,True,-1.6048090803505919
2025-06-20,-0.28326562725837245,0.050632558139534885,-4.919,-3.2100512269801955,True,-1.708948773019804
2025-06-23,-0.28668662262329864,0.048520930232558136,-5.478,-3.2193333359073426,True,-2.258666664092657
2025-06-24,-0.2967732306569095,0.04292558139534884,-5.497,-3.2600832535821063,True,-2.2369167464178936
2025-06-25,-0.29845758144142953,0.041697674418604655,-5.224000000000001,-3.2617957105842765,True,-1.9622042894157246
2025-06-26,-0.2984998583394405,0.04167441860465116,-4.746,-3.2624429154878873,True,-1.483557084512113
2025-06-27,-0.29686034944501744,0.04271627906976744,-4.343999999999999,-3.260376454725042,True,-1.0836235452749574
2025-06-30,-0.2985325718653948,0.041739534883720925,-3.9650000000000007,-3.2638725273121607,True,-0.70112747268784
2025-07-01,-0.2985121772856096,0.04164651162790699,-4.007,-3.2613408685773715,True,-0.7456591314226282
2025-07-02,-0.2985263043052091,0.04176744186046512,-3.928,-3.2646249255410815,True,-0.6633750744589184
2025-07-03,-0.29856756533159734,0.04213953488372092,-4.136000000000001,-3.2737590053049677,True,-0.8622409946950333
2025-07-07,-0.2935207747673649,0.0447906976744186,-3.7960000000000007,-3.249425435955651,True,-0.5465745640443496
2025-07-08,-0.29848467983734406,0.04246976744186046,-4.080000000000001,-3.278103373044939,True,-0.8018966269550618
2025-07-09,-0.2969679772049836,0.04267906976744187,-4.175,-3.2622961878528507,True,-0.9127038121471491
2025-07-10,-0.29860994553735243,0.04229767441860465,-4.331999999999999,-3.279482883259551,True,-1.052517116740448
2025-07-11,-0.29527349711798256,0.04350232558139535,-4.496,-3.2527023466799974,True,-1.243297653320003
2025-07-14,-0.29359046305248926,0.044534883720930236,-4.7,-3.246756620363731,True,-1.4532433796362692
2025-07-15,-0.2951465399355495,0.04402790697674419,-4.372,-3.259020168905435,True,-1.1129798310945649
2025-07-16,-0.2951334869436195,0.04444651162790698,-4.671000000000001,-3.2681877075146173,True,-1.4028122924853839
2025-07-17,-0.29681885474378655,0.0432093023255814,-5.112,-3.2694748578388855,True,-1.8425251421611146
2025-07-18,-0.2968393120777252,0.043325581395348846,-5.044999999999999,-3.2725318943063684,True,-1.7724681056936307
2025-07-21,-0.2968787864107741,0.04291162790697675,-5.483000000000001,-3.263783867028385,True,-2.2192161329716162
2025-07-22,-0.29849304574750335,0.04213023255813954,-5.343999999999999,-3.2720933281355538,True,-2.0719066718644457
2025-07-23,-0.3002785761002272,0.040948837209302334,-5.928999999999999,-3.2775664024260696,True,-2.65143359757393
2025-07-24,-0.2986638482145632,0.04174418604651163,-5.941,-3.269854139598838,True,-2.671145860401162
2025-07-25,-0.29871117862459307,0.04213488372093024,-4.5569999999999995,-3.2800970648208643,True,-1.2769029351791352
2025-07-28,-0.30035730816249945,0.0412046511627907,-4.765000000000001,-3.285120552995426,True,-1.4798794470045746
2025-07-29,-0.295406664902909,0.04425116279069768,-4.912000000000001,-3.2715819394951553,True,-1.6404180605048455
2025-07-30,-0.2954796690123389,0.04387441860465117,-5.408000000000001,-3.266164570375393,True,-2.1418354296246083
2025-07-31,-0.29212208514017923,0.045753488372093025,-5.228999999999999,-3.251410600188015,True,-1.977589399811984
2025-08-01,-0.2836332364440331,0.051065116279069775,-5.549000000000001,-3.2251947244212684,True,-2.323805275578733
2025-08-04,-0.29366448192146727,0.04458139534883721,-5.931,-3.2479631615426583,True,-2.6830368384573418
2025-08-05,-0.293582562008861,0.0454186046511628,-4.991,-3.2632691310523905,True,-1.7277308689476092
2025-08-06,-0.29364617230236983,0.045493023255813954,-4.971000000000001,-3.2688439040531097,True,-1.7021560959468913
2025-08-07,-0.2936601929586737,0.04528837209302326,-4.703,-3.265318764140826,True,-1.4376812358591744
2025-08-08,-0.2969998672421592,0.04332093023255815,-4.753,-3.2784962435637235,True,-1.4745037564362766
2025-08-11,-0.29366823035269685,0.04515813953488373,-4.855000000000001,-3.2635870961741467,True,-1.5914129038258547
2025-08-12,-0.297079660432594,0.04319069767441861,-5.144999999999999,-3.278158102942305,True,-1.8668418970576939
2025-08-13,-0.29219784262954174,0.045660465116279074,-5.313,-3.256373034712593,True,-2.0566269652874065
2025-08-14,-0.29216410261831993,0.0456,-5.062,-3.2537121655345054,True,-1.808287834465495
2025-08-15,-0.2921557624683999,0.04551162790697675,-5.379,-3.2510530044986243,True,-2.1279469955013752
2025-08-18,-0.29382554553154183,0.044944186046511625,-5.394999999999999,-3.264871851499811,True,-2.1301281485001877
2025-08-19,-0.2904768824330954,0.047483720930232565,-5.316999999999998,-3.2658891645962993,True,-2.051110835403699
2025-08-20,-0.29206121409302216,0.04586046511627907,-4.456,-3.255445590005365,True,-1.2005544099946355
2025-08-21,-0.29040598806544965,0.046506976744186045,-4.4319999999999995,-3.2415105928370553,True,-1.1904894071629442
2025-08-22,-0.29879751574855523,0.04175813953488372,-4.6389999999999985,-3.275521020261552,True,-1.3634789797384466
2025-08-25,-0.2971606140648343,0.04293023255813954,-4.9990000000000006,-3.273728750325414,True,-1.7252712496745866
2025-08-26,-0.2971744675746147,0.04262790697674419,-5.6530000000000005,-3.268043577908579,True,-2.3849564220914217
2025-08-27,-0.29556450780683774,0.04415348837209302,-5.087999999999999,-3.2750811918660045,True,-1.8129188081339946
2025-08-28,-0.29721233086918764,0.042804651162790704,-5.25,-3.272874389199331,True,-1.9771256108006692
2025-08-29,-0.29384844531526655,0.045195348837209305,-5.209999999999999,-3.2695380347143743,True,-1.9404619652856248
2025-09-02,-0.28881530375812575,0.04831627906976744,-5.147999999999999,-3.253985525347372,True,-1.8940144746526268
2025-09-03,-0.2921551752499338,0.04633488372093023,-5.022,-3.2651393998208906,True,-1.7568606001791096
2025-09-04,-0.29546766988435746,0.04431627906976744,-5.396000000000001,-3.275790974318756,True,-2.1202090256812447
2025-09-05,-0.297082490101025,0.04328372093023256,-4.816,-3.2788791919289983,True,-1.5371208080710015
2025-09-08,-0.2971021366546244,0.04292558139534884,-4.882,-3.271841647298774,True,-1.6101583527012258
2025-09-09,-0.29709645507670457,0.04333023255813953,-5.093000000000001,-3.280471344522774,True,-1.812528655477227
2025-09-10,-0.29058798848434975,0.046758139534883725,-5.191999999999998,-3.252754243317592,True,-1.9392457566824062
2025-09-11,-0.29390932024714206,0.0448,-4.763,-3.263842916861063,True,-1.499157083138937
2025-09-12,-0.29389003110220924,0.045013953488372095,-4.949000000000001,-3.267947615521171,True,-1.6810523844788299
2025-09-15,-0.2922154547198037,0.046302325581395354,-5.211000000000001,-3.2671423702809346,True,-1.9438576297190666
2025-09-16,-0.2888956583160349,0.04841860465116279,-4.821000000000001,-3.259458789418434,True,-1.5615412105815665
2025-09-17,-0.2938664549454274,0.044730232558139536,-4.6370000000000005,-3.2590280216184246,True,-1.3779719783815758
2025-09-18,-0.29384065188414926,0.04524651162790698,-4.819,-3.269572464669944,True,-1.549427535330056
2025-09-19,-0.29382284118513247,0.04506976744186047,-4.697,-3.266251709906818,True,-1.4307482900931823
2025-09-22,-0.2921112905242042,0.04639534883720931,-4.546000000000001,-3.266422135758964,True,-1.2795778642410371
2025-09-23,-0.2904059280670721,0.04708372093023256,-4.6530000000000005,-3.253563850831461,True,-1.3994361491685394
2025-09-24,-0.29046071990793165,0.046506976744186045,-4.587000000000001,-3.2434053919665016,True,-1.343594608033499
2025-09-25,-0.2903851542536331,0.04666976744186047,-4.588999999999999,-3.24426580595708,True,-1.3447341940429185
2025-09-26,-0.2970874559773836,0.043441860465116285,-4.150999999999999,-3.2819649547966705,True,-0.8690350452033284
2025-09-29,-0.2937874405567278,0.044995348837209306,-4.303,-3.2623257440011453,True,-1.0406742559988547
2025-09-30,-0.29379983675807414,0.0446,-4.343999999999999,-3.2537717596144473,True,-1.090228240385552
2025-10-01,-0.2970450769905948,0.043358139534883725,-4.368,-3.276653668087695,True,-1.0913463319123053
2025-10-02,-0.2954181828966391,0.04376744186046512,-4.593000000000001,-3.259785132035534,True,-1.3332148679644669
2025-10-03,-0.2953657123649532,0.04408837209302326,-4.465000000000001,-3.2656512189106706,True,-1.1993487810893302
2025-10-06,-0.29535379451618027,0.04436279069767442,-4.25,-3.272017568103174,True,-0.9779824318968262
2025-10-07,-0.2919944086550425,0.04590697674418605,-4.522,-3.251310137489043,True,-1.2706898625109573
2025-10-08,-0.2936686201356301,0.044753488372093024,-4.575999999999999,-3.2549538808844964,True,-1.3210461191155023
2025-10-09,-0.2936477702399669,0.04523255813953489,-4.534000000000001,-3.264346277521943,True,-1.2696537224780577
2025-10-10,-0.2783335164433104,0.054069767441860477,-3.8860000000000015,-3.2051778732355123,True,-0.6808221267644892
2025-10-13,-0.2852549767716774,0.049511627906976746,-4.281000000000001,-3.2204488965232265,True,-1.060551103476774
2025-10-14,-0.28014887144175965,0.052646511627906976,-4.647999999999999,-3.2047297759883837,True,-1.443270224011615
2025-10-15,-0.27687332899071415,0.054558139534883726,-4.497999999999999,-3.1955221064855848,True,-1.3024778935144146
2025-10-16,-0.2647500202496556,0.06244186046511629,-4.713999999999999,-3.1676535194964455,True,-1.5463464805035532
2025-10-17,-0.2784746048780212,0.053781395348837205,-4.763,-3.203245361664503,True,-1.5597546383354968
2025-10-20,-0.2886365411934912,0.04799069767441861,-5.131,-3.241683061324386,True,-1.8893169386756141
2025-10-21,-0.28869985215125005,0.04807441860465117,-4.994999999999999,-3.245330084258568,True,-1.749669915741431
2025-10-22,-0.2870293460685726,0.04877674418604651,-5.284999999999999,-3.2329380655113638,True,-2.0520619344886355
2025-10-23,-0.2920279471720236,0.04586046511627907,-5.434,-3.2506800362644452,True,-2.183319963735555
2025-10-24,-0.2920770546425569,0.04559534883720931,-5.349000000000001,-3.248324943727655,True,-2.100675056272346
2025-10-27,-0.2937172961377936,0.04530232558139535,-4.85,-3.26862791369464,True,-1.5813720863053597
2025-10-28,-0.2903398868971422,0.0472139534883721,-4.037000000000001,-3.2558781286414016,True,-0.7811218713585992
2025-10-29,-0.2886889523238034,0.048172093023255806,-3.944999999999999,-3.249657974128264,True,-0.6953420258717351
2025-10-30,-0.28863389209009654,0.04783255813953488,-4.115,-3.241674892447208,True,-0.8733251075527924
2025-10-31,-0.286893554541182,0.04858604651162791,-4.2780000000000005,-3.2297226637232934,True,-1.048277336276707
2025-11-03,-0.29017151249391415,0.04717674418604651,-4.199000000000001,-3.2505790869179894,True,-0.9484209130820114
2025-11-04,-0.2867747191340514,0.04857674418604652,-4.400999999999999,-3.223903483671376,True,-1.177096516328623
2025-11-05,-0.29016791721153107,0.04686976744186047,-4.363999999999999,-3.2418788175105444,True,-1.1221211824894546
2025-11-06,-0.28678075441099493,0.04916744186046511,-4.353999999999999,-3.2350720799227286,True,-1.1189279200772706
2025-11-07,-0.28844364884792717,0.04818604651162791,-4.127000000000001,-3.2406396972079277,True,-0.886360302792073
2025-11-10,-0.29188280111641135,0.0460046511627907,-4.294,-3.25070071866991,True,-1.0432992813300896
2025-11-11,-0.29186306158565156,0.04632558139534884,-4.344999999999999,-3.2579960737506344,True,-1.0870039262493645
2025-11-12,-0.28858940601576916,0.04812558139534884,-3.8569999999999993,-3.245658234471326,True,-0.6113417655286733
2025-11-13,-0.28175933770590866,0.05174418604651163,-4.2490000000000006,-3.2120495094917527,True,-1.0369504905082478
2025-11-14,-0.2851093510690971,0.0502093023255814,-3.7930000000000006,-3.2308806726100188,True,-0.5621193273899818
2025-11-17,-0.2766228022208041,0.0548186046511628,-4.090000000000001,-3.193427252234955,True,-0.8965727477650458
2025-11-18,-0.2714545578932971,0.057823255813953485,-4.297999999999999,-3.1734268652718782,True,-1.124573134728121
2025-11-19,-0.2748295693371441,0.05561395348837209,-4.3050000000000015,-3.1802478801869123,True,-1.1247521198130892
2025-11-20,-0.26787001279683914,0.059837209302325584,-4.496,-3.1580731285042445,True,-1.337926871495756
2025-11-21,-0.2764527026826182,0.055041860465116284,-4.8340000000000005,-3.193164751837802,True,-1.6408352481621984
2025-11-24,-0.28834113117870597,0.048353488372093016,-4.859999999999999,-3.2387146328216394,True,-1.62128536717836
2025-11-25,-0.29343510109294363,0.045046511627906974,-5.168000000000001,-3.2513026213168,True,-1.916697378683201
2025-11-26,-0.2967816581798129,0.04286976744186046,-4.504,-3.2598951152915845,True,-1.244104884708415
2025-11-28,-0.2984598117429378,0.04201860465116279,-4.3,-3.269716123928364,True,-1.030283876071636
2025-12-01,-0.2951060156227835,0.0436093023255814,-4.4860000000000015,-3.2500884341718703,True,-1.2359115658281312
2025-12-02,-0.2967977752628464,0.042655813953488365,-4.494,-3.257407080199045,True,-1.2365929198009549
2025-12-03,-0.296794423926619,0.04297209302325582,-4.922999999999999,-3.2654161868853158,True,-1.6575838131146834
2025-12-04,-0.29845063251125126,0.042455813953488374,-4.891,-3.2803977902204258,True,-1.6106022097795742
2025-12-05,-0.29848037724129395,0.04216279069767443,-4.883000000000001,-3.275798743349392,True,-1.607201256650609
2025-12-08,-0.2935319848311365,0.04527906976744186,-5.063,-3.2629374538299962,True,-1.8000625461700035
2025-12-09,-0.2918649281267878,0.045646511627906984,-5.031999999999999,-3.244716012796431,True,-1.7872839872035682
2025-12-10,-0.2919882493862202,0.04609767441860465,-4.755000000000001,-3.2591355124542565,True,-1.4958644875457443
2025-12-11,-0.29525964290141476,0.04437674418604651,-4.831999999999999,-3.2751510626295324,True,-1.5568489373704666
2025-12-12,-0.2936319407316968,0.04526976744186047,-5.359,-3.266780057790087,True,-2.092219942209913
2025-12-15,-0.2903188158921473,0.04668372093023256,-6.186000000000002,-3.2441613110267093,True,-2.9418386889732924
2025-12-16,-0.2919495673286115,0.04574883720930233,-5.699000000000001,-3.249329907101862,True,-2.4496700928981388
2025-12-17,-0.29191034318834486,0.04646046511627907,-5.349000000000001,-3.260601299937811,True,-2.08839870006219
2025-12-18,-0.29687082659323827,0.043074418604651166,-5.537999999999999,-3.266419331142418,True,-2.2715806688575815
2025-12-19,-0.30357781238444537,0.0390093023255814,-5.587000000000001,-3.2879332751602903,True,-2.2990667248397103
2025-12-22,-0.3052453561917397,0.038125581395348836,-5.993,-3.2970779193491575,True,-2.695922080650843
2025-12-23,-0.30201814194583276,0.0396,-6.053,-3.279607373358887,True,-2.773392626641113
2025-12-24,-0.30199185050778443,0.03964651162790698,-6.130000000000001,-3.2817460997602383,True,-2.8482539002397624
2025-12-26,-0.3036071515525352,0.0391813953488372,-5.144999999999999,-3.296037798499816,True,-1.8489622015001825
2025-12-29,-0.30202892754425115,0.03994418604651163,-5.047,-3.286392283957327,True,-1.7606077160426725
2025-12-30,-0.30041823330320755,0.04052558139534884,-4.833000000000001,-3.27386751507919,True,-1.559132484920811
2025-12-31,-0.2971158745567313,0.043102325581395345,-4.869999999999999,-3.2762226148195013,True,-1.593777385180498
2026-01-02,-0.29876420136597187,0.041906976744186045,-4.186000000000002,-3.2773219955287476,True,-0.9086780044712541
2026-01-05,-0.29871137038252704,0.04209767441860465,-4.244999999999999,-3.279405532498823,True,-0.9655944675011763
2026-01-06,-0.3003651475747801,0.041400000000000006,-4.622999999999999,-3.290177444074183,True,-1.3328225559258162
2026-01-07,-0.2970427619371478,0.042725581395348836,-4.356999999999999,-3.2659795150629187,True,-1.0910204849370806
2026-01-08,-0.2987147741818076,0.041790697674418606,-4.708000000000001,-3.271421058942278,True,-1.4365789410577232
2026-01-09,-0.30040480233018674,0.04101860465116279,-4.603999999999999,-3.2835463105663285,True,-1.3204536894336707
2026-01-12,-0.2971269891704292,0.04331627906976744,-4.975,-3.280410900005849,True,-1.6945890999941509
2026-01-13,-0.2905008243530116,0.0470093023255814,-5.159999999999999,-3.255143599895146,True,-1.9048564001048534
2026-01-14,-0.2871539883189532,0.04876744186046512,-5.252000000000001,-3.2392030399033915,True,-2.012796960096609
2026-01-15,-0.29048825373362047,0.046930232558139544,-5.156999999999999,-3.2536350260144267,True,-1.9033649739855725
2026-01-16,-0.2904686215751666,0.04746511627906977,-5.359,-3.264615090182452,True,-2.0943849098175478
2026-01-20,-0.27865762378779724,0.054441860465116274,-5.496,-3.2214942744861426,True,-2.274505725513858
2026-01-21,-0.28879558469039535,0.047706976744186044,-4.441,-3.2415159218518173,True,-1.1994840781481826
2026-01-22,-0.29375755985508534,0.04470697674418605,-4.131,-3.2570958428623724,True,-0.8739041571376278
2026-01-23,-0.2904544072676888,0.04736279069767441,-4.402000000000001,-3.261631218603892,True,-1.1403687813961092
2026-01-26,-0.2920852141435369,0.04639534883720931,-4.81,-3.265890781784936,True,-1.5441092182150635
2026-01-27,-0.2904464990369669,0.04709767441860465,-4.725,-3.2552291488716696,True,-1.46977085112833
2026-01-28,-0.2904197515885931,0.04672558139534883,-4.497999999999999,-3.246964508063457,True,-1.2510354919365425
2026-01-29,-0.2903440614911844,0.04733023255813954,-4.3740000000000006,-3.2571919393323863,True,-1.1168080606676143
2026-01-30,-0.2853706503401543,0.05031627906976745,-4.365,-3.2430182571773685,True,-1.1219817428226317
2026-02-02,-0.2920183661205319,0.04593953488372093,-4.656000000000001,-3.254757395732409,True,-1.4012426042675914
2026-02-03,-0.288595141104012,0.04828837209302326,-4.385,-3.247902180256332,True,-1.1370978197436679
2026-02-04,-0.2869454373353403,0.049376744186046505,-4.316,-3.244156821473409,True,-1.0718431785265907
2026-02-05,-0.278432830296366,0.05445116279069767,-3.7159999999999997,-3.2144051574975885,True,-0.5015948425024113
2026-02-06,-0.29021070642841773,0.04697209302325581,-4.031000000000001,-3.2453256852006436,True,-0.785674314799357
2026-02-09,-0.29189711751891234,0.04586046511627907,-4.522999999999999,-3.248545488341022,True,-1.274454511658977
2026-02-10,-0.29021034672276647,0.04688837209302325,-4.571000000000001,-3.2434868834619794,True,-1.3275131165380212
2026-02-11,-0.28856782968178896,0.047511627906976744,-4.378,-3.232065871826737,True,-1.1459341281732631
2026-02-12,-0.28173013294708565,0.05223255813953489,-4.25,-3.219895098971582,True,-1.0301049010284178
2026-02-13,-0.27842944478638476,0.05373023255813954,-3.9349999999999996,-3.201880223484133,True,-0.7331197765158666
2026-02-17,-0.28514702881652454,0.049809302325581395,-4.0280000000000005,-3.2219353527030887,True,-0.8060646472969117
2026-02-18,-0.28351618138064794,0.050553488372093024,-3.916999999999999,-3.2145665405815733,True,-0.7024334594184256
2026-02-19,-0.28177397381219516,0.05193953488372093,-4.119,-3.215830813868727,True,-0.9031691861312727
2026-02-20,-0.2835667088109998,0.05056279069767442,-4.552000000000001,-3.2167772138481086,True,-1.3352227861518928
2026-02-23,-0.278489955962192,0.05379534883720931,-4.143000000000001,-3.2032595545004185,True,-0.9397404454995821
2026-02-24,-0.2835451209450682,0.050516279069767446,-4.194,-3.2143901588239507,True,-0.9796098411760492
2026-02-25,-0.2885878517226381,0.04836279069767442,-4.605000000000001,-3.24953815915059,True,-1.3554618408494115
2026-02-26,-0.2885233700332914,0.04844186046511628,-4.656999999999999,-3.24837954328005,True,-1.408620456719949
2026-02-27,-0.2818403415174705,0.05157674418604651,-4.666999999999999,-3.2100864976533026,True,-1.4569135023466964
2026-03-02,-0.28007575595010614,0.05276279069767443,-5.178,-3.2046054541621936,True,-1.9733945458378064
2026-03-03,-0.278273779972785,0.053962790697674415,-5.283000000000001,-3.19759289625394,True,-2.085407103746061
2026-03-04,-0.28499965813621075,0.049739534883720925,-5.287000000000001,-3.216105832600802,True,-2.070894167399199
2026-03-05,-0.2781552622584584,0.053920930232558145,-5.394999999999999,-3.194535962116252,True,-2.2004640378837466
2026-03-06,-0.25923988077372007,0.06532093023255814,-5.1800000000000015,-3.1371023503470785,True,-2.042897649652923
2026-03-09,-0.2729142704838417,0.05702325581395349,-5.797999999999999,-3.1768604787003003,True,-2.621139521299699
2026-03-10,-0.2711419901212959,0.05830697674418605,-5.446000000000001,-3.1783091405166317,True,-2.267690859483369
2026-03-11,-0.27289751585884875,0.056972093023255815,-5.244,-3.1783204184679206,True,-2.065679581532079
2026-03-12,-0.265880592806084,0.060548837209302334,-3.9939999999999998,-3.1413965115814797,True,-0.8526034884185201
2026-03-13,-0.26576523061835666,0.06095348837209304,-3.775999999999999,-3.148261851589085,True,-0.6277381484109141
2026-03-16,-0.2778136672118966,0.05431627906976744,-4.149000000000001,-3.1982172164983527,True,-0.9507827835016482
2026-03-17,-0.2828400143460393,0.05141860465116278,-4.504,-3.215682481178349,True,-1.2883175188216507
2026-03-18,-0.2691277755903125,0.05883720930232558,-3.653999999999999,-3.1587759732302088,True,-0.49522402676979027
2026-03-19,-0.2760181036810916,0.05492558139534884,-3.825999999999999,-3.1828285811159094,True,-0.6431714188840898
2026-03-20,-0.2690037949017624,0.058734883720930234,-3.9120000000000004,-3.151404820122361,True,-0.7605951798776394
2026-03-23,-0.27270722487830973,0.05712558139534884,-4.202000000000001,-3.1744500752498577,True,-1.0275499247501432
2026-03-24,-0.27096036697665826,0.05773953488372094,-4.263,-3.1595128330099485,True,-1.1034871669900514
2026-03-25,-0.27444630645632245,0.055520930232558136,-4.087999999999999,-3.168928550947189,True,-0.9190714490528102
2026-03-26,-0.2707865562555062,0.05787441860465116,-4.399000000000001,-3.1586545764192686,True,-1.2403454235807323
2026-03-27,-0.26376117476936095,0.06194418604651164,-3.9,-3.1313210017262705,True,-0.7686789982737294
2026-03-30,-0.2687672077612766,0.059460465116279074,-4.222999999999999,-3.154418102669356,True,-1.0685818973306431
2026-03-31,-0.2777385284116552,0.053976744186046505,-4.544999999999999,-3.1859251032468574,True,-1.3590748967531416
2026-04-01,-0.27954335600794544,0.05340930232558139,-4.377000000000001,-3.202554938492794,True,-1.1744450615072068
2026-04-02,-0.2779133920197566,0.05364186046511628,-4.6949999999999985,-3.1848868502550354,True,-1.5101131497449631
2026-04-06,-0.2795492393524758,0.0528046511627907,-4.76,-3.1911167845284942,True,-1.5688832154715056
2026-04-07,-0.276137722093026,0.054558139534883726,-4.844999999999999,-3.1730618852096333,True,-1.6719381147903656
2026-04-08,-0.28159374303432283,0.05166046511627907,-5.036000000000001,-3.2053637510103865,True,-1.8306362489896149
2026-04-09,-0.2866650734065342,0.0490093023255814,-4.327000000000001,-3.230057335300411,True,-1.09694266469959
2026-04-10,-0.28497734760064547,0.049906976744186045,-4.418000000000001,-3.2240519842181428,True,-1.1939480157818583
2026-04-13,-0.28841433789688176,0.04773488372093023,-5.6930000000000005,-3.230681282735078,True,-2.4623187172649224
2026-04-14,-0.29501724940579893,0.04437209302325582,-4.994,-3.2614070052820257,True,-1.7325929947179741
2026-04-15,-0.2933794764607311,0.0454186046511628,-3.922999999999999,-3.2593197577483015,True,-0.6636802422516976
2026-04-16,-0.29335934224266624,0.045023255813953486,-4.074000000000001,-3.2514359556113783,True,-0.8225640443886224
2026-04-17,-0.29504108371230203,0.04424651162790697,-4.1819999999999995,-3.2617108237185057,True,-0.9202891762814938
2026-04-20,-0.2916878373422189,0.045651162790697676,-4.19,-3.2369595765048746,True,-0.9530404234951257
2026-04-21,-0.290015476509911,0.04739069767441861,-4.090999999999999,-3.246436472585173,True,-0.8445635274148264
2026-04-22,-0.2916873366476257,0.045920930232558145,-4.0840000000000005,-3.2424170539440986,True,-0.8415829460559019
2026-04-23,-0.29162878902165673,0.045846511627906976,-3.9590000000000005,-3.238924205427212,True,-0.7200757945727885
2026-04-24,-0.2932713093565796,0.045200000000000004,-3.9080000000000013,-3.251624178771169,True,-0.6563758212288322
2026-04-27,-0.29498931890794594,0.04365581395348837,-3.9639999999999986,-3.247116573023225,True,-0.7168834269767737
2026-04-28,-0.2983012472483856,0.04233953488372093,-3.816,-3.269566691574386,True,-0.5464333084256139
2026-04-29,-0.2933071038503288,0.044660465116279066,-4.188,-3.240689052688925,True,-0.9473109473110748
2026-04-30,-0.29511419496177976,0.04358139534883722,-4.333000000000001,-3.250603725539524,True,-1.0823962744604771
2026-05-01,-0.2950371266440943,0.04426511627906977,-4.138,-3.263441862566442,True,-0.8745581374335578
2026-05-04,-0.2916741315351452,0.04571627906976745,-4.174000000000001,-3.239681073750492,True,-0.9343189262495093
2026-05-05,-0.29494981039426366,0.044306976744186044,-3.874000000000001,-3.261892722019706,True,-0.6121072779802952
2026-05-06,-0.29500646650065243,0.04358139534883722,-3.541999999999999,-3.2475977813963084,True,-0.29440221860369054
2026-05-07,-0.2950436625091515,0.043539534883720934,-3.6110000000000015,-3.2481451609226695,True,-0.36285483907733207
2026-05-08,-0.2933982493568804,0.045013953488372095,-3.8210000000000006,-3.253905208568118,True,-0.5670947914318827
2026-05-11,-0.291652500011937,0.0456093023255814,-4.021000000000001,-3.236887131332878,True,-0.7841128686671226
2026-05-12,-0.291683284548048,0.04583720930232558,-3.941,-3.2431482334728794,True,-0.6978517665271204
2026-05-13,-0.2916190160149991,0.04574883720930233,-4.150999999999999,-3.2406593435133466,True,-0.9103406564866523
2026-05-14,-0.29491486171991055,0.04384186046511629,-3.9319999999999995,-3.252014034313708,True,-0.6799859656862917
2026-05-15,-0.2964665880169669,0.04322790697674419,-4.577000000000001,-3.2589874768603764,True,-1.3180125231396245
2026-05-18,-0.2981870111115128,0.0424093023255814,-3.8400000000000007,-3.269350568913568,True,-0.5706494310864327
2026-05-19,-0.2949098122451792,0.044004651162790696,-3.55,-3.253057326524442,True,-0.296942673475558
2026-05-20,-0.2921345112333225,0.04486046511627907,-3.2310000000000003,-3.2310000051577425,False,5.157742233308227e-09
2026-05-21,-0.2967554225704956,0.04273488372093023,-3.6960000000000006,-3.25793523732924,True,-0.43806476267076055
2026-05-22,-0.2983692621163447,0.04239999999999999,-3.7389999999999985,-3.27526291539912,True,-0.46373708460087837
2026-05-26,-0.29841611619942565,0.04165116279069767,-3.903999999999999,-3.2594758710708027,True,-0.6445241289291963
2026-05-27,-0.300095898553295,0.040711627906976744,-3.8569999999999993,-3.2671384398062693,True,-0.58986156019373
2026-05-28,-0.30178172491628286,0.0400139534883721,-3.952000000000001,-3.2794493220112955,True,-0.6725506779887054
2026-05-29,-0.30186321598196625,0.04002790697674419,-4.418000000000001,-3.282248650037431,True,-1.13575134996257
2026-06-01,-0.296874856969828,0.0426046511627907,-4.246,-3.2590264687015775,True,-0.9869735312984229
2026-06-02,-0.29844992732990683,0.04210697674418605,-4.324000000000001,-3.273119449213128,True,-1.0508805507868728
2026-06-03,-0.29838674929511005,0.04176744186046512,-3.6860000000000013,-3.2642339632661987,True,-0.42176603673380253
2026-06-04,-0.30173704658775385,0.03988372093023256,-4.215000000000001,-3.2771121887737213,True,-0.9378878112262794
2026-06-05,-0.2900794154821332,0.04746046511627907,-5.225,-3.243126532116269,True,-1.9818734678837306
2026-06-08,-0.296673091617966,0.04297674418604651,-4.5,-3.2553846252884244,True,-1.2446153747115756
2026-06-09,-0.29335731917907015,0.04456279069767442,-4.197,-3.2364183474030144,True,-0.9605816525969857
2026-06-10,-0.28490415113400214,0.05030697674418604,-4.308000000000002,-3.2236456495731787,True,-1.084354350426823
2026-06-11,-0.2900372245341021,0.0468046511627907,-4.297999999999999,-3.2347512209209057,True,-1.0632487790790934
2026-06-12,-0.2950540287025014,0.04363720930232558,-4.26,-3.2486562871452462,True,-1.0113437128547536
2026-06-15,-0.3001166518706345,0.04073488372093023,-4.4319999999999995,-3.2682008286207194,True,-1.1637991713792801
2026-06-16,-0.3001018400071434,0.04078604651162791,-4.266,-3.268412278813665,True,-0.9975877211863349
2026-06-17,-0.2950739041966758,0.043967441860465126,-4.2620000000000005,-3.2536282741193046,True,-1.008371725880696
2026-06-18,-0.30007512180431767,0.041130232558139544,-4.672,-3.2751945363032022,True,-1.3968054636967975
2026-06-22,-0.2968424434333741,0.04266046511627907,-4.185,-3.256191253665978,True,-0.9288087463340218
2026-06-23,-0.2917594492360017,0.046279069767441866,-4.313999999999998,-3.249322046226786,True,-1.064677953773212
2026-06-24,-0.29514436477971506,0.044455813953488375,-4.530000000000001,-3.2642271930576574,True,-1.2657728069423437
2026-06-25,-0.29843402332999275,0.0424139534883721,-3.9889999999999985,-3.2697634920823857,True,-0.7192365079176128
2026-06-26,-0.30006957701377773,0.0414046511627907,-3.9400000000000004,-3.2745076668007234,True,-0.665492333199277
2026-06-29,-0.30017902716759576,0.041260465116279066,-4.446000000000001,-3.27555853163213,True,-1.1704414683678706
2026-06-30,-0.30185094233854276,0.0404046511627907,-4.959999999999999,-3.2863690989959626,True,-1.6736309010040364
2026-07-01,-0.3001942237963297,0.041413953488372096,-5.481999999999999,-3.2822774625412214,True,-2.199722537458778
2026-07-02,-0.30021646524839873,0.041302325581395356,-5.002000000000001,-3.2816461424237695,True,-1.7203538575762312
2026-07-06,-0.3002386242185979,0.040506976744186046,-4.537999999999999,-3.267152106307142,True,-1.2708478936928573
2026-07-07,-0.3002163840119023,0.04088372093023256,-4.574000000000001,-3.272994597885753,True,-1.3010054021142476
2026-07-08,-0.29689748566501195,0.04250232558139535,-4.978999999999999,-3.254818801744254,True,-1.7241811982557453
2026-07-09,-0.3001982105914162,0.04129302325581396,-4.466999999999999,-3.2821278175340125,True,-1.1848721824659862
2026-07-10,-0.3002552827475781,0.0405953488372093,-4.427000000000001,-3.270832751807646,True,-1.1561672481923555
2026-07-13,-0.29527121541547885,0.04431627906976744,-4.569,-3.2675323941178287,True,-1.3014676058821713
2026-07-14,-0.29530713667056774,0.04350232558139535,-4.513,-3.2529334042497657,True,-1.2600665957502342
2026-07-15,-0.296982382026025,0.042720930232558144,-4.850999999999999,-3.2641529396528095,True,-1.5868470603471896
2026-07-16,-0.2936400742706652,0.045260465116279076,-4.572,-3.2639847473808667,True,-1.3080152526191333
2026-07-17,-0.28698777040721296,0.04877674418604651,-4.728,-3.2318815690013993,True,-1.4961184309986004
2026-07-20,-0.28863657720901126,0.04782325581395349,-4.605000000000001,-3.237087064282682,True,-1.3679129357173192
2026-07-21,-0.293638536675546,0.0448093023255814,-5.1659999999999995,-3.253626336205867,True,-1.9123736637941326
2026-07-22,-0.2952596033761797,0.044441860465116285,-5.019,-3.271482335111569,True,-1.7475176648884312
2026-07-23,-0.28858721511863994,0.04752093023255814,-4.594999999999999,-3.2298966746535624,True,-1.3651033253464364
2026-07-24,-0.2902373858341405,0.046851162790697676,-4.728,-3.241021976526733,True,-1.4869780234732666
2026-07-27,-0.29032733659342713,0.04693488372093023,-4.659999999999999,-3.243874924238639,True,-1.4161250757613604
2026-07-28,-0.2920067301969748,0.045818604651162796,-4.297999999999999,-3.2470132210980447,True,-1.0509867789019545
2026-07-29,-0.2835691791867598,0.050916279069767444,-3.955000000000001,-3.2204293741404806,True,-0.7345706258595204
2026-07-30,-0.29529141507114454,0.04402790697674419,-3.9900000000000007,-3.262018008213784,True,-0.7279819917862165
2026-07-31,-0.29697439722157565,0.042623255813953494,-4.122999999999999,-3.2610837585482915,True,-0.8619162414517079
2026-08-03,-0.2986164384859589,0.042237209302325586,-3.996000000000001,-3.2780782689509307,True,-0.7179217310490702
2026-08-04,-0.2562576273567337,0.04305581395348837,-2.6409999999999996,-2.6409999996582596,False,-3.417399696559187e-10
2026-08-05,-0.29858410518519596,0.042060465116279075,-3.3319999999999994,-3.274045757457813,True,-0.057954242542186396
2026-08-06,-0.3002355083384176,0.041265116279069765,-3.472999999999999,-3.2841932675561742,True,-0.18880673244382473
2026-08-07,-0.2972905525755124,0.04205581395348837,-3.2569999999999992,-3.257000006801236,False,6.801236906994745e-09
2026-08-10,-0.296944992862251,0.04302790697674419,-3.7129999999999996,-3.2706219581559424,True,-0.44237804184405727
2026-08-11,-0.2985802438309907,0.04227906976744186,-3.559,-3.280122860579447,True,-0.27887713942055337
2026-08-12,-0.3002587653877207,0.04116279069767442,-3.653999999999999,-3.284189374741418,True,-0.3698106252585811
2026-08-13,-0.29861889290513455,0.04159069767441861,-3.4370000000000003,-3.268126017756777,True,-0.16887398224322325
2026-08-14,-0.3002368072011994,0.040688372093023256,-3.836000000000001,-3.274770329549522,True,-0.5612296704504791
2026-08-17,-0.295308935340888,0.04368372093023257,-4.2909999999999995,-3.2603483120448953,True,-1.0306516879551042
2026-08-18,-0.29688325986191816,0.04319534883720931,-4.359999999999999,-3.2721174979447714,True,-1.087882502055228
2026-08-19,-0.3018666609680113,0.040246511627906975,-4.293000000000001,-3.288183334069675,True,-1.004816665930326
2026-08-20,-0.2985695506242821,0.0417953488372093,-4.322999999999999,-3.2677037684965518,True,-1.0552962315034469
2026-08-21,-0.30190386759764876,0.04012558139534884,-4.390000000000001,-3.2854781571005978,True,-1.1045218428994028
2026-08-24,-0.3003081194318448,0.04122790697674419,-4.563999999999998,-3.2823832776153514,True,-1.2816167223846469
2026-08-25,-0.3019965921140758,0.03984651162790698,-4.327000000000001,-3.280064733419425,True,-1.0469352665805758
2026-08-26,-0.30203491467536725,0.03964651162790698,-4.296000000000001,-3.277204754793494,True,-1.018795245206507
