date,days,strike,vix,iv,rv,pnl,forecast
2011-01-04,30,126.9800033569336,0.17379999999999998,0.14826510684785524,0.10873378357206817,0.006260087470074625,0.008054931088104789
2011-01-05,30,127.63999938964844,0.1702,0.14626175827864835,0.10767151847758442,0.005026057923746347,0.006549437884021528
2011-01-06,29,127.38999938964844,0.174,0.14962223972982602,0.10929108547056954,0.005370075827194223,0.006987712912526075
2011-01-07,28,127.13999938964844,0.1714,0.1467727150730081,0.1109992285827558,0.004322099381061705,0.006045782839730611
2011-01-10,30,126.9800033569336,0.1754,0.15034673170671878,0.11075029868200645,0.0036802384870052215,0.006059694504595436
2011-01-11,30,127.43000030517578,0.1689,0.14363831268312477,0.11006864977860188,0.0023605968419667177,0.004718559728820559
2011-01-12,30,128.5800018310547,0.1624,0.13863632065483833,0.10753692561956729,0.002849144010177368,0.005068092112142206
2011-01-13,29,128.3699951171875,0.16390000000000002,0.14062857046467286,0.10922145286223929,0.002573934284089677,0.004805562081246695
2011-01-14,28,129.3000030517578,0.15460000000000002,0.1296134524332554,0.10805600566437289,0.0012268045690569695,0.003253521081335413
2011-01-18,30,129.52000427246094,0.15869999999999998,0.1265643609393024,0.10790803242714762,0.0003476969203235519,0.0023956206691805827
2011-01-19,30,128.25,0.17309999999999998,0.14552178961097864,0.10254556179173957,0.003237203353437592,0.005373008035866636
2011-01-20,29,128.0800018310547,0.17989999999999998,0.14654802620324167,0.10419239635251272,0.0026700285900152112,0.004800001640540844
2011-01-21,28,128.3699951171875,0.18469999999999998,0.13816999751548634,0.10572178732681224,0.0010200176368415964,0.0030843825762061697
2011-01-24,30,129.10000610351562,0.1765,0.13389123305076717,0.1245142270209718,0.001080314816501694,0.002579096362608402
2011-01-25,30,129.1699981689453,0.1759,0.13140765487445782,0.12452294911556282,0.0007756757110566307,0.0020526732974170125
2011-01-26,30,129.6699981689453,0.1664,0.12648817953718014,0.1292312910268985,0.00017274236075331666,0.0004679668486623927
2011-01-27,29,129.99000549316406,0.16149999999999998,0.12470715735682465,0.13114933585341323,-0.0006613176477387112,-0.0006986597128509634
2011-01-28,28,127.72000122070312,0.2004,0.15965998037675114,0.1173396999114933,0.004914569131332603,0.006135906042208182
2011-01-31,30,128.67999267578125,0.1953,0.1511796698374084,0.12699496527424403,0.004018291695128903,0.005974315780008314
2011-02-01,30,130.74000549316406,0.17629999999999998,0.13902181857534845,0.1288687725585405,-0.0030836261186600765,-0.00450026250467568
2011-02-02,30,130.49000549316406,0.17300000000000001,0.13893663927487163,0.13134197648773882,-0.0026405601386131593,-0.0020055364749902156
2011-02-03,29,130.77999877929688,0.16690000000000002,0.13454172422174263,0.13335495540876702,-0.005676026085688117,-0.0047757136189725755
2011-02-04,28,131.14999389648438,0.1593,0.12772972776423938,0.1353315437568813,-0.010054532103091453,-0.00842354162983898
2011-02-07,30,131.97000122070312,0.1628,0.13063084742685516,0.13537083387573573,-0.003014860789378284,-0.0023458226755521394
2011-02-08,30,132.57000732421875,0.15810000000000002,0.12392691489304228,0.14939894424312555,-0.017820875154099514,-0.022546651463035125
2011-02-09,30,132.27000427246094,0.15869999999999998,0.12442663928149511,0.15111997417267453,-0.018426424018541138,-0.017889299854400333
2011-02-10,29,132.32000732421875,0.1609,0.12644360857050788,0.15369755954138836,-0.017816204505427775,-0.017457000145551127
2011-02-11,28,133.11000061035156,0.15689999999999998,0.12000121390145961,0.15493456775499226,-0.01582125493756719,-0.017619064083781225
2011-02-14,30,133.42999267578125,0.1595,0.128348833160706,0.1692464925195036,-0.011866021468736098,-0.009905080670443255
2011-02-15,30,133.00999450683594,0.1637,0.12451858774656503,0.1750050582577037,-0.013648821536525272,-0.011634686239729485
2011-02-16,30,133.85000610351562,0.1672,0.12902213320099903,0.17363925607055522,-0.010937459041105239,-0.009176419827573407
2011-02-17,29,134.25,0.1659,0.12744334100335322,0.17629010798500067,-0.011054294510514423,-0.009430880115658308
2011-02-18,28,134.52999877929688,0.1643,0.12291446558034605,0.17925275834922413,-0.011904779895799847,-0.010458343187724721
2011-02-22,30,131.8300018310547,0.20800000000000002,0.16999612119360694,0.17092263267420826,0.0013140280433382946,0.0004895688230447214
2011-02-23,30,131.02000427246094,0.2213,0.18348952863007087,0.16989897359617048,0.010806207685051996,0.0076518770298038205
2011-02-24,29,130.92999267578125,0.2132,0.1765462470286888,0.17278623892479453,0.00727999562815258,0.004944377667584463
2011-02-25,28,132.3300018310547,0.19219999999999998,0.15165045011042644,0.17160031105162843,-0.0031819972368049053,-0.0033268315754833486
2011-02-28,30,133.14999389648438,0.18350000000000002,0.1438674448024882,0.1679664951470183,-0.0015470664892896953,-0.002831575847143086
2011-03-01,30,130.92999267578125,0.2101,0.1781207090965683,0.15746650415396832,0.009333130840244931,0.010244035141722781
2011-03-02,30,131.2100067138672,0.207,0.17437270642160668,0.15797559453877338,0.008456397745284255,0.009913157957969314
2011-03-03,29,133.47000122070312,0.18600000000000003,0.1521836477619556,0.1488158386060269,0.007738710535602114,0.005860037618496148
2011-03-04,28,132.47000122070312,0.1906,0.15542332510493212,0.1489960045260599,0.00811341703875153,0.008153891803614737
2011-03-07,30,131.42999267578125,0.2066,0.17421023042137163,0.14175000011041491,0.012057625809690244,0.013591175391336164
2011-03-08,30,132.5800018310547,0.19820000000000002,0.1664436218541799,0.138739214914949,0.015892494428386063,0.01533979958525393
2011-03-09,30,132.38999938964844,0.2022,0.1711482654475609,0.13917217412728722,0.018246289095128838,0.016468565028660766
2011-03-10,29,129.94000244140625,0.2188,0.1913373446836774,0.12508102495520595,0.013544308622546974,0.015057247990723307
2011-03-11,28,130.83999633789062,0.20079999999999998,0.17659329492976553,0.12483176251737792,0.012998160769568329,0.01413250996502944
2011-03-14,30,130.0500030517578,0.2113,0.18073166569352736,0.12203810980742563,0.01565552551505285,0.016194263569100514
2011-03-15,30,128.55999755859375,0.2432,0.20716123968975161,0.11525954096394653,0.016065319642408586,0.01741002622037866
2011-03-16,30,126.18000030517578,0.294,0.24840587217682644,0.09590529833965603,0.017591493991736668,0.019311652577373786
2011-03-17,29,127.8499984741211,0.2637,0.21526007429075414,0.08566878478774177,0.017639169244603355,0.01906783738096938
2011-03-18,28,127.76000213623048,0.2444,0.19737667452914656,0.08714808684287408,0.012841777485636599,0.014301704083517497
2011-03-21,30,129.74000549316406,0.2061,0.1707987545498364,0.09157754186634447,0.01724517533255116,0.01661643409397128
2011-03-22,30,129.2899932861328,0.2021,0.174107989552743,0.09249596652157198,0.015289205722602383,0.015364396933788256
2011-03-23,29,129.66000366210938,0.1917,0.16532516278835005,0.09352930589636425,0.01346319826487177,0.01342812189240677
2011-03-24,28,130.89999389648438,0.18,0.15631825479250097,0.08876499717847842,0.011974837009581515,0.01261569463082863
2011-03-25,27,131.3000030517578,0.1791,0.1533457366003956,0.08969500912365723,0.01057677697689244,0.011816120975985125
2011-03-28,30,130.97999572753906,0.19440000000000002,0.16446981876101044,0.09268240784004776,0.013489194317146243,0.014920028599272071
2011-03-29,30,131.86000061035156,0.1816,0.1514457636836991,0.09039940443925859,0.011674159843753319,0.013066111643528272
2011-03-30,30,132.77000427246094,0.1771,0.1486678922337736,0.08754224131950357,0.011615764830255858,0.013215560149243561
2011-03-31,29,132.58999633789062,0.17739999999999997,0.1469458622090597,0.08890860887195383,0.010547941201860384,0.012090775323562565
2011-04-01,28,133.14999389648438,0.174,0.1372291169906454,0.08919359671725799,0.008430093436544049,0.010109194561850122
2011-04-04,30,133.25999450683594,0.175,0.13951784076098428,0.09023416039404797,0.00857061934777871,0.01014165200398707
2011-04-05,30,133.24000549316406,0.1725,0.13761684012547737,0.09564076405963906,0.009414043544255552,0.008844959757776327
2011-04-06,30,133.66000366210938,0.16899999999999998,0.13936525313525314,0.09624366398080356,0.010395287382392697,0.010952860466526824
2011-04-07,29,133.32000732421875,0.1711,0.13890683199392181,0.09747103717305274,0.008414655958188664,0.009944534084407132
2011-04-08,28,132.86000061035156,0.1787,0.14590104796365866,0.09840823149298869,0.008495074738628112,0.010290990738129151
2011-04-11,30,132.4600067138672,0.1659,0.14011098272019548,0.10654096574180201,0.0064471587987389506,0.008561807299844088
2011-04-12,30,131.47000122070312,0.1709,0.14577736287636509,0.1045975234292053,0.005824370195387972,0.007843044524961368
2011-04-13,30,131.4600067138672,0.16920000000000002,0.14050355593870892,0.10801563045746697,0.00431235166862803,0.006288301442577378
2011-04-14,29,131.55999755859375,0.16269999999999998,0.13434197851432605,0.10982906565308467,0.0027763139363286915,0.004738222004961154
2011-04-15,28,132.0399932861328,0.1532,0.11852409348124962,0.11099698454153209,-1.0138418300849738e-06,0.001986951597008362
2011-04-18,30,130.55999755859375,0.1696,0.1331882808729222,0.10681136861866529,0.0023561442876882345,0.0036830560722381864
2011-04-19,30,131.30999755859375,0.1583,0.12433261896436108,0.10525359480214025,0.00207309943859052,0.003110481911846602
2011-04-20,30,133.10000610351562,0.1507,0.11580265726020772,0.09809137923190565,0.003847415137017516,0.0044985884591202535
2011-04-21,29,133.77999877929688,0.1469,0.11176997610381371,0.09811661701991926,0.002877008068295044,0.0031277796676469584
2011-04-25,30,133.63999938964844,0.1577,0.12152475216621529,0.10532112520846613,0.0015853021695361694,0.003917062314964467
2011-04-26,30,134.7899932861328,0.1562,0.12565178155295897,0.10225662505445492,0.0021603971092742165,0.00473521025581654
2011-04-27,30,135.6699981689453,0.1535,0.124222756151078,0.10059523877567982,0.001574098130416578,0.003936452078652741
2011-04-28,29,136.11000061035156,0.1462,0.1207374258328292,0.10166804049476266,0.00036139894684776905,0.0026033273162268727
2011-04-29,28,136.42999267578125,0.1475,0.11830526829181588,0.10311967037008857,-0.0004755674112687188,0.0016222513584969696
2011-05-02,30,136.22000122070312,0.15990000000000001,0.13340488563320393,0.1322116356438188,0.0018157780810568547,-0.005143902830732193
2011-05-03,30,135.72999572753906,0.16699999999999998,0.13421398168685117,0.13166489445845317,-0.003177969529217255,-0.009802200264769323
2011-05-04,30,134.8300018310547,0.17079999999999998,0.14070232025770377,0.13421040801006726,-0.005050165864958695,-0.00612180391936516
2011-05-05,29,133.61000061035156,0.182,0.15059921740895926,0.13264110682409652,-0.002209960591432368,0.0017179056108339121
2011-05-06,28,134.1999969482422,0.184,0.15273279047782132,0.13404826731457622,-0.002164747906279868,-0.0005022698017949093
2011-05-09,30,134.72000122070312,0.1716,0.14229396995288127,0.13485071235739188,-0.0038807540958582117,-0.0024260191937755878
2011-05-10,30,135.8699951171875,0.1591,0.1297637536694893,0.1341970118133579,-0.005268036085058352,-0.005315063570069751
2011-05-11,30,134.44000244140625,0.16949999999999998,0.14478684496289565,0.13796450168721178,-0.0021863975115710347,-0.00016132301036288335
2011-05-12,29,135.0800018310547,0.1603,0.13578466841851594,0.13930784744701386,-0.004206548059801899,-0.0030992922738189463
2011-05-13,28,134.0399932861328,0.1707,0.145666137492543,0.13900018877231948,-0.0022310682529454832,0.00018198422155918018
2011-05-16,30,133.19000244140625,0.18239999999999998,0.15294914233308116,0.15296972800517394,-0.0009478764468463373,0.0014897424090372184
2011-05-17,30,133.1699981689453,0.17550000000000002,0.150841008812132,0.15316153908606633,-0.0019163635361748245,0.0002891837315971495
2011-05-18,30,134.36000061035156,0.1623,0.13299332393488603,0.15014179335365746,-0.005014851558498209,-0.0032741502800115526
2011-05-19,29,134.67999267578125,0.1552,0.12521618884607147,0.15247513903745324,-0.006644524241322532,-0.0051570359704688935
2011-05-20,28,133.61000061035156,0.1743,0.1373771003410184,0.15247819957874478,-0.004617498521263033,-0.0026753901751119745
2011-05-23,30,132.05999755859375,0.1827,0.15127361546694826,0.1518493191861834,-0.0033676516629961703,-0.0015841673649902273
2011-05-24,30,131.9499969482422,0.1782,0.1501511214334023,0.15215340881085657,-0.004062975325664928,-0.0021117820281688266
2011-05-25,30,132.38999938964844,0.1707,0.14421977600805644,0.15708605108217805,-0.005489318464642436,-0.00362961767443134
2011-05-26,29,133.0,0.1609,0.1321902459876654,0.15893692350839728,-0.007445627669899779,-0.00584422298742519
2011-05-27,28,133.50999450683594,0.1598,0.13380160652566322,0.16115886876736063,-0.007205640017228774,-0.005746108867165678
2011-05-31,30,134.89999389648438,0.1545,0.1292345901820318,0.167110925950824,-0.007531595203878214,-0.006249965322402217
2011-06-01,30,131.8699951171875,0.183,0.15998019352956702,0.15577182352136715,-0.006789445000042697,-0.0063969335173074855
2011-06-02,29,131.72999572753906,0.1809,0.1584653539351363,0.15838996000177522,-0.007314093328328731,-0.007339571474640048
2011-06-03,28,130.4199981689453,0.1795,0.16055182367323476,0.1571027062517428,-0.002087030211087226,-0.0022706572844619502
2011-06-06,30,129.0399932861328,0.18489999999999998,0.1664260432293581,0.14725714726474673,-0.0003074295179404817,0.0012583731707403554
2011-06-07,30,128.9600067138672,0.1807,0.1626515040572102,0.15157925488545745,-0.0015778750450308817,-5.074039708056996e-05
2011-06-08,30,128.4199981689453,0.18789999999999998,0.16509103645365972,0.15289993555368875,-0.0011814175048589746,0.000394749515163007
2011-06-09,29,129.39999389648438,0.1777,0.15833971519874998,0.15315723988126834,-0.0027849827520659907,-0.0013948140467981685
2011-06-10,28,127.5999984741211,0.1886,0.15963977694785217,0.1474346739503282,-0.0011577057236269762,0.0003507610144660465
2011-06-13,30,127.6999969482422,0.1961,0.16866209035672666,0.15714543399895609,-0.0005665091279865907,0.0007217976167656896
2011-06-14,30,129.32000732421875,0.1826,0.15033970428766752,0.152790241046523,-0.0015849498685911142,-0.0010327055910936795
2011-06-15,30,127.0199966430664,0.2132,0.17723574381260265,0.14083424429349836,0.0036478335184885365,0.004824685266672232
2011-06-16,29,127.3000030517578,0.2273,0.1929373824378471,0.14302865820333627,0.006086784409568864,0.007036506301585503
2011-06-17,28,127.0500030517578,0.21850000000000003,0.18980682151664724,0.14538719561131316,0.004454208130115308,0.005509221322010222
2011-06-20,30,127.6999969482422,0.1999,0.17763960695242795,0.15295461758596587,0.0037097913429573674,0.0035426364243993673
2011-06-21,30,129.4499969482422,0.1886,0.16898514423199157,0.1531341370234621,0.00332345456284241,0.0026544971634908567
2011-06-22,30,128.6699981689453,0.1852,0.16840450038281687,0.15169411154045223,0.002487663204740571,0.002131129800991375
2011-06-23,29,128.3000030517578,0.1929,0.1724889814042002,0.15394875167700348,0.002573007446686207,0.0023179701574742146
2011-06-24,28,126.80999755859376,0.21100000000000002,0.19017633623840943,0.15089022915709854,0.004535638655190917,0.004837131271576526
2011-06-27,30,127.94000244140624,0.20559999999999998,0.1793445300963809,0.16140053853579403,0.0022188724235074854,0.0027759265861641924
2011-06-28,30,129.61000061035156,0.1917,0.1630369569065309,0.1552649963625247,0.0030669729833090994,0.003269152656965256
2011-06-29,30,130.72000122070312,0.1727,0.13660531519805802,0.15425521794419034,-0.009180809773672787,-0.004347789057597379
2011-06-30,29,131.97000122070312,0.16519999999999999,0.14054411598097943,0.15321620595250904,-0.011253714054425398,-0.007322462246041238
2011-07-01,28,133.9199981689453,0.15869999999999998,0.1383210444008065,0.14665941667972832,-0.006889460974595273,-0.007487017783962937
2011-07-05,30,133.80999755859375,0.1606,0.1372374353521684,0.23831383358721261,-0.007675608793041472,-0.0059010134571061456
2011-07-06,30,133.97000122070312,0.1634,0.13998703171033247,0.2383346503641073,-0.007181021733276101,-0.005533370463213883
2011-07-07,29,135.36000061035156,0.1595,0.13612103522444843,0.23962713457572107,-0.006011829758412115,-0.004538026107690956
2011-07-08,28,134.39999389648438,0.1595,0.13899893742029523,0.2425109120464035,-0.006474336595900077,-0.004906202791854049
2011-07-11,30,131.97000122070312,0.1839,0.15497937922537405,0.39494954216416095,-0.005769110055887294,-0.008521907584614885
2011-07-12,30,131.39999389648438,0.19870000000000002,0.17380514376768172,0.4233331584405425,-0.006078910681909172,-0.010840031197363686
2011-07-13,30,131.83999633789062,0.1991,0.16464831959732076,0.4238193995599512,-0.007012633783852029,-0.010935716771906297
2011-07-14,29,130.92999267578125,0.20800000000000002,0.16864765526737743,0.43036377172040435,-0.009642223077901286,-0.015452514014004149
2011-07-15,28,131.69000244140625,0.1953,0.15333270860366247,0.437482603477288,-0.009034895933727874,-0.013160859735715524
2011-07-18,30,130.61000061035156,0.2095,0.17485274565331968,0.4290032249165067,-0.014248032805434024,-0.019732637799666723
2011-07-19,30,132.72999572753906,0.19210000000000002,0.15661500930715103,0.4522448927774366,-0.007956878481451032,-0.01109404037289809
2011-07-20,30,132.64999389648438,0.1909,0.16099814713504979,0.45587221092366587,-0.008898200622874506,-0.012184806765510361
2011-07-21,29,134.49000549316406,0.17559999999999998,0.14902078092434382,0.4610825576363763,-0.00459609279808057,-0.005825781911437805
2011-07-22,28,134.5800018310547,0.1752,0.14978380940232475,0.4692377287943589,-0.005016374512769137,-0.0061921930822532055
2011-07-25,30,133.8300018310547,0.1935,0.16890120725242658,0.46932889163021024,-0.008960585055102646,-0.011316624677747888
2011-07-26,30,133.3300018310547,0.2023,0.17543564728523264,0.472197111969579,-0.010742712044431725,-0.013565150441407742
2011-07-27,30,130.60000610351562,0.2298,0.2003349306588001,0.46935702103860116,-0.015794737219423056,-0.020853928431195507
2011-07-28,29,130.22000122070312,0.23739999999999997,0.20564854589273174,0.47726885335067365,-0.017810517018607672,-0.023102882984416772
2011-07-29,28,129.3300018310547,0.2525,0.2189584127972129,0.48508519961677465,-0.021727741816826206,-0.027365058819216654
2011-08-01,30,128.77999877929688,0.2366,0.20778232944485103,0.47904898039319016,-0.02879697007065205,-0.034690315945036194
2011-08-02,30,125.48999786376952,0.24789999999999998,0.2224688680960673,0.47189820893689544,-0.04258655658323621,-0.04780377192493685
2011-08-03,30,126.16999816894533,0.23379999999999998,0.20779271139193337,0.4800861919861617,-0.040083749503661205,-0.046260810314818684
2011-08-04,29,120.26000213623048,0.3166,0.29103633831678344,0.4576713785387441,-0.052310033603310456,-0.047604604767582256
2011-08-05,28,120.08000183105467,0.32,0.2798930729079445,0.46574098795654717,-0.05944387957104846,-0.053858980980855085
2011-08-08,30,112.26000213623048,0.48,0.4087620087937614,0.39667109256000654,0.004742294460554418,0.006725490286562318
2011-08-09,30,117.4800033569336,0.3506,0.28909885454337275,0.36543436589141665,-0.022578121569824597,-0.022137090363095746
2011-08-10,30,112.29000091552734,0.4299,0.3750489559774608,0.3424703732533098,0.00700144648400813,0.00839077165298351
2011-08-11,29,117.33000183105467,0.39,0.33758015349516135,0.31155700151068993,0.002231942775012108,0.003718525568987225
2011-08-12,28,118.12000274658205,0.3636,0.31510798882166446,0.31614466163040783,-0.00972876674228226,-0.005988435340275379
2011-08-15,30,120.62000274658205,0.3187,0.2708730907971497,0.3029313044612003,-0.00859544723945385,-0.009391991922378313
2011-08-16,30,119.58999633789062,0.3285,0.2772390033611391,0.3073017860956124,-0.010730046608245173,-0.009041649478753001
2011-08-17,30,119.66999816894533,0.31579999999999997,0.255769820914145,0.3073037985396219,-0.015843747120605822,-0.013896429011774325
2011-08-18,29,114.51000213623048,0.4267,0.35113292806060487,0.2706310036730476,0.01841853552599438,0.020560337796627852
2011-08-19,28,112.63999938964844,0.4305,0.35658812785671723,0.2689290593864911,0.01596122358412761,0.01836918820574749
2011-08-22,30,112.7300033569336,0.4244,0.36791017767856043,0.2821457251140378,0.01626860605870957,0.01817505190208337
2011-08-23,30,116.44000244140624,0.3627,0.3002596371536587,0.2828170883404056,-0.01203740501744723,-0.010553999402976596
2011-08-24,30,118.08000183105467,0.359,0.29951546752483504,0.27936456590798964,-0.003300754769074046,-0.004238679809511648
2011-08-25,29,116.27999877929688,0.39759999999999995,0.34083137359388105,0.27886517654997683,0.00624403697402263,0.008098667875652138
2011-08-26,28,117.97000122070312,0.35590000000000005,0.2984491505075106,0.2789785641429722,-0.0041649407840872,-0.0050250802385239535
2011-08-29,30,121.36000061035156,0.32280000000000003,0.2764107321066688,0.27618469951844227,-0.00024160674006548042,-0.0016541522122719436
2011-08-30,30,121.68000030517578,0.3289,0.2846182318312387,0.2773943818448006,0.00021851676362020202,-0.0008616456201509266
2011-08-31,30,122.22000122070312,0.31620000000000004,0.273453698062108,0.2906905826446786,-0.002949165334308324,-0.00369119675760511
2011-09-01,29,120.94000244140624,0.3182,0.27456870102578956,0.29329126724870364,-0.004198120363223913,-0.005568906794473651
2011-09-02,28,117.8499984741211,0.3392,0.29455676419151433,0.28347767585818906,-0.001054311229383925,-0.0040719486738227725
2011-09-06,30,116.98999786376952,0.37,0.3161491482611321,0.31339860951335446,0.0032231381765493693,-0.00017269422764501315
2011-09-07,30,120.29000091552734,0.33380000000000004,0.2920145804323988,0.2989204204394006,-0.002485390783499742,-0.001580129384881401
2011-09-08,29,119.04000091552734,0.3432,0.3006115418824196,0.3017634787840595,-0.0016906613464732073,0.0003633867085475127
2011-09-09,28,115.91999816894533,0.38520000000000004,0.34271089609932676,0.2917499596891697,0.020997988183361162,0.015648796877944068
2011-09-12,30,116.66999816894533,0.3859,0.3418172486763954,0.3050343115373384,0.007192201360281611,0.01117017255872445
2011-09-13,30,117.73999786376952,0.3691,0.3246548804631659,0.30344695690641005,0.006778644244658702,0.009123690875914746
2011-09-14,30,119.37000274658205,0.34600000000000003,0.3107626823953877,0.30541022027164466,0.005011047687083391,0.00691260217898506
2011-09-15,29,121.43000030517578,0.3197,0.2765702356531581,0.3046426493286155,0.00044547384261674737,-0.0007389070370894249
2011-09-16,28,121.5199966430664,0.3098,0.25957514162417805,0.310023433987478,-0.004592370438556537,-0.005639034764087713
2011-09-19,30,120.30999755859376,0.3273,0.28086265316301734,0.31510435270576437,-0.0014916223576524725,-0.00556467233218432
2011-09-20,30,120.16999816894533,0.3286,0.2823824414349729,0.315445996406548,-0.0008472662426967949,-0.0013466679659802701
2011-09-21,30,116.62999725341795,0.3732,0.32160600309179344,0.3048489116459071,0.004485721603663345,0.00525890231363438
2011-09-22,29,112.86000061035156,0.41350000000000003,0.35898541650040633,0.2873124487171025,0.009758378987642168,0.011764391646239911
2011-09-23,28,113.54000091552734,0.4125,0.3620658217644666,0.2915925355021592,0.010379088343034385,0.012119390671272018
2011-09-26,30,116.23999786376952,0.39020000000000005,0.33554236457525655,0.28351060554617896,0.0080738125420181,0.010951090463409275
2011-09-27,30,117.54000091552734,0.3771,0.326932200427821,0.30518682918390033,0.007654592423487162,0.010662113683361963
2011-09-28,30,115.13999938964844,0.4108,0.3603139008762212,0.29658320858007836,0.011832991932341616,0.01450677338873339
2011-09-29,29,116.0500030517578,0.3884,0.3386090486997566,0.30035767846099504,0.007674253345483098,0.01023590379078931
2011-09-30,28,113.1500015258789,0.4296,0.38828868738927186,0.2916988019507446,0.013655487811106053,0.016289361710761743
2011-10-03,30,109.93000030517578,0.4545,0.4161082218122128,0.29906106681922645,0.012119204532479812,0.014478811153879926
2011-10-04,30,112.33999633789062,0.4082,0.36755329660890823,0.2961171829455385,0.00905233217342112,0.010901311572130928
2011-10-05,30,114.41999816894533,0.37810000000000005,0.3447968914217913,0.2899064753627269,0.007821322782787812,0.009237935962627033
2011-10-06,29,116.48999786376952,0.3627,0.3264813742280505,0.28791982539790534,0.006228886629598548,0.0072931484354511284
2011-10-07,28,115.70999908447266,0.36200000000000004,0.32345775756027384,0.29201040665640837,0.004531185084575056,0.0056834067592537426
2011-10-10,30,119.58000183105467,0.33020000000000005,0.2940975339909574,0.29337690242991654,0.0013680253544932893,0.0035658558862066915
2011-10-11,30,119.6999969482422,0.3286,0.2870823868424998,0.2951728254964931,-0.0011783459895793838,0.001769030884111619
2011-10-12,30,120.75,0.3126,0.2661122471597347,0.30071522680041607,-0.008412517780818108,-0.0040214823621911745
2011-10-13,29,120.51000213623048,0.307,0.260043769027424,0.3057745768618892,-0.010276563385300669,-0.006218348426957671
2011-10-14,28,122.56999969482422,0.2824,0.239515254168083,0.3051103410811947,-0.0226120461638782,-0.01605126175849756
2011-10-17,30,120.2300033569336,0.33390000000000003,0.27554067386138564,0.29474501941283876,-0.00737074882525825,-0.004065146498055462
2011-10-18,30,122.58000183105467,0.3156,0.24972821582873403,0.29228760047602576,-0.011330226264592793,-0.011889794429568558
2011-10-19,30,121.12999725341795,0.3444,0.28997812179459204,0.28934935467961687,0.006677189138547995,0.005382592419646982
2011-10-20,29,121.66000366210938,0.3478,0.2930394045633909,0.2938879650987874,0.010332425648528421,0.006008432985569624
2011-10-21,28,123.97000122070312,0.3132,0.25056639316684204,0.29127800413533816,-0.013185700100702163,-0.009947733950866518
2011-10-24,30,125.48999786376952,0.2926,0.24078623273758717,0.29683652359069296,-0.018210666705263168,-0.013878790943741587
2011-10-25,29,123.0500030517578,0.3222,0.27141949799760556,0.2937647641665617,-0.004150296323344702,-0.0004841172385023217
2011-10-26,30,124.3000030517578,0.2986,0.2516220679860269,0.28674321906811684,-0.012123117653022758,-0.008640920671008334
2011-10-27,29,128.6300048828125,0.2546,0.21446284096202262,0.2651401952052501,-0.015541690674202528,-0.01387567304775227
2011-10-28,28,128.60000610351562,0.24530000000000002,0.20983691827855233,0.2698319922489035,-0.017406206268331746,-0.01585722442763436
2011-10-31,30,125.5,0.29960000000000003,0.2575073139009882,0.3008560875297545,-0.0050063355307072765,-0.0028451201964069454
2011-11-01,30,122.0,0.3477,0.2796330203430423,0.2842200888680671,-0.017121973598744268,-0.011148066093152014
2011-11-02,30,123.98999786376952,0.3274,0.27184274649446144,0.2785774754832459,-0.0014089470393295665,0.0036499883618996767
2011-11-03,29,126.25,0.305,0.2526736820494807,0.2759979265861026,-0.0004232177982103445,0.005548836421313458
2011-11-04,28,125.4800033569336,0.3016,0.2512894736229918,0.28001341891785075,2.0332913559581876e-05,0.004768105726619188
2011-11-07,30,126.26000213623048,0.2985,0.24544518827186532,0.27259898625268636,0.007645010282175275,0.00724480797451283
2011-11-08,30,127.87999725341795,0.2748,0.22655586679217043,0.2798543042842848,-0.007979344140188709,-0.008260991082330887
2011-11-09,30,123.16000366210938,0.3616,0.30347601037423855,0.25405611987213816,0.009707089236234947,0.013350122120981528
2011-11-10,29,124.31999969482422,0.3281,0.2685335461782522,0.2562500456040731,-0.0006711923868780191,0.0038847282086260835
2011-11-11,28,126.66000366210938,0.3004,0.24763719406775722,0.25194512162426247,0.003085562415317031,0.0028419915926164814
2011-11-14,30,125.45999908447266,0.31129999999999997,0.2570039743011062,0.2514714146540382,0.003330016141988816,0.006859938267081104
2011-11-15,30,126.08000183105467,0.3122,0.2564875238381836,0.25119825597304557,0.0019410771208736473,0.005562772996566923
2011-11-16,30,124.08000183105467,0.33509999999999995,0.28127831443675116,0.2455093441418651,0.013855316039504057,0.016068035088441634
2011-11-17,29,122.11000061035156,0.34509999999999996,0.2933195162917818,0.24316558046047765,0.025478351081533127,0.02100405143527828
2011-11-18,28,121.9800033569336,0.32,0.2761523194932907,0.24743984628123183,0.01947892898092443,0.014723645645312564
2011-11-21,30,119.66000366210938,0.32909999999999995,0.297143663596862,0.254798777122947,0.006881649806259113,0.004376766720710289
2011-11-22,30,119.19000244140624,0.3197,0.28929292677968454,0.25628188644730365,0.004285981913996104,0.002434446647383932
2011-11-23,30,116.55999755859376,0.3398,0.30247037984838454,0.24614439511104289,0.006571004400763156,0.005079330905823242
2011-11-25,28,116.33999633789062,0.3447,0.3119843611377246,0.25469233102769984,0.0058490307152797875,0.004543714476749264
2011-11-28,30,119.70999908447266,0.32130000000000003,0.2814685817771987,0.2296819419183571,0.006155545692992561,0.008203498237650217
2011-11-29,30,120.0500030517578,0.3064,0.27383695293120425,0.23225403475315248,0.0047888458264612665,0.00664415891834707
2011-11-30,30,124.98999786376952,0.278,0.24843698092451097,0.18561457654795824,0.024542167530845333,0.022306916856609564
2011-12-01,29,124.97000122070312,0.2741,0.24421303784315224,0.18878685179952406,0.022125804010101783,0.020182672934261753
2011-12-02,28,124.86000061035156,0.2752,0.2465517536197169,0.19210216245723094,0.02111528797413817,0.01960457678178442
2011-12-05,30,126.22000122070312,0.2784,0.24968259293959535,0.1899641864999001,0.022851919553377002,0.023088843559661034
2011-12-06,30,126.26000213623048,0.2813,0.25437323024369496,0.190187242971609,0.023994058232550266,0.025110029367858007
2011-12-07,30,126.7300033569336,0.2867,0.2576665342339483,0.18995853334906992,0.02874956900544247,0.027241839888428248
2011-12-08,29,123.9499969482422,0.3059,0.27606591780108547,0.17645498372363272,0.022282496889577046,0.02524472370903149
2011-12-09,28,126.0500030517578,0.2638,0.23477620086526507,0.16902360697874144,0.020939283247518044,0.02216333494384571
2011-12-12,30,124.20999908447266,0.25670000000000004,0.22188328102195473,0.15816251967189895,0.012464221823193752,0.015696073845126536
2011-12-13,30,123.0500030517578,0.2541,0.22136508513249736,0.15496491560097686,0.009017326308012993,0.01221310629604343
2011-12-14,30,121.73999786376952,0.26039999999999996,0.22417384806369023,0.15148479984386243,0.006709655732535744,0.009691270433944191
2011-12-15,29,122.18000030517578,0.2511,0.21251427475617093,0.15354191960328448,0.004599567633003281,0.007596661635432031
2011-12-16,28,121.58999633789062,0.2429,0.21171747736874402,0.15527921831209662,0.0025783695606779373,0.005473623804811072
2011-12-19,30,120.29000091552734,0.2492,0.22283816806630855,0.15083728864966128,0.0023183911323610474,0.0049346107733521756
2011-12-20,30,123.93000030517578,0.2322,0.20009910840879547,0.11079753175856587,0.011786901011664873,0.014717064134621611
2011-12-21,30,124.16999816894533,0.2143,0.19417971917753385,0.111350587605761,0.010812235136878883,0.013526305806302132
2011-12-22,29,125.2699966430664,0.2116,0.19090671265988887,0.10884592933477659,0.012855570523566444,0.015278066971915156
2011-12-23,28,126.38999938964844,0.2073,0.18395899195655385,0.10600836291509465,0.014151730685747538,0.01604712041143546
2011-12-27,30,126.48999786376952,0.2191,0.1961745652858943,0.10837141511792228,0.013651179671048301,0.015438407843524243
2011-12-28,30,124.83000183105467,0.2352,0.21080633082774744,0.09810003952436502,0.013053920705366796,0.015147274035725595
2011-12-29,29,126.12000274658205,0.22649999999999998,0.2022477592258232,0.09287146954310305,0.014525486221796419,0.016295183025577992
2011-12-30,28,125.5,0.23399999999999999,0.20895008304381085,0.09282543938329896,0.013589149899820822,0.015493961498333046
2012-01-03,30,127.5,0.2297,0.20455405256640846,0.07810416814450695,0.019171367277252806,0.020480316465701774
2012-01-04,30,127.6999969482422,0.22219999999999998,0.19702214187862907,0.09180587172059662,0.0177456783200452,0.019031749771576616
2012-01-05,29,128.0399932861328,0.2148,0.18989718305608425,0.09289761482163245,0.016715910841183613,0.01791928154044785
2012-01-06,28,127.70999908447266,0.20629999999999998,0.1810461492066403,0.09408171214360583,0.013482128259438038,0.014723358381748076
2012-01-09,30,128.02000427246094,0.2107,0.18446037507450508,0.09154042478704186,0.012278178415340717,0.013651578062496679
2012-01-10,30,129.1300048828125,0.2069,0.18128723558775894,0.08655672206557738,0.013480646159578197,0.01484871767211529
2012-01-11,30,129.1999969482422,0.21050000000000002,0.182329318155092,0.0903187003339419,0.013089303854729728,0.014474377428257834
2012-01-12,29,129.50999450683594,0.2047,0.17592608048794472,0.09146843760530432,0.011882778488176914,0.013213062365941773
2012-01-13,28,128.83999633789062,0.2091,0.1773492045443791,0.09118434490193687,0.010593798136783192,0.011904845366133012
2012-01-17,30,129.33999633789062,0.222,0.18172370639858565,0.10003430953176355,0.010081788273192024,0.012087523464808118
2012-01-18,30,130.77000427246094,0.2089,0.16042246344548344,0.09284858092154054,0.009605428027344229,0.011518522425342034
2012-01-19,29,131.4600067138672,0.19870000000000002,0.1549073532092747,0.09257190345939337,0.009457425908937852,0.011298790876562437
2012-01-20,28,131.9499969482422,0.18280000000000002,0.14313477260792545,0.0932479705384813,0.007547430461669347,0.009271045425933178
2012-01-23,30,131.61000061035156,0.1867,0.15274993472487844,0.09035349646168798,0.007252126188971953,0.009366924962511201
2012-01-24,30,131.4600067138672,0.1891,0.15193724406225775,0.09156201014673138,0.006486074703521732,0.00853643365618965
2012-01-25,30,132.55999755859375,0.18309999999999998,0.15082291654912525,0.08716278219920548,0.008621665037120188,0.010627322191564908
2012-01-26,29,131.8800048828125,0.1857,0.15643620210151218,0.08675500215152222,0.008011503113310586,0.010027107214624874
2012-01-27,28,131.82000732421875,0.18530000000000002,0.15819208662942857,0.08827532068901706,0.007619078896636604,0.009628213911430622
2012-01-30,30,131.3699951171875,0.19399999999999998,0.16525475704927983,0.08635054477553793,0.0074670394886680105,0.009532282889999513
2012-01-31,30,131.32000732421875,0.19440000000000002,0.16564731221814286,0.08820226814659819,0.007070324940605379,0.009116804447271446
2012-02-01,30,132.47000122070312,0.1855,0.1590118761234089,0.08347567735147597,0.008864068682308357,0.010831581916804818
2012-02-02,29,132.67999267578125,0.17980000000000002,0.15258253509861122,0.0847165495933133,0.007624748455796574,0.009551236035126313
2012-02-03,28,134.5399932861328,0.171,0.14514967405727533,0.07004884200918819,0.012479471261971738,0.014133945582596995
2012-02-06,30,134.4499969482422,0.1776,0.14887283802573656,0.08947863022199516,0.010430130665631013,0.013140598325866615
2012-02-07,30,134.7899932861328,0.1765,0.14890283021998776,0.09550524942506894,0.008873593810310531,0.010859663843978792
2012-02-08,30,135.19000244140625,0.1816,0.15045842422397201,0.0958942603722031,0.009251945965136912,0.011278793365942006
2012-02-09,29,135.36000061035156,0.1863,0.1512263968887031,0.0974316463212555,0.009127215155152843,0.011145803421998753
2012-02-10,28,134.36000061035156,0.2079,0.1623466621206148,0.0954735609959758,0.010652077953389792,0.012564370749388137
2012-02-13,30,135.36000061035156,0.19039999999999999,0.15227506996157822,0.10833191653834677,0.00934961226697835,0.009263698799757485
2012-02-14,30,135.19000244140625,0.1954,0.15236170787026737,0.11010011811101778,0.007931293991858102,0.008123289770401075
2012-02-15,30,134.55999755859375,0.2114,0.16701585880406575,0.1093859331620506,0.009544683342233823,0.010306367912674953
2012-02-16,29,136.0500030517578,0.19219999999999998,0.14907725641846273,0.10417071035540824,0.006891201914601364,0.006835752334462195
2012-02-17,28,136.41000366210938,0.1778,0.13921111943938247,0.10558437064866738,0.004114681945138957,0.003774250102513742
2012-02-21,30,136.47000122070312,0.1819,0.1446281995188277,0.10658681051969927,0.003904152091208059,0.005346403867711636
2012-02-22,30,136.02999877929688,0.1819,0.14585624473920922,0.10658612661073777,0.0036355968363276994,0.004979102060714394
2012-02-23,29,136.6300048828125,0.168,0.1343692877457442,0.1072779210055602,0.0015168369122545323,0.002782144615799936
2012-02-24,28,136.92999267578125,0.17309999999999998,0.13668218805143678,0.10888924550104535,0.0019926298811313386,0.003328274490388205
2012-02-27,30,137.16000366210938,0.1819,0.14710628213538796,0.11753314205898452,0.002870072748926061,0.005306416783703009
2012-02-28,30,137.55999755859375,0.1796,0.14741753138795283,0.11724524274731275,0.0032285792066684177,0.005564185069353411
2012-02-29,30,137.02000427246094,0.1843,0.15297741071495982,0.11732648212508276,0.0037842887939690275,0.005961330819339356
2012-03-01,29,137.72999572753906,0.1726,0.1383057913942145,0.11791515483313435,0.0012652686622403437,0.0033291947960224196
2012-03-02,28,137.30999755859375,0.1729,0.14196103171518024,0.11949462071836096,0.0010256645611860019,0.0030681695469024954
2012-03-05,30,136.75,0.1805,0.14716677749448842,0.12321273380497995,0.0012507224375968497,0.0037075863763625237
2012-03-06,30,134.75,0.2087,0.16947429886837156,0.11199746580596467,0.003895090994805071,0.006107852199972544
2012-03-07,29,135.69000244140625,0.1907,0.15559545164638525,0.11121027482379787,0.002861189767683746,0.005053512335095379
2012-03-08,28,137.0399932861328,0.1795,0.14798444913013975,0.10738631809168968,0.004001643897971511,0.0063699099771851965
2012-03-09,27,137.57000732421875,0.1711,0.1411299545493621,0.10843196975983968,0.0032718940681882316,0.005650771922218595
2012-03-12,30,137.5800018310547,0.1564,0.11812910497261206,0.12810407546384667,-0.010180409218055103,-0.009347270413674792
2012-03-13,30,140.05999755859375,0.14800000000000002,0.1252020654922083,0.1207377253760922,0.002181605401235282,0.0027078491365912726
2012-03-14,30,139.91000366210938,0.1531,0.1344912101062078,0.12768660182697295,0.0006513074371439318,0.0005045397208594199
2012-03-15,29,140.72000122070312,0.1542,0.11659810943565846,0.12824446789698127,0.00011054975367484625,0.000983367330888036
2012-03-16,28,140.3000030517578,0.1447,0.10936377659246642,0.13006749483322025,-0.0027267604006939437,-0.002704876756925778
2012-03-19,30,140.85000610351562,0.15039999999999998,0.11928379018472032,0.1355672040241463,-0.0038223244705628584,-0.0021039192232865044
2012-03-20,30,140.44000244140625,0.1558,0.12477909577560749,0.13703983647439305,-0.004374760045233579,-0.001894038389696003
2012-03-21,30,140.2100067138672,0.15130000000000002,0.12578955682839466,0.13704418391512208,-0.005381766605324865,-0.002676063881567841
2012-03-22,29,139.1999969482422,0.1557,0.1339211776744997,0.13700687674876916,-0.004143294202946781,-0.001465089117536057
2012-03-23,28,139.64999389648438,0.1482,0.12512383666787685,0.13894416587794473,-0.006936600103578262,-0.004016907401453532
2012-03-26,30,141.61000061035156,0.1426,0.1262535474397921,0.13765063898575408,-0.0028353942328083097,-0.0004286202649855109
2012-03-27,30,141.1699981689453,0.1559,0.13411074092061878,0.13934367861257574,-0.0017726463464585616,0.00037307859302690373
2012-03-28,30,140.47000122070312,0.1547,0.13247158986682145,0.13837895532287875,0.001995922510764343,0.001548297466142639
2012-03-29,29,140.22999572753906,0.1548,0.13233049884370768,0.1406137653344798,0.0006148865570007376,0.0009052964697727821
2012-03-30,28,140.80999755859375,0.155,0.1279932383765464,0.1423246200166135,-0.0014201755513038466,-0.0003364974055009729
2012-04-02,30,141.83999633789062,0.1564,0.1319335735954206,0.13785371695701862,-0.0004626240906815811,0.002531731874473374
2012-04-03,30,141.25999450683594,0.1566,0.13116005695358463,0.13968633852092435,-0.0009398376806484537,0.0018063330737997701
2012-04-04,30,139.86000061035156,0.16440000000000002,0.14155279747277308,0.1467441657546855,-0.0033694937207203665,-0.005302596116431831
2012-04-05,29,139.7899932861328,0.16699999999999998,0.14406530770415504,0.1492422247481774,-0.003576925632280039,-0.005334646984950554
2012-04-09,30,138.22000122070312,0.1881,0.16474832558162392,0.14357038026334115,0.006367611281091393,0.008296089589095305
2012-04-10,30,135.89999389648438,0.2039,0.17812662918080654,0.13106463213804465,0.019665367692470955,0.016263847634967406
2012-04-11,30,137.0,0.2002,0.17620026141223954,0.12844494354948716,0.015161348283023932,0.016665791726554753
2012-04-12,29,138.7899932861328,0.172,0.14946238813906412,0.12225440482406523,0.004285241609896788,0.006065547727496893
2012-04-13,28,137.13999938964844,0.1955,0.17231756164981227,0.11668499809918803,0.014876410523230046,0.016480842482184423
2012-04-16,30,137.0500030517578,0.1955,0.17468192769394827,0.1216130288354978,0.011069009717854883,0.013987007671804219
2012-04-17,30,139.0800018310547,0.18460000000000001,0.15756719119078963,0.1219663423183753,0.006352064202448265,0.008887119083445347
2012-04-18,30,138.61000061035156,0.1864,0.16259300935454163,0.125041161710475,0.00730333347248479,0.009871855063417496
2012-04-19,29,137.72000122070312,0.18359999999999999,0.16285080720721257,0.12510870001150207,0.007977642355508597,0.010512542375888122
2012-04-20,28,137.9499969482422,0.1744,0.15402886683345923,0.127180571468009,0.005389928420829477,0.007909008671786484
2012-04-23,30,136.7899932861328,0.18969999999999998,0.16886690505746613,0.13342753867433793,0.006564887649393468,0.008203785791102355
2012-04-24,30,137.30999755859375,0.18100000000000002,0.1595782133761939,0.13294610583549454,0.004265918657596028,0.005986002973498854
2012-04-25,30,139.19000244140625,0.16820000000000002,0.14268150603161756,0.12471250998066684,0.002240231916894206,0.004083029885228295
2012-04-26,29,140.16000366210938,0.1624,0.13964373829667157,0.12442871126525158,0.0014831236240973066,0.003240858409954107
2012-04-27,28,140.38999938964844,0.1632,0.14136737554408768,0.12649271417241648,0.0010891698727122083,0.0028266295827861347
2012-04-30,30,139.8699951171875,0.17149999999999999,0.14930809063794379,0.1383073363624981,0.000592619490164538,0.0022965155769712
2012-05-01,30,140.74000549316406,0.166,0.14407891933764538,0.13682166200361737,-0.00038230837081677674,0.001269926628290401
2012-05-02,30,140.32000732421875,0.16879999999999998,0.14682699662913076,0.16285687691575404,-0.00038734936772315227,0.0012241670410287823
2012-05-03,29,139.25,0.17559999999999998,0.1578152561210129,0.16339964670973547,0.0013489249037225862,0.0027452099274023986
2012-05-04,28,137.0,0.1916,0.17248177289437994,0.15554358076215352,0.007274785012857542,0.007249624297063142
2012-05-07,30,137.10000610351562,0.1894,0.1694930164857796,0.17110319843761346,0.0034005337123904477,0.0031930419525157323
2012-05-08,30,136.5500030517578,0.1905,0.16966993993994975,0.170540840185051,0.0025316721335221165,0.00208571071386223
2012-05-09,30,135.74000549316406,0.20079999999999998,0.18193576956969518,0.17151299324000593,0.003326950946734714,0.0030359117078272275
2012-05-10,29,136.02000427246094,0.1883,0.17060367475184268,0.17429180237016378,0.001224001678088089,0.0007728432902316248
2012-05-11,28,135.61000061035156,0.1989,0.18084413078763223,0.17704165634135421,0.0018921502617274919,0.0015457855737649752
2012-05-14,30,134.11000061035156,0.2187,0.19115482336287185,0.17839442425239924,0.0022376380889176173,0.005176050792854966
2012-05-15,30,133.33999633789062,0.21969999999999998,0.19050093570248666,0.1810358152659067,0.006294932678037525,0.0036557683365567775
2012-05-16,30,132.8300018310547,0.2227,0.19584540459496755,0.1813845429506757,0.004680286690138024,0.006761555740828841
2012-05-17,29,130.86000061035156,0.24489999999999998,0.213269289168289,0.17670534880867056,0.007580755562357518,0.009317896179326692
2012-05-18,28,129.74000549316406,0.251,0.21929595956632034,0.1771350444046458,0.007503602970078188,0.008807477306991288
2012-05-21,30,131.97000122070312,0.22010000000000002,0.1916749824277724,0.16418423568046564,0.005567271915370624,0.0077444417734368965
2012-05-22,30,132.1999969482422,0.2248,0.19618797487674755,0.18216961332764736,0.007340548917847916,0.007765118565293617
2012-05-23,30,132.27000427246094,0.22329999999999997,0.19453461584461434,0.18411547060671754,0.0017585923371683894,0.006399294037807539
2012-05-24,29,132.52999877929688,0.21539999999999998,0.1854971100409588,0.1871333384926019,-0.0017554124943046797,0.0028851004150742586
2012-05-25,28,132.10000610351562,0.21760000000000002,0.18748339512940465,0.19008390467911862,-0.0017963750774102414,0.0032437566003724917
2012-05-29,30,133.6999969482422,0.21030000000000001,0.17834857586351716,0.1911129611743122,-0.0024234607486804845,-0.00020309651721278375
2012-05-30,30,131.75999450683594,0.2414,0.2120296482886261,0.20322470487457597,0.00126057719093004,-0.003672821658638859
2012-05-31,29,131.47000122070312,0.24059999999999998,0.20965345063283047,0.20655102417800492,0.001370540337435958,-0.0034074509920801526
2012-06-01,28,128.16000366210938,0.2666,0.2383233144531856,0.18897376448730743,0.01146562720981804,0.012308950514514591
2012-06-04,29,128.10000610351562,0.2612,0.23292969325839352,0.1874414170557764,0.005682627655957559,0.006316507018803121
2012-06-05,30,129.07000732421875,0.2468,0.21963797574139565,0.18308357652031274,0.0028499984327724215,0.0038406914035512417
2012-06-06,30,131.97000122070312,0.2216,0.19287287285529622,0.16918076357339476,0.00022575053972501347,0.0020004315596422392
2012-06-07,29,132.0500030517578,0.21719999999999998,0.1881922825967113,0.172059519485006,-0.001684553164998788,8.164732481534023e-05
2012-06-08,28,133.10000610351562,0.21230000000000002,0.18021898059271496,0.17275437771824087,-0.003409433478582475,-0.0012720003893409047
2012-06-11,30,131.41000366210938,0.23559999999999998,0.2056369108871058,0.16376966940872237,0.0059425581555146096,0.007393564871185867
2012-06-12,30,132.9199981689453,0.22089999999999999,0.18833530104787757,0.1597476816127274,0.01118478232594155,0.009689820937227978
2012-06-13,30,132.07000732421875,0.2427,0.20964733550633882,0.16848399142422932,0.008902857760088903,0.008522460466847289
2012-06-14,29,133.47000122070312,0.2168,0.19677099150312818,0.16723118518278215,0.004597740615250655,0.005608660648867972
2012-06-15,28,134.13999938964844,0.21109999999999998,0.17309747003786902,0.16922831212930906,-0.00416894629954294,-0.0011726872197184044
2012-06-18,30,134.39999389648438,0.1832,0.15734186956583415,0.16728283939404615,-0.0025199604407445345,-0.000626173597730891
2012-06-19,30,135.6999969482422,0.1838,0.15495108207353764,0.1641325361219189,-0.00094355403119702,0.0018956016149787012
2012-06-20,30,135.47999572753906,0.1724,0.14689946783796598,0.16713795687443267,-0.003912047107687483,-0.0019515789269163855
2012-06-21,29,132.44000244140625,0.20079999999999998,0.17693274494504685,0.14972009131324943,0.0032768853523825756,0.004385122846159524
2012-06-22,28,133.4600067138672,0.18109999999999998,0.1623132367945049,0.14983116795744642,0.001031458526265492,0.002379832549751275
2012-06-25,30,131.32000732421875,0.20379999999999998,0.18273170443816514,0.14119461466552907,0.005140634335260037,0.005579820266556717
2012-06-26,30,131.97999572753906,0.1972,0.1792302765125743,0.15128667577093238,0.005633544881951866,0.004504356637128111
2012-06-27,30,133.1699981689453,0.1945,0.1751627721271775,0.16114059916939766,0.003563809384794083,0.002613871822546071
2012-06-28,29,132.7899932861328,0.1971,0.17574116142820312,0.163581489975895,0.003286201938916594,0.002326397107861346
2012-06-29,28,136.10000610351562,0.17079999999999998,0.14918923547469726,0.1407564053193101,-0.008262427942871086,-0.00842302162166785
2012-07-02,30,136.50999450683594,0.168,0.1475586194973786,0.13780464474332454,-0.0003312762257926378,0.00149549811160003
2012-07-03,30,137.41000366210938,0.1666,0.14709046029498454,0.13801731906321976,0.0021232183786090405,0.00437830508034907
2012-07-05,29,136.7899932861328,0.175,0.1547969742238337,0.15589304760796,-0.011170315328006634,-0.01221150190683088
2012-07-06,28,135.49000549316406,0.171,0.15021925343213427,0.1548610953753959,-0.00476749688025794,-0.009499430039129616
2012-07-09,30,135.32000732421875,0.17980000000000002,0.15676907520315858,0.15077039710748547,-0.004734198052496889,-0.003881791652593815
2012-07-10,30,134.13999938964844,0.18719999999999998,0.16360740455264713,0.1476729057308174,-0.0024435231533968755,-0.0019558283458820124
2012-07-11,30,134.16000366210938,0.1795,0.15977117626271878,0.147781986240835,-0.0036463095714724717,-0.003092626794921554
2012-07-12,29,133.50999450683594,0.1833,0.1647380133984469,0.14931748665359376,-0.0029434843618122743,-0.0025054941618795996
2012-07-13,28,135.75,0.1674,0.1461778371949311,0.13958199315567688,-0.005182105334480772,-0.004097327174072822
2012-07-16,30,135.42999267578125,0.1711,0.15519108050444916,0.1346678700739466,-0.002551770097503515,-0.0010673807180811993
2012-07-17,30,136.36000061035156,0.1648,0.14687473596280493,0.1349931407194188,-0.0029261231922800826,-0.001125625967857574
2012-07-18,30,137.3699951171875,0.1616,0.14480078662991444,0.13259840055128772,-0.000699393501771619,0.0013992305091020088
2012-07-19,29,137.72999572753906,0.1545,0.14105236477253932,0.13454519203317056,-0.0011919873160416545,0.0010249039571676635
2012-07-20,28,136.47000122070312,0.16269999999999998,0.1456150091272922,0.13284533357665637,-0.002725668541489587,-0.0010017346983975026
2012-07-23,30,135.08999633789062,0.1862,0.16130341844493137,0.12380791238946513,-0.000548500087906609,0.0009611390863142611
2012-07-24,30,133.92999267578125,0.2047,0.17903232656554646,0.1234674834882413,0.0012630485416508087,0.0027660126522154284
2012-07-25,30,133.9600067138672,0.1934,0.17007054331841626,0.125240651440683,-0.0005232788322319978,0.000906672294867364
2012-07-26,29,136.1699981689453,0.1753,0.15657325025123675,0.11338538986404512,0.0022245983728920427,0.0038180703229335035
2012-07-27,28,138.67999267578125,0.16699999999999998,0.15223939307426568,0.09469193209400116,0.010136365533551303,0.011779132702422238
2012-07-30,30,138.67999267578125,0.18030000000000002,0.1638001530519832,0.09158935695288314,0.013407743625695004,0.015221402850234616
2012-07-31,30,137.7100067138672,0.1893,0.1731164484991213,0.09179266879859607,0.012325986077207593,0.01407828927190739
2012-08-01,30,137.58999633789062,0.18960000000000002,0.17259503514938287,0.09323113186355825,0.011832428843207702,0.013467719689748692
2012-08-02,29,136.63999938964844,0.1757,0.160246165124326,0.0915837352769723,0.006151683400356553,0.007845951609538633
2012-08-03,28,139.35000610351562,0.1564,0.1353375351205552,0.060492571812035024,0.01291206846439889,0.014573785535638843
2012-08-06,30,139.6199951171875,0.1595,0.14518899102557165,0.058214736482508425,0.018665767379440364,0.019310987037016086
2012-08-07,30,140.32000732421875,0.15990000000000001,0.14697388738242456,0.08942528517474108,0.01229358648312752,0.0048324766602656
2012-08-08,30,140.49000549316406,0.1532,0.13883107700786973,0.0903488734082623,0.0078098330128811115,0.004407035509776438
2012-08-09,29,140.61000061035156,0.1528,0.13286064847568022,0.09184348019884694,0.005474305677493641,0.0018761782517798195
2012-08-10,28,140.83999633789062,0.1474,0.13015850207261612,0.0932827026928054,0.0033601577627032976,0.00040111909932279426
2012-08-13,30,140.77000427246094,0.13699999999999998,0.11737732403116684,0.0935023120772344,0.001131475295767787,0.00113834979082158
2012-08-14,30,140.7899932861328,0.1485,0.12668157398530266,0.10735219698455642,0.00335471661561589,0.003722535782706035
2012-08-15,30,140.9499969482422,0.1463,0.1273639173680671,0.10838341181371146,0.0033618232071633215,0.0037736007301300487
2012-08-16,29,141.99000549316406,0.1429,0.12181228720489003,0.10710658393247442,0.0026489102428053717,0.0031733344938378997
2012-08-17,28,142.17999267578125,0.13449999999999998,0.11234952023285477,0.10889545973519447,-6.35894646491977e-05,0.0006303882777215107
2012-08-20,30,142.19000244140625,0.1402,0.11506580260192942,0.10592523932881899,-0.00199443766088326,-0.0011784281576787984
2012-08-21,30,141.75999450683594,0.1502,0.11737840344646365,0.10539735949943556,-0.0015934346798462964,-0.0009003751504762718
2012-08-22,30,141.82000732421875,0.15109999999999998,0.12466071901838162,0.10727339680635586,-0.0005605721628207626,0.00028215905295701766
2012-08-23,29,140.66000366210938,0.15960000000000002,0.1353360161905521,0.10514468106739083,0.0016285789627625126,0.002230626098700855
2012-08-24,28,141.50999450683594,0.1518,0.1267985723642655,0.10477157960936202,0.00011852760286499982,0.000808953232364689
2012-08-27,30,141.5399932861328,0.1635,0.14009535663533956,0.10978038993186452,0.0024140133502738317,0.0033489006914787308
2012-08-28,30,141.39999389648438,0.1649,0.14297849279837882,0.11449759967210339,0.0025018425905853235,0.003172370134732128
2012-08-29,30,141.50999450683594,0.17059999999999997,0.1475149540019097,0.11560544263040172,0.002901811333648022,0.0037958848067864612
2012-08-30,29,140.49000549316406,0.1783,0.156223331795414,0.11474677445587095,0.0032958749473224083,0.004154811322895217
2012-08-31,28,141.16000366210938,0.1747,0.15026754186899538,0.11550756041188216,0.0026696302635207552,0.003495528148424031
2012-09-04,30,141.02999877929688,0.17980000000000002,0.15681988712335543,0.11559648851599694,0.004731125370418101,0.006340006589763304
2012-09-05,30,140.91000366210938,0.17739999999999997,0.15346361693517185,0.1155585981147901,0.003495142659710404,0.0050382751764807
2012-09-06,29,143.77000427246094,0.156,0.13649257099649226,0.09344860972736288,0.009394179395189887,0.01089699134035316
2012-09-07,28,144.3300018310547,0.1438,0.1240256478536633,0.09406123408803915,0.006587785805706843,0.00804867889814162
2012-09-10,30,143.50999450683594,0.1628,0.13835735601901866,0.09851562131561778,0.011567117865015783,0.00996429804972589
2012-09-11,30,143.91000366210938,0.1641,0.13883078758697007,0.09805537401386905,0.012267626824782451,0.012141173039069194
2012-09-12,30,144.38999938964844,0.158,0.13294953404059498,0.09803650447252521,0.008948098389435829,0.010662455377196768
2012-09-13,29,146.58999633789062,0.1405,0.12703704733190602,0.08405108723429157,0.007584209133672906,0.00890523973998972
2012-09-14,28,147.24000549316406,0.1451,0.12923976887281258,0.08403400542462632,0.007233745911718627,0.008625136553526808
2012-09-17,30,146.74000549316406,0.1459,0.12368439615499698,0.09366352401402711,0.007205086916183189,0.006838783722645687
2012-09-18,30,146.6199951171875,0.1418,0.11434530039432328,0.09405910677050677,0.004898718993280136,0.0060330862802133196
2012-09-19,30,146.6999969482422,0.1388,0.11800087405675944,0.11081244262453734,0.000696591514271933,-0.00386948988405313
2012-09-20,29,146.7100067138672,0.1407,0.11246625648455497,0.11270654969611511,-0.0007524497671785158,-0.005538433654191764
2012-09-21,28,145.8699951171875,0.1398,0.10818681838897835,0.11281234245071416,-0.008960568103733866,-0.014176848412613437
2012-09-24,30,145.64999389648438,0.14150000000000001,0.11171482837356957,0.11968275990915403,-0.005142147024297243,-0.004647768064008645
2012-09-25,30,144.10000610351562,0.1543,0.12706824551605111,0.1141657938514829,-0.0012574078226480607,-9.119187829127658e-05
2012-09-26,30,143.2899932861328,0.1681,0.14040270001242416,0.11247715805559115,0.0037323614429568986,0.005710788365082321
2012-09-27,29,144.63999938964844,0.1484,0.11924132794657208,0.10945584718174539,-0.0024332237586993546,-0.0015670012784529206
2012-09-28,28,143.97000122070312,0.1573,0.12877384615486553,0.11012470665975674,-0.00015765867803172533,0.0012557176002340987
2012-10-01,30,144.35000610351562,0.1632,0.13020310579929642,0.1059925211722911,0.0014121908284487781,0.003854413887994233
2012-10-02,30,144.5,0.15710000000000002,0.12695872380662926,0.11198789978362537,0.0003705382531183454,0.0024536127561604754
2012-10-03,30,145.08999633789062,0.1543,0.1270904550139842,0.11536826391837238,-0.0003619597303420273,0.0012964237216209686
2012-10-04,29,146.1300048828125,0.14550000000000002,0.126003894193881,0.11457187688823092,-0.0012069874824524433,0.0001411551001107774
2012-10-05,28,146.13999938964844,0.1433,0.11955275735151812,0.11659959368769983,-0.0028898592229019207,-0.0016879325250922016
2012-10-08,30,145.63999938964844,0.15109999999999998,0.12886790768038026,0.14046473810587756,-0.001396012039081985,-0.00040069092805375227
2012-10-09,30,144.1999969482422,0.1637,0.140708015775351,0.14251134341362387,-0.0020112390548654205,-0.006932079815319828
2012-10-10,30,143.27999877929688,0.1629,0.1410146973120819,0.14078442235614655,-0.005677018285904788,-0.00769889929058389
2012-10-11,29,143.36000061035156,0.1559,0.1343880737173673,0.143177473217278,-0.007816211225148204,-0.010480380913307902
2012-10-12,28,142.88999938964844,0.16140000000000002,0.13889022699075684,0.14522861610136364,-0.008325413795358961,-0.00933775167764748
2012-10-15,30,144.0800018310547,0.1527,0.12972257741495133,0.14577557640862995,-0.007577758270988024,-0.007900664081650534
2012-10-16,30,145.5399932861328,0.1522,0.12921268258846832,0.141593284497624,-0.005050604948439297,-0.005512801389327155
2012-10-17,30,146.1999969482422,0.1507,0.12475981699298772,0.14175582925474794,-0.005161605011937449,-0.005499710815700854
2012-10-18,29,145.82000732421875,0.1503,0.12475902413650171,0.14388325272900032,-0.006001808283496524,-0.006433722950385362
2012-10-19,28,143.38999938964844,0.17059999999999997,0.14059343043271527,0.13326829222404693,-0.003018827233328736,-0.00236632111062883
2012-10-22,30,143.41000366210938,0.16620000000000001,0.14034752233215503,0.14664758344030526,-0.0037001692673571413,-0.0028238129880848476
2012-10-23,29,141.4199981689453,0.1883,0.16354092235177103,0.14067520091733235,0.004460384738382984,0.005042609997487079
2012-10-24,30,141.02000427246094,0.1833,0.16023292752128365,0.14580978644323347,0.0066402187021038965,0.003704539593330221
2012-10-25,29,141.42999267578125,0.1812,0.15615320491124918,0.1479443770718409,0.006672468697447445,0.001956295574130202
2012-10-26,28,141.35000610351562,0.17809999999999998,0.1555150548570275,0.15054921002691793,0.006402761638145531,0.0012547329774205045
2012-10-31,30,141.35000610351562,0.18600000000000003,0.1687876839364156,0.1502477656735829,0.010849229687915652,0.01075088548697434
2012-11-01,29,142.8300018310547,0.16690000000000002,0.14810688669498998,0.14828116201183672,0.004419409440988894,0.004077664660840657
2012-11-02,28,141.55999755859375,0.1759,0.15897326471288042,0.14742010036992495,0.009126712353253276,0.00855269005893792
2012-11-05,30,141.85000610351562,0.18420000000000003,0.16648763402841618,0.1434983488883738,0.01643449752050848,0.014111273960736763
2012-11-06,30,142.9600067138672,0.17579999999999998,0.157883864078063,0.1413933784770131,0.009337656174921959,0.009494779038367667
2012-11-07,30,139.72000122070312,0.19079999999999997,0.1715410646699177,0.1170870481055616,0.014701355270401539,0.01598092288765246
2012-11-08,29,138.0399932861328,0.18489999999999998,0.16540540396345055,0.11108684633849485,0.008313088278398292,0.00962488251912503
2012-11-09,28,138.16000366210938,0.1861,0.16828516694797127,0.11300959107017243,0.008706816376957258,0.009978404800553491
2012-11-12,30,138.27000427246094,0.1668,0.15240881491930217,0.11170172508142548,0.005241418940231672,0.006970365974894873
2012-11-13,30,137.7899932861328,0.16649999999999998,0.15146893015009893,0.11309477072798561,0.0036932548724436564,0.005376128558499886
2012-11-14,30,135.92999267578125,0.17920000000000003,0.16490444606824198,0.10349765665970037,0.003856494136889143,0.005547585574127961
2012-11-15,29,135.6999969482422,0.17989999999999998,0.16513458329081218,0.10509539377821174,0.0029111473718727017,0.004588455191759111
2012-11-16,28,136.3699951171875,0.1641,0.14816630620974786,0.10546702105623094,0.0009397986053852784,0.0024919469883574385
2012-11-19,30,139.1300048828125,0.1524,0.1401637560565281,0.09656456439470114,0.007107826805258172,0.009235943255193505
2012-11-20,30,139.19000244140625,0.1508,0.13447388287241333,0.09860392789854205,0.0056331783304162655,0.007635724417922994
2012-11-21,30,139.4499969482422,0.1531,0.13726409571743536,0.11343658570472864,0.005865523015364159,0.007853068101373508
2012-11-23,28,141.35000610351562,0.1514,0.1343897409305228,0.1067688691499274,0.007783618517914858,0.009458208400799195
2012-11-26,30,141.0500030517578,0.155,0.13858565649963672,0.1044875272838508,0.011531999811875844,0.011285105661589705
2012-11-27,30,140.3300018310547,0.1592,0.1426926794945181,0.10305766681510511,0.01042766172428968,0.011412870263209723
2012-11-28,30,141.4600067138672,0.1551,0.1397012753260057,0.1061840108621119,0.007180172908541517,0.008976936077644021
2012-11-29,29,142.1199951171875,0.1506,0.1342569842749131,0.10672929951830445,0.006433263322715609,0.007548050557151086
2012-11-30,28,142.14999389648438,0.15869999999999998,0.14175150799684497,0.10861578725330065,0.007835816179369093,0.00906647407201374
2012-12-03,30,141.4499969482422,0.1664,0.14996419401713046,0.1481974149371662,-0.004989924852569173,-0.009983543235075934
2012-12-04,30,141.25,0.17120000000000002,0.15511780210384077,0.14832519814079295,-0.00404793225357511,-0.006201297790170986
2012-12-05,30,141.5,0.1646,0.1501357313119585,0.14898304882007896,-0.006574263826025081,-0.007717701976949336
2012-12-06,29,141.97999572753906,0.16579999999999998,0.1496505653379677,0.15105292697897896,-0.00833754771261193,-0.008967083793843993
2012-12-07,28,142.41000366210938,0.159,0.144087012392331,0.15333840740298155,-0.011352589832238552,-0.011454269251456864
2012-12-10,30,142.47000122070312,0.1605,0.14615920624725973,0.14904208935233698,-0.00714446555298317,-0.005961311572694919
2012-12-11,30,143.44000244140625,0.1557,0.14048700358136357,0.14972036892364818,-0.0062232518889721155,-0.0046054112734276445
2012-12-12,30,143.50999450683594,0.1595,0.14315043939977284,0.14971088671286858,-0.005305715090075222,-0.0036669752703323653
2012-12-13,29,142.6300048828125,0.1656,0.1487700812215408,0.150698576050636,-0.005311400893934496,-0.00406869327443748
2012-12-14,28,142.10000610351562,0.17,0.1490977382419849,0.15277587284408045,-0.00631289970172563,-0.005252408366217747
2012-12-17,30,143.77000427246094,0.1634,0.14461436378138764,0.14189801941135488,-0.002296539651187775,-0.00044699553604899556
2012-12-18,30,145.3699951171875,0.1557,0.13811566047575385,0.1383811001862516,0.0023589499146247114,0.004404838442284314
2012-12-19,30,144.2899932861328,0.1736,0.14978882861228873,0.1361364092581587,0.0023122664079356934,0.004044368402567694
2012-12-20,29,145.1199951171875,0.17670000000000002,0.14695840266322135,0.13696025419945437,0.003716320504040817,0.005605049796448782
2012-12-21,28,142.7899932861328,0.1784,0.14403323271999954,0.12654196804481757,-0.0011205473278009964,0.00020787660491511985
2012-12-24,30,142.35000610351562,0.1784,0.14822419384207014,0.12334074829557361,-0.0009598088599068026,0.0006277573558586592
2012-12-26,30,141.75,0.1948,0.1656258333149153,0.12401271506523388,0.001083631133984269,0.0029138914976930717
2012-12-27,29,141.55999755859375,0.19469999999999998,0.1700239293765219,0.12604295031140478,0.0009960792823677559,0.0028309545891060475
2012-12-28,28,140.02999877929688,0.22719999999999999,0.20116636534903712,0.122126218763504,0.004014853426730566,0.005991214600584211
2012-12-31,30,142.41000366210938,0.1802,0.15466073356879254,0.10419574733609374,0.0018265004032667765,0.0036957702945778215
2013-01-02,30,146.05999755859375,0.14679999999999999,0.1255545194290541,0.06643148632106176,0.008804632875220852,0.010619060037769738
2013-01-03,29,145.72999572753906,0.1456,0.12897695202006593,0.06708893679787642,0.008375176639441423,0.010208824402572191
2013-01-04,28,146.3699951171875,0.1383,0.12471873329603646,0.06641802979277785,0.00859129352649829,0.010302963415982929
2013-01-07,30,145.97000122070312,0.1379,0.12357897867674261,0.08255573014273095,0.006417899461413213,0.007666666711773601
2013-01-08,30,145.5500030517578,0.1362,0.12058335194206948,0.08207167020252404,0.005027481631092668,0.006345294710676972
2013-01-09,30,145.9199981689453,0.1381,0.12253953927764506,0.0838567700521648,0.005245610763247555,0.00633288748131913
2013-01-10,29,147.0800018310547,0.1349,0.1187514737273738,0.08053148146711325,0.005888605493036163,0.0065026063539621185
2013-01-11,28,147.07000732421875,0.1336,0.11670066044169661,0.08195656083212034,0.0051377354442854305,0.005739913129157013
2013-01-14,30,146.97000122070312,0.1352,0.12072459237141815,0.07940893074783867,0.003993536306364166,0.0051119427355491385
2013-01-15,30,147.07000732421875,0.1355,0.11694765552590147,0.07943827982457877,0.00309369833306128,0.004236740849090829
2013-01-16,30,147.0500030517578,0.13419999999999999,0.11668333247971867,0.07954389331194947,0.002677190399257834,0.0038556706649666025
2013-01-17,29,148.0,0.13570000000000002,0.11738314940733158,0.07761109982777524,0.0037921504123792802,0.005007537920911631
2013-01-18,28,148.3300018310547,0.1246,0.10302359525550588,0.07857443036935904,0.0010621163073043594,0.0022066136372215035
2013-01-22,30,149.1300048828125,0.1243,0.10094886167848466,0.09194953777759515,0.0010304838903382415,0.00301011799852177
2013-01-23,30,149.3699951171875,0.1246,0.10135755499163637,0.09784670318886375,-0.00018682617272977928,0.0008902752059335324
2013-01-24,29,149.41000366210938,0.12689999999999999,0.10435498733185034,0.09951488202871964,-7.317884076779991e-05,0.001070070724076948
2013-01-25,28,150.25,0.12890000000000001,0.10674124558907687,0.09923291351255174,-0.0023693785762754333,6.21850716206031e-05
2013-01-28,30,150.07000732421875,0.13570000000000002,0.11474792053860408,0.12702925430856776,-0.014511300878624643,-0.011641587355021507
2013-01-29,30,150.66000366210938,0.1331,0.11139017961851125,0.12647790160666916,-0.014156711365574441,-0.00997793892845991
2013-01-30,30,150.07000732421875,0.1432,0.12231400105639662,0.1262586096194995,-0.007868038294574577,-0.004805466889304316
2013-01-31,29,149.6999969482422,0.14279999999999998,0.12228488870784145,0.12811804049954034,-0.007862446631556047,-0.005262274703319253
2013-02-01,28,151.24000549316406,0.129,0.10905825530087392,0.12503984936808055,-0.011145436758499471,-0.00703237837665212
2013-02-04,30,149.5399932861328,0.1467,0.12442756546342565,0.11988102063983114,-0.0033913276507570164,-0.0003836992927784511
2013-02-05,30,151.0500030517578,0.13720000000000002,0.11568823402421069,0.11481812883737023,-0.004388134148864526,-0.0017109816750458123
2013-02-06,30,151.16000366210938,0.1341,0.11398041346027615,0.11574558553437392,-0.004999609500190984,-0.002453354791750555
2013-02-07,29,150.9600067138672,0.135,0.11112775284169961,0.11763054703445325,-0.006392553405938685,-0.0037584361843992714
2013-02-08,28,151.8000030517578,0.13019999999999998,0.10659040398992489,0.1180243325176394,-0.007082817482015797,-0.00483087227899575
2013-02-11,30,151.77000427246094,0.1294,0.10649994518865563,0.11515581888632331,-0.00683723246515464,-0.004402759310619626
2013-02-12,30,152.02000427246094,0.1264,0.10337006099225891,0.11649434763350472,-0.007475538420045421,-0.005114209354647807
2013-02-13,30,152.14999389648438,0.1298,0.10545394291558383,0.118175917101712,-0.0067408851806374575,-0.004438105901894698
2013-02-14,29,152.2899932861328,0.1266,0.10207256514364375,0.12015186871987181,-0.007841182739841869,-0.005597796859158239
2013-02-15,28,152.11000061035156,0.1246,0.09632527968016469,0.1222040450407862,-0.010118986596892277,-0.007888183201000303
2013-02-19,30,153.25,0.1231,0.09591258172957318,0.12322114302351486,-0.006558026730741099,-0.005492644679722483
2013-02-20,30,151.33999633789062,0.14679999999999999,0.12216003245736619,0.1185268127561236,-0.0015859723359599725,8.75559946263343e-05
2013-02-21,29,150.4199981689453,0.1522,0.12923835732786856,0.11859629268192359,-0.0014339666859750182,0.00034925277379919034
2013-02-22,28,151.88999938964844,0.1417,0.11690668653430501,0.11547507546868399,-0.0011739283364987434,0.00026825920677927737
2013-02-25,30,149.0,0.18989999999999999,0.16261698622543458,0.0945611265498581,0.0055142025373009895,0.007161102934288882
2013-02-26,30,150.02000427246094,0.16870000000000002,0.1425543694722741,0.09214157767853602,0.0041076371486892796,0.005592164825090601
2013-02-27,29,151.91000366210938,0.14730000000000001,0.12195238748968583,0.0825230817721867,0.004621787893193863,0.005754736592393302
2013-02-28,28,151.61000061035156,0.1551,0.12579524498804162,0.08367994926534378,0.004465788695911998,0.005642543384106645
2013-03-01,27,152.11000061035156,0.1536,0.12225789150976724,0.08435123311773259,0.004191335494024483,0.005237988909725139
2013-03-04,30,152.9199981689453,0.1401,0.11121079453823028,0.08837452826789444,0.003048246287126743,0.004234050921193633
2013-03-05,30,154.2899932861328,0.1348,0.10960276456935718,0.08391548812264628,0.0052176972806384685,0.006869267293902484
2013-03-06,30,154.5,0.1353,0.11232699016935503,0.08523976414077755,0.006635076028312627,0.007220332941154962
2013-03-07,29,154.77999877929688,0.1306,0.10764148389250215,0.0864586579955219,0.005886829724884298,0.005919709906049608
2013-03-08,28,155.44000244140625,0.1259,0.10443197002747591,0.08663744658057419,0.004906319884704897,0.005093384684819147
2013-03-11,30,156.02999877929688,0.11560000000000001,0.09557198273870164,0.09660553385060941,-0.0015865582521950579,-0.0039148527522589105
2013-03-12,30,155.67999267578125,0.12269999999999999,0.09750371045006874,0.09696142888430077,-0.0013755003404123556,-0.0016609673286095594
2013-03-13,30,155.89999389648438,0.1183,0.09576793155078916,0.0972134737131832,-0.0031397044252200064,-0.0029486542384945477
2013-03-14,29,156.72999572753906,0.113,0.08954402683893789,0.09706430908312737,-0.006789638563614929,-0.006161846476340832
2013-03-15,28,155.8300018310547,0.113,0.08922285255636399,0.0965693394030689,-0.004560081280768039,-0.004634344466063779
2013-03-18,30,154.97000122070312,0.1336,0.10926718671357756,0.14236870818665573,-0.011591113827304064,-0.010236676085626232
2013-03-19,30,154.61000061035156,0.1439,0.11643621563161556,0.1438118387490945,-0.00972622258912238,-0.007416369911261927
2013-03-20,30,155.69000244140625,0.1267,0.10635437865826446,0.14492707542176334,-0.020967986539686588,-0.01560717811508718
2013-03-21,29,154.36000061035156,0.1399,0.12004751790226467,0.14422802259909606,-0.010957305950179616,-0.007574196267403721
2013-03-22,28,155.60000610351562,0.13570000000000002,0.11610654564057074,0.14391012419824478,-0.01500777770242296,-0.011728507794765494
2013-03-25,30,154.9499969482422,0.1374,0.11725787768851023,0.14366477519203158,-0.011883425407143836,-0.008921487684443622
2013-03-26,30,156.19000244140625,0.1277,0.10855972074478411,0.14165346206337612,-0.016841007315463476,-0.013379880519738027
2013-03-27,30,156.19000244140625,0.1315,0.11230889557290093,0.14178762130930544,-0.014617319006415727,-0.011404305231702418
2013-03-28,29,156.6699981689453,0.127,0.10726877124635262,0.14380006389826844,-0.01693917279851758,-0.013615762722992131
2013-04-01,30,156.0500030517578,0.1358,0.11683574593386907,0.14612584717754618,-0.011616241566880894,-0.008168615558650174
2013-04-02,30,156.82000732421875,0.1278,0.1082345582154512,0.1486531425616884,-0.014528446228807309,-0.011854439964166495
2013-04-03,30,155.22999572753906,0.1421,0.12255991568216187,0.14856921540034773,-0.008536903498137217,-0.005668543710181043
2013-04-04,29,155.86000061035156,0.1389,0.1199391246426136,0.15042428712091685,-0.009727086616526635,-0.00693694001218441
2013-04-05,28,155.16000366210938,0.1392,0.12288954807132384,0.15222175754577236,-0.008897481764458284,-0.006080704111661234
2013-04-08,30,156.2100067138672,0.1319,0.11565057314649022,0.14735487817531104,-0.011878386692306127,-0.009368626273224785
2013-04-09,30,156.75,0.1284,0.11319583569548225,0.1471914932948738,-0.012899963765556233,-0.010431723438819391
2013-04-10,30,158.6699981689453,0.12359999999999999,0.10926163551141932,0.1413875835754975,-0.011556057093124223,-0.009472752734230896
2013-04-11,29,159.19000244140625,0.12240000000000001,0.10910291872472312,0.14333539078566865,-0.011122078153431508,-0.009217775264741419
2013-04-12,28,158.8000030517578,0.1206,0.10690653253801097,0.14560340982955813,-0.012704628990450977,-0.010718814336072304
2013-04-15,30,155.1199951171875,0.1727,0.15013102094195302,0.12142169499690361,0.0004726020612393112,0.0025147357896107094
2013-04-16,30,157.41000366210938,0.1396,0.11665448651655524,0.11135410608617244,-0.0022918129837772197,-0.0004742370474848456
2013-04-17,30,155.11000061035156,0.16510000000000002,0.14252393969401334,0.10436543804991306,0.0024955706030405796,0.004390103975051812
2013-04-18,29,154.13999938964844,0.17559999999999998,0.15093680246100186,0.103790265876289,0.002700155566470698,0.004598967878780411
2013-04-19,28,155.47999572753906,0.1497,0.12703043434164477,0.10089833942928432,0.0009819885397789661,0.002714924349174323
2013-04-22,30,156.1699981689453,0.1439,0.12455822873837025,0.09981381765030599,7.938933933596557e-05,0.0018069666142070018
2013-04-23,30,157.77999877929688,0.1348,0.11557403598342703,0.09372844687437915,0.0005786280545360295,0.0021918630566760077
2013-04-24,30,157.8800048828125,0.1361,0.11860932815150466,0.09374889755689028,0.00058938352061992,0.002191153341700219
2013-04-25,29,158.52000427246094,0.1362,0.11862611398886336,0.09426521977716312,0.0006652424760031241,0.0022041776632598198
2013-04-26,28,158.24000549316406,0.1361,0.11947803922537131,0.0957211782188898,0.00022876450052650428,0.0017689265302927412
2013-04-29,30,159.3000030517578,0.1371,0.12056904739182973,0.09465545404335161,0.0001597456995964397,0.0017741076946826476
2013-04-30,30,159.67999267578125,0.1352,0.11869231581189434,0.09516211408605323,-0.00016656679902217383,0.0015277976089221347
2013-05-01,30,158.27999877929688,0.1449,0.12829589073238823,0.10322250338874045,0.0006084266281528275,0.00226199776563173
2013-05-02,29,159.75,0.1359,0.1204192414845489,0.09973300154263415,0.0012102080650489093,0.0029255093603315634
2013-05-03,28,161.3699951171875,0.1285,0.11343423001542055,0.09473561411267216,0.0023306655568036258,0.004241876694510546
2013-05-06,30,161.77999877929688,0.1266,0.1133013318164017,0.10661299760232114,-0.0037633581006677763,0.0024488533269454923
2013-05-07,30,162.60000610351562,0.1283,0.11193652229936969,0.10974305608385043,-0.005642470495768145,-0.0030148111583955146
2013-05-08,30,163.33999633789062,0.1266,0.1128894230062993,0.11720341042062626,-0.013869603011784293,-0.009886748319093159
2013-05-09,29,162.8800048828125,0.1313,0.11511217782953156,0.1187864331530616,-0.013407852526322832,-0.010764096923953855
2013-05-10,28,163.41000366210938,0.1259,0.11128132357984087,0.12031865426766854,-0.014901323421049776,-0.010739016037888013
2013-05-13,30,163.5399932861328,0.1255,0.11010780019747907,0.12510965234100282,-0.011992324399649217,-0.009116241234924145
2013-05-14,30,165.22999572753906,0.1277,0.1150392165601045,0.13091390782747994,-0.004110542964967255,-0.0031249539283855505
2013-05-15,30,166.1199951171875,0.1281,0.11211202803984346,0.13141179266385689,-0.003362882339926303,-0.0024305249719625112
2013-05-16,29,165.33999633789062,0.1307,0.11245686921244975,0.13261127748629706,-0.006227693692003503,-0.00422550602028317
2013-05-17,28,166.94000244140625,0.1245,0.09990137208671585,0.13040239756299596,-0.002827977364250974,-0.0025165990216666012
2013-05-20,30,166.92999267578125,0.13019999999999998,0.11572644408295857,0.14035872413719647,-0.0053808279997816216,-0.007446657358408563
2013-05-21,30,167.1699981689453,0.13369999999999999,0.1194167218585588,0.1653321150909437,-0.005640028789999691,-0.00638532448345088
2013-05-22,30,165.92999267578125,0.1382,0.12333007283188752,0.1634396938376042,-0.010593287391689755,-0.014142579402963458
2013-05-23,29,165.4499969482422,0.1407,0.1258224485510257,0.1659157247211919,-0.012927816424933541,-0.018163717655043637
2013-05-24,28,165.30999755859375,0.1399,0.12356329788912301,0.1688248499415625,-0.014838440063584379,-0.0205933537348239
2013-05-28,30,166.3000030517578,0.1448,0.13428141772403035,0.17563325579405956,-0.011689605109351518,-0.012699133404442719
2013-05-29,30,165.22000122070312,0.1483,0.1334671728121608,0.1747445188217553,-0.01457966665396276,-0.01481159178358275
2013-05-30,29,165.8300018310547,0.14529999999999998,0.1290528217647693,0.17725029170663065,-0.014376034482879642,-0.015189524040981362
2013-05-31,28,163.4499969482422,0.163,0.14246083076261545,0.1726718007635854,-0.013563270396864516,-0.01177716302602598
2013-06-03,30,164.35000610351562,0.1628,0.14262880449665274,0.16700031792880116,-0.009951044893188907,-0.008857382589245883
2013-06-04,29,163.55999755859375,0.16269999999999998,0.14556142436639471,0.16899283693388137,-0.008298070721383163,-0.006938742005033089
2013-06-05,30,161.27000427246094,0.175,0.15676731058905538,0.16306085866249634,-0.001036107370213035,0.002335116395094118
2013-06-06,29,162.72999572753906,0.1663,0.14773402035091682,0.16273726315849427,-4.2015543668197426e-05,-0.002382368158061116
2013-06-07,28,164.8000030517578,0.1514,0.1359734022705978,0.15920568813217995,-0.007485425123726062,-0.007298575673408592
2013-06-10,30,164.8000030517578,0.15439999999999998,0.13892365624531958,0.15709155257365917,0.0007073446957039387,-0.0014371404325962144
2013-06-11,30,163.10000610351562,0.1707,0.152406554662795,0.15998890598778032,0.00045610118016999675,0.0009669996436906175
2013-06-12,30,161.75,0.1859,0.16777488719724443,0.1573469612299762,0.003574453595751596,0.005548009843668897
2013-06-13,29,164.2100067138672,0.1641,0.14603052057041788,0.15081185049028747,-0.002011581186839972,-0.0020029668975624876
2013-06-14,28,163.17999267578125,0.17149999999999999,0.15392936174311647,0.15179059482655488,0.0010355436476595027,0.0017214257892647974
2013-06-17,30,164.44000244140625,0.168,0.15033238614416614,0.14564619540402013,-1.495239049184381e-05,0.0017085173980535553
2013-06-18,30,165.74000549316406,0.1661,0.14610889398652593,0.14429644749973733,0.0016452313684853892,0.0030270373120800187
2013-06-19,30,163.4499969482422,0.1664,0.14750697020841574,0.13603162226205112,0.00031999015823877747,0.002104655053128907
2013-06-20,29,159.39999389648438,0.20489999999999997,0.1822399558266628,0.10592133276355199,0.008511254310587663,0.01068294253420798
2013-06-21,28,159.07000732421875,0.18899999999999997,0.16854316634607458,0.1075362114009076,0.005568431641642393,0.007641899562915175
2013-06-24,30,157.05999755859375,0.2011,0.18067200861476357,0.09534629339545797,0.0049312012509154825,0.007019538879055851
2013-06-25,30,158.57000732421875,0.18469999999999998,0.1672609552673926,0.08971547751366729,0.004829640811187276,0.006798811078343367
2013-06-26,30,160.13999938964844,0.1721,0.1552054277775588,0.08295594001576614,0.004947059538926799,0.006796754356680844
2013-06-27,29,161.0800018310547,0.1686,0.1517586685159029,0.0817793108670014,0.005017045727480963,0.006807641866508386
2013-06-28,28,160.4199981689453,0.1686,0.15093978821008205,0.08189602394989652,0.003980643966456072,0.005747252279117368
2013-07-01,30,161.36000061035156,0.1637,0.14888612130130063,0.0772403499828824,0.003908233416830505,0.00570018451569734
2013-07-02,30,161.2100067138672,0.16440000000000002,0.14909454188863308,0.08696177264502822,0.003445219992515258,0.00522196121095334
2013-07-03,30,161.27999877929688,0.162,0.14942364354213178,0.0871500334974106,0.003269936173410864,0.005025316915312566
2013-07-05,28,163.02000427246094,0.1489,0.1325151794027366,0.0814649280773912,0.0032826192882112666,0.004870839569969843
2013-07-08,30,163.9499969482422,0.1478,0.1320056502323489,0.07968521377998707,0.00421134610687892,0.005620783879872304
2013-07-09,30,165.1300048828125,0.1435,0.13032579296604574,0.07672543152097219,0.005881267779099698,0.007205853624909029
2013-07-10,30,165.19000244140625,0.1421,0.12695678960515472,0.07737441517216265,0.005094142376269906,0.0063901549237673876
2013-07-11,29,167.44000244140625,0.1401,0.12674560530753512,0.062366853265487444,0.011336933937526477,0.012400681052799978
2013-07-12,28,167.50999450683594,0.1384,0.12726673485432075,0.06345283841529435,0.01118030741814788,0.012206354128023107
2013-07-15,30,168.14999389648438,0.1379,0.12604131425892395,0.06344858285518565,0.016278009778999653,0.015600627219708074
2013-07-16,30,167.52000427246094,0.1442,0.13082578181471946,0.07917020128584495,0.005712993258519162,0.0094272903759244
2013-07-17,30,167.9499969482422,0.1378,0.12506514559898657,0.07950697971265952,0.005791605921096031,0.008065523929011944
2013-07-18,29,168.8699951171875,0.1377,0.12450897202722304,0.07850942244495364,0.007126597743741186,0.00756597623982893
2013-07-19,28,169.1699981689453,0.12539999999999998,0.11566480588421467,0.07964165979370287,0.005329126158267408,0.004955930862776078
2013-07-22,30,169.5,0.1229,0.1137717006742557,0.08444636350163323,0.0038290728802891734,0.005415162234572535
2013-07-23,30,169.13999938964844,0.1266,0.11694206693111386,0.08987738408631953,0.004061045234560546,0.005883511744226857
2013-07-24,30,168.52000427246094,0.1318,0.1160868635410022,0.08973161227487068,0.00375303496863469,0.005610194775238517
2013-07-25,29,168.92999267578125,0.1297,0.11512157312020568,0.09085754611637735,0.0031341724819352085,0.004913848800667764
2013-07-26,28,169.11000061035156,0.1272,0.11235006844358966,0.09238578221706284,0.0021644097650508915,0.0038567400631245464
2013-07-29,30,168.58999633789062,0.13390000000000002,0.11770205170597334,0.10663802709990901,0.0026962844782976525,0.003754818421929699
2013-07-30,30,168.58999633789062,0.13390000000000002,0.11721798806994446,0.10678123500642954,0.0015427204598325315,0.002302583602530308
2013-07-31,30,168.7100067138672,0.13449999999999998,0.119418885188257,0.10732439614510804,0.0011693208091527647,0.001995970703134524
2013-08-01,29,170.66000366210938,0.1294,0.11764641340035079,0.10125960992778149,0.0023947047367677394,0.003941812555659309
2013-08-02,28,170.9499969482422,0.1198,0.10688621254897353,0.10286947752372125,0.0006722149902984655,0.002122625094115084
2013-08-05,30,170.6999969482422,0.1184,0.10643046487108537,0.10451858566860737,-0.001112217926278159,7.680476680912948e-05
2013-08-06,30,169.72999572753906,0.1272,0.11168828302166049,0.10270602172570707,-0.0007957287159279524,0.0003405079875924477
2013-08-07,30,169.17999267578125,0.1298,0.11477210594966346,0.10209397394221782,-0.0005061174291399277,0.0005943248060277441
2013-08-08,29,169.8000030517578,0.1273,0.11226532829154448,0.10302511765900976,-0.0011738063581177242,-6.272803596462593e-05
2013-08-09,28,169.30999755859375,0.1341,0.11409264570377019,0.10432823472142269,-0.0012073500180569724,-0.0001467584067933308
2013-08-12,30,169.11000061035156,0.1281,0.11611895658433873,0.10966851506316891,0.0031986096090827402,0.0014500321520286696
2013-08-13,30,169.61000061035156,0.1231,0.11125653180043601,0.10957746761665159,0.0013270427183494412,0.0012502831723068613
2013-08-14,30,168.74000549316406,0.1304,0.11422085415770222,0.10838298771198412,0.003668453241697891,0.0034615713210291673
2013-08-15,29,166.3800048828125,0.14730000000000001,0.13319040048976422,0.09826029211515731,0.006792928557615076,0.008139870243879275
2013-08-16,28,165.8300018310547,0.1437,0.1285854049054722,0.09928236016250026,0.004824199669269978,0.006377836616999334
2013-08-19,30,164.77000427246094,0.151,0.13355616051378735,0.10467632761486971,0.004457436790533416,0.00669823361815445
2013-08-20,30,165.5800018310547,0.1491,0.13196491156107198,0.10343488901160712,0.004671295013836442,0.006845098069704324
2013-08-21,30,164.55999755859375,0.1594,0.14213879800170523,0.10932028107913119,0.005687985767660149,0.007900394035910453
2013-08-22,29,166.05999755859375,0.1476,0.12910301884752085,0.10642709060682456,0.004845696309499896,0.006779060682774087
2013-08-23,28,166.6199951171875,0.1398,0.12095530236062588,0.107626697122145,0.0032911023074404687,0.005037027048592353
2013-08-26,30,166.0,0.1499,0.13195358073713714,0.10523041253916549,0.003884779586686148,0.005426779905758432
2013-08-27,30,163.3300018310547,0.1677,0.14831763727494424,0.08974230917170013,0.006086403668961524,0.008023977326589403
2013-08-28,30,163.91000366210938,0.1649,0.1465760942741488,0.09032747819816159,0.006181815880675235,0.007968878802578787
2013-08-29,29,164.1699981689453,0.1681,0.1496167792818054,0.09169941521211245,0.0064111531565917215,0.008136634297224558
2013-08-30,28,163.64999389648438,0.17010000000000003,0.15090118907230976,0.09261692614653595,0.005487488360760085,0.007274999949590794
2013-09-03,30,164.38999938964844,0.1661,0.1486491581942137,0.09958450426865992,0.006548342774907688,0.007780253149786648
2013-09-04,30,165.75,0.1588,0.14186053134322182,0.09891601118667237,0.007969570226283477,0.008902773472166444
2013-09-05,29,165.9600067138672,0.1577,0.1402397988835611,0.10050666832347059,0.007395822926038485,0.008334312784501162
2013-09-06,28,166.0399932861328,0.1585,0.13916456362501126,0.10227088968812231,0.006740253300223329,0.007673534160072429
2013-09-09,30,167.6300048828125,0.1563,0.13716962039047415,0.10606720383973964,0.005471815009290427,0.006244688729321418
2013-09-10,30,168.8699951171875,0.14529999999999998,0.12646901546361858,0.1269813154150896,-0.0002396125612610055,0.004225376569969896
2013-09-11,30,169.39999389648438,0.1382,0.11947545397855079,0.1284781981752665,-0.0034152138199219704,0.001926770018788179
2013-09-12,29,168.9499969482422,0.1429,0.12454018683358915,0.13033338196285782,-0.005324522451955026,0.0017522220880200438
2013-09-13,28,169.3300018310547,0.1416,0.12265636203954551,0.13239207792616856,-0.003791860394595172,0.0017980975108946556
2013-09-16,30,170.30999755859375,0.1438,0.12644367627224953,0.13832032902661798,-0.009948940915051548,-0.0052299093457070095
2013-09-17,30,171.07000732421875,0.14529999999999998,0.12446644993541146,0.13939560437869844,-0.007379469139122377,-0.0024106687001410145
2013-09-18,30,173.0500030517578,0.1359,0.12443276586827026,0.13554067522061913,-0.001851639787380808,0.0017303942331682947
2013-09-19,29,172.75999450683594,0.1316,0.1189164233694227,0.13772929555776245,-0.004021466645225828,-9.77730462805572e-05
2013-09-20,28,170.72000122070312,0.13119999999999998,0.11829772899998794,0.13344476804710273,-0.007258464793693307,-0.003142875159730143
2013-09-23,30,169.92999267578125,0.1431,0.1255651632389295,0.1305553461004268,-0.005546402406215332,-0.00249986025893632
2013-09-24,30,169.52999877929688,0.1408,0.12331120147378664,0.13080894453492978,-0.006642672246682406,-0.003834518579535725
2013-09-25,30,169.0399932861328,0.1401,0.12480686233016368,0.13138383593394998,-0.006748994428687294,-0.004233483814469276
2013-09-26,29,169.69000244140625,0.1406,0.11993569872909374,0.13293439460778997,-0.0076226005387237915,-0.004844679032194196
2013-09-27,28,168.91000366210938,0.15460000000000002,0.12867587141916123,0.13426086345526198,-0.006420120534468517,-0.004033513563302316
2013-09-30,30,168.00999450683594,0.166,0.13941460071633674,0.13097219135009028,-0.00450963367114157,-0.0025200743767628637
2013-10-01,30,169.33999633789062,0.15539999999999998,0.13017571303320466,0.12843448354681106,-0.004940057436412639,-0.0026275858559890015
2013-10-02,30,169.17999267578125,0.166,0.1393465670156123,0.1286617061232534,-0.003368897412905917,-0.0011322901411171837
2013-10-03,29,167.6199951171875,0.17670000000000002,0.15011293257844222,0.12666710109634646,-0.0023802052890418294,-0.0004898380469939589
2013-10-04,28,168.88999938964844,0.1674,0.13982536197034431,0.12599553318835585,-0.0031547815317182447,-0.0010492039850753326
2013-10-07,30,167.42999267578125,0.1941,0.16329600908606842,0.12036385584058139,-0.00021464460765119098,0.001736913273386337
2013-10-08,30,165.47999572753906,0.2034,0.17533049801272788,0.12160359285027292,0.00047232984849529346,0.002268330956627832
2013-10-09,30,165.60000610351562,0.196,0.1659193291284279,0.13025354506888623,-0.0010832832721429121,0.000662800064909811
2013-10-10,29,169.1699981689453,0.1648,0.14300456721828314,0.10874424951997938,0.0027196243949370873,0.0045735595312686545
2013-10-11,28,170.25999450683594,0.1572,0.1213323993435425,0.10821245390013015,0.0006010747871505217,0.0023722960051822607
2013-10-14,30,170.94000244140625,0.1607,0.12669707863624624,0.1075348836219081,0.00038872742283183894,0.002090284563444766
2013-10-15,30,169.6999969482422,0.1866,0.14351037230387756,0.10592554051366773,0.0020178208489072293,0.003778756350440656
2013-10-16,30,172.07000732421875,0.1471,0.12141244490148975,0.09544219750749394,0.001853658776435576,0.0035308377301190154
2013-10-17,29,173.22000122070312,0.1348,0.10937267917186318,0.0941534808027678,0.00015968772773064402,0.0017822042098155947
2013-10-18,28,174.38999938964844,0.1304,0.09986410013620534,0.09268634012194192,-0.0017496317886641893,-0.00010746908188589787
2013-10-21,30,174.39999389648438,0.1316,0.10175350958509652,0.09134828124479984,-0.001994141605057277,-0.0002891749280794455
2013-10-22,30,175.41000366210938,0.1333,0.10505606449111472,0.0934051773676133,-0.0005367514913463048,0.0010802717209771094
2013-10-23,30,174.57000732421875,0.13419999999999999,0.10019606422876688,0.09352607813650596,-0.0019194011637855917,-0.00031452608085263473
2013-10-24,29,175.14999389648438,0.132,0.09827798860877623,0.09439430066208093,-0.0023315142404335683,-0.0007890775548991934
2013-10-25,28,175.9499969482422,0.1309,0.09737349116096478,0.09464560158144754,-0.0021304517491308257,-0.0007907645682098879
2013-10-28,30,176.22999572753906,0.1331,0.09929493278271968,0.09173233480803197,-0.00219265480008929,-0.0006937507226774854
2013-10-29,29,177.1699981689453,0.1341,0.10760030642838796,0.09137175406331595,0.0007875244874006671,0.0023459762852254718
2013-10-30,30,176.2899932861328,0.1365,0.10912731724300331,0.08817133519414753,0.00046256778684953187,0.001979867358422067
2013-10-31,29,175.7899932861328,0.1375,0.10362497335057963,0.089110747802165,-0.0014741807213946728,-1.5784603330156176e-05
2013-11-01,28,176.2100067138672,0.1328,0.1034417477642221,0.09027781011894785,-0.0014560492549145383,-5.019138499070335e-06
2013-11-04,30,176.8300018310547,0.1293,0.10629271073864319,0.08813149612243852,0.00040697048613878113,0.001871527879236146
2013-11-05,30,176.27000427246094,0.13269999999999998,0.11215756685882879,0.08877414814348092,0.0008987929828671597,0.0023130563831747215
2013-11-06,30,177.1699981689453,0.1267,0.11170133241617244,0.09522804372926325,0.002773898498629351,0.0028994246577057968
2013-11-07,29,174.92999267578125,0.1391,0.11641921825054637,0.08569374780245828,0.0014613918144162578,0.002770654930622564
2013-11-08,28,177.2899932861328,0.129,0.10490069793497944,0.07255803936258694,0.00502337243154896,0.004852054146455666
2013-11-11,30,177.32000732421875,0.1253,0.10308002293665199,0.0818572200639007,0.0025355882515050734,0.00363955216807558
2013-11-12,30,176.9600067138672,0.1282,0.10042041712106196,0.08236131678899107,0.0017715290827686465,0.0026899725651381096
2013-11-13,30,178.3800048828125,0.1252,0.09641482475541872,0.07750068687924094,0.004523866732654992,0.0052831002504663835
2013-11-14,29,179.27000427246094,0.12369999999999999,0.09254817815631738,0.07682260595113632,-6.854790667313455e-05,0.002829100578682744
2013-11-15,28,180.0500030517578,0.1219,0.09078086787105724,0.07659490286680444,-0.001407718960107604,0.0010300777738971572
2013-11-18,30,179.4199981689453,0.131,0.09788455896439904,0.09698386415734428,-0.012994684400574108,-0.009446511447669125
2013-11-19,30,179.02999877929688,0.13390000000000002,0.1001264578024585,0.09677049401462515,-0.008317271506703307,-0.008467526139104413
2013-11-20,30,178.47000122070312,0.134,0.09981757759495424,0.09616092810882126,-0.005864971887607128,-0.007005968486434921
2013-11-21,29,179.91000366210938,0.1266,0.10496610516019643,0.09355723348061637,-0.004101414910078042,-0.0009386195562050466
2013-11-22,28,180.80999755859372,0.1226,0.09091437331137062,0.09349316219592703,-0.005014423156013024,0.00047123242786000153
2013-11-25,29,180.6300048828125,0.12789999999999999,0.09495953423350119,0.09404639502525108,-0.003738235074616618,-1.9351637661163873e-05
2013-11-26,30,180.67999267578125,0.1281,0.09522544925652723,0.09413736993616381,-0.0031096088480477755,0.0001565446478725807
2013-11-27,30,181.1199951171875,0.1298,0.09650793874758473,0.09375447449938153,-0.001973029562963963,0.001266483693361659
2013-11-29,28,181.0,0.13699999999999998,0.10549670139715768,0.09701559693096037,-0.0003585732038187938,0.002614364024854966
2013-12-02,29,180.52999877929688,0.1423,0.10839392872114088,0.09635000670915068,-2.1432281652937546e-05,0.0024479122399613303
2013-12-03,30,179.75,0.14550000000000002,0.10967396807213423,0.09936820301808608,-0.00046332471778836015,0.0016414764127725596
2013-12-04,30,179.72999572753906,0.147,0.11198425636808726,0.0993690915334913,-1.9626238101796354e-05,0.0019073434954357009
2013-12-05,29,178.94000244140625,0.1508,0.12047130868081549,0.09985223445010764,0.0007102815046035463,0.00259314444642987
2013-12-06,28,180.94000244140625,0.1379,0.10385065924603604,0.09336007123142671,0.0012245095712285466,0.002973307377078357
2013-12-09,30,181.3999938964844,0.1349,0.11025235829092123,0.09282117847031032,0.004734488070697626,0.005977935845838315
2013-12-10,30,180.75,0.1391,0.11290368043781966,0.09200106130938747,0.004047579035171518,0.005354776528685103
2013-12-11,30,178.72000122070312,0.1542,0.12504702084287747,0.08367848760822613,0.00427897862960893,0.005662260272343573
2013-12-12,29,178.1300048828125,0.15539999999999998,0.12851171671647182,0.08429662050059224,0.0036286397044150735,0.0050330068191073735
2013-12-13,28,178.11000061035156,0.1576,0.1289553953298919,0.08578775363055482,0.003193889436465508,0.004584496025673377
2013-12-16,30,179.22000122070312,0.1603,0.12772154560147805,0.10179883361841449,0.0043889942394162475,0.004650153640171289
2013-12-17,30,178.64999389648438,0.16210000000000002,0.12827486224736195,0.10129223707516607,0.00326963539339328,0.0038465140939435713
2013-12-18,30,181.6999969482422,0.138,0.10260103691582222,0.08361859734010484,0.0009648094932361523,0.0022852829604910856
2013-12-19,29,181.4900054931641,0.14150000000000001,0.10505448017877293,0.08494907552372906,0.001321919502742571,0.0024647745813068207
2013-12-20,28,181.55999755859372,0.1379,0.10254560153232058,0.08644150640215113,0.0002745895502443563,0.001467160842158387
2013-12-23,30,182.52999877929688,0.1304,0.09709957221933571,0.08208906454575124,0.0018522006425514817,0.0041049843301303205
2013-12-24,30,182.92999267578125,0.12480000000000001,0.09297525347662394,0.08662442921988073,0.0014089287292964497,0.00220836140609129
2013-12-26,29,183.8600006103516,0.1233,0.09147478228462347,0.11529560569871004,-0.005128576869585066,-0.016417759138811643
2013-12-27,28,183.8500061035156,0.1246,0.09255281381573177,0.11733623017071607,-0.0052774820197528825,-0.016746440905020723
2013-12-30,30,183.82000732421875,0.1356,0.10086297433304879,0.12127543150001963,-0.008409576080958762,-0.01018447609164022
2013-12-31,30,184.69000244140625,0.13720000000000002,0.10226354317502259,0.12565544371173348,-0.00573964532435421,-0.007270501932458133
2014-01-02,29,182.9199981689453,0.1423,0.10606077141531678,0.12490432447404638,-0.008246754599708627,-0.007661700641286535
2014-01-03,28,182.88999938964844,0.1376,0.10232503366709045,0.12711381279792286,-0.009695807351227137,-0.009231687657878636
2014-01-06,30,182.3600006103516,0.1355,0.10275236582190111,0.14796658715339434,-0.011327404422435915,-0.010869790707159963
2014-01-07,30,183.47999572753903,0.1292,0.10188882279585425,0.15338259435982268,-0.009202880817445044,-0.009006556536580036
2014-01-08,30,183.5200042724609,0.12869999999999998,0.10103592241344499,0.15928650974307293,-0.009762820957408774,-0.009626504264330845
2014-01-09,29,183.63999938964844,0.12890000000000001,0.09921098541874486,0.1619929565684818,-0.010189268241642851,-0.010126808596002505
2014-01-10,28,184.13999938964844,0.12140000000000001,0.09870476918981644,0.16456776219358607,-0.00954198524241403,-0.009599407265157612
2014-01-13,30,181.69000244140625,0.1328,0.10279190901862723,0.1567786796725337,-0.012576139886642513,-0.01179814541821616
2014-01-14,30,183.6699981689453,0.12279999999999999,0.09146603889357473,0.15320858736934492,-0.008231288353939985,-0.008740246060718918
2014-01-15,30,184.66000366210935,0.12279999999999999,0.09234559554855461,0.1532638910943148,-0.006249134767607614,-0.00714879582361277
2014-01-16,29,184.4199981689453,0.1253,0.09328083692427962,0.15581567657210632,-0.006415117534721918,-0.007811369036434989
2014-01-17,28,183.63999938964844,0.1244,0.09267334696138395,0.15783357342856796,-0.008876683172434586,-0.009605314838149215
2014-01-21,30,184.17999267578125,0.12869999999999998,0.09615558760392164,0.15531057062298428,-0.005889321659491446,-0.008163188952791493
2014-01-22,30,184.3000030517578,0.1284,0.09598772552104785,0.1553449740101511,-0.005863389792861725,-0.006589081202665742
2014-01-23,29,182.7899932861328,0.1377,0.10280321788181282,0.15528145196490042,-0.009517274908744256,-0.008395394152004314
2014-01-24,28,178.88999938964844,0.1814,0.1389414054252826,0.13751438988282827,-0.003720205404841429,-0.0014328373876028929
2014-01-27,30,178.00999450683594,0.17420000000000002,0.1379122220809451,0.13314540538666397,-0.004648669032611488,-0.00228813296429388
2014-01-28,30,179.07000732421875,0.158,0.12577135718556934,0.1327859356043237,-0.006131738295238876,-0.0037733105874583938
2014-01-29,30,177.35000610351562,0.17350000000000002,0.14068132608147363,0.1287492525801726,-0.0037939596972583643,-0.001547912232134569
2014-01-30,29,179.22999572753906,0.1729,0.13830437681307903,0.12549307185973071,-0.001391223199503644,0.0009576929136356013
2014-01-31,28,178.17999267578125,0.1841,0.14657914533127397,0.12594016106509884,-0.0012680569501336396,0.0010456411338902053
2014-02-03,30,174.1699981689453,0.2144,0.17466231062333348,0.10717190271375031,0.0030441161076308785,0.005005750816957385
2014-02-04,30,175.38999938964844,0.1911,0.15391006627987222,0.10467417081871234,0.0015095877328632557,0.003368449926914917
2014-02-05,30,175.1699981689453,0.19949999999999998,0.15962229468608438,0.10459308277613544,0.0016664193937536071,0.0035174160905240464
2014-02-06,29,177.47999572753906,0.1723,0.14308755401184597,0.09569065612443468,0.0028846743103542343,0.004618759116344532
2014-02-07,28,179.67999267578125,0.15289999999999998,0.12052561434226611,0.08663301897320387,0.0032172903107355174,0.004635490440794697
2014-02-10,30,180.00999450683594,0.15259999999999999,0.12442678897039099,0.08524652039661436,0.0024410192987104804,0.003622245147576593
2014-02-11,30,181.97999572753903,0.1451,0.11775378836591506,0.08586442405557783,0.003630031711431213,0.004621779536177336
2014-02-12,30,182.07000732421875,0.14300000000000002,0.11453644025185497,0.08640560226205493,0.0028501111225996112,0.0038386620737393892
2014-02-13,29,183.00999450683597,0.1414,0.11201963357998967,0.08596290699810763,0.0031479589382729734,0.004045767477614072
2014-02-14,28,184.0200042724609,0.13570000000000002,0.10624985902124064,0.08519785621714678,0.003749486078621548,0.004075081327765208
2014-02-18,30,184.2400054931641,0.1387,0.11564946662906743,0.09549260863546272,0.002363604922357025,0.004234965579625268
2014-02-19,30,183.0200042724609,0.155,0.1222019512780252,0.09704601030636505,0.0030694468772783203,0.005054072129137158
2014-02-20,29,184.1000061035156,0.1479,0.1103209302165754,0.09647269860614491,0.0011239446712683326,0.0029361760281576958
2014-02-21,28,183.88999938964844,0.14679999999999999,0.10942395170168287,0.09809379062975501,0.0004553962211825521,0.0022852851478629807
2014-02-24,30,184.91000366210935,0.1423,0.10622495380256607,0.0986114165890605,0.003558913655667747,0.0021587259262026916
2014-02-25,30,184.83999633789065,0.1367,0.11677895861631106,0.09887703784185267,0.007415171846510058,0.006573807299165337
2014-02-26,30,184.8500061035156,0.1435,0.10856741594813986,0.10035390828592795,0.0026250105122324705,0.00354079250317754
2014-02-27,29,185.82000732421875,0.1404,0.10489040315799053,0.10036638840439695,0.001980656017783008,0.0018499780021781047
2014-02-28,28,186.2899932861328,0.14,0.10461166077391128,0.10173492994256061,2.525743019430118e-05,0.0010785061857631895
2014-03-03,30,184.97999572753903,0.16,0.1261860770534039,0.10262380198619461,0.004876624382432392,0.007038455484857711
2014-03-04,30,187.5800018310547,0.141,0.10761928057620455,0.09045824961980904,0.004122817040649997,0.004893332045624309
2014-03-05,30,187.75,0.1389,0.10907713338070694,0.0994659999280324,-0.003622291144293063,-0.0005091573214333156
2014-03-06,29,188.17999267578125,0.1421,0.10613435006893554,0.10084033658031562,-0.004838308118764273,-0.003324339725832212
2014-03-07,28,188.25999450683597,0.1411,0.10908806163995143,0.1026137851193792,-0.004059412229536419,-0.002893586975667829
2014-03-10,30,188.16000366210935,0.142,0.10881291982764814,0.11368371370469191,-0.0037499108771972124,-0.001687361805948023
2014-03-11,30,187.22999572753903,0.14800000000000002,0.11532058020257256,0.134568863737005,-0.017565569052214496,-0.027232738136741493
2014-03-12,30,187.27999877929688,0.1447,0.10936602823747085,0.13821815183534245,-0.01853350127473425,-0.02284172279339501
2014-03-13,29,185.17999267578125,0.16219999999999998,0.13028519113121578,0.13476854590899565,-0.01305224566517382,-0.006189955530018174
2014-03-14,28,184.66000366210935,0.1782,0.14599356436646976,0.13677773295469822,-0.006818864416690951,-0.0003605666608630541
2014-03-17,30,186.3300018310547,0.1564,0.11891311326957493,0.1382718264640662,-0.00997135684694211,-0.010355422729036109
2014-03-18,30,187.66000366210935,0.1452,0.11415494827081969,0.13611508333859798,-0.00993064533525344,-0.009590811837777772
2014-03-19,29,186.66000366210935,0.1512,0.11346214208946928,0.13713816974788776,-0.009275652543847261,-0.009740461669817716
2014-03-20,28,187.75,0.1452,0.10843840861982612,0.13797326855524905,-0.011534895996042467,-0.011411794122263941
2014-03-21,27,186.1999969482422,0.15,0.11229004564818815,0.13715920632401446,-0.009696958470279201,-0.009799249025614179
2014-03-24,30,185.42999267578125,0.1509,0.11322985999037818,0.131098879776488,-0.007540796914784887,-0.0052207491510267295
2014-03-25,30,186.30999755859372,0.1402,0.1198862061188531,0.13024627146309675,-0.002383795046258681,-0.0009228690331742232
2014-03-26,30,184.97000122070312,0.1493,0.13104499934656463,0.1309763234188221,-0.0005354656036346378,0.0010534947385576585
2014-03-27,29,184.5800018310547,0.1462,0.12969864606492304,0.1330047790437134,-0.0021897026902711727,-0.00011033294722482248
2014-03-28,28,185.4900054931641,0.1441,0.11918643465511579,0.13418931815329124,-0.003924545712115521,-0.002872486787424832
2014-03-31,30,187.00999450683597,0.1388,0.1169542331951337,0.1284056863023945,-0.0002893721684963567,0.0009119189701866687
2014-04-01,30,188.25,0.131,0.10458178672165656,0.1263200798893999,0.0005576590173618298,-0.0017812443749047138
2014-04-02,30,188.8800048828125,0.1309,0.10547229054481812,0.12588087310729554,-0.0010720546208473785,-0.0010696620941142445
2014-04-03,29,188.6300048828125,0.13369999999999999,0.10654585818365415,0.12794658602710576,-0.00026279131656492663,-0.0007571984445122439
2014-04-04,28,186.3999938964844,0.1396,0.1131616569366249,0.12292801587843283,-0.000955893288733446,0.00047713196812796695
2014-04-07,30,184.33999633789065,0.1557,0.1301736948113546,0.1183010669069575,0.001930876393946901,0.004303623309744061
2014-04-08,30,185.1000061035156,0.1489,0.1239578602051949,0.11748610818210208,0.0012156460288434813,0.0035015803288115563
2014-04-09,30,187.08999633789065,0.1382,0.10652530174808272,0.11152916727881015,0.002087809694436108,0.0033147313433836145
2014-04-10,29,183.16000366210935,0.1589,0.1312350046818901,0.08482390677954973,0.005229885860720425,0.007248192973441875
2014-04-11,28,181.50999450683597,0.1703,0.144471520018919,0.07990337483991629,0.005358332975508937,0.007386238236820574
2014-04-14,30,182.94000244140625,0.1611,0.13492445472579506,0.0814614433079069,0.0056509899846174105,0.008003813379587475
2014-04-15,30,184.1999969482422,0.1561,0.1227790184670134,0.08372000239369294,0.0051941494649217455,0.00760827875558518
2014-04-16,30,186.1300048828125,0.1418,0.11669550493444455,0.07637451316341821,0.007205138293966539,0.009802292978030243
2014-04-17,29,186.38999938964844,0.1336,0.10666802134277223,0.07752214445753931,0.004718491361895212,0.007388533034068503
2014-04-21,30,187.0399932861328,0.1325,0.11631979652058301,0.08466468144035581,0.005446823839011192,0.007323242264792717
2014-04-22,30,187.88999938964844,0.1319,0.10725498277657983,0.08360482687154518,0.003512833222462422,0.005716394256776276
2014-04-23,30,187.4499969482422,0.13269999999999998,0.10838420581761313,0.08436599632052874,0.0035995952854257717,0.00570580157240476
2014-04-24,29,187.8300018310547,0.1332,0.11040577416628664,0.08550693538154208,0.004217493730955012,0.006306626091733118
2014-04-25,28,186.2899932861328,0.1406,0.11999806505770615,0.08178644699650653,0.005697079178362533,0.007786325621688735
2014-04-28,30,186.8800048828125,0.13970000000000002,0.11713185816061715,0.08114669541923696,0.004468797497808512,0.007458298444358481
2014-04-29,30,187.75,0.1371,0.11527092006442109,0.08152433883463331,0.00496141323975198,0.007753977340006564
2014-04-30,30,188.30999755859372,0.1341,0.11145562915677171,0.08105457752569467,0.004599655347669521,0.0070304942460105236
2014-05-01,29,188.3300018310547,0.1325,0.10960816912267217,0.08243936488050116,0.0037634390470721994,0.006179467994311459
2014-05-02,28,188.05999755859372,0.1291,0.1073848929185437,0.08373851933682644,0.002532822137882264,0.005014711772157255
2014-05-05,30,188.4199981689453,0.1329,0.11161631655422824,0.08104913042858591,0.003399487757279839,0.005627994131879593
2014-05-06,30,186.77999877929688,0.138,0.11873930631944651,0.07844310774180294,0.0035904110995199413,0.005865105312426549
2014-05-07,30,187.8800048828125,0.134,0.11287661421488968,0.07752927809151097,0.003896217442329728,0.006011097309974209
2014-05-08,29,187.67999267578125,0.1343,0.11222711795297585,0.07876406647899044,0.003126642084600694,0.005244382377830546
2014-05-09,28,187.9600067138672,0.1292,0.10572105235813473,0.07997729370955692,0.0018175480103148664,0.0038800070646752456
2014-05-12,30,189.7899932861328,0.1223,0.10086294746898773,0.07062727470177334,0.0032195360661072072,0.004928780407861921
2014-05-13,30,189.9600067138672,0.1213,0.10112323359987659,0.074784016596588,0.003037817127006335,0.0047396332276025905
2014-05-14,30,189.05999755859372,0.1217,0.10314181746487298,0.0736950784009421,0.0025349940617432733,0.004290411027892622
2014-05-15,29,187.3999938964844,0.1317,0.11061675401704278,0.06811265206806258,0.00282248666795086,0.004636989381119396
2014-05-16,28,188.0500030517578,0.1244,0.10003455153968728,0.06818162599619003,0.0017364853141679378,0.0034641572110319222
2014-05-19,30,188.7400054931641,0.1242,0.09907465637525137,0.07020149790544018,0.001454494615698359,0.00323416917056032
2014-05-20,30,187.5500030517578,0.12960000000000002,0.10424297206309864,0.06675923260658148,0.001394540538794965,0.003142941117046081
2014-05-21,30,189.1300048828125,0.1191,0.09975756546517692,0.060767469956026575,0.0029235124277168906,0.004675331324040587
2014-05-22,29,189.58999633789065,0.12029999999999999,0.10078455956627745,0.06120252074404161,0.0032655408883010845,0.00500710723830107
2014-05-23,28,190.3500061035156,0.11359999999999999,0.09348444391233715,0.06058780450433884,0.002920718547601067,0.004602254837569335
2014-05-27,30,191.5200042724609,0.1151,0.09667685716521762,0.06056666590502389,0.003908514567814043,0.00552069664677552
2014-05-28,30,191.3800048828125,0.1168,0.09754658973289616,0.06089106727312037,0.0036123444464601917,0.0052190197642133064
2014-05-29,29,192.3699951171875,0.1157,0.09478590703047755,0.059165151411832526,0.004308096429195621,0.005859558799084594
2014-05-30,28,192.67999267578125,0.114,0.0947764458958096,0.05993109879977146,0.004383973098248707,0.005907517160399001
2014-06-02,30,192.8999938964844,0.1158,0.09758605056510349,0.06239850432379321,0.0052840213705312635,0.006851866280832617
2014-06-03,30,192.8000030517578,0.11869999999999999,0.10159912436091557,0.06467726140419224,0.005567583570141537,0.007094656347918583
2014-06-04,29,193.19000244140625,0.1208,0.10364521269834469,0.06539111900549704,0.006273617890325466,0.007727666880443601
2014-06-05,28,194.4499969482422,0.1168,0.09935556003066082,0.062272032408526516,0.007290596173238063,0.008543229328561283
2014-06-06,27,195.3800048828125,0.1073,0.0903192797645864,0.0609398679518541,0.005979719289372289,0.007167158301549878
2014-06-09,30,195.5800018310547,0.1115,0.09267258363497755,0.06501831631169848,0.005554664943794643,0.0068638729764029325
2014-06-10,30,195.6000061035156,0.1099,0.09065374019739793,0.06647188959818448,0.005415717778490097,0.005947322796036365
2014-06-11,30,194.9199981689453,0.11599999999999999,0.09426172712174502,0.06552806728891657,0.005441000660745302,0.0067022506084586765
2014-06-12,29,193.5399932861328,0.12560000000000002,0.1006761439008663,0.061697839494043345,0.005162495137090296,0.006429859723944219
2014-06-13,28,194.1300048828125,0.12179999999999999,0.09759486899974286,0.06182066820949843,0.00515419023019808,0.006347452575531553
2014-06-16,30,194.2899932861328,0.1265,0.1016426190009482,0.06383179384070704,0.00560648243832703,0.007544601806048556
2014-06-17,30,194.8300018310547,0.1206,0.09399054153470851,0.07463622880236274,0.0046626669513369105,0.006419501265403985
2014-06-18,30,196.25999450683597,0.1061,0.08339888068345576,0.07859796231665778,-0.008404438907835087,-0.0032101118050997584
2014-06-19,29,196.47999572753903,0.10619999999999999,0.07923899726933106,0.07984274545164824,-0.010796671363958827,-0.004101727732145153
2014-06-20,28,195.94000244140625,0.1085,0.08089705124530727,0.08064615930847513,-0.008231008659979708,-0.004996043943401631
2014-06-23,30,195.8800048828125,0.10980000000000001,0.08204607997896714,0.0800103830643685,-0.0032157949601201645,-0.001145778193546742
2014-06-24,30,194.6999969482422,0.1213,0.09060064082801868,0.07718475582948466,-0.0003758797633071479,0.001401999274710788
2014-06-25,30,195.5800018310547,0.1159,0.08833463837417065,0.07731732410297844,-0.00052787300695344,0.0013081855755709686
2014-06-26,29,195.44000244140625,0.11630000000000001,0.08738058107289207,0.078598039086207,-0.0011500024969489902,0.0006691322882608064
2014-06-27,28,195.82000732421875,0.11259999999999999,0.08397412769506118,0.07968121517570241,-0.002175945039190157,-0.00031686754694107986
2014-06-30,30,195.72000122070312,0.1157,0.08623015287969374,0.07842557017945107,0.0002937437198487093,0.002029617630913889
2014-07-01,30,197.02999877929688,0.1115,0.08306833638162929,0.1022226105312229,-0.013171424027189908,-0.030717482123699725
2014-07-02,30,197.22999572753903,0.1082,0.0807243467298648,0.10271747565563029,-0.011940929940602514,-0.02222845270628242
2014-07-03,29,198.1999969482422,0.1032,0.076816509191893,0.10301339490874373,-0.004805655676262035,-0.013386816304370035
2014-07-07,30,197.50999450683597,0.1133,0.08443480685390847,0.10906938741963577,-0.009389845818143954,-0.010969282112963965
2014-07-08,30,196.2400054931641,0.1198,0.08939623724703122,0.10839053665768915,-0.010018825635127125,-0.009359907870402294
2014-07-09,30,197.1199951171875,0.1165,0.08692095216356441,0.11451937024207708,-0.008897672467516488,-0.009333387501963612
2014-07-10,29,196.33999633789065,0.1259,0.09414212347878348,0.1156246673384131,-0.008269119067838181,-0.007657558489065557
2014-07-11,28,196.6100006103516,0.1208,0.09013196664813743,0.11756662687159175,-0.009313489607355768,-0.009099185413872399
2014-07-14,30,197.6000061035156,0.1182,0.08837419668363558,0.11520743730618413,-0.00792960561330081,-0.007819871556259616
2014-07-15,30,197.22999572753903,0.11960000000000001,0.08956121512246641,0.11618950048459664,-0.008044524619822961,-0.007663901255346217
2014-07-16,30,197.9600067138672,0.11,0.08215756492424625,0.11547485617103288,-0.00873283974247469,-0.00888569407654833
2014-07-17,29,195.7100067138672,0.1454,0.11122871091848902,0.11022537874360243,0.0042937066914042156,0.002385732040848719
2014-07-18,28,197.7100067138672,0.1206,0.0901351124452953,0.10599993218372578,-0.004292828006172607,-0.00416882393966493
2014-07-21,30,197.33999633789065,0.1281,0.09591462579386575,0.10820185156251272,-0.003052852589185827,-0.002248482271594018
2014-07-22,30,198.1999969482422,0.12240000000000001,0.0914175524554931,0.10761371549377022,-0.00270338176116326,-0.002249538763429387
2014-07-23,30,198.63999938964844,0.1152,0.08698080735360876,0.10747234620256574,-0.00171435783406688,-0.00249349718360403
2014-07-24,29,198.6499938964844,0.1184,0.0884018454641507,0.10930946767419594,-0.0016294432695876224,-0.0024566959996086594
2014-07-25,28,197.72000122070312,0.12689999999999999,0.09488980284883299,0.10994656152450763,-0.0028318648755836576,-0.0022187197034394383
2014-07-28,30,197.8000030517578,0.12560000000000002,0.09410131394931733,0.10769710954644529,-0.0031631863320987236,-0.0015761421837255122
2014-07-29,30,196.9499969482422,0.1328,0.10044303523184063,0.10666157714090335,-0.002653790387879892,-0.0007593750436366423
2014-07-30,30,196.97999572753903,0.1333,0.10335338864266465,0.10712057483245474,-0.001824921093049722,-3.4587527934486864e-05
2014-07-31,29,193.08999633789065,0.16949999999999998,0.1346371307905686,0.08284485382997098,0.004961106661227002,0.007184973290694504
2014-08-01,28,192.5,0.1703,0.1351247794802464,0.08358413198521467,0.004103471328789272,0.006295934398638595
2014-08-04,30,193.88999938964844,0.1512,0.1225416286440981,0.07679466621485216,0.003135406732328642,0.005276457935977587
2014-08-05,30,192.00999450683597,0.16870000000000002,0.1400379221304349,0.06904957068791659,0.00465462112274202,0.006778563300312775
2014-08-06,30,192.07000732421875,0.1637,0.13620800363093713,0.0707913093488812,0.003812094929244311,0.005900810378113256
2014-08-07,29,191.02999877929688,0.1666,0.13822350671341155,0.06937714948386257,0.0028802913057900882,0.0048969557642895315
2014-08-08,28,193.2400054931641,0.1577,0.13652678295455356,0.057099635764353604,0.005890063845151016,0.007946319911718328
2014-08-11,30,193.8000030517578,0.1423,0.11870024722774955,0.06070507621701799,0.003636030643015419,0.005487600950198465
2014-08-12,30,193.52999877929688,0.1413,0.11854226282597007,0.06064253858811886,0.003064317142775605,0.004885728652135652
2014-08-13,30,194.83999633789065,0.129,0.10452848577178814,0.0595094005330575,0.0030021221704095566,0.004686278587541737
2014-08-14,29,195.75999450683597,0.1242,0.09381908347821644,0.058173775305128454,0.002513057308517177,0.0040971007839939065
2014-08-15,28,195.72000122070312,0.1315,0.09864982515221714,0.05919888348633662,0.002859250491338212,0.004432430903258665
2014-08-18,30,197.3600006103516,0.1232,0.09234274834965035,0.056025904044214266,0.005477830412687398,0.006494998962967995
2014-08-19,30,198.38999938964844,0.12210000000000001,0.09154589654598566,0.05615209145303992,0.006248437574644936,0.0073672736109107895
2014-08-20,30,198.9199981689453,0.11779999999999999,0.08814699993472257,0.058679208679053046,0.005418465589420271,0.006704647009678769
2014-08-21,29,199.5,0.1176,0.08792294932261324,0.05878171699171009,0.005484703000517661,0.006774536579029744
2014-08-22,28,199.19000244140625,0.11470000000000001,0.0855661412056217,0.05955811875314558,0.0044743902930461255,0.005757868276505703
2014-08-25,30,200.1999969482422,0.11699999999999999,0.08760109262520145,0.06979602561953469,0.0031466159981044426,0.004418080812041396
2014-08-26,30,200.3300018310547,0.11630000000000001,0.08708895332362714,0.08992153939186724,-0.0032092008776276955,-0.011020763758015252
2014-08-27,30,200.25,0.11779999999999999,0.0882656632314993,0.09405294012502267,-0.005384551957774563,-0.00941211789193983
2014-08-28,29,200.13999938964844,0.12050000000000001,0.08990748487022564,0.09564093548013672,-0.005943306979788817,-0.009734474318455455
2014-08-29,28,200.7100067138672,0.1198,0.09657853797729131,0.09679068641869076,-0.0016914066054522562,-0.0046181081433484565
2014-09-02,30,200.6100006103516,0.1225,0.09357607960454474,0.10550415757929495,-0.004230017044312943,-0.0034703465521774943
2014-09-03,30,200.5,0.12359999999999999,0.09459959332868219,0.11218764269962729,-0.004469695826223693,-0.0038837648086893733
2014-09-04,29,200.2100067138672,0.1264,0.0984126795257295,0.11398992015003861,-0.004194725349626109,-0.0036835774944460574
2014-09-05,28,201.1100006103516,0.1209,0.09003026237270183,0.11487177977077308,-0.005042858202049623,-0.00449112277663389
2014-09-08,30,200.58999633789065,0.1266,0.09498630005352546,0.13730588878695746,-0.005911660159595327,-0.004992596652805902
2014-09-09,30,199.32000732421875,0.135,0.10096954801581108,0.1524617634762983,-0.006323500919865068,-0.0069770575669624016
2014-09-10,30,200.07000732421875,0.1288,0.0998879624375738,0.15708734955885803,-0.006146828817605198,-0.006582692042212062
2014-09-11,29,200.3000030517578,0.128,0.0962879645408684,0.1597207972167129,-0.006660855884506753,-0.006684048811718795
2014-09-12,28,199.1300048828125,0.1331,0.10732022908231471,0.16116587929831205,-0.008103317754207461,-0.011065011882290336
2014-09-15,30,198.97999572753903,0.1412,0.11419002383315123,0.16782026512253087,-0.013734027177434046,-0.013970389474207132
2014-09-16,30,200.47999572753903,0.1273,0.10331530722883552,0.16579015720634788,-0.010087172001366194,-0.010604207509664641
2014-09-17,30,200.75,0.1265,0.09475036614816047,0.17070938741939207,-0.010665812625912707,-0.011280260314310153
2014-09-18,29,201.82000732421875,0.12029999999999999,0.08984876804283211,0.17260043658387747,-0.007891692119991738,-0.00814195083820039
2014-09-19,28,200.6999969482422,0.1211,0.09016083171825273,0.17450262135690164,-0.010781800962978207,-0.011646010882777868
2014-09-22,30,199.1499938964844,0.1369,0.10281222192034553,0.18473640558126905,-0.01622931888851225,-0.01579362703099522
2014-09-23,30,198.00999450683597,0.1493,0.11271080757523255,0.18802080459057113,-0.017343510018083753,-0.01609085886481701
2014-09-24,30,199.55999755859372,0.13269999999999998,0.10755795735056968,0.18795484859578301,-0.014121789568656935,-0.013506214945005705
2014-09-25,29,196.33999633789065,0.1564,0.11847428125460387,0.18224888207186069,-0.01583581757250444,-0.015633539325284204
2014-09-26,28,197.8999938964844,0.1485,0.11518846989723396,0.1832606060871288,-0.01360060068136585,-0.012440412329944568
2014-09-29,30,197.5399932861328,0.1598,0.1219038455057178,0.18148988572996402,-0.013722856686308835,-0.0120725874081336
2014-09-30,30,197.0200042724609,0.1631,0.1307553139630251,0.18262219010107186,-0.01463800947278795,-0.011580421618667425
2014-10-01,30,194.3500061035156,0.1671,0.1408038186751601,0.1807173556197615,-0.013730244269700948,-0.011447389977757072
2014-10-02,29,194.3800048828125,0.1616,0.13308177104081093,0.18380594937842173,-0.016774755398005402,-0.014409157460686455
2014-10-03,28,196.5200042724609,0.14550000000000002,0.12330959006543563,0.18283444727257164,-0.015755545649224614,-0.013342235945204737
2014-10-06,30,196.2899932861328,0.15460000000000002,0.1250844723481777,0.17837061842260113,-0.016760573597880427,-0.014287013882512118
2014-10-07,30,193.25999450683597,0.172,0.14823233430998362,0.17048694949459559,-0.010294675014659818,-0.008285274675840053
2014-10-08,30,196.63999938964844,0.15109999999999998,0.12068549383724708,0.15943323428609746,-0.011697873613505378,-0.009504365641619215
2014-10-09,29,192.7400054931641,0.18760000000000002,0.15767511482335375,0.14575534974066365,-0.0028918160131351485,-0.0011347432163216226
2014-10-10,28,190.5399932861328,0.21239999999999998,0.16370685066517182,0.14242669042864733,-0.0018381774643747009,-0.0003293870421569968
2014-10-13,30,187.41000366210935,0.2464,0.1907975926064041,0.12546359392579856,0.0018996448372208428,0.0035061137455491193
2014-10-14,30,187.6999969482422,0.2279,0.1822811458433339,0.12540925262078675,0.00038393751788467616,0.0019416877061509178
2014-10-15,30,186.42999267578125,0.2625,0.24340798728870755,0.12315608018545794,0.00697340783497594,0.008944305030667631
2014-10-16,29,186.2700042724609,0.252,0.20151249896906012,0.12522442834007874,0.0010196834557068069,0.0026829684352569438
2014-10-17,28,188.47000122070312,0.21989999999999998,0.16771053892807447,0.12018331875103373,-0.001374499467820725,3.3754398768183454e-05
2014-10-20,30,190.3000030517578,0.1857,0.16028903439000616,0.11306934968270942,-0.001977639825637901,-0.00040030684476290737
2014-10-21,30,194.07000732421875,0.16079999999999997,0.12685120576850453,0.09022147839098481,-0.0010189244972021627,0.0005378258851458159
2014-10-22,30,192.69000244140625,0.1787,0.14445969607286469,0.08869490023260047,0.0005554322546270529,0.002163367759304078
2014-10-23,29,194.92999267578125,0.1653,0.13093140047426066,0.08035394704300002,0.0011866381517516846,0.0027954275374894484
2014-10-24,28,196.42999267578125,0.1611,0.132122160102786,0.07695034297431443,0.00272161766193632,0.00444025798872656
2014-10-27,30,196.16000366210935,0.1604,0.13437440874163964,0.07539878042407382,0.002150413157493101,0.0038769831811611413
2014-10-28,29,198.41000366210935,0.1439,0.11576973992722683,0.0651451247464468,0.002861556134444062,0.0045350036064443515
2014-10-29,30,198.1100006103516,0.1515,0.12643672963451852,0.06425975230469536,0.003844087013628891,0.005597206158732005
2014-10-30,29,199.3800048828125,0.1452,0.12497546662208704,0.061300587463166446,0.0051546167304933515,0.006941040256107821
2014-10-31,28,201.66000366210935,0.14029999999999998,0.1163686534356774,0.046974324208134466,0.007851688526159873,0.009646845115493073
2014-11-03,30,201.7700042724609,0.14730000000000001,0.12233393000941407,0.057737029718209695,0.008542098194419988,0.009879040991301956
2014-11-04,30,201.07000732421875,0.1489,0.1242491358930372,0.056582030470931834,0.007533262776305475,0.008948109694232514
2014-11-05,30,202.33999633789065,0.1417,0.116411200718103,0.052457231959120935,0.00823129812368234,0.00941100566461252
2014-11-06,29,203.1499938964844,0.1367,0.11308373907419393,0.051436925096681456,0.008576639137439909,0.009620598414378347
2014-11-07,28,203.33999633789065,0.13119999999999998,0.10564129494122411,0.05223845555202947,0.0071173888238723285,0.00812216778578069
2014-11-10,30,203.97999572753903,0.1267,0.09827104340517934,0.07846743985827027,-0.0012035610596094668,0.006077020566741841
2014-11-11,30,204.17999267578125,0.1292,0.10445008935439944,0.0803530060026314,0.002498095056883885,0.004466917284091149
2014-11-12,30,203.9600067138672,0.13019999999999998,0.10694375268138688,0.09834852640240012,-0.011678967970313104,-0.011830947029496743
2014-11-13,29,204.19000244140625,0.1379,0.10885209035384869,0.09994987869660664,-0.010223171087253824,-0.012127919216992336
2014-11-14,28,204.2400054931641,0.1331,0.10520030789113613,0.10171519870000721,-0.011500144835293564,-0.014058048404176304
2014-11-17,30,204.3699951171875,0.1399,0.11736173676725549,0.12491768004393827,-0.0034888238842008825,-0.0013718027696518161
2014-11-18,30,205.5500030517578,0.1386,0.10523725700113537,0.14987084291608,-0.016648085098521836,-0.004148014398020306
2014-11-19,30,205.22000122070312,0.1396,0.11591090215603181,0.14983029874477233,-0.016609212769106835,-0.004122073678072353
2014-11-20,29,205.5800018310547,0.1358,0.10137087581827622,0.15226477759863072,-0.01718760385428947,-0.005626704661486748
2014-11-21,28,206.67999267578125,0.129,0.09605546195705475,0.15375747623230365,-0.006492119656783586,-0.0035733657281892526
2014-11-24,30,207.25999450683597,0.12619999999999998,0.09449147744901965,0.1491584294501177,-0.005397828914284329,-0.0016674838861824972
2014-11-25,29,207.1100006103516,0.1225,0.0914350215551727,0.15168658801640106,-0.0076051740143893015,-0.003168985363044628
2014-11-26,30,207.63999938964844,0.1207,0.09034166945886322,0.14929333769385975,-0.005771556802171108,-0.001979581599675313
2014-11-28,28,207.1999969482422,0.1333,0.10133455096241736,0.1543433709937372,-0.006890459189210301,-0.0018910986454371745
2014-12-01,30,205.75999450683597,0.1429,0.11435480098052302,0.1524012155849481,-0.009207705658525123,-0.0063144094976552954
2014-12-02,29,207.08999633789065,0.1285,0.1100592216693083,0.1533119101888139,-0.010334048768730538,-0.0058151100822207485
2014-12-03,30,207.88999938964844,0.1247,0.09354274123153658,0.1501455151327122,-0.010171213774353425,-0.006474436650762469
2014-12-04,29,207.66000366210935,0.12380000000000001,0.09821555666854015,0.1526617882336364,-0.010093187052219198,-0.006071552270414693
2014-12-05,28,208.0,0.1182,0.09049035502582928,0.15525166002939852,-0.011026921222063961,-0.007601107716370278
2014-12-08,30,206.6100006103516,0.1421,0.10695879393279589,0.17013483063924262,-0.016597045955209777,-0.013664523576419493
2014-12-09,30,206.47000122070312,0.1489,0.1120607678105836,0.18084382311285396,-0.015798268607529534,-0.012670573247736263
2014-12-10,30,203.16000366210935,0.18530000000000002,0.14300538101501564,0.17411012934403708,-0.0182557683777234,-0.016025506604639046
2014-12-11,29,204.19000244140625,0.20079999999999998,0.15560412263735976,0.17617541997978572,-0.008390968427046293,-0.008333598013512963
2014-12-12,28,200.88999938964844,0.2108,0.1621880443042802,0.16936821809555128,-0.009234255859607238,-0.009844676952823863
2014-12-15,30,199.50999450683597,0.20420000000000002,0.15561141855106705,0.16580192067252966,-0.004804506465918624,-0.006469178581724886
2014-12-16,30,197.91000366210935,0.2357,0.1806618003771733,0.16652892582659953,0.0017624592275819007,-0.0007407336528179346
2014-12-17,30,201.7899932861328,0.19440000000000002,0.15980638513345818,0.15877988506695281,0.001067949422853495,-0.0011136689091395327
2014-12-18,29,206.77999877929688,0.1681,0.13692680539642582,0.13627152193175884,-0.000878729238820843,0.002486198843895766
2014-12-19,28,206.5200042724609,0.1649,0.12357497271886712,0.1386091806601167,-0.004489871729968091,-0.0010076570830705547
2014-12-22,30,207.47000122070312,0.1525,0.11481046216412284,0.13430970366806672,-0.005732964640760271,-0.0027931885364621345
2014-12-23,30,207.75,0.14800000000000002,0.11137884571567747,0.1437640858227061,-0.0062960721775944814,-0.0035288102311663047
2014-12-24,30,207.7700042724609,0.1437,0.10807502351790564,0.14503709244599342,-0.007866574811955586,-0.004536912112007648
2014-12-26,28,208.44000244140625,0.145,0.10853371124674577,0.14967696189327256,-0.007182022562951301,-0.004462703265734157
2014-12-29,30,208.72000122070312,0.1506,0.12103286204145519,0.15851298651906326,-0.006743399414219256,-0.004615431892677075
2014-12-30,30,207.6000061035156,0.1592,0.1200840855488043,0.1606368012441313,-0.008980787488272258,-0.00741464710385863
2014-12-31,30,205.5399932861328,0.192,0.14543774728995817,0.16291887238458397,-0.005180965722311282,-0.004152201946662039
2015-01-02,28,205.42999267578125,0.1779,0.14086262718887144,0.1686259778642042,-0.007677835669727401,-0.006679628523287672
2015-01-05,30,201.72000122070312,0.19920000000000002,0.15960565189430725,0.1643966577871846,-0.005855466662179751,-0.005474451297527645
2015-01-06,30,199.82000732421875,0.2112,0.17390031106394563,0.16481541745576425,-0.0005971735878438716,0.0006676441146794475
2015-01-07,30,202.30999755859372,0.1931,0.16193291464030407,0.1593469422665344,-0.0031890436862430215,-0.0021993097768355364
2015-01-08,29,205.8999938964844,0.17010000000000003,0.14073504491838065,0.14957605676826896,-2.28436683534813e-05,-0.0008876812627569065
2015-01-09,28,204.25,0.17550000000000002,0.14944215675450961,0.1494260890947117,-0.00230597440043533,-0.001866195721828839
2015-01-12,30,202.6499938964844,0.196,0.1683757133275185,0.14731702996025786,0.00403215797930841,0.004661985696941205
2015-01-13,30,202.0800018310547,0.20559999999999998,0.17469475946490853,0.15073242963175992,0.004878660708021563,0.005740652343454529
2015-01-14,30,200.8600006103516,0.2148,0.16238193103804582,0.1499314482781651,0.00015400172595167913,0.001263747982956968
2015-01-15,29,199.0200042724609,0.22390000000000002,0.19290646873403802,0.1489585360553237,0.005859648264689593,0.0073101550734627485
2015-01-16,28,201.6300048828125,0.2095,0.16017571623127713,0.14411181878740567,0.001171228248294676,0.002081900550004338
2015-01-20,30,202.05999755859372,0.1989,0.1666311288986389,0.13915756899825907,0.0012020273303331196,0.003181430111596579
2015-01-21,30,203.0800018310547,0.1885,0.14182221304762457,0.1396131251509975,-0.004108983976449162,-0.0022939036340634718
2015-01-22,29,206.1000061035156,0.16399999999999998,0.12297834800669655,0.13199011927124166,-0.0035660587760266154,-0.0016346678463795062
2015-01-23,28,204.97000122070312,0.1666,0.12615542953731407,0.13285163552314383,-0.004653328457803754,-0.002782651181399127
2015-01-26,30,205.4499969482422,0.1552,0.11669974918832163,0.128504073800801,-0.006065579729726775,-0.004198796863797017
2015-01-27,30,202.7400054931641,0.1722,0.13686510837304075,0.11993813521679106,-0.002563763945244421,-0.0008828219343209684
2015-01-28,30,200.13999938964844,0.20440000000000003,0.17097910812758865,0.11180276296781792,0.002712586785878043,0.0044941438379354865
2015-01-29,29,201.9900054931641,0.18760000000000002,0.1452323107414599,0.10892812363904858,0.00010574172018748241,0.0017362813208338622
2015-01-30,28,199.4499969482422,0.2097,0.17247247534905405,0.10100274696435532,0.0030856800797470483,0.00477741247894707
2015-02-02,30,201.9199981689453,0.1943,0.15137608742646422,0.09264546034181557,0.002857822122325848,0.004634073264648453
2015-02-03,30,204.83999633789065,0.17329999999999998,0.13550950084895616,0.07803643377536296,0.005340759381695759,0.007344997442879804
2015-02-04,30,204.05999755859372,0.1833,0.14948929858446192,0.09139784466124916,0.006656189181274633,0.008621749800861415
2015-02-05,29,206.1199951171875,0.1685,0.13523040655078813,0.08585911110726087,0.008004416832449339,0.009762841757151983
2015-02-06,28,205.5500030517578,0.1729,0.1414224874733383,0.08680497192824677,0.007662763770511669,0.009514789733000784
2015-02-09,30,204.6300048828125,0.1855,0.14482031758143216,0.10157429575930922,0.009677213244109112,0.010477224940887089
2015-02-10,30,206.80999755859372,0.1723,0.14005768135915697,0.10436968272842599,0.003774267064848839,0.005561387209536214
2015-02-11,30,206.92999267578125,0.1696,0.13491357498316398,0.10653305109430206,0.0006321521537499145,0.004117807077832085
2015-02-12,29,208.9199981689453,0.1534,0.11945472562074945,0.10289670813470025,0.00029860714679387756,0.001227787653517128
2015-02-13,28,209.77999877929688,0.1469,0.11951093625869218,0.10366235379944201,0.0020059229678290377,0.0017336365621901878
2015-02-17,30,210.1100006103516,0.158,0.12717117597706684,0.11934020340130833,0.0015476294425728757,0.001724143082402104
2015-02-18,30,210.1300048828125,0.1545,0.11618737698704908,0.12029354650151429,-0.0003766519099189915,-0.001006515921151484
2015-02-19,29,209.97999572753903,0.15289999999999998,0.11688325657199042,0.12232376065164433,-0.0014009820064657202,-0.0014703972452489939
2015-02-20,28,211.2400054931641,0.14300000000000002,0.11740479841198122,0.12260064315112985,-3.920097143286118e-05,4.931269736465323e-05
2015-02-23,30,211.2100067138672,0.1456,0.10917517882384736,0.13081521925119105,-0.0027063685939889854,-0.002643401169546241
2015-02-24,30,211.80999755859372,0.1369,0.10240833430937397,0.13070531183548978,-0.004441843525050824,-0.004158435816591976
2015-02-25,30,211.6300048828125,0.1384,0.10375707146206282,0.13091495098788403,-0.005685488177990587,-0.005746513977443368
2015-02-26,29,211.3800048828125,0.1391,0.11332656052483726,0.13308692738243222,-0.004715229361393378,-0.004842321340423847
2015-02-27,28,210.66000366210935,0.1334,0.10811091275794883,0.13488123357161125,-0.007849742839446564,-0.00834687150022352
2015-03-02,30,211.9900054931641,0.1304,0.1067395109818335,0.13920240636862188,-0.007079755824069221,-0.006796918011065618
2015-03-03,30,211.1199951171875,0.1386,0.11699696407589456,0.13902675857147173,-0.006510620822384434,-0.006245388054060796
2015-03-04,29,210.22999572753903,0.1423,0.11372047256990098,0.14060695897661205,-0.008675896026718635,-0.0083473330345231
2015-03-05,28,210.4600067138672,0.1404,0.11279649818057047,0.14304129639570198,-0.009000271053541077,-0.008751335719803823
2015-03-06,27,207.5,0.152,0.12582437026517337,0.13603835429573266,-0.0034699532183286113,-0.002673148206874344
2015-03-09,30,208.3600006103516,0.1506,0.12565817366192253,0.1312222447952579,0.0041342256434815546,0.001977840228430398
2015-03-10,30,204.97999572753903,0.16690000000000002,0.14010367637948293,0.11917171966158277,0.0047932224632653,0.007337231530594146
2015-03-11,30,204.5,0.16870000000000002,0.1413464271766687,0.12039680030313817,0.003970558342008453,0.006557362523389865
2015-03-12,29,207.1000061035156,0.1542,0.13208081410088085,0.11395745876094386,0.006150642631302774,0.007881280704028276
2015-03-13,28,205.8300018310547,0.16,0.13809824087575684,0.11382821536865095,0.0062161600344555245,0.008309872137027888
2015-03-16,30,208.5800018310547,0.1561,0.1320432869981634,0.1024122406612966,0.010722353431148985,0.011650736841257855
2015-03-17,30,207.9600067138672,0.1566,0.1288899195891426,0.10188933885247914,0.008532626017021214,0.009621256709628326
2015-03-18,30,210.4600067138672,0.13970000000000002,0.11103558317466046,0.10135480884146765,-1.2898370323485113e-05,-0.00031564078302891033
2015-03-19,29,209.5,0.1407,0.11242689581176211,0.10180349174234701,-0.0006805803931105325,0.0017401312052180051
2015-03-20,28,210.41000366210935,0.13019999999999998,0.09969061909427852,0.10241680826852857,-0.003833724115314565,-0.004748735608195883
2015-03-23,30,210.0,0.1341,0.10835732524092777,0.10516553356666383,0.002757950991104139,0.0023291463013639067
2015-03-24,30,208.82000732421875,0.1362,0.11042914732235708,0.10368374144294201,0.001656790976289851,0.0034645885112188743
2015-03-25,30,205.75999450683597,0.15439999999999998,0.13042168059644305,0.09035633453626504,0.005914324811321613,0.00832560783337721
2015-03-26,29,205.2700042724609,0.158,0.13360854410994166,0.09151091749722529,0.005615188631747816,0.008051847238808162
2015-03-27,28,205.7400054931641,0.1507,0.128714740180555,0.09276391206217977,0.004690436648052559,0.007068430329436769
2015-03-30,30,208.25,0.1451,0.12295082718636653,0.08235936566217467,0.00866649192301884,0.009824026511921836
2015-03-31,30,206.42999267578125,0.15289999999999998,0.13252671725563356,0.08414030881692897,0.00838698837813232,0.009866583254168882
2015-04-01,30,205.6999969482422,0.15109999999999998,0.13047224146712902,0.09133218932809828,0.006328922661277579,0.007594899370452626
2015-04-02,29,206.44000244140625,0.1467,0.12760421784540305,0.09201577323420233,0.005805399779279356,0.006557761732489368
2015-04-06,30,207.8300018310547,0.1474,0.12814370596953506,0.09775617173369743,0.008668746363164491,0.007918076573775388
2015-04-07,30,207.27999877929688,0.1478,0.12691278999841954,0.09830423467778789,0.00534531462977295,0.007772512672417834
2015-04-08,30,207.97999572753903,0.1398,0.11661178060199565,0.10773596536710904,-0.0016691620660318227,-0.002437252828206689
2015-04-09,29,208.8999938964844,0.1309,0.10712566125973116,0.10845316000729076,-0.00876465721335797,-0.00852900423504622
2015-04-10,28,210.0399932861328,0.1258,0.10099463389268526,0.10860966815927092,-0.013042011443343503,-0.0072695311127059315
2015-04-13,30,209.08999633789065,0.1394,0.12409261621972831,0.10558283974113454,0.005738609810894466,0.0058358089546879524
2015-04-14,30,209.4900054931641,0.1367,0.11474354960548004,0.11141169337302587,-0.002057387769541506,-0.0018975687340971156
2015-04-15,30,210.42999267578125,0.1284,0.11205877898454587,0.1103765359379466,-0.0027711214412096067,-0.0007908619361665706
2015-04-16,29,210.3699951171875,0.126,0.10906982037853531,0.11225889262827082,-0.004370243309747098,-0.0024409813771283408
2015-04-17,28,207.9499969482422,0.1389,0.11800889007188421,0.10633458725198007,8.541204443104733e-05,0.000595541059968004
2015-04-20,30,209.8500061035156,0.133,0.11105389012720288,0.09834207859146527,0.0001780948867061714,0.0022653577977273516
2015-04-21,30,209.6000061035156,0.1325,0.1122401807107574,0.09877639441674889,0.00036002434845496775,0.002277093591917479
2015-04-22,30,210.6300048828125,0.12710000000000002,0.10625672036928221,0.09764218333187713,0.0006441968950520827,0.0026505060958123914
2015-04-23,29,211.16000366210935,0.12480000000000001,0.10514265258380659,0.09891038596061713,0.0011864142877921738,0.003136708512345142
2015-04-24,28,211.6499938964844,0.1229,0.10668809634144936,0.10031269853788978,0.0027401319401710866,0.004398323979001652
2015-04-27,30,210.7700042724609,0.13119999999999998,0.11105953047281472,0.10811216919112135,-0.001219389026112854,-0.0009544710124883471
2015-04-28,30,211.44000244140625,0.1241,0.10380491188239364,0.10761596089509647,-0.0018866876637699734,-0.0006329328883514642
2015-04-29,30,210.57000732421875,0.13390000000000002,0.1103709783243177,0.10884365544252553,0.0009598518457590592,0.0002113965083692479
2015-04-30,29,208.4600067138672,0.14550000000000002,0.13121790038271255,0.10478028774340073,0.004516873002741867,0.004651589249485072
2015-05-01,28,210.72000122070312,0.127,0.10779124359252172,0.09927386312135572,0.002488555271505236,0.0014574146292202063
2015-05-04,30,211.32000732421875,0.1285,0.11004479602435639,0.09616371021096899,0.007888548023860171,0.007954812631002317
2015-05-05,30,208.8999938964844,0.1431,0.12183252692374824,0.09224313646008458,0.006874107556630346,0.007481979118874621
2015-05-06,30,208.0399932861328,0.1515,0.1320384965641641,0.09130999218194652,0.00822912874727361,0.008950604274568784
2015-05-07,29,208.8699951171875,0.15130000000000002,0.13070936827278118,0.09179038833341954,0.010562447120916113,0.010404596122460003
2015-05-08,28,211.6199951171875,0.1286,0.10838756652426698,0.08059835953231723,0.0056825216920529135,0.007423295281918201
2015-05-11,30,210.6100006103516,0.13849999999999998,0.12490013597577107,0.08931433983756237,0.009090924171634054,0.010258094624317173
2015-05-12,30,209.97999572753903,0.1386,0.11600140026535855,0.0894084855925997,0.004114479741919843,0.007091154777546867
2015-05-13,30,210.0200042724609,0.1376,0.11257122211882876,0.0933374057450771,0.00538859411928187,0.004705285823567734
2015-05-14,29,212.2100067138672,0.1274,0.10227325651641772,0.08750919816355311,0.0011850723100545865,0.003607436122725082
2015-05-15,28,212.44000244140625,0.12380000000000001,0.09923223437709913,0.08897223699373927,0.0005528124452456637,0.0026274429238404484
2015-05-18,30,213.1000061035156,0.1273,0.10317452394809935,0.08880914441378598,0.0006921976334612693,0.003433809279929587
2015-05-19,30,213.02999877929688,0.1285,0.10485437094351228,0.09585396556257816,0.0016775285902093334,0.003013000541625489
2015-05-20,30,212.8800048828125,0.1288,0.1065789765954986,0.10116612978953972,-0.00468434514044761,-0.0016311001895714088
2015-05-21,29,213.5,0.1211,0.1040760863856813,0.1023770206762088,-0.003682631029346895,-0.0016434026853686054
2015-05-22,28,212.9900054931641,0.1213,0.09999020228828938,0.10383071454507774,-0.006785204138025196,-0.004046776675936089
2015-05-26,30,210.6999969482422,0.1406,0.11870503224751089,0.09860740760308477,0.006130560947891027,0.007477174962755636
2015-05-27,30,212.6999969482422,0.13269999999999998,0.1114438883852414,0.09294055339692625,0.0022057940090355584,0.004130425506330076
2015-05-28,29,212.4600067138672,0.1331,0.109548936398814,0.09444451001898099,0.0014671442659837024,0.0034501669702381144
2015-05-29,28,211.13999938964844,0.1384,0.1174708061653273,0.09344513361486681,0.006080818352697718,0.007876697210435695
2015-06-01,30,211.57000732421875,0.13970000000000002,0.11869756910086986,0.11997063602072558,-0.0033795878562754957,-0.0028700283759907114
2015-06-02,30,211.3600006103516,0.1424,0.12249839390743873,0.1199631804913099,-0.0031742898016637396,-0.002029118944184882
2015-06-03,29,211.9199981689453,0.1366,0.11339668698247218,0.12165234156541556,-0.004849079465435806,-0.004492853573823521
2015-06-04,28,210.1300048828125,0.1471,0.1255973387998163,0.11995790277137938,-0.003310541731893875,-0.0013612843774589002
2015-06-05,27,209.7700042724609,0.1421,0.12383674955528336,0.12199635515133933,-0.0043144474258520835,-0.002173210771501037
2015-06-08,30,208.47999572753903,0.15289999999999998,0.1349977764822385,0.1303526031187647,-0.0037428692336708355,-0.006688465349608669
2015-06-09,30,208.4499969482422,0.1447,0.12656517368439155,0.13050399436410648,-0.006742825071180428,-0.007144018509276111
2015-06-10,30,210.9499969482422,0.1322,0.11413947998941056,0.13117538654632568,-0.004702592282616218,-0.004745306380983834
2015-06-11,29,211.6300048828125,0.1285,0.10592725023785053,0.13292840117721716,-0.005850870061739826,-0.005616447485696182
2015-06-12,28,210.00999450683597,0.1378,0.12080269469829653,0.13240573015757573,-0.0044958359887241305,-0.00485626217071967
2015-06-15,30,209.1100006103516,0.1539,0.13469428138791167,0.13354171833440098,6.889307165965505e-05,0.0011179382314580838
2015-06-16,30,210.25,0.1481,0.12848331203210214,0.13509595787603987,-0.00252142259196484,-0.0014961022792665559
2015-06-17,30,210.58999633789065,0.145,0.12713505317178114,0.1350107071624413,-0.0021350180623221906,-0.0010439152536672036
2015-06-18,29,212.77999877929688,0.1319,0.11455978837639877,0.13232272051780392,0.0005782177439208095,-0.0013571053462278723
2015-06-19,28,210.80999755859372,0.1396,0.122067969799661,0.1304101494269984,-0.001949548139584974,-0.0010989329596327586
2015-06-22,30,211.88999938964844,0.1274,0.1103288725412894,0.1256524425762433,0.0021577386236382176,0.0013780471854277104
2015-06-23,30,212.0399932861328,0.1211,0.10261034225451632,0.12716235689461325,-0.0029671981094624594,-0.0020547397258499243
2015-06-24,30,210.5,0.1326,0.11589760250796498,0.12979366150629265,-0.005206590151374515,-0.00472724908007592
2015-06-25,29,209.8600006103516,0.1401,0.1188865966284472,0.13156977027181385,-0.00647492475437769,-0.004847611877548568
2015-06-26,28,209.82000732421875,0.1402,0.11875499151560917,0.13389685137815355,-0.007056843239808374,-0.005382283503228093
2015-06-29,30,205.4199981689453,0.1885,0.15654743186283357,0.11860710649252927,0.005913383154466363,0.006484589639796846
2015-06-30,30,205.8500061035156,0.18230000000000002,0.15244610581899062,0.11838550576626226,0.004485246177448522,0.005595330959150327
2015-07-01,30,207.5,0.1609,0.13964080681567148,0.11518564791700306,0.0028486958261227944,0.004616524661594873
2015-07-02,29,207.30999755859372,0.1679,0.14393644034039454,0.1171096872149568,0.003372715161600798,0.0050415432897401614
2015-07-06,30,206.72000122070312,0.17010000000000003,0.14949852920000048,0.11608547826609203,0.00705767305174621,0.008344321815921847
2015-07-07,30,208.0200042724609,0.1609,0.1431267141155212,0.11755872518000404,0.010955773942953531,0.009116204408960823
2015-07-08,30,204.52999877929688,0.1966,0.1732742277574573,0.10189211550279689,0.01113292691798392,0.012188174194247095
2015-07-09,29,204.8999938964844,0.1997,0.1729905703940899,0.10343543637210695,0.01146972974477698,0.012413774381713599
2015-07-10,28,207.47999572753903,0.16829999999999998,0.14828260708788052,0.09507867810026643,0.0158270637008098,0.01417688836442666
2015-07-13,30,209.7700042724609,0.139,0.11911959777056898,0.09947692048630091,0.004371370244822933,0.005215315214753639
2015-07-14,30,210.67999267578125,0.13369999999999999,0.1128642710812979,0.09842029595628418,0.002022752160657361,0.0036091802750472385
2015-07-15,30,210.6100006103516,0.1323,0.11175189113866721,0.09922716050530904,0.0025573274330533803,0.0035771915646589623
2015-07-16,29,212.3000030517578,0.1211,0.10044825088358293,0.09685855989615547,-0.0006238017140440147,0.0006568820576003707
2015-07-17,28,212.47999572753903,0.1195,0.09531961207476611,0.09852550384636953,-0.0018081416877305367,-0.0005481728616029129
2015-07-20,30,212.58999633789065,0.1225,0.10138382401982161,0.1015052558904578,3.896406490496542e-05,0.0009521386557513448
2015-07-21,30,211.75,0.1222,0.10130781399139664,0.12462182755436066,-0.00043842831370201866,0.0002446356086957631
2015-07-22,30,211.3699951171875,0.12119999999999999,0.09416607843233951,0.16388277677511479,-0.003667991154601807,-0.004538341076468238
2015-07-23,29,210.17999267578125,0.1264,0.10657831556461143,0.16547656384193,-0.004081163033921755,-0.009287356492995584
2015-07-24,28,208.0,0.1374,0.11193174599541715,0.1641444053952861,-0.013587185900636177,-0.015550424869386745
2015-07-27,30,206.7899932861328,0.156,0.12671395996268514,0.2573393169208243,-0.014314078391595361,-0.018776328931889505
2015-07-28,30,209.3300018310547,0.1344,0.11299608666305963,0.26772011453119027,-0.007350915253789576,-0.010772352833217334
2015-07-29,30,210.7700042724609,0.125,0.1077637355911164,0.26665009772713016,-0.004594800512547696,-0.007022083616724059
2015-07-30,29,210.82000732421875,0.1213,0.10342648161931912,0.2712072435840058,-0.005422792031264567,-0.007857865068131341
2015-07-31,28,210.5,0.12119999999999999,0.10089775012000243,0.2759532462546952,-0.006854757719145741,-0.009572361634774902
2015-08-03,30,209.7899932861328,0.12560000000000002,0.1100547156209016,0.29531100597251775,-0.009880205168499018,-0.012739169404547512
2015-08-04,30,209.3800048828125,0.13,0.11340040956505854,0.2952427352394254,-0.011070024703494746,-0.014017630602873364
2015-08-05,30,210.07000732421875,0.1251,0.10984443153819994,0.2997783123849911,-0.010283069268819353,-0.01294308478052641
2015-08-06,29,208.3500061035156,0.1377,0.11258861646514721,0.3035048083685933,-0.013676317530889862,-0.017050449667815337
2015-08-07,28,207.9499969482422,0.13390000000000002,0.11877875586208742,0.30879905177714145,-0.014535791478218558,-0.017895249108126097
2015-08-10,30,210.57000732421875,0.1223,0.10494463204500218,0.3111152883272748,-0.009461492931530653,-0.011860161247891387
2015-08-11,30,208.6699981689453,0.1371,0.11427686102153094,0.31008301298771695,-0.012980947756771614,-0.016026834805251043
2015-08-12,30,208.9199981689453,0.1361,0.11848106957704586,0.3104579585615435,-0.013009582104583006,-0.015845721338882932
2015-08-13,29,208.66000366210935,0.1349,0.11746410943317451,0.31573441152040826,-0.014034710512062754,-0.01701357257480666
2015-08-14,28,209.4199981689453,0.1283,0.11205295922410148,0.3210548350868984,-0.012500289488340097,-0.015326342535629667
2015-08-17,30,210.58999633789065,0.13019999999999998,0.1130354991809545,0.3142901825996636,-0.011959430968077027,-0.014200090399650043
2015-08-18,30,209.97999572753903,0.1379,0.1149799640674172,0.31422533208687214,-0.013833774671550614,-0.016289727867663775
2015-08-19,30,208.32000732421875,0.1525,0.12991480717203271,0.321994054442916,-0.01870987483747256,-0.021109410030064155
2015-08-20,29,203.97000122070312,0.19140000000000001,0.1682249422680249,0.31882681104983757,-0.027143011420008644,-0.02745153931529186
2015-08-21,28,197.8300018310547,0.2803,0.22064952375462443,0.30512754777479706,-0.025992230271088896,-0.020611766212846383
2015-08-24,30,189.5,0.40740000000000004,0.31675557654796266,0.25847808283359563,0.016395201551296704,0.018458080538530423
2015-08-25,30,187.2700042724609,0.3602,0.29007882057860557,0.25547146079719996,0.004603186308222897,0.007304074826534913
2015-08-26,30,194.4600067138672,0.3032,0.2512589612150052,0.2190821378243045,0.019096465829460542,0.0191235530487869
2015-08-27,29,199.2700042724609,0.261,0.21243483716897588,0.20527472609189515,0.0007935477762657169,0.0017291854707406978
2015-08-28,28,199.27999877929688,0.2605,0.20158069069064682,0.20890811068238566,-0.0031054502357278995,-0.002229132178558546
2015-08-31,30,197.6699981689453,0.2843,0.22225107604835642,0.2279361938200501,-0.0010937922864692569,0.0015642211209799467
2015-09-01,30,191.7700042724609,0.314,0.25720982603826686,0.20215291645963268,0.022313957613949113,0.019334845369078466
2015-09-02,30,195.41000366210935,0.2609,0.2140824556851444,0.1980883450887842,0.0070551354076562964,0.005582975637901337
2015-09-03,29,195.5500030517578,0.2561,0.19363854051754587,0.20145869422249646,-0.00020395327106273133,-0.0005111945393692582
2015-09-04,28,192.58999633789065,0.278,0.21026293692143186,0.19749039372329055,-0.0016272755826428806,0.002442999786104526
2015-09-08,30,197.42999267578125,0.249,0.18863187209532434,0.1860846509277752,0.0004684440065365218,0.003026495668990169
2015-09-09,30,194.7899932861328,0.2623,0.19948175687441846,0.18007471053953505,0.0012803414929963342,0.004573478672884181
2015-09-10,29,195.8500061035156,0.2437,0.1861277996298205,0.18213832008635758,-0.0018593437454192164,0.0011332352468922452
2015-09-11,28,196.7400054931641,0.23199999999999998,0.20440401985510398,0.18463799625961178,0.003661182479581446,0.006360392309424921
2015-09-14,30,196.00999450683597,0.2425,0.18346990576217692,0.1800788408981132,-0.0012214490052735148,0.0013084015170986597
2015-09-15,30,198.4600067138672,0.2254,0.17015011858099205,0.18269107592494993,-0.0032842883381249952,-0.0034629930575356374
2015-09-16,30,200.17999267578125,0.21350000000000002,0.16114348313710253,0.18088780420894546,-0.004175309749273779,-0.0019279095915670208
2015-09-17,29,199.72999572753903,0.2114,0.16023639583945698,0.18380680547752762,-0.005604293820037633,-0.0037952214564412143
2015-09-18,28,195.4499969482422,0.2228,0.1939544779093809,0.16992563091884527,0.003139947327118702,0.00473651801351526
2015-09-21,30,196.4600067138672,0.2014,0.15167935519631862,0.164683025247386,-0.006873410033773053,-0.005002219268203013
2015-09-22,30,193.91000366210935,0.22440000000000002,0.16957432171840017,0.16869605960035766,-0.0038749989152765006,-0.0018458773040076234
2015-09-23,30,193.6000061035156,0.2213,0.16657490115739082,0.17283889878407016,-0.005041279525509628,-0.003069867540727605
2015-09-24,29,192.8999938964844,0.2347,0.1769250958593306,0.17532327915728688,-0.003973829565909179,-0.0019465838301285085
2015-09-25,28,192.8500061035156,0.23620000000000002,0.17781382823670208,0.17842413325013642,-0.0045103531074240965,-0.002491891245811546
2015-09-28,30,188.00999450683597,0.2763,0.2087059651700046,0.15338875410809838,0.0008187224113131084,0.002695743049584817
2015-09-29,30,188.1199951171875,0.2683,0.20237901722959742,0.15338827289897294,-0.000459180852558412,0.0013579567645594845
2015-09-30,30,191.6300048828125,0.245,0.22374426402805056,0.13998925933562023,0.0062705218471367265,0.008060467132698278
2015-10-01,29,192.1300048828125,0.2255,0.1862197854633852,0.14208197821664983,0.0009464729501808066,0.0024768472756435543
2015-10-02,28,195.0,0.2094,0.18826113306932812,0.1343219043278784,0.003917600579658325,0.005276036535228277
2015-10-05,30,198.47000122070312,0.1954,0.14660757260406965,0.12227692012030723,0.0002632969103966939,0.0013415874581091279
2015-10-06,30,197.7899932861328,0.19399999999999998,0.15216292059158412,0.12173933383976138,0.0005075575168978872,0.001663691577202347
2015-10-07,30,199.41000366210935,0.184,0.13841548242749752,0.11838172278784481,-0.0010445189406558966,0.0001011392311620626
2015-10-08,29,201.2100067138672,0.17420000000000002,0.13035052897862848,0.1161082895955815,-0.0018186678404577693,-0.000517177296138456
2015-10-09,28,201.3300018310547,0.17079999999999998,0.12733199026326958,0.1181438554182334,-0.0027989367497913025,-0.0015393943088093953
2015-10-12,30,201.5200042724609,0.1617,0.12129661446933278,0.11974737117424866,-0.00467051038742026,-0.0032898745471062574
2015-10-13,30,200.25,0.17670000000000002,0.13316388215547528,0.1275055627256109,-0.0029113151454606676,-0.0015785707063271542
2015-10-14,30,199.2899932861328,0.18030000000000002,0.13616936629362147,0.13239337786167912,-0.002820205145521325,-0.0015569425990496896
2015-10-15,29,202.3500061035156,0.1605,0.12065570299132167,0.12332878696303358,-0.0013475329648804562,-0.001709116242400484
2015-10-16,28,203.2700042724609,0.1505,0.11281409138996878,0.12443857399336611,-0.007939313522434254,-0.004799569878672821
2015-10-19,30,203.3699951171875,0.14980000000000002,0.11274970560255666,0.14227555048889495,-0.012828496913608772,-0.012311600246552553
2015-10-20,30,203.1100006103516,0.1575,0.11853480855175008,0.14223739571763094,-0.011809869662961027,-0.01148759067279637
2015-10-21,30,201.8500061035156,0.16699999999999998,0.12604639558184202,0.14114293070493017,-0.008704163000916974,-0.007459243018590152
2015-10-22,29,205.25999450683597,0.1445,0.12428188517491581,0.13067505651005284,-0.009159066410368734,-0.008600224637502166
2015-10-23,28,207.50999450683597,0.1446,0.10858115920102918,0.1270293936411968,-0.009526891641812219,-0.0059445101025507
2015-10-26,30,207.0,0.15289999999999998,0.1157832014826385,0.12257686615027333,-0.0038593150747626157,-0.002175403117950351
2015-10-27,29,206.6000061035156,0.1543,0.11706923381691244,0.12448336285483548,-0.004975894354757153,-0.003347051237406942
2015-10-28,30,208.9499969482422,0.1433,0.1075881102576246,0.1159272457590485,0.0037241680608006067,0.003964998428806178
2015-10-29,29,208.8300018310547,0.1461,0.1096424756198138,0.11789143828376289,0.003365341397051116,0.003831419269451882
2015-10-30,28,207.92999267578125,0.1507,0.1234650367428631,0.11896044663413885,0.003545426484528038,0.00506307088632759
2015-11-02,30,210.38999938964844,0.14150000000000001,0.10608751648934624,0.11879235053986824,-0.005367410944362012,-0.0025999199752706303
2015-11-03,30,211.0,0.1454,0.10929029013149114,0.12817601636138096,-0.002962397692446498,-0.0019257833579332951
2015-11-04,30,210.3600006103516,0.1551,0.11662977801106193,0.14441573660058074,-0.003729209676427139,-0.0036277176389343177
2015-11-05,29,210.1499938964844,0.1505,0.11293523992747478,0.14684181153138295,-0.005587737289460867,-0.005655980933918279
2015-11-06,28,210.0399932861328,0.1433,0.10728936034331975,0.14942902673121813,-0.007749210431151075,-0.007971087845048387
2015-11-09,30,208.0800018310547,0.16519999999999999,0.12407129587703766,0.1466817100154896,-0.0109059577873962,-0.008442537870814362
2015-11-10,30,208.55999755859372,0.15289999999999998,0.11574571303231948,0.14673709959990258,-0.013109290244423507,-0.010229088084931748
2015-11-11,30,207.7400054931641,0.1606,0.1212029005011611,0.16125530334043206,-0.013416610244977175,-0.016905769500818634
2015-11-12,29,204.83999633789065,0.1837,0.13845195998601004,0.15624501114638353,-0.020055597739248265,-0.017285397804579477
2015-11-13,28,202.5399932861328,0.20079999999999998,0.1514393059875302,0.1536953545567936,-0.006232671285202116,-0.0024221009733765256
2015-11-16,30,205.6199951171875,0.1816,0.1381374570431606,0.15322931081082844,-0.016951474940927008,-0.01580436950028355
2015-11-17,30,205.47000122070312,0.1884,0.14208186712770998,0.1623007316078059,-0.01679038050995164,-0.014511652372640231
2015-11-18,30,208.72999572753903,0.1685,0.12649263562538304,0.17401697579102368,-0.014988308854831663,-0.015531949820848419
2015-11-19,29,208.5500030517578,0.1699,0.1276695063197506,0.17696537624763517,-0.016077989698075813,-0.01661014167517367
2015-11-20,28,209.30999755859372,0.1547,0.12469917876682465,0.1796182425481925,-0.01308155621176512,-0.013846619659966055
2015-11-23,30,209.07000732421875,0.1562,0.11722584514244719,0.1837190147569472,-0.019201673343750808,-0.020805107712934104
2015-11-24,30,209.3500061035156,0.1593,0.11982638383103629,0.18375003978503957,-0.018128509733516367,-0.019324854000335994
2015-11-25,29,209.32000732421875,0.1519,0.11392344409657484,0.18689060213813685,-0.01983512951173648,-0.021192443780148413
2015-11-27,27,209.55999755859372,0.1512,0.11320597049594582,0.1936430057532934,-0.019866323303602485,-0.021127950359867715
2015-11-30,30,208.69000244140625,0.1613,0.1301585694639114,0.18864660995687862,-0.01844052854238566,-0.01736144509204845
2015-12-01,30,210.67999267578125,0.1467,0.11038837716221443,0.18900129893497503,-0.017488558349018378,-0.01716590019840774
2015-12-02,29,208.52999877929688,0.1591,0.11981774753934696,0.18875647083312047,-0.02079554694345671,-0.020333252816618977
2015-12-03,28,205.6100006103516,0.18109999999999998,0.13659426881388498,0.18522743057132007,-0.018972063680977935,-0.01816217372284682
2015-12-04,27,209.6199951171875,0.1481,0.11080002073922288,0.17474690178951893,-0.013623244236117011,-0.013691771818553914
2015-12-07,30,208.3500061035156,0.15839999999999999,0.11938443699636078,0.17731398949076368,-0.017025330674615,-0.015929768226350283
2015-12-08,30,206.9499969482422,0.17600000000000002,0.13512068456544327,0.19509500417535006,-0.014161141444180583,-0.011938258673121375
2015-12-09,30,205.33999633789065,0.1961,0.1486445754894403,0.19698244689745073,-0.009886945081204041,-0.008083289176926235
2015-12-10,29,205.8699951171875,0.1934,0.1467247222142844,0.20014108593491142,-0.010942205906777048,-0.008960755359983056
2015-12-11,28,201.8800048828125,0.2439,0.18664102398787122,0.19103363532795678,0.0001804862691831288,-0.0024571902189155907
2015-12-14,30,202.8999938964844,0.2273,0.17265240599477286,0.2056957862952521,-0.006456194180525826,-0.006270995900572887
2015-12-15,30,205.02999877929688,0.2095,0.15856823001750742,0.21026154593181637,-0.00764762381783731,-0.007140294444460143
2015-12-16,30,208.02999877929688,0.17859999999999998,0.13533461719290757,0.2176506323592829,-0.008527160642905117,-0.007463710582869624
2015-12-17,29,204.8600006103516,0.1894,0.1455544387008575,0.2145637426919165,-0.00743977787127209,-0.007205964608530762
2015-12-18,28,200.0200042724609,0.207,0.15665231368850646,0.20057364380747578,-0.005694145989065072,-0.0062365246581742
2015-12-21,30,201.6699981689453,0.187,0.1543310746607996,0.19690653299275923,-0.006275357423828595,-0.006708878484338201
2015-12-22,30,203.5,0.166,0.12538098382890253,0.19534344706885828,-0.007791817324510499,-0.008032525451883453
2015-12-23,30,206.0200042724609,0.1557,0.11745447791632235,0.20330704985943643,-0.004891400058828538,-0.0044454690702266965
2015-12-24,29,205.67999267578125,0.1574,0.12463000439559953,0.20669958880883013,-0.0050426820803885185,-0.004659047384306177
2015-12-28,30,205.2100067138672,0.1691,0.1274802728512587,0.21851947985121634,-0.007629499696813409,-0.007355263774251104
2015-12-29,30,207.3999938964844,0.16079999999999997,0.12105750645668577,0.2161207464075785,-0.005397380036241019,-0.00472614414106979
2015-12-30,30,205.92999267578125,0.1729,0.1305040608259416,0.23054352055626318,-0.0062724506744032795,-0.005870078327306643
2015-12-31,29,203.8699951171875,0.1821,0.1513814991048475,0.23175611135914437,-0.006862972976924977,-0.00663558436537641
2016-01-04,30,201.0200042724609,0.207,0.15625942593182554,0.2323134946971743,-0.010712280823728531,-0.00964357060542514
2016-01-05,30,201.3600006103516,0.1934,0.14558416911362562,0.2323030109790516,-0.011511126843054342,-0.01083964431979838
2016-01-06,30,198.82000732421875,0.2059,0.16375765924891367,0.2377078930935004,-0.01344899909997732,-0.011795733447039845
2016-01-07,29,194.0500030517578,0.24989999999999998,0.18898445699503255,0.22590089065507366,-0.012282966530838891,-0.012466675415689498
2016-01-08,28,191.9199981689453,0.2701,0.20418767276248076,0.2264193658398149,-0.013215249439391544,-0.011899582545755218
2016-01-11,30,192.1100006103516,0.243,0.18336007961979092,0.22378524688628132,-0.018250078512740624,-0.01439434075372169
2016-01-12,30,193.66000366210935,0.22469999999999998,0.1694858687196424,0.22667152376780209,-0.020680977272788784,-0.017758339250857662
2016-01-13,30,188.8300018310547,0.2522,0.19046714129295916,0.22064812221110855,-0.008226478600684909,-0.0056299255948100025
2016-01-14,29,191.92999267578125,0.2395,0.1806550170023823,0.2168573966156733,-0.012065839924375314,-0.008830186524293357
2016-01-15,28,187.80999755859372,0.2702,0.2048067800073558,0.2063209858802018,0.0012874221033453404,0.0024805331607450696
2016-01-19,30,188.05999755859372,0.2605,0.1969180129996519,0.215676546144324,-0.0079908497413881,-0.006764483921791957
2016-01-20,30,185.6499938964844,0.2759,0.20870826674365014,0.21093849464999284,-0.004255657158675977,-0.0019081671683833822
2016-01-21,29,186.69000244140625,0.2669,0.20127053463486275,0.21362719528763308,-0.006617453208595697,-0.004660646962732664
2016-01-22,28,190.5200042724609,0.2234,0.1682153959533603,0.2046716734597561,-0.009990150878696272,-0.00928279452510488
2016-01-25,30,187.63999938964844,0.2415,0.18198656319292164,0.20250492539045678,-0.008653425463383928,-0.005507530988273566
2016-01-26,30,190.1999969482422,0.225,0.1759146120879417,0.20133933853952188,-0.007826669911638913,-0.005022739965738363
2016-01-27,30,188.1300048828125,0.2311,0.18173260545824543,0.19785143743586342,-0.006909622655687152,-0.004032584442091042
2016-01-28,29,189.1100006103516,0.2242,0.17607388101729202,0.20038779273721863,-0.008599029320316124,-0.005784129340367569
2016-01-29,28,193.72000122070312,0.20199999999999999,0.17388206883731178,0.18446559376737937,-0.0010412144927306301,-0.0005987261399670115
2016-02-01,30,193.6499938964844,0.1998,0.1625222383741766,0.19830391946275555,-0.016220566916597304,-0.01813335773023842
2016-02-02,30,190.16000366210935,0.2198,0.1911654628306856,0.18837863197462906,-0.0008488435551864749,-0.0020396144540140186
2016-02-03,30,191.3000030517578,0.2165,0.18436903112899194,0.18756392689091453,-0.0040482282940844695,-0.004875585731677974
2016-02-04,29,191.6000061035156,0.2184,0.18470997931843453,0.19068936112352827,-0.004819687423632079,-0.005589691908643337
2016-02-05,28,187.9499969482422,0.23379999999999998,0.20461786110101615,0.18121423456165045,0.002420030812688185,0.0027033429602717042
2016-02-08,30,185.4199981689453,0.26,0.22485212609978125,0.17373575235486066,0.003157862302852825,0.004501503058697352
2016-02-09,30,185.42999267578125,0.26539999999999997,0.22843999557772074,0.17375817693147125,0.002940856505929546,0.004360926112985263
2016-02-10,30,185.2700042724609,0.26289999999999997,0.22711790464574327,0.18248490116568916,0.0019130721922054389,0.0033757747015465567
2016-02-11,29,182.8600006103516,0.2814,0.2380673897309043,0.17969778771244013,0.0022207534314968636,0.003897501735542598
2016-02-12,28,186.6300048828125,0.254,0.22407539665846332,0.1673790987551083,0.0042295445350364145,0.005497497288724302
2016-02-16,30,189.77999877929688,0.24109999999999998,0.19703058532536655,0.15389534908926963,0.0015067515831596572,0.0028361629599807084
2016-02-17,30,192.8800048828125,0.2231,0.184074483449817,0.143205631326082,0.002394995363429695,0.0038141687088354545
2016-02-18,29,192.08999633789065,0.2164,0.17767446960263883,0.1449241371537397,0.0002431098006583002,0.0015226105230805131
2016-02-19,28,192.0,0.2053,0.17150039922509092,0.1474796601311631,-0.0015113877059921086,-0.00031585673095220327
2016-02-22,30,194.77999877929688,0.1938,0.1724134472107342,0.1354524992989036,0.0010878382027275603,0.0028089226679090763
2016-02-23,30,192.32000732421875,0.20980000000000001,0.18283882592961556,0.12800120353368302,0.001861268757835204,0.003317716718449035
2016-02-24,29,193.1999969482422,0.2072,0.180953572840898,0.1291780653407978,0.0017009179075829362,0.003230905767661983
2016-02-25,28,195.5399932861328,0.1911,0.16258585469350517,0.12407080610751588,0.0010478631455710897,0.0027664838629854814
2016-02-26,27,195.08999633789065,0.1981,0.17385644244294268,0.1260632293161761,0.002026443145759328,0.0037308550273700974
2016-02-29,30,193.55999755859372,0.20550000000000002,0.18242217979461156,0.1217269782647274,0.002485821188171573,0.004406496081603636
2016-03-01,30,198.1100006103516,0.177,0.15428265330875662,0.09121944550926141,0.008383279808764582,0.010172360989797208
2016-03-02,30,199.0,0.1709,0.1453467739076662,0.09293697930108459,0.007721818881819627,0.00931430072724352
2016-03-03,29,199.77999877929688,0.16699999999999998,0.1376272720249408,0.09350139151108165,0.00693186146127114,0.008397601414981803
2016-03-04,28,200.42999267578125,0.1686,0.14412720927959574,0.09443092600318972,0.00879193860188709,0.010147737555941604
2016-03-07,30,200.58999633789065,0.17350000000000002,0.14501075017359816,0.10537718226515007,0.0075781781578062165,0.00883252760095737
2016-03-08,30,198.3999938964844,0.1867,0.1567777238322289,0.10677660146204826,0.0074383882795597475,0.00890666708825529
2016-03-09,30,199.3800048828125,0.1834,0.15413468718470574,0.10580211365470445,0.007752342502338424,0.009060542928593455
2016-03-10,29,199.5399932861328,0.1805,0.14065330028585196,0.10757319642187153,0.005077422588854656,0.006336946529930536
2016-03-11,28,202.75999450683597,0.165,0.1301823513115981,0.09297672225499372,0.006799996972594015,0.00856554756747476
2016-03-14,30,202.5,0.16920000000000002,0.1273196062332328,0.10193090444343747,0.005491052823278414,0.0063430100027939106
2016-03-15,30,202.1699981689453,0.1684,0.1271024713314744,0.10177216392050921,0.004487742412702456,0.00545346402169415
2016-03-16,30,203.33999633789065,0.1499,0.12360743073557376,0.0998365060409632,0.0027284184167455983,0.0037997277001946034
2016-03-17,29,204.6300048828125,0.1444,0.1173238857207081,0.0990336301488048,0.00017741501736907481,0.0015156048121083541
2016-03-18,28,204.3800048828125,0.1402,0.11361719687023375,0.10068988358005475,-0.0011286422355853284,8.846007883769935e-05
2016-03-21,30,204.6699981689453,0.1379,0.10877328363490087,0.10082820841844478,-0.0024208695974802883,-0.00014530634450446783
2016-03-22,30,204.55999755859372,0.1417,0.10937494136354307,0.10255078217187265,-0.002394202604667741,-0.00021147578089662368
2016-03-23,30,203.2100067138672,0.1494,0.11722827827682476,0.09991620054576665,-0.0003178445978156528,0.0015473602170425547
2016-03-24,29,203.1199951171875,0.1474,0.12923970919338781,0.1016121374662193,0.0017208951059595585,0.003667647498480948
2016-03-28,30,203.2400054931641,0.1524,0.1223399674680783,0.10045421168223544,-0.00018867684160742376,0.0017202987621408384
2016-03-29,30,205.1199951171875,0.1382,0.10423938354373824,0.1003538580635737,-0.0015195774161385802,0.0003506425664731284
2016-03-30,30,206.0200042724609,0.1356,0.10771006229586091,0.10096653947459296,0.0028183880965031334,0.0025312469944821395
2016-03-31,29,205.5200042724609,0.13949999999999999,0.11892742262121393,0.10233012064877553,0.004020859838191679,0.004476304246927753
2016-04-01,28,206.9199981689453,0.131,0.10917348576903783,0.10121578689508794,0.002763378898782487,0.0037993350866016313
2016-04-04,30,206.25,0.1412,0.11665208894104041,0.1072690081705478,0.0011549267171884659,0.003661650701548994
2016-04-05,30,204.19000244140625,0.1542,0.13385613469475643,0.10139601914400356,0.008662557955701726,0.009542553909721401
2016-04-06,30,206.4199981689453,0.1409,0.11665354211471105,0.09491049577668725,0.006303928432774326,0.006919690009554017
2016-04-07,29,203.9499969482422,0.1616,0.13345526091546556,0.08657188711596954,0.009177049619784203,0.011586567287655189
2016-04-08,28,204.5,0.1536,0.14042113102561848,0.08756604477334419,0.01224919869155522,0.01394117035207604
2016-04-11,30,204.0200042724609,0.16260000000000002,0.14257019371204768,0.10015161364926596,0.009251564854001021,0.010163847292876222
2016-04-12,30,205.9199981689453,0.1485,0.12144208264895907,0.09479412648921863,0.006711652655874215,0.00697722522467333
2016-04-13,30,208.0,0.1384,0.11202642844087154,0.09321478260029809,0.0007250828228794609,0.002360858746774329
2016-04-14,29,208.00999450683597,0.13720000000000002,0.11202420404493432,0.09480815987110185,0.0003220262904543163,0.0019425592708106805
2016-04-15,28,207.77999877929688,0.1362,0.11476229118516058,0.09640359708933743,0.0005257571119774704,0.0021301005508056413
2016-04-18,30,209.2400054931641,0.1335,0.11567305890515049,0.10159226765903925,0.0010234566316465951,0.001563635172086996
2016-04-19,30,209.8999938964844,0.1324,0.10833764288068418,0.1017197285914657,-0.0007798871347969883,5.31419081452636e-05
2016-04-20,30,210.1000061035156,0.1328,0.10865904146842496,0.10401143780226636,-0.0011278412250494904,-0.00021832622678773187
2016-04-21,29,208.97000122070312,0.13949999999999999,0.11289860222646496,0.1040450544382743,-0.0006224748058612871,0.00020997315552829775
2016-04-22,28,208.97000122070312,0.1322,0.11126713951741393,0.10588670280048665,-0.001421858935480368,-0.0006068940825780344
2016-04-25,30,208.6100006103516,0.1408,0.11439803849320553,0.11412738758365139,-0.0020220809371075898,-0.00019201003306500955
2016-04-26,30,208.9199981689453,0.1396,0.11262566585111229,0.11401417990928882,0.00026180577348246465,0.001059815303160343
2016-04-27,30,209.3500061035156,0.1377,0.11275725876646693,0.11476810950509106,-0.0005520313860340197,0.0012412552782605883
2016-04-28,29,207.4499969482422,0.1522,0.12532928781095964,0.11215931107117681,0.0010140335979949716,0.003466340689850766
2016-04-29,28,206.3300018310547,0.157,0.1276270643667325,0.11245871613328605,0.0009432054376983663,0.002829858867487813
2016-05-02,30,207.97000122070312,0.14679999999999999,0.11799967844093587,0.10552891448470728,0.0030475625284545733,0.0045698541709022975
2016-05-03,30,206.16000366210935,0.156,0.1278330524237444,0.10158283665022051,0.003664180913807409,0.005329183775444803
2016-05-04,30,205.00999450683597,0.1605,0.13381068791653727,0.10023595789722617,0.0040350075485887475,0.005680662955994406
2016-05-05,29,204.97000122070312,0.1591,0.1333624590090153,0.10194716760298148,0.0033918093805672383,0.005024138852929299
2016-05-06,28,205.72000122070312,0.1472,0.12678786029499142,0.10291022982903171,0.002287159368887698,0.0038751424437971148
2016-05-09,30,205.88999938964844,0.1457,0.12298983350325023,0.10172551101993177,0.001423664465625205,0.0035001059780098514
2016-05-10,30,208.4499969482422,0.1363,0.1140436393826684,0.0922656920516711,0.004394440741822618,0.006440660161944244
2016-05-11,30,206.5,0.1469,0.12524858386027507,0.0924201961272476,0.004937059313479995,0.006897584356547372
2016-05-12,29,206.55999755859372,0.1441,0.12114726139168805,0.09399449296311789,0.0036587258219767317,0.0056021362108603975
2016-05-13,28,204.75999450683597,0.15039999999999998,0.1288943601772068,0.0902879236494794,0.003487960997692217,0.005306253599623608
2016-05-16,30,206.77999877929688,0.14679999999999999,0.122743995719637,0.08506441715286395,0.009933920294785367,0.009785615970785278
2016-05-17,30,204.8500061035156,0.1557,0.13169870778124582,0.07920928873063766,0.007201500290199342,0.008281569394764049
2016-05-18,30,204.91000366210935,0.1595,0.135886798769483,0.08509230782832083,0.008495999662055165,0.009214581639574063
2016-05-19,29,204.1999969482422,0.16329999999999997,0.13697817101088136,0.08566647444814446,0.006569556523761258,0.007610229517265652
2016-05-20,28,205.4900054931641,0.152,0.12448930002918882,0.08416569839001964,0.0071941598839618025,0.007550598558761375
2016-05-23,30,205.2100067138672,0.1582,0.13135435359650707,0.08497376496549568,0.007642191874989244,0.00969268728645894
2016-05-24,30,207.8699951171875,0.1442,0.11983435942716411,0.08508366076314679,0.005066016635222731,0.003993486827511665
2016-05-25,30,209.27999877929688,0.139,0.11250066306710323,0.1515063915805527,-0.04645409697723457,-0.03504481768300374
2016-05-26,29,209.33999633789065,0.1343,0.10562003548847239,0.1540930764900697,-0.049967712336664125,-0.03841896359916195
2016-05-27,28,210.2400054931641,0.13119999999999998,0.10238304021889649,0.15605378460325675,-0.04177873215429823,-0.07942929821304878
2016-05-31,30,209.83999633789065,0.1419,0.11404117723322611,0.19039368242645135,-0.025193374654307644,-0.028012577194893924
2016-06-01,30,210.2700042724609,0.142,0.10729775843595085,0.19040045403303654,-0.02409541254791503,-0.02908352000277801
2016-06-02,29,210.91000366210935,0.1363,0.10194032872028753,0.19335502847834055,-0.0241499522568892,-0.03224212602619988
2016-06-03,28,210.27999877929688,0.13470000000000001,0.11083944832392803,0.19648085373953306,-0.02340137978420408,-0.028117459041388668
2016-06-06,30,211.3500061035156,0.1365,0.11241642480656289,0.1917988477035003,-0.020464501836654093,-0.02181241422212258
2016-06-07,30,211.67999267578125,0.1405,0.1118179374941117,0.19173384131870888,-0.019368982672130452,-0.02099055062159781
2016-06-08,30,212.3699951171875,0.1408,0.11113951241528654,0.19821968078067312,-0.01992791805620596,-0.020974646214900344
2016-06-09,29,212.0800018310547,0.1464,0.11517189277647207,0.20155000576167184,-0.0224183964503519,-0.021216128905357044
2016-06-10,28,210.07000732421875,0.1703,0.12827403679277324,0.20221546923145886,-0.0270813541169891,-0.025574511514978828
2016-06-13,30,208.4499969482422,0.2097,0.15955801887835167,0.1955099073706808,-0.012636268973421702,-0.009422155140045279
2016-06-14,30,208.0399932861328,0.205,0.155401342020826,0.1963521077205218,-0.014504379685621537,-0.011274318469639326
2016-06-15,30,207.75,0.2014,0.15258186576541752,0.19634768146787374,-0.015769775987453022,-0.012527057763044832
2016-06-16,29,208.3699951171875,0.1937,0.14739286612226674,0.1994242797513263,-0.017283031473857,-0.014217794997274413
2016-06-17,28,206.5200042724609,0.1941,0.1479944619415451,0.2003837633475955,-0.01834197624620633,-0.014748442621728008
2016-06-20,30,207.8500061035156,0.1837,0.13905878791791107,0.1930946927612883,-0.019108645469932836,-0.015920619213544474
2016-06-21,30,208.44000244140625,0.1848,0.14019756381392476,0.19329264854995962,-0.018076103069978814,-0.015065881056475832
2016-06-22,30,208.1000061035156,0.21170000000000003,0.16073344633146586,0.19383828626896527,-0.012465483092093556,-0.009530036273412115
2016-06-23,29,210.80999755859372,0.1725,0.1309655223692948,0.19173400074689897,-0.015428193291166558,-0.013356584659264594
2016-06-24,28,203.2400054931641,0.2576,0.19644005045956348,0.14367206513968397,0.0010880761641696643,0.0029004072744047466
2016-06-27,30,199.6000061035156,0.23850000000000002,0.18056910457115155,0.1240893565714381,-0.001940511197654654,-0.0005377987942536566
2016-06-28,30,203.1999969482422,0.1875,0.14169033880273227,0.10736291994804588,-0.0026531460099960043,-0.0013970580460116772
2016-06-29,30,206.66000366210935,0.1664,0.12556196605656716,0.08994451167703003,-0.0008360116526536414,0.0005706893178637503
2016-06-30,29,209.47999572753903,0.1563,0.117645523405646,0.07782670669242518,0.0012935443584386123,0.0029091758202693164
2016-07-01,28,209.9199981689453,0.1477,0.11693254230247564,0.07884114377117339,0.0011467976403109275,0.0027811862549193002
2016-07-05,30,208.41000366210935,0.1558,0.12852403608434856,0.07613082587590086,0.0016462278909902337,0.003247614407277247
2016-07-06,30,209.66000366210935,0.1496,0.12634210174598925,0.0785372794548296,0.002955142000517758,0.004555471336200821
2016-07-07,29,209.52999877929688,0.1476,0.12245811708279873,0.07984957862738067,0.0016970648279668315,0.0032648051238566653
2016-07-08,28,212.6499938964844,0.132,0.10640842486734767,0.06128440387566965,0.006014057914881339,0.007477117729789131
2016-07-11,30,213.3999938964844,0.1354,0.11220967492478559,0.058633923757844326,0.007141828114371198,0.00867908186958966
2016-07-12,30,214.9499969482422,0.1355,0.11101064444818529,0.055330867990095026,0.009976203022107222,0.011281099107986662
2016-07-13,30,214.9199981689453,0.1304,0.10544818268491768,0.05541174805524997,0.008331655666974662,0.00968496259919635
2016-07-14,29,216.1199951171875,0.1282,0.1023100959859453,0.05278393999925542,0.009585436997796229,0.01089862519510621
2016-07-15,28,215.8300018310547,0.1267,0.09903097011977087,0.053499042295847225,0.008039703706043682,0.009321512764944079
2016-07-18,30,216.41000366210935,0.1244,0.1028018638608632,0.05525300060085937,0.009715606940794584,0.011561123475209902
2016-07-19,30,216.19000244140625,0.1197,0.09395291779580854,0.0556904998503878,0.006990110634467014,0.008824901992551233
2016-07-20,30,217.08999633789065,0.1177,0.09399764032399005,0.05401391040697227,0.008910200597969101,0.010510074532802545
2016-07-21,29,216.2700042724609,0.1274,0.10212403713232109,0.05327152249029141,0.008978033882709461,0.010684734803332747
2016-07-22,28,217.2400054931641,0.1202,0.09571464068464895,0.051750804135682185,0.009570446198435667,0.010995758674793441
2016-07-25,30,216.6499938964844,0.12869999999999998,0.10128372917911843,0.05271430028331998,0.010606346138097914,0.011687220006020854
2016-07-26,30,216.75,0.1305,0.10221360761258888,0.05274446966758332,0.011888975858453006,0.012687382026963765
2016-07-27,30,216.5200042724609,0.1283,0.10567111882636548,0.053023595971725686,0.013047149990547067,0.013372424670575825
2016-07-28,29,216.7700042724609,0.1272,0.10131471315241812,0.053774435617997725,0.012714883507066399,0.01261335771300797
2016-07-29,28,217.1199951171875,0.11869999999999999,0.0945989195018324,0.05441541400915863,0.012402055955122854,0.01146204806274011
2016-08-01,30,216.94000244140625,0.1244,0.09981784523734796,0.056397374720844655,0.012641754303011041,0.012423889362556503
2016-08-02,30,215.5500030517578,0.13369999999999999,0.10569184392662599,0.05174926455601181,0.009796237045679737,0.011496811924417238
2016-08-03,30,216.17999267578125,0.1286,0.10071835763816349,0.05310839437501936,0.01003422849524975,0.011843005281827938
2016-08-04,29,216.41000366210935,0.1242,0.10055182423408554,0.05388438677975436,0.010144443531681438,0.011949893200299043
2016-08-05,28,218.17999267578125,0.1139,0.08812374281310936,0.04628492006180534,0.011562243523872882,0.01088433316175259
2016-08-08,30,218.0500030517578,0.115,0.08667673231769979,0.045891845147167445,0.010540248111464656,0.011491508984255099
2016-08-09,30,218.17999267578125,0.1166,0.08774582512175956,0.046532773278609156,0.012345124299826586,0.011855523188053834
2016-08-10,30,217.63999938964844,0.12050000000000001,0.09096750680275477,0.09607879710183101,-0.018911520502894838,-0.021336335280910685
2016-08-11,29,218.6499938964844,0.1168,0.08999693899636639,0.09633093495403194,-0.006855825699489928,-0.0346975458688604
2016-08-12,28,218.4600067138672,0.1155,0.08773950073819704,0.09798578713988917,-0.010539232962575374,-0.03718135057111703
2016-08-15,30,219.08999633789065,0.11810000000000001,0.08924641977156915,0.11782141751923197,-0.006663246589471338,-0.012841923192013186
2016-08-16,30,217.9600067138672,0.1264,0.09616431317938393,0.12148863730410114,-0.011322263778729294,-0.014017523568676702
2016-08-17,30,218.3699951171875,0.1219,0.09157311592408988,0.12523096503624948,-0.010930193618261707,-0.014129532965386956
2016-08-18,29,218.8600006103516,0.1143,0.08597333787675453,0.1271233596968485,-0.009939947660289593,-0.014698639367324143
2016-08-19,28,218.5399932861328,0.1134,0.08479516664424568,0.1292655950047726,-0.012038455617363478,-0.016397099299269014
2016-08-22,30,218.52999877929688,0.12269999999999999,0.09235294921306365,0.13083397648681777,-0.012525446044616896,-0.0132746107063134
2016-08-23,30,218.97000122070312,0.12380000000000001,0.0947274757360837,0.13247037145854873,-0.010929108380838907,-0.01185219093838569
2016-08-24,30,217.8500061035156,0.13449999999999998,0.10467636521398287,0.13264896811561816,-0.011823978480305903,-0.010204374603180697
2016-08-25,29,217.6999969482422,0.1363,0.10508975292739636,0.13489450238341008,-0.012418777152796531,-0.010574711664347662
2016-08-26,28,217.2899932861328,0.1365,0.1031373423402506,0.1371133767809123,-0.014285828283860089,-0.011909765891628975
2016-08-29,30,218.3600006103516,0.1294,0.09963163974442484,0.13719561362829755,-0.013108004066915747,-0.011313175493026349
2016-08-30,30,218.0,0.13119999999999998,0.09856389523037237,0.14069286744127069,-0.015062213811113083,-0.014102523254570563
2016-08-31,30,217.3800048828125,0.13419999999999999,0.10601612177942922,0.14277053903000822,-0.014042108835049513,-0.012424264182179977
2016-09-01,29,217.38999938964844,0.1348,0.10553721832383861,0.14521114625584128,-0.01460734547353763,-0.012997390466142011
2016-09-02,28,218.3699951171875,0.1198,0.09507139365009329,0.1468864668538629,-0.01601336370537227,-0.015026727227550496
2016-09-06,30,219.02999877929688,0.1202,0.09277204603402622,0.1437283322115354,-0.01522183161999147,-0.013704546921397628
2016-09-07,30,219.00999450683597,0.11939999999999999,0.09246408894000452,0.1442266185704233,-0.015380652866965246,-0.013895417241016525
2016-09-08,29,218.50999450683597,0.1251,0.09816600266602109,0.1464679273981584,-0.01438220757091002,-0.012610557182576906
2016-09-09,28,213.27999877929688,0.175,0.14486334129167402,0.12069978841162483,0.007747421660223831,0.008538739925442589
2016-09-12,30,216.33999633789065,0.1516,0.11443078630938583,0.11594364456988261,-0.0026530016137630568,-0.002148955101781829
2016-09-13,30,213.22999572753903,0.17850000000000002,0.13670913063737283,0.10499026963390701,0.012517141807260962,0.01172679682893586
2016-09-14,30,213.1499938964844,0.1814,0.1462837971709202,0.10499755392690724,0.017522031830832,0.015270523395816124
2016-09-15,29,215.27999877929688,0.163,0.12669948936876657,0.10079797155061801,0.005750401891962713,0.007552052838309959
2016-09-16,28,213.3699951171875,0.1537,0.1269915844530033,0.097405355813741,0.01149506764856948,0.010990291537306747
2016-09-19,30,213.41000366210935,0.1553,0.12753698107256234,0.09778823212520889,0.011018340609474661,0.011840542999030746
2016-09-20,30,213.4199981689453,0.1592,0.129259187291167,0.09800503035239204,0.013253368515366275,0.012695685822689989
2016-09-21,30,215.82000732421875,0.133,0.11351997303100309,0.08992310366882982,0.005390641957314291,0.007239975357733066
2016-09-22,29,217.17999267578125,0.1202,0.1002703203465734,0.08870370849093963,-0.00036050622946264124,0.0012224384800538406
2016-09-23,28,215.9900054931641,0.1229,0.10154162500655622,0.08806725902020714,0.0016334409094058832,0.003488237721382798
2016-09-26,30,214.2400054931641,0.145,0.12415082782601809,0.0826974710742085,0.01579883085650043,0.015326070326582628
2016-09-27,30,215.57000732421875,0.131,0.11006451243158101,0.08037183592574136,0.008061670578283223,0.009702686802586957
2016-09-28,30,216.63999938964844,0.12390000000000001,0.10074036317440772,0.07917038171540894,0.0036138569402561233,0.005014448907237111
2016-09-29,29,214.67999267578125,0.1402,0.11908827412251265,0.07378658668149152,0.01224102933418107,0.014140608186046235
2016-09-30,28,216.3000030517578,0.1329,0.11046062752550848,0.07001539225912919,0.007634011543997895,0.009037628493888268
2016-10-03,30,215.77999877929688,0.13570000000000002,0.11502631545645496,0.07477720322727276,0.008468751217446767,0.010098385174605998
2016-10-04,30,214.67999267578125,0.1363,0.11911606330766672,0.07436323996445424,0.0100977566394351,0.011641626218938012
2016-10-05,30,215.6300048828125,0.12990000000000002,0.11158506499175556,0.07285235195383646,0.007170879057882814,0.008710709111571256
2016-10-06,29,215.77999877929688,0.1284,0.11124223514511983,0.07405670375099556,0.006554318439747099,0.008074779003017233
2016-10-07,28,215.0399932861328,0.1348,0.11700082281212082,0.07433992873960253,0.008061209043308344,0.009578034421948522
2016-10-10,30,216.16000366210935,0.1338,0.11232571678384501,0.11054332384186281,0.004128223661490142,0.004490980775464952
2016-10-11,30,213.42999267578125,0.1536,0.13396745754755737,0.10163637501219037,0.005541409219310035,0.007758715735762471
2016-10-12,30,213.7100067138672,0.1591,0.13543483743323728,0.10185199570012514,0.006148406263583276,0.00828170011555798
2016-10-13,29,213.00999450683597,0.16690000000000002,0.14030793221613544,0.10293719201310642,0.005987728102176404,0.008082512773094973
2016-10-14,28,213.1199951171875,0.1612,0.13705854171965798,0.10474264576613151,0.004814487828395052,0.006958232434965814
2016-10-17,30,212.3800048828125,0.16210000000000002,0.13555290274532164,0.10429737872581617,0.004137620302415736,0.0063435121716057166
2016-10-18,30,213.7100067138672,0.1528,0.12957226412353992,0.10355508328409804,0.004660961678850246,0.0066703349772193115
2016-10-19,30,214.27999877929688,0.1441,0.12248089012458727,0.10343301566245039,0.0034128075201841934,0.00547998389395883
2016-10-20,29,213.8800048828125,0.1375,0.11502721989068701,0.10499218893718058,0.0007648965287981431,0.0029935644572195805
2016-10-21,28,213.97999572753903,0.1334,0.11231863807509355,0.10683727505386248,-0.00011794456235983923,0.0021469849640808215
2016-10-24,30,214.88999938964844,0.13019999999999998,0.10846061672218664,0.10570082851007917,-0.0009426838912754954,0.0018755465212705927
2016-10-25,29,214.1699981689453,0.1346,0.1139687321854605,0.10684642667273589,-0.0008285060410632,0.001763253174560556
2016-10-26,30,213.7400054931641,0.1424,0.12013057366698555,0.10561162539455464,-0.00022105359602268973,0.002197973285035432
2016-10-27,29,213.1699981689453,0.1536,0.1306347655467693,0.1069984946498469,0.0009584308971424169,0.0032482850761147487
2016-10-28,28,212.5399932861328,0.16190000000000002,0.13224960248285658,0.10836679367144439,0.0002678166940530953,0.0024417853518861406
2016-10-31,30,212.5500030517578,0.17059999999999997,0.13955006308323775,0.10651888567571016,0.0009987464105181648,0.003143750799169406
2016-11-01,30,211.00999450683597,0.1856,0.1544766127767874,0.1042491338226691,0.0022950978398334257,0.0043391817187028855
2016-11-02,30,209.7400054931641,0.1932,0.15788698555254332,0.10211534227803182,0.0016263604995419253,0.0035927766869909244
2016-11-03,29,208.77999877929688,0.2208,0.1682088803326391,0.10257786975120632,0.0018863392297204054,0.003861651138624559
2016-11-04,28,208.5500030517578,0.22510000000000002,0.17235983057828982,0.10431766785557653,0.001628440799445653,0.003609342358391654
2016-11-07,30,213.1499938964844,0.18710000000000002,0.14135118237631994,0.08353840427427307,0.006072044599779044,0.008128806652348627
2016-11-08,30,214.1100006103516,0.18739999999999998,0.1419584937619688,0.08249695023299983,0.007494163406474851,0.00962397799571681
2016-11-09,30,216.3800048828125,0.1438,0.1087061205583581,0.07677099833460414,0.005612721840029519,0.007422975886987887
2016-11-10,29,216.9199981689453,0.1474,0.11962669946635958,0.07758111609174695,0.007815119278780171,0.009418477994800506
2016-11-11,28,216.4199981689453,0.1417,0.12119452088531837,0.07851349490792542,0.007113170023727478,0.008836187604916869
2016-11-14,30,216.58999633789065,0.1448,0.12301182199736255,0.08447566953721411,0.005203674434518025,0.006652348247521828
2016-11-15,30,218.27999877929688,0.13369999999999999,0.11682768175681682,0.08128054118123819,0.005224646616925335,0.006480727578112862
2016-11-16,30,217.8699951171875,0.13720000000000002,0.1153442529851179,0.08550032538729775,0.004376342305711451,0.005665597816309461
2016-11-17,29,218.9900054931641,0.1335,0.1126089744771519,0.08503805190431227,0.004199518454946067,0.005376936525326598
2016-11-18,28,218.5,0.1285,0.10420845541774117,0.08616452029262747,0.002620485778661647,0.003692701191074451
2016-11-21,30,220.1499938964844,0.1242,0.10420279573014268,0.08107500388153345,0.0021664503510076603,0.0037186093535315347
2016-11-22,30,220.5800018310547,0.1241,0.09974163620742564,0.08101355772339885,0.0012653180541936722,0.0028436501328892557
2016-11-23,30,220.6999969482422,0.1243,0.10290156342681593,0.08115197953355083,0.0015430293207608682,0.0031564326477544155
2016-11-25,28,221.5200042724609,0.1234,0.10066873351597815,0.0829262174962891,0.000919920451492417,0.002572325203631286
2016-11-28,30,220.47999572753903,0.1315,0.10830022139408128,0.08403275416587436,0.001766422417022251,0.0037739954593604915
2016-11-29,30,220.91000366210935,0.129,0.10324969088744852,0.08376107996488365,0.001103366729136931,0.003106849010291768
2016-11-30,30,220.3800048828125,0.1333,0.10903100537679587,0.0843140152356831,0.001642362174849769,0.00357391011904911
2016-12-01,29,219.57000732421875,0.1407,0.11249542211298548,0.08475453962069425,0.0012393694427945104,0.0030882641167394266
2016-12-02,28,219.67999267578125,0.1412,0.11195556775710228,0.08623578352962875,0.000835780647104703,0.002675374882099836
2016-12-05,30,221.0,0.12140000000000001,0.09720448438955799,0.08740058241563657,-0.0006290881951750284,0.0023786554902566702
2016-12-06,30,221.6999969482422,0.11789999999999999,0.09153254506354375,0.0867460134720232,-0.001296855753931928,0.0015422514840965763
2016-12-07,30,224.6000061035156,0.1222,0.10301970429621785,0.07500110234998024,0.006726967261301635,0.008092374536623342
2016-12-08,29,225.1499938964844,0.1264,0.11123178026286266,0.07578818995402967,0.009363544993511226,0.010511085581353238
2016-12-09,28,226.50999450683597,0.1175,0.10286904530107183,0.07400144929070541,0.008949017700829925,0.008610771748301486
2016-12-12,30,226.25,0.1264,0.10689448434730187,0.07297254316725632,0.012066108510457155,0.012094560526699346
2016-12-13,30,227.75999450683597,0.1272,0.11164822378878375,0.06973876123217473,0.012107136595808615,0.012804933076901167
2016-12-14,30,225.8800048828125,0.1319,0.1090997863992102,0.06396574086771832,0.01325224739219172,0.013976296628943745
2016-12-15,29,226.80999755859372,0.12789999999999999,0.10097437379809278,0.06340527205977854,0.013357867163985382,0.012098011677222492
2016-12-16,28,225.0399932861328,0.122,0.09311728078371978,0.05799724433332981,0.007546328118345916,0.008670243826214754
2016-12-19,30,225.52999877929688,0.11710000000000001,0.09146232835263768,0.05738245866701847,0.009816099437575498,0.010123168141154408
2016-12-20,30,226.3999938964844,0.11449999999999999,0.09805339798230592,0.05727112183826561,0.013008779156926931,0.012385117172724476
2016-12-21,30,225.7700042724609,0.1127,0.09384069487392842,0.057871772631191656,0.010146177395136536,0.010753139039157757
2016-12-22,29,225.3800048828125,0.1143,0.09174011195140098,0.0585406508519989,0.00852367771648694,0.009415624307243943
2016-12-23,28,225.7100067138672,0.1144,0.09883605122532076,0.0593421831610405,0.010784827865009417,0.011316095351925206
2016-12-27,30,226.2700042724609,0.1199,0.10105853713152509,0.06861921186646025,0.0070503824835989005,0.007663450631958889
2016-12-28,30,224.3999938964844,0.1295,0.11047723243833546,0.062455551214121906,0.009085484673236258,0.009810862276304472
2016-12-29,29,224.3500061035156,0.13369999999999999,0.11128418438628364,0.06351832750052681,0.008799389010909597,0.009518294556157707
2016-12-30,28,223.52999877929688,0.1404,0.11335474992347623,0.06327624742281822,0.00815854025562306,0.008955430651226469
2017-01-03,30,225.2400054931641,0.1285,0.10582316261662691,0.05923240132645776,0.009032982521519715,0.009687246983758339
2017-01-04,30,226.5800018310547,0.1185,0.0991336502683409,0.06045256722899019,0.0090231414204994,0.009669397467629253
2017-01-05,29,226.3999938964844,0.1167,0.0934278813873887,0.061421334500332075,0.007310166761322499,0.007784845997772728
2017-01-06,28,227.2100067138672,0.11320000000000001,0.09492865334261462,0.061164084181480526,0.007222463745601685,0.008100481430462065
2017-01-09,30,226.4600067138672,0.11560000000000001,0.09849070980980373,0.05846775269405108,0.007676164657201476,0.008726436003914593
2017-01-10,30,226.4600067138672,0.1149,0.09862574050139201,0.06200139817604729,0.00748145624992912,0.008519663201774047
2017-01-11,30,227.1000061035156,0.11259999999999999,0.09552047091073504,0.06273748469962163,0.006966584954135434,0.008111212185885931
2017-01-12,29,226.52999877929688,0.11539999999999999,0.09449005455909941,0.06318406303456522,0.005961224943237682,0.007004991703721052
2017-01-13,28,227.0500030517578,0.11230000000000001,0.08525771016445816,0.063767327686428,0.004100848341819887,0.005127733901249067
2017-01-17,30,226.25,0.11869999999999999,0.09146848199755397,0.06733618963263142,0.0029027868455427726,0.004340506110994328
2017-01-18,30,226.75,0.12480000000000001,0.09396919977148996,0.06711972444773788,0.0032287966562313227,0.004846481999837192
2017-01-19,29,225.91000366210935,0.1278,0.09606943578120328,0.06698535088173983,0.0030285392024647618,0.004469563212928667
2017-01-20,28,226.7400054931641,0.11539999999999999,0.08661399745403477,0.06687278687353387,0.0017681170960321742,0.003221750855484258
2017-01-23,30,226.1499938964844,0.1177,0.08861943928438532,0.06730358240097468,0.0007956292834026305,0.0022763644574430443
2017-01-24,30,227.6000061035156,0.1107,0.083398936330232,0.06354810140866754,0.0007891327905134097,0.002392387521826942
2017-01-25,30,229.57000732421875,0.1081,0.08616522399672287,0.05616265953524615,0.0024166049601690694,0.00432904035237762
2017-01-26,29,229.3300018310547,0.1063,0.08385899717501222,0.05700210968440596,0.0017559506532563453,0.003576916748516832
2017-01-27,28,228.97000122070312,0.1058,0.0829519501604815,0.05773310191613424,0.0013311158265408361,0.003062762378484007
2017-01-30,30,227.5500030517578,0.1188,0.08987847527622586,0.07148062449832725,0.0014269508309965896,0.0031258587602500994
2017-01-31,30,227.52999877929688,0.1199,0.09063412942230703,0.07479933690384832,0.0011677370840247861,0.002876363327514514
2017-02-01,30,227.6199951171875,0.11810000000000001,0.08920097694999982,0.07481882474277107,0.0007340025379802875,0.0024353453537122203
2017-02-02,29,227.7700042724609,0.1193,0.09010260534788782,0.07606196926980839,0.0005561681066400919,0.0022628235272668844
2017-02-03,28,229.33999633789065,0.1097,0.08241669431678723,0.07332760020892054,0.0007471724271347112,0.002458971580973884
2017-02-06,30,228.92999267578125,0.1137,0.08780066943566571,0.07237828539096262,0.0003424280748267072,0.0019593118183681133
2017-02-07,30,228.94000244140625,0.11289999999999999,0.08826860397863985,0.07251300487046808,6.941995010697158e-05,0.001642561059166542
2017-02-08,30,229.2400054931641,0.11449999999999999,0.08674173406210517,0.07339038018218749,-0.0002625455300784744,0.001236777157650662
2017-02-09,29,230.6000061035156,0.10880000000000001,0.08621425470380972,0.07163450790905929,0.000358268361967576,0.0016089078861855264
2017-02-10,28,231.50999450683597,0.1085,0.08441280493563079,0.07150225621564853,0.0003702172628949046,0.0013698257068672105
2017-02-13,30,232.7700042724609,0.1107,0.08687642649103382,0.0741516964141815,0.0009581538788797391,0.0019571445438170913
2017-02-14,30,233.6999969482422,0.1074,0.08075224788306062,0.07315872411889394,0.0005147462785910943,0.0012152438609827243
2017-02-15,30,234.9199981689453,0.1197,0.0901622822433437,0.07399245800695234,0.002608793393357854,0.003139078259074472
2017-02-16,29,234.72000122070312,0.1176,0.08826503333259117,0.07519669490690269,0.0018602310801371755,0.002367583632110775
2017-02-17,28,235.08999633789065,0.1149,0.08606786673309376,0.07631612347956714,0.0011876624000305219,0.0015755773149957364
2017-02-21,30,236.4900054931641,0.1157,0.08706095043750225,0.08446566846901674,-0.003984997990012076,-0.003385120205954477
2017-02-22,30,236.27999877929688,0.1174,0.08844193457693714,0.08444685159075725,-0.0029005262474060766,-0.0017519583191805586
2017-02-23,29,236.44000244140625,0.11710000000000001,0.0879787470820431,0.08585690931206261,-0.0033891385338298695,-0.0024356862915030798
2017-02-24,28,236.7400054931641,0.11470000000000001,0.0861075882748711,0.08725659500332975,-0.004229588606800904,-0.0036385960244144015
2017-02-27,30,237.1100006103516,0.1209,0.09120931182478724,0.08797446254752311,-0.0009490633262171246,0.0004751099528234553
2017-02-28,30,236.47000122070312,0.1292,0.09879410877367237,0.08816797378708725,0.005150661847589878,0.004176721244324429
2017-03-01,30,239.77999877929688,0.12539999999999998,0.09572708788187734,0.07408628819226486,0.0015345830950833914,0.002755192736102031
2017-03-02,29,238.2700042724609,0.11810000000000001,0.08894733995278484,0.07194267069547586,0.001359448914434275,0.0025851208329201424
2017-03-03,28,238.4199981689453,0.1096,0.08232464753727672,0.07318082663856575,-0.0005099556180719469,0.0005395501946461688
2017-03-06,30,237.7100067138672,0.1124,0.08491233137980352,0.0709917470208058,0.0016026825135616464,0.003353015213760178
2017-03-07,30,237.0,0.11449999999999999,0.08650278114735493,0.07090020399266164,0.003268704541871711,0.004833540094517571
2017-03-08,30,236.55999755859372,0.1186,0.08940474209612997,0.07069286470002169,0.005314240263604595,0.0068712420314103375
2017-03-09,29,236.8600006103516,0.12300000000000001,0.0928054975729542,0.07176065232283274,0.005291536033476149,0.006873500908501815
2017-03-10,28,237.69000244140625,0.1166,0.08762968308090435,0.0719304836860486,0.002091157279040601,0.003669563181242035
2017-03-13,30,237.80999755859372,0.11349999999999999,0.08573975768816168,0.07128919247162252,0.0023229011445142773,0.00391515330605205
2017-03-14,30,236.8999938964844,0.12300000000000001,0.09296845794759005,0.07361997431528791,0.00552043275319296,0.007001417207034316
2017-03-15,29,238.9499969482422,0.11630000000000001,0.08778010011426675,0.06835496860589275,0.002009211045886691,0.0035260473037269932
2017-03-16,28,238.47999572753903,0.1121,0.08402530159350878,0.06920072533351428,0.0016430919139006287,0.003125446336918691
2017-03-17,27,237.02999877929688,0.1128,0.0846844736118302,0.06680784349583212,0.004263319200605701,0.005674052822265085
2017-03-20,30,236.7700042724609,0.1134,0.08549988206388813,0.07140620901493594,0.003121291651551165,0.0039044963404839144
2017-03-21,30,233.72999572753903,0.1247,0.09423148664178409,0.06218158781285573,0.004704986474528381,0.006012678341357103
2017-03-22,30,234.27999877929688,0.1281,0.09666161738863774,0.06263624397258233,0.008765861962625198,0.008081143899511827
2017-03-23,29,234.02999877929688,0.13119999999999998,0.09996494093308163,0.06359432366306962,0.008551789123207436,0.008322754728788158
2017-03-24,28,233.8600006103516,0.12960000000000002,0.09816667544568031,0.06466677498930729,0.0070798993453208125,0.007215283926245189
2017-03-27,30,233.6199951171875,0.125,0.09422848970304694,0.07589542270561174,0.0010557003451221732,0.0030087612890518207
2017-03-28,30,235.32000732421875,0.1153,0.08703284723671992,0.0716175755005354,0.0002881810124509418,0.0019084215273223169
2017-03-29,30,235.5399932861328,0.1142,0.08712914271278853,0.0719469905984652,0.0005340904654052365,0.0020685223268027885
2017-03-30,29,236.2899932861328,0.11539999999999999,0.08671943893106303,0.07230255263719988,0.001231841414931514,0.0025542817365512985
2017-03-31,28,235.7400054931641,0.12369999999999999,0.09242683900383032,0.07309974572902837,0.001823993370657209,0.0032016530446408865
2017-04-03,30,235.3300018310547,0.12380000000000001,0.09352249207663434,0.07104396150118324,0.0024534408278243554,0.00429438345879556
2017-04-04,30,235.47999572753903,0.11789999999999999,0.09004611662900464,0.07112704869494926,0.0018070968703017456,0.003522032657165567
2017-04-05,30,234.77999877929688,0.12890000000000001,0.10017500519223249,0.07168730545284115,0.003510007417106633,0.005222097700229293
2017-04-06,29,235.44000244140625,0.12390000000000001,0.09565333577533716,0.07222945439691,0.003155099081029783,0.00476511135353375
2017-04-07,28,235.1999969482422,0.12869999999999998,0.09710432353409644,0.07341565823532854,0.0027955113621406583,0.004414381598215337
2017-04-10,30,235.33999633789065,0.1405,0.1066284906256999,0.07124601428810325,0.005139453558988384,0.006836846844867987
2017-04-11,30,235.05999755859372,0.1507,0.11424247143000942,0.07148163486232043,0.006320636243580606,0.007980184142291047
2017-04-12,30,234.02999877929688,0.1577,0.12085120961715587,0.07006438775772839,0.006183236945952449,0.00789189700507938
2017-04-13,29,232.50999450683597,0.15960000000000002,0.12135362272952693,0.06740838833376377,0.004239702172844338,0.006046492304139157
2017-04-17,30,234.57000732421875,0.1466,0.11108590362090114,0.0878915260196104,0.005406841816874117,0.007488465792012089
2017-04-18,30,233.8699951171875,0.1442,0.10919022080943638,0.08839061199636643,0.003387117108745838,0.006236917331215159
2017-04-19,30,233.44000244140625,0.1493,0.1132001461210858,0.09101137319965587,0.003008865279703952,0.005982853520380356
2017-04-20,29,235.33999633789065,0.14150000000000001,0.10723047257031572,0.0879866715383455,0.0017353386119008435,0.006697960323982417
2017-04-21,28,234.58999633789065,0.1463,0.11107983858061582,0.08879935589480314,0.0028552272510770135,0.006879155561738288
2017-04-24,30,237.1699981689453,0.1084,0.08171359154855055,0.07963432771936531,-0.004560856650994517,0.00024796398759459586
2017-04-25,30,238.5500030517578,0.1076,0.08112624556840607,0.07879528644117162,-0.002992280061245765,-0.0003956161321666927
2017-04-26,30,238.3999938964844,0.1085,0.08197471422971142,0.07876803447441262,-0.0030110663053681506,-0.00035931866917745343
2017-04-27,29,238.6000061035156,0.1036,0.07818479317465263,0.08005933052251991,-0.004372028662822298,-0.0019088554229864042
2017-04-28,28,238.0800018310547,0.1082,0.0813582371203993,0.08109472908171869,-0.003920162529139083,-0.0008817847780784899
2017-05-01,30,238.67999267578125,0.1011,0.08122000919438768,0.07791532860417341,-0.002356832306444558,-0.00023736356620489862
2017-05-02,30,238.7700042724609,0.1059,0.0860195845284489,0.08265832745114028,-0.0006200209652310427,0.0010298315937340165
2017-05-03,30,238.47999572753903,0.10679999999999999,0.08484491635418218,0.08335925866203463,-0.0015832886201929742,0.00013814107080069494
2017-05-04,29,238.75999450683597,0.10460000000000001,0.08207922573725153,0.08468204546700349,-0.0023455061600616447,-0.0008763011605306516
2017-05-05,28,239.6999969482422,0.1057,0.08217184105868344,0.0850052663683923,-0.0014777185996247182,-0.0010780612263750747
2017-05-08,30,239.66000366210935,0.0977,0.0789221725488181,0.08316706554788426,-0.003475634584203479,-0.0023628870253124368
2017-05-09,30,239.44000244140625,0.09960000000000001,0.08031467602061995,0.08312309025947935,-0.003393765585331842,-0.0021448781290962214
2017-05-10,30,239.8699951171875,0.10210000000000001,0.08231658331653786,0.0830563066790216,-0.002521475223225789,-0.001389766293621323
2017-05-11,29,239.3800048828125,0.106,0.08541311345206021,0.08416411090750378,-0.0024239576031569936,-0.0011251419953296616
2017-05-12,28,238.97999572753903,0.10400000000000001,0.08217936037579346,0.08544075419690063,-0.003796610675262773,-0.0023909951491821783
2017-05-15,30,240.3000030517578,0.1042,0.08278146215154261,0.08218200960735172,-0.0011996532676478017,6.280447530172819e-07
2017-05-16,30,240.0800018310547,0.1065,0.082700100120503,0.08239427469251269,-0.0016953781116724785,-0.0004593442114888601
2017-05-17,30,235.82000732421875,0.1559,0.11873454384970933,0.056139837146505514,0.004545907797681473,0.006105175026639575
2017-05-18,29,236.7700042724609,0.1466,0.11143525360898147,0.05528944123143379,0.004299942087923414,0.005785212367904483
2017-05-19,28,238.30999755859372,0.1204,0.09294212736317463,0.051168322205630265,0.0034256045728448124,0.004756208657456008
2017-05-22,30,239.5200042724609,0.1093,0.08770323248741099,0.05937775196836566,0.0030600049995622874,0.004719307445663854
2017-05-23,30,240.0500030517578,0.1072,0.08992571684506727,0.058896289316346793,0.0037597478515712275,0.005533104244840436
2017-05-24,30,240.6100006103516,0.1002,0.08532625245379188,0.05848115839862741,0.0035802687898276505,0.0053721038934324925
2017-05-25,29,241.75999450683597,0.0999,0.08440346894230069,0.05702484502368322,0.00541945082201798,0.007306676898633508
2017-05-26,28,241.7100067138672,0.0981,0.08112386301828325,0.058029409953745774,0.004148214140862022,0.00604877091346113
2017-05-30,30,241.5,0.1038,0.08636470614817922,0.07648000644930882,-0.0012115526754288013,0.00019280647981251343
2017-05-31,30,241.44000244140625,0.1041,0.08687688396172963,0.07675061710394408,-1.7136986241593367e-05,0.0014832388163621524
2017-06-01,29,243.3600006103516,0.0989,0.08289331834817286,0.07282946674733333,-0.0028563824980540713,-0.0009406551538837426
2017-06-02,28,244.1699981689453,0.0975,0.08184200023666247,0.07314117507998241,-0.0013693698816974783,-0.00048154725242428485
2017-06-05,30,243.9900054931641,0.1007,0.0841292760715718,0.0713174723170664,0.002114087617177138,0.002878204969659206
2017-06-06,30,243.2100067138672,0.1045,0.08667051082004294,0.07738355929078301,-0.00034158236825923604,-0.0009734565341412717
2017-06-07,30,243.66000366210935,0.1039,0.08595226938174282,0.08034322792684052,-0.0003430683379788964,-0.00017300435035652668
2017-06-08,29,243.77999877929688,0.1016,0.08298810727308825,0.08169804575474746,-0.0013645235120402527,-0.0013199617896474014
2017-06-09,28,243.41000366210935,0.107,0.08313867215723925,0.08296308980793306,-0.002029973436845022,-0.0018634177315287588
2017-06-12,30,243.3600006103516,0.11460000000000001,0.08691237052067714,0.08441664945093541,-0.0009002551456745123,0.0004403526009945356
2017-06-13,30,244.5500030517578,0.1042,0.07905864651012395,0.0828912709686001,0.00035960180838409857,-0.00015693126031813661
2017-06-14,30,244.2400054931641,0.10640000000000001,0.08092817494928477,0.0843494525115709,-0.002455504046106252,-0.0007265622621767308
2017-06-15,29,243.7700042724609,0.109,0.08278308708658833,0.08551883648340654,-0.0022509192200845015,-0.0004475813366350365
2017-06-16,28,242.63999938964844,0.1038,0.07827469398667743,0.085400519305243,-0.004040941034359647,-0.0023505994455447652
2017-06-19,30,244.66000366210935,0.10369999999999999,0.07881267748788875,0.07955532315915449,-6.694774496943835e-05,0.0009971296630465177
2017-06-20,30,243.00999450683597,0.10859999999999999,0.08236629616393149,0.0759890314630826,-9.970187427285954e-05,0.0014373659506919862
2017-06-21,30,242.9499969482422,0.1075,0.08505008535713464,0.07604764362864115,0.0003051575761601871,0.0018373731736549114
2017-06-22,29,242.83999633789065,0.1048,0.08178019671034564,0.07733100901762857,-0.0009635056717465322,0.0005722332421563944
2017-06-23,28,243.1300048828125,0.1002,0.07609776267838285,0.07858174107424724,-0.0025876484201946153,-0.001106454637121667
2017-06-26,30,243.2899932861328,0.099,0.07957130943891584,0.07635844397598959,-0.0015070621080724817,0.00011081645932998578
2017-06-27,30,241.3300018310547,0.1106,0.09192769518824216,0.07102873476725455,0.0006515437967785334,0.0022894603563657465
2017-06-28,30,243.4900054931641,0.1003,0.08215593720441021,0.06399864382354561,0.001662674505774855,0.0031200572076735774
2017-06-29,29,241.3500061035156,0.1144,0.09126249565074293,0.05706345800637546,0.0024062037534198547,0.003935093200814521
2017-06-30,28,241.8000030517578,0.1118,0.08852082085613676,0.057682753057931954,0.002028221634372679,0.003515081438218175
2017-07-03,30,242.2100067138672,0.11220000000000001,0.09211679815376464,0.056014631912244275,0.003138319872423257,0.004684647191378454
2017-07-05,30,242.7700042724609,0.1107,0.08887625592515593,0.05620450872626473,0.003131706022512692,0.00459181105425186
2017-07-06,29,240.5500030517578,0.12539999999999998,0.10200761594838302,0.04696484504894256,0.003503884410867386,0.004981146413889865
2017-07-07,28,242.1100006103516,0.1119,0.08625361496022675,0.04171048331423235,0.003152115765033243,0.004532593328836639
2017-07-10,30,242.3699951171875,0.11109999999999999,0.08450540581744871,0.041540713908782056,0.003005511959305454,0.004524095632384404
2017-07-11,30,242.19000244140625,0.10890000000000001,0.08310538220735682,0.06463501549442727,0.002389097527960192,0.0038842557422665855
2017-07-12,30,244.00999450683597,0.10300000000000001,0.0783293403418196,0.05934850804124971,0.003583637743456906,0.00696208445688036
2017-07-13,29,244.4199981689453,0.099,0.07509992582474571,0.0600685180489088,0.0007706488815029996,0.0058746596119220295
2017-07-14,28,245.55999755859372,0.0951,0.07175793052311025,0.058777822094112704,-0.004969720505343613,0.0018712350409654508
2017-07-17,30,245.52999877929688,0.09820000000000001,0.07443152375815029,0.06667342221136222,-0.0022506784635822653,0.0007786034000428303
2017-07-18,30,245.66000366210935,0.0989,0.07506981336820107,0.08629092139658032,-0.019174952029414664,-0.008822545259701343
2017-07-19,30,246.9900054931641,0.09789999999999999,0.07421474914470433,0.08438719504191175,-0.010671899317938069,-0.015594058028794131
2017-07-20,29,247.1000061035156,0.0958,0.07486542359928111,0.08581527780154949,-0.010021306980472227,-0.015444731984485214
2017-07-21,28,246.8800048828125,0.09359999999999999,0.07059252190409467,0.0872750178415429,-0.013137264294207772,-0.01803732495892449
2017-07-24,30,246.82000732421875,0.0943,0.0722868798544379,0.09267937234562044,-0.010462361135441616,-0.009511774121086976
2017-07-25,30,247.4199981689453,0.0943,0.07173932045121097,0.09264982442466731,-0.009200205409874918,-0.009192755227278951
2017-07-26,30,247.42999267578125,0.096,0.07292616111605857,0.09300653138601518,-0.009070172751746887,-0.008564206653849845
2017-07-27,29,247.1999969482422,0.1011,0.07667979898259761,0.09453894976928962,-0.008755517228160793,-0.007660029573908967
2017-07-28,28,246.91000366210935,0.10289999999999999,0.07796947978898365,0.09611895118905397,-0.009124795460045026,-0.007509889292254866
2017-07-31,30,246.7700042724609,0.1026,0.07791524463502203,0.09437557649120384,-0.006610429473575804,-0.0054137177597189026
2017-08-01,30,247.32000732421875,0.1009,0.0765965047399713,0.09635433682422521,-0.0070455974308883335,-0.006981538371746888
2017-08-02,30,247.44000244140625,0.10279999999999999,0.07805194965670904,0.09646550028190354,-0.005728725650503793,-0.0051851271313246685
2017-08-03,29,246.9600067138672,0.10439999999999999,0.07931599901659649,0.09787247438001294,-0.006884912065559737,-0.005212703197572586
2017-08-04,28,247.41000366210935,0.1003,0.07607557040941436,0.09938775847444126,-0.007007512500442853,-0.006340014035309941
2017-08-07,30,247.8699951171875,0.0993,0.07566990145847942,0.09975390873384625,-0.00802079663281363,-0.006382865312549495
2017-08-08,30,247.25999450683597,0.1096,0.08363509724092096,0.09938387354320975,-0.0021505561902848296,-0.0019462650767839368
2017-08-09,30,247.25,0.11109999999999999,0.08510215110038544,0.09946829969433595,-0.0015773449238257091,-0.0006680767172560951
2017-08-10,29,243.75999450683597,0.1604,0.1236247964865296,0.08770153141519459,0.00870875873463363,0.009482156047818267
2017-08-11,28,244.1199951171875,0.1551,0.11888183559670334,0.08909470510273734,0.007712310985037677,0.008428995338098284
2017-08-14,30,246.5399932861328,0.1233,0.09397667390706013,0.08794796773408393,-0.00031125975855851953,0.0017614860186809835
2017-08-15,30,246.50999450683597,0.1204,0.09161228473047808,0.08795401922697088,-0.001097461536905339,0.0008583618681986468
2017-08-16,30,246.94000244140625,0.1174,0.08923968430754037,0.08864020334511993,-0.0015169020588789385,0.00028372483298191766
2017-08-17,29,243.08999633789065,0.1555,0.11889963673035785,0.07085365126325041,0.006405707295009209,0.008078291502907847
2017-08-18,28,242.7100067138672,0.1426,0.11363955890010351,0.07188624188533864,0.0048625187163679655,0.006411865905369442
2017-08-21,30,242.8999938964844,0.1319,0.10188048799260935,0.06988814611789328,0.0020394440361534666,0.0036325603746459358
2017-08-22,30,245.44000244140625,0.11349999999999999,0.08626703681010946,0.06045904917985426,0.0021225827996939643,0.003844285073353451
2017-08-23,30,244.55999755859372,0.1225,0.09669551409275284,0.059150806009341264,0.0035564077131792307,0.005224876655313917
2017-08-24,29,243.9900054931641,0.1223,0.09638482761829148,0.05958974470509257,0.0027824484854803533,0.004383967659487416
2017-08-25,28,244.55999755859372,0.1128,0.08843434985866448,0.06005647626145879,0.001572077057721711,0.003121505226691416
2017-08-28,30,244.57000732421875,0.11320000000000001,0.09122727476892042,0.06004574876860513,0.0022316342115065173,0.0037573724804885584
2017-08-29,30,244.8500061035156,0.11699999999999999,0.09075197880213765,0.060058767879946434,0.002461016752021473,0.003934026284102706
2017-08-30,30,246.00999450683597,0.11220000000000001,0.08812971577341476,0.059034474327588154,0.0038081369934426282,0.005228053883574225
2017-08-31,29,247.4900054931641,0.1059,0.08044936013185462,0.056146567730116344,0.004631578394525451,0.006032206028596089
2017-09-01,28,247.83999633789065,0.1013,0.07686028120023493,0.056912137674238326,0.004017616515297493,0.005425635709181963
2017-09-05,30,246.05999755859372,0.1223,0.09332909091376339,0.055823920801731736,0.004406980267896674,0.006136227024332137
2017-09-06,30,246.8999938964844,0.11630000000000001,0.08859210250714541,0.05468820506357535,0.004297343140427167,0.006047296878925026
2017-09-07,29,246.8699951171875,0.1155,0.08782945901878852,0.05562144344670786,0.0038153142144666044,0.005540160420737756
2017-09-08,28,246.5800018310547,0.12119999999999999,0.09482557878409219,0.05644667460457528,0.004390777464933499,0.006131633686405356
2017-09-11,30,249.2100067138672,0.1073,0.0818645762262267,0.0418568626224961,0.0050524569490929825,0.006633770763141361
2017-09-12,30,250.0500030517578,0.1058,0.08057694497965952,0.04051282150617045,0.005267642156310801,0.006736556108031754
2017-09-13,30,250.1699981689453,0.105,0.07983907886885568,0.040700097038584425,0.004932630123242857,0.006368386314989089
2017-09-14,29,250.08999633789065,0.10439999999999999,0.07942183651797231,0.041380321034492205,0.00452484730419968,0.005949469063048985
2017-09-15,28,249.19000244140625,0.1017,0.07696914680388511,0.04005068177972496,0.0035686583663248634,0.0050239455097174455
2017-09-18,30,249.72000122070312,0.1015,0.07724031715693505,0.038490162101092594,0.0032373279704380367,0.004735800810199149
2017-09-19,30,249.97000122070312,0.1018,0.07740781460441493,0.03834347434082374,0.0032327877839181205,0.004748434951298718
2017-09-20,30,250.05999755859372,0.0978,0.0744578092952243,0.04232000727601039,0.002621666996498125,0.004120974978638873
2017-09-21,29,249.38999938964844,0.0967,0.0736098397017017,0.04197788771537061,0.0019401611770694224,0.003385897086972275
2017-09-22,28,249.44000244140625,0.0959,0.07270075035861376,0.042714784281933774,0.0015860746431038747,0.003009757371721481
2017-09-25,30,248.92999267578125,0.10210000000000001,0.07794040800858298,0.04662430725502687,0.0014302033177168677,0.002901613748198106
2017-09-26,30,249.0800018310547,0.1017,0.07755915716038969,0.04679438144166994,0.00126436596725582,0.002722704721721876
2017-09-27,30,250.0500030517578,0.0987,0.07868349549430802,0.053034454579893774,0.002204574605170952,0.0036213435210427866
2017-09-28,29,250.3500061035156,0.0955,0.07283444398809608,0.0537730961915224,0.0014213234351171831,0.0027955836769862213
2017-09-29,28,251.22999572753903,0.0951,0.07213702235415358,0.0532383046843258,0.0020332392541021842,0.0033363956136649
2017-10-02,30,252.32000732421875,0.09449999999999999,0.07209222516951569,0.0513566600088137,0.002032309442196073,0.003039846637708614
2017-10-03,30,252.8600006103516,0.0951,0.07263530758710682,0.05083046116066221,0.0021259677459706853,0.003066320284073
2017-10-04,30,253.16000366210935,0.09630000000000001,0.07349458229824762,0.05197883488259349,0.0021849244286394173,0.003130754194885929
2017-10-05,29,254.66000366210935,0.0919,0.07007040811376984,0.04853561737108942,0.0027770030021358767,0.0037029431134099687
2017-10-06,28,254.3699951171875,0.0965,0.07330302258056214,0.04922309899160129,0.0030526249973732047,0.0039498940826064016
2017-10-09,30,253.9499969482422,0.1033,0.07889061418697102,0.04794043483557542,0.0031816319823027442,0.004516285488677324
2017-10-10,30,254.6199951171875,0.1008,0.07691279579805141,0.048729028897180886,0.0032563798812757267,0.00467232210009335
2017-10-11,30,255.0200042724609,0.09849999999999999,0.07528229166389189,0.04843249407806162,0.0031521742572923747,0.0045769341322084165
2017-10-12,29,254.63999938964844,0.09910000000000001,0.07541809231384308,0.04897555397512521,0.0026139770726467406,0.0039807588410253674
2017-10-13,28,254.9499969482422,0.09609999999999999,0.07297329366168397,0.0496484968631643,0.0021619365281803464,0.003526206953550057
2017-10-16,30,255.2899932861328,0.09910000000000001,0.07559654471953513,0.05159132517292483,0.0035060621507992376,0.004858833675480792
2017-10-17,30,255.47000122070312,0.10310000000000001,0.0787706845793287,0.059392329878538166,0.002288723332715466,0.001967404141372088
2017-10-18,30,255.72000122070312,0.1007,0.07684587245277552,0.06017632689101972,0.0009172130338508626,0.0015020595300128266
2017-10-19,29,255.7899932861328,0.1005,0.07638967925010223,0.06119735544361036,0.0004901106793441856,0.001075681662807253
2017-10-20,28,257.1099853515625,0.09970000000000001,0.07556872574720477,0.05944332500967297,0.001090305167775159,0.002380214205311745
2017-10-23,30,256.1099853515625,0.1107,0.08434451043580182,0.06062600126522297,0.0036298115376700263,0.005001731856719425
2017-10-24,29,256.5599975585937,0.1116,0.08510881236280755,0.061347070827466675,0.0038648600877469906,0.005161046422403873
2017-10-25,30,255.2899932861328,0.11230000000000001,0.08583482010207531,0.05833661554526461,0.0030637680045577714,0.004475050796815456
2017-10-26,29,255.6199951171875,0.113,0.08593058838433366,0.059156633047464706,0.003062666919749893,0.004474922368194135
2017-10-27,28,257.7099914550781,0.098,0.07443687329614487,0.05253688393201485,0.0027507833146012133,0.0044919590302046715
2017-10-30,30,256.75,0.105,0.08053448180681096,0.06044645732033597,0.0034689238304049944,0.004767456888376848
2017-10-31,30,257.1499938964844,0.1018,0.07888894523295457,0.06744449592606164,0.0029214613628205854,0.0038170844662171388
2017-11-01,30,257.489990234375,0.102,0.08174269546163576,0.06767596731526608,0.0030174932115370427,0.003750132091357556
2017-11-02,29,257.5899963378906,0.0993,0.07952112475577328,0.06881911806767124,0.0023187541502769837,0.0029840894344461437
2017-11-03,28,258.45001220703125,0.09140000000000001,0.07197629109620372,0.06899559392086196,0.0006387309260471979,0.0008860761510623449
2017-11-06,30,258.8500061035156,0.094,0.07416948372714875,0.06775071106241622,-0.0007364480856994977,1.5636161694246165e-05
2017-11-07,30,258.6700134277344,0.0989,0.07926092494117405,0.06859192149374889,-2.8749936318907548e-05,0.0008464056998385766
2017-11-08,30,259.1099853515625,0.0978,0.07626197158950805,0.07091926578622368,-0.0008207053416417168,6.765522874980958e-05
2017-11-09,29,258.1700134277344,0.105,0.08417775567429475,0.07096996025529173,0.0005749416396080549,0.001506793373823889
2017-11-10,28,258.0899963378906,0.11289999999999999,0.08859403802089254,0.07221749115779014,0.0009852273592181756,0.0019500522064400552
2017-11-13,30,258.3299865722656,0.115,0.09134697100413461,0.070747924235688,0.0007396451605387354,0.0019634365640365074
2017-11-14,30,257.7300109863281,0.1159,0.09163412853286647,0.07171798519893623,0.00036498567821910725,0.0015797765666017971
2017-11-15,30,256.44000244140625,0.1313,0.10017896773278366,0.07043640164619848,0.0011545945773387164,0.002423341309271273
2017-11-16,29,258.6199951171875,0.1176,0.08965025903863455,0.06504209145372308,0.001247508211156948,0.002470182118174619
2017-11-17,28,257.8599853515625,0.1143,0.08658574730196363,0.06533493292524141,0.00045339187535618574,0.0015473211760304482
2017-11-20,30,258.29998779296875,0.1065,0.08142948177971628,0.06795838646097933,-0.0008571280688006935,0.0003534570290852541
2017-11-21,30,259.989990234375,0.0973,0.07445833955234375,0.06443915403261467,-0.0009589640817541364,0.0003258926207148599
2017-11-22,30,259.760009765625,0.09880000000000001,0.0759846795371441,0.06437164269895973,-0.0010188959234563506,0.0002801290011993245
2017-11-24,28,260.3599853515625,0.0967,0.07543717399323097,0.06610827636276465,-0.0014316878460188763,-8.329756676583598e-05
2017-11-27,30,260.2300109863281,0.0987,0.07813996246277716,0.06400177614567422,-0.0017114688911046105,-0.00021766024359109434
2017-11-28,30,262.8699951171875,0.1003,0.08485558099310395,0.053926332562982064,0.0028320550601580678,0.004617589334455335
2017-11-29,30,262.7099914550781,0.107,0.08841990844653333,0.05547219967684651,0.0032621477220060565,0.004989547233449307
2017-11-30,29,265.010009765625,0.1128,0.0904496397291662,0.04719032034643546,0.008378081196943275,0.009609119199565697
2017-12-01,28,264.4599914550781,0.1143,0.09184251579181321,0.04743617542962648,0.007347721929733471,0.008752553381156596
2017-12-04,30,264.1400146484375,0.1168,0.09001521765516984,0.056434716269111014,0.004966052230478462,0.007512036593050962
2017-12-05,30,263.19000244140625,0.1133,0.08749771928060618,0.056939927790263196,0.0035144032893571265,0.005723071470846684
2017-12-06,30,263.239990234375,0.11019999999999999,0.08632363952180792,0.06146915777997371,0.0030657579931584363,0.0051939113923328865
2017-12-07,29,264.07000732421875,0.1016,0.0797551007743574,0.061514318004417506,0.002492932365319636,0.004563834873996175
2017-12-08,28,265.510009765625,0.0958,0.07346991585054186,0.05944428271711169,0.002556282104303438,0.004408041364674513
2017-12-11,30,266.3099975585937,0.0934,0.07152340691847552,0.05761292527140952,0.0011717984651157406,0.0026069615519331347
2017-12-12,30,266.7799987792969,0.0992,0.07588842679638785,0.06264495528316666,0.0016010547763478599,0.002987302176564599
2017-12-13,30,266.75,0.1018,0.07775024132075964,0.06661781023357884,0.0015344669026975228,0.0029516099215494466
2017-12-14,29,265.6600036621094,0.10490000000000001,0.08021955043254167,0.06618118767940527,0.0017952664039881771,0.003298544694482823
2017-12-15,28,266.510009765625,0.0942,0.07183170673300159,0.06635774004172357,0.0006228392144903767,0.001956362749201926
2017-12-18,30,268.20001220703125,0.0953,0.07325168097052698,0.06972245181035959,0.0004672007169506221,0.0017399762404726245
2017-12-19,30,267.1700134277344,0.1003,0.07905063471133708,0.0686696107172537,0.0012120069150905164,0.00255097685080901
2017-12-20,30,267.0299987792969,0.09720000000000001,0.0743726120517642,0.07044765905629441,0.00033784307209183554,0.001652660155177789
2017-12-21,29,267.5799865722656,0.0962,0.07381060329664672,0.0712791932839805,8.603453781718689e-05,0.0013463035152055526
2017-12-22,28,267.510009765625,0.099,0.07521828993237739,0.07253472299028188,-2.2129976627502063e-05,0.0012327570413020285
2017-12-26,30,267.19000244140625,0.1025,0.0783807796131087,0.07582671132395477,-0.0009535070239762404,0.000350596102509696
2017-12-27,30,267.32000732421875,0.1047,0.08016358330808507,0.0857847407003732,-0.0010813435523761316,0.00020302307834987478
2017-12-28,29,267.8699951171875,0.1018,0.0778337632593189,0.08694603915489559,-0.0014798832822716106,-0.0002641887428092221
2017-12-29,28,266.8599853515625,0.1104,0.08440983277780768,0.08742752480106793,-0.0010214968017690884,0.0002541515351434829
2018-01-02,30,268.7699890136719,0.0977,0.0748775376728711,0.09146311762801372,-0.002043491143112441,-0.0008947356872246468
2018-01-03,30,270.4700012207031,0.0915,0.07023654109353637,0.11737133465479106,-0.002049392363582371,-0.0010282450370345325
2018-01-04,29,271.6099853515625,0.0922,0.07216799273936232,0.11844160382456731,-0.0020471315581038793,-0.0010825182124049716
2018-01-05,28,273.4200134277344,0.0922,0.07549422774353899,0.1181285268836336,-0.001596692957988602,-0.0006114449755798258
2018-01-08,30,273.9200134277344,0.09519999999999999,0.07749449690810822,0.200453000640824,-0.053245746812311326,-0.06293004394124473
2018-01-09,30,274.5400085449219,0.1008,0.083430554154871,0.24062757478305832,-0.04775159242952427,-0.062176871304301266
2018-01-10,30,274.1199951171875,0.09820000000000001,0.07890566907329775,0.24612556133740132,-0.049743488409156045,-0.05843960910933814
2018-01-11,29,276.1199951171875,0.09880000000000001,0.08178196246690823,0.24900108296887657,-0.03965033497282591,-0.06346812443717993
2018-01-12,28,277.9200134277344,0.1016,0.08491933614844911,0.25232021590936116,-0.030287179787608736,-0.052309439518790676
2018-01-16,30,276.9700012207031,0.1166,0.09393606252382726,0.25706360198061523,-0.03436644602383777,-0.04547222975730338
2018-01-17,30,279.6099853515625,0.1191,0.09127667822990239,0.254927070602444,-0.024696412406715332,-0.03658585435591407
2018-01-18,29,279.1400146484375,0.1222,0.0951651272406225,0.25921642114381904,-0.026148426028609287,-0.03747568507016864
2018-01-19,28,280.4100036621094,0.1127,0.08671515440538448,0.2632950830931368,-0.022728325331581218,-0.034707474452451224
2018-01-22,30,282.69000244140625,0.1103,0.09036243840418894,0.2543370132361713,-0.01712831794408651,-0.024994118537561373
2018-01-23,30,283.2900085449219,0.111,0.09489326952088735,0.25426960787115394,-0.01613870837181066,-0.022990624461896543
2018-01-24,30,283.17999267578125,0.11470000000000001,0.10049167447792892,0.2601801915712182,-0.016963397868451403,-0.023333235224360854
2018-01-25,29,283.29998779296875,0.1158,0.09990747412474321,0.2646237701475217,-0.017045998575861667,-0.02340155611837864
2018-01-26,28,286.5799865722656,0.1108,0.09876415965378883,0.26608136074187105,-0.009163113531781146,-0.013044904901753326
2018-01-29,30,284.67999267578125,0.1384,0.12236847966181917,0.2652261867502253,-0.015227573897767606,-0.019004820261656282
2018-01-30,30,281.760009765625,0.1479,0.12604259477969426,0.26769756180698295,-0.021276855239981324,-0.025789048127706802
2018-01-31,30,281.8999938964844,0.1354,0.11727587333342615,0.26829206566708047,-0.02213123300895205,-0.027083388803546934
2018-02-01,29,281.5799865722656,0.13470000000000001,0.11741133329875542,0.2728488332878318,-0.023504943724369454,-0.028487378015899234
2018-02-02,28,275.45001220703125,0.17309999999999998,0.14239867769161613,0.2660639891375847,-0.03338472680364843,-0.03451543825092664
2018-02-05,30,263.92999267578125,0.3732,0.32929303400632665,0.21342570025180063,0.028491687187033564,0.03154618991383915
2018-02-06,30,269.1300048828125,0.2998,0.2353052247554334,0.20298429768334836,0.014578361336042314,0.01657640919060916
2018-02-07,30,267.6700134277344,0.2773,0.21385391338103996,0.21086509514892252,0.004662909544628785,0.006461695619195111
2018-02-08,29,257.6300048828125,0.3346,0.26058294689072137,0.16613769017027605,0.010487667070840378,0.013451980028943425
2018-02-09,28,261.5,0.29059999999999997,0.23207888365359436,0.1602798624835849,0.009978131513364673,0.012840530313890217
2018-02-12,30,265.3399963378906,0.2561,0.1960828474010919,0.14914470270650126,0.0056218207250324235,0.007634487078287532
2018-02-13,30,266.0,0.24969999999999998,0.19162402405190665,0.14894131441611963,0.004585431300658993,0.0064206318421688
2018-02-14,30,269.5899963378906,0.19260000000000002,0.15543559554978276,0.14177512032996006,-2.8328011843814995e-05,0.0010632490988090623
2018-02-15,29,273.0299987792969,0.1913,0.1472483716919018,0.13700308346100382,0.004354521875403957,0.003410283648198602
2018-02-16,28,273.1099853515625,0.1946,0.14845368644837642,0.13942409411238577,0.004467145909934766,0.003352285046683552
2018-02-20,30,271.3999938964844,0.20600000000000002,0.15841969386482252,0.16672734006641468,-0.0060668618346725045,-0.0177461926721049
2018-02-21,30,270.04998779296875,0.2002,0.15737819886924978,0.18205246429822775,-0.0119679738706244,-0.014391876366670317
2018-02-22,29,270.3999938964844,0.18719999999999998,0.14283633113673855,0.1851076715476573,-0.01634751501670957,-0.02098600916527894
2018-02-23,28,274.7099914550781,0.1649,0.12554750934828246,0.17952363797967558,-0.00656513834372097,-0.008978943737415854
2018-02-26,30,277.8999938964844,0.158,0.12202575732061006,0.20251097611066987,-0.0068745307411083685,-0.006991935326134288
2018-02-27,30,274.42999267578125,0.1859,0.14252918905109135,0.20261077634017602,-0.006262517033370314,-0.0075746286456264975
2018-02-28,29,271.6499938964844,0.1985,0.1520158337451745,0.2028839508020052,-0.008500809279433431,-0.010014320593365164
2018-03-01,28,267.70001220703125,0.22469999999999998,0.17249246613400343,0.1995875243307254,-0.012084448510455878,-0.01196982260472487
2018-03-02,27,269.0799865722656,0.1959,0.15830689271175388,0.20236889224718943,-0.012150631402282617,-0.01309521519317819
2018-03-05,30,272.19000244140625,0.1873,0.14707492930540625,0.21070285134113775,-0.01132939851131595,-0.01132412066227837
2018-03-06,30,272.8800048828125,0.18359999999999999,0.14720989924897265,0.21229590583241587,-0.010956289046138157,-0.010829921173933532
2018-03-07,30,272.7799987792969,0.1776,0.14285029542112973,0.22638038102496139,-0.012557680978109883,-0.012431940712365402
2018-03-08,29,274.1000061035156,0.1654,0.13081362497551446,0.22961259362129743,-0.011446871560431303,-0.011916855158154
2018-03-09,28,278.8699951171875,0.1464,0.11841720038043056,0.22522150082901707,-0.00306483766575991,-0.0031666845041806997
2018-03-12,30,278.5199890136719,0.1578,0.12062688614647973,0.22579162055421081,-0.0060968998898814275,-0.006141332204200814
2018-03-13,30,276.7200012207031,0.1635,0.1250360450614185,0.2264667216579735,-0.008707942986002137,-0.009023497262602145
2018-03-14,30,275.29998779296875,0.1723,0.13160084856174126,0.22598698021330682,-0.01180026349458941,-0.012173721181726485
2018-03-15,29,275.0,0.1659,0.1268731776887407,0.2298177377761546,-0.01279932317418029,-0.013374197967074978
2018-03-16,28,274.20001220703125,0.158,0.12079336200928933,0.23364898461819336,-0.014758539969839748,-0.015679212465258288
2018-03-19,30,270.489990234375,0.1902,0.14549048515563767,0.22559854675432273,-0.01396658472032844,-0.01735211164728216
2018-03-20,30,270.95001220703125,0.182,0.1388999324728804,0.2263539112989546,-0.019393586598779107,-0.018482773611916307
2018-03-21,30,270.42999267578125,0.17859999999999998,0.1364055650188322,0.22819608990389365,-0.022959495181345182,-0.021786520059074294
2018-03-22,29,263.6700134277344,0.2334,0.17958943916018993,0.21401706442939236,-0.009282125032840136,-0.007616003602023463
2018-03-23,28,258.04998779296875,0.2487,0.1934673867705662,0.20344064463043415,-0.0057102540943405776,-0.002937381625838228
2018-03-26,30,265.1099853515625,0.21030000000000001,0.1671822778430915,0.17909822166261866,-0.000712970515480043,-0.00019314158548653805
2018-03-27,30,260.6000061035156,0.225,0.17937304340961235,0.17244990957761128,0.0009943336307482466,0.0035595865887132674
2018-03-28,30,259.8299865722656,0.22870000000000001,0.1828555660777742,0.17217184343957545,0.0007757777158254521,0.0032990684575634538
2018-03-29,29,263.1499938964844,0.1997,0.1754070993603238,0.16922280103530057,0.0020956050584598996,0.004513208235226918
2018-04-02,30,257.4700012207031,0.23620000000000002,0.20629893790124126,0.15233130431376687,0.008852678060195244,0.010343101289273675
2018-04-03,30,260.7699890136719,0.21100000000000002,0.1867535114147519,0.1459132722768923,0.013985285476013364,0.013424734895148114
2018-04-04,30,263.5599975585937,0.2006,0.17636699896405192,0.14807388274308733,0.008179654752963273,0.009778104156639978
2018-04-05,29,265.6400146484375,0.1894,0.1633065902048374,0.1480005586216819,0.008655195628983736,0.007550810615748316
2018-04-06,28,259.7200012207031,0.21489999999999998,0.18365510189517772,0.12674721687023544,0.011532975927751616,0.01169963134624571
2018-04-09,30,261.0,0.2177,0.19003203088705647,0.12635032514835284,0.01359866435057533,0.015397616750128903
2018-04-10,30,265.1499938964844,0.2047,0.1766248417615288,0.11828158613808427,0.015335623710885593,0.016829663803123264
2018-04-11,30,263.760009765625,0.2024,0.17296621535985957,0.11733435185118851,0.012486570883032996,0.014086366773068617
2018-04-12,29,265.92999267578125,0.18489999999999998,0.15808945356198048,0.11574601786206495,0.009575465941251683,0.011110225156738563
2018-04-13,28,265.1499938964844,0.1741,0.14325517571653215,0.11731638009120177,0.005363591701716707,0.0068028170134766
2018-04-16,30,267.3299865722656,0.1656,0.12800701601825576,0.1132604779476492,0.0015286673978847718,0.0034744733971926473
2018-04-17,30,270.19000244140625,0.1525,0.11951915097297089,0.10704588637817455,0.003718280835612954,0.005404198521275651
2018-04-18,30,270.3900146484375,0.156,0.11868767278070182,0.10737034636942895,0.005507585022795473,0.005950984708323828
2018-04-19,29,268.8900146484375,0.15960000000000002,0.12128097880698119,0.1074077226902246,0.002621398891237897,0.004273889754617451
2018-04-20,28,266.6099853515625,0.16879999999999998,0.1282717959275252,0.10489590349809913,0.002292739450430219,0.004045632446437015
2018-04-23,30,266.57000732421875,0.1634,0.13425302925915036,0.10553720164499256,0.0033798003006643693,0.005853300881555377
2018-04-24,30,262.9800109863281,0.1802,0.1478017377370886,0.09461768972105308,0.004783412710518685,0.0067721188656006005
2018-04-25,30,263.6300048828125,0.1784,0.14978929841095798,0.09459175797898187,0.005370708177331989,0.007423894621169718
2018-04-26,29,266.3099975585937,0.1624,0.1324789685279474,0.08926675278731204,0.004946104977009579,0.007068810324603857
2018-04-27,28,266.5599975585937,0.15410000000000001,0.12373586710484172,0.09078362865503259,0.0029066808285432397,0.005005218333186707
2018-04-30,30,264.510009765625,0.1593,0.12446140122638434,0.1036011167819357,0.002566926287749899,0.0033843269571918843
2018-05-01,30,264.9800109863281,0.1549,0.12493041476651565,0.10561360546600654,0.0023441226700607123,0.002309323875795561
2018-05-02,30,263.20001220703125,0.1597,0.13680555672829633,0.10845646271718973,0.003103238592821656,0.0037333501989324194
2018-05-03,29,262.6199951171875,0.159,0.13019190076574622,0.11003254191435294,0.0012476398099344527,0.0021290441804890634
2018-05-04,28,266.0199890136719,0.1477,0.12009951266601515,0.10189501486074595,0.002438171850639486,0.0018724515599503324
2018-05-07,30,266.9200134277344,0.1475,0.12576446330583765,0.10331898790392714,0.001184053017358569,0.0022914388209854084
2018-05-08,30,266.9200134277344,0.1471,0.12289105240977033,0.1033196765582258,0.0002553839563006778,0.0014146340231083428
2018-05-09,30,269.5,0.13419999999999999,0.11121862866040463,0.09826074884348675,-0.0010097074020070076,0.0007037457317605626
2018-05-10,29,272.0199890136719,0.1323,0.10561043053607669,0.09432843384902205,-0.0007648233731234826,0.001422968117747593
2018-05-11,28,272.8500061035156,0.1265,0.09807844317572999,0.09536579237513981,-0.002641512319779212,-0.0003260424083801793
2018-05-14,30,272.9800109863281,0.1293,0.0988198949864668,0.09301415035045764,-0.0023401109254412235,3.648418099237375e-05
2018-05-15,30,271.1000061035156,0.1463,0.11177033539984298,0.09026347837183378,0.0001492213309499665,0.002108572011996108
2018-05-16,30,272.239990234375,0.13419999999999999,0.10257375760140515,0.09130436014380247,-0.0012149287303380774,0.0008551143258864068
2018-05-17,29,272.010009765625,0.1343,0.10227974866010359,0.09281681760747944,-0.001813120329045977,0.000209650290741063
2018-05-18,28,271.3299865722656,0.13419999999999999,0.10210298963345643,0.09402638941874265,-0.0025457088269053322,-0.0006492090116637827
2018-05-21,30,273.3699951171875,0.1308,0.09980147368777517,0.08851712751998998,0.0011026463397259122,0.002894915338749976
2018-05-22,30,272.6099853515625,0.1322,0.10094442860155288,0.09067593330487603,0.0004636637752385965,0.0018844818552273867
2018-05-23,30,273.3599853515625,0.1258,0.09623682267517267,0.09039169209673509,0.0010023113037409945,0.0028142676127747924
2018-05-24,29,272.79998779296875,0.1253,0.0955018137776645,0.09164865824705208,-0.0006841689394862583,0.001241215883446413
2018-05-25,28,272.1499938964844,0.1322,0.10075362029896662,0.09287236148341382,-0.0006339674946127811,0.0011197123500777952
2018-05-29,30,269.0199890136719,0.1702,0.13028190897776015,0.1000241071505528,0.004087486175484388,0.0052176281112481055
2018-05-30,30,272.6099853515625,0.1494,0.11410026890040298,0.0888364068380509,0.004516228891011507,0.005402157724748463
2018-05-31,29,270.94000244140625,0.1543,0.11776198974576085,0.08768587803501694,0.0076901052207710395,0.006717525552851815
2018-06-01,28,273.6000061035156,0.1346,0.10223157856820808,0.08197052301293566,0.0011889519456183433,0.002745672519124908
2018-06-04,29,274.8999938964844,0.1274,0.09759373106426425,0.08012225027651736,0.0014606627839466124,0.003005793717898844
2018-06-05,30,275.1000061035156,0.124,0.09534579558552424,0.08367984447559444,0.0012110474417330065,0.0022793424519860165
2018-06-06,30,277.3999938964844,0.1164,0.08913652982552346,0.08379770488129468,0.00021076538344962225,0.001559597356995431
2018-06-07,29,277.3699951171875,0.1213,0.0926780308600871,0.08522938444696337,0.0004962991298364857,0.0018445059919413517
2018-06-08,28,278.19000244140625,0.12179999999999999,0.0929770300738293,0.08608066393272754,0.00031509349868122014,0.0017133352169150073
2018-06-11,30,278.5599975585937,0.1235,0.09462634328959153,0.09319198726698003,-0.0023346765995983228,-0.0012020338291064212
2018-06-12,30,278.9200134277344,0.1234,0.09475619393765684,0.09826221870652031,-0.0033948491845671117,-0.0025292796769404552
2018-06-13,30,278.0299987792969,0.1294,0.09940965586945362,0.09766639520437581,-0.0029471365930591924,-0.0011779359125668781
2018-06-14,29,278.7300109863281,0.12119999999999999,0.09304835191435223,0.0989346321166225,-0.003384502432661011,-0.0020677657595250813
2018-06-15,28,277.1300048828125,0.1198,0.09171736481575594,0.09851705084081379,-0.006528322215764526,-0.0048019212177500825
2018-06-18,30,276.5599975585937,0.1231,0.09437023449778814,0.09627434150490383,-0.0029163428934851684,-0.0013525570990998812
2018-06-19,30,275.5,0.1335,0.1023252976751644,0.09624468205404714,-0.0012467573485205375,0.0003891019083181647
2018-06-20,30,275.9700012207031,0.12789999999999999,0.09812345655604174,0.09614363820670105,-0.0021230574581812445,-0.0005813671721357511
2018-06-21,29,274.239990234375,0.1464,0.11223981006938853,0.09520823810884285,0.0006329181262386895,0.0022896726833303393
2018-06-22,28,274.739990234375,0.1377,0.10524830481628529,0.09667001109648252,-0.0011524046965883461,0.00044436912642379565
2018-06-25,30,271.0,0.17329999999999998,0.13263570374625597,0.08752803254655214,0.004237106970717245,0.006114567626672998
2018-06-26,30,271.6000061035156,0.1592,0.12186395166402975,0.08757579753117882,0.0025708863502886155,0.004364649745274696
2018-06-27,30,269.3500061035156,0.1791,0.1389353195796817,0.08596534989914997,0.004185017944549108,0.00603179973835489
2018-06-28,29,270.8900146484375,0.1685,0.12890394367395697,0.08506332899201377,0.0036279360766000314,0.0053932943727252524
2018-06-29,28,271.2799987792969,0.1609,0.12262534401783085,0.0864130302129635,0.002496261455074605,0.0042059881447731665
2018-07-02,30,271.8599853515625,0.156,0.11946565556870745,0.08703913762263456,0.0016909359632698404,0.0032785382327484595
2018-07-03,30,270.8999938964844,0.16140000000000002,0.12342080911170933,0.0882194776044922,0.0014896363832703086,0.0030790286093418636
2018-07-05,29,273.1099853515625,0.1497,0.11446938887197336,0.08631499718159875,0.0017474715142781038,0.0031228810588211607
2018-07-06,28,275.4200134277344,0.13369999999999999,0.10203361825313469,0.08241110467448531,0.0019860010656088376,0.003086158835592086
2018-07-09,30,277.8999938964844,0.12689999999999999,0.09725588301734674,0.07522357686484919,0.002260481426376613,0.0038503408185638914
2018-07-10,30,278.8999938964844,0.1264,0.09682210864757342,0.07432596497317867,0.00243141597714562,0.004203092633620542
2018-07-11,30,276.8599853515625,0.1363,0.10475175511343293,0.0736103444108262,0.0033047316104386224,0.00483709503168655
2018-07-12,29,279.3699951171875,0.1258,0.09641858580603012,0.06767673713968952,0.003886567234833865,0.005598674208075623
2018-07-13,28,279.5899963378906,0.12179999999999999,0.09294451920850437,0.06881598347617271,0.0029620687549481318,0.004661609336734875
2018-07-16,30,279.3399963378906,0.1283,0.09851023085113643,0.07587536125050605,0.004078818845195961,0.005161708806561555
2018-07-17,30,280.4700012207031,0.1206,0.0927298663023836,0.07968024293545199,0.001309676946044684,0.0017475493939013284
2018-07-18,30,281.0599975585937,0.121,0.09306879721747606,0.08028367624826263,4.495140588648479e-06,0.0013623898047352323
2018-07-19,29,280.0,0.12869999999999998,0.09866113313784158,0.08054828771460533,0.002028408447136242,0.0030381040805074217
2018-07-20,28,279.67999267578125,0.1286,0.09840641471807747,0.08186999079400395,0.0017749442808137233,0.0027174366807443517
2018-07-23,30,280.20001220703125,0.12619999999999998,0.09680282841818992,0.07962737067576113,0.0004474456209600973,0.002300821641653718
2018-07-24,30,281.6099853515625,0.1241,0.09532775704059071,0.07781688830189436,0.001100276520916502,0.0030774921484823144
2018-07-25,30,284.010009765625,0.1229,0.09429293442127568,0.07494859063699319,0.004245989792331862,0.005819949217041298
2018-07-26,29,283.3399963378906,0.12140000000000001,0.09298843987554653,0.07576791875988496,0.0030113149774301353,0.004660336295700009
2018-07-27,28,281.4200134277344,0.1303,0.09942292139785545,0.0730968909962639,0.0030383886478026687,0.004798976649416011
2018-07-30,30,279.95001220703125,0.1426,0.10915369906743655,0.0758875993093656,0.003385605201481027,0.005177233132236018
2018-07-31,30,281.3299865722656,0.1283,0.09836371540143879,0.07526593173435668,0.002119402881742413,0.003958189469690045
2018-08-01,30,280.8599853515625,0.1315,0.1006106615699318,0.07503972603997254,0.001964755331621374,0.0037836043076479903
2018-08-02,29,282.3900146484375,0.1219,0.09333331966030808,0.07384873446672534,0.0013815411231362,0.003245820364513417
2018-08-03,28,283.6000061035156,0.1164,0.08857346072429574,0.07355336678929655,0.0008242724237647475,0.002720799055270477
2018-08-06,30,284.6400146484375,0.1127,0.08622541144447703,0.07078789306918512,0.00030192896537959313,0.002169850889077488
2018-08-07,30,285.5799865722656,0.1093,0.08387508145539276,0.07063461699848665,0.0006308064052007783,0.002265367071144763
2018-08-08,30,285.4599914550781,0.1085,0.08316346119935775,0.07094461691741544,0.0005649583488190493,0.002011261218503263
2018-08-09,29,285.07000732421875,0.1127,0.08620092047195585,0.07199425129501547,0.0005430536719405876,0.002056965816050068
2018-08-10,28,283.1600036621094,0.1316,0.10085297207725749,0.06913136760417193,0.0021251639892425366,0.003810883728525013
2018-08-13,30,282.1000061035156,0.1478,0.11337973367990263,0.06677329717771112,0.004110932146460934,0.005990593347024989
2018-08-14,30,283.8999938964844,0.1331,0.10226792265059943,0.06625384590997621,0.0047324255394004654,0.006426986528712408
2018-08-15,30,281.7799987792969,0.1464,0.1126729456172718,0.060880146170423914,0.004512481611304417,0.006235611811042634
2018-08-16,29,284.0599975585937,0.13449999999999998,0.10317984223116491,0.054925275559048053,0.006206587197792791,0.0077518523216895605
2018-08-17,28,285.0599975585937,0.1264,0.09676138736019815,0.05443842648465939,0.006133496475848695,0.007542807621188221
2018-08-20,30,285.6700134277344,0.1249,0.09604857481660513,0.05850907200250007,0.005882935288739204,0.006888191491083762
2018-08-21,30,286.3399963378906,0.1286,0.09876137464803829,0.06441366875887831,0.006805630277392237,0.007737151971537039
2018-08-22,30,286.1700134277344,0.1225,0.09423173655018108,0.06710919246218493,0.005241895919600491,0.0061968366723479775
2018-08-23,29,285.7900085449219,0.1241,0.09520362024125753,0.06809345642238405,0.004779249771653054,0.005765539323773855
2018-08-24,28,287.510009765625,0.1199,0.09172646419108849,0.06582531555607818,0.005599774005026349,0.006309304537466799
2018-08-27,30,289.7799987792969,0.1216,0.09320240391679062,0.05954903108940846,0.011265746254559688,0.009299515766974496
2018-08-28,30,289.9200134277344,0.125,0.09588222026864092,0.060315658692899204,0.010485704512570236,0.010530918166494593
2018-08-29,30,291.4800109863281,0.1225,0.0938371856757147,0.05733877047120018,0.010340695354419296,0.010783776407966038
2018-08-30,29,290.29998779296875,0.1353,0.10329853510329044,0.05651536019323389,0.014307164656636895,0.013499296372312095
2018-08-31,28,290.3099975585937,0.1286,0.0980303077650458,0.057515574987927046,0.012484148323355539,0.011802351535719381
2018-09-04,30,289.8099975585937,0.1316,0.10077896583290406,0.06288518120914423,0.010340695593997813,0.010425723581420111
2018-09-05,30,289.0299987792969,0.1391,0.10676798700073971,0.06518786961012675,0.009160933509477082,0.010573704487587503
2018-09-06,29,288.1600036621094,0.1465,0.11205243124111045,0.06543402026310921,0.011717638448930492,0.010893019806996343
2018-09-07,28,287.6000061035156,0.14880000000000002,0.11382385780299108,0.06622083300822093,0.011800739008648302,0.010303589304821503
2018-09-10,30,288.1000061035156,0.1416,0.10868768129155378,0.12914198496605944,-0.0073779516926792054,-0.05051671502555025
2018-09-11,30,289.04998779296875,0.1322,0.10146136080923258,0.1502709546805124,-0.0039671754020592295,-0.029650874584127216
2018-09-12,30,289.1199951171875,0.13140000000000002,0.10075541425660707,0.1577822986722894,-0.006331976480135966,-0.02626483288439117
2018-09-13,29,290.8299865722656,0.12369999999999999,0.09447265270205346,0.159110097942141,0.0006609726623346893,-0.011046032004348309
2018-09-14,28,290.8800048828125,0.1207,0.09201256305436177,0.1619252341099731,0.00019148912377843857,-0.011045780432117997
2018-09-17,30,289.3399963378906,0.1368,0.10488800275933421,0.1738038376475618,-0.009290347275898427,-0.01655067260402441
2018-09-18,30,290.9100036621094,0.12789999999999999,0.0980544277461706,0.18007201678644763,-0.006101604295523362,-0.013545046381519448
2018-09-19,30,291.2200012207031,0.1175,0.09015975753265598,0.18004364808049658,-0.006767707031702855,-0.014415937624642517
2018-09-20,29,293.5799865722656,0.11800000000000001,0.09050707882956392,0.18086899569813303,-0.0015865964774481078,-0.006078938522421964
2018-09-21,28,291.989990234375,0.1168,0.08942836351408213,0.18302320494022717,-0.004153072006618173,-0.011077420585199735
2018-09-24,30,291.0199890136719,0.122,0.09376809918005666,0.20786979394618796,-0.008830517606426122,-0.01378782111248483
2018-09-25,30,290.75,0.1242,0.09518103402576324,0.21690145937322503,-0.00991370070798062,-0.01432677269956228
2018-09-26,30,289.8800048828125,0.12890000000000001,0.0989449045958656,0.22531666232284658,-0.011944834116415497,-0.015312044759093193
2018-09-27,29,290.69000244140625,0.1241,0.0950847380506487,0.22895459803860788,-0.01070836046858558,-0.01482699296393131
2018-09-28,28,290.7200012207031,0.12119999999999999,0.09276589548350814,0.23300690855042117,-0.011097834017878895,-0.01551697153744395
2018-10-01,30,291.7300109863281,0.12,0.09187809163610369,0.23432417392797442,-0.011081887166196803,-0.0143617699051939
2018-10-02,30,291.5599975585937,0.12050000000000001,0.09245167376219052,0.23720671572772953,-0.011915254983032439,-0.014909094858836675
2018-10-03,30,291.7200012207031,0.1161,0.08912447932832987,0.23810235907020852,-0.012120060783322846,-0.015287518711179194
2018-10-04,29,289.44000244140625,0.1422,0.10905167767274773,0.24056760068113156,-0.015218297926094186,-0.015899092020699893
2018-10-05,28,287.82000732421875,0.1482,0.11709541718947605,0.24398564700541037,-0.017259332806384274,-0.016902314468897575
2018-10-08,30,287.82000732421875,0.15689999999999998,0.12479525896123878,0.2487411911770323,-0.01825375794491185,-0.017841729094635557
2018-10-09,30,287.3999938964844,0.1595,0.12783144352556247,0.24876973675403635,-0.019060065218252775,-0.018576617284348475
2018-10-10,30,278.29998779296875,0.2296,0.18567126917334367,0.22464012629958327,-0.009754912731947953,-0.01163902064880609
2018-10-11,29,272.1700134277344,0.2498,0.19427577898469867,0.21438193564427563,-0.008130522647712435,-0.008124725704405719
2018-10-12,28,275.95001220703125,0.21309999999999998,0.17688159293357242,0.2124172604728259,-0.01255517867627015,-0.013595082226186255
2018-10-15,30,274.3999938964844,0.213,0.1710505295915219,0.216034321658532,-0.014484601879366845,-0.01263059337140072
2018-10-16,30,280.3999938964844,0.17620000000000002,0.13551106201503113,0.2056452399033881,-0.019972228647796512,-0.01806776782281318
2018-10-17,30,280.45001220703125,0.174,0.13646932578673965,0.2058437519054625,-0.019740917318322306,-0.017876559767765792
2018-10-18,29,276.3999938964844,0.2006,0.1658398931645562,0.2029027294616906,-0.011222503297704278,-0.009780678853647112
2018-10-19,28,276.25,0.1989,0.16621965611652328,0.2064849063765608,-0.011512213626578768,-0.010203772937899258
2018-10-22,30,275.010009765625,0.19640000000000002,0.1626398843965546,0.21788556321553798,-0.017318662963726746,-0.01514153823652718
2018-10-23,29,273.6099853515625,0.2071,0.17006140612421056,0.220869418555825,-0.01586932733713585,-0.014701482744468265
2018-10-24,30,265.32000732421875,0.2523,0.20036465011625454,0.19022738291453287,0.006048329943992014,0.0057037087711655585
2018-10-25,29,270.0799865722656,0.2422,0.20136628683926014,0.18290637492253486,0.0019162302049123509,0.003991897505184631
2018-10-26,28,265.3299865722656,0.2416,0.20905575706875582,0.17477220041702107,0.011450082347722422,0.010646049713894804
2018-10-29,30,263.8599853515625,0.247,0.21373026335018183,0.1941552357990418,0.007526094672908048,0.005692901643777035
2018-10-30,30,267.7699890136719,0.2335,0.2071922355315631,0.18740834049702332,0.000503135537313801,-0.0010625833523029676
2018-10-31,30,270.6300048828125,0.21230000000000002,0.1893883465138369,0.1849266418270214,-0.004084773386559764,-0.0024777855405024468
2018-11-01,29,273.510009765625,0.1934,0.17211407782373364,0.1843006935857229,-0.006008916274573929,-0.0024919797417279487
2018-11-02,28,271.8900146484375,0.19510000000000002,0.1773734407578645,0.18633251163474013,-0.00745768861844175,-0.004446177594895785
2018-11-05,29,273.3900146484375,0.1996,0.17652097248949525,0.22130353267211375,-0.02927957664873204,-0.006294369134868055
2018-11-06,30,275.1199951171875,0.1991,0.1743033982712411,0.2165333167050856,-0.027609038333065515,-0.017216360496264932
2018-11-07,30,281.010009765625,0.1636,0.14287632221942828,0.2194359598413615,-0.020802472468091852,-0.02843623326366994
2018-11-08,29,280.5,0.1672,0.14408529315567245,0.223094208234055,-0.023112321054771352,-0.029837600204456496
2018-11-09,28,277.760009765625,0.1736,0.151624908910078,0.22425979339095467,-0.02931795198604181,-0.027449514290591618
2018-11-12,30,272.57000732421875,0.2045,0.17662925590482423,0.2072735009509023,-0.01774523874818651,-0.013719328100674577
2018-11-13,30,272.0599975585937,0.2002,0.17183488201347402,0.2071739048408541,-0.018302070676890613,-0.014260455309987723
2018-11-14,30,270.20001220703125,0.2125,0.18455354134651722,0.21581137880704707,-0.010828081090646305,-0.008190091992588123
2018-11-15,29,273.0199890136719,0.1998,0.17348592317589612,0.2163881067359006,-0.017213447202439218,-0.013935913423734568
2018-11-16,28,273.7300109863281,0.1814,0.16020396292006456,0.22001853752902126,-0.022280242870078598,-0.018956721219563988
2018-11-19,30,269.1000061035156,0.201,0.1820678094577074,0.22181354123383515,-0.012960742409998253,-0.009480604312135064
2018-11-20,30,264.1199951171875,0.2248,0.19710461410612132,0.21962029931008464,-0.006026204318572897,-0.0010549901731396025
2018-11-21,30,265.0199890136719,0.20800000000000002,0.18302967569287729,0.2380177913498397,-0.010204514944981211,-0.0056115581404937095
2018-11-23,28,263.25,0.2152,0.19265530704724684,0.2451809701779878,-0.008271306343767179,-0.003647744853841251
2018-11-26,30,267.5,0.18899999999999997,0.16911706485746586,0.30210718676347903,-0.014172634407082817,-0.010616349986652656
2018-11-27,30,268.3999938964844,0.1902,0.17263558957933228,0.303056352367142,-0.014044286741821645,-0.010730869444779375
2018-11-28,30,274.5799865722656,0.18489999999999998,0.16766324517756373,0.2925039089637748,-0.011162636056548582,-0.009251293768801579
2018-11-29,29,273.9800109863281,0.18789999999999998,0.1714821093035574,0.29740310440004464,-0.011240048219954724,-0.009167986809815915
2018-11-30,28,275.6499938964844,0.1807,0.1666958041607851,0.3018710212434482,-0.012021051345971104,-0.01042448114800269
2018-12-03,30,279.29998779296875,0.16440000000000002,0.15084463730835632,0.2896275879858125,-0.012521567544945801,-0.011713253517804553
2018-12-04,30,270.25,0.20739999999999997,0.18501798542452658,0.27889191808325775,-0.0032179619939835457,-0.0015637690251797418
2018-12-06,29,269.8399963378906,0.2119,0.19126353142681302,0.3067509487177733,-0.004195410650671317,-0.002500303705696954
2018-12-07,28,263.57000732421875,0.2323,0.21405682672050005,0.3004189083654345,-0.00011773053832093428,0.0016781987550098625
2018-12-10,30,264.07000732421875,0.22640000000000002,0.2019971135287735,0.2937175159482101,-0.0035214701355003736,-0.0019090836105999447
2018-12-11,30,264.1300048828125,0.21760000000000002,0.1956764430305199,0.29397315640297683,-0.004223032058071324,-0.002824399268728406
2018-12-12,30,265.4599914550781,0.2146,0.1930199276955743,0.2934537360749232,-0.004524331730880469,-0.0030758208165859776
2018-12-13,29,265.3699951171875,0.2065,0.1853402231078871,0.29846797847440026,-0.005802014411022019,-0.004465248115522953
2018-12-14,28,260.4700012207031,0.2163,0.19154610592417068,0.2962038180986978,0.0012233599772430148,0.0012142571916651651
2018-12-17,30,255.3600006103516,0.2452,0.20586622277172195,0.2814569182459994,-0.006399390107598913,-0.0025550995569898916
2018-12-18,30,255.0800018310547,0.25579999999999997,0.21399410031034768,0.28266299441325354,-0.005959760786842111,-0.002054621649761559
2018-12-19,30,251.25999450683597,0.25579999999999997,0.2113981183088968,0.2815232674243984,-0.014836452794136297,-0.010447471062210171
2018-12-20,29,247.1699981689453,0.2838,0.2377176759745817,0.2803537021377765,-0.014141298850848505,-0.01048384818071632
2018-12-21,28,240.6999969482422,0.3011,0.25723714753160853,0.2687631904073118,-0.013089102664025125,-0.010706489980213382
2018-12-24,30,234.33999633789065,0.3607,0.3178089636014903,0.24697773138880588,-0.002143476383133391,-0.00045018507171525946
2018-12-26,30,246.17999267578125,0.3041,0.27297621840632935,0.17973966048917805,0.009969452031847088,0.011504424623584293
2018-12-27,29,248.07000732421875,0.29960000000000003,0.2724829750928082,0.1807876019605496,0.01120399539549092,0.012537005190298527
2018-12-28,28,247.75,0.2834,0.25388524675902063,0.18392859484455448,0.006309507535114881,0.007749733457456968
2018-12-31,30,249.9199981689453,0.25420000000000004,0.22620232957606376,0.18541926088133773,0.002977402085439849,0.004228500260865719
2019-01-02,30,250.17999267578125,0.2322,0.21006666533676335,0.18788353995498952,-0.000764675317206524,0.00042042153954529373
2019-01-03,29,244.2100067138672,0.2545,0.23711187815051973,0.17080879184156347,0.0014644123480444904,0.0026481702070591884
2019-01-04,28,252.38999938964844,0.2138,0.20029321660780355,0.12675695774562043,0.009290771352415808,0.009871454222672585
2019-01-07,30,254.3800048828125,0.214,0.19763595386191146,0.12279167770744065,0.008289713490200499,0.009028634723822992
2019-01-08,30,256.7699890136719,0.2047,0.1866170072099164,0.12300443540509365,0.007747762091330722,0.008666396888483776
2019-01-09,30,257.9700012207031,0.1998,0.17960019105620045,0.12199885954795094,0.00659741537717853,0.0076872888136358805
2019-01-10,29,258.8800048828125,0.195,0.1740422343842624,0.12345398264695871,0.0054661040551870965,0.006611676256272178
2019-01-11,28,258.9800109863281,0.1819,0.16022083696597772,0.12563143959506393,0.002624837180893971,0.003566833341074413
2019-01-14,30,257.3999938964844,0.1907,0.15875499546395994,0.12803654520223226,0.0008678664934538148,0.0020092996046176532
2019-01-15,30,260.3500061035156,0.18600000000000003,0.15210936331496483,0.12195649649916598,0.001661621804931531,0.0031286839979415212
2019-01-16,30,260.9800109863281,0.19039999999999999,0.14654696606160122,0.12740299110008482,0.000619951497696477,0.0020794708242881134
2019-01-17,29,262.9599914550781,0.18059999999999998,0.1369855884521366,0.12677637139704204,-0.0003025793217544821,0.001266879033886233
2019-01-18,28,266.4599914550781,0.17800000000000002,0.13750905677618616,0.11986352510508963,0.0024719514942032465,0.004069133422902523
2019-01-22,30,262.8599853515625,0.20800000000000002,0.1771678531072559,0.10676295048857554,0.006854562869493765,0.008660240133543454
2019-01-23,30,263.4100036621094,0.19519999999999998,0.164695716061195,0.10867369233635893,0.004684767160313243,0.006428208967780068
2019-01-24,29,263.54998779296875,0.1889,0.14672196844817476,0.11051542476162352,0.0014993789711007352,0.0030650638201438906
2019-01-25,28,265.7799987792969,0.17420000000000002,0.1435469929820903,0.10827924152164511,0.0020267774568870057,0.0036878162643706365
2019-01-28,30,263.760009765625,0.1887,0.16061900918576935,0.10131925794655852,0.0028300757211464408,0.004580612844432803
2019-01-29,30,263.4100036621094,0.1913,0.1646697744431142,0.10142201272586679,0.002726304525447215,0.004501141435689931
2019-01-30,30,267.5799865722656,0.1766,0.15019553696159796,0.0880695683537888,0.005070086412660319,0.006819312995940504
2019-01-31,29,269.92999267578125,0.16570000000000001,0.13620545855918764,0.08403197535058773,0.004684243507960715,0.006345132695538595
2019-02-01,28,270.0599975585937,0.16140000000000002,0.13308200363714368,0.08550171012263523,0.0037370073223353143,0.0053655774329202845
2019-02-04,30,271.9599914550781,0.1573,0.12684879044321323,0.08281506225001882,0.0043779160769940135,0.005903038791631313
2019-02-05,30,273.1000061035156,0.1557,0.1325564397976247,0.08662586193521392,0.007449623133775091,0.008141683187586263
2019-02-06,30,272.739990234375,0.15380000000000002,0.13057925861486913,0.0867849796247619,0.0075407379019466515,0.008080382747915772
2019-02-07,29,270.1400146484375,0.1637,0.13758410281382877,0.08146522280634633,0.004967489684292336,0.006288492280620694
2019-02-08,28,270.4700012207031,0.1572,0.12729616027701748,0.08278994942112686,0.0030976194794854446,0.004396337031554729
2019-02-11,30,270.6199951171875,0.1597,0.12761121297562586,0.0980677472373651,0.000989736002373872,0.0028221740208141353
2019-02-12,30,274.1000061035156,0.1543,0.12427609882386617,0.08738367074799994,0.003870267315797,0.0057883631783861205
2019-02-13,30,274.989990234375,0.1565,0.12814304686109732,0.08666899137065968,0.005436954046350162,0.007165721934737903
2019-02-14,29,274.3800048828125,0.16219999999999998,0.13277795406397946,0.08779786048441543,0.005536048554016515,0.00732003965791122
2019-02-15,28,277.3699951171875,0.1491,0.11816354675086017,0.08032729302361291,0.0059914180061339415,0.0073582662724724
2019-02-19,30,277.8500061035156,0.14880000000000002,0.12520116489396335,0.08826873948523582,0.008186750661531378,0.009319649054916234
2019-02-20,30,278.4100036621094,0.1402,0.11966335345744199,0.11107268429237976,0.006302997180043548,0.007043911227001596
2019-02-21,29,277.4200134277344,0.1446,0.1243360383390424,0.11226241271370305,0.0063648119735444176,0.0074794153185237565
2019-02-22,28,279.1400146484375,0.1351,0.11741846883482052,0.11204886917105458,0.005838551787492296,0.0061715511883222995
2019-02-25,30,279.5199890136719,0.1485,0.12101106887232863,0.11272872286883596,0.004555320124378736,0.004261623512684467
2019-02-26,30,279.32000732421875,0.1517,0.12648997642136725,0.1134710388972691,0.0043281292301045795,0.0066064315913660285
2019-02-27,30,279.20001220703125,0.147,0.12146799834999937,0.11556010377458854,0.0009058923576085389,0.0040268067821192305
2019-02-28,29,278.67999267578125,0.1478,0.11861006028074317,0.11734939990412684,-7.518531435231059e-07,0.003045346771574657
2019-03-01,28,280.4200134277344,0.13570000000000002,0.1111151405531347,0.11729303844058962,-0.003776367432328695,-0.0004545244234880464
2019-03-04,30,279.3999938964844,0.1463,0.12269699783858887,0.12001230718642392,-0.0022924110064614462,0.0008758588836214763
2019-03-05,30,279.0199890136719,0.1474,0.12185783767011636,0.12027405638617092,-0.0026217544317184657,0.000358818599696521
2019-03-06,30,277.3299865722656,0.1574,0.13078351320446258,0.11958446340323299,-0.00028541027216939655,0.002501023291011641
2019-03-07,29,275.010009765625,0.1659,0.14139158797613666,0.11792097136785705,0.0017054426588022124,0.004318632013711922
2019-03-08,28,274.4599914550781,0.1605,0.1329923438908363,0.11979035152221436,-9.478080007010982e-05,0.0023762983840343297
2019-03-11,30,278.44000244140625,0.1433,0.10944473935787276,0.10649201946791904,-0.0031747945971350193,-0.0006569935227172741
2019-03-12,30,279.489990234375,0.1377,0.10921800524729278,0.10568408440111451,-0.003407772492723566,-0.0009540131019427221
2019-03-13,30,281.3399963378906,0.1341,0.1032077875000354,0.10579594373216482,-0.004245124453810432,-0.0019617325131673614
2019-03-14,29,281.1600036621094,0.135,0.10646134632586977,0.10758059680546746,-0.0038462630253744095,-0.0015804820935713475
2019-03-15,28,281.3099975585937,0.1288,0.10363410688358461,0.10946789069491852,-0.004894449200535529,-0.0026439442263650856
2019-03-18,30,282.3299865722656,0.131,0.10779489341535001,0.10539652629795172,-0.003360269908755789,-0.0013594391968835356
2019-03-19,30,282.3999938964844,0.1356,0.11610741454543247,0.10561612120223153,-0.0014546717266897787,0.00048600944244572565
2019-03-20,29,281.54998779296875,0.1391,0.12180387100924836,0.10688798092985306,-0.0010488256720908513,0.0009374511781802063
2019-03-21,28,284.7300109863281,0.1363,0.11921475531236418,0.1009390806812014,0.0024426639769175047,0.003930830179462112
2019-03-22,27,279.25,0.1648,0.1477943458919257,0.07389450259863833,0.006202405924843843,0.00800901510743934
2019-03-25,30,279.0400085449219,0.16329999999999997,0.14633068682970818,0.07714577697426568,0.005470138394546703,0.007431711516760224
2019-03-26,30,281.1199951171875,0.14679999999999999,0.13161280303912132,0.07269852536853459,0.005403933539703713,0.007248739129292396
2019-03-27,30,279.6499938964844,0.1515,0.13589070563783462,0.07220297331913444,0.004629879616510079,0.006444153210117356
2019-03-28,29,280.7099914550781,0.14429999999999998,0.1277085402119728,0.07220033557222127,0.004039314947248273,0.005780084449104523
2019-03-29,28,282.4800109863281,0.1371,0.11931924289942726,0.06988576052312076,0.004445271264754115,0.00606919542739624
2019-04-01,30,285.8299865722656,0.134,0.11054357854109352,0.05994153017522714,0.006590647064470196,0.00806676605512479
2019-04-02,30,285.9700012207031,0.1336,0.10960671585619354,0.06038958198728304,0.00617919797664792,0.007649664834777023
2019-04-03,30,286.4200134277344,0.1374,0.1142988143719888,0.06907306380433081,0.007148801713224165,0.008505628858286032
2019-04-04,29,287.17999267578125,0.1358,0.11241432242674919,0.06962205945602665,0.0072339965601760465,0.008403020735234861
2019-04-05,28,288.57000732421875,0.1282,0.10292380050262467,0.06867620329165267,0.006410896927959914,0.006918668470813822
2019-04-08,30,288.7900085449219,0.1318,0.1059505452334306,0.08986615916625461,0.00016311769596603557,0.005466228071101101
2019-04-09,30,287.3099975585937,0.14279999999999998,0.11652821251038983,0.08869305785323771,0.007121342145420431,0.008913719316233833
2019-04-10,30,288.2900085449219,0.133,0.10879233004615171,0.0896150961361333,0.004727540211206905,0.005526449333787989
2019-04-11,29,288.2099914550781,0.13019999999999998,0.10784011396553077,0.09114176848267898,0.004394185199121982,0.005007206028825277
2019-04-12,28,290.1600036621094,0.1201,0.10141564415867148,0.08950283921212503,-0.0028125508071943006,0.0004762209383959772
2019-04-15,30,289.9700012207031,0.1232,0.10086391660451363,0.12943684795514449,-0.012687475874151187,-0.016140840805368185
2019-04-16,30,290.1600036621094,0.12179999999999999,0.10177468676292216,0.13335156686612615,-0.01230976399233304,-0.014819439090954947
2019-04-17,30,289.45001220703125,0.126,0.10523516971468103,0.13498690174460337,-0.014123188508292398,-0.014584835465427931
2019-04-18,29,290.0199890136719,0.1209,0.10300679844614409,0.13711703452592758,-0.013392434822084359,-0.014878550397451604
2019-04-22,30,290.2699890136719,0.1242,0.10538413979705476,0.14069833536659165,-0.01371460679089489,-0.012354689323521875
2019-04-23,30,292.8800048828125,0.12279999999999999,0.10381272892977067,0.14373574225369587,-0.009336071068086838,-0.009448291316668739
2019-04-24,30,292.2300109863281,0.13140000000000002,0.11182841226382008,0.1437440926560934,-0.009180794994680882,-0.00835798479222419
2019-04-25,29,292.04998779296875,0.1325,0.11219029637400395,0.14618508860204857,-0.009722008883646657,-0.008835523552320958
2019-04-26,28,293.4100036621094,0.1273,0.10542861660406351,0.14782394743444344,-0.009216195303881774,-0.00921703991593079
2019-04-29,30,293.8699951171875,0.1311,0.10936626755686252,0.14825371697662892,-0.009853499914326531,-0.009188201653436019
2019-04-30,30,294.0199890136719,0.13119999999999998,0.10868277609633197,0.14854799130983312,-0.010254304356772213,-0.009554969824208955
2019-05-01,30,291.8099975585937,0.14800000000000002,0.12374896416799892,0.1536662852683158,-0.009373906506469479,-0.007362499113938812
2019-05-02,29,291.17999267578125,0.1442,0.12144710437326084,0.15610505289623425,-0.010599779891916352,-0.008488260070611198
2019-05-03,28,294.0299987792969,0.12869999999999998,0.11072536648007264,0.1549270340256172,-0.009239588479981813,-0.008448571331655249
2019-05-06,30,292.82000732421875,0.15439999999999998,0.13169739453470405,0.16967592867427933,-0.008054055384795348,-0.0059086574348701315
2019-05-07,30,287.92999267578125,0.1932,0.17353442510627654,0.16078079664109324,0.0034273775889792314,0.005508011091008521
2019-05-08,30,287.5299987792969,0.19399999999999998,0.173038569972078,0.16441791687263085,0.006926837009446697,0.004557841782103847
2019-05-09,29,286.6600036621094,0.191,0.17096318760683213,0.1668827544892521,0.0031811308560569743,0.003662299147994003
2019-05-10,28,288.1000061035156,0.1604,0.14274518882783666,0.16887033001789017,-0.002613951726611236,-0.0031281561388289887
2019-05-13,30,280.8599853515625,0.20550000000000002,0.1807280242083113,0.13794394977923188,0.00570033904294427,0.008764279763605509
2019-05-14,30,283.3999938964844,0.18059999999999998,0.15836483657597888,0.13508762776361632,0.0034995964367099943,0.00664826706571386
2019-05-15,30,285.0599975585937,0.16440000000000002,0.14319531796947274,0.1335984075461547,0.002347637468166003,0.005455907556839581
2019-05-16,29,287.70001220703125,0.15289999999999998,0.13301144109638977,0.1318877711587444,0.006018988825068339,0.007807453203708408
2019-05-17,28,285.8399963378906,0.15960000000000002,0.14174364778461473,0.13216355114276132,0.0036808417763966087,0.006583954512014663
2019-05-20,30,283.95001220703125,0.1631,0.148877566909477,0.13096191482441408,0.0033121241202876263,0.005830932744578352
2019-05-21,30,286.510009765625,0.1495,0.13462121677504085,0.13141935617842426,0.0027084146933443786,0.004860497885250887
2019-05-22,30,285.6300048828125,0.1475,0.1347375189027242,0.13281496433442466,0.0012984312365405043,0.0035622627243748167
2019-05-23,29,282.1400146484375,0.16920000000000002,0.15508907817295586,0.12785079863347307,0.0033674401288330703,0.005614372081143922
2019-05-24,28,282.7799987792969,0.1585,0.14589325556525495,0.12985640399438314,0.0015174028482487008,0.0038158075794818155
2019-05-28,30,280.1499938964844,0.175,0.16281622232591414,0.1266530890034308,0.0018013024508816834,0.003751145864345736
2019-05-29,30,278.2699890136719,0.179,0.16728811156026893,0.12573746643677228,0.0013069283077917601,0.0031522644034062876
2019-05-30,29,279.0299987792969,0.17300000000000001,0.16087414240165282,0.12752038916163497,0.00018759534492880555,0.0020340275519821573
2019-05-31,28,275.2699890136719,0.18710000000000002,0.1738842158592788,0.12017841118725532,0.000945640532520668,0.00259724672445675
2019-06-03,30,274.57000732421875,0.1886,0.1756369479317483,0.12348566996497122,-0.00012660143398963254,0.0015383918540802454
2019-06-04,29,280.5299987792969,0.1697,0.15782741038580148,0.09985188747894524,0.004591336414617085,0.006352501816324489
2019-06-05,30,282.9599914550781,0.1609,0.1496397751908921,0.09353485739774646,0.0053609723522634435,0.007309119388268923
2019-06-06,29,284.79998779296875,0.1593,0.1469713108303439,0.09231298277794396,0.006051378763448166,0.00810417385129257
2019-06-07,28,287.6499938964844,0.163,0.14919764639619768,0.08679613265579675,0.008786742099225893,0.010960895416076633
2019-06-10,30,288.9700012207031,0.1594,0.14667617544654923,0.08626116957792548,0.008258585565405742,0.009928088741351473
2019-06-11,30,288.8999938964844,0.15990000000000001,0.14774275898734365,0.08664282955963686,0.008111935358718405,0.009700468033936253
2019-06-12,30,288.3900146484375,0.1591,0.14602260955593221,0.08781668879618443,0.0070142701863438045,0.008608010134718822
2019-06-13,29,289.5799865722656,0.1582,0.14649673649796308,0.08811516283823903,0.007838918163731471,0.009300341926599601
2019-06-14,28,289.260009765625,0.1528,0.14143524626466383,0.08958595911482545,0.006048989394725851,0.007533740273983368
2019-06-17,30,289.3699951171875,0.1535,0.14027030440835614,0.09046787253583592,0.00499951436226687,0.006615780561540796
2019-06-18,30,292.3999938964844,0.1515,0.13743234082762393,0.08382574591480868,0.008048841525043678,0.009527969778562472
2019-06-19,30,293.0599975585937,0.1433,0.1303874638636009,0.08568798084193358,0.007127868296604962,0.008558119110708199
2019-06-20,29,295.8599853515625,0.1475,0.13049033908772326,0.08035899420220247,0.012334573232995211,0.012318146252530776
2019-06-21,28,294.0,0.154,0.13687113052924146,0.07854763554290824,0.010212935740644595,0.011378467179275696
2019-06-24,30,293.6400146484375,0.15259999999999999,0.1374249685311562,0.08184389352819012,0.010285096202958564,0.012003436894706789
2019-06-25,30,290.760009765625,0.1628,0.14679292252787712,0.07612778187468262,0.008987674167179634,0.010814231643558544
2019-06-26,30,290.4700012207031,0.16210000000000002,0.1457719244463743,0.07953523248509899,0.008056917020031102,0.009827777377871633
2019-06-27,29,291.5,0.1582,0.14193659054098576,0.07991425042698805,0.008133696126867406,0.009841626793514666
2019-06-28,28,293.0,0.1508,0.13473074132540916,0.07918940121663731,0.008258246496702301,0.009847164585151594
2019-07-01,30,295.6600036621094,0.1406,0.12380159345688066,0.08028346858561984,0.008486385912393856,0.009585468664143847
2019-07-02,30,296.42999267578125,0.1293,0.11170756986086877,0.08540375286278452,0.0016488746314215162,0.004211629099002483
2019-07-03,30,298.79998779296875,0.1257,0.10998191701982846,0.08495443961982763,0.002632015226042549,0.004258605996772434
2019-07-05,28,298.4599914550781,0.1328,0.11540056753479402,0.0878400699217518,0.003066601619094744,0.004751069393466401
2019-07-08,30,296.82000732421875,0.1396,0.12125683584782508,0.14331577194803427,-0.004051380801847188,-0.008688098915889626
2019-07-09,30,297.19000244140625,0.1409,0.12348631703069451,0.15847330688844785,-0.003937525179459997,-0.007478589327707815
2019-07-10,30,298.6099853515625,0.1303,0.11405713519697379,0.15939170325559995,-0.003064249371719373,-0.005945560731086408
2019-07-11,29,299.3099975585937,0.1293,0.11097639200760481,0.16190358007493158,-0.0025569394136729885,-0.0049686601085838595
2019-07-12,28,300.6499938964844,0.12390000000000001,0.10490326076157029,0.16397813407854003,-0.0016386439634308598,-0.0028139572417679912
2019-07-15,30,300.75,0.1268,0.1051776675648881,0.20193412416336257,-0.005317289934565186,-0.006418499580719029
2019-07-16,30,299.7799987792969,0.1286,0.10784411717155873,0.20182939762824967,-0.007789615181305536,-0.009021957182453386
2019-07-17,30,297.739990234375,0.13970000000000002,0.11832164807696977,0.20682861479596262,-0.014590666913614131,-0.01935797806316224
2019-07-18,29,298.8299865722656,0.1353,0.11282835287864126,0.20996455583126705,-0.011089379609667943,-0.014044221476846601
2019-07-19,28,297.1700134277344,0.1445,0.12011267507615547,0.21273244727978763,-0.017337782771330492,-0.023273801293177566
2019-07-22,30,297.8999938964844,0.1353,0.11302842359610692,0.21313938508090627,-0.021324363180226645,-0.025617447372015142
2019-07-23,30,300.0299987792969,0.1261,0.10626892061354823,0.2116883726711368,-0.01433967300909033,-0.017658878794580876
2019-07-24,30,301.44000244140625,0.1207,0.10339635373447532,0.22974728939744538,-0.0111066799496077,-0.013558243054201833
2019-07-25,29,300.0,0.1274,0.11023548687538817,0.23305653232295123,-0.0155107713666013,-0.01857402176587213
2019-07-26,28,302.010009765625,0.1216,0.10377406529214629,0.23595317114250772,-0.009645783873149317,-0.011767940650535753
2019-07-29,30,301.4599914550781,0.1283,0.10761438112109656,0.23276711593456956,-0.015711484572331638,-0.018803573185966038
2019-07-30,30,300.7200012207031,0.1394,0.12038089273616927,0.23678459312139372,-0.01947726129225662,-0.022710291456847626
2019-07-31,30,297.42999267578125,0.1612,0.13915820839858284,0.23365997725579243,-0.026370179544637936,-0.02886561713897738
2019-08-01,29,294.8399963378906,0.1787,0.16050370836227254,0.2356201964175008,-0.023165703103747073,-0.023973946073816678
2019-08-02,28,292.6199951171875,0.1761,0.1577905240776624,0.23823303379429156,-0.022564736714026958,-0.025785403407496018
2019-08-05,30,283.82000732421875,0.2459,0.22616062096641573,0.20879625646708294,0.004889682885424897,0.0069318955018207815
2019-08-06,30,287.79998779296875,0.20170000000000002,0.18476909282903015,0.2078981816327234,-0.0048844115708375204,-0.0039511530306577235
2019-08-07,30,287.9700012207031,0.1949,0.17897336205416264,0.20790541167468252,-0.008097289960447968,-0.006935244589410084
2019-08-08,29,293.6199951171875,0.1691,0.1510254566393181,0.1999087728417832,-0.017169882999943063,-0.016228430530472255
2019-08-09,28,291.6199951171875,0.1797,0.16208134241620661,0.201945101248463,-0.012814574365355371,-0.012231347356910735
2019-08-12,30,288.07000732421875,0.2109,0.19163872996674675,0.19197001086034451,-0.002274629153707405,-0.00019680528576105773
2019-08-13,30,292.54998779296875,0.1752,0.15656503431079175,0.1846632032828684,-0.008133780271560304,-0.0067913182590887515
2019-08-14,30,283.8999938964844,0.221,0.2031596483945031,0.1521380971977308,0.005017285204282374,0.006980734556396551
2019-08-15,29,284.6499938964844,0.2118,0.196287442126203,0.1544555962538344,0.0033906218771960358,0.0052933944121549845
2019-08-16,28,288.8500061035156,0.18469999999999998,0.16702892842029024,0.1480265461122099,0.00031833585779785173,0.0018719213135302193
2019-08-19,30,292.3299865722656,0.16879999999999998,0.15222344595184178,0.13749451671680984,0.0003330735259165494,0.0017593518409673495
2019-08-20,30,290.0899963378906,0.175,0.15983058144689596,0.13485148641796094,0.0006059968029943082,0.002156973135832556
2019-08-21,30,292.45001220703125,0.158,0.14490186082258125,0.1358244790642302,-0.0004926597696819195,0.0008178541252915356
2019-08-22,29,292.3599853515625,0.1668,0.152852999435006,0.1381421149897377,0.0008943396636089859,0.0022010136208057847
2019-08-23,28,284.8500061035156,0.19870000000000002,0.18446965113040936,0.104579945572486,0.0059712989545132504,0.007353480130081098
2019-08-26,30,288.0,0.1932,0.17851776351716783,0.09957477299115497,0.008427884630808423,0.009964838467502415
2019-08-27,30,286.8699951171875,0.20309999999999997,0.18931524873399447,0.09889389638298585,0.009044185793639765,0.010563800144045092
2019-08-28,30,288.8900146484375,0.1935,0.17810098195336105,0.09765227892237532,0.009787587324210393,0.011179081823617437
2019-08-29,29,292.5799865722656,0.1788,0.16292985734013518,0.08852856798408375,0.013791671205023582,0.014398471059432906
2019-08-30,28,292.45001220703125,0.1898,0.17235060439252406,0.09008128277616846,0.015181595772995904,0.015686224585725744
2019-09-03,30,290.739990234375,0.1966,0.1795596392272073,0.11761162153196329,0.011313421987531245,0.009745509737767716
2019-09-04,30,294.0400085449219,0.17329999999999998,0.156940599605817,0.12033619950837622,0.005967925541130568,0.004180971500898971
2019-09-05,29,297.82000732421875,0.16269999999999998,0.14412696754882132,0.11369501828014111,0.008817149438644863,0.008168590489046482
2019-09-06,28,298.04998779296875,0.15,0.13221373468218894,0.11567390618757419,0.006384733130247055,0.005578808295073984
2019-09-09,30,298.20001220703125,0.1527,0.13534529537193635,0.12953089900065215,0.0027982274817695005,0.003360283291936343
2019-09-10,30,298.1300048828125,0.152,0.13448584596806362,0.1316449900978096,0.0013194387800063263,0.0017399800161806325
2019-09-11,30,300.25,0.1461,0.12825048321859475,0.1342151336676641,0.0017656412819141848,0.0024668811040240574
2019-09-12,29,301.2900085449219,0.1422,0.12471655458744758,0.13595726064011593,0.001621192368206434,0.0024334240660108496
2019-09-13,28,301.0899963378906,0.1374,0.12198121546583118,0.13834299537867192,0.0007510127723820509,0.001493584975620424
2019-09-16,30,300.1600036621094,0.1467,0.1296419198152516,0.137745413213505,0.001101709231539069,0.002224487150244085
2019-09-17,30,300.9200134277344,0.1444,0.1289473609176442,0.1378459183208919,0.0015905987493472047,0.002111777861642108
2019-09-18,30,301.1000061035156,0.13949999999999999,0.1244620061105828,0.13867688836680123,-0.00029945971612665176,0.001349391336669686
2019-09-19,29,301.0799865722656,0.1405,0.12452078754730447,0.14104740794692688,-0.0007428005144843622,0.000894067075364519
2019-09-20,28,298.2799987792969,0.1532,0.13695429595700795,0.13952381840708272,0.005727061594257826,0.00369209935639903
2019-09-23,30,298.2099914550781,0.1491,0.13214245195894492,0.13768359202941466,0.003710256843302129,0.004509141434112795
2019-09-24,30,295.8699951171875,0.1705,0.15179250157886953,0.1350338832137571,0.00560508217227318,0.007619321279447152
2019-09-25,30,297.6199951171875,0.15960000000000002,0.1422693179632856,0.13421698731115891,0.005644419871343681,0.007559879711903317
2019-09-26,29,297.0,0.1607,0.14362267990534344,0.13631084164061447,0.004582201199599927,0.006512368226610763
2019-09-27,28,295.3999938964844,0.1722,0.15484817631788333,0.13734579223622403,0.005017158674069531,0.0070047460418839885
2019-09-30,30,296.7699890136719,0.1624,0.14509369985156398,0.13358650556072324,0.0031365296957775236,0.005638014631292648
2019-10-01,30,293.239990234375,0.1856,0.17037564516445405,0.12723910766609164,0.006312543371787265,0.008828864282042923
2019-10-02,30,288.0599975585937,0.20559999999999998,0.19200175616107634,0.11558407718846032,0.007591930586050652,0.00988909935386472
2019-10-03,29,290.4200134277344,0.1912,0.1775978240225165,0.11394041293451977,0.006989678460774821,0.009291089690920733
2019-10-04,28,294.3500061035156,0.1704,0.15576650868005817,0.10531339564352606,0.007599451788641703,0.009839645140932177
2019-10-07,30,293.0799865722656,0.17859999999999998,0.15787158507479382,0.10166209385738087,0.005670190214753966,0.007812981998686908
2019-10-08,30,288.5299987792969,0.2028,0.17947409853142995,0.08664043706794496,0.0069372403873644815,0.009034970129532896
2019-10-09,30,291.2699890136719,0.1864,0.16290133149979347,0.08058227354763454,0.0069154316118462044,0.008972477382901089
2019-10-10,29,293.239990234375,0.1757,0.15243136111749858,0.07839345368989174,0.0067074302330056125,0.008724641752820074
2019-10-11,28,296.2799987792969,0.1558,0.13330867391437948,0.07055781020775553,0.006544270785951019,0.008456715315795836
2019-10-14,30,295.95001220703125,0.1457,0.1219082495377945,0.06878287140794066,0.003479842589960391,0.005293403531356222
2019-10-15,30,298.8800048828125,0.1354,0.11068286269675869,0.05979970388957126,0.004332716595144728,0.006027380509028533
2019-10-16,30,298.3999938964844,0.1368,0.11377701307351734,0.06463050129943275,0.004221407007987886,0.005919856300690914
2019-10-17,29,299.2799987792969,0.1379,0.11138647910508756,0.06489991229818635,0.004114521281473717,0.005754293590992921
2019-10-18,28,297.9700012207031,0.1425,0.11706147627016711,0.06412153241143419,0.003928406758920324,0.005603141672138989
2019-10-21,30,299.989990234375,0.14,0.11269837555755323,0.058809874487703494,0.004388462650005012,0.005963592597210349
2019-10-22,30,299.010009765625,0.1446,0.11980623277140955,0.0579645214270069,0.004482090843102932,0.0060932771637295146
2019-10-23,30,299.8800048828125,0.1401,0.1134479222639833,0.05759534485902911,0.003941204545163837,0.005506653568746116
2019-10-24,29,300.3699951171875,0.1371,0.11415170352124313,0.0582929057268348,0.003991647986726782,0.0055375651819024665
2019-10-25,28,301.6000061035156,0.1265,0.10457998487744191,0.05746058905658446,0.0033210639936698217,0.004780310521939839
2019-10-28,30,303.29998779296875,0.1311,0.10940118452943262,0.06103599291251675,0.004833138368441485,0.006534976010705521
2019-10-29,29,303.2099914550781,0.132,0.10757988334330494,0.06207049022519213,0.004093452964434116,0.0057452283592431316
2019-10-30,30,304.1400146484375,0.1233,0.09810986453200009,0.0614668421863562,0.0031212415661145258,0.0047998926512117755
2019-10-31,29,303.3299865722656,0.1322,0.10339143548925657,0.061797552039304225,0.0030980228779693545,0.004755140163968585
2019-11-01,28,306.1400146484375,0.12300000000000001,0.1003230099077396,0.05335610721259814,0.005384002096190844,0.007198578275356106
2019-11-04,30,307.3699951171875,0.1283,0.10181544583580035,0.06601693887283135,0.005565345533073708,0.006619108173952744
2019-11-05,30,307.0299987792969,0.131,0.1075193171403644,0.06620116216894596,0.0058854590193943785,0.007091714821826599
2019-11-06,30,307.1000061035156,0.12619999999999998,0.10538743964050339,0.0734019225095028,0.00516370191170942,0.006385923642691256
2019-11-07,29,308.17999267578125,0.1273,0.1065577259860402,0.07361057917491837,0.005862593557431976,0.006839577306509176
2019-11-08,28,308.94000244140625,0.1207,0.1021295401492679,0.07438380736162256,0.004934792238686022,0.0056605511404095145
2019-11-11,30,308.3500061035156,0.12689999999999999,0.1074157282576516,0.07316550409767293,0.004318917661211551,0.005369943071980603
2019-11-12,30,309.0,0.1268,0.1080531115158867,0.07871050190381354,0.004885085836492474,0.005896866472753726
2019-11-13,30,309.1000061035156,0.13,0.10918306112717065,0.07873013288730774,0.004836499370644062,0.00579130930200774
2019-11-14,29,309.54998779296875,0.1305,0.10748683019459788,0.0799095601362018,0.004404932246976868,0.005294224479583908
2019-11-15,28,311.7900085449219,0.12050000000000001,0.1003941719388817,0.07704467846157396,0.004000485583756728,0.0046502290690473595
2019-11-18,30,312.0199890136719,0.1246,0.10258430231935169,0.07813120247406784,0.002567916830728552,0.004348605956204904
2019-11-19,30,311.92999267578125,0.1286,0.10483285329623443,0.07941699367848375,0.0026726319552947022,0.004471286919625012
2019-11-20,30,310.7699890136719,0.1278,0.10623218572269717,0.07836828785912155,0.002444644857461825,0.004065649165147814
2019-11-21,29,310.2699890136719,0.1313,0.10966349797670079,0.07950304734431662,0.0025613474271952725,0.004142227515968134
2019-11-22,28,310.9599914550781,0.1234,0.10203823097041903,0.08051178984619418,0.0010453747137185645,0.002592634870314492
2019-11-25,29,313.3699951171875,0.11869999999999999,0.09537052055406428,0.07441631534565515,0.0006024350231413921,0.0024740842675618252
2019-11-26,30,314.0799865722656,0.11539999999999999,0.09126412444769133,0.07505880185958275,9.137492954273896e-05,0.0020207178812020788
2019-11-27,30,315.4800109863281,0.1175,0.09278564539181322,0.07344315092465954,0.001449843594691881,0.0035184047728595803
2019-11-29,28,314.3099975585937,0.12619999999999998,0.09979681483933472,0.07482787308330992,0.001640536944574388,0.0035856012874468978
2019-12-02,29,311.6400146484375,0.1491,0.12274296162727391,0.07034850514994277,0.004124160609805055,0.00597014418709773
2019-12-03,30,309.54998779296875,0.15960000000000002,0.13606854144778013,0.07271339858726665,0.0049863053561920055,0.006775436235262861
2019-12-04,30,311.4599914550781,0.14800000000000002,0.12564138101309624,0.07436269506643121,0.005016474081152372,0.006706496442891397
2019-12-05,29,312.0199890136719,0.1452,0.12280828058229756,0.07536497144672766,0.004612254668399363,0.006265838390230779
2019-12-06,28,314.8699951171875,0.1362,0.10545124854872877,0.06931812424858487,0.004806932619284562,0.0062773808807154875
2019-12-09,30,313.8800048828125,0.1586,0.12067856106705796,0.07057361009446642,0.005281399093413418,0.007169136493347676
2019-12-10,30,313.5299987792969,0.1568,0.11947051167282359,0.07430416389308951,0.004494511065427002,0.006343214714441674
2019-12-11,30,314.4200134277344,0.1499,0.11459837909766145,0.07432624385628132,0.0041436060907097515,0.005968417083159701
2019-12-12,29,317.1300048828125,0.1394,0.10655787162466461,0.06919454499209045,0.0052848445306605055,0.007064291797951318
2019-12-13,28,317.32000732421875,0.1263,0.09643117451234406,0.07038610998595378,0.0033748453801242333,0.005070455714755567
2019-12-16,30,319.5,0.12140000000000001,0.09281515658571819,0.06866918588940739,0.0025632208351634156,0.004349916311298956
2019-12-17,30,319.57000732421875,0.1229,0.09408876244295372,0.0744969936200273,0.00238032057122665,0.004209075196101366
2019-12-18,30,319.5899963378906,0.1258,0.09617233974618944,0.07528118928767707,0.0023677067869182686,0.004217874787011181
2019-12-19,29,320.8999938964844,0.125,0.09515589169688936,0.0751802723575331,0.002385612736609032,0.004261649006009405
2019-12-20,28,320.7300109863281,0.1251,0.09495482408140175,0.07648708056889629,0.0019638221606527776,0.0038153544290936074
2019-12-23,30,321.2200012207031,0.1261,0.09633750479177224,0.07401908199707587,0.0011792241228126543,0.002867805789351834
2019-12-24,30,321.2300109863281,0.1267,0.09691742720469501,0.0741269005293683,0.0009172129337446808,0.0025977450763609096
2019-12-26,29,322.94000244140625,0.1265,0.09630056276127477,0.0795853892581547,0.0009272684639081897,0.002532926933841118
2019-12-27,28,322.8599853515625,0.1343,0.10193349449051546,0.08098914767830716,0.0015679277992048555,0.0031888175684698645
2019-12-30,30,321.0799865722656,0.1482,0.11317209227619784,0.1012797260557528,-3.3677900952459437e-05,0.0005742063735037476
2019-12-31,30,321.8599853515625,0.1378,0.10506039978167132,0.10155631034681287,-0.0026612938409833744,-0.001477584180303033
2020-01-02,29,324.8699951171875,0.1247,0.09491389001001672,0.11749546043297546,-0.023574386171228978,-0.008541947615817974
2020-01-03,28,322.4100036621094,0.1402,0.10654453889647775,0.1163833101270437,-0.005851704713033667,-0.0004832344059495973
2020-01-06,30,323.6400146484375,0.13849999999999998,0.10590638397154417,0.13236260518412643,-0.015949541890450523,-0.01531378134643421
2020-01-07,30,322.7300109863281,0.1379,0.1092245771583424,0.1325167508183144,-0.012415375078217012,-0.011219617270693842
2020-01-08,30,324.45001220703125,0.13449999999999998,0.10235214673297381,0.13253070843523893,-0.017438446700445216,-0.01587987471367704
2020-01-09,29,326.6499938964844,0.12539999999999998,0.09533268870781181,0.13264719464639146,-0.02196654921917266,-0.020010713447810705
2020-01-10,28,325.7099914550781,0.12560000000000002,0.10109451599485178,0.13459353017695702,-0.019398869059217,-0.017719319478284347
2020-01-13,30,327.95001220703125,0.1232,0.0960253398419501,0.13246700130861122,-0.01766965780920711,-0.015253875341728259
2020-01-14,30,327.45001220703125,0.12390000000000001,0.09710822298375099,0.13241241519105149,-0.017171567043963748,-0.014870507334272304
2020-01-15,30,328.19000244140625,0.1242,0.09457311791109975,0.13229600251328796,-0.01735965683727613,-0.015111966182154213
2020-01-16,29,330.9200134277344,0.1232,0.09363645862246654,0.13130894066283522,-0.013580437682605874,-0.011668355740943654
2020-01-17,28,331.95001220703125,0.121,0.09178653995067791,0.13316128901989902,-0.012420744937024459,-0.010813762520835506
2020-01-21,30,331.29998779296875,0.1285,0.09822730254691703,0.13064096735702926,-0.010702650277792167,-0.009063231288054249
2020-01-22,30,331.3399963378906,0.1291,0.10223111661783052,0.13553828640076532,-0.00941845469498688,-0.007948825244652308
2020-01-23,29,331.7200012207031,0.1298,0.10026051369641203,0.13779535945323867,-0.00975994376211547,-0.00843754820241476
2020-01-24,28,328.7699890136719,0.1456,0.11896314701747375,0.13647523918880314,-0.007253403680771056,-0.005442076650038008
2020-01-27,30,323.5,0.18230000000000002,0.14813799891911825,0.19932962136846244,-0.02788597442483497,-0.03376424613412534
2020-01-28,30,326.8900146484375,0.1628,0.1348564902815004,0.25318071840912615,-0.026263173676526357,-0.026161848850401532
2020-01-29,30,326.6199951171875,0.16390000000000002,0.13638985101128318,0.2535899268543596,-0.02683770807909441,-0.027096954335088044
2020-01-30,29,327.67999267578125,0.1549,0.12228809669405401,0.2576688379222225,-0.029999011359017468,-0.028451578812746646
2020-01-31,28,321.7300109863281,0.1884,0.14383540299763317,0.25374604442924026,-0.02703048372659579,-0.025275782879204182
2020-02-03,30,324.1199951171875,0.1797,0.14522425305596479,0.33494661959427635,-0.0245789002292024,-0.026037571202525558
2020-02-04,30,329.0599975585937,0.1605,0.12852570586799308,0.35115621211144316,-0.020933070151905014,-0.0214310041758383
2020-02-05,30,332.8599853515625,0.1515,0.11977889487364071,0.3536769844087811,-0.01638832150421471,-0.018087402190635933
2020-02-06,29,333.9800109863281,0.1496,0.11368465197093236,0.35952571825991725,-0.016021297085383607,-0.018414253186763787
2020-02-07,28,332.20001220703125,0.1547,0.11807586775548093,0.36538043185011826,-0.018060495960066175,-0.01961138964057379
2020-02-10,30,334.67999267578125,0.15039999999999998,0.11445933339073655,0.5154881473563876,-0.015369212386218441,-0.017436985512133307
2020-02-11,30,335.260009765625,0.1518,0.11549138231015738,0.6234952945969016,-0.014867337677820312,-0.01690638912750856
2020-02-12,30,337.4200134277344,0.1374,0.10480093879398936,0.6856451828431472,-0.012697951195095147,-0.015462111291511883
2020-02-13,29,337.0599975585937,0.14150000000000001,0.10765289994792537,0.6973561781388292,-0.013400470826877411,-0.015969335317982843
2020-02-14,28,337.6000061035156,0.1368,0.10392780627593223,0.7096761878399971,-0.01320230152802894,-0.016074926637530223
2020-02-18,30,336.7300109863281,0.1483,0.11311523864224006,0.8366142190630824,-0.015763331172693885,-0.017673911129959686
2020-02-19,30,338.3399963378906,0.1438,0.10968056418564916,0.8543757398477172,-0.01415315643648453,-0.016113644969929314
2020-02-20,29,336.95001220703125,0.15560000000000002,0.11818202033767346,0.8688587715972116,-0.01578987977512157,-0.017589470301045584
2020-02-21,28,333.4800109863281,0.17079999999999998,0.1298551995301443,0.883447773544507,-0.018928277211525596,-0.021107804326237555
2020-02-24,30,322.4200134277344,0.2503,0.1940954355359955,0.903867702347414,-0.04117581370308734,-0.04606733583755793
2020-02-25,30,312.6499938964844,0.2785,0.21458180045764702,0.9190422521657335,-0.06357764226313455,-0.07298506469752032
2020-02-26,30,311.5,0.2756,0.21258234261200468,0.9249854421370898,-0.06815975995670166,-0.07797175799149623
2020-02-27,29,297.510009765625,0.39159999999999995,0.30798112237329517,0.9265663514465913,-0.09065424357010504,-0.10771313952315623
2020-02-28,28,296.260009765625,0.4011,0.30788399056302573,0.9428444881703988,-0.09589168520076252,-0.11382445946360548
2020-03-02,30,309.0899963378906,0.3342,0.26922029377759404,0.9213007670727164,-0.05726440533756212,-0.0679108248452046
2020-03-03,30,300.239990234375,0.3682,0.3088338010484375,0.9191623374336121,-0.07986771777065625,-0.09381418585439665
2020-03-04,30,312.8599853515625,0.31989999999999996,0.25591794893085384,0.9092924593098984,-0.037973503313103854,-0.04745823803587916
2020-03-05,29,302.4599914550781,0.3962,0.33100159207884744,0.91702717074491,-0.06490478552592481,-0.07647462937762071
2020-03-06,28,297.4599914550781,0.4194,0.3407107970432475,0.9313163780916834,-0.07985137378513445,-0.09137475013790824
2020-03-09,30,274.2300109863281,0.5446,0.4409372102914792,0.8909405288497441,-0.1075863543343187,-0.11508114830170042
2020-03-10,30,288.4200134277344,0.473,0.40183441415853904,0.8749758868011093,-0.08067388582595075,-0.08429158393109593
2020-03-11,29,274.3599853515625,0.539,0.4574152066263456,0.8720928636799761,-0.09439041055925979,-0.09280092071779768
2020-03-12,28,248.1100006103516,0.7547,0.6468351764489595,0.8098542194073629,-0.045978453625960425,-0.037433360081217594
2020-03-13,27,269.32000732421875,0.5783,0.4945071378809946,0.7675899295922712,-0.0568531547007353,-0.05066260365948523
2020-03-16,30,239.8500061035156,0.8269,0.6989497932739652,0.6195118610987406,0.005771270931958521,0.011141645309669481
2020-03-17,30,252.8000030517578,0.7591,0.6416425443087206,0.5919744940593635,0.010502092951906452,0.01336579907822172
2020-03-18,30,240.0,0.7645000000000001,0.6456452062060519,0.5711668750765034,0.002107796714542906,0.006234956067056796
2020-03-19,29,240.50999450683597,0.72,0.6107354223826003,0.5808823046387195,-0.008168022679389101,-0.004016786221692749
2020-03-20,28,228.8000030517578,0.6604000000000001,0.562798281442242,0.5630263394130727,-0.020012563167475687,-0.017126463717407114
2020-03-23,30,222.9499969482422,0.6159,0.5201395152441154,0.5558574501910855,-0.027292909641728917,-0.026066268056492117
2020-03-24,30,243.1499938964844,0.6167,0.5208151307859165,0.466322497892564,-0.003543682373070219,-0.0016693513523106066
2020-03-25,30,246.7899932861328,0.6395000000000001,0.5400701737272476,0.4659416381050546,0.002511269781192148,0.003964784298740832
2020-03-26,29,261.20001220703125,0.61,0.5168904044600703,0.4290163929510069,0.018425377239847524,0.01857872580554222
2020-03-27,28,253.4199981689453,0.6554000000000001,0.5553412875328727,0.42274013814360245,0.018644593223807838,0.019454882618054028
2020-03-30,30,261.6499938964844,0.5708,0.4794194650193183,0.4065030584858143,0.012172675762548062,0.015230333500990748
2020-03-31,30,257.75,0.5354,0.43381991369056216,0.40443222980231286,-0.0023237755566418157,8.606416715102089e-06
2020-04-01,30,246.1499938964844,0.5706,0.5092145325034553,0.38278467338367606,0.008417049729402956,0.010467960383891957
2020-04-02,29,251.8300018310547,0.5091,0.4442511769920817,0.38082316067513594,0.0011260754874126418,0.0029112099520747074
2020-04-03,28,248.19000244140625,0.46799999999999997,0.40059277256613246,0.3839823252536913,-0.00828502517581975,-0.0071638230101139415
2020-04-06,30,264.8599853515625,0.4524,0.3858148297571788,0.2964496459193,0.011683548902815163,0.014570809156248744
2020-04-07,30,265.1300048828125,0.467,0.4077161982806941,0.2993663002235713,0.016096658815056755,0.018739707636551632
2020-04-08,30,274.0299987792969,0.4335,0.3759355122179812,0.28219399054681554,0.022830889442409335,0.025024959205666907
2020-04-09,29,278.20001220703125,0.4167,0.35622191846146467,0.28197270662468776,0.021783348848724123,0.02391244523805052
2020-04-13,30,275.6600036621094,0.4117,0.3562907373136455,0.2909310303569022,0.01644455040637916,0.017655600818944527
2020-04-14,30,283.7900085449219,0.3776,0.31863929544382014,0.2758327107632928,0.021140399278352373,0.017007992682141374
2020-04-15,30,277.760009765625,0.40840000000000004,0.34393492258255853,0.26594652003046443,0.020158031222978736,0.02314840416007725
2020-04-16,29,279.1000061035156,0.4011,0.33818534158590396,0.26995353371832614,0.019360913864433893,0.022277042877482386
2020-04-17,28,286.6400146484375,0.3815,0.307031997077881,0.2573217645463618,0.02652093626542282,0.0195995973320764
2020-04-20,30,281.5899963378906,0.43829999999999997,0.3569394405248907,0.2714021116364914,0.019913326211579045,0.02396807239512806
2020-04-21,30,273.0400085449219,0.45409999999999995,0.3764926910799505,0.25035164786492786,0.020156352768337618,0.02457587467810526
2020-04-22,30,279.1000061035156,0.41979999999999995,0.33850037565676383,0.2384467173635574,0.017236836335791365,0.020753763003859928
2020-04-23,29,279.0799865722656,0.4138,0.3373930172033285,0.2425228913882462,0.01569636985183673,0.019204882727440014
2020-04-24,28,282.9700012207031,0.3593,0.2885306584649182,0.24170261018208514,0.0058498293814502195,0.008631944444540803
2020-04-27,30,287.04998779296875,0.3329,0.2592848732712327,0.23771926853141484,0.0018409763538144751,0.0066410364627865525
2020-04-28,30,285.7300109863281,0.3357,0.2615078930118439,0.2372624759621906,0.0012774465137027065,0.005507297521901275
2020-04-29,30,293.2099914550781,0.3123,0.23630123375840217,0.22002081937073703,0.0026765077222255804,0.00457897178592683
2020-04-30,29,290.4800109863281,0.34149999999999997,0.26143839092430843,0.2213077420669789,0.0071091774109361084,0.009807607259751633
2020-05-01,28,282.7900085449219,0.37189999999999995,0.28554764240128905,0.20332840808692332,0.009887973345274977,0.013858174917563509
2020-05-04,30,283.57000732421875,0.35969999999999996,0.27200839380589886,0.20407284226873043,0.006149082798233695,0.009405166904879454
2020-05-05,30,286.19000244140625,0.3361,0.2653005760918088,0.2017443879525019,0.0063828791582185695,0.009464844065218168
2020-05-06,30,284.25,0.34119999999999995,0.2680592257230098,0.2189286188148981,0.005197785219282051,0.008249085956897356
2020-05-07,29,287.67999267578125,0.3144,0.24015906212571572,0.218567401191532,0.0016587448132014166,0.00444173235962603
2020-05-08,28,292.44000244140625,0.2798,0.21147262873739828,0.21439947840021878,-0.000411261328002688,0.001993541252614479
2020-05-11,30,292.5,0.2757,0.21624588560450805,0.213824832311062,-0.001395129906551956,0.00042389217611952
2020-05-12,30,286.6700134277344,0.33039999999999997,0.2686215876037181,0.28928400443032637,0.006174894054462816,0.008463525419604424
2020-05-13,30,281.6000061035156,0.3528,0.29470449112395286,0.28554412003708207,0.0077680849208522865,0.010334717169576213
2020-05-14,29,284.9700012207031,0.3261,0.26992062925950117,0.28734264557239164,0.005880882889484425,0.008180318114373147
2020-05-15,28,286.2799987792969,0.3189,0.26323951221579495,0.2919595235279674,0.004723718126838,0.006913880675869375
2020-05-18,30,295.0,0.293,0.22932101910998479,0.272557441107439,-0.0028712088779694694,0.007101424628783975
2020-05-19,30,291.9700012207031,0.3053,0.24407755132290032,0.27017124872101783,-4.408235604136651e-05,0.007894011604611497
2020-05-20,30,296.92999267578125,0.2799,0.22805780859165642,0.26605753521908004,-0.006688784720460861,0.004205035149608264
2020-05-21,29,294.8800048828125,0.2953,0.24384964106068904,0.2694873784776708,-0.0032065175595517408,0.006420907246685072
2020-05-22,28,295.44000244140625,0.2816,0.22875230992163717,0.27417187672998516,-0.006079919739927188,0.0038580771874452
2020-05-26,30,299.0799865722656,0.2801,0.21945381737255162,0.2803493247261306,-0.014185950611063178,-0.002802215518655911
2020-05-27,30,303.5299987792969,0.2762,0.213906208821625,0.28804866413765295,-0.03587795092785884,-0.01777224750720069
2020-05-28,29,302.9700012207031,0.2859,0.2183444242006702,0.2928996703598422,-0.032635061126342776,-0.015250465057311903
2020-05-29,28,304.32000732421875,0.2751,0.20689264450184128,0.2976516022772465,-0.04284022475414959,-0.02465836008484917
2020-06-01,30,305.54998779296875,0.2823,0.21326503271468789,0.2960508739220314,-0.028143724196769696,-0.020670029389266917
2020-06-02,30,308.0799865722656,0.26839999999999997,0.20256842267369296,0.2952723665200683,-0.030888142000311602,-0.024977260539722265
2020-06-03,29,312.17999267578125,0.2566,0.19452075902647975,0.29663503997986435,-0.026272193966323028,-0.03064409018230228
2020-06-04,28,311.3599853515625,0.2581,0.19748084803559549,0.3017362299007581,-0.028130954023869004,-0.029402566916217964
2020-06-05,27,319.3399963378906,0.2452,0.1899306683687247,0.29284670878334096,-0.02660346901085082,-0.030052081509622797
2020-06-08,30,323.20001220703125,0.2581,0.20251312123606105,0.283365923296285,-0.016960649269289956,-0.021406996483791286
2020-06-09,30,320.7900085449219,0.2757,0.22716564437313197,0.28286258713828183,-0.009349229044157808,-0.011865205971401935
2020-06-10,30,319.0,0.2757,0.21997831150291372,0.2844044648830432,-0.0074637366178272255,-0.01295405532736044
2020-06-11,29,300.6099853515625,0.4079,0.31179477458003996,0.19824271431570487,0.01961676942964564,0.023495618303417582
2020-06-12,28,304.2099914550781,0.36090000000000005,0.27782873800031804,0.1971201622839778,0.0152570756658558,0.018511799771356564
2020-06-15,30,307.04998779296875,0.344,0.26320188580630177,0.19791461198122262,0.015659513292129765,0.01698223928025198
2020-06-16,30,312.9599914550781,0.3367,0.25812914841016993,0.18676301303552348,0.019980647016078153,0.020626328060409222
2020-06-17,30,311.6600036621094,0.3347,0.25583241778476884,0.18647138933207244,0.017776797908960106,0.01871181060009405
2020-06-18,29,311.7799987792969,0.32939999999999997,0.2512894671722514,0.18965424842810333,0.01574545088846023,0.01665005348762836
2020-06-19,28,308.6400146484375,0.35119999999999996,0.28700140451692313,0.18951966515836058,0.021010254150768033,0.022251631171937018
2020-06-22,30,310.6199951171875,0.3177,0.24197103724934008,0.18509684105214355,0.010679782901087221,0.01334340563638891
2020-06-23,30,312.04998779296875,0.31370000000000003,0.23896512647992424,0.18909566959862517,0.01086544767491605,0.01327601443477753
2020-06-24,30,304.0899963378906,0.33840000000000003,0.2585171190109387,0.16775439896148367,0.01124341911153125,0.01377407097037092
2020-06-25,29,307.3500061035156,0.3222,0.24461723368529875,0.16637535801422912,0.010926522798061515,0.013314481256682902
2020-06-26,28,300.04998779296875,0.34729999999999994,0.2637457338197336,0.14538545481012632,0.010800714574043704,0.013225001852801876
2020-06-29,30,304.4599914550781,0.3178,0.24062636327928327,0.14174094199845677,0.01041399519683834,0.013211033561951377
2020-06-30,30,308.3599853515625,0.3043,0.23059171357179642,0.13518449163424096,0.012661672000944427,0.015435462954177387
2020-07-01,30,310.5199890136719,0.2862,0.21708969293926098,0.13577849615249266,0.011847271282757896,0.014379720414820043
2020-07-02,29,312.2300109863281,0.2768,0.20937514019375278,0.13671836512538113,0.011274070663978552,0.013676887305437927
2020-07-06,30,317.04998779296875,0.27940000000000004,0.21154116189879815,0.12823730492501612,0.014679433270469833,0.017793105755303636
2020-07-07,30,313.7799987792969,0.2943,0.2230856284004243,0.1252083879678036,0.01420399451742892,0.017103458078345648
2020-07-08,30,316.17999267578125,0.2808,0.212694848876739,0.12238071775743517,0.01393733223234783,0.01670437982918054
2020-07-09,29,314.3800048828125,0.2926,0.22145837831100937,0.12281386135011715,0.013484020705885726,0.01625437768377726
2020-07-10,28,317.5899963378906,0.2729,0.205275980085966,0.11948488652640096,0.013009053240688821,0.0156932324985061
2020-07-13,30,314.8399963378906,0.32189999999999996,0.253653103506305,0.12522570473406952,0.017596430348997844,0.020428411473536544
2020-07-14,30,318.9200134277344,0.2952,0.22459362911916272,0.11706517283658113,0.01629008630977442,0.018798104153020426
2020-07-15,30,321.8500061035156,0.2776,0.21030703994359312,0.11263521031951526,0.015596531553801099,0.017713661973647307
2020-07-16,29,320.7900085449219,0.28,0.21208326683561032,0.11396135883838995,0.014462388910330547,0.0166663260603625
2020-07-17,28,321.7200012207031,0.2568,0.19433067322927924,0.11550660716725039,0.01128341753980115,0.013364461855061937
2020-07-20,30,324.32000732421875,0.2446,0.18511016792227628,0.10979492403613456,0.009802451286233688,0.012011468786938068
2020-07-21,30,325.010009765625,0.2484,0.18864336087520384,0.11007975288547384,0.01058551867598443,0.012746224599597683
2020-07-22,30,326.8599853515625,0.2432,0.18398330809631364,0.10898694405769861,0.011107424538505235,0.013087370696966898
2020-07-23,29,322.9599914550781,0.2608,0.19741372473212984,0.10234397628715126,0.01077072796189705,0.012892020804467207
2020-07-24,28,320.8800048828125,0.2584,0.19580251394851436,0.10150943627138516,0.008565267221666213,0.010678881796494826
2020-07-27,30,323.2200012207031,0.24739999999999998,0.1872650222061746,0.10756788480459128,0.008244584577725983,0.010476479607048101
2020-07-28,30,321.1700134277344,0.2544,0.1928662877348558,0.10552892522624885,0.007406192716272924,0.00961832781623786
2020-07-29,30,325.1199951171875,0.24100000000000002,0.18281722674698184,0.09911004484398002,0.00922134160030238,0.0115643927538798
2020-07-30,29,323.9599914550781,0.24760000000000001,0.187283533688725,0.10000360602705749,0.008480710175623971,0.010786090851201417
2020-07-31,28,326.5199890136719,0.2446,0.18446187987939125,0.09772544893585586,0.00970255086609584,0.012098029223776934
2020-08-03,30,328.7900085449219,0.24280000000000002,0.18418516913989474,0.10985482325075589,0.00950793138425103,0.011768768579628336
2020-08-04,30,330.0599975585937,0.2376,0.18005670812746796,0.16373400221525203,0.009083277012466445,0.011268941430781977
2020-08-05,30,332.1099853515625,0.2299,0.17376079010182294,0.1648032533026258,0.008920046763283335,0.010974495930846062
2020-08-06,29,334.3299865722656,0.22649999999999998,0.1708128082140238,0.16594581804439879,0.009340214153227238,0.011255522458072022
2020-08-07,28,334.57000732421875,0.22210000000000002,0.16715085411455557,0.16886326190007248,0.008265944754386662,0.010146649920589472
2020-08-10,30,335.57000732421875,0.2213,0.1679879426593265,0.2012346679875019,-0.014769754154081985,-0.007711050882640452
2020-08-11,30,332.79998779296875,0.2403,0.18258753823292928,0.20830840706252401,-0.003308103578191099,-0.00418950312709457
2020-08-12,30,337.44000244140625,0.2228,0.16936046235667146,0.20264015953875325,-0.01603153163845836,-0.00847277773706248
2020-08-13,29,336.8299865722656,0.2213,0.16799114065244647,0.2060043545158868,-0.01572098507944998,-0.00860310583474385
2020-08-14,28,336.8399963378906,0.2205,0.1664832930092272,0.20965070491275206,-0.016892747086885197,-0.009646277237096578
2020-08-17,30,337.9100036621094,0.21350000000000002,0.16167446366614588,0.2085316198526267,-0.008560676681659126,-0.00683653334484331
2020-08-18,30,338.6400146484375,0.2151,0.16300693965038554,0.21066155861615823,-0.0126363509457047,-0.007953202805348943
2020-08-19,30,337.2300109863281,0.2254,0.1708974676962016,0.21706605217159267,-0.014913168052548406,-0.012149982990323112
2020-08-20,29,338.2799987792969,0.22719999999999999,0.17219170962182226,0.22050120803196577,-0.01393934060439696,-0.011442240065305309
2020-08-21,28,339.4800109863281,0.2254,0.17007085687908793,0.2240396792608313,-0.014257321864220285,-0.011517438812573519
2020-08-24,30,342.9200134277344,0.2237,0.16916178795765463,0.23469666712506307,-0.016557351906498787,-0.012531039631005209
2020-08-25,30,344.1199951171875,0.22030000000000002,0.16633907158881908,0.23456400706097905,-0.01767285148921104,-0.013896735707183631
2020-08-26,30,347.57000732421875,0.2327,0.17581336868077188,0.2386186585293982,-0.01498863775204825,-0.011896754326400617
2020-08-27,29,348.3299865722656,0.2447,0.18501019428211982,0.24257417411213852,-0.013632595298172229,-0.010678648507213713
2020-08-28,28,350.5799865722656,0.2296,0.1730862410642066,0.24577089306963415,-0.01609916594633452,-0.01353207172133827
2020-08-31,30,349.3099975585937,0.2641,0.20049940800589233,0.24611926624237207,-0.012472638650333228,-0.010164359761846969
2020-09-01,30,352.6000061035156,0.2612,0.19883188245211447,0.24495659560172225,-0.012620572561065607,-0.010487769847511376
2020-09-02,30,357.70001220703125,0.2657,0.2025183618990063,0.242078455005917,-0.010736421813906872,-0.008909585787007035
2020-09-03,29,345.3900146484375,0.336,0.25633174099448064,0.2125714768122865,0.008135746485751208,0.00890133712019816
2020-09-04,28,342.57000732421875,0.3075,0.2335168528164065,0.21429955800775297,0.004832386489489799,0.005538605613381018
2020-09-08,30,333.2099914550781,0.3146,0.23855142067189233,0.21059222814026082,0.004585184972179844,0.006957655052533044
2020-09-09,30,339.7900085449219,0.28809999999999997,0.21913434314813146,0.20163900643539132,0.002690535172512604,0.004619834003334106
2020-09-10,29,333.8900146484375,0.29710000000000003,0.22944653499450954,0.19544474766154915,0.004837829761225892,0.007091987439870575
2020-09-11,28,334.0599975585937,0.2687,0.22013699452123844,0.1988957263808396,0.0012912370172288488,0.003494501177540084
2020-09-14,30,338.4599914550781,0.2585,0.19779583693226438,0.19733953714006178,-0.004375373078716274,-0.001430833047256562
2020-09-15,30,340.1700134277344,0.2559,0.19379225624161348,0.196602365096101,-0.004263072945488072,-0.001857827644307462
2020-09-16,30,338.82000732421875,0.26039999999999996,0.19639579738725255,0.19612380727333217,-0.003900699005642497,-0.0015484207373139519
2020-09-17,29,335.8399963378906,0.2646,0.19937101091469833,0.19699911633342496,-0.004867729890361309,-0.0022968936129864445
2020-09-18,28,330.6499938964844,0.2583,0.19427109313978547,0.19243878748343018,-0.005658004160021867,-0.00317226919433945
2020-09-21,30,326.9700012207031,0.2778,0.21298295711824883,0.19008834760952667,-0.0023349331474746015,-1.9519160083687186e-05
2020-09-22,30,330.29998779296875,0.2686,0.20762145027761145,0.18774569277154526,-0.001356504659906024,0.00039795285229027533
2020-09-23,30,322.6400146484375,0.2858,0.22139042901615683,0.1693803132832493,0.0010286508101018871,0.003272324061815789
2020-09-24,29,323.5,0.2851,0.22263700198754727,0.17201687930140783,0.0006916495463815246,0.0028835266108323274
2020-09-25,28,328.7300109863281,0.2638,0.20571927101671286,0.16520808909042506,0.0011737359000377839,0.0029408835211615905
2020-09-28,30,334.19000244140625,0.2619,0.2114673547090529,0.20313890123436112,-0.022020406285422043,-0.010639071778113567
2020-09-29,30,332.3699951171875,0.2627,0.2187562588081427,0.20529662669879215,-0.010670970545188483,-0.004275264591723599
2020-09-30,30,334.8900146484375,0.2637,0.22642241750440045,0.20685435218027404,-0.006632731730774531,-0.004328860151568636
2020-10-01,29,337.0400085449219,0.267,0.23581322261331264,0.20916201621153135,-0.0021251622453014986,-0.0027302796641769317
2020-10-02,28,333.8399963378906,0.2763,0.2405000051766384,0.2100591546987147,-0.0035708522274314047,-9.20174084369656e-05
2020-10-05,30,339.760009765625,0.2796,0.24318581085553584,0.22046852821916665,-0.004428665961022622,-0.0025181220165605735
2020-10-06,30,334.92999267578125,0.2948,0.25502697266241026,0.225058150763834,0.0003747369038983979,-0.0001545039594037204
2020-10-07,30,340.760009765625,0.28059999999999996,0.2415877649007424,0.2168606923744405,-0.0037802870425653647,-0.003174464665343767
2020-10-08,29,343.7799987792969,0.2636,0.2237024900022363,0.21833541375869292,-0.0073127227651729,-0.0059930760295409564
2020-10-09,28,346.8500061035156,0.25,0.21128129051355546,0.21986929459897261,-0.004772077134241601,-0.003559536251586306
2020-10-12,30,352.42999267578125,0.2507,0.20896341049481637,0.2112121692670964,0.005974904984112673,0.007156143183571984
2020-10-13,30,350.1300048828125,0.2607,0.22036803317631126,0.2127091561741366,0.0062792166486224975,0.006048072615671901
2020-10-14,30,347.92999267578125,0.264,0.2230168676694684,0.21693754649524152,0.0015958293939238827,0.0028268682698989484
2020-10-15,29,347.5,0.2697,0.22515736733960384,0.22060252914750736,0.0010019476828278127,0.0022677352987036064
2020-10-16,28,347.2900085449219,0.2741,0.22753442323946987,0.22449669365466543,0.0005783899285253384,0.0018668001021564288
2020-10-19,30,342.010009765625,0.2918,0.2407725497188881,0.2195291272566949,-0.0003953490518290216,0.0023808706179488134
2020-10-20,30,343.3800048828125,0.29350000000000004,0.2406713340289918,0.21957538508751698,-4.282407011037594e-05,0.0026544844458402652
2020-10-21,30,342.7300109863281,0.2865,0.2373807428929462,0.2207807282854812,-0.0014589912694925923,0.0011064105876849618
2020-10-22,29,344.6099853515625,0.2811,0.2311061369642657,0.22371484009332662,-0.0023836298465741484,0.00011174679721365643
2020-10-23,28,345.7799987792969,0.2755,0.22179813734755646,0.22734557966206745,-0.0045019160399593465,-0.0021015719672644387
2020-10-26,30,339.3900146484375,0.3246,0.2637601257932969,0.21812759975418186,0.003574551084002146,0.006844196438806928
2020-10-27,29,338.2200012207031,0.3335,0.26654030845913546,0.22151800910902272,0.002334221867176022,0.005592668948833856
2020-10-28,30,326.6600036621094,0.4028,0.31329758259963075,0.18114655037357055,0.009059434295914154,0.011996144829279867
2020-10-29,29,329.9800109863281,0.3759,0.29854682441975194,0.1807168265521922,0.008115364406630052,0.01102861119960666
2020-10-30,28,326.5400085449219,0.38020000000000004,0.2987723430699967,0.17998149975296146,0.005688731153961396,0.008440536082794898
2020-11-02,30,330.20001220703125,0.3713,0.28262615242343636,0.1745141963410344,0.004705538183358892,0.007428577033699879
2020-11-03,30,336.0299987792969,0.3555,0.26983550585215554,0.16349089143649312,0.007429803192804936,0.010131803734744637
2020-11-04,30,343.5400085449219,0.2957,0.22416515496039602,0.1472449606561954,0.007326869514875083,0.009629949721854509
2020-11-05,29,350.239990234375,0.2758,0.22032305136928484,0.13316591853469173,0.013320946548989748,0.015098131891273636
2020-11-06,28,350.1600036621094,0.2486,0.20566842927926743,0.1355205114544796,0.009562106607927796,0.011325166512789463
2020-11-09,30,354.5599975585937,0.2575,0.20647447058046628,0.1280121772547176,0.012552664522252385,0.01435741065178371
2020-11-10,30,354.0400085449219,0.248,0.20154146641216733,0.12791486487015852,0.010669388779459223,0.012382085284542549
2020-11-11,30,356.6700134277344,0.2345,0.18363402954137847,0.12534957836732258,0.009176119781753674,0.010653652784609714
2020-11-12,29,353.2099914550781,0.2535,0.19292820419141657,0.12271217174894407,0.008279478786601534,0.00990744814620949
2020-11-13,28,358.1000061035156,0.231,0.1806946000131976,0.11459351563664759,0.010759786339954332,0.012076451363434758
2020-11-16,30,362.5700073242188,0.2245,0.17565972464446525,0.11337039295967787,0.014509999405498747,0.014870191088197452
2020-11-17,30,360.6199951171875,0.2271,0.17915323260001714,0.11347838708319483,0.013676619352505996,0.014250798203098904
2020-11-18,30,356.2799987792969,0.2384,0.18085749555847175,0.1091911624300442,0.011173281406095628,0.012020901195920444
2020-11-19,29,357.7799987792969,0.2311,0.17450995245263148,0.11005306062929265,0.010546868398517447,0.011272029177730312
2020-11-20,28,355.3299865722656,0.237,0.1785237605917424,0.1092187942707173,0.009187041295050961,0.010041639931592789
2020-11-23,30,357.4599914550781,0.2266,0.1712150523543366,0.10440042375680883,0.009092915192430884,0.010117128866040163
2020-11-24,30,363.2200012207031,0.2164,0.16350383410695368,0.08929694588386546,0.016902550718358694,0.018064843133808312
2020-11-25,29,362.6600036621094,0.2125,0.15980358980523113,0.0906583934230051,0.014611663609780036,0.015668049305124675
2020-11-27,27,363.6700134277344,0.2084,0.15634911175705743,0.09339803661903044,0.014075733632029611,0.0152439271203164
2020-11-30,30,362.05999755859375,0.2057,0.15521872158407454,0.09257822005280372,0.009971710159107082,0.01266569824248082
2020-12-01,30,366.0199890136719,0.2077,0.15683699269322202,0.08627585352754204,0.015376662824055963,0.017525343272456646
2020-12-02,29,366.7900085449219,0.21170000000000003,0.1597718475116042,0.08743345335711757,0.016410321442791993,0.018458583994219017
2020-12-03,28,366.6900024414063,0.21280000000000002,0.16029764508791447,0.0889756212590493,0.01581511288610862,0.017855662800166622
2020-12-04,27,369.8500061035156,0.2079,0.15579839225449224,0.0849383209175823,0.0180303444230713,0.01961344295058471
2020-12-07,30,369.0899963378906,0.213,0.16097121247905927,0.09865653137337912,0.016573349418727835,0.017381267230258703
2020-12-08,30,370.1700134277344,0.20679999999999998,0.1560637587435973,0.11079533349861566,0.011921105189911263,0.010865089171591468
2020-12-09,30,366.8500061035156,0.2227,0.1686013259030821,0.10807774985955024,0.014551649740161965,0.014593905384959556
2020-12-10,29,366.7300109863281,0.22519999999999998,0.1700534344704202,0.10991923927062043,0.0142093692798554,0.014250939400750928
2020-12-11,28,366.2999877929688,0.23309999999999997,0.1762609658409961,0.11178462794700819,0.014735176892178584,0.014809118027473965
2020-12-14,30,364.6600036621094,0.24719999999999998,0.18789248692328933,0.1098312352545808,0.012304140340685882,0.013198322186458304
2020-12-15,30,369.5899963378906,0.2289,0.17347858710219027,0.1000928109959335,0.012944148534835194,0.013728935065824947
2020-12-16,30,370.1700134277344,0.225,0.17023569177803966,0.10315261278971277,0.01258010982671757,0.013153657501370647
2020-12-17,29,372.239990234375,0.2193,0.16538537732627984,0.10303393791491253,0.013134212225943147,0.013129852226101761
2020-12-18,28,369.1799926757813,0.2157,0.16203970410846485,0.10053322676490999,0.009671850687875632,0.010348715014812236
2020-12-21,30,367.8599853515625,0.2516,0.1912980847939243,0.11099320673076118,0.014625364800263663,0.017452450809124845
2020-12-22,30,367.239990234375,0.24230000000000002,0.18392938584621998,0.11088271085034127,0.012018291831678525,0.014353962402888117
2020-12-23,30,367.5700073242188,0.23309999999999997,0.17682414258578702,0.1115263102636762,0.010144032657556137,0.012157259077250678
2020-12-24,29,369.0,0.21530000000000002,0.16307175957997905,0.11259335015416283,0.007809032796369699,0.009653400609052933
2020-12-28,30,372.1700134277344,0.217,0.16434947091034643,0.13795608110877947,0.007927185011590107,0.009893991080382195
2020-12-29,30,371.4599914550781,0.23079999999999998,0.17492954890369403,0.14099547213410688,0.006330484303850554,0.01090011672477903
2020-12-30,30,371.989990234375,0.22769999999999999,0.17217728116678244,0.15757740670030074,-0.0036134627633591138,0.005332958953333796
2020-12-31,29,373.8800048828125,0.2275,0.171881135514289,0.15925954123807404,-0.01043908879954664,0.0003861707520286208
2021-01-04,30,368.7900085449219,0.2697,0.20477620591595314,0.16719480604176848,0.0027114101118799333,0.007044631231790155
2021-01-05,30,371.3299865722656,0.2534,0.19226668382128786,0.1701026947833573,-0.00042279748019888606,0.003006847601347032
2021-01-06,30,373.5499877929688,0.2507,0.19023112355331545,0.1693823436993128,-0.0007486681846457512,0.0019060919352520667
2021-01-07,29,379.1000061035156,0.2237,0.16881744399991072,0.16414043025343167,-0.004953064294420669,-0.0035770689259381197
2021-01-08,28,381.260009765625,0.21559999999999999,0.16267971025615316,0.16578150047965967,-0.005937810179848976,-0.004855602583843101
2021-01-11,30,378.6900024414063,0.2408,0.18247799175360008,0.16041324452573466,1.9920143529598704e-05,0.0026941341686391586
2021-01-12,30,378.7699890136719,0.23329999999999998,0.17687985803730188,0.16051028362669595,-0.0014556243113034947,0.001012237475826418
2021-01-13,30,379.7900085449219,0.22210000000000002,0.1686863142499654,0.16115513802699394,-0.0028519358657064426,-0.0006661286259464717
2021-01-14,29,378.4599914550781,0.2325,0.1764448453563892,0.1634369348054649,-0.0022179657700717678,0.00015632192473351026
2021-01-15,28,375.7000122070313,0.2434,0.18464330419955663,0.16421708830847165,-0.0020118736989362604,0.0007056588052614893
2021-01-19,30,378.6499938964844,0.2324,0.17646753451257613,0.15702313354598255,-0.0008364577857642992,0.0016596610300435592
2021-01-20,30,383.8900146484375,0.2158,0.16356004723350762,0.1496532157762522,0.0036754728179648672,0.004849052052222108
2021-01-21,29,384.239990234375,0.2132,0.16104624415787408,0.15217724110454828,0.0029495874313809544,0.0040087051405062095
2021-01-22,28,382.8800048828125,0.2191,0.1651888810890432,0.15434084563364722,0.0014492862683445889,0.0028813623073601184
2021-01-25,30,384.3900146484375,0.23190000000000002,0.17574443196717962,0.15572111256893048,0.009632694051223458,0.009682879590038154
2021-01-26,30,383.7900085449219,0.2302,0.17476460201533042,0.17736255961751413,0.0005499613908987374,0.006028062233369718
2021-01-27,30,374.4100036621094,0.3721,0.28526982807625917,0.1559900180576767,0.02734100460616781,0.0277953713482328
2021-01-28,29,377.6300048828125,0.30210000000000004,0.23016341028001683,0.15572082355569758,0.019607436580107374,0.019268418677905446
2021-01-29,28,370.0700073242188,0.3309,0.2523126146616361,0.14065545563035117,0.014514521081066923,0.01609247718182151
2021-02-01,30,376.2300109863281,0.3024,0.22996697048894166,0.1582358866650965,0.01067286484668841,0.01344847735846203
2021-02-02,30,381.5499877929688,0.2556,0.19373442670381585,0.15660891971396473,0.00012014455952287761,0.00394111014231472
2021-02-03,30,381.8500061035156,0.2291,0.173692768132304,0.16900283995721788,-0.011442552331756261,-0.005707822578174153
2021-02-04,29,386.1900024414063,0.2177,0.16403150730270635,0.16715042822243453,-0.0061761999394056855,-0.0037444858006400648
2021-02-05,28,387.7099914550781,0.2087,0.1568315064371009,0.16951682081322253,-0.007495556425536886,-0.005194912448242358
2021-02-08,30,390.510009765625,0.21239999999999998,0.16087546680590628,0.1714846295520711,-0.001408694349931719,-0.001283065664239776
2021-02-09,30,390.25,0.2163,0.16353435888733686,0.17504222208629938,-0.00648698354311964,-0.0032045474182675585
2021-02-10,30,390.0799865722656,0.21989999999999998,0.16664233663169492,0.17509856597975657,-0.004157609009124065,-0.0009409004497970474
2021-02-11,29,390.7099914550781,0.2125,0.16100733310022652,0.17799987309463416,-0.0055974604805046424,-0.0025463797046114665
2021-02-12,28,392.6400146484375,0.1997,0.15089494489665212,0.18027478536577526,-0.004733115705624132,-0.003571578272499187
2021-02-16,30,392.2999877929688,0.2146,0.16367903095985134,0.18310471679359777,-0.0020701849012984153,-0.0007568340396658334
2021-02-17,30,392.3900146484375,0.215,0.1637489300846197,0.18397248946947953,-0.0036368423459862786,-0.00023986600074839143
2021-02-18,29,390.7200012207031,0.2249,0.1706199230207737,0.1865047475736682,0.00016615958218635344,0.0010954831882912348
2021-02-19,28,390.0299987792969,0.2205,0.16690414927847833,0.1896986591262893,-0.000614470279402756,-0.0009722404533571307
2021-02-22,30,387.0299987792969,0.2345,0.1776663731828464,0.1862966894116488,0.00530451533038761,0.003494961483547278
2021-02-23,30,387.5,0.2311,0.1747192674106208,0.1872736519066176,0.0021499193490865046,0.0036851377468280905
2021-02-24,30,391.7699890136719,0.2134,0.1615202546500191,0.19162359345602928,-0.011688007554221638,-0.008033439280560785
2021-02-25,29,382.3299865722656,0.2889,0.21952996058088603,0.17463705745803146,0.011506520805490346,0.013371285410559482
2021-02-26,28,380.3599853515625,0.27949999999999997,0.21248470745495657,0.1767468143581582,0.007346869568716941,0.009625427198396602
2021-03-01,30,389.5799865722656,0.2335,0.17661529909463627,0.14988464105011387,0.007740177072314182,0.00976993930708731
2021-03-02,30,386.5400085449219,0.24100000000000002,0.18222491778528996,0.15206070349300893,0.0065631714751597835,0.008545583536663104
2021-03-03,29,381.4200134277344,0.2667,0.20203748825141937,0.14724788882359816,0.00783633837876664,0.009979446156360232
2021-03-04,28,376.7000122070313,0.2857,0.21705208422594743,0.14295129353118954,0.007721196061419317,0.009918065598572084
2021-03-05,27,383.6300048828125,0.2466,0.18653177191287978,0.12922680906558467,0.008282187847622873,0.010232784178521291
2021-03-08,30,381.7200012207031,0.2547,0.19253934611405862,0.13121739824105266,0.006547916977903579,0.009059171669655282
2021-03-09,30,387.1700134277344,0.2403,0.1818147660468856,0.12266074314531218,0.0074600328861341705,0.010402887255323564
2021-03-10,30,389.5799865722656,0.2256,0.17081034852255828,0.12335152212189936,0.005770237016286188,0.008649995068569465
2021-03-11,29,393.5299987792969,0.2191,0.16549242508066453,0.12024715658776568,0.006078681692637761,0.008963780286605943
2021-03-12,28,394.05999755859375,0.2069,0.15611531283569116,0.122279075974412,0.0036123981247544686,0.006426367906120698
2021-03-15,30,396.4100036621094,0.2003,0.15150558847046403,0.1173702813111179,0.0028457333760711087,0.005255878298782089
2021-03-16,30,395.9100036621094,0.1979,0.1501661174972373,0.12306707002410512,0.0020127181207388076,0.00436458895511998
2021-03-17,30,397.260009765625,0.1923,0.14555972539300613,0.12304466672729025,0.0013269008251495231,0.0035430529420386
2021-03-18,29,391.4800109863281,0.2158,0.163756989145996,0.11383479630053664,0.0040386241410465,0.006338138510296457
2021-03-19,28,389.4800109863281,0.2095,0.15838247279541887,0.1143642457639596,0.0022405909006246527,0.004439184825342012
2021-03-22,30,392.5899963378906,0.1888,0.14307543874565315,0.11605538034905186,0.000225605503514767,0.0022345144333453643
2021-03-23,30,389.5,0.203,0.15370544960173632,0.11718947945437645,0.001026866204431963,0.003016113814329563
2021-03-24,30,387.5199890136719,0.212,0.16008444034698044,0.12178790692853572,0.0010298145282616237,0.0030027984216765965
2021-03-25,29,389.7000122070313,0.1981,0.1494272050956574,0.12226064343196413,7.374628244945903e-05,0.001977571429219264
2021-03-26,28,395.9800109863281,0.1886,0.1417490726232107,0.1102270424492216,0.0028467223462801255,0.0045807871542355464
2021-03-29,30,395.7799987792969,0.20739999999999997,0.15635725762501412,0.10673040500515062,0.0031399843413798265,0.004805868740444409
2021-03-30,30,394.7300109863281,0.1961,0.1475731510595433,0.10861173195538361,0.0013050296575120458,0.002966311395676887
2021-03-31,30,396.3299865722656,0.19399999999999998,0.14633796614054181,0.11011879702532884,0.0012274865413953412,0.002835187746388539
2021-04-01,29,400.6099853515625,0.17329999999999998,0.13016203034574156,0.10531943475465624,0.0008408968847272021,0.0022113158318123457
2021-04-05,30,406.3599853515625,0.1791,0.1348454125826311,0.09367542045615042,0.004100963201988566,0.005906519735746579
2021-04-06,30,406.1199951171875,0.1812,0.1364480063513709,0.09767574321985177,0.004148344110795771,0.005890440769366608
2021-04-07,30,406.5899963378906,0.1716,0.1291409626736725,0.100817028249245,0.0027890703105366865,0.004445215284039344
2021-04-08,29,408.5199890136719,0.16949999999999998,0.12760712581946781,0.1011548690911592,0.0033527402842488145,0.0049865786604839125
2021-04-09,28,411.489990234375,0.16690000000000002,0.12505233473983415,0.09956766308122297,0.004601452347040045,0.006177091751796477
2021-04-12,30,411.6400146484375,0.1691,0.1274204402459097,0.1305545111655137,-0.01733588636021868,-0.011417647057246533
2021-04-13,30,412.8599853515625,0.16649999999999998,0.12574967695471506,0.13664819219549543,-0.012752225685891965,-0.013001919607148207
2021-04-14,30,411.4500122070313,0.1699,0.12856111676481635,0.14613567681125803,-0.023471925036509196,-0.019806067292520817
2021-04-15,29,415.8699951171875,0.16570000000000001,0.12542264041065895,0.14371859897731964,-0.00892793787656192,-0.010773318578012128
2021-04-16,28,417.260009765625,0.1625,0.12225964816544511,0.145765456405565,-0.004869022777849828,-0.009112393383671157
2021-04-19,30,415.2099914550781,0.1729,0.1310411563959115,0.1435609071619798,-0.007122231505344418,-0.005693885573064814
2021-04-20,30,412.1700134277344,0.1868,0.14171951267525895,0.14610210306849727,-0.007653942541026637,-0.005700833949287168
2021-04-21,30,416.0700073242188,0.175,0.13292151170280855,0.1423899818933739,-0.0020755443076878864,-0.0021381483984003967
2021-04-22,29,412.2699890136719,0.18710000000000002,0.1418014354588539,0.1411187700283752,-0.003554772407064236,-0.002367197232521003
2021-04-23,28,416.739990234375,0.17329999999999998,0.1303081632044585,0.13823798439027984,-0.0021726985084729394,-0.001527909095891056
2021-04-26,30,417.6099853515625,0.1764,0.13304823689368908,0.13835577782506595,0.002557693110655843,0.0022897937650083007
2021-04-27,30,417.5199890136719,0.17559999999999998,0.13253939984946478,0.13836584640835056,0.002684320989082823,0.002934944012881279
2021-04-28,30,417.3999938964844,0.1728,0.13068204899202612,0.1385025666404002,0.001532108607976528,0.0027580179643828936
2021-04-29,29,420.05999755859375,0.1761,0.13267798130918987,0.13905582974235597,0.007752393367085447,0.004585179693127424
2021-04-30,28,417.2999877929688,0.1861,0.14023326190093224,0.13950132827748132,0.004487464847964015,0.005551869932372568
2021-05-03,30,418.2000122070313,0.18309999999999998,0.13828316428182003,0.13470806337490274,0.008627424574455885,0.008169443461928752
2021-05-04,30,415.6199951171875,0.1948,0.1475838759384879,0.13359838146171635,0.008013585706313255,0.00836810134643294
2021-05-05,30,415.75,0.19149999999999998,0.1448774366657823,0.1373164670862655,0.005058091409036238,0.005955071572351667
2021-05-06,29,419.0700073242188,0.1839,0.13863907157026567,0.13678361814250778,0.00467824746645268,0.005708285140880363
2021-05-07,28,422.1199951171875,0.16690000000000002,0.12580838628339158,0.13672039040851,0.004642348045764483,0.003243093626774285
2021-05-10,30,417.9400024414063,0.1966,0.14889341004528187,0.127595013289558,0.010809641254116984,0.011416714006939357
2021-05-11,30,414.2099914550781,0.2184,0.16594040979416233,0.12475717115667495,0.010822694322002335,0.012246862555692796
2021-05-12,30,405.4100036621094,0.2759,0.211259680915676,0.0999349239289284,0.014583192586511142,0.01640772652229239
2021-05-13,29,410.2799987792969,0.23129999999999998,0.17593386223041535,0.0923945357355701,0.01270704127988732,0.014285706969447773
2021-05-14,28,416.5799865722656,0.1881,0.1426561184821768,0.07625307779645935,0.01361414395120857,0.014961918411993227
2021-05-17,30,415.5199890136719,0.1972,0.14979991831050884,0.07636224879073297,0.013304661250639851,0.015113191148165245
2021-05-18,30,411.9400024414063,0.2134,0.16250356859176004,0.07015381613295883,0.012744334769613345,0.014552499106679327
2021-05-19,30,410.8599853515625,0.2218,0.1694152472607143,0.09105749386273795,0.012978422158094855,0.0145416965151392
2021-05-20,29,415.2799987792969,0.20670000000000002,0.15732172433421943,0.08447632951246913,0.015456225152795171,0.015708533220189804
2021-05-21,28,414.9400024414063,0.20149999999999998,0.15282461747772846,0.08592072733335371,0.01478471510772909,0.014223877914403446
2021-05-24,30,419.1700134277344,0.184,0.13964631251145765,0.09198073440585836,0.009122541022932504,0.010415911778947165
2021-05-25,30,418.239990234375,0.1884,0.14289262673635864,0.09393460987124393,0.008613207814952114,0.010659770934411845
2021-05-26,30,419.0700073242188,0.1736,0.1310482455305033,0.09449260778008993,0.005606523571904966,0.007572803888007177
2021-05-27,29,419.2900085449219,0.1674,0.12591878071769538,0.09608994476148695,0.0038304419491831223,0.00577551206495289
2021-05-28,28,420.0400085449219,0.16760000000000003,0.12584254497021816,0.0975776768387853,0.003998323903232577,0.005766422728950164
2021-06-01,30,419.6700134277344,0.179,0.13586871538681436,0.09648613121335249,0.0066352145539543715,0.008620813580240631
2021-06-02,30,420.3299865722656,0.1748,0.1323492886224934,0.09992476136572984,0.0060717485127866335,0.007938909851336448
2021-06-03,29,418.7699890136719,0.1804,0.13645391904207535,0.10077329010239029,0.0053844894435519245,0.007408187642925137
2021-06-04,28,422.6000061035156,0.1642,0.12340523904115791,0.09714646243312937,0.006011634501245855,0.007493693354920943
2021-06-07,30,422.1900024414063,0.1642,0.12419392573022624,0.09480859737680924,0.003998751344513456,0.005786940007693931
2021-06-08,30,422.2799987792969,0.1707,0.1292633813689109,0.09900753175127966,0.004853362100399004,0.0065648311368129274
2021-06-09,30,421.6499938964844,0.1789,0.1359363455511963,0.10557990654588939,0.00557474186721819,0.0072121377464134245
2021-06-10,29,423.6099853515625,0.161,0.12196677110987783,0.10611692868884151,0.0035938229570720475,0.0048926188847019615
2021-06-11,28,424.30999755859375,0.1565,0.1183380387534408,0.1078305883583785,0.0028298767807848615,0.003942746007081266
2021-06-14,30,425.260009765625,0.16390000000000002,0.12479131937536378,0.10543190150565478,0.0020741069253333434,0.0036103784154834554
2021-06-15,30,424.4800109863281,0.1702,0.12953739646021684,0.1059117580459744,0.002470317880259437,0.004053809793886337
2021-06-16,30,422.1099853515625,0.1815,0.1382764250475089,0.10765835052115084,0.0031534084027249405,0.004821787214936933
2021-06-17,29,421.9700012207031,0.1775,0.1348106129293255,0.10949247459130718,0.0019308784769176347,0.0035678188364217044
2021-06-18,28,414.9200134277344,0.207,0.1576520292553235,0.09336117838132452,0.004630992931883631,0.006411183654985934
2021-06-21,30,420.8599853515625,0.1789,0.1358797913300658,0.1078167210520315,0.002984828611947015,0.002169974960204205
2021-06-22,30,423.1099853515625,0.1666,0.12637937807418315,0.10645089894487177,-0.0006592053120648886,-0.0006607674986685006
2021-06-23,30,422.6000061035156,0.1632,0.1234687195227165,0.1121994986609113,-0.0013933602817813241,-0.0010850300921072663
2021-06-24,29,425.1000061035156,0.1597,0.12046749415325746,0.11218263530319494,-0.0033864642922948546,-0.0022731771746718754
2021-06-25,28,426.6099853515625,0.1562,0.11725674575647124,0.11344829340212105,-0.005070195752095816,-0.0032327336164975095
2021-06-28,30,427.4700012207031,0.1576,0.11900460791456796,0.11087018607382894,-0.004114600581162088,-0.002173723825017957
2021-06-29,30,427.7000122070313,0.1602,0.12130151499123196,0.11179039157901743,-0.003625950929662926,-0.0016564216390953597
2021-06-30,30,428.05999755859375,0.1583,0.11992496570621818,0.11303463569696465,-0.003960955995198296,-0.001978211827912101
2021-07-01,29,430.4299926757813,0.1548,0.11704694596543244,0.11328600211942895,-0.003963508695637342,-0.0017072219473819033
2021-07-02,28,433.7200012207031,0.1507,0.11299612126416148,0.11196540344689122,-0.0024471682977210293,-1.8833790675993012e-05
2021-07-06,30,432.9299926757813,0.16440000000000002,0.12458105178791347,0.11529612805987194,0.0012828876005653116,0.002835531778332906
2021-07-07,30,434.4599914550781,0.162,0.1227301976166572,0.1147821548617627,0.0012390231566718028,0.0029837640389332124
2021-07-08,29,430.9200134277344,0.19,0.1442801225051422,0.11307871444288897,0.004805724680237586,0.006411185831534682
2021-07-09,28,435.5199890136719,0.1618,0.12192833472347146,0.1085068599690277,0.0027891360362563714,0.0045506059169488884
2021-07-12,30,437.0799865722656,0.1617,0.12267900612001852,0.10457093684732952,0.005331859482978107,0.007250247108163338
2021-07-13,30,435.5899963378906,0.17120000000000002,0.12998233573642243,0.10441340377412668,0.005670385015060267,0.0075487778402123585
2021-07-14,30,436.239990234375,0.16329999999999997,0.12428624375952477,0.10447644789276068,0.004506108999745442,0.006424483691502153
2021-07-15,29,434.75,0.17010000000000003,0.12908559189045593,0.1055669791338238,0.004063738218282801,0.00591415781100203
2021-07-16,28,431.3399963378906,0.1845,0.14037369382137416,0.10360541293106473,0.004058627497648076,0.005795687758812822
2021-07-19,30,424.9700012207031,0.225,0.17227748654343525,0.09691471243879819,0.006985383139689751,0.008809343076731624
2021-07-20,30,431.05999755859375,0.1973,0.15064884868209086,0.08341683549700728,0.009091114195472177,0.010941449993023192
2021-07-21,30,434.5499877929688,0.1791,0.13638016768436578,0.08325563432743756,0.009304017891907105,0.011261035349673805
2021-07-22,29,435.4599914550781,0.1769,0.13401895373954928,0.08435305584757832,0.00886145759275663,0.010867479856277538
2021-07-23,28,439.9400024414063,0.172,0.12950939945106937,0.07748474311775404,0.009318661901865529,0.011601547199270576
2021-07-26,30,441.0199890136719,0.17579999999999998,0.13323909707782441,0.08091836488307375,0.0096290445252249,0.012227373814197395
2021-07-27,30,439.010009765625,0.1936,0.14706222193783197,0.08197804514296592,0.011643591904313797,0.014149209360190425
2021-07-28,30,438.8299865722656,0.18309999999999998,0.13886209744290184,0.08764895403765047,0.00934781401115713,0.011551831832517928
2021-07-29,29,440.6499938964844,0.177,0.13388388050633745,0.08792978191730645,0.008897607840257183,0.010739683492565773
2021-07-30,28,438.510009765625,0.18239999999999998,0.13766368238075607,0.08774298452579199,0.00829248976363878,0.010509139366317354
2021-08-02,30,437.5899963378906,0.1946,0.14802180524432626,0.08600201464126736,0.00811196449996299,0.010610096018297665
2021-08-03,30,441.1499938964844,0.1804,0.13723960940259355,0.08192923762564874,0.008139903437050053,0.01043939705914242
2021-08-04,30,438.9800109863281,0.1797,0.13645485120675524,0.08010792883395253,0.006745107533202806,0.009009919565550407
2021-08-05,29,441.760009765625,0.1728,0.13082977856223785,0.07833883303300206,0.007069164724724536,0.009211521118566001
2021-08-06,28,442.489990234375,0.16149999999999998,0.1214818430382005,0.07950229214167509,0.005028167876207639,0.007106793453186538
2021-08-09,30,442.1300048828125,0.1672,0.12720968924359094,0.07788042328711055,0.0063999981839507015,0.008316366307026632
2021-08-10,30,442.6799926757813,0.1679,0.12742429390848944,0.0791859276919962,0.0070372931469769575,0.008614029066408124
2021-08-11,30,443.7799987792969,0.1606,0.12221032436833862,0.08341364217422878,0.007990931591475544,0.007954002983084754
2021-08-12,29,445.1099853515625,0.1559,0.11830490156482065,0.08417275844596528,0.00930118450602609,0.007466424429214626
2021-08-13,28,445.9200134277344,0.1545,0.11678465599684124,0.08541075752664522,0.008520040300614993,0.007089433320475242
2021-08-16,30,446.9700012207031,0.1612,0.12271721002666142,0.08954821996543982,0.010336637290381439,0.009611658063161641
2021-08-17,30,444.0400085449219,0.1791,0.13622766284550838,0.08673663377677442,0.011954957628831867,0.012738831357326973
2021-08-18,30,439.1799926757813,0.2157,0.164480824397936,0.09001015223814736,0.014858157891949829,0.015026995242979813
2021-08-19,29,439.8599853515625,0.2167,0.16540277555412844,0.09138421382789377,0.015636922758302144,0.015070463657789197
2021-08-20,28,443.3599853515625,0.1856,0.1404020592944867,0.08849005450095099,0.008043418635122899,0.010137418431219292
2021-08-23,30,447.260009765625,0.17149999999999999,0.1302369400641267,0.10475017416667669,0.0030656947263932436,0.004777502290763713
2021-08-24,30,447.9700012207031,0.1722,0.1306600628135115,0.11276739815872447,0.003079454483465095,0.00469435551372898
2021-08-25,30,448.9100036621094,0.1679,0.12731219922265744,0.11267645989937274,0.002590983749206012,0.004096494855684316
2021-08-26,29,446.260009765625,0.1884,0.1426634473377736,0.1126613358330274,0.006134935280213254,0.007434550023657092
2021-08-27,28,450.25,0.16390000000000002,0.12335716479350452,0.11005926031889726,0.0027803516662508495,0.003939820909738989
2021-08-30,30,452.2300109863281,0.16190000000000002,0.12250067710094475,0.12746690311691383,0.001720596254151487,0.003003051749251613
2021-08-31,30,451.55999755859375,0.1648,0.12453994890019347,0.13439143265686027,0.0007890864296481818,0.0011790140470588027
2021-09-01,30,451.7999877929688,0.1611,0.12185497105447363,0.14055519947075534,-0.0004970850847271795,-0.00028109033622231996
2021-09-02,29,453.1900024414063,0.1641,0.12364799415932165,0.14254201958208645,-8.338780147800003e-06,0.0006274128683757439
2021-09-03,28,453.0799865722656,0.1641,0.1231176814829682,0.14506243455145168,-0.0005667570289484899,1.9866047970289188e-05
2021-09-07,30,451.4599914550781,0.1814,0.1375522978078494,0.1547530268243578,-0.003359994610568527,-0.0023977278426851345
2021-09-08,30,450.9100036621094,0.1796,0.13651368234763425,0.1548255884052846,-0.0043845572768488415,-0.0033234170894073673
2021-09-09,29,448.9800109863281,0.188,0.1422501342209333,0.15673536411441202,-0.004675628925189193,-0.003343790268926354
2021-09-10,28,445.4400024414063,0.2095,0.15970505083118652,0.15692836971976187,-0.002021580921151588,6.494582169514354e-05
2021-09-13,30,446.5799865722656,0.1937,0.1471146118228546,0.15420251405377344,-0.004863165050718243,-0.0019516936378028474
2021-09-14,30,444.1700134277344,0.1946,0.14789305014939902,0.16372999994357182,-0.0038319115386452707,-0.0015416156441910008
2021-09-15,30,447.8800048828125,0.1818,0.13762644293371448,0.16329745419549424,-0.005405720934652157,-0.004128745412683773
2021-09-16,29,447.1700134277344,0.1869,0.1412629766466707,0.16599367203744747,-0.004641028720694819,-0.003937141300050356
2021-09-17,28,441.3999938964844,0.20809999999999998,0.15747445620502523,0.1622935753320353,-0.004908541012874264,-0.00018826770455775601
2021-09-20,30,434.0400085449219,0.2571,0.1966092416991203,0.1488461782985243,0.008862127321891938,0.011273872753582978
2021-09-21,30,433.6300048828125,0.24359999999999998,0.18559271701302074,0.1490867913817354,0.0054209569423939305,0.007663191030425064
2021-09-22,30,437.8599853515625,0.2087,0.15841404591121763,0.145235687501624,-8.30809561623964e-05,0.0024017908606255496
2021-09-23,29,443.1799926757813,0.1863,0.14048364671108526,0.14136858443019548,-0.0020478913392829134,0.0007088240785504398
2021-09-24,28,443.9100036621094,0.1775,0.13343418759176506,0.14374810508726468,-0.003989052242155809,-0.0012088840368475427
2021-09-27,30,442.6400146484375,0.18760000000000002,0.1417131420619413,0.1406549766582317,-0.0025015249836197514,0.0005131111144288595
2021-09-28,30,433.7200012207031,0.2325,0.17608250446331833,0.12595009284108483,0.005017027742011458,0.007204998088944985
2021-09-29,30,434.4500122070313,0.2256,0.1707458865374611,0.12601194212869982,0.003808061031339446,0.00600125392079387
2021-09-30,29,429.1400146484375,0.2314,0.17527118998419502,0.12051191447032225,0.003533102835962638,0.005285919951693379
2021-10-01,28,434.239990234375,0.2115,0.1598518456371971,0.11498855122992385,0.003006056413329382,0.005013239668522059
2021-10-04,30,428.6400146484375,0.2296,0.17649015095876996,0.10476558232747779,0.003951091295474244,0.005761396819588224
2021-10-05,30,433.1000061035156,0.213,0.16200001110094361,0.0997051818103014,0.0037702637727957166,0.00563819759589145
2021-10-06,30,434.8999938964844,0.21,0.16016136644943943,0.09938711690215656,0.003764540556199937,0.005697178678473644
2021-10-07,29,438.6600036621094,0.1954,0.14747979266803152,0.09636228388157454,0.003281543187818063,0.005279796576561571
2021-10-08,28,437.8599853515625,0.1877,0.14147920467928302,0.09784622316085295,0.0016338141348517415,0.003536525214526658
2021-10-11,30,434.6900024414063,0.2,0.15107766068657524,0.0960693156597943,0.0013537086995117856,0.0032016979251854546
2021-10-12,30,433.6199951171875,0.1985,0.15017197679863467,0.09569056656419427,0.0005547774811170152,0.0023600740381374357
2021-10-13,30,435.1799926757813,0.1864,0.1411803793715414,0.09842527752368817,-0.00032877047708357944,0.0014445799272609292
2021-10-14,29,442.5,0.1686,0.12726480316735148,0.08074349303560616,0.002647410011604111,0.004389469099909586
2021-10-15,28,445.8699951171875,0.163,0.12283919032195936,0.0774725190261507,0.00333277226128513,0.005024952764265631
2021-10-18,30,447.1900024414063,0.1631,0.12348735714214294,0.07588653197537783,0.0026615704509449422,0.004389954248825619
2021-10-19,30,450.6400146484375,0.157,0.11868993825265058,0.07197247885495399,0.003417567469638422,0.005149339676703041
2021-10-20,30,452.4100036621094,0.1549,0.11687670533590241,0.07093697146256414,0.0035660585848056024,0.0053031796598711186
2021-10-21,29,453.5899963378906,0.1501,0.1133181493521712,0.07155538469423514,0.0031153032520931613,0.004825455914155086
2021-10-22,28,453.1199951171875,0.1543,0.11594743187049494,0.07272568888894707,0.0029185695647445426,0.004619526000243525
2021-10-25,30,455.5499877929688,0.1524,0.11533181173396,0.06923103662895945,0.0036518369223580024,0.0053328748401984824
2021-10-26,29,455.9599914550781,0.1598,0.12057866567891197,0.07034219226225862,0.004398193675356534,0.006060609935454994
2021-10-27,30,453.9400024414063,0.1698,0.12861899069865837,0.10360076352799032,0.004826251521409168,0.0064119038123579926
2021-10-28,29,458.3200073242188,0.1653,0.12462202141531466,0.09971283818078779,0.008125293520274988,0.008697761264635869
2021-10-29,28,459.25,0.16260000000000002,0.12245016610868366,0.10121353864093455,0.007013010628665573,0.008205501487542663
2021-11-01,30,460.0400085449219,0.1641,0.12433039966826022,0.1324733422403651,-0.01480978013050139,-0.006938981280529387
2021-11-02,30,461.8999938964844,0.1603,0.12122792617182429,0.14199352487343764,-0.01451564014875509,-0.010468632612217112
2021-11-03,30,464.7200012207031,0.151,0.11429090848951667,0.14366860618640037,-0.013453408649087877,-0.013021554334146167
2021-11-04,29,466.9100036621094,0.15439999999999998,0.11668441281606462,0.14516960621245154,-0.009904059158286096,-0.011468439496688555
2021-11-05,28,468.5299987792969,0.1648,0.1240642956230851,0.14720897214616227,-0.006208142605043622,-0.008212548490990379
2021-11-08,30,468.9299926757813,0.1722,0.13056954297894444,0.16458595949073815,-0.0060126139507173885,-0.00516882208996568
2021-11-09,30,467.3800048828125,0.1778,0.13445892620672617,0.16587204428158697,-0.010266896781216757,-0.008171162307623808
2021-11-10,30,463.6199951171875,0.1873,0.1424430117909144,0.1666967362667155,-0.015354582147592515,-0.012572819288351696
2021-11-11,29,463.7699890136719,0.1766,0.13350111398277892,0.16954257569342326,-0.019215899323738635,-0.01612632382927477
2021-11-12,28,467.2699890136719,0.1629,0.12264119234209,0.17039483029172034,-0.019468767481364915,-0.014940202555343661
2021-11-15,30,467.4299926757813,0.1649,0.12479549939510388,0.17766578362537722,-0.025184163812565982,-0.018269910914598512
2021-11-16,30,469.2799987792969,0.1637,0.12406501393407983,0.179805079121023,-0.022645621058138082,-0.01731189948550323
2021-11-17,30,468.1400146484375,0.1711,0.1297989458554596,0.18631589039345933,-0.02585569633130498,-0.025058621074757884
2021-11-18,29,469.7300109863281,0.1759,0.13280944824133345,0.1891188357884237,-0.020995951002401477,-0.019774363616290515
2021-11-19,28,468.8900146484375,0.1791,0.1348278398571631,0.19235781216992018,-0.02282015303945927,-0.02192536053317428
2021-11-22,30,467.5700073242188,0.1917,0.1455268916209183,0.2019972977323295,-0.016479561542357066,-0.01645101870112717
2021-11-23,30,468.1900024414063,0.1938,0.1472095238347911,0.20310010772095047,-0.018199019837738993,-0.014925777856914084
2021-11-24,29,469.4400024414063,0.1858,0.1400898998087302,0.20635546613994488,-0.018390146151483357,-0.016949520807460407
2021-11-26,27,458.9700012207031,0.2862,0.22051864954431954,0.19712736602904254,0.0034800167806033405,0.0056075817079455845
2021-11-29,30,464.6000061035156,0.2296,0.17500405689059023,0.18866776291391685,-0.007971332886763716,-0.003722898611578992
2021-11-30,30,455.55999755859375,0.27190000000000003,0.20774412129433117,0.17604325399308507,0.0012558181700233972,0.0042848532546892705
2021-12-01,30,450.5,0.31120000000000003,0.2388870522738836,0.1719036138599166,0.006807679971923403,0.00951242402493243
2021-12-02,29,457.3999938964844,0.27949999999999997,0.21462636578433675,0.1663185406770013,0.004725856506830009,0.00771535895593063
2021-12-03,28,453.4200134277344,0.30670000000000003,0.23649989536712285,0.16629537701270514,0.007488136074905472,0.010349321084007886
2021-12-06,30,458.7900085449219,0.2718,0.2079828521282886,0.17060095257408672,0.005326752491173019,0.008483153943835364
2021-12-07,30,468.2799987792969,0.2189,0.16618419539591375,0.15496919984818575,0.0069349291677203734,0.008045794395703482
2021-12-08,30,469.5199890136719,0.19899999999999998,0.15080968481290996,0.15531030704630683,-0.0015664124253311426,0.0036635780019296372
2021-12-09,29,466.3500061035156,0.2158,0.16410901227351413,0.15612636486555914,0.007227379444544918,0.007176343188226498
2021-12-10,28,470.739990234375,0.1869,0.14118746532526677,0.155246992042348,-0.005690819957627108,0.00023390035587680553
2021-12-13,30,466.5700073242188,0.20309999999999997,0.15428326555029145,0.15046391454093072,0.00296961623789353,0.00615707195641617
2021-12-14,30,463.3599853515625,0.2189,0.16683344725441582,0.15620999223100035,0.005901108707885247,0.006440166368183962
2021-12-15,30,470.6000061035156,0.1929,0.14649555525454838,0.14655701477032124,-0.0026647950296015822,0.00018319904837034066
2021-12-16,29,466.4500122070313,0.2057,0.15674856780500532,0.14571248639118062,0.004970294066191192,0.006785306757442717
2021-12-17,28,459.8699951171875,0.2157,0.16437675662346793,0.13913768203711072,0.005486238945469212,0.008326996185134725
2021-12-20,30,454.9800109863281,0.22870000000000001,0.174784172392352,0.1479469335820746,0.005538419784310908,0.005034839226018211
2021-12-21,30,463.05999755859375,0.2101,0.16042114041718858,0.14009036385826906,0.002616945239377935,0.005777763263969407
2021-12-22,30,467.6900024414063,0.1863,0.1419153998792762,0.15232631272443267,-0.0019593323782129014,0.0016201107539320627
2021-12-23,29,470.6000061035156,0.1796,0.13631684664297525,0.15335960526825015,-0.003054013377967201,7.879115385389346e-05
2021-12-27,30,477.260009765625,0.17679999999999998,0.13437674857167942,0.14987884144038746,-0.002041184805012151,-0.00021307279482522825
2021-12-28,30,476.8699951171875,0.1754,0.13300558091091053,0.15084320591062544,-0.0027980460682176887,-0.0009669124492887697
2021-12-29,30,477.4800109863281,0.16949999999999998,0.1284832889523571,0.17336647556760318,-0.003787440730737069,-0.0021150416682027716
2021-12-30,29,476.1600036621094,0.17329999999999998,0.1312080900095487,0.17605649148824964,-0.0040303149647920805,-0.002209377051487129
2021-12-31,28,474.9599914550781,0.1722,0.129651475818772,0.17894099804587044,-0.004849317233717081,-0.0029711413077638605
2022-01-03,30,477.7099914550781,0.166,0.1255689035414034,0.18720417302900383,-0.005883585907901617,-0.004302037415092734
2022-01-04,30,477.5499877929688,0.1691,0.12822660535645597,0.20476181200566626,-0.006101071265496827,-0.004486546481279341
2022-01-05,30,468.3800048828125,0.1973,0.14970133222286278,0.19396223079846658,-0.0022547010791613164,-0.00212739142496746
2022-01-06,29,467.9400024414063,0.1961,0.14881282960859932,0.19724988482571026,-0.0030448905279859078,-0.0031690544252948485
2022-01-07,28,466.0899963378906,0.18760000000000002,0.14163712142786866,0.2002311446386533,-0.005032064376248014,-0.006394079737584027
2022-01-10,30,465.510009765625,0.19399999999999998,0.147251782187011,0.2022674116632129,-0.01006214183859554,-0.010504331897377851
2022-01-11,30,469.75,0.1841,0.13957466931612883,0.2095484862082531,-0.007672486195723801,-0.00782002472080964
2022-01-12,30,471.0199890136719,0.17620000000000002,0.13374247051162874,0.2205620576081625,-0.007894145058347386,-0.007969714139178035
2022-01-13,29,464.5299987792969,0.20309999999999997,0.15417966905737052,0.21886593103966745,-0.011482505294457528,-0.012807967042809456
2022-01-14,28,464.7200012207031,0.19190000000000002,0.14552490488745443,0.22273507153048389,-0.012511875047165924,-0.014151688162018448
2022-01-18,30,456.489990234375,0.2279,0.1782254740173319,0.22660854106347875,-0.014494897405324527,-0.013345979229187803
2022-01-19,30,451.75,0.23850000000000002,0.18150014947197965,0.2248095105939383,-0.017509959213222494,-0.017422478788774107
2022-01-20,29,446.75,0.2559,0.20531581462408233,0.22521761412650448,-0.012672328860845789,-0.01009842388103867
2022-01-21,28,437.9800109863281,0.28850000000000003,0.2222407018018069,0.21773979382036096,0.0009321320852407713,0.004549906290547748
2022-01-24,30,439.8399963378906,0.299,0.23004064894582343,0.2221378200675051,0.002575818429945041,0.006442897078026202
2022-01-25,30,434.4700012207031,0.3116,0.2390004731977003,0.22410671957137224,0.006020335141581053,0.007037703575429464
2022-01-26,30,433.3800048828125,0.3196,0.244775553111738,0.23652048009735505,-0.002938328708480003,0.0003322442169963154
2022-01-27,29,431.239990234375,0.3049,0.23354658649742877,0.23992197051189998,-0.00991088466700149,-0.006619252923074017
2022-01-28,28,441.9500122070313,0.2766,0.21114642727542854,0.22753725210717637,-0.0020906306151596316,0.0008535726151586393
2022-01-31,30,449.9100036621094,0.2483,0.18935440313730464,0.22678918239593815,-0.007987128017144102,-0.0044549287949484095
2022-02-01,30,452.9500122070313,0.21960000000000002,0.16678200263278847,0.22624023252603057,-0.012976753672383655,-0.010159000440475264
2022-02-02,30,457.3500061035156,0.22089999999999999,0.16803205436579174,0.22551562655229923,-0.011595974300462924,-0.00945196212055483
2022-02-03,29,446.6000061035156,0.24350000000000002,0.18508425848853075,0.21328449965360957,-0.006603245755183393,-0.0031136549449566546
2022-02-04,28,448.7000122070313,0.2322,0.18219785575933287,0.21639789861037872,-0.007253749714641406,-0.004034731702923444
2022-02-07,30,447.260009765625,0.2286,0.1862503162331961,0.2523795015131043,-0.011717095777985558,-0.00951830992568504
2022-02-08,30,450.9400024414063,0.2144,0.17192060776616613,0.2512522433839081,-0.012442143088958293,-0.010244742656220216
2022-02-09,30,457.5400085449219,0.1996,0.1562793467200134,0.2501027080102922,-0.01002930666004001,-0.00816206443110531
2022-02-10,29,449.3200073242188,0.2391,0.19073552508182806,0.2461132333611822,-0.00837851121426101,-0.006171936902260882
2022-02-11,28,440.4599914550781,0.2736,0.221161804736213,0.23992616037859024,-0.005465886686149459,-0.0020331814937870796
2022-02-14,30,439.0199890136719,0.2833,0.22554515686688464,0.25663220370778866,-0.007204588130612671,-0.0036863575424047695
2022-02-15,30,446.1000061035156,0.257,0.20063553363210906,0.25421827425388693,-0.008526639280898378,-0.0059796508142920726
2022-02-16,30,446.6000061035156,0.2429,0.18467094167981002,0.25563695936493186,-0.009061342798168538,-0.008751990177480282
2022-02-17,29,437.05999755859375,0.2811,0.2147751153904716,0.24846602531793735,-0.013387756674020394,-0.006602571484106928
2022-02-18,28,434.2300109863281,0.2775,0.21978407739999203,0.2517739081811956,-0.015520844804008649,-0.008889757617967654
2022-02-22,30,429.5700073242188,0.28809999999999997,0.22846152580177512,0.25330441148014404,-0.010359839577889884,-0.00711184557980275
2022-02-23,30,421.9500122070313,0.3102,0.24998705545155686,0.24607821567726415,-0.004930534456383457,-0.0028601779400007563
2022-02-24,29,428.2999877929688,0.3032,0.23327868311952385,0.24461073996907948,-0.0074827896856525305,-0.004710299767771378
2022-02-25,28,437.75,0.2759,0.2086811691635277,0.23614095594125095,-0.00879743707840359,-0.005486260804735751
2022-02-28,30,436.6300048828125,0.3015,0.22890859953929768,0.23426988092151577,-0.004515062065436249,-0.0004371895405623609
2022-03-01,30,429.9800109863281,0.3332,0.2536113121566875,0.23440089751467838,-0.0002402118587778612,0.0030036924183027
2022-03-02,30,437.8900146484375,0.3074,0.23318856865071397,0.22582796040230377,-0.0003282316099113598,0.0031857442179446215
2022-03-03,29,435.7099914550781,0.3048,0.2310879667733195,0.229005058987232,-0.002624977450079311,0.000836403730404355
2022-03-04,28,432.1700134277344,0.31980000000000003,0.24233135565050085,0.2311898977670287,-0.002033700598750393,0.0012005581063479136
2022-03-07,30,419.4299926757813,0.36450000000000005,0.2770412900989619,0.20753827729467164,0.003896463463366237,0.006360309537815665
2022-03-08,30,416.25,0.3513,0.2681275517857906,0.20657881597149555,0.0011627059490478416,0.0033340385496446606
2022-03-09,30,427.4100036621094,0.3245,0.24706194343863846,0.18505469344660802,0.00479204886693451,0.007528270628507633
2022-03-10,29,425.4800109863281,0.3023,0.2310341501782158,0.18753215904058795,0.0006303604779636226,0.003110531281863239
2022-03-11,28,420.0700073242188,0.3075,0.23569826694198479,0.18517475237953837,7.013847418871767e-05,0.002171673695859291
2022-03-14,30,417.0,0.3177,0.24173991480381896,0.19160087124041802,-0.0004647003158487672,0.0013925849168081805
2022-03-15,30,426.1700134277344,0.2983,0.22896602200107388,0.18128520478648324,0.00509409736855577,0.006249620658528444
2022-03-16,29,435.6199951171875,0.2667,0.20242214187821217,0.16716306563028796,0.009605212023025115,0.008107136677716804
2022-03-17,28,441.0700073242188,0.25670000000000004,0.19401642059280433,0.1640923991595366,0.005344607612461432,0.006926336768197413
2022-03-18,27,444.5199890136719,0.23870000000000002,0.1800163550499217,0.16462967362035244,-4.5365289675729604e-06,0.0027836414543556025
2022-03-21,30,444.3900146484375,0.2353,0.1782861716182977,0.1658926643640283,0.008394092080123625,0.006629958564053732
2022-03-22,30,449.5899963378906,0.22940000000000002,0.1734527688358731,0.16922054067017592,-0.00044692205574341253,0.0011422601770909185
2022-03-23,30,443.7999877929688,0.2357,0.17864202496466386,0.18976196645209345,-0.003960656538425107,-0.009014306078006051
2022-03-24,29,450.489990234375,0.2167,0.16367844463872408,0.18556345324550957,-0.0016310020841359787,0.000198756505057379
2022-03-25,28,452.6900024414063,0.20809999999999998,0.15739740627345145,0.18802709750743862,-0.002680997765448396,-0.0007295069311250631
2022-03-28,30,455.9100036621094,0.1963,0.14874035209377892,0.20831864222892635,-0.006464316128749741,-0.005452694846983643
2022-03-29,30,461.5499877929688,0.18899999999999997,0.1434470154989268,0.22164982841788963,-0.0046017889443949935,-0.0032583752794102957
2022-03-30,30,458.7000122070313,0.19329999999999997,0.14662720210422836,0.25673668878877887,-0.00549471456017044,-0.004440753847322768
2022-03-31,29,451.6400146484375,0.20559999999999998,0.1559145283992343,0.2552616058958081,-0.0059520581286992115,-0.006012778882037047
2022-04-01,28,452.9200134277344,0.1963,0.14829176581293718,0.25957882589033515,-0.006723454368239858,-0.006605845527744478
2022-04-04,30,456.7999877929688,0.1857,0.14098205007279632,0.2713768219034795,-0.007434407351408716,-0.007012244956945849
2022-04-05,30,451.0299987792969,0.21030000000000001,0.16001935101744516,0.29599681249017334,-0.008312512726804309,-0.00951318903783475
2022-04-06,30,446.5199890136719,0.221,0.16777238959370644,0.2946547176196067,-0.011689191003563469,-0.014803824241698675
2022-04-07,29,448.7699890136719,0.2155,0.16365222418397735,0.2991609401853512,-0.010297017460194825,-0.012525301815135838
2022-04-08,28,447.5700073242188,0.2116,0.1598619087254153,0.3043027191679693,-0.012216258743633128,-0.014936804020236193
2022-04-11,30,439.9200134277344,0.2437,0.18547535290678882,0.3144502185429288,-0.029089670781345688,-0.03377456408142529
2022-04-12,30,438.2900085449219,0.2426,0.18475471565303536,0.31420464514000973,-0.03376288860828954,-0.03760943028800653
2022-04-13,30,443.30999755859375,0.2182,0.16594330122997622,0.3223944212520004,-0.024992077633652854,-0.029936943668832677
2022-04-14,29,437.7900085449219,0.22699999999999998,0.171970595566017,0.32487876711499625,-0.036033652471487654,-0.04025699360822635
2022-04-18,30,437.9700012207031,0.2217,0.17080088184317155,0.35758921121646164,-0.03858041564889938,-0.04085147214627226
2022-04-19,30,445.0400085449219,0.2137,0.16473526824099075,0.3538491338320895,-0.025343884704169782,-0.028495484438016694
2022-04-20,30,444.7099914550781,0.2032,0.15399158990341572,0.3538429478648747,-0.02675572272121885,-0.03036249054765076
2022-04-21,29,438.05999755859375,0.2268,0.17236990923034134,0.35590052591767896,-0.03596729746255506,-0.037742071243113975
2022-04-22,28,426.0400085449219,0.2821,0.21479268417043845,0.3479914021045692,-0.0348140980186237,-0.03391670790094579
2022-04-25,30,428.510009765625,0.2702,0.20486909053681598,0.3441726931417403,-0.03745867379262724,-0.03774960559122746
2022-04-26,30,416.1000061035156,0.33520000000000005,0.25452187728634645,0.33572162140902606,-0.028338122949207067,-0.02746405402205241
2022-04-27,30,417.2699890136719,0.316,0.24048760792651894,0.3460771760804696,-0.03147015776263917,-0.03246577041136493
2022-04-28,29,427.80999755859375,0.2999,0.22812503643504,0.3406862894705788,-0.02685879940743212,-0.026821811609668404
2022-04-29,28,412.0,0.33399999999999996,0.2541932674347989,0.3189487023497421,-0.027625354501604835,-0.02479938039459752
2022-05-02,30,414.4800109863281,0.3234,0.24583806327372598,0.30934749525439753,-0.013352777240578546,-0.013420427956212037
2022-05-03,30,416.3800048828125,0.2925,0.22997628060179418,0.3158656107143176,-0.020795006923131673,-0.02254475035346696
2022-05-04,30,429.05999755859375,0.25420000000000004,0.2033940749206199,0.30356838714274637,-0.01820306545845166,-0.016770121922193147
2022-05-05,29,413.80999755859375,0.312,0.2462296257950785,0.28079756285296403,-0.012290890785559394,-0.01195058261398276
2022-05-06,28,411.3399963378906,0.3019,0.24526490587604188,0.2849491540751276,-0.009127618042860337,-0.013396783154115703
2022-05-09,30,398.1700134277344,0.3475,0.2790145221661251,0.2560754768815253,0.00410958894393039,0.006078156615053541
2022-05-10,30,399.0899963378906,0.3299,0.26888870469910886,0.26936767146704543,0.0027361645054593394,0.0018683540933619738
2022-05-11,30,392.75,0.3256,0.269541219466522,0.28279453082556105,-0.01115218848352463,-0.004368148692717281
2022-05-12,29,392.3399963378906,0.3177,0.27558081031953435,0.2876051058672473,-0.009092800406940897,-0.003602669504559714
2022-05-13,28,401.7200012207031,0.2887,0.24553947027036946,0.2799895720824899,-0.024335079805239877,-0.02575686616347295
2022-05-16,30,400.0899963378906,0.2747,0.24373537518999056,0.3061776222312554,-0.026060145629624668,-0.024793054719965218
2022-05-17,30,408.3200073242188,0.261,0.23151442263056482,0.32012817283702877,-0.019984285721763174,-0.0207345254368946
2022-05-18,30,391.8599853515625,0.3096,0.25934988373876366,0.28625157614098024,-0.015649573280535164,-0.014476817946269267
2022-05-19,29,389.4599914550781,0.29350000000000004,0.24819771888321868,0.29032817982347137,-0.020415293816376134,-0.020129131268719267
2022-05-20,28,389.6300048828125,0.2943,0.24947654136721598,0.29546292869340296,-0.020966694046665294,-0.02062104778703637
2022-05-23,30,396.9200134277344,0.2848,0.24584440045996392,0.2913042267300205,-0.01774041525563817,-0.01698341761149984
2022-05-24,30,393.8900146484375,0.2945,0.2481291562979589,0.29206409498138886,-0.018481665842207243,-0.0178984316109472
2022-05-25,30,397.3699951171875,0.2837,0.24887510547533567,0.31028827026553224,-0.01700166166758329,-0.016419330205984368
2022-05-26,29,405.30999755859375,0.275,0.23326779964290123,0.3076885717692241,-0.014495723787369122,-0.014106850535173021
2022-05-27,28,415.260009765625,0.2572,0.22015772902685599,0.3006425069266543,-0.007537597137620747,-0.007452661714000055
2022-05-31,30,412.9299926757813,0.2619,0.22945469477479696,0.30026030669772724,-0.011789588886082277,-0.010645409246106387
2022-06-01,30,409.5899963378906,0.2569,0.22476030895870996,0.30116525188852566,-0.014332325741693361,-0.013050230018325214
2022-06-02,29,417.3900146484375,0.24719999999999998,0.21193128507422723,0.29891320601136173,-0.010067577583343557,-0.009567836869438297
2022-06-03,28,410.5400085449219,0.24789999999999998,0.21043971896144037,0.2982794469474025,-0.012614556734220532,-0.011825560454862933
2022-06-06,30,411.7900085449219,0.2507,0.21302598689548227,0.28828532274274843,-0.01482831539090443,-0.013774561760698882
2022-06-07,30,415.739990234375,0.2402,0.20771915515033262,0.29101280049987166,-0.013297712243765553,-0.01248823881414194
2022-06-08,30,411.2200012207031,0.2396,0.2101720216565194,0.2885181985871155,-0.015552173177097615,-0.01444517198478626
2022-06-09,29,401.4400024414063,0.2609,0.22554357455382773,0.28075082069457596,-0.014358355107728232,-0.012680034339210538
2022-06-10,28,389.7999877929688,0.2775,0.23753117633805937,0.2652354632192716,0.003999644715545252,0.0001119617729505523
2022-06-13,30,375.0,0.34020000000000006,0.28280395654377183,0.22435522193021606,0.02275449732329192,0.019380687209936485
2022-06-14,30,373.8699951171875,0.32689999999999997,0.26904502279650633,0.2242685518804148,0.018913570801965308,0.016651646112784586
2022-06-15,30,379.2000122070313,0.2962,0.2611660798475073,0.22850796489560257,0.012183802104976183,0.012664318822927683
2022-06-16,29,366.6499938964844,0.3295,0.27932278273375416,0.19939814754825702,0.014755277494198322,0.014633337606329708
2022-06-17,28,365.8599853515625,0.31129999999999997,0.2669630115070711,0.20277809941192276,0.0102320894775029,0.010371530263536375
2022-06-21,30,375.0700073242188,0.3019,0.2586403265274843,0.20513782938213432,0.011514773208220641,0.009455827916288401
2022-06-22,30,374.3900146484375,0.2895,0.2533350105048711,0.2076020492429424,0.008814339425832108,0.007385216571651132
2022-06-23,29,378.05999755859375,0.2905,0.24960500642292402,0.20829572043139039,0.0074731510644183725,0.006606909697330774
2022-06-24,28,390.0799865722656,0.2723,0.23552198647866543,0.17935044239480996,0.010485757934107455,0.013581572764760732
2022-06-27,30,388.5899963378906,0.2695,0.23451082855638103,0.19894873838029276,0.0032271326211841885,-0.0008036485165250405
2022-06-28,30,380.6499938964844,0.2836,0.24553689544796678,0.19048740312169554,0.011050038154776128,0.010252481798733224
2022-06-29,30,380.3399963378906,0.2816,0.246596547044831,0.19704331215343632,0.009494736714220768,0.008987888934255837
2022-06-30,29,377.25,0.2871,0.2494362865828833,0.19831125460308965,0.009476770837884991,0.009219317010121098
2022-07-01,28,381.239990234375,0.267,0.23455191990992336,0.19821444690194104,0.006191834733112413,0.005425902358079702
2022-07-05,30,381.9599914550781,0.2754,0.24357417833431821,0.20052299054770367,0.003090066666793536,0.004028558965767915
2022-07-06,30,383.25,0.2673,0.2381887228795233,0.200264758144368,0.0014029849575018319,0.0024493855655330714
2022-07-07,29,388.989990234375,0.2608,0.22958580526402583,0.1967419044580516,0.000506767757903601,0.0020572475205660186
2022-07-08,28,388.6700134277344,0.2464,0.21773930923730495,0.20020228643285207,-0.0028854456795486764,-0.0014230635361067656
2022-07-11,30,384.2300109863281,0.26170000000000004,0.2283942177313461,0.20314721603838157,-0.0016280283633636676,-0.0003883675410922719
2022-07-12,30,380.8299865722656,0.2729,0.23465528196303365,0.2007675243239926,-0.0011423703154349635,-2.9036347395167782e-05
2022-07-13,30,378.8299865722656,0.2682,0.23286245677170173,0.20832427750709195,-0.0021007741851739657,-0.0010796930270825032
2022-07-14,29,377.9100036621094,0.264,0.22574007564757037,0.2117099754138237,-0.003911808105242486,-0.003020148741893946
2022-07-15,28,385.1300048828125,0.24230000000000002,0.20589270534413848,0.2043357952137927,-0.0048304437585391016,-0.0037975364331428907
2022-07-18,30,381.9500122070313,0.253,0.21952490008922462,0.1974914838448865,-0.004121672539764603,-0.0030877660219665137
2022-07-19,30,392.2699890136719,0.245,0.2138414088537147,0.17452060587758098,0.0008160592922890683,0.0017500475394431735
2022-07-20,30,394.7699890136719,0.23879999999999998,0.2137480684648698,0.17942506830252675,0.000814472944404274,0.0017896554806987413
2022-07-21,29,398.7900085449219,0.2311,0.2043337693208017,0.1789175258225199,-1.1293062516873475e-05,0.0009400411317900641
2022-07-22,28,395.0899963378906,0.2303,0.2025184351046062,0.17894717960078946,-0.001069064524984797,-0.0002468636849010347
2022-07-25,30,395.5700073242188,0.2336,0.20512792425160944,0.188287466911407,-0.0023337216160080995,-0.0014282812785408852
2022-07-26,30,390.8900146484375,0.2469,0.21296381783479945,0.1900522932460796,-0.0019195015658637334,-0.0009617632752627469
2022-07-27,30,401.0400085449219,0.2324,0.19937255813192217,0.2062802609420022,0.0033924318130359363,0.00377761877304
2022-07-28,29,406.0700073242188,0.22329999999999997,0.19000642448029884,0.2050937279444573,-0.00011285592530788965,0.0035422013623334432
2022-07-29,28,411.989990234375,0.2133,0.18180672994100225,0.20207662265663057,-0.028146723991101883,-0.004444098681905565
2022-08-01,30,410.7699890136719,0.2284,0.19393207538231425,0.20182524355788176,-0.010605487449492162,-0.0045641390026580474
2022-08-02,30,408.05999755859375,0.23929999999999998,0.20551850029209007,0.20079786035957284,-0.004685976943473264,0.00043091081706013657
2022-08-03,30,414.4500122070313,0.2195,0.18990654588310885,0.19684888984861654,-0.011378071475094564,-0.00747726990059286
2022-08-04,29,414.1700134277344,0.2144,0.18232567333123834,0.2001997154442821,-0.014326743910744733,-0.010184233422066362
2022-08-05,28,413.4700012207031,0.2115,0.17374910398097904,0.20365178799183548,-0.017384890741935336,-0.012723531080299472
2022-08-08,30,412.989990234375,0.21289999999999998,0.1797593548507942,0.20669744776004506,-0.01376930470420576,-0.010103938356702591
2022-08-09,30,411.3500061035156,0.2177,0.18339445437727603,0.20747924317690986,-0.01218482208661602,-0.008253828995911625
2022-08-10,30,419.989990234375,0.1974,0.16465804493523536,0.2016980149420986,-0.01460273396796269,-0.012884581686210893
2022-08-11,29,419.989990234375,0.20199999999999999,0.1648209945895853,0.20514609402750292,-0.015174757242298463,-0.01347100849989748
2022-08-12,28,427.1000061035156,0.1953,0.1544324635271299,0.19978565302163223,-0.011904883260443526,-0.012249892652473724
2022-08-15,30,428.8599853515625,0.19949999999999998,0.1616502799777882,0.2503200545415498,-0.011157627970248255,-0.01079190465147581
2022-08-16,30,429.7000122070313,0.19690000000000002,0.1624387602402397,0.2533767639703378,-0.011251245350829402,-0.011189549232096875
2022-08-17,30,426.6499938964844,0.19899999999999998,0.17105550716698842,0.25546887688217074,-0.01212772494469694,-0.014524646342538949
2022-08-18,29,427.8900146484375,0.1956,0.1643474132134365,0.2596321077163274,-0.012705560506634338,-0.014097916753741908
2022-08-19,28,422.1400146484375,0.20600000000000002,0.1735180975700146,0.25967337815975977,-0.015245437262718244,-0.022777323147099342
2022-08-22,30,413.3500061035156,0.23800000000000002,0.20018221273091222,0.25231571693746613,-0.021683279208438235,-0.023003864899756466
2022-08-23,30,412.3500061035156,0.24109999999999998,0.20297847482381567,0.25388491884958037,-0.021520556443623415,-0.02162808105261914
2022-08-24,30,413.6700134277344,0.22820000000000001,0.1943882071549024,0.26039751337778877,-0.023011713280658104,-0.02380528939548931
2022-08-25,29,419.510009765625,0.21780000000000002,0.18490303597554125,0.26013747598961723,-0.01960970897829034,-0.023216411647433478
2022-08-26,28,405.30999755859375,0.2556,0.2128083264117583,0.23373238916338931,-0.011793060950251826,-0.008652143933263468
2022-08-29,30,402.6300048828125,0.2621,0.22454852595340713,0.2373915630876054,-0.008386632068617575,-0.005280679145231761
2022-08-30,30,398.2099914550781,0.2621,0.2267005828880163,0.24554882566060085,-0.006775239480485877,-0.002938096971981843
2022-08-31,30,395.1799926757813,0.2587,0.2265588564209393,0.2500786807306498,-0.006394047093976369,-0.002137369075240375
2022-09-01,29,396.4200134277344,0.2556,0.22149796659770074,0.25411087613281247,-0.008506201211554786,-0.004384503941017282
2022-09-02,28,392.239990234375,0.2547,0.22218311417825576,0.25576099049420925,-0.007312625828132915,-0.002620567516854507
2022-09-06,30,390.760009765625,0.2691,0.23518288175647054,0.28608599639003823,-0.008420597038239896,-0.004041116276373363
2022-09-07,30,397.7799987792969,0.2464,0.21729974405852984,0.29618478609039633,-0.010820392240928726,-0.0073566322163462336
2022-09-08,29,400.3800048828125,0.2361,0.20820824679838354,0.30036014072255857,-0.012862606356874223,-0.009765102376322556
2022-09-09,28,406.6000061035156,0.2279,0.19984400265101196,0.3005666675909667,-0.013148519424247378,-0.011161380989339177
2022-09-12,30,410.9700012207031,0.23870000000000002,0.20680478302416125,0.2902857643718871,-0.01280750431455496,-0.011242405686093365
2022-09-13,30,393.1000061035156,0.2727,0.22532243327330964,0.26167883742519765,-0.003357416628342627,-0.0013807690694123856
2022-09-14,30,394.6000061035156,0.2616,0.22817314465674962,0.27343165996324476,-0.0037030820475163007,-0.0017277815550751808
2022-09-15,29,390.1199951171875,0.2627,0.2296471296145136,0.275140019933051,-0.005758970730865125,-0.0037027873819377825
2022-09-16,28,385.55999755859375,0.263,0.2346324221629615,0.27677358269079644,-0.007845299417430921,-0.005596210743241495
2022-09-19,30,388.5499877929688,0.2576,0.23259916613834822,0.284391430576529,-0.00966095692788903,-0.007578733814903947
2022-09-20,30,384.0899963378906,0.2716,0.24426283621867143,0.28305398484741945,-0.009816844536101333,-0.00806054463521426
2022-09-21,30,377.3900146484375,0.2799,0.2525815839499569,0.2887319807135203,-0.007298956080544379,-0.00688920795839965
2022-09-22,29,374.2200012207031,0.2735,0.24763536045347112,0.2921391565373669,-0.007914052097645782,-0.010702912254135664
2022-09-23,28,367.9500122070313,0.2992,0.26319133608611633,0.2909838916426367,-0.016909409351602216,-0.01408205488719148
2022-09-26,30,364.30999755859375,0.3226,0.28074986773440563,0.2887445677241797,-0.0058665900421727,-0.002824024955139546
2022-09-27,30,363.3800048828125,0.326,0.2826753092825942,0.28921054021219017,-0.0060267742369043,-0.0033223514904470327
2022-09-28,30,370.5299987792969,0.3018,0.2621042997475602,0.29282980625010724,-0.0077053616066982125,-0.007519304280916392
2022-09-29,29,362.7900085449219,0.3184,0.2732917742575395,0.2882658958234218,-0.006207195820608416,-0.003913386715048338
2022-09-30,28,357.17999267578125,0.31620000000000004,0.26562644691895015,0.2879218269697853,-0.008887066511391116,-0.006581678566652978
2022-10-03,30,366.6099853515625,0.301,0.2589266964056225,0.2790045956609455,-0.007095934183839631,-0.0059005502979160036
2022-10-04,30,377.9700012207031,0.2907,0.24770557772514004,0.2604166633251241,-0.00808476088296297,-0.004110125421183939
2022-10-05,30,377.0899963378906,0.28550000000000003,0.24499709707663553,0.26501962573398047,-0.0031832059614260865,-0.0062492738485546845
2022-10-06,29,373.2000122070313,0.30519999999999997,0.25989797020755395,0.2670280773229806,-0.0027261812776346386,-0.0019400851995414318
2022-10-07,28,362.7900085449219,0.3136,0.2682458269998674,0.2518283746312078,0.0008430286562519379,0.001997716093333496
2022-10-10,30,360.0199890136719,0.3245,0.2823071730526533,0.2553477019482531,0.0015662399223933354,0.004650413480237361
2022-10-11,30,357.739990234375,0.33630000000000004,0.29230694731989626,0.3154867913823432,0.0021631393420398787,0.00409750849473239
2022-10-12,30,356.5599975585937,0.3357,0.29222961956462484,0.3170612953437578,3.734109321377544e-05,-0.0006029928707063689
2022-10-13,29,365.9700012207031,0.3194,0.2837441718923955,0.3089564199344935,-0.005986250125441452,-0.02242759109648413
2022-10-14,28,357.6300048828125,0.32020000000000004,0.2801759174313304,0.3032091378943663,0.0019434548300774914,0.0006057475432366368
2022-10-17,30,366.8200073242188,0.31370000000000003,0.2810057385195283,0.28364314228983883,-0.011305329894438129,-0.01667896922392028
2022-10-18,30,371.1300048828125,0.305,0.27371730648408965,0.2809049072192023,-0.015427777154125712,-0.019040938181441293
2022-10-19,30,368.5,0.30760000000000004,0.27518483301515034,0.2802532888216974,-0.013665744668269182,-0.01738184125121375
2022-10-20,29,365.4100036621094,0.2998,0.26770932456275776,0.2834744861598788,-0.013967865713346005,-0.018594473181773333
2022-10-21,28,374.2900085449219,0.2969,0.2678266788263527,0.27515870314708524,-0.0160442888199866,-0.01804273242731889
2022-10-24,30,378.8699951171875,0.2985,0.2723886305636439,0.26773248958337464,-0.007177204599767223,-0.006456812268236689
2022-10-25,29,384.9200134277344,0.2846,0.26096152350175267,0.26644608275076637,-0.004649687159223712,-0.0024233976805264654
2022-10-26,30,382.0199890136719,0.2728,0.251577245910519,0.26063733912159526,-0.009712377560375886,-0.008123862887599965
2022-10-27,29,379.9800109863281,0.27390000000000003,0.2540299101619466,0.2644115600022126,-0.011261208197801197,-0.01029810080179484
2022-10-28,28,389.0199890136719,0.2575,0.2414687911213437,0.2553507528674031,-0.0044066487589130236,-0.00041461914274058787
2022-10-31,30,386.2099914550781,0.2588,0.2422710506423991,0.2740527915234784,-0.004635583270060974,-0.007496053806794651
2022-11-01,30,384.5199890136719,0.2581,0.24248722871078168,0.27363759250530656,-0.00800724212264361,-0.010532904810381404
2022-11-02,30,374.8699951171875,0.2586,0.24198830216811787,0.2589094521208618,-0.00973995000959854,-0.010656023508331655
2022-11-03,29,371.010009765625,0.253,0.23996979126052223,0.2607629112190156,-0.011405839361766298,-0.012486624008543501
2022-11-04,28,376.3500061035156,0.2455,0.23120616993998874,0.2603144734922187,-0.011531972010569267,-0.012539198771553958
2022-11-07,30,379.9500122070313,0.24350000000000002,0.22855017034876512,0.26220780451970005,-0.012658301288238017,-0.01405041811505695
2022-11-08,30,382.0,0.2554,0.2362565355724813,0.2629477555396577,-0.009920691770483905,-0.011207067430153666
2022-11-09,30,374.1300048828125,0.2609,0.23964812281663553,0.2540729174556825,-0.009816022970364404,-0.01132436747857042
2022-11-10,29,394.6900024414063,0.2353,0.22126229199335465,0.17537892559323873,0.01587658042449819,0.012039676765043677
2022-11-11,28,398.510009765625,0.22519999999999998,0.20740415225260317,0.17506248724037213,0.006070525022425271,0.0075033422094063105
2022-11-14,30,395.1199951171875,0.2373,0.21952748326604565,0.17720380036450245,0.01285818292243457,0.01221766433116677
2022-11-15,30,398.489990234375,0.24539999999999998,0.22290728019102146,0.19489995885125658,-0.0017475078232615103,-0.0021181182058743245
2022-11-16,30,395.4500122070313,0.24109999999999998,0.2198765551741341,0.20141494334427235,-0.00283866161851444,-0.00078449815116949
2022-11-17,29,394.239990234375,0.23929999999999998,0.218264280746067,0.20456948005441075,-0.004698990187763923,-0.001976985793325189
2022-11-18,28,396.0299987792969,0.23120000000000002,0.21078951761358494,0.20754697792533758,-0.0069875582544123025,-0.005232701454236405
2022-11-21,30,394.5899963378906,0.2236,0.20590540157699366,0.2088724502096999,-0.006529664578523038,-0.0035252181637403976
2022-11-22,30,399.8999938964844,0.21289999999999998,0.193609668965226,0.20967999976130014,-0.00873465716078754,-0.006937781930939977
2022-11-23,30,402.4200134277344,0.20350000000000001,0.1814845801456844,0.2094895205176339,-0.011263170250481411,-0.009870878200710989
2022-11-25,28,402.3299865722656,0.205,0.1654059959927712,0.2168407500469236,-0.01669487160212262,-0.015600203300136789
2022-11-28,30,395.9100036621094,0.22210000000000002,0.197951922545979,0.20695380290003185,-0.0073420115975170825,-0.003938810017444103
2022-11-29,30,395.2300109863281,0.2189,0.19196672532915654,0.21602373478247638,-0.00878058444899965,-0.005647745272987531
2022-11-30,30,407.6799926757813,0.20579999999999998,0.1838106801968946,0.1872102718169135,-0.003955903967569396,-0.002495141240696317
2022-12-01,29,407.3800048828125,0.1984,0.17808178806008781,0.19039276979191788,-0.005430353784870507,-0.0040791343348354206
2022-12-02,28,406.9100036621094,0.1906,0.17061588354468324,0.193717983330587,-0.007144724746690335,-0.005927433739080783
2022-12-05,30,399.5899963378906,0.2075,0.1863284763299734,0.1787503898841145,-0.003790654338014799,-0.0006918864898697842
2022-12-06,30,393.8299865722656,0.2217,0.19989939403422577,0.1760394341186721,0.0026067245127229252,0.006273265184927419
2022-12-07,30,393.1600036621094,0.2268,0.20319825262228125,0.19289668553597186,0.003324542958736323,0.006564875840455427
2022-12-08,29,396.239990234375,0.2229,0.20083392643814535,0.1942312851113743,0.0007873941026779123,0.004135249067964751
2022-12-09,28,393.2799987792969,0.22829999999999998,0.2029718218338787,0.1958066059607814,0.0024989557878565124,0.005711000264240355
2022-12-12,30,398.9500122070313,0.25,0.21550473832060757,0.18923878706080988,0.005484479138593102,0.007105899996049631
2022-12-13,30,401.9700012207031,0.2255,0.19328409609618702,0.1878298874021862,-0.0004120503806052228,0.0021429588270914205
2022-12-14,30,399.3999938964844,0.2114,0.17879160694000618,0.18698111085530594,0.0037722316427558577,0.0030725651158674877
2022-12-15,29,389.6300048828125,0.22829999999999998,0.19199347876636377,0.1686648176857115,0.004956414745277296,0.00793442872052543
2022-12-16,28,383.2699890136719,0.2262,0.198121314883158,0.16103702697277858,0.0060179442654516345,0.007550541521261707
2022-12-19,30,380.0199890136719,0.2242,0.2020975576656829,0.16261584818136646,0.004928121677298071,0.006641415411505952
2022-12-20,30,380.5400085449219,0.2148,0.19626583890268184,0.16453166810331382,0.003522229575358609,0.005115301908524582
2022-12-21,30,386.2300109863281,0.2007,0.18555304558290567,0.16892489606331074,-0.00017207120564545128,-0.0015291556622623328
2022-12-22,29,380.7200012207031,0.21969999999999998,0.20215726071373238,0.16407620642230392,0.006485546963529259,0.006914112528216384
2022-12-23,28,382.9100036621094,0.2087,0.19138634142094013,0.16569128227375524,0.003945929781183517,0.0034341059780965116
2022-12-27,30,381.3999938964844,0.2165,0.20110092896516515,0.16921448598077424,0.0013579657200563857,0.003347935125891901
2022-12-28,30,376.6600036621094,0.2214,0.2076939396298853,0.16369129085127865,0.0020992213858512703,0.003660545326331016
2022-12-29,29,383.4400024414063,0.2144,0.19934863868779595,0.15399006363304343,0.0036488001286525216,0.005743756790383921
2022-12-30,28,382.4299926757813,0.2167,0.20094488160711568,0.15642616536893056,0.002961074284850668,0.004961435823759895
2023-01-03,30,380.8200073242188,0.22899999999999998,0.21360292297414993,0.1762214220977753,0.00329130106457619,0.004948438978527942
2023-01-04,30,383.760009765625,0.22010000000000002,0.20645862283616187,0.1781115207958196,0.0030904179214513825,0.004488828165630507
2023-01-05,29,379.3800048828125,0.22460000000000002,0.2101611165832265,0.176519615072522,0.0020377946332593216,0.0035797450610547212
2023-01-06,28,388.0799865722656,0.2113,0.19604710257434702,0.15990850680886012,0.00602676534549206,0.006982873641856746
2023-01-09,30,387.8599853515625,0.21969999999999998,0.20271773510010402,0.16686627414911498,0.00440967602055908,0.005545287812002754
2023-01-10,30,390.5799865722656,0.20579999999999998,0.1898411207842171,0.16784677041645074,0.0025924787846885442,0.0035893342042430006
2023-01-11,30,395.5199890136719,0.2109,0.1937264651724912,0.16222421202110893,0.00499757257226325,0.0056660204990523905
2023-01-12,29,396.9599914550781,0.1883,0.1698441150472766,0.16449297442540964,1.9272125337377505e-05,0.00061498875200463
2023-01-13,28,398.5,0.18350000000000002,0.15889419760499823,0.16681983446582047,-0.0025339450306724486,-0.002027885062420965
2023-01-17,30,397.7699890136719,0.1936,0.17097386984308632,0.17337538877056488,-0.002399541993533977,-0.0004833779727640032
2023-01-18,30,391.489990234375,0.2034,0.17958969370209976,0.1644806599665046,-0.0003868380016829366,0.0010630352156552874
2023-01-19,29,388.6400146484375,0.2052,0.17868390546266003,0.16527212852649462,-0.001109969502291969,0.00015703735495400226
2023-01-20,28,395.8800048828125,0.1985,0.17446741117348974,0.15443231583777378,0.0014337449753008388,0.003017580655197943
2023-01-23,30,400.6300048828125,0.1981,0.1735209434273657,0.15983789333146997,0.006805876873051565,0.005969744071510534
2023-01-24,30,400.2000122070313,0.192,0.16766756332805802,0.1608619528692095,0.008205753604317634,0.004992278119185493
2023-01-25,30,400.3500061035156,0.19079999999999997,0.16707474336778758,0.16516117175394443,-0.00022258178639131165,0.0015486739524465227
2023-01-26,29,404.75,0.1873,0.1636661713747428,0.16344759757652655,-0.0020075469969855534,0.00038563276832594736
2023-01-27,28,405.6799926757813,0.18510000000000001,0.1611236171760455,0.166134178918684,-0.0036772073677386217,-0.001026237945350664
2023-01-30,30,400.5899963378906,0.19940000000000002,0.1749159752163184,0.15591050364086834,0.007941250443823761,0.009602459771685001
2023-01-31,30,406.4800109863281,0.19399999999999998,0.16625344179340673,0.14982050820088122,0.0016624498338509146,0.00393309180431769
2023-02-01,30,410.7999877929688,0.1787,0.15508132356191712,0.15545538292360428,-0.00264663794167708,-0.00018367929870231398
2023-02-02,29,416.7799987792969,0.1873,0.1596997361873628,0.14956911772493744,-0.0014763812750906201,0.0009235680889542799
2023-02-03,28,412.3500061035156,0.1833,0.15736851851812977,0.14724581833372127,-0.000814313590580682,0.0016119039659070519
2023-02-06,30,409.8299865722656,0.1943,0.16692348035502316,0.15073203534304713,0.0017500462102674247,0.0030160675434690886
2023-02-07,30,415.1900024414063,0.1866,0.15997791991424767,0.15775027262957445,0.00012536306098983365,0.0021623697518458975
2023-02-08,30,410.6499938964844,0.1963,0.170942046474882,0.161197306963906,0.0030648120490750818,0.004363004815083876
2023-02-09,29,407.0899963378906,0.2071,0.18185091497778894,0.1610168120651084,0.005286043375873003,0.005744243786719242
2023-02-10,28,408.0400085449219,0.2053,0.1798044111339599,0.16365063383986395,0.004314083673716281,0.004963651178787922
2023-02-13,30,412.8299865722656,0.2034,0.17545193918894322,0.16466007615955097,0.0007449522682304759,0.002267003213817989
2023-02-14,30,412.6400146484375,0.1891,0.16529214466137496,0.17547363285416098,-0.0016113909817558885,-0.00012557091626967887
2023-02-15,30,413.9800109863281,0.18230000000000002,0.1593916075564113,0.18333829366978566,-0.002955891225150137,-0.0014273915265954839
2023-02-16,29,408.2799987792969,0.20170000000000002,0.17289608762248654,0.17986836317260968,-0.0005543925410276678,0.0009169533371867213
2023-02-17,28,407.260009765625,0.2002,0.17129839718718223,0.1828291978802638,-0.0015519341662903927,-0.00010755047539819013
2023-02-21,30,399.0899963378906,0.22870000000000001,0.1936336975908524,0.1818561017621291,-0.003941990839414896,-0.002662854547265587
2023-02-22,30,398.5400085449219,0.2229,0.19126256618403997,0.18321840186341923,-0.001239119016384221,-0.0015581142953564379
2023-02-23,29,400.6600036621094,0.2114,0.1829228574628355,0.18539762454180755,-0.006047843856335874,-0.0054353784658787195
2023-02-24,28,396.3800048828125,0.2167,0.18801549248855867,0.1846517474783153,0.0011929814916198122,-0.001529504163519924
2023-02-27,30,397.7300109863281,0.2095,0.18392225532319065,0.1852563812496136,-0.002276678273068973,-0.0006568737563385725
2023-02-28,30,396.260009765625,0.207,0.18269519546054014,0.1859241871101845,-0.002331327965248598,-0.00033202195154912145
2023-03-01,30,394.739990234375,0.20579999999999998,0.183457719010212,0.19175888936266064,-0.002427052594405098,-0.0008350056021014591
2023-03-02,29,397.80999755859375,0.1959,0.17663884734819446,0.19309075588083593,-0.0051479240901549095,-0.00401205833848825
2023-03-03,28,404.1900024414063,0.18489999999999998,0.16603817706600596,0.18792463889459776,-0.010774591012870205,-0.009228887493719615
2023-03-06,30,404.4700012207031,0.1861,0.1644650064695888,0.1832803112388876,-0.0034359427575824256,-0.0026892364094959413
2023-03-07,30,398.2699890136719,0.1959,0.1723885393995266,0.17570669491167454,-0.004196728837486039,-0.0022966369111235233
2023-03-08,29,398.9200134277344,0.1911,0.17032512817434203,0.17861677054752959,-0.005122769503669592,-0.0032560545245738245
2023-03-09,28,391.55999755859375,0.2261,0.19580866301647082,0.16888689143779662,0.0014278119692747529,0.003344592924692383
2023-03-10,27,385.9100036621094,0.248,0.19603287058423818,0.1634727707848508,0.0014859050904260681,0.0032738385799882144
2023-03-13,30,385.3599853515625,0.2652,0.20384616191900745,0.15570132775228762,0.0012031642813116472,0.0033009369497728905
2023-03-14,30,391.7300109863281,0.2373,0.18274277849130677,0.151957174370982,0.0012045340040373568,0.0032857797381994043
2023-03-15,30,389.2799987792969,0.2614,0.20180848737442753,0.15061489313957177,0.003737360615362182,0.005827675259219481
2023-03-16,29,396.1099853515625,0.2299,0.17778845306748745,0.14021244964662435,0.004398457502824066,0.00605104337640589
2023-03-17,28,389.989990234375,0.2551,0.19816441158643383,0.13115309418996374,0.005796945820504568,0.007782242404706269
2023-03-20,30,393.739990234375,0.2415,0.19116877614746022,0.12288934897428011,0.006247995573538078,0.008136358080772425
2023-03-21,30,398.9100036621094,0.2138,0.1749983439530287,0.11573960362687985,0.007234621088340762,0.009024536171371843
2023-03-22,30,392.1099853515625,0.22260000000000002,0.19024028600992007,0.09902698557883843,0.00754446414643957,0.00929079710376431
2023-03-23,29,393.1700134277344,0.2261,0.18863508264981044,0.10026343998402819,0.0072648437358100995,0.008997051889381356
2023-03-24,28,395.75,0.21739999999999998,0.17851576273260056,0.09926795970121584,0.006869434100362609,0.008528166704726893
2023-03-27,30,396.489990234375,0.20600000000000002,0.17146703400084262,0.11181358751398886,0.0059799675432202475,0.007747201223320769
2023-03-28,30,395.6000061035156,0.1997,0.17166077820251988,0.13102893776549754,0.005072238116750803,0.006200991139685218
2023-03-29,30,401.3500061035156,0.1912,0.1632059265226708,0.12455485226271129,0.0033046202974641964,0.002254270145674933
2023-03-30,29,403.7000122070313,0.1902,0.1579716030610548,0.12497952351951286,9.873285683809946e-05,3.8350491403768253e-07
2023-03-31,28,409.3900146484375,0.187,0.15572316707390768,0.11672237158810103,0.0010473535731768302,0.006267055412073686
2023-04-03,30,410.9500122070313,0.1855,0.15453782097290636,0.12117673377675228,0.005458349840851114,0.007920930231391225
2023-04-04,30,408.6700134277344,0.19,0.156889164594714,0.12215536617050432,0.005050455544409025,0.0075421159171789095
2023-04-05,30,407.6000061035156,0.19079999999999997,0.15760058488175158,0.13759400169545882,-0.00834236462893697,-0.0038586772076780267
2023-04-06,29,409.1900024414063,0.184,0.15591393285160152,0.13926292781165722,-0.00722233821493816,-0.00036099725835107653
2023-04-10,30,409.6099853515625,0.18969999999999998,0.15686240962272946,0.13869078390334288,0.0043414571914584,0.00616018751078034
2023-04-11,30,409.7200012207031,0.191,0.15713320923889632,0.13882119842989937,0.006126777677073622,0.006953503598404946
2023-04-12,30,408.0499877929688,0.1909,0.1523854620971542,0.1381639639180849,0.002797637987694588,0.004078559418632487
2023-04-13,29,413.4700012207031,0.17800000000000002,0.13784667628669453,0.13249935935555626,0.004771066813324016,0.0066252124750703495
2023-04-14,28,412.4599914550781,0.1707,0.13123560559064287,0.1345552201844996,0.0031522260042565367,0.003852988321605694
2023-04-17,30,413.9400024414063,0.16949999999999998,0.13139025512250527,0.138580706603193,-0.0014809475111422594,0.0007070500350656684
2023-04-18,30,414.2099914550781,0.16829999999999998,0.1307086291229675,0.14254020817796434,-0.0056814114033564116,-0.0029445211810517216
2023-04-19,30,414.1400146484375,0.1646,0.13168314430519246,0.14262945477700759,-0.004657136636786972,-0.0022118333115354917
2023-04-20,29,411.8800048828125,0.17170000000000002,0.13342501281137312,0.14376291386746076,-0.005053541389420119,-0.00311957176071459
2023-04-21,28,412.2000122070313,0.1677,0.12998415540102629,0.146280714596526,-0.006680358395108163,-0.004645720401734273
2023-04-24,30,412.6300048828125,0.1689,0.1316113503550468,0.14883996765202412,-0.0048543852545775736,-0.003129683017729325
2023-04-25,30,406.0799865722656,0.18760000000000002,0.14949665245841948,0.14121897996240196,-0.00022187240376563813,0.0009924553401362353
2023-04-26,30,404.3599853515625,0.1884,0.1496976215542761,0.14743836235283844,-0.0011749746825015673,4.533571301637629e-05
2023-04-27,29,412.4100036621094,0.1703,0.13206557288425222,0.13265327002859473,-0.004257355616066903,-0.00418492030487886
2023-04-28,28,415.9299926757813,0.1578,0.12239019619412697,0.13146768680153392,-0.010490024378600667,-0.00745215515112894
2023-05-01,30,415.510009765625,0.16079999999999997,0.12498418344395194,0.1284408515067476,-0.0016539920909561985,-0.0006227921844912368
2023-05-02,30,410.8399963378906,0.1778,0.1406706068621873,0.12661214135401155,0.0007645988167036231,0.0022850095287786317
2023-05-03,30,408.0199890136719,0.1834,0.14617143246223466,0.1340204850565071,0.001156936248371011,0.002643137508310181
2023-05-04,29,405.1300048828125,0.2009,0.15916407849244638,0.13395866497776376,0.0026763943603791782,0.004217398616048548
2023-05-05,28,412.6300048828125,0.17190000000000003,0.13319059478273781,0.11916206835057279,0.0024206430097127394,0.0034822996398422373
2023-05-08,30,412.739990234375,0.1698,0.13257602937757182,0.11619115943485503,-0.0001339120686702901,0.0007528051628164763
2023-05-09,30,410.9299926757813,0.1771,0.13755614557709445,0.1170803993547417,0.000520439851677095,0.001532617275611267
2023-05-10,30,412.8500061035156,0.16940000000000002,0.1318365226695477,0.1161143673072321,-0.0007102421778062743,0.0002186568751759225
2023-05-11,29,412.1300048828125,0.1693,0.1314161986424538,0.11793690852899784,-0.0012693794211617237,-0.0003428718963534428
2023-05-12,28,411.5899963378906,0.1703,0.1320872830701464,0.11993105823752612,-0.001629090567067561,-0.0006991048756273405
2023-05-15,30,413.010009765625,0.17120000000000002,0.13310260474632435,0.1217174825539991,-0.002115533131509011,-0.0009425681845935686
2023-05-16,30,410.25,0.17989999999999998,0.1395916495807213,0.1269459426365976,-0.001352157955469943,-0.00015650795451907469
2023-05-17,30,415.2300109863281,0.16870000000000002,0.1311862197101827,0.12231403402774596,-0.0008075169591038071,0.000530359399684468
2023-05-18,29,419.2300109863281,0.1605,0.12455810609687797,0.11966527303752318,-0.0006296414290957696,0.0009364711677950255
2023-05-19,28,418.6199951171875,0.1681,0.13014469483366847,0.12166987209409334,-0.0001392911239566687,0.0014286644302912682
2023-05-22,30,418.7900085449219,0.1721,0.1338207641902543,0.12027010734595531,-0.0006587297864215354,0.0009268637657037696
2023-05-23,30,414.0899963378906,0.18530000000000002,0.14388605473041083,0.11433751047396051,0.0006206335754228101,0.0020835942659227697
2023-05-24,30,411.0899963378906,0.2003,0.15575661913114053,0.11458830117311312,0.0013819021078417346,0.0028579950504057203
2023-05-25,29,414.6499938964844,0.19140000000000001,0.148419344812355,0.11246099555873056,0.0015392683938455984,0.002997834416949315
2023-05-26,28,420.0199890136719,0.1795,0.13900428411803797,0.10459830557771105,0.002863545057418607,0.004273692304290946
2023-05-30,30,420.1799926757813,0.1746,0.1357298438575008,0.10977901293434708,0.0014199940442481867,0.0024923690489713378
2023-05-31,30,417.8500061035156,0.1794,0.1394644485053359,0.1155410875447279,0.0010063501532093396,0.002168025289587281
2023-06-01,29,421.8200073242188,0.1565,0.12185947935995711,0.11262606785206838,0.00040608895965951963,0.001225420227293365
2023-06-02,28,427.9200134277344,0.146,0.11359903491810815,0.1022275166646677,0.0022938651130994477,0.0025122510883161123
2023-06-05,30,427.1000061035156,0.14730000000000001,0.11511117942550486,0.0987524261012108,0.0007334010390216696,0.0013954828463939185
2023-06-06,30,428.0299987792969,0.1396,0.10938456713593547,0.10220771126096037,-0.0005856123612143935,6.716619194665185e-05
2023-06-07,30,426.5499877929688,0.1394,0.10911524339000717,0.10187343761298846,-0.0008389590778670507,-0.000141815209845592
2023-06-08,29,429.1300048828125,0.1365,0.10704649453999555,0.1013822826223919,-0.001221323187664015,-0.0005494351276958104
2023-06-09,28,429.8999938964844,0.1383,0.10826658932904473,0.10297358008566697,-0.0014441172091235195,-0.0007371045657564135
2023-06-12,30,433.7999877929688,0.1501,0.11724850388616703,0.10126097433819341,0.002695167760517761,0.0042341449201628275
2023-06-13,30,436.6600036621094,0.1461,0.11438492888746805,0.1024148117387459,0.0030273608526565875,0.004339165245562978
2023-06-14,30,437.1799926757813,0.1388,0.10896031210373375,0.10235371721284925,0.0009664093549722666,0.0022594352109144133
2023-06-15,29,442.6000061035156,0.145,0.11346647648699805,0.09448132424407513,0.0025804910287812468,0.004000910865488138
2023-06-16,28,439.4599914550781,0.1354,0.10560849779128027,0.09265386579582616,0.0018262299291059861,0.003021269093319357
2023-06-20,30,437.1799926757813,0.1388,0.10910938067221872,0.09536953354152701,0.0007295679326308918,0.002280686056027746
2023-06-21,30,434.9400024414063,0.132,0.10386008778045729,0.09367122015248604,-0.0004756543683549376,0.0009157742790533026
2023-06-22,29,436.510009765625,0.1291,0.10136046300386925,0.09441107528381364,-0.000998082476833727,0.0004159846753907631
2023-06-23,28,433.2099914550781,0.1344,0.10514111089145291,0.09209276671964536,-0.00021806469518641223,0.0010454082667491012
2023-06-26,30,431.4400024414063,0.1425,0.11167787966553684,0.08968937434301039,-0.0006016961223614186,0.0007392109491590593
2023-06-27,30,436.1700134277344,0.1374,0.10772087810441203,0.08447524014247217,0.0007111454244816305,0.002113983419254854
2023-06-28,30,436.3900146484375,0.1343,0.10541398024848307,0.09103755744951103,7.25656557662687e-05,0.0014745380941057604
2023-06-29,29,438.1099853515625,0.1354,0.10604322376389286,0.09153618903898073,0.00022776422373247207,0.0016809009043867004
2023-06-30,28,443.2799987792969,0.1359,0.1059865984560718,0.0829698600052558,0.002838337740318649,0.0044938509711442785
2023-07-03,30,443.7900085449219,0.13570000000000002,0.10630361846308344,0.09455405463253769,0.0016151826562115271,0.0031222991135314866
2023-07-05,30,443.1300048828125,0.1418,0.11110669031188916,0.09624831277427542,0.0018431120340187818,0.0032556535706381555
2023-07-06,29,439.6600036621094,0.15439999999999998,0.12034715037062664,0.09383662809437378,0.002326124686428613,0.003864038271667269
2023-07-07,28,438.5499877929688,0.1483,0.11552625440496958,0.09506043311076956,0.0011521938103489311,0.0026260956320793066
2023-07-10,30,439.6600036621094,0.1507,0.1178322842584117,0.10026826841712393,0.0004143668998389806,0.002732621631089511
2023-07-11,30,442.4599914550781,0.1484,0.11615218898046446,0.09780061019918974,0.002213855637975962,0.004482119505622805
2023-07-12,30,446.0199890136719,0.1354,0.10671275781983827,0.09374304217129646,0.006115062217155919,0.00604429619012852
2023-07-13,29,449.55999755859375,0.1361,0.10692066855843806,0.09112724341083132,0.002206634445024887,0.0043508827968540284
2023-07-14,28,449.2799987792969,0.1334,0.10452036286537118,0.09271295619936984,0.0012793007133025858,0.0034841239403377296
2023-07-17,30,450.8399963378906,0.1348,0.10626163597437727,0.1028375560359864,-0.00031834173991313264,-0.0005712376852146202
2023-07-18,30,454.1900024414063,0.133,0.10463458348068182,0.10305631688367167,1.6756339372524163e-05,0.0003910807628099647
2023-07-19,30,455.2000122070313,0.1376,0.10833421974070684,0.1027783520211124,0.0003097744493189384,0.0008647822888289599
2023-07-20,29,452.1799926757813,0.1399,0.10985894386230317,0.10183293360910668,0.000487699045088028,0.0010180496607578005
2023-07-21,28,452.1799926757813,0.136,0.10642235279433199,0.10363542635047719,-0.0006939789260101688,-0.00022025898469096993
2023-07-24,30,454.2000122070313,0.1391,0.10932950155851133,0.10897887093562028,-0.001390791535666814,-0.0003425280642753784
2023-07-25,30,455.4400024414063,0.1386,0.10884602268102217,0.11897757413106781,-0.0017343709252595624,-0.0007036628830655915
2023-07-26,30,455.510009765625,0.1319,0.10377373200031813,0.12147353377626126,-0.0030083094397008493,-0.0019814156256087426
2023-07-27,29,452.489990234375,0.1441,0.11294107460300158,0.12127532324702223,-0.001380796443050872,-0.00040875648435074135
2023-07-28,28,456.9200134277344,0.1333,0.10427631660440884,0.11830310389920322,-0.001663230839721145,-0.0007544664239057993
2023-07-31,30,457.7900085449219,0.1363,0.10685993342564588,0.1273425629507072,-0.002780074817816576,-0.0018477192889740615
2023-08-01,30,456.4800109863281,0.1393,0.10934264479213474,0.12705238314077016,-0.002817179205387425,-0.0018369441037468528
2023-08-02,30,450.1300048828125,0.1609,0.12573219076219003,0.11746064804044967,0.00466823710010328,0.004230495472052308
2023-08-03,29,448.8399963378906,0.1592,0.12419766989678345,0.11903400050430649,0.0013216548449566236,0.002321633964006929
2023-08-04,28,446.80999755859375,0.171,0.13275265879557444,0.12003028891810451,0.0009156863614514751,0.00221276080369569
2023-08-07,30,450.7099914550781,0.1577,0.12301788457667574,0.11536750652769105,0.0030583540916197392,0.004012673030582971
2023-08-08,30,448.75,0.15990000000000001,0.12480068186483166,0.11486345307924761,0.003554580035084508,0.004601726565376035
2023-08-09,30,445.75,0.15960000000000002,0.12460566046271525,0.11257776868007364,0.008270122131647368,0.005580127411668416
2023-08-10,29,445.9100036621094,0.1585,0.12371678447038016,0.11449523517323333,0.007211018488185035,0.004860351967396392
2023-08-11,28,445.6499938964844,0.1484,0.11594679705705847,0.11650282543096918,0.004447866146191576,0.0018688132520101816
2023-08-14,30,448.1099853515625,0.1482,0.11603348353193199,0.1149208972114323,0.004161884691859982,0.0038036694832781592
2023-08-15,30,442.8900146484375,0.1646,0.12869880721079544,0.11150427011367572,0.004549412373778913,0.0055749576989366344
2023-08-16,30,439.6400146484375,0.1678,0.1318203861941922,0.12145072422433902,0.0032762894318414523,0.004679083516036043
2023-08-17,29,436.2900085449219,0.1789,0.13960118978700406,0.12050938814227574,0.003114810541538484,0.004730552295479757
2023-08-18,28,436.5,0.17300000000000001,0.13428758186345305,0.12263015690907939,0.001651497015286896,0.003230236902140545
2023-08-21,30,439.3399963378906,0.17129999999999998,0.13322614585616063,0.12090636363337057,0.004813556866488311,0.004656129831383621
2023-08-22,30,438.1499938964844,0.1697,0.1320342812169343,0.13382226024688354,-0.009956519969832107,-0.009456835906073973
2023-08-23,30,443.0299987792969,0.1598,0.12613357645951384,0.12836440978087915,-0.0022170570677763034,-0.002794648989403488
2023-08-24,29,436.8900146484375,0.172,0.13391709716482614,0.12080642531568575,-0.005550349844612072,-0.0024156137354424886
2023-08-25,28,439.9700012207031,0.1568,0.12257239306010101,0.12029996271550762,-0.005596594629984258,-0.0059390148589076
2023-08-28,30,442.760009765625,0.1508,0.12175508965320371,0.1261045910961858,-0.0032913349406517773,-0.0023209212405743283
2023-08-29,30,449.1600036621094,0.1445,0.11295555788972059,0.11748656550316969,-0.0011557677942558907,-0.0003594392706424648
2023-08-30,30,451.010009765625,0.1388,0.10878023902947816,0.11691608776262455,-0.0017270282665732735,-0.0009222733790281915
2023-08-31,29,450.3500061035156,0.13570000000000002,0.1062559871533598,0.11880124671116049,-0.002637539864169597,-0.0018786266979332938
2023-09-01,28,451.1900024414063,0.1309,0.10200153742304512,0.12071674043807692,-0.003415123239711003,-0.002685422585747194
2023-09-05,30,449.239990234375,0.1401,0.10973666580332338,0.12738360543744062,-0.004487192078540462,-0.0036358645074343935
2023-09-06,30,446.2200012207031,0.1445,0.11319666623494844,0.13178752612606792,-0.0044598451240472035,-0.003513419636814619
2023-09-07,29,444.8500061035156,0.14400000000000002,0.11261794345618908,0.13359581073886764,-0.005076654351956268,-0.004099859348508301
2023-09-08,28,445.5199890136719,0.1384,0.10815371875337805,0.13585190136728084,-0.0060012061574682566,-0.00512450169492056
2023-09-11,30,448.4500122070313,0.138,0.10834698730572545,0.1331513677610354,-0.006015081695066103,-0.005029743050343932
2023-09-12,30,445.989990234375,0.1423,0.11149668283511117,0.13347702872325565,-0.005877296520134344,-0.004870883248479015
2023-09-13,30,446.510009765625,0.1348,0.10601121348232435,0.13454720121458555,-0.006825869843226153,-0.005882291605104594
2023-09-14,29,450.3599853515625,0.1282,0.10055742532446398,0.1334146486917559,-0.006049580520704793,-0.0051964296275047745
2023-09-15,28,443.3699951171875,0.1379,0.10753337900469183,0.12347242777487734,-0.00366771562408972,-0.003099698681936355
2023-09-18,30,443.6300048828125,0.14,0.10954583507330772,0.13321851945945837,-0.0040091363017170974,-0.0036135691242491184
2023-09-19,30,442.7099914550781,0.1411,0.11052559647766506,0.13653694212984038,-0.00439175694655477,-0.0047549946276547825
2023-09-20,30,438.6400146484375,0.1514,0.11829448730388155,0.13951508795130987,-0.004774648894728731,-0.005214660836908927
2023-09-21,29,431.3900146484375,0.1754,0.1364366395563889,0.12899441438913925,-0.0008373233001083944,0.0009981310000512001
2023-09-22,28,430.4200134277344,0.172,0.13350551566940022,0.13102584568484021,-0.0027477678207453483,-0.000982361114214737
2023-09-25,30,432.2300109863281,0.16899999999999998,0.13162349578147214,0.13811091339190804,-0.0033182059076872577,-0.0013390438028389666
2023-09-26,30,425.8800048828125,0.1894,0.14723687017191206,0.13481567057942245,-0.0004256550510429641,0.0009117908718618375
2023-09-27,30,426.0499877929688,0.1822,0.14148179552819765,0.13573666418785615,-0.0025402266144364718,-0.0010287583601360786
2023-09-28,29,428.5199890136719,0.1734,0.1349693501986008,0.1365253826268255,-0.003110469779552126,-0.0018557840266241422
2023-09-29,28,427.4800109863281,0.1752,0.13605024898827542,0.13866470211653,-0.0038167044089738277,-0.002529715983226749
2023-10-02,30,427.30999755859375,0.1761,0.14290759463629843,0.14665851277099035,-0.00335961383449312,-0.0019494391723096373
2023-10-03,30,421.5899963378906,0.1978,0.15867509752803682,0.15389409353805591,-0.0074197207104371625,-0.01142246284698501
2023-10-04,30,424.6600036621094,0.1858,0.14775256512035612,0.15506914871500066,-0.012328031939466681,-0.010790340542154607
2023-10-05,29,424.5,0.18489999999999998,0.1486368259211645,0.15771442877127723,-0.012539499796277128,-0.011202192549051448
2023-10-06,28,429.5400085449219,0.1745,0.1409345073484447,0.15474563863625637,-0.01082311946472602,-0.005772039599308971
2023-10-09,30,432.2900085449219,0.177,0.13757019113896649,0.14840254663197594,-0.003015483102485389,-0.00046930040219867613
2023-10-10,30,434.5400085449219,0.1703,0.13244422020645388,0.14980393617440613,8.650988071915281e-05,-0.00011815869076410865
2023-10-11,30,436.3200073242188,0.1609,0.1254005457502556,0.15860335984725615,-0.014930122349627178,-0.009916041535758317
2023-10-12,29,433.6600036621094,0.16690000000000002,0.12990820906209374,0.15984925573762204,-0.01306460942272207,-0.013963793681312403
2023-10-13,28,431.5,0.1932,0.14992183514325252,0.16167661027662059,-0.005743861798851414,-0.007151491219310901
2023-10-16,30,436.0400085449219,0.1721,0.1342227332639468,0.16619704560577253,-0.009438171902294807,-0.011926861473809988
2023-10-17,30,436.0199890136719,0.1788,0.13920913236655824,0.1662516528276634,-0.009402952683220897,-0.010687358867941697
2023-10-18,30,430.2099914550781,0.19219999999999998,0.14936058224681847,0.15959005583723618,-0.005195000150599988,-0.005211964873339192
2023-10-19,29,426.4299926757813,0.214,0.1661878395720787,0.15927006501925234,-0.001524644715658212,-0.001013109967433313
2023-10-20,28,421.1900024414063,0.21710000000000002,0.16840807212116518,0.1558207714821642,-0.0008546332900305675,3.883963255595624e-05
2023-10-23,30,420.4599914550781,0.20370000000000002,0.15835598523900202,0.1535539091432401,-0.004172475308978444,-0.00336795520469901
2023-10-24,29,423.6300048828125,0.18969999999999998,0.14728227995881815,0.15388889219428842,-0.006067745520930729,-0.0055210312512973736
2023-10-25,30,417.5499877929688,0.20190000000000002,0.15668575907684715,0.1426688469340622,-0.0030621112029524055,-0.0022380686886683647
2023-10-26,29,412.5499877929688,0.20679999999999998,0.15984399702797988,0.1386710894572218,-0.0018623556253937086,-0.0009043703998721363
2023-10-27,28,410.6799926757813,0.2127,0.16417399632212892,0.1401691614932194,-0.0019131399407501127,-0.000885635881477444
2023-10-30,30,415.5899963378906,0.1975,0.15765384856909928,0.12913749647687775,-0.0030634356473309243,-0.002095145220685967
2023-10-31,30,418.2000122070313,0.1814,0.14858503668372855,0.12801367850364745,-0.004024730364795188,-0.0031581238368679526
2023-11-01,30,422.6600036621094,0.16870000000000002,0.1360510920691625,0.12426432694277817,-0.0047252796852405785,-0.0039952235391264015
2023-11-02,29,430.760009765625,0.1566,0.12192909762874209,0.10695131693076895,-0.0033462476490246505,-0.002764005738526983
2023-11-03,28,434.6900024414063,0.1491,0.1161072527105835,0.10378765684916329,-0.0038514704770486003,-0.003190734118165437
2023-11-06,30,435.6900024414063,0.1489,0.11617785571969566,0.10259334993627289,-0.00434072676103425,-0.003369044700591717
2023-11-07,30,436.9299926757813,0.1481,0.11571770703569077,0.10549947117285406,-0.004421149705134307,-0.0033476341335504332
2023-11-08,30,437.25,0.1445,0.11318373239235985,0.10652477192212866,-0.004990158135614537,-0.003920064003470146
2023-11-09,29,433.8399963378906,0.15289999999999998,0.11913932965979977,0.10472491885358515,-0.004204443928258492,-0.00332264577869852
2023-11-10,28,440.6099853515625,0.1417,0.11053944227821824,0.09073867909877137,-0.001608518238916259,-0.00045525742633117727
2023-11-13,30,440.1900024414063,0.1476,0.11540370633417696,0.1019398252465571,-0.0015589852240875009,-0.0004064780700562953
2023-11-14,30,448.7300109863281,0.1416,0.11082163688114281,0.07761792920483056,0.005633754616205806,0.006995280383541315
2023-11-15,30,449.6799926757813,0.1418,0.11082295415964201,0.07977845754618924,0.005688770884096617,0.007073787756286073
2023-11-16,29,450.2300109863281,0.1432,0.11172093385590358,0.0810263210172846,0.005696864735716487,0.007080354153136699
2023-11-17,28,450.7900085449219,0.138,0.10722937718728942,0.08233830599906494,0.0048327879636908405,0.006179512636269873
2023-11-20,30,454.260009765625,0.1341,0.1051515333452508,0.09386846667415763,0.0038940205196355895,0.004893136786055211
2023-11-21,30,453.2699890136719,0.1335,0.10471969346477768,0.09918142911279182,0.003300322462187121,0.0043424020650276755
2023-11-22,30,455.0199890136719,0.1285,0.10115813335085773,0.0985156727014824,0.00253519284833514,0.003529044323728175
2023-11-24,28,455.2999877929688,0.1246,0.09757899288230418,0.1019492181944996,0.0013665023169743315,0.0022890933362282487
2023-11-27,30,454.4800109863281,0.12689999999999999,0.10006511190592701,0.09958373098669969,-1.4221669178800295e-05,0.001124232334159289
2023-11-28,30,454.9299926757813,0.12689999999999999,0.10006392767897478,0.0995326054932231,-0.0005540186955986053,0.000634630855172351
2023-11-29,30,454.6099853515625,0.1298,0.10220941413621501,0.10001489129492812,-0.0007964248134993163,0.00045836894714601034
2023-11-30,29,456.3999938964844,0.1292,0.10142145240234612,0.10076479019966937,-0.0013371348069704861,-1.5848060105727068e-05
2023-12-01,28,459.1000061035156,0.1263,0.0991862870488212,0.10031267680357861,-0.0021593092863416556,-0.0006430958837350372
2023-12-04,30,456.6900024414063,0.1308,0.10294743660224334,0.10127229729218258,-0.0021536730389660843,-0.0006162347151199153
2023-12-05,30,456.6000061035156,0.1285,0.10117631256775696,0.10189331129386564,-0.0026512214365671904,-0.0011389580104169735
2023-12-06,30,454.760009765625,0.1297,0.10266331077562175,0.10102804079050709,-0.0024235297356967485,-0.0009817333976945342
2023-12-07,29,458.2300109863281,0.1306,0.10539893607920629,0.09915323897277832,-0.0021059643316729635,-0.0005217780405842822
2023-12-08,28,460.2000122070313,0.1235,0.09717137339635543,0.09971249289310109,-0.0031764846114248828,-0.0016389230251017714
2023-12-11,30,461.989990234375,0.1263,0.09929961666143082,0.10934364448272338,-0.004769878042784623,-0.0035450897573955026
2023-12-12,30,464.1000061035156,0.1207,0.09532031061863024,0.10819315252792881,-0.006354711566820809,-0.005058229030681838
2023-12-13,30,470.5,0.1219,0.09618855025197512,0.09710508693986027,-0.003501066523269743,-0.0018015819120148551
2023-12-14,29,472.010009765625,0.12480000000000001,0.09822834955611688,0.09810874356798634,-0.001927977519175554,-0.0002789452772473745
2023-12-15,28,469.3299865722656,0.12279999999999999,0.09648775067992166,0.09770586892516787,-0.003940894173986034,-0.002328581780195575
2023-12-18,30,471.9700012207031,0.12560000000000002,0.09897923562724421,0.09523557079171822,0.003521851507532328,0.0017204091636669415
2023-12-19,30,474.8399963378906,0.1253,0.09876235121828524,0.09785868449131711,-0.0008102538848183719,0.000699494903529058
2023-12-20,30,468.260009765625,0.1367,0.10748887489399894,0.09526121502472211,0.0021848970170093435,0.0025771194240349405
2023-12-21,29,472.7000122070313,0.1365,0.10712363796684786,0.09092124050532435,0.002822953770314889,0.0015297547004080683
2023-12-22,28,473.6499938964844,0.1303,0.10199118528605386,0.09224622700083684,0.00044392409415076466,-0.0015341398128532683
2023-12-26,30,475.6499938964844,0.12990000000000002,0.10213830262816531,0.09086256659178822,-0.0005669151007799979,0.0008160298787049133
2023-12-27,30,476.510009765625,0.1243,0.09799350121815883,0.09075221172492423,-0.0014839612419798153,4.1581088996967084e-05
2023-12-28,29,476.6900024414063,0.1247,0.09800333425470006,0.09229391939340037,-0.0017741150034862468,-0.00022755617309356846
2023-12-29,28,475.30999755859375,0.1245,0.09746259950284673,0.09334248800577966,-0.002510497282369251,-0.0012588306221360647
2024-01-02,30,472.6499938964844,0.132,0.10377790335620365,0.11774293062273632,-0.001683129653881721,-0.0004937197628687085
2024-01-03,30,468.7900085449219,0.1404,0.11018915482263274,0.1199149182242358,-0.0005188540209226133,0.0005415410903949051
2024-01-04,29,467.2799987792969,0.1413,0.11057145275800752,0.12142663326675507,-0.0008845114666412926,0.00012081536409620307
2024-01-05,28,467.9200134277344,0.1335,0.10467463809682365,0.1234770943259453,-0.001959976099147756,-0.0010451082231888679
2024-01-08,30,474.6000061035156,0.1308,0.10273641201326406,0.11352970922762896,-0.0021511159922880736,-0.0007727031625810025
2024-01-09,30,473.8800048828125,0.1276,0.10037181719712895,0.11341659139273329,-0.002652545174235113,-0.0013404629223230827
2024-01-10,30,476.55999755859375,0.12689999999999999,0.0997086736924565,0.11349197412777441,-0.004085477897745323,-0.002467036089638598
2024-01-11,29,476.3500061035156,0.1244,0.09746812606880201,0.11542155788978117,-0.00456694634964426,-0.0030251959347207913
2024-01-12,28,476.6799926757813,0.127,0.09933726976891873,0.11743796337534017,-0.0049108952809669825,-0.0033130225647363446
2024-01-16,30,474.9299926757813,0.1384,0.10867096852914948,0.1289229821521303,-0.004740523053514296,-0.003149755981096867
2024-01-17,30,472.2900085449219,0.1479,0.1155120782672206,0.1286325902830975,-0.0035813723798091327,-0.0020520819793688225
2024-01-18,29,476.489990234375,0.1413,0.11030880429672942,0.12700529544198685,-0.004273104345324558,-0.0026887168754385895
2024-01-19,28,482.4299926757813,0.133,0.10378128312038841,0.12126656270202946,-0.004703546400542131,-0.00309163891081005
2024-01-22,30,483.4500122070313,0.1319,0.1034565137538903,0.11853991155268691,-0.006127118479298373,-0.00438182006757628
2024-01-23,30,484.8599853515625,0.1255,0.09870077452927857,0.13803519363176803,-0.007423399061053523,-0.00567723159896783
2024-01-24,30,485.3900146484375,0.13140000000000002,0.10320523263684445,0.13800353037238694,-0.006928755707421379,-0.005346018255750481
2024-01-25,29,488.0299987792969,0.13449999999999998,0.10538243446701896,0.13903738013564487,-0.006677923285577289,-0.005967942726640744
2024-01-26,28,487.4100036621094,0.1326,0.10372041082882962,0.14142395320167372,-0.0073504312074904946,-0.006288553516022551
2024-01-29,30,491.2699890136719,0.136,0.10663048117197234,0.13467478266059396,-0.010266064431225833,-0.011497369383208542
2024-01-30,30,490.8900146484375,0.1331,0.1043009294174858,0.13522827759797873,-0.010920357878272245,-0.011905529917979281
2024-01-31,30,482.8800048828125,0.1435,0.11236238842658362,0.12671216413894476,-0.0037798751613938013,-0.003523371429226003
2024-02-01,29,489.2000122070313,0.1388,0.10838431307170678,0.1203390892444301,-0.004437045607941179,-0.005168682513528064
2024-02-02,28,494.3500061035156,0.13849999999999998,0.1081730801217059,0.11648632493294268,-0.005606752945971343,-0.006215015659073738
2024-02-05,30,492.5499877929688,0.1367,0.10698670834455312,0.1185533428625219,-0.005411145946391642,-0.005456650380812139
2024-02-06,30,493.9800109863281,0.1306,0.10246306882709912,0.12304338511067042,-0.006716202612716079,-0.006663866751458196
2024-02-07,30,498.1000061035156,0.1283,0.10064908150229385,0.12141377586438819,-0.00703107518233675,-0.006243335363120354
2024-02-08,29,498.3200073242188,0.12789999999999999,0.10047485708543505,0.12347943785477045,-0.007454909197367139,-0.0066359133262790275
2024-02-09,28,501.2000122070313,0.1293,0.10109446352883807,0.12393062720846239,-0.007383844940563891,-0.005932139845762815
2024-02-12,30,500.9800109863281,0.1393,0.10896190097388725,0.12555644959326315,-0.006151719800820163,-0.004799996842120248
2024-02-13,30,494.0799865722656,0.1585,0.123501352076097,0.11606844883314554,-0.0017281129978894434,-0.0009581226809690161
2024-02-14,30,498.5700073242188,0.1438,0.11247406519296481,0.11700855389380985,-0.002733774748718021,-0.001813425399913782
2024-02-15,29,502.010009765625,0.1401,0.10924651789865285,0.11648188531666637,-0.003122118938126318,-0.0020479894180695855
2024-02-16,28,499.510009765625,0.1424,0.11063815228838575,0.11716525235228192,-0.002937327019687096,-0.0020261221069334734
2024-02-20,30,496.760009765625,0.1542,0.1201394280176857,0.1200262726755835,-0.002638073227434181,-0.001372256446726459
2024-02-21,30,497.2099914550781,0.1534,0.11938078903802486,0.12016714633421392,-0.003062618022120331,-0.0017524210308299327
2024-02-22,29,507.5,0.1454,0.11338590214616104,0.09826925707241387,0.0014829598962575591,0.0029154895055869324
2024-02-23,28,507.8500061035156,0.1375,0.10711415920720432,0.09997768865914501,-0.00035129467948291914,0.0010279546803760218
2024-02-26,30,505.989990234375,0.1374,0.10740150106621472,0.10075796967477382,-0.001265516043877361,0.0001515122995564383
2024-02-27,30,506.9299926757813,0.1343,0.10534326563461757,0.10055198021136992,-0.0018443716797587155,-0.0005093924958929899
2024-02-28,29,506.260009765625,0.1384,0.10802840301509041,0.10216325901127758,-0.0017215144258927774,-0.0003719356089726643
2024-02-29,28,508.0799865722656,0.134,0.10453677411334052,0.1031611760813211,-0.002488651986007052,-0.0012532397473073284
2024-03-01,27,512.8499755859375,0.1311,0.1020439820511728,0.09927718872808138,-0.0014326965481284,-0.0007387678264959185
2024-03-04,30,512.2999877929688,0.1349,0.10567150950878042,0.09696856157017084,-0.0005319362530716963,0.0006459785874204603
2024-03-05,30,507.1799926757813,0.1446,0.112972519813313,0.10005236800639923,0.00034514715982558763,0.001597524848816939
2024-03-06,30,509.75,0.145,0.11338501027461705,0.10494640357858602,-0.0008380556482869233,-0.00042819345012980176
2024-03-07,29,514.8099975585938,0.1444,0.11263900063428764,0.10082441203833746,-0.004972812777977552,-0.0015885590708195777
2024-03-08,28,511.7200012207031,0.1474,0.11488014170113177,0.10028036880229343,-0.0017539037783998708,-0.0007963784135337655
2024-03-11,30,511.2799987792969,0.1522,0.11867119859726456,0.1030970093291745,0.0014025331216621691,0.002713098622777118
2024-03-12,30,516.780029296875,0.1384,0.10841957081343062,0.09961834996515581,-0.0012261447346909675,-0.00012975575312248905
2024-03-13,30,515.969970703125,0.1375,0.10776983823468515,0.11065411758456578,-0.013661005545808904,-0.009203539895115749
2024-03-14,29,514.9500122070312,0.14400000000000002,0.11259590094740145,0.11232663173511025,-0.011712841526167705,-0.0057762686871638946
2024-03-15,28,509.8299865722656,0.1441,0.11275726841471143,0.10847242312103676,-0.00030511909200812477,0.0009426518200135634
2024-03-18,30,512.8599853515625,0.1433,0.11201778155362699,0.11383180772175658,-0.0078100877599335304,-0.004036514562392639
2024-03-19,30,515.7100219726562,0.1382,0.10825697215066228,0.11240841551820044,-0.008097828104625225,-0.005145479122782218
2024-03-20,30,520.47998046875,0.1304,0.10242340381080185,0.11197949174628859,-0.006217261483146757,-0.0046560567021709555
2024-03-21,29,522.2000122070312,0.1292,0.10114107521797654,0.11329076764892478,-0.0054988662927841735,-0.004352698370858873
2024-03-22,28,521.2100219726562,0.1306,0.10189936389967057,0.11509232497220509,-0.006365052098243007,-0.005024501327633942
2024-03-25,30,519.77001953125,0.1319,0.10347858531008021,0.12242690594509466,-0.00714028594147595,-0.005169831316759629
2024-03-26,30,518.8099975585938,0.1324,0.10382376761591894,0.12297569217818918,-0.007471734821970802,-0.0053885088889864
2024-03-27,30,523.1699829101562,0.1278,0.10018996044150999,0.12390596613921616,-0.006094494353358675,-0.004540138494947742
2024-03-28,29,523.0700073242188,0.1301,0.10180250630350056,0.12602234638644577,-0.006238367805906868,-0.0046559717771448945
2024-04-01,30,522.1599731445312,0.1365,0.10664435559321746,0.1367419312803286,-0.006664100287330564,-0.004888710786333891
2024-04-02,30,518.8400268554688,0.1461,0.11387101871437537,0.1387729026857174,-0.005893114466302352,-0.005192781524570595
2024-04-03,30,519.4099731445312,0.1433,0.11201911889937248,0.14522285631772813,-0.006800552723585921,-0.0060291412941615285
2024-04-04,29,513.0700073242188,0.1635,0.12726582380633883,0.14113312186493418,-0.004347608528813599,-0.004533170758033698
2024-04-05,28,518.4299926757812,0.1603,0.12453425116500448,0.13864332549458674,-0.002790155564429547,-0.0022830717124417417
2024-04-08,30,518.719970703125,0.1519,0.11844041436398993,0.13869330389425488,-0.0003526745663011384,-0.0014685921083499504
2024-04-09,30,519.3200073242188,0.14980000000000002,0.11675542429234818,0.14007561753818853,-0.0011107041554477828,-0.0028240892972577285
2024-04-10,30,514.1199951171875,0.158,0.12336333542453684,0.13568033009688213,-0.003714611446563694,-0.002005076679053312
2024-04-11,29,518.0,0.1491,0.11653522692458877,0.13539745064351397,-0.0014509903318455702,-0.0008396114051686315
2024-04-12,28,510.8500061035156,0.17309999999999998,0.13487385963610973,0.12833102153984308,-0.0007967827839793303,0.0011074147665914432
2024-04-15,30,504.4500122070313,0.1923,0.1495981320779035,0.12463979654110223,0.0021813973963389997,0.004305080932903965
2024-04-16,30,503.5299987792969,0.184,0.1428002361833209,0.12468419169713044,8.753395196472552e-05,0.0021403622427216815
2024-04-17,30,500.5499877929688,0.1821,0.14148466622971442,0.12305516643120189,-0.0008588740799125443,0.0011498639355413975
2024-04-18,29,499.5199890136719,0.18,0.14118188420763822,0.12494530181055216,-0.0015718244248265915,0.0004196389200862468
2024-04-19,28,495.1600036621094,0.18710000000000002,0.14487492164313975,0.12315447059667636,-0.0012245190394027518,0.0006972719837729813
2024-04-22,30,499.7200012207031,0.16940000000000002,0.1334981843488798,0.11542864197340902,-0.0025296074142988297,-0.0007077854743044418
2024-04-23,30,505.6499938964844,0.15689999999999998,0.1219356069319922,0.11083544357594707,-0.002433104949079985,-0.0007935746451480204
2024-04-24,30,505.4100036621094,0.1597,0.12422129887620062,0.1131851295443033,-0.002439955354663632,-0.000808986099976195
2024-04-25,29,503.489990234375,0.1537,0.11950615704367505,0.11432538468577254,-0.003730516678774205,-0.0020692888430299244
2024-04-26,28,508.260009765625,0.1503,0.1168197414838489,0.11125672350568927,-0.0028156185595606654,-0.0013734461453981507
2024-04-29,30,510.05999755859375,0.1467,0.11422257224810536,0.10957893383421229,-0.003586939571869578,-0.002140444919217138
2024-04-30,30,501.9800109863281,0.1565,0.12262488213184476,0.09718167705130923,-0.0011538085158079752,0.00022560690269694974
2024-05-01,30,500.3500061035156,0.1539,0.11978937635273347,0.10156665479402555,-0.0018427452340384883,-0.0004965762776142735
2024-05-02,29,505.0299987792969,0.14679999999999999,0.11576409823806456,0.09788047255434913,-0.0010718563197268166,0.00022641957858285085
2024-05-03,28,511.2900085449219,0.1349,0.10513475953182998,0.08913157854287349,0.00036961119281078757,0.0015408452011122082
2024-05-06,30,516.5700073242188,0.1349,0.10957932612557138,0.08861300234468063,0.001853844270354104,0.0033036421101879055
2024-05-07,30,517.1400146484375,0.1323,0.10370391243794508,0.08852949067187547,0.000765983135535056,0.0020760387065762447
2024-05-08,30,517.1900024414062,0.13,0.10201433602030699,0.08863046379309293,0.0001792052193256682,0.0013552952301004281
2024-05-09,29,520.1699829101562,0.12689999999999999,0.09932399424283996,0.08781103292559816,0.00022468189101355784,0.0010647518040587324
2024-05-10,28,520.8400268554688,0.1255,0.09818909144638924,0.08924438652605444,-0.00027942004156754737,0.00043361520620143943
2024-05-13,30,520.9099731445312,0.136,0.10638463310137046,0.09183438293278048,-5.698662995655851e-06,0.0011671345604758027
2024-05-14,30,523.2999877929688,0.13419999999999999,0.10503281988248225,0.09070737794084642,0.0002485462125906272,0.0015577801601593983
2024-05-15,30,529.780029296875,0.1245,0.09771405523771697,0.07993460345330429,0.0022747541847677557,0.003620448887211832
2024-05-16,29,528.6900024414062,0.1242,0.09740258541360867,0.08097208337296151,0.0016087859351267058,0.0029522468036885193
2024-05-17,28,529.4500122070312,0.1199,0.09373048940375514,0.08224195127120008,0.0006354682263007344,0.0019496810829954907
2024-05-20,29,530.0599975585938,0.1215,0.095494558608956,0.08594083066857919,-0.00010312561034428131,0.0012956495035184041
2024-05-21,30,531.3599853515625,0.1186,0.09350518114541735,0.08459703828944758,-0.0006529507368807091,0.0008921334181046537
2024-05-22,30,529.8300170898438,0.1229,0.09673306459634595,0.0854912986226165,-0.00044477897467742677,0.0010527060466631638
2024-05-23,29,525.9600219726562,0.1277,0.10008469567613162,0.08297201894164362,1.70792166409289e-05,0.0013247605262769707
2024-05-24,28,529.4400024414062,0.1193,0.09344094996585815,0.0810142673622224,-0.00030732503991174004,0.0010427438819898345
2024-05-28,30,529.8099975585938,0.1292,0.10151940549261967,0.08048385492968632,-4.7200543797993054e-05,0.00142837537744905
2024-05-29,30,526.0999755859375,0.14279999999999998,0.11165932592046691,0.07788446887752884,0.0009571144989299564,0.002409793912577437
2024-05-30,29,522.6099853515625,0.1447,0.112946490136376,0.07561479567159869,0.000526279442243386,0.001901997087264174
2024-05-31,28,527.3699951171875,0.1292,0.10084469264537989,0.06964297261189628,0.0007983424911857174,0.0020989922594800065
2024-06-03,30,527.7999877929688,0.1311,0.10294309027748369,0.07320313791031578,0.0004636136088541516,0.0018386493792866192
2024-06-04,29,528.3900146484375,0.1316,0.10317490698819759,0.07434897951773455,0.0003030925231649391,0.0016780083616047227
2024-06-05,30,534.6699829101562,0.1263,0.09917850323857305,0.06361885580837677,0.003966972107391053,0.005390944763706347
2024-06-06,29,534.6599731445312,0.1258,0.09881769105097725,0.0647064023106372,0.0035462071851728094,0.004954524114859022
2024-06-07,28,534.010009765625,0.1222,0.09614435108525403,0.06570512445467608,0.0025193714925144336,0.003899243660924024
2024-06-10,30,535.6599731445312,0.1274,0.10017170228152718,0.07156028124719041,0.002708437307898753,0.004157077877591096
2024-06-11,30,536.9500122070312,0.1285,0.10087479778891009,0.07721992606440856,0.0029193353985722224,0.004407362333231499
2024-06-12,30,541.3599853515625,0.1204,0.09484697703468654,0.07503290251727757,0.0038950160457781953,0.005401439193564113
2024-06-13,29,542.4500122070312,0.11939999999999999,0.09378884552296031,0.07598123527812997,0.0037404151995312244,0.005225064137277358
2024-06-14,28,542.780029296875,0.1266,0.09913827082973897,0.07729495462279655,0.004365117562121014,0.005855804215118614
2024-06-17,30,547.0999755859375,0.1275,0.10037307018860257,0.08805997394691675,0.004045673365034718,0.005534006558353603
2024-06-18,30,548.489990234375,0.12300000000000001,0.09703751509995734,0.09165324444722918,0.0031358370123842406,0.004600813723955285
2024-06-20,29,547.0,0.1328,0.10415975392583078,0.0956847739750878,0.004012602601364085,0.004732018794182499
2024-06-21,28,544.510009765625,0.132,0.1030613357256104,0.09597503248706456,0.003137209960204748,0.0044677648587052865
2024-06-24,30,542.739990234375,0.1333,0.10447228523200147,0.1271670180735162,-0.005315700856777273,0.002409621158904487
2024-06-25,30,544.8300170898438,0.1284,0.10108199409619657,0.12776442782136277,-0.014187398599705504,-0.0006256513093867899
2024-06-26,30,545.510009765625,0.1255,0.09878906116774272,0.13346912290886595,-0.015799621360783406,-0.00447015613642171
2024-06-27,29,546.3699951171875,0.12240000000000001,0.09613684306206666,0.13563573188078756,-0.018598018482094743,-0.006569946756536808
2024-06-28,28,544.219970703125,0.1244,0.09730427066320309,0.1373005214820947,-0.0140968631629885,-0.0035925192822441835
2024-07-01,30,545.3400268554688,0.1222,0.09603191338784031,0.14499806231876167,-0.029592401754501303,-0.016956345118492557
2024-07-02,30,549.010009765625,0.12029999999999999,0.09481549379756032,0.15149891060244122,-0.03642296620230295,-0.025321583798640256
2024-07-03,30,551.4600219726562,0.1209,0.09514688063379739,0.16434142881340358,-0.02802611117081713,-0.024795335337638568
2024-07-05,28,554.6400146484375,0.12480000000000001,0.09772461585779128,0.16883800548983166,-0.019772951701028184,-0.02060831954792843
2024-07-08,30,555.280029296875,0.12369999999999999,0.09745315103286702,0.19695185099949494,-0.022038487751249353,-0.021561211878249602
2024-07-09,30,555.8200073242188,0.1251,0.09850027347522564,0.2124461493927554,-0.02155278921648716,-0.021163947529146167
2024-07-10,30,561.3200073242188,0.1285,0.10107669604989379,0.21021243361156058,-0.013891613682852478,-0.014155782350444988
2024-07-11,29,556.47998046875,0.1292,0.1012144177773706,0.21158717237258487,-0.01865842431243217,-0.01842080931221925
2024-07-12,28,559.989990234375,0.1246,0.097492968462035,0.2141323370056997,-0.014818111361860195,-0.015170072863181498
2024-07-15,30,561.530029296875,0.13119999999999998,0.10300764486563889,0.21462847489305867,-0.014933643809085162,-0.014950382364946333
2024-07-16,30,564.8599853515625,0.1319,0.10337722245382694,0.2217073436618321,-0.012239585124944547,-0.012280954174063122
2024-07-17,30,556.9400024414062,0.1448,0.11322272886834524,0.21630838686594211,-0.01525274498119577,-0.015084237050977096
2024-07-18,29,552.6599731445312,0.1593,0.12403450678803382,0.2182972229196487,-0.019183932311216945,-0.017047839190545967
2024-07-19,28,548.989990234375,0.16519999999999999,0.12847997760240662,0.22085496158415824,-0.027425434364407215,-0.023220362325513746
2024-07-22,30,554.6500244140625,0.1491,0.11678829906072717,0.213359414752349,-0.01915838933765109,-0.0169629661788691
2024-07-23,30,553.780029296875,0.1472,0.11495584864061739,0.21505263715998396,-0.020830410105282235,-0.019449464577789805
2024-07-24,30,541.22998046875,0.1804,0.14028824738904477,0.2030110551367429,-0.021076941124749882,-0.018405525149064798
2024-07-25,29,538.4099731445312,0.18460000000000001,0.14378735012388277,0.20564815802868344,-0.02123541231753799,-0.01860652069640751
2024-07-26,28,544.4400024414062,0.16390000000000002,0.12922548810451645,0.20538884675652305,-0.021755999406127813,-0.019399021830128097
2024-07-29,30,544.760009765625,0.166,0.1352816569406865,0.19968151842017481,-0.01978378780473933,-0.017492180442608682
2024-07-30,30,542.0,0.1769,0.14638007484711416,0.19889421597969442,-0.017886666357848142,-0.0154583002055898
2024-07-31,30,550.8099975585938,0.1636,0.12744336786614938,0.19363373556537689,-0.01356706375776527,-0.01228077599152962
2024-08-01,29,543.010009765625,0.1859,0.14499051613877684,0.19033331081283777,-0.013936003640630789,-0.011730469313396323
2024-08-02,28,532.9000244140625,0.2339,0.18240215871757826,0.181428276984353,-0.006671254204271867,-0.004429758283727184
2024-08-05,30,517.3800048828125,0.3857,0.30099120276535357,0.1593896257320478,0.012829301710850253,0.014572919438876761
2024-08-06,30,522.1500244140625,0.2771,0.21620371012135403,0.15637290373241383,0.0020021322496371436,0.0034992386498941836
2024-08-07,30,518.6599731445312,0.2785,0.2169760179556523,0.16556094064266902,0.0009550596495027613,0.002410853382075786
2024-08-08,29,530.6500244140625,0.2379,0.1849197015704937,0.14758608050186225,0.0032588800216846806,0.004254381704383916
2024-08-09,28,532.989990234375,0.20370000000000002,0.15793062565512764,0.14935596450404737,-0.00022559788249979277,0.0007578709170040582
2024-08-12,30,533.27001953125,0.2071,0.16144040775937724,0.15434461137752659,-0.0020230275295660075,0.0006729550359449595
2024-08-13,30,542.0399780273438,0.1812,0.14143963086300018,0.146427539904981,-0.0031153002778149122,-0.001524882796081918
2024-08-14,30,543.75,0.16190000000000002,0.12663448067703512,0.14714095206459696,-0.007602847045783054,-0.006105049964508462
2024-08-15,29,553.0700073242188,0.1523,0.11925587806888407,0.13697353782396257,-0.009060612181371048,-0.00799598316118387
2024-08-16,28,554.3099975585938,0.14800000000000002,0.11556229614516152,0.1391633340825274,-0.010533769131416435,-0.009252062952884194
2024-08-19,30,559.6099853515625,0.1465,0.11486118513203433,0.13080315152547814,-0.0013940603035297588,-0.0015416222068882885
2024-08-20,30,558.7000122070312,0.1588,0.12398148375578365,0.1433895895418357,-0.006264754639557235,-0.011623242132139798
2024-08-21,30,560.6199951171875,0.16269999999999998,0.1273555106268594,0.1438639940404083,-0.008064191860138825,-0.009393915983415786
2024-08-22,29,556.219970703125,0.17550000000000002,0.13672546913734057,0.14362836638053977,-0.0027156630104933346,-0.004264769127855223
2024-08-23,28,562.1300048828125,0.1586,0.12314899950355565,0.141101523740951,-0.009162467623157224,-0.009565968516286242
2024-08-26,30,560.7899780273438,0.16149999999999998,0.12610580377238792,0.13692132182263844,-0.00496399419596296,-0.0037215687728687405
2024-08-27,30,561.5599975585938,0.1543,0.12017576764867864,0.13753191130998257,-0.006285381415149551,-0.005055776307266644
2024-08-28,30,558.2999877929688,0.1711,0.13321401502536,0.13611844470855888,-0.003311306471202256,-0.002162064451660787
2024-08-29,29,558.3499755859375,0.1565,0.12180569180880815,0.138445059921406,-0.006982654163972393,-0.005968215516456715
2024-08-30,28,563.6799926757812,0.15,0.11671401388889838,0.13665619343495639,-0.005507503239960081,-0.0040875915123274875
2024-09-03,30,552.0800170898438,0.2072,0.16154629736121495,0.11572409312256957,0.004528337592928569,0.006091954418588315
2024-09-04,30,550.9500122070312,0.2132,0.16562645331548295,0.11973577141793378,0.00464323492406601,0.006200436942371363
2024-09-05,29,549.6099853515625,0.19899999999999998,0.15433667711968538,0.12147586284616273,0.001403802794464934,0.0028523486032706897
2024-09-06,28,540.3599853515625,0.2238,0.17363486029211064,0.10736796094045457,0.0032736102617887705,0.004768824426135818
2024-09-09,30,546.4099731445312,0.1945,0.15132632755658543,0.10914336735996807,0.0023825165569624253,0.0037520261953640963
2024-09-10,30,548.7899780273438,0.19079999999999997,0.14816314295509384,0.10825790521225549,0.0025394768161767626,0.0037849204645702397
2024-09-11,30,554.4199829101562,0.1769,0.13760359684950776,0.10433592188654392,0.003395539382872869,0.0043376530175545805
2024-09-12,29,559.0900268554688,0.1707,0.13269251671714533,0.10186173108548006,0.004134789122253376,0.004874408802176057
2024-09-13,28,562.010009765625,0.1656,0.12851761524774793,0.10194434562907465,0.003732755242454169,0.004441562807521207
2024-09-16,30,562.8400268554688,0.1714,0.13370045290910787,0.10700252571365912,0.003112236538812616,0.004662791795667333
2024-09-17,30,563.0700073242188,0.1761,0.13712632987562834,0.10699345609977175,0.0033103305476285083,0.004990247658146451
2024-09-18,30,561.4000244140625,0.18230000000000002,0.14148473078630827,0.1073293497904122,0.0033332811882110965,0.004964308342404446
2024-09-19,29,570.97998046875,0.16329999999999997,0.12655763540173093,0.09117767701781167,0.005104845814705749,0.0072798689833819845
2024-09-20,28,568.25,0.16149999999999998,0.12472243381029217,0.09116384467323,0.003952248597922648,0.00591133268150385
2024-09-23,30,569.6699829101562,0.1589,0.1234811451956148,0.0935012466992853,0.0035354719011496207,0.005489850934933799
2024-09-24,30,571.2999877929688,0.1539,0.11947304210746591,0.09327346728857787,0.0033140667752246606,0.0052976891893019955
2024-09-25,30,570.0399780273438,0.15410000000000001,0.11968513275524587,0.09296277690542146,0.0027912450723076763,0.004719682792987707
2024-09-26,29,572.2999877929688,0.1537,0.1192911337421748,0.09350415120301173,0.003664444163631009,0.005661265973690227
2024-09-27,28,571.469970703125,0.1696,0.13124251274996948,0.09501482932298926,0.00559430086013335,0.0074767452995826615
2024-09-30,30,573.760009765625,0.1673,0.12981934179603394,0.09214546782979925,0.008447811554467844,0.010337049194986101
2024-10-01,30,568.6199951171875,0.19260000000000002,0.14919471164716241,0.11078942298577582,0.009725134118183685,0.010716655754981843
2024-10-02,30,568.8599853515625,0.18899999999999997,0.14638538542601642,0.11174946182787747,0.006229184715221257,0.010243943291538452
2024-10-03,29,567.8200073242188,0.20489999999999997,0.15883166928904607,0.11347430442982398,0.00829087878134219,0.012142103378023109
2024-10-04,28,572.97998046875,0.19210000000000002,0.14801370324186877,0.1107678000624569,0.00494845188564916,0.008265541812171264
2024-10-07,30,567.7999877929688,0.22640000000000002,0.17531403255781888,0.14000716629214405,0.010184845820148013,0.00792029451997552
2024-10-08,30,573.1699829101562,0.21420000000000003,0.1654545997921757,0.13872913527522127,0.0006076569927778098,-0.0036940632333151394
2024-10-09,30,577.1400146484375,0.2086,0.16200424083680426,0.1374532450191963,-0.0035454720997833817,-0.003997732331577715
2024-10-10,29,576.1300048828125,0.20929999999999999,0.16177055240571273,0.1396648738281136,-0.003527041160244656,-0.004657368673630381
2024-10-11,28,579.5800170898438,0.2046,0.15708728633747154,0.14049293119767575,-0.007014515424802406,-0.005693047923877521
2024-10-14,30,584.3200073242188,0.19699999999999998,0.15244099801391672,0.1332174763330565,-0.0025073793508175886,0.00015345796731038898
2024-10-15,30,579.780029296875,0.2064,0.15997449618512896,0.1323366196046219,-0.0010904120602849513,0.0005973004175613764
2024-10-16,30,582.2999877929688,0.19579999999999997,0.15176764132269602,0.13894626879583816,-0.001688536670820753,-0.0005436485030400803
2024-10-17,29,582.3499755859375,0.1911,0.14721413027914806,0.14132126261607195,-0.0035691978509113332,-0.002305349909627275
2024-10-18,28,584.5900268554688,0.18030000000000002,0.13840742051884591,0.1431531892179554,-0.004883414957591894,-0.004177711208514236
2024-10-21,30,583.6300048828125,0.1837,0.14229201426811208,0.13950120069651495,-0.0011538275238111891,0.0011223270054958384
2024-10-22,30,583.3200073242188,0.182,0.14096664314510376,0.14073345313993396,-0.0018925048992585961,0.0003976903272211184
2024-10-23,30,577.989990234375,0.1924,0.14885578742842467,0.13746724867627186,-0.001750202404398272,0.00019439372083191025
2024-10-24,29,579.239990234375,0.19079999999999997,0.14751797889040488,0.13960706757645727,-0.0020620001888617665,-7.168595888346246e-05
2024-10-25,28,579.0399780273438,0.20329999999999998,0.15732946352972615,0.14207270914906103,-6.207124265199772e-05,0.0018887367234664922
2024-10-28,30,580.8300170898438,0.198,0.15326340972208014,0.13894116614714574,-0.00019177177706284227,0.002195642299622878
2024-10-29,29,581.77001953125,0.1934,0.1501931423487482,0.14119990545914432,-0.0010651501022543555,0.0013459173985767292
2024-10-30,30,580.010009765625,0.20350000000000001,0.15727063715212225,0.14009907653561626,1.1193533959375707e-05,0.002191100857455941
2024-10-31,29,568.6400146484375,0.2316,0.1795231835767064,0.12398134818054357,0.0026633402593730505,0.004349855326745139
2024-11-01,28,571.0399780273438,0.2188,0.1693103385306856,0.12525623681567216,0.0012532717491648148,0.002927962386355027
2024-11-04,30,569.8099975585938,0.2198,0.170380112290382,0.12285959152220674,0.0003943195389193931,0.0021414617950780293
2024-11-05,30,576.7000122070312,0.20489999999999997,0.15845755860958097,0.11562809532765063,0.001685564880031102,0.0036416078583897666
2024-11-06,30,591.0399780273438,0.16269999999999998,0.12615511180527544,0.07793446146797456,0.00743573026482676,0.009270825393652546
2024-11-07,29,595.6099853515625,0.152,0.11763903907716906,0.07440778419367039,0.007980538833460631,0.009415504369464051
2024-11-08,28,598.1900024414062,0.1494,0.1155091858369609,0.074099303077078,0.008457740718503255,0.009604990181908812
2024-11-11,30,598.760009765625,0.1497,0.11622370721240521,0.07923034148123385,0.008768906983325855,0.008963531473059883
2024-11-12,30,596.9000244140625,0.1471,0.11447874256167168,0.08052556483933948,0.006941647074253038,0.00757497837434183
2024-11-13,30,597.1900024414062,0.1402,0.10937584003574592,0.08051072182369699,0.0055744676685085225,0.006254225737340737
2024-11-14,29,593.3499755859375,0.1431,0.11115502204522835,0.07862394927068075,0.004449539184470063,0.005488285029531708
2024-11-15,28,585.75,0.16140000000000002,0.12490005884322404,0.06508567050555909,0.00519766141398115,0.006673253406426506
2024-11-18,30,588.1500244140625,0.1558,0.12109012055001712,0.1237607552353848,-0.0014429591842931417,0.006491056046109187
2024-11-19,30,590.2999877929688,0.1635,0.12670714345918377,0.12310925364650063,-0.00658876916552747,0.008346749661687818
2024-11-20,30,590.5,0.1716,0.1332868015770177,0.12668876721119307,-0.0044416520262589914,0.005530775752594352
2024-11-21,29,593.6699829101562,0.16870000000000002,0.13049375139974495,0.12744690398537417,-0.01089562653519912,0.0017207635385192346
2024-11-22,28,595.510009765625,0.1524,0.11750317931393833,0.12922063189844926,-0.01797440536850029,-0.0033649751517931506
2024-11-25,29,597.530029296875,0.146,0.11307708016658422,0.13403108851823603,-0.018149898253576387,-0.012422935170103018
2024-11-26,30,600.6500244140625,0.141,0.10979297402682425,0.13052045144299357,-0.009013457366210634,-0.009937472361037833
2024-11-27,30,598.8300170898438,0.141,0.10970253470801215,0.13522585563485698,-0.01830954564606988,-0.013690926136416287
2024-11-29,28,602.5499877929688,0.1351,0.10454558475329752,0.13817467036985281,-0.01689958497525748,-0.018256890846268654
2024-12-02,29,603.6300048828125,0.1334,0.10398797782726427,0.14219232754422673,-0.016302964500356454,-0.015682272905189587
2024-12-03,30,603.9099731445312,0.133,0.10363913591410412,0.14005611834911716,-0.016008667285875553,-0.015066535330143271
2024-12-04,30,607.6599731445312,0.13449999999999998,0.10474196388352515,0.14501053263497377,-0.012582450696427676,-0.01319654534645543
2024-12-05,29,606.6599731445312,0.1354,0.10508659003467485,0.14737373550918897,-0.013583394181348884,-0.013774495655745941
2024-12-06,28,607.8099975585938,0.1277,0.09923551601866133,0.14982637055298434,-0.014289206121643912,-0.01550206770958144
2024-12-09,30,604.6799926757812,0.1419,0.11066531105695303,0.15042237513728074,-0.012799293538482706,-0.01199683303652467
2024-12-10,29,602.7999877929688,0.1418,0.11035277059142085,0.15259451283276404,-0.013774264627866526,-0.01281230171592179
2024-12-11,30,607.4600219726562,0.1358,0.10623459543439605,0.15705820108450638,-0.012740701559435932,-0.012520521629466546
2024-12-12,29,604.3300170898438,0.1392,0.10832877488534672,0.1586883367326567,-0.013609701541409582,-0.012792902016774571
2024-12-13,28,604.2100219726562,0.1381,0.10705373942164524,0.1614956064214131,-0.014391483950633728,-0.013592781955537462
2024-12-16,30,606.7899780273438,0.1469,0.11448214137047104,0.16771122657739132,-0.012890745518404918,-0.012040346857790643
2024-12-17,30,604.2899780273438,0.15869999999999998,0.12334655803715022,0.16722667641407066,-0.011878094674690592,-0.010355441525285154
2024-12-18,30,586.280029296875,0.2762,0.21239076524698522,0.1343160721462867,0.017994227216140614,0.01988073252457422
2024-12-19,29,586.0999755859375,0.2409,0.18662722271409649,0.13660789351008537,0.009932885806448797,0.011705998337009783
2024-12-20,28,591.1500244140625,0.18359999999999999,0.1418708978345563,0.13553112822640856,-0.004295036363794572,-0.0003887687639334227
2024-12-23,30,594.6900024414062,0.1678,0.1302935257120944,0.13454700488316176,-0.004527272747044879,-0.0006437317828847591
2024-12-24,30,601.2999877929688,0.1427,0.11082928316517611,0.13029507800010637,-0.004957000300272807,-0.0028463660946312155
2024-12-26,29,601.3400268554688,0.14730000000000001,0.11402590461922618,0.13292755388554095,-0.005065793743318767,-0.0029449161001523683
2024-12-27,28,595.010009765625,0.1595,0.12307742036130381,0.1297728288768627,-0.005102327468192534,-0.0019279508823101098
2024-12-30,30,588.219970703125,0.174,0.13477636598385304,0.13312071604815925,-0.0021648776262140814,-0.0004872922051431498
2024-12-31,30,586.0800170898438,0.17350000000000002,0.13467320359684723,0.1338211832670074,-0.00269202818266338,-0.0010170426606839209
2025-01-02,29,584.6400146484375,0.1793,0.13885270512633455,0.1371416939002864,-0.0027455685842530083,-0.001147962452228311
2025-01-03,28,591.9500122070312,0.1613,0.12425841091039624,0.1321620275355075,-0.004128699161254431,-0.0025654924418575444
2025-01-06,30,595.3599853515625,0.1604,0.12446039898186721,0.13114385033161788,-0.0020096037851266607,-0.0007090859907045114
2025-01-07,30,588.6300048828125,0.1782,0.13784053848166036,0.12558956249400746,0.0005351571292945068,0.0015567334641732248
2025-01-08,30,589.489990234375,0.177,0.13690443392093538,0.12952078411801957,0.00022102409912252193,0.001364199864271437
2025-01-10,28,580.489990234375,0.1954,0.15110429150685004,0.12201757897809576,0.001544958728245459,0.0026057157038266864
2025-01-13,30,581.3900146484375,0.19190000000000002,0.14876393679928546,0.1206548313006329,0.0005292620894154613,0.0020998847321509508
2025-01-14,30,582.1900024414062,0.18710000000000002,0.14471255937710129,0.1260020636785737,-0.00026729094271667544,0.001357696619285957
2025-01-15,30,592.780029296875,0.1612,0.12479513887120654,0.10919213665912735,0.0019524334551276243,0.003621773476656723
2025-01-16,29,591.6400146484375,0.166,0.12821606779587583,0.11084862351362347,0.0019611629637533937,0.0036625460599192857
2025-01-17,28,597.5800170898438,0.1597,0.12339982131028784,0.10688934863899337,0.002639775774167981,0.0038242351944682237
2025-01-21,30,603.0499877929688,0.1506,0.11721264805643863,0.10018393936098864,0.003042826528289929,0.005113017221524004
2025-01-22,30,606.4400024414062,0.151,0.11760692356804013,0.11522026144176133,-0.009957285373832715,-0.0028336472738322966
2025-01-23,29,609.75,0.1502,0.11652467195706177,0.11558796223529944,-0.006987976879665412,-0.009466027086175608
2025-01-24,28,607.969970703125,0.1485,0.11519642432695688,0.11715938971994931,-0.01058160590843664,-0.007625878047356771
2025-01-27,30,599.3699951171875,0.179,0.13867405860004886,0.10440538029244958,0.0085134103286148,0.010957671770563098
2025-01-28,30,604.52001953125,0.1641,0.12727645233673635,0.11471683284233397,0.003009382861319568,0.005387020442178921
2025-01-29,30,601.8099975585938,0.1656,0.1282786900491949,0.12582419447974222,0.0021603825393055848,0.0028380108618986585
2025-01-30,29,605.0399780273438,0.15839999999999999,0.12285552228740114,0.12655840265971843,0.0010920480358804106,0.0027787197608313335
2025-01-31,28,601.8200073242188,0.1643,0.1271070411211407,0.12734945625188637,0.0015981674991645282,0.0022344034592711465
2025-02-03,30,597.77001953125,0.1862,0.14428780271004601,0.14662393773691454,-0.005426826319636364,-0.0019174014156711616
2025-02-04,30,601.780029296875,0.1721,0.13327654818268356,0.1576630760691886,-0.0052831727578301485,-0.002703945498303394
2025-02-05,30,604.219970703125,0.1577,0.12226975674980986,0.1582356480946203,-0.006155970701354724,-0.004234890318870951
2025-02-06,29,606.3200073242188,0.155,0.12013374917015031,0.16046932457273205,-0.005388463823595527,-0.003835315215523401
2025-02-07,28,600.77001953125,0.1654,0.12769526371912368,0.15989917610784848,-0.007434440124026344,-0.004993248562567776
2025-02-10,30,604.8499755859375,0.15810000000000002,0.12272519116899451,0.1826522557033873,-0.007612711847886006,-0.005931934289691687
2025-02-11,30,605.3099975585938,0.1602,0.12418748205960109,0.1885365562025009,-0.007836145345880367,-0.006230426232737762
2025-02-12,30,603.3599853515625,0.1589,0.12338348011937444,0.2012589749553837,-0.009635486916523392,-0.008181822638214278
2025-02-13,29,609.72998046875,0.151,0.11681782038396749,0.2012801422133625,-0.005976960320629619,-0.004607014250781925
2025-02-14,28,609.7000122070312,0.1477,0.114110547684749,0.204842822327049,-0.006623222294772917,-0.0053075637034211524
2025-02-18,30,611.489990234375,0.1535,0.11936635184164963,0.20674386968846473,-0.008333666723048788,-0.007044227256327179
2025-02-19,30,612.9299926757812,0.1527,0.11842140124740685,0.2067914394567136,-0.008309881717573245,-0.007042223262135327
2025-02-20,29,610.3800048828125,0.1566,0.12109451039903095,0.20980590942616748,-0.009495700731205889,-0.008269474586874524
2025-02-21,28,599.9400024414062,0.1821,0.1404645373042618,0.20423207362279341,-0.010421852345894047,-0.0094833857824362
2025-02-24,30,597.2100219726562,0.1898,0.1468820184932377,0.21055951103461656,-0.01244556685423118,-0.011167662864789022
2025-02-25,30,594.239990234375,0.1943,0.1499190628806037,0.21004506580876298,-0.01316304996089895,-0.011887984880314012
2025-02-26,30,594.5399780273438,0.191,0.14740555890872423,0.22170089225266776,-0.013904029383982984,-0.012701920401600609
2025-02-27,29,585.0499877929688,0.2113,0.16292885650150463,0.21814552018801464,-0.011352164018129149,-0.010343461683586963
2025-02-28,28,594.1799926757812,0.1963,0.15154950515025845,0.21485169134561638,-0.009899864872696455,-0.008806025948238852
2025-03-03,30,583.77001953125,0.2278,0.1756545633237012,0.20101838381533418,-0.00801648212417123,-0.0071778884602309205
2025-03-04,30,576.8599853515625,0.2351,0.18116095993389641,0.2641140946059662,-0.0072090442255339175,-0.012987176262535611
2025-03-05,30,583.0599975585938,0.2193,0.1688870534580617,0.33562457631325887,-0.008888155689890325,-0.010411180706179643
2025-03-06,29,572.7100219726562,0.2487,0.19160568452134463,0.3353962054740638,-0.0129213146416565,-0.039117302561554865
2025-03-07,28,575.9199829101562,0.23370000000000002,0.18008636139157994,0.3407358359163841,-0.010067645523203803,-0.026922117061819927
2025-03-10,30,560.5800170898438,0.2786,0.214685947952612,0.47317797782102455,-0.027763939426250352,-0.035523236494776074
2025-03-11,30,555.9199829101562,0.2692,0.20743106355604074,0.4974709583060947,-0.04511080670655603,-0.07380192866776253
2025-03-12,30,558.8699951171875,0.24230000000000002,0.19455245371468544,0.5009411256840295,-0.04416441788996351,-0.065001353456431
2025-03-13,29,551.4199829101562,0.2466,0.19746094459350755,0.5072754735153758,-0.07483617378568588,-0.09472440972992686
2025-03-14,28,562.8099975585938,0.2177,0.17164441141063946,0.5109497200632223,-0.03468102385125292,-0.049315892361719224
2025-03-17,30,567.1500244140625,0.2051,0.15775709471375898,0.5003244993899075,-0.03689371843693884,-0.051309144776682754
2025-03-18,30,561.02001953125,0.217,0.16639521959738995,0.49891129767782916,-0.05249617266712909,-0.06371266585056198
2025-03-19,29,567.1300048828125,0.19899999999999998,0.15261428875544278,0.5059831141789679,-0.03742240855120071,-0.051814664217437585
2025-03-20,28,565.489990234375,0.198,0.15182599533516683,0.5148330978646162,-0.04166312829179643,-0.05637502064314719
2025-03-21,27,563.97998046875,0.1928,0.14760155310024492,0.5241881830983977,-0.04601840527829125,-0.061318405859474165
2025-03-24,30,574.0800170898438,0.1748,0.13433244837956917,0.5112992566463037,-0.028656355540767592,-0.040812290271492226
2025-03-25,30,575.4600219726562,0.17149999999999999,0.1323411087733813,0.5163680958941537,-0.027344745427882657,-0.03903569546924221
2025-03-26,30,568.5900268554688,0.1833,0.1410960023535371,0.5152782408338329,-0.04101059868441433,-0.05155141837747878
2025-03-27,29,567.0800170898438,0.1869,0.14396867303471794,0.5240021335263965,-0.04510445035682698,-0.0546349899430915
2025-03-28,28,555.6599731445312,0.2165,0.1667162382093464,0.5281945390588494,-0.07276502529515295,-0.06496839506855942
2025-03-31,30,559.3900146484375,0.2228,0.17076869950832899,0.5102245023602886,-0.06224438201977743,-0.053655926039191316
2025-04-01,30,560.969970703125,0.2177,0.16675996280148697,0.5107240185763384,-0.05841649628053897,-0.053552155367185
2025-04-02,30,564.52001953125,0.2151,0.16625255510238138,0.5128318384071633,-0.05738120112974173,-0.0537011501249179
2025-04-03,29,536.7000122070312,0.3002,0.2306389287185659,0.48981720227332104,-0.08361156174314383,-0.06071356181614944
2025-04-04,28,505.2799987792969,0.4531,0.3490458468788252,0.4483845217183938,-0.03550491664015065,-0.03676805596975174
2025-04-07,30,504.3800048828125,0.4698,0.35954272865789555,0.4348339647362681,-0.031331273448499,-0.03203314327303651
2025-04-08,30,496.4800109863281,0.5233,0.4119251377236139,0.43201271844738376,-0.019540832739204195,-0.020827093578463993
2025-04-09,30,548.6199951171875,0.3362,0.2587928562454087,0.25558113702710195,0.005098503599218666,0.0074971136246260416
2025-04-10,29,524.5800170898438,0.4072,0.32813852220512274,0.20567958216130686,0.01529035578578026,0.01737122763063511
2025-04-11,28,533.9400024414062,0.37560000000000004,0.29943426155185315,0.19934311933268756,0.014629500445581567,0.016782817118379777
2025-04-14,30,539.1199951171875,0.3089,0.23700316426106596,0.22217731743189084,0.0014437541016939612,0.0031291791558900176
2025-04-15,30,537.6099853515625,0.3012,0.23065929944000116,0.2226115293521674,-0.001121861426364055,0.0005522719304096783
2025-04-16,30,525.6599731445312,0.3264,0.250345988119742,0.20950697397859394,0.0016256225016369832,0.003293354989417756
2025-04-17,29,526.4099731445312,0.2965,0.23212354860826515,0.21302850662791767,-0.001844999628927925,-0.0002499961379059326
2025-04-21,30,513.8800048828125,0.3382,0.27813098868034447,0.2011811312856083,0.0012884555198026542,0.002958789335326311
2025-04-22,30,527.25,0.3057,0.25154030859747734,0.1801364384347609,0.0034637257458232946,0.0049521189309530604
2025-04-23,30,535.4199829101562,0.2845,0.23258901725349374,0.17361794938355476,0.0029869714690226056,0.004267854641349094
2025-04-24,29,546.6900024414062,0.2647,0.21095909885714764,0.16037878142803164,0.0031957570715612127,0.004174590900335891
2025-04-25,28,550.6400146484375,0.2484,0.18981822064675327,0.16113449233772165,0.0001816524838312622,0.000703052684946761
2025-04-28,30,550.8499755859375,0.2515,0.19478844203919946,0.17260629284055037,-0.001215476001327115,2.4518554270868645e-05
2025-04-29,30,554.3200073242188,0.24170000000000003,0.1851456267481539,0.17176142302214822,-0.002971333849490727,-0.0016063774897994824
2025-04-30,30,554.5399780273438,0.247,0.18949159694882314,0.17180020205340515,-0.003091898222687246,-0.0014212679004180664
2025-05-01,29,558.469970703125,0.24600000000000002,0.1887123753630431,0.1729317514839542,-0.0036416266703034636,-0.0015551496118132006
2025-05-02,28,566.760009765625,0.2268,0.17329818075447806,0.16775900595059962,-0.005380026888317343,-0.0026974129145665906
2025-05-05,30,563.510009765625,0.2364,0.18121469675658353,0.16322584927883824,-0.004026242955463024,-0.0015555640865041053
2025-05-06,30,558.7999877929688,0.24760000000000001,0.1901149691670155,0.16146538379769448,-0.003056868817932572,-0.000769127334251149
2025-05-07,30,561.1500244140625,0.23550000000000001,0.18047345813937524,0.16470196893404968,-0.004476207567025699,-0.0022624729280887167
2025-05-08,29,565.0599975585938,0.2248,0.17410039486064346,0.16569644908618658,-0.005197802837704058,-0.002861815550450179
2025-05-09,28,564.3400268554688,0.21899999999999997,0.1764728454332218,0.1685665157627252,-0.0055629250710303,-0.0032455042209577345
2025-05-12,30,582.989990234375,0.1839,0.14157300526625075,0.11898323982625095,0.001699649867831478,0.0036721919296588967
2025-05-13,30,586.8400268554688,0.1822,0.14063294362875878,0.11756401190506037,0.0031750938721499676,0.004848383172489836
2025-05-14,30,587.5900268554688,0.1862,0.1436175734409407,0.1238523427832993,0.003972509564101215,0.0055285940916875165
2025-05-15,29,590.4600219726562,0.1783,0.13751547906956277,0.12477796398444102,0.003584311066535215,0.004890475536788055
2025-05-16,28,594.2000122070312,0.1724,0.13251524861681227,0.12492356525242615,0.004469996513554375,0.004913413263936295
2025-05-19,30,594.8499755859375,0.1814,0.1400884067283837,0.12860105157675317,0.0063700348221350294,0.007097916538562282
2025-05-20,29,592.8499755859375,0.1809,0.13954598722606634,0.13025266102671654,0.003651939627309868,0.005577556389530633
2025-05-21,30,582.8599853515625,0.2087,0.1607385153767145,0.11501550477399702,0.006405804531107836,0.008499422837653595
2025-05-22,29,583.0900268554688,0.2028,0.1559704968412867,0.11697334746853523,0.004942793834029651,0.007008694743626692
2025-05-23,28,579.1099853515625,0.2229,0.17127694686279038,0.11644703837453028,0.00558825078054947,0.007777230993245207
2025-05-27,30,591.1500244140625,0.18960000000000002,0.1462330004962443,0.10435988857057953,0.008016007583193735,0.009854120091649324
2025-05-28,30,587.72998046875,0.1931,0.1487535746184991,0.10382788397095545,0.0071970557566885035,0.009257005076015241
2025-05-29,29,590.0499877929688,0.1918,0.1474155683467849,0.1046738492276955,0.007190344897507361,0.009035912007060422
2025-05-30,28,589.3900146484375,0.1857,0.1426103598448434,0.10644996844093095,0.005546082958248901,0.007430280613068379
2025-06-02,30,592.7100219726562,0.18359999999999999,0.14165728024189267,0.10353382199086317,0.004195946959544455,0.006016988076275622
2025-06-03,30,596.0900268554688,0.1769,0.13638275931280136,0.1052410277173562,0.0035161764594939223,0.005327856721745044
2025-06-04,29,595.9299926757812,0.1761,0.13558385878015142,0.1070359111462664,0.002830968791931305,0.004619694025673097
2025-06-05,28,593.0499877929688,0.1848,0.14192863966261898,0.10751704662636857,0.003284063215061753,0.005089551178075631
2025-06-06,27,599.1400146484375,0.1677,0.12871611095162863,0.10284456610392662,0.002341919663313594,0.0040370643237431
2025-06-09,30,599.6799926757812,0.1716,0.13229948758647606,0.10309558307973643,0.0021543839885402563,0.003759450149776392
2025-06-10,30,603.0800170898438,0.16949999999999998,0.13112557954000764,0.10166758099135388,0.0027749644516319146,0.0041062993866423795
2025-06-11,30,601.3599853515625,0.1726,0.133657189446332,0.10192121009509585,0.00255507672556009,0.003923349651112162
2025-06-12,29,603.75,0.1802,0.13930784897096182,0.10270404117718313,0.00405286217815718,0.0052146683804963215
2025-06-13,28,597.0,0.2082,0.1606928695274422,0.09631734891873554,0.006217654601094484,0.007685514042589883
2025-06-16,30,602.6799926757812,0.1911,0.1476224381510109,0.08927764887770899,0.005914568219383277,0.007334274997453227
2025-06-17,30,597.530029296875,0.21600000000000003,0.16709607232793108,0.08676014005433194,0.00739873212393119,0.008890403129874538
2025-06-18,30,597.4400024414062,0.2014,0.1552893700396657,0.08679617698005217,0.005158356781033629,0.006607811369267707
2025-06-20,28,594.280029296875,0.20620000000000002,0.15879669101965363,0.08777852680706286,0.0036608803919048953,0.0051239994089122805
2025-06-23,30,600.1500244140625,0.19829999999999998,0.15327005801281296,0.08326496408489015,0.005094521524222408,0.006630634675261973
2025-06-24,30,606.780029296875,0.1748,0.13495850590032804,0.07393095584080636,0.00590180719173369,0.007432750539213971
2025-06-25,30,607.1199951171875,0.16760000000000003,0.12959585074394103,0.07535362059004692,0.004843200813355386,0.006339271391392725
2025-06-26,29,611.8699951171875,0.1659,0.1279615416567355,0.07148092140581366,0.0068719614840618524,0.00835705809293712
2025-06-27,28,614.9099731445312,0.1632,0.12557163491907364,0.0705111177775087,0.0076950857033711165,0.009118167425014052
2025-06-30,30,617.8499755859375,0.1673,0.12934085799072503,0.06684693229575439,0.008080076610526813,0.009629251562416046
2025-07-01,30,617.6500244140625,0.16829999999999998,0.13015035915569814,0.06811085132799016,0.007731551267373801,0.00924679673057205
2025-07-02,30,620.4500122070312,0.1664,0.12869582479909322,0.08782420155247685,0.00884556617094966,0.009792994132931495
2025-07-03,29,625.3400268554688,0.1638,0.12624102341428053,0.08487264522494405,0.0019193605750685483,0.008730325042645048
2025-07-07,30,620.6799926757812,0.1779,0.1375632788294439,0.10036953588588388,0.003178634574265837,0.005938749477063426
2025-07-08,30,620.3400268554688,0.1681,0.1297559386891967,0.10039389920787188,0.0009815822209517666,0.003641695043199353
2025-07-09,30,624.0599975585938,0.1594,0.12362890583882209,0.101872746381704,0.0005194093964544013,0.002623950027915434
2025-07-10,29,625.8200073242188,0.1578,0.1217565138441283,0.10313143680820704,8.813066168874604e-05,0.0019226619873947872
2025-07-11,28,623.6199951171875,0.16399999999999998,0.1263773823629509,0.10418391945314641,0.0005048132896129072,0.002592027221268798
2025-07-14,30,624.8099975585938,0.172,0.13323841130981479,0.10789165156226029,0.002980234555248856,0.004381372161424192
2025-07-15,30,622.1400146484375,0.17379999999999998,0.1343263385001302,0.10685310918301405,0.0021198718403902285,0.0037416038153764756
2025-07-16,30,624.219970703125,0.1716,0.13255201304194952,0.10653121854681445,0.0019074628499270326,0.0032977765358430514
2025-07-17,29,628.0399780273438,0.16519999999999999,0.12738811775699493,0.10616852429308715,0.0015166024221062503,0.0025709751401284072
2025-07-18,28,627.5800170898438,0.1641,0.12603952391749018,0.1080153744277021,0.0006139079921318195,0.001683239052925759
2025-07-21,30,628.77001953125,0.16649999999999998,0.12882263611189612,0.10626655928054936,0.00172751473576699,0.003061478117085064
2025-07-22,30,628.8599853515625,0.165,0.1275564228783208,0.10718648349231504,0.0018345134559183886,0.002877680148105139
2025-07-23,30,634.2100219726562,0.1537,0.11912454476561682,0.11593794100414265,-0.0033136167627570495,-0.0073497738883995176
2025-07-24,29,634.4199829101562,0.1539,0.11921780156593056,0.11791408241844568,-0.003953282742266546,-0.007845553669106806
2025-07-25,28,637.0999755859375,0.1493,0.11530195294496345,0.11903214201020276,-0.008039088200688778,-0.007916004302829332
2025-07-28,30,636.9400024414062,0.1503,0.11650438487116357,0.11719824631565633,-0.0016325848009837388,-0.0009007406791946948
2025-07-29,30,635.260009765625,0.1598,0.12380489273738188,0.11748452070569504,-0.000113189560977097,0.0005888338278916386
2025-07-30,30,634.4600219726562,0.1548,0.1201937420518755,0.11924182028706892,-0.0016673467610165149,-0.0009322134486588108
2025-07-31,29,632.0800170898438,0.1672,0.12942881096815545,0.12054514679415347,-0.0002918093173207461,0.0003685563364117908
2025-08-01,28,621.719970703125,0.20379999999999998,0.15701558258100767,0.10719068726555647,0.004151705126256671,0.004990242567535505
2025-08-04,30,631.1699829101562,0.1752,0.13551259469504442,0.09478176648144619,0.006825712051246203,0.006923680229516192
2025-08-05,30,627.969970703125,0.17850000000000002,0.13768381718024705,0.0975294907044728,0.005427370766071025,0.005820617640056385
2025-08-06,30,632.780029296875,0.1677,0.12962493695846064,0.09437136270682843,0.006125604973660239,0.00632417613957094
2025-08-07,29,632.25,0.16570000000000001,0.1279586785743856,0.09593861571406981,0.005081930424702791,0.005266612368276809
2025-08-08,28,637.1799926757812,0.1515,0.11684722122372011,0.09352264121478793,0.004186037772219379,0.004420485982756833
2025-08-11,30,635.9199829101562,0.1625,0.12587975519977337,0.09140689725873334,0.005056369114880742,0.006372732272764445
2025-08-12,30,642.6900024414062,0.14730000000000001,0.11436116535342833,0.0884539714609065,0.006305980317544658,0.00794919756801297
2025-08-13,30,644.8900146484375,0.1449,0.11295386666391528,0.0876549321425439,0.005816512844912538,0.007408485360928425
2025-08-14,29,644.9500122070312,0.1483,0.11526191542198748,0.08915280467806014,0.005978520708522968,0.007550066613052215
2025-08-15,28,643.4400024414062,0.1509,0.11696438415703818,0.0903352834336824,0.005730802143658303,0.00724040888558141
2025-08-18,30,643.2999877929688,0.1499,0.11652390465160842,0.0894471006559542,0.0034508636701907104,0.005438777733283498
2025-08-19,30,639.8099975585938,0.1557,0.12085800396230476,0.08891080076067802,0.003471565092725249,0.005168860829001373
2025-08-20,30,638.1099853515625,0.15689999999999998,0.12187183864661469,0.08874910516233726,0.0029119713058982028,0.0044984985935830925
2025-08-21,29,635.5499877929688,0.166,0.12878380265103456,0.08913256689293239,0.0031849327554560017,0.004663610638453921
2025-08-22,28,645.3099975585938,0.1422,0.109931981638231,0.07211573142505916,0.004612932415577795,0.006426236862255909
2025-08-25,30,642.469970703125,0.1479,0.11483116976113422,0.07331006227523024,0.003984679156932123,0.005738040779786727
2025-08-26,30,645.1599731445312,0.1462,0.11364709229254172,0.07363507830810168,0.004302750111850236,0.006170774511503492
2025-08-27,30,646.6300048828125,0.1485,0.11525734500727039,0.07586938693957127,0.004784820581306682,0.006627106591873089
2025-08-28,29,648.9199829101562,0.14429999999999998,0.11182305505152844,0.07614039039369563,0.004667181449110322,0.0064715933882432
2025-08-29,28,645.0499877929688,0.1536,0.11844600527320437,0.07441770917780241,0.004569301303257101,0.0063492582136038655
2025-09-02,30,640.27001953125,0.17170000000000002,0.13284158409389485,0.0701459294333022,0.004689226925523743,0.00659825083439478
2025-09-03,30,643.739990234375,0.1635,0.12651893894392502,0.06756499583606738,0.005016677827089619,0.006936437151377855
2025-09-04,29,649.1199951171875,0.153,0.11825202879568074,0.062053466358682606,0.006203082859685811,0.008117911833299693
2025-09-05,28,647.239990234375,0.1518,0.11682433075790241,0.0622775382484554,0.0048789901182149705,0.006750146136235823
2025-09-08,30,648.8300170898438,0.15109999999999998,0.11707521055186307,0.06557830016621838,0.004705980010317971,0.006602756239923563
2025-09-09,30,650.3300170898438,0.15039999999999998,0.11644882826656756,0.06586383442613801,0.004914395739973339,0.006827720716864656
2025-09-10,30,652.2100219726562,0.1535,0.11925880034243704,0.11563186850913271,0.0059241881596401764,0.007829577353860409
2025-09-11,29,657.6300048828125,0.1471,0.1140513789638385,0.11388487642853193,-0.006183507420526644,0.009454374336838663
2025-09-12,28,657.4099731445312,0.1476,0.11407443442037649,0.1158943967336227,-0.006040319146701267,0.008953195157920169
2025-09-15,30,660.9099731445312,0.15689999999999998,0.12150742401086709,0.12357644315771517,-0.006620834411866209,-0.00020724110346845428
2025-09-16,30,660.0,0.1636,0.12664195961353922,0.1257624372428292,-0.0023950779040400032,0.00021137345752952555
2025-09-17,30,659.1799926757812,0.1572,0.121785235611796,0.1272288846633605,-0.0070837941271587644,-0.001001886486988629
2025-09-18,29,662.260009765625,0.157,0.12121039757751696,0.12834274986802213,-0.006096216804107939,-0.002645552792576416
2025-09-19,28,663.7000122070312,0.1545,0.11894245673420865,0.13037884890605808,-0.005743986031442336,-0.004504069050142856
2025-09-22,30,666.8400268554688,0.161,0.12450498904494492,0.13125333398917924,-0.0006029604502987828,-0.0017495564159445845
2025-09-23,30,663.2100219726562,0.1664,0.12873064573859472,0.13149237080623297,-0.003385040289569526,-0.0003482491279165746
2025-09-24,30,661.0999755859375,0.1618,0.12549186973292686,0.13406237905160076,-0.005235299982485353,-0.0018092574876381951
2025-09-25,29,658.0499877929688,0.1674,0.1293299617400522,0.1353637291030522,-0.004869569848185896,-0.0009345256014894991
2025-09-26,28,661.8200073242188,0.15289999999999998,0.11745225133658588,0.13620690158806492,-0.008027513081130342,-0.004553956348987675
2025-09-29,30,663.6799926757812,0.1612,0.12468903315906482,0.13777423036110129,-0.006886599648476633,-0.004077600931437386
2025-09-30,30,666.1799926757812,0.1628,0.1259879079786561,0.14247021874332175,-0.006583244037468007,-0.0041199109003136405
2025-10-01,30,668.4500122070312,0.1629,0.12563036177685638,0.14243404019814493,-0.006491550986187484,-0.004402038793971698
2025-10-02,29,669.219970703125,0.1663,0.12809505015070854,0.14481140638338527,-0.006086483470208097,-0.004088999896495972
2025-10-03,28,669.2100219726562,0.16649999999999998,0.1277275751107503,0.1473746293435429,-0.0066730730104704985,-0.004691346450416587
2025-10-06,30,671.6099853515625,0.1637,0.1263460468738763,0.14843782915064296,-0.005944509881115175,-0.0029836160560365323
2025-10-07,30,669.1199951171875,0.1724,0.13316107814284633,0.15258352157579655,-0.00367562448673911,-0.0029148041767533203
2025-10-08,30,673.1099853515625,0.163,0.1261185945030363,0.15120667583196512,-0.0058867047075654285,-0.0043944638250270176
2025-10-09,29,671.1599731445312,0.1643,0.12662695706814928,0.1534467811247307,-0.0033339465168396574,-0.003717723478104665
2025-10-10,28,653.02001953125,0.21660000000000001,0.16697940763439417,0.12083186142564938,0.003978230266702531,0.006192553685685635
2025-10-13,30,663.0399780273438,0.19030000000000002,0.1471148281509318,0.11743143164669037,0.0019932683123329684,0.005087420689226474
2025-10-14,30,662.22998046875,0.20809999999999998,0.16074037457361073,0.1310673435238695,0.004367082062282685,0.007367664997410831
2025-10-15,30,665.1699829101562,0.2064,0.15976363149596412,0.13015465677586974,0.005426252798356139,0.00860420729061827
2025-10-16,29,660.6400146484375,0.2531,0.19543240917989568,0.1301408456937759,0.010906621008757424,0.013960507524582777
2025-10-17,28,664.3900146484375,0.2078,0.16025182893525095,0.13085822019835575,0.004683421810509203,0.007825385541046679
2025-10-20,30,671.2999877929688,0.18230000000000002,0.14068327409140222,0.12958327722921203,0.00012293074185794526,0.0031832718557213697
2025-10-21,30,671.2899780273438,0.1787,0.13794835431501987,0.14022180623724817,-0.0015160994080043863,-7.818358341596743e-05
2025-10-22,30,667.7999877929688,0.18600000000000003,0.14360467121257925,0.14327218533320826,-0.0025198829797269417,-0.0016152524828017653
2025-10-23,29,671.760009765625,0.17300000000000001,0.13343568614659,0.14420391341328828,-0.004026702184885503,-0.002649881998170097
2025-10-24,28,677.25,0.1637,0.12625858604157425,0.14378400251409987,-0.005238543135615609,-0.00277180061253205
2025-10-27,30,685.239990234375,0.15789999999999998,0.12203166129466378,0.14785668430803883,-0.004851714107274143,-0.0038306647115406655
2025-10-28,29,687.0599975585938,0.1642,0.1268188472671973,0.15008962086069438,-0.004211779444025008,-0.0030710825247633306
2025-10-29,30,687.3900146484375,0.16920000000000002,0.13080534030600108,0.14877408891280464,-0.001133924010457595,-0.0017485482104147448
2025-10-30,29,679.8300170898438,0.1691,0.13061808164059416,0.14614252302631686,-0.00150256814042535,-0.00122796875622861
2025-10-31,28,682.0599975585938,0.1744,0.13432206255178902,0.1482585839098657,0.002019184017310968,-0.0003817471544926276
2025-11-03,30,683.3400268554688,0.17170000000000002,0.13264901233402746,0.14461766493967265,0.005960166872761378,0.003323184123967703
2025-11-04,30,675.239990234375,0.19,0.1467361528932281,0.1385307561132287,0.004235975871633812,0.005402343000719913
2025-11-05,30,677.5800170898438,0.1801,0.13900509657123408,0.13816285311773827,0.003617064255151586,0.004924351534693826
2025-11-06,29,670.3099975585938,0.195,0.14999552583161144,0.1352131375380307,0.002383202483362413,0.00375851311745221
2025-11-07,28,670.969970703125,0.19079999999999997,0.14644403136889436,0.1375605974153489,0.0012402550220898506,0.0025832120882479832
2025-11-10,30,681.4400024414062,0.17600000000000002,0.135778609768469,0.12407775062227613,0.00855296424745628,0.009508781906455287
2025-11-11,30,683.0,0.1728,0.13329673145929982,0.12408626112686612,0.008105170367173429,0.009370817606331707
2025-11-12,30,683.3800048828125,0.1751,0.1352790917088042,0.12967439995362876,0.00653760186920685,0.006771248964198459
2025-11-13,29,672.0399780273438,0.2,0.15435793649425536,0.11777577797438112,0.00862620369259334,0.009692802625180918
2025-11-14,28,671.9299926757812,0.19829999999999998,0.15240035159803383,0.11985901012014764,0.007518615574550447,0.008582998395996766
2025-11-17,30,665.6699829101562,0.2238,0.17263917563797326,0.11811381578846675,0.01075582684921818,0.011193793966349275
2025-11-18,30,660.0800170898438,0.2469,0.19036955560249866,0.11736358196193643,0.010777341045276691,0.012199543867629224
2025-11-19,30,662.6300048828125,0.2366,0.1824652090582147,0.11849859726459104,0.010308240017319066,0.01186179262614137
2025-11-20,29,652.530029296875,0.2642,0.20362613483081798,0.10750261732921668,0.009588227913692855,0.011140412091403309
2025-11-21,28,659.030029296875,0.2343,0.17985369377222743,0.10338685443419716,0.008906152064070664,0.010351495860965872
2025-11-24,30,668.72998046875,0.2052,0.1575579206582872,0.09083555496762113,0.010182630070132056,0.012613856787162836
2025-11-25,29,675.02001953125,0.1856,0.14237433196941984,0.08621181999312888,0.010244929682660603,0.012437433479920514
2025-11-26,30,679.6799926757812,0.17190000000000003,0.1324472936764224,0.08129572881309888,0.010321294699543323,0.012291330531095535
2025-11-28,28,683.3900146484375,0.1635,0.12532333363611453,0.08182161391869607,0.010047613642697966,0.011542512842489994
2025-12-01,30,680.27001953125,0.1724,0.13296992815673706,0.08270290820720762,0.013804120394157276,0.012417978662702413
2025-12-02,29,681.530029296875,0.1659,0.12781486138344475,0.08386015324191483,0.013845691346772507,0.011266352430246067
2025-12-03,30,683.8900146484375,0.16079999999999997,0.12407474769964247,0.08181399419903021,0.015883866639315875,0.013359105587036912
2025-12-04,29,684.3900146484375,0.1578,0.12136682608472453,0.08317222069534652,0.014065442043490103,0.01220677276223936
2025-12-05,28,685.6900024414062,0.15410000000000001,0.1184720105168844,0.08436665164838683,0.01152147547778535,0.010945116269403855
2025-12-08,30,683.6300048828125,0.1666,0.12845747483555425,0.08731429876384957,0.011370902137876235,0.012281004274822666
2025-12-09,30,683.0399780273438,0.1693,0.1307963389056821,0.0872630582245243,0.01179969800554821,0.012902823904628559
2025-12-10,30,687.5700073242188,0.1577,0.12195232456968116,0.08724589558279983,0.010266815076982475,0.011405102684568952
2025-12-11,29,689.1699829101562,0.1485,0.11452785313273887,0.08835342991667174,0.007932482518867736,0.008879021165094035
2025-12-12,28,681.760009765625,0.1574,0.12093222797973986,0.08100465378186301,0.008833114833746663,0.010071366094683726
2025-12-15,30,680.72998046875,0.165,0.1275776299307672,0.08043989490989967,0.008360212163578443,0.010083238281171908
2025-12-16,30,678.8699951171875,0.1648,0.12731673988613415,0.08043306374329551,0.007269067494677957,0.008953320571355766
2025-12-17,30,671.4000244140625,0.17620000000000002,0.13555031617160962,0.07062958668036656,0.006343672937103115,0.008145337608892788
2025-12-18,29,676.469970703125,0.16870000000000002,0.12942760408487863,0.06669517275978863,0.00774240750243089,0.009406402536256653
2025-12-19,28,680.5900268554688,0.1491,0.11389018392039356,0.06423774409041705,0.0068188277596635295,0.00832281279781377
2025-12-22,30,684.8300170898438,0.1408,0.108601848768036,0.10065081111756487,-0.0034567847912954012,0.0003905414956295005
2025-12-23,30,687.9600219726562,0.14,0.10832828490174333,0.10103359693561287,-0.002168794042182463,0.00020311116411635791
2025-12-24,30,690.3800048828125,0.13470000000000001,0.10439234980965345,0.10029641419284756,-0.0005611428949408295,0.0008745265519427479
2025-12-26,28,690.3099975585938,0.136,0.10423963602978545,0.10381600609507911,-0.0013314217762346908,4.240285415827276e-05
2025-12-29,30,687.8499755859375,0.142,0.10970586634244146,0.1020237021198293,-0.0004439416901868476,0.0024820143420756845
2025-12-30,30,687.010009765625,0.1433,0.11086755657967655,0.1021698453464932,-0.0002588298809029452,0.002439817566717589
2025-12-31,30,681.9199829101562,0.1495,0.11549177002540752,0.09936995717758737,-0.000230515090201481,0.002401118658976638
2026-01-02,28,683.1699829101562,0.1451,0.11149024585701738,0.10264492485474389,-0.0017182157693386543,0.0009680778445031601
2026-01-05,30,687.719970703125,0.149,0.11501480868562634,0.10373419568486042,0.0038758020128176764,0.005058966453776783
2026-01-06,30,691.8099975585938,0.1475,0.11372490952537782,0.1107011887874432,0.0008389546082406252,0.0012705263478908582
2026-01-07,30,689.5800170898438,0.15380000000000002,0.118786342587542,0.12853607546724907,-0.0036459661761226217,0.00010261776628775297
2026-01-08,29,689.510009765625,0.1545,0.11886000876672145,0.1307329363277855,-0.00430560776746474,-0.00038145283521928355
2026-01-09,28,694.0700073242188,0.1449,0.11105497365217255,0.13090111960365713,-0.00029495585693176476,0.0005326007935600157
2026-01-12,30,695.1599731445312,0.1512,0.11667362629614408,0.1277881111214251,0.00132442115463613,0.003462896358202344
2026-01-13,30,693.77001953125,0.1598,0.12357189161650634,0.13867356468861497,-0.0062420517103599915,-0.007953554764776277
2026-01-14,30,690.3599853515625,0.1675,0.1296020111165053,0.13762631158407784,-0.008048500167399867,-0.004991409072431731
2026-01-15,29,692.239990234375,0.15839999999999999,0.12216101284671473,0.13964617613422858,-0.009480396717949166,-0.007683009344460332
2026-01-16,28,691.6599731445312,0.1586,0.12166721355777328,0.14208575347533833,-0.01071810127495459,-0.008530193979394975
2026-01-20,30,677.5800170898438,0.2009,0.15489683295349202,0.11882652339004282,0.008487833216495844,0.009915556484135751
2026-01-21,30,685.4000244140625,0.16899999999999998,0.1306625423486992,0.11467092477340698,0.004119972639867662,0.005605416230886981
2026-01-22,29,688.97998046875,0.1564,0.12079029589738602,0.11515756372304183,0.003372223135199153,0.002184382859295112
2026-01-23,28,689.22998046875,0.1609,0.12395985039129491,0.11718858886641634,0.004447612457907001,0.002676879825054891
2026-01-26,30,692.72998046875,0.16149999999999998,0.12464424148465612,0.12362997342615707,0.0010673839859924033,0.0006359353176053204
2026-01-27,30,695.489990234375,0.1635,0.12631910070909347,0.12437626331912967,-0.0013511163609448336,0.0016391902605961538
2026-01-28,30,695.4199829101562,0.1635,0.1264590914072776,0.12550392356462617,-0.0015195819114594688,0.001450148646351059
2026-01-29,29,694.0399780273438,0.16879999999999998,0.12999042818365542,0.12745477176652387,-0.0007250677129188602,0.002287034558695093
2026-01-30,28,691.969970703125,0.1744,0.13422056166089946,0.12926167333247648,0.0007589255345351561,0.0035167749061950086
2026-02-02,30,695.4099731445312,0.1634,0.12622329271108873,0.12982472053376315,-0.0011874913954059328,0.0008757285599282817
2026-02-03,30,689.530029296875,0.18,0.1386984861215484,0.12789667832485008,0.003698396160927653,0.005663839062810377
2026-02-04,30,686.1900024414062,0.1864,0.14353840521741756,0.134865156833829,0.0026038460785921262,0.002663515481576192
2026-02-05,29,677.6199951171875,0.2177,0.16747563818087044,0.1297219454556438,0.006744733682422366,0.008600151503715379
2026-02-06,28,690.6199951171875,0.1776,0.13631878552605328,0.1127889784375202,0.006216187014557977,0.007110971415363948
2026-02-09,30,693.9500122070312,0.1736,0.13387758296268762,0.11210679494075237,0.002600719971876696,0.0037087962143328543
2026-02-10,30,692.1199951171875,0.1779,0.13718034970672893,0.12382129634716392,0.003469200162648187,0.004424602136754474
2026-02-11,30,691.9600219726562,0.1765,0.13638769584564525,0.12539167579528823,0.0027724634605538314,0.00346138620062174
2026-02-12,29,681.27001953125,0.2082,0.1600861643464153,0.11495326351850235,0.00911326316703809,0.009074650049417944
2026-02-13,28,681.75,0.20600000000000002,0.15857006633854115,0.11696035382213629,0.008319736297856473,0.00816618377680604
2026-02-17,30,682.8499755859375,0.2029,0.1561814497402276,0.12862326868080254,0.005257366544313429,0.005135972096333698
2026-02-18,30,686.2899780273438,0.1962,0.15142944793644228,0.14079141176594526,0.003545251021193128,0.0037973597163034403
2026-02-19,29,684.47998046875,0.2023,0.15587481288865196,0.14289145956780477,0.003952628299247442,0.004099526922680389
2026-02-20,28,689.4299926757812,0.1909,0.14711027504140245,0.14307455774130914,0.0021385926345334045,0.002579132007079178
2026-02-23,30,682.3900146484375,0.2101,0.1620832599662147,0.14023079681322867,0.0028868755444125356,0.0033955770704087794
2026-02-24,30,687.3499755859375,0.1955,0.1509008438984666,0.15158285300109767,0.0010021053162881665,0.0015236366523721336
2026-02-25,30,693.1500244140625,0.1793,0.1381515116980852,0.16036594864709097,-0.00038267624267182174,0.0002176454435088793
2026-02-26,29,689.2999877929688,0.1863,0.14307622069711864,0.16190604845887602,-0.0002231759492537801,0.00027877998560397636
2026-02-27,28,685.989990234375,0.1986,0.15293254391055955,0.16385276383685832,0.0006012606143272013,0.0010816908113358212
2026-03-02,30,686.3800048828125,0.2144,0.16518756294702366,0.1893806073139699,-5.6638110757688755e-05,0.0004346762486172525
2026-03-03,30,680.3300170898438,0.2357,0.18112923776865236,0.1868721784041434,0.0017832391392615858,0.0022767561947238646
2026-03-04,29,685.1300048828125,0.2115,0.16253641925410137,0.18842309135794552,-0.0006963420420702347,-0.00028310678701388856
2026-03-05,28,681.3099975585938,0.2375,0.1823767987399257,0.19069273525303745,0.0012612156686822495,0.001725304184186443
2026-03-06,27,672.3800048828125,0.2949,0.22738668019369385,0.18803533672493009,0.008776320740567441,0.010103548014097208
2026-03-09,30,678.27001953125,0.255,0.1960636607070082,0.19714212408619364,0.0044586058913294825,0.005227050164149863
2026-03-10,30,677.1799926757812,0.2493,0.19189586627670133,0.19808118591998033,0.002302237351493124,0.004829978021722977
2026-03-11,30,676.3300170898438,0.24230000000000002,0.18665833782109023,0.19804619691849334,0.0019084893276477798,0.00437729086366556
2026-03-12,29,666.0599975585938,0.2729,0.21065474551495755,0.19397924278205664,0.00038486280340029717,0.003328882912104077
2026-03-13,28,662.2899780273438,0.27190000000000003,0.20968592290238136,0.1963461029795196,-0.0012060259543905311,0.000634814636295327
2026-03-16,30,669.030029296875,0.2351,0.18069924062212442,0.19601336013162626,-0.0049125389270742795,-0.0012482948433300588
2026-03-17,30,670.7899780273438,0.2237,0.17172427008293728,0.19598609969550926,-0.007024459351169547,-0.0036195574242678303
2026-03-18,30,661.4299926757812,0.2509,0.19364154910375922,0.19432967806996576,-0.0031186530471031997,-0.00043056220571016223
2026-03-19,29,659.7999877929688,0.24059999999999998,0.18513893960858388,0.19745785746613587,-0.006097774315198199,-0.0035279149499460273
2026-03-20,28,648.5700073242188,0.26780000000000004,0.2062886383326635,0.19115565321446723,-0.0015097733116569625,0.0003227299297893253
2026-03-23,30,655.3800048828125,0.2615,0.20093836196218118,0.18597277116359973,-0.002609063429515795,-0.00045415084032981117
2026-03-24,30,653.1799926757812,0.2695,0.20730197180366944,0.18609743266170667,-0.0022782577783095033,-0.00021019969009911896
2026-03-25,30,656.8200073242188,0.25329999999999997,0.19495988155382768,0.18703345112043263,-0.004427614240934458,-0.002301153125938931
2026-03-26,29,645.0900268554688,0.27440000000000003,0.2108512450687149,0.17916671307667595,-0.0016374283316707829,6.464944935848484e-05
2026-03-27,28,634.0900268554688,0.3105,0.23845704605862134,0.17143848514112844,0.0018218002233071652,0.003382943251884004
2026-03-30,30,631.969970703125,0.3061,0.23443014554663574,0.16619597907046185,-0.000974837505963469,0.0006074668065244709
2026-03-31,30,650.3400268554688,0.2525,0.19379571910399432,0.13720268951532963,0.001333084648387323,0.002764875871639305
2026-04-01,30,655.239990234375,0.24539999999999998,0.188103171819842,0.13502630605471716,0.0008607197869071253,0.0022914483998700366
2026-04-02,29,655.8300170898438,0.23870000000000002,0.18337595401372936,0.13729748777221268,-0.0002760678711961061,0.001112065511225663
2026-04-06,30,658.9299926757812,0.24170000000000003,0.18566775488446316,0.1456385947631982,-0.0018806124215815932,-0.00032891903656351957
2026-04-07,30,659.219970703125,0.25780000000000003,0.1980992344773248,0.14602388705427055,-0.0010758353610093756,0.000557306908959955
2026-04-08,30,676.010009765625,0.2104,0.1621718889908528,0.12020578150767049,0.0019536565910929994,0.0034142011548624995
2026-04-09,29,679.9099731445312,0.1949,0.14974077070435346,0.12054538867700285,0.0008279896729895172,0.002165251183315936
2026-04-10,28,679.4600219726562,0.1923,0.14759610826820094,0.12265581524076345,-1.5698838652910777e-05,0.0012956607582209117
2026-04-13,30,686.0999755859375,0.1912,0.14728703660623227,0.11558756936208456,0.0005394707461299938,0.0018302875375179363
2026-04-14,30,694.4600219726562,0.18359999999999999,0.1409509254451569,0.1110321040950704,0.0019206100852507675,0.0030670528623752687
2026-04-15,30,699.9400024414062,0.18170000000000003,0.13963927072716503,0.11557883799840121,0.002475783762920436,0.0035668002636506206
2026-04-16,29,701.6599731445312,0.1794,0.13777146293022477,0.11723178171911681,0.001945376684793863,0.0030013748826132796
2026-04-17,28,710.1400146484375,0.1748,0.13378827061508644,0.1111433138613984,0.0029480215636734012,0.004036120166000088
2026-04-20,30,708.719970703125,0.1887,0.1452274367316972,0.11530415745546216,0.0030174235114735675,0.004452123879485631
2026-04-21,30,704.0800170898438,0.195,0.14974170837955078,0.11321604330135948,0.0029243500785816738,0.004314811288790136
2026-04-22,30,711.2100219726562,0.1892,0.14549549961441127,0.10848974426034436,0.0038681320270016924,0.005288697735291864
2026-04-23,29,708.4500122070312,0.1931,0.14824321511653243,0.10947876875770668,0.0034347017875093243,0.004831907906365763
2026-04-24,28,713.9400024414062,0.18710000000000002,0.14318932239890828,0.1078743051723391,0.0036140087653810673,0.0049844791388196025
2026-04-27,30,715.1699829101562,0.1802,0.1386820401059309,0.10657415733310545,0.0016133139945653486,0.0031844782733032326
2026-04-28,30,711.6900024414062,0.1783,0.13680204278449398,0.106942954430213,0.0007724608344261444,0.002237629615108303
2026-04-29,30,711.5800170898438,0.1881,0.14466272763919644,0.1072932249541792,0.0012651686964865667,0.0028846624347007837
2026-04-30,29,718.6599731445312,0.1689,0.1299704748610276,0.10332041552616393,0.0006225877014233351,0.002338207266062373
2026-05-01,28,720.6500244140625,0.1699,0.13009882172106504,0.10467416338170851,0.0004317442147939822,0.002261565809794495
2026-05-04,30,718.010009765625,0.18289999999999998,0.14089580350664438,0.10381742184888118,0.0007140799920137207,0.00262467097689859
2026-05-05,30,723.77001953125,0.17379999999999998,0.13372770938031486,0.10086807359108299,0.0009428519436469194,0.0029447116989096676
2026-05-06,30,733.8300170898438,0.1739,0.13403810079557135,0.12718041860460905,0.005059900069605256,0.007173659332741492
2026-05-07,29,731.5800170898438,0.17079999999999998,0.1314253782278191,0.1288950188182634,0.003574793974009578,0.0056603141800371255
2026-05-08,28,737.6199951171875,0.17190000000000003,0.13176087519576826,0.1277732803777025,0.005494372910280207,0.007672521323882067
2026-05-11,30,739.2999877929688,0.1838,0.14161707185733052,0.13569987212969054,-0.003160186883499045,-0.0012785655736422344
2026-05-12,30,738.1799926757812,0.17989999999999998,0.13863371784968623,0.14779216624799021,-0.004590916546295977,-0.0017083305456526464
2026-05-13,30,742.3099975585938,0.1787,0.13778888628308833,0.14770832427188488,-0.0018154889617088782,-0.0011740334792014054
2026-05-14,29,748.1699829101562,0.1726,0.13272369045945148,0.1476206941236027,-0.004779530874748668,-0.0028888927060056343
2026-05-15,28,739.1699829101562,0.1843,0.14088666422560467,0.14373889156813927,-0.004033952249234332,0.0002358873612970598
2026-05-18,30,738.6500244140625,0.1782,0.13671621455403515,0.15922133915463751,-0.011647359363195083,-0.00805991746692255
2026-05-19,30,733.72998046875,0.18059999999999998,0.13886212754100719,0.15982060874929424,-0.011587983704112598,-0.006952846819344438
2026-05-20,29,741.25,0.1744,0.1344295726973865,0.15847631836129722,-0.015093285280339874,-0.009855005307511653
2026-05-21,28,742.719970703125,0.16760000000000003,0.12848491053851704,0.1611227323210685,-0.01772464351230842,-0.012680237792834457
2026-05-22,27,745.6400146484375,0.16699999999999998,0.1273709213522688,0.16344386614231451,-0.015986882049236845,-0.013880373823758728
2026-05-26,30,750.5900268554688,0.17010000000000003,0.13093463576791436,0.16205641434742682,-0.012064933425098427,-0.0109660813693357
2026-05-27,30,750.4600219726562,0.1629,0.12546960267154847,0.1640206588025289,-0.014142662962467223,-0.01272035836535067
2026-05-28,29,754.5999755859375,0.1574,0.12086489244436645,0.16567900493554735,-0.013801766521006401,-0.012803227688405097
2026-05-29,28,756.47998046875,0.1532,0.1173813684011857,0.1683720911752529,-0.014094224090981367,-0.01323571693153812
2026-06-01,30,758.5399780273438,0.1605,0.12393712216255032,0.17427631700053864,-0.012635455846777449,-0.011641753269250679
2026-06-02,30,759.5700073242188,0.1577,0.12161946374104916,0.17427239456356347,-0.013064892530192253,-0.012073720148441852
2026-06-03,29,754.239990234375,0.1606,0.1235720593500057,0.17548222669155192,-0.01313377578507145,-0.01174791240640864
2026-06-04,28,757.0900268554688,0.154,0.11807186992756127,0.17806843860126317,-0.014612264891250249,-0.013504087456592477
2026-06-05,27,737.5499877929688,0.2151,0.16532088016591526,0.1537520185855419,0.003954426741353899,0.004792014609823814
2026-06-08,30,739.219970703125,0.1892,0.14513080959865746,0.15008227843683578,-0.0001340601388613073,0.0014666738770826157
2026-06-09,30,737.0499877929688,0.19870000000000002,0.15257631750792047,0.15259123328874188,0.0003908933419707352,0.0024022260221299475
2026-06-10,30,725.4299926757812,0.22219999999999998,0.17039945913507876,0.14295702388093096,0.0022724455880341436,0.004907390878431341
2026-06-11,29,737.760009765625,0.19440000000000002,0.1496281537437991,0.13253760500627298,0.003530053469439376,0.005415336031231969
2026-06-12,28,741.75,0.17679999999999998,0.1359695232360221,0.13347040794062426,0.0006182621139768387,0.002267703035169092
2026-06-15,30,754.8300170898438,0.162,0.12481970346602915,0.11819883081448725,0.008714694413613519,0.005783729013944382
2026-06-16,30,750.3300170898438,0.1641,0.1263735479681927,0.11787762698631638,0.008636544392577238,0.00610683532466722
2026-06-17,30,740.9600219726562,0.1844,0.1417047253575877,0.11479328235627113,0.008460039214529435,0.007554574768402254
2026-06-18,29,746.739990234375,0.16399999999999998,0.12591199126227523,0.11345463399216486,0.0024465060088244995,0.003638348885212864
2026-06-22,30,744.3900146484375,0.1728,0.13310603200904844,0.11493373095809079,0.008198600428675724,0.008065973612216774
2026-06-23,30,733.5800170898438,0.1949,0.1496374424337942,0.111735662518792,0.0086789281606773,0.009142240625168992
2026-06-24,30,733.239990234375,0.1863,0.14294712517292837,0.11178009551457346,0.007052126982106594,0.008488938470083996
2026-06-25,29,734.2999877929688,0.1889,0.14447847130449984,0.11357543361857579,0.0077083139002432155,0.008847306312179122
2026-06-26,28,728.989990234375,0.1841,0.14050939332917597,0.1125763535076226,0.003719246842045433,0.005222494771463164
2026-06-29,30,741.0,0.1765,0.13540453261529573,0.10759061524655551,0.0024073705526596895,0.0015285260299173398
2026-06-30,30,746.77001953125,0.16449999999999998,0.12643061303277603,0.11919400187358563,0.0034472111168518792,0.00250178700597365
2026-07-01,30,745.760009765625,0.1659,0.12753676052693275,0.1217008605232604,0.0023884821681227986,0.0014264620550298334
2026-07-02,29,744.780029296875,0.16149999999999998,0.12386132921668346,0.12369343083930183,-0.001051340225669946,-0.0005931572739879356
2026-07-06,30,751.280029296875,0.1557,0.12025616918411701,0.14226039359541806,-0.009045456741278237,-0.011299089726027238
2026-07-07,30,747.7100219726562,0.1613,0.12432546587350729,0.1413969223038794,-0.008228629686168075,-0.008274171967944619
2026-07-08,30,745.4000244140625,0.16899999999999998,0.13036552089980982,0.1425792409540199,-0.007052290340879625,-0.006346698437861922
2026-07-09,29,751.7100219726562,0.15839999999999999,0.12162681086669148,0.14189953270955205,-0.009478230368495254,-0.010084009836019928
2026-07-10,28,754.9500122070312,0.1503,0.1153293515115549,0.14357392028309002,-0.011458256193285572,-0.012389559141147555
2026-07-13,30,749.1699829101562,0.1716,0.1321202573146441,0.13682979960603506,-0.006583259057405978,-0.0055054489734293575
2026-07-14,30,751.8300170898438,0.165,0.1274632237416753,0.13841162215070701,-0.007285431635281495,-0.006232691578328856
2026-07-15,30,754.8099975585938,0.1567,0.12111081091212154,0.13789549515187768,-0.008004441882280364,-0.006965276489724088
2026-07-16,29,750.719970703125,0.1673,0.12868859272909883,0.13892192660189648,-0.007205227092398962,-0.006128276176660564
2026-07-17,28,743.2899780273438,0.1877,0.14428229307734958,0.1367439677547856,-0.00406564613961589,-0.002786858519673649
2026-07-20,30,742.0900268554688,0.1865,0.14378495330183041,0.13530057960159367,-0.004531021864401437,-0.0031603625345609653
2026-07-21,30,748.280029296875,0.1705,0.13158029031704097,0.13539739277453164,-0.005488536141030331,-0.004328468894557291
2026-07-22,30,747.4099731445312,0.1664,0.12824383234535358,0.1360838215619023,-0.006489159969899413,-0.005365729611641642
2026-07-23,29,738.1799926757812,0.187,0.14424872201562067,0.131201953222378,-0.0037127036834814072,-0.002424483863102948
2026-07-24,28,738.9299926757812,0.1858,0.1429116032258492,0.13347394384572087,-0.004380642097481248,-0.0031250507201501083
