expiry,right,strike,bid,ask,mid
2026-09-22,call,3200.0,4554.6,4575.1,4564.85
2026-09-22,call,3400.0,4354.9,4375.4,4365.15
2026-09-22,call,3600.0,4154.6,4175.1,4164.85
2026-09-22,call,3800.0,3954.1,3974.6,3964.35
2026-09-22,call,4000.0,3754.9,3775.4,3765.15
2026-09-22,call,4200.0,3554.1,3574.6,3564.35
2026-09-22,call,4400.0,3354.1,3374.6,3364.35
2026-09-22,call,4600.0,3154.1,3174.6,3164.35
2026-09-22,call,4800.0,2954.6,2975.1,2964.85
2026-09-22,call,5000.0,2754.1,2774.6,2764.35
2026-09-22,call,5200.0,2554.1,2574.6,2564.35
2026-09-22,call,5400.0,2354.6,2375.1,2364.85
2026-09-22,call,5600.0,2154.1,2174.6,2164.35
2026-09-22,call,5800.0,1954.9,1975.4,1965.15
2026-09-22,call,6000.0,1754.6,1775.1,1764.85
2026-09-22,call,6100.0,1659.6,1675.1,1667.35
2026-09-22,call,6200.0,1554.1,1574.6,1564.35
2026-09-22,call,6300.0,1454.0,1474.5,1464.25
2026-09-22,call,6400.0,1359.3,1374.6,1366.9499999999998
2026-09-22,call,6500.0,1254.1,1274.6,1264.35
2026-09-22,call,6525.0,1229.4,1249.9,1239.65
2026-09-22,call,6550.0,1209.6,1225.1,1217.35
2026-09-22,call,6575.0,1184.8,1199.9,1192.35
2026-09-22,call,6600.0,1154.1,1174.6,1164.35
2026-09-22,call,6625.0,1129.1,1149.6,1139.35
2026-09-22,call,6650.0,1104.1,1124.6,1114.35
2026-09-22,call,6675.0,1079.6,1100.1,1089.85
2026-09-22,call,6700.0,1054.1,1074.6,1064.35
2026-09-22,call,6725.0,1029.4,1049.9,1039.65
2026-09-22,call,6750.0,1004.1,1024.6,1014.3499999999999
2026-09-22,call,6775.0,979.1,999.6,989.35
2026-09-22,call,6800.0,954.9,975.4,965.15
2026-09-22,call,6825.0,929.4,949.9,939.65
2026-09-22,call,6850.0,904.1,924.6,914.35
2026-09-22,call,6875.0,879.1,899.6,889.35
2026-09-22,call,6900.0,854.1,874.6,864.35
2026-09-22,call,6925.0,831.2,849.9,840.55
2026-09-22,call,6950.0,804.3,824.8,814.55
2026-09-22,call,6960.0,796.2,814.9,805.55
2026-09-22,call,6970.0,786.2,804.9,795.55
2026-09-22,call,6975.0,779.1,799.6,789.35
2026-09-22,call,6980.0,774.4,794.9,784.65
2026-09-22,call,6990.0,764.4,784.9,774.65
2026-09-22,call,7000.0,754.1,774.6,764.35
2026-09-22,call,7010.0,744.3,764.9,754.5999999999999
2026-09-22,call,7020.0,734.3,754.9,744.5999999999999
2026-09-22,call,7025.0,729.1,749.6,739.35
2026-09-22,call,7030.0,724.3,744.9,734.5999999999999
2026-09-22,call,7040.0,714.3,734.9,724.5999999999999
2026-09-22,call,7050.0,704.3,724.9,714.5999999999999
2026-09-22,call,7060.0,694.3,714.9,704.5999999999999
2026-09-22,call,7070.0,684.3,704.9,694.5999999999999
2026-09-22,call,7075.0,679.1,699.6,689.35
2026-09-22,call,7080.0,674.3,694.9,684.5999999999999
2026-09-22,call,7090.0,664.3,684.9,674.5999999999999
2026-09-22,call,7100.0,654.1,674.6,664.35
2026-09-22,call,7105.0,649.4,669.9,659.65
2026-09-22,call,7110.0,644.4,664.9,654.65
2026-09-22,call,7115.0,639.4,659.9,649.65
2026-09-22,call,7120.0,636.2,654.9,645.55
2026-09-22,call,7125.0,631.2,649.9,640.55
2026-09-22,call,7130.0,626.2,644.9,635.55
2026-09-22,call,7135.0,621.2,639.9,630.55
2026-09-22,call,7140.0,619.6,634.9,627.25
2026-09-22,call,7145.0,611.2,629.9,620.55
2026-09-22,call,7150.0,604.1,624.6,614.35
2026-09-22,call,7155.0,601.2,619.9,610.55
2026-09-22,call,7160.0,599.6,614.9,607.25
2026-09-22,call,7165.0,591.2,609.9,600.55
2026-09-22,call,7170.0,589.6,604.9,597.25
2026-09-22,call,7175.0,579.3,599.8,589.55
2026-09-22,call,7180.0,574.3,594.8,584.55
2026-09-22,call,7185.0,569.4,589.9,579.65
2026-09-22,call,7190.0,564.6,585.1,574.85
2026-09-22,call,7195.0,559.6,580.1,569.85
2026-09-22,call,7200.0,554.9,575.4,565.15
2026-09-22,call,7205.0,549.3,569.8,559.55
2026-09-22,call,7210.0,548.2,564.7,556.45
2026-09-22,call,7215.0,539.3,559.8,549.55
2026-09-22,call,7220.0,534.3,554.8,544.55
2026-09-22,call,7225.0,529.2,549.7,539.45
2026-09-22,call,7230.0,524.3,544.8,534.55
2026-09-22,call,7235.0,521.3,540.0,530.65
2026-09-22,call,7240.0,514.4,534.9,524.65
2026-09-22,call,7245.0,514.8,530.0,522.4
2026-09-22,call,7250.0,504.2,524.7,514.45
2026-09-22,call,7255.0,499.4,519.9,509.65
2026-09-22,call,7260.0,494.5,515.0,504.75
2026-09-22,call,7265.0,489.7,510.2,499.95
2026-09-22,call,7270.0,489.8,505.0,497.4
2026-09-22,call,7275.0,479.7,500.2,489.95
2026-09-22,call,7280.0,474.4,494.9,484.65
2026-09-22,call,7285.0,469.4,489.9,479.65
2026-09-22,call,7290.0,464.4,484.9,474.65
2026-09-22,call,7295.0,464.6,480.0,472.3
2026-09-22,call,7300.0,454.5,475.0,464.75
2026-09-22,call,7305.0,449.5,470.0,459.75
2026-09-22,call,7310.0,444.3,464.8,454.55
2026-09-22,call,7315.0,439.5,460.0,449.75
2026-09-22,call,7320.0,434.6,455.1,444.85
2026-09-22,call,7325.0,429.3,449.8,439.55
2026-09-22,call,7330.0,429.8,445.1,437.45000000000005
2026-09-22,call,7335.0,419.8,440.3,430.05
2026-09-22,call,7340.0,414.8,435.3,425.05
2026-09-22,call,7345.0,409.8,430.3,420.05
2026-09-22,call,7350.0,409.3,424.8,417.05
2026-09-22,call,7355.0,399.8,420.3,410.05
2026-09-22,call,7360.0,394.4,414.9,404.65
2026-09-22,call,7365.0,393.2,409.9,401.54999999999995
2026-09-22,call,7370.0,384.6,405.1,394.85
2026-09-22,call,7375.0,380.1,400.6,390.35
2026-09-22,call,7380.0,374.6,395.1,384.85
2026-09-22,call,7385.0,369.5,390.0,379.75
2026-09-22,call,7390.0,364.5,385.0,374.75
2026-09-22,call,7395.0,359.5,380.0,369.75
2026-09-22,call,7400.0,354.3,374.8,364.55
2026-09-22,call,7405.0,349.4,369.9,359.65
2026-09-22,call,7410.0,344.4,364.9,354.65
2026-09-22,call,7415.0,339.7,360.2,349.95
2026-09-22,call,7420.0,334.5,355.0,344.75
2026-09-22,call,7425.0,329.2,349.7,339.45
2026-09-22,call,7430.0,324.4,344.9,334.65
2026-09-22,call,7435.0,319.3,339.8,329.55
2026-09-22,call,7440.0,314.4,335.0,324.7
2026-09-22,call,7445.0,309.6,330.1,319.85
2026-09-22,call,7450.0,304.3,324.8,314.55
2026-09-22,call,7455.0,299.1,319.6,309.35
2026-09-22,call,7460.0,294.1,314.6,304.35
2026-09-22,call,7465.0,289.1,309.6,299.35
2026-09-22,call,7470.0,284.3,304.9,294.6
2026-09-22,call,7475.0,279.1,299.6,289.35
2026-09-22,call,7480.0,274.3,294.8,284.55
2026-09-22,call,7485.0,274.8,289.8,282.3
2026-09-22,call,7490.0,264.3,284.8,274.55
2026-09-22,call,7495.0,259.1,279.6,269.35
2026-09-22,call,7500.0,254.2,274.7,264.45
2026-09-22,call,7505.0,249.0,269.5,259.25
2026-09-22,call,7510.0,244.1,264.6,254.35000000000002
2026-09-22,call,7515.0,241.1,259.8,250.45
2026-09-22,call,7520.0,234.1,254.6,244.35
2026-09-22,call,7525.0,229.0,249.5,239.25
2026-09-22,call,7530.0,224.5,245.0,234.75
2026-09-22,call,7535.0,219.3,239.8,229.55
2026-09-22,call,7540.0,214.4,234.9,224.65
2026-09-22,call,7545.0,209.2,229.7,219.45
2026-09-22,call,7550.0,209.3,221.5,215.4
2026-09-22,call,7555.0,202.3,216.0,209.15
2026-09-22,call,7560.0,197.9,211.2,204.55
2026-09-22,call,7565.0,192.9,206.5,199.7
2026-09-22,call,7570.0,193.8,195.8,194.8
2026-09-22,call,7575.0,188.8,190.8,189.8
2026-09-22,call,7580.0,183.8,185.8,184.8
2026-09-22,call,7585.0,178.8,180.8,179.8
2026-09-22,call,7590.0,173.8,175.8,174.8
2026-09-22,call,7595.0,168.8,170.8,169.8
2026-09-22,call,7600.0,163.8,165.8,164.8
2026-09-22,call,7605.0,158.8,160.8,159.8
2026-09-22,call,7610.0,153.8,155.8,154.8
2026-09-22,call,7615.0,148.8,150.8,149.8
2026-09-22,call,7620.0,143.8,145.8,144.8
2026-09-22,call,7625.0,138.8,140.8,139.8
2026-09-22,call,7630.0,133.8,135.8,134.8
2026-09-22,call,7635.0,128.8,130.8,129.8
2026-09-22,call,7640.0,123.8,125.8,124.8
2026-09-22,call,7645.0,118.8,120.8,119.8
2026-09-22,call,7650.0,113.8,115.8,114.8
2026-09-22,call,7655.0,108.8,110.8,109.8
2026-09-22,call,7660.0,103.8,105.8,104.8
2026-09-22,call,7665.0,98.8,100.8,99.8
2026-09-22,call,7670.0,93.8,95.8,94.8
2026-09-22,call,7675.0,88.8,90.8,89.8
2026-09-22,call,7680.0,83.8,85.8,84.8
2026-09-22,call,7685.0,78.8,80.8,79.8
2026-09-22,call,7690.0,73.8,75.8,74.8
2026-09-22,call,7695.0,68.8,70.8,69.8
2026-09-22,call,7700.0,63.8,65.8,64.8
2026-09-22,call,7705.0,58.8,60.8,59.8
2026-09-22,call,7710.0,53.8,55.8,54.8
2026-09-22,call,7715.0,48.8,50.8,49.8
2026-09-22,call,7720.0,43.8,45.8,44.8
2026-09-22,call,7725.0,38.8,40.8,39.8
2026-09-22,call,7730.0,33.8,35.8,34.8
2026-09-22,call,7735.0,28.8,30.8,29.8
2026-09-22,call,7740.0,23.8,25.8,24.8
2026-09-22,call,7745.0,18.8,20.5,19.65
2026-09-22,call,7750.0,13.8,15.7,14.75
2026-09-22,call,7755.0,9.5,10.6,10.05
2026-09-22,call,7760.0,4.6,5.5,5.05
2026-09-22,call,7765.0,0.3,0.7,0.5
2026-09-22,put,7765.0,0.6,0.9,0.75
2026-09-22,put,7770.0,5.4,6.0,5.7
2026-09-22,put,7775.0,9.7,10.7,10.2
2026-09-22,put,7780.0,14.2,16.2,15.2
2026-09-22,put,7785.0,19.6,21.2,20.4
2026-09-22,put,7790.0,24.5,26.0,25.25
2026-09-22,put,7795.0,29.4,31.2,30.299999999999997
2026-09-22,put,7800.0,34.3,36.2,35.25
2026-09-22,put,7805.0,39.3,41.0,40.15
2026-09-22,put,7810.0,44.2,46.2,45.2
2026-09-22,put,7815.0,49.2,51.2,50.2
2026-09-22,put,7820.0,54.2,56.2,55.2
2026-09-22,put,7825.0,59.2,61.2,60.2
2026-09-22,put,7830.0,64.2,66.2,65.2
2026-09-22,put,7835.0,69.2,71.2,70.2
2026-09-22,put,7840.0,74.2,76.2,75.2
2026-09-22,put,7845.0,79.2,81.2,80.2
2026-09-22,put,7850.0,84.2,86.2,85.2
2026-09-22,put,7855.0,89.2,91.2,90.2
2026-09-22,put,7860.0,94.2,96.2,95.2
2026-09-22,put,7865.0,99.2,101.2,100.2
2026-09-22,put,7870.0,104.2,106.2,105.2
2026-09-22,put,7875.0,109.2,111.2,110.2
2026-09-22,put,7880.0,114.2,116.2,115.2
2026-09-22,put,7885.0,119.2,121.2,120.2
2026-09-22,put,7890.0,124.2,126.2,125.2
2026-09-22,put,7895.0,129.2,131.2,130.2
2026-09-22,put,7900.0,134.2,136.2,135.2
2026-09-22,put,7905.0,139.2,141.2,140.2
2026-09-22,put,7910.0,144.2,146.2,145.2
2026-09-22,put,7915.0,149.2,151.2,150.2
2026-09-22,put,7920.0,154.2,156.2,155.2
2026-09-22,put,7925.0,159.2,161.2,160.2
2026-09-22,put,7930.0,164.2,166.2,165.2
2026-09-22,put,7935.0,169.2,171.2,170.2
2026-09-22,put,7940.0,174.2,176.2,175.2
2026-09-22,put,7945.0,179.2,181.2,180.2
2026-09-22,put,7950.0,184.2,186.2,185.2
2026-09-22,put,7955.0,189.2,191.2,190.2
2026-09-22,put,7960.0,194.2,196.2,195.2
2026-09-22,put,7965.0,194.1,207.8,200.95
2026-09-22,put,7970.0,198.4,212.1,205.25
2026-09-22,put,7975.0,203.4,217.1,210.25
2026-09-22,put,7980.0,208.4,222.1,215.25
2026-09-22,put,7985.0,209.0,229.5,219.25
2026-09-22,put,7990.0,215.2,235.7,225.45
2026-09-22,put,7995.0,220.2,240.7,230.45
2026-09-22,put,8000.0,225.0,245.5,235.25
2026-09-22,put,8010.0,235.2,255.7,245.45
2026-09-22,put,8020.0,245.2,265.7,255.45
2026-09-22,put,8025.0,250.5,271.0,260.75
2026-09-22,put,8030.0,255.7,276.2,265.95
2026-09-22,put,8040.0,265.2,285.7,275.45
2026-09-22,put,8050.0,275.5,296.0,285.75
2026-09-22,put,8060.0,285.6,306.1,295.85
2026-09-22,put,8070.0,295.2,315.7,305.45
2026-09-22,put,8075.0,300.4,320.9,310.65
2026-09-22,put,8100.0,325.6,346.1,335.85
2026-09-22,put,8125.0,350.2,370.7,360.45
2026-09-22,put,8150.0,375.4,395.9,385.65
2026-09-22,put,8175.0,400.4,420.9,410.65
2026-09-22,put,8200.0,425.6,446.1,435.85
2026-09-22,put,8225.0,450.4,470.9,460.65
2026-09-22,put,8250.0,475.1,490.2,482.65
2026-09-22,put,8275.0,500.4,520.9,510.65
2026-09-22,put,8300.0,525.4,545.9,535.65
2026-09-22,put,8400.0,625.4,645.9,635.65
2026-09-22,put,8500.0,724.6,745.1,734.85
2026-09-22,put,8600.0,824.6,845.1,834.85
2026-09-22,put,8800.0,1025.4,1045.9,1035.65
2026-09-22,put,9000.0,1224.9,1245.4,1235.15
2026-09-22,put,9200.0,1425.4,1440.7,1433.0500000000002
2026-09-22,put,9400.0,1624.6,1645.1,1634.85
2026-09-22,put,9600.0,1824.9,1845.4,1835.15
2026-09-22,put,9800.0,2025.4,2045.9,2035.65
2026-09-22,put,10000.0,2225.4,2245.9,2235.65
2026-09-23,call,3200.0,4544.9,4588.6,4566.75
2026-09-23,call,3400.0,4344.9,4388.6,4366.75
2026-09-23,call,3600.0,4144.9,4188.6,4166.75
2026-09-23,call,3800.0,3944.9,3988.6,3966.75
2026-09-23,call,4000.0,3744.9,3788.6,3766.75
2026-09-23,call,4200.0,3544.9,3588.6,3566.75
2026-09-23,call,4400.0,3344.9,3388.6,3366.75
2026-09-23,call,4600.0,3144.9,3188.6,3166.75
2026-09-23,call,4800.0,2944.9,2988.6,2966.75
2026-09-23,call,5000.0,2744.9,2788.6,2766.75
2026-09-23,call,5200.0,2544.9,2588.6,2566.75
2026-09-23,call,5400.0,2344.9,2388.6,2366.75
2026-09-23,call,5600.0,2144.9,2188.6,2166.75
2026-09-23,call,5800.0,1970.5,1971.4,1970.95
2026-09-23,call,6000.0,1744.9,1788.6,1766.75
2026-09-23,call,6100.0,1644.9,1688.6,1666.75
2026-09-23,call,6200.0,1544.9,1588.7,1566.8000000000002
2026-09-23,call,6300.0,1444.9,1488.6,1466.75
2026-09-23,call,6400.0,1344.9,1388.6,1366.75
2026-09-23,call,6500.0,1244.9,1288.6,1266.75
2026-09-23,call,6525.0,1219.9,1263.6,1241.75
2026-09-23,call,6550.0,1194.9,1238.6,1216.75
2026-09-23,call,6575.0,1169.9,1213.6,1191.75
2026-09-23,call,6600.0,1144.9,1188.6,1166.75
2026-09-23,call,6625.0,1119.9,1163.6,1141.75
2026-09-23,call,6650.0,1094.9,1138.6,1116.75
2026-09-23,call,6675.0,1069.9,1113.6,1091.75
2026-09-23,call,6700.0,1045.2,1088.6,1066.9
2026-09-23,call,6725.0,1019.9,1063.6,1041.75
2026-09-23,call,6750.0,994.9,1038.6,1016.75
2026-09-23,call,6775.0,969.9,1013.6,991.75
2026-09-23,call,6800.0,944.9,988.6,966.75
2026-09-23,call,6825.0,919.9,963.6,941.75
2026-09-23,call,6850.0,894.9,938.6,916.75
2026-09-23,call,6875.0,869.9,913.6,891.75
2026-09-23,call,6900.0,844.9,888.6,866.75
2026-09-23,call,6925.0,819.9,863.6,841.75
2026-09-23,call,6950.0,794.9,838.6,816.75
2026-09-23,call,6960.0,785.0,828.6,806.8
2026-09-23,call,6970.0,774.9,818.6,796.75
2026-09-23,call,6975.0,769.9,813.6,791.75
2026-09-23,call,6980.0,764.9,808.6,786.75
2026-09-23,call,6990.0,754.9,798.6,776.75
2026-09-23,call,7000.0,744.9,788.6,766.75
2026-09-23,call,7010.0,734.9,778.6,756.75
2026-09-23,call,7020.0,725.0,768.6,746.8
2026-09-23,call,7025.0,719.9,763.6,741.75
2026-09-23,call,7030.0,714.9,758.6,736.75
2026-09-23,call,7040.0,704.9,748.6,726.75
2026-09-23,call,7050.0,694.9,738.6,716.75
2026-09-23,call,7060.0,684.9,728.6,706.75
2026-09-23,call,7070.0,674.9,718.6,696.75
2026-09-23,call,7075.0,669.9,713.6,691.75
2026-09-23,call,7080.0,664.9,708.6,686.75
2026-09-23,call,7090.0,654.9,698.6,676.75
2026-09-23,call,7100.0,644.9,688.6,666.75
2026-09-23,call,7105.0,639.9,683.6,661.75
2026-09-23,call,7110.0,634.9,678.6,656.75
2026-09-23,call,7115.0,630.0,673.6,651.8
2026-09-23,call,7120.0,624.9,668.6,646.75
2026-09-23,call,7125.0,619.9,663.6,641.75
2026-09-23,call,7130.0,614.9,658.6,636.75
2026-09-23,call,7135.0,609.9,653.6,631.75
2026-09-23,call,7140.0,604.9,648.6,626.75
2026-09-23,call,7145.0,599.9,643.6,621.75
2026-09-23,call,7150.0,594.9,638.6,616.75
2026-09-23,call,7155.0,589.9,633.6,611.75
2026-09-23,call,7160.0,584.9,628.6,606.75
2026-09-23,call,7165.0,579.9,623.6,601.75
2026-09-23,call,7170.0,574.9,618.6,596.75
2026-09-23,call,7175.0,569.9,613.6,591.75
2026-09-23,call,7180.0,564.9,608.6,586.75
2026-09-23,call,7185.0,559.9,603.6,581.75
2026-09-23,call,7190.0,554.9,598.6,576.75
2026-09-23,call,7195.0,549.9,593.6,571.75
2026-09-23,call,7200.0,545.4,588.6,567.0
2026-09-23,call,7205.0,539.9,583.6,561.75
2026-09-23,call,7210.0,534.9,578.6,556.75
2026-09-23,call,7215.0,529.9,573.6,551.75
2026-09-23,call,7220.0,524.9,568.6,546.75
2026-09-23,call,7225.0,520.1,563.6,541.85
2026-09-23,call,7230.0,514.9,558.6,536.75
2026-09-23,call,7235.0,509.9,553.6,531.75
2026-09-23,call,7240.0,504.9,548.6,526.75
2026-09-23,call,7245.0,499.9,543.6,521.75
2026-09-23,call,7250.0,494.9,538.6,516.75
2026-09-23,call,7255.0,489.9,533.6,511.75
2026-09-23,call,7260.0,484.9,528.6,506.75
2026-09-23,call,7265.0,479.9,523.6,501.75
2026-09-23,call,7270.0,474.9,518.6,496.75
2026-09-23,call,7275.0,469.9,513.6,491.75
2026-09-23,call,7280.0,464.9,508.6,486.75
2026-09-23,call,7285.0,459.9,503.6,481.75
2026-09-23,call,7290.0,454.9,498.6,476.75
2026-09-23,call,7295.0,449.9,493.6,471.75
2026-09-23,call,7300.0,444.9,488.6,466.75
2026-09-23,call,7305.0,440.1,483.6,461.85
2026-09-23,call,7310.0,434.9,478.6,456.75
2026-09-23,call,7315.0,429.9,473.6,451.75
2026-09-23,call,7320.0,424.9,468.6,446.75
2026-09-23,call,7325.0,420.2,463.6,441.9
2026-09-23,call,7330.0,414.9,458.6,436.75
2026-09-23,call,7335.0,409.9,453.6,431.75
2026-09-23,call,7340.0,404.9,448.6,426.75
2026-09-23,call,7345.0,399.9,443.6,421.75
2026-09-23,call,7350.0,394.9,438.6,416.75
2026-09-23,call,7355.0,389.9,433.6,411.75
2026-09-23,call,7360.0,384.9,428.6,406.75
2026-09-23,call,7365.0,379.9,423.6,401.75
2026-09-23,call,7370.0,374.9,418.6,396.75
2026-09-23,call,7375.0,370.0,413.6,391.8
2026-09-23,call,7380.0,365.0,408.6,386.8
2026-09-23,call,7385.0,360.0,403.6,381.8
2026-09-23,call,7390.0,355.0,398.6,376.8
2026-09-23,call,7395.0,350.0,393.6,371.8
2026-09-23,call,7400.0,345.0,388.7,366.85
2026-09-23,call,7405.0,340.0,383.7,361.85
2026-09-23,call,7410.0,335.0,378.7,356.85
2026-09-23,call,7415.0,330.0,373.7,351.85
2026-09-23,call,7420.0,325.0,368.7,346.85
2026-09-23,call,7425.0,320.0,363.7,341.85
2026-09-23,call,7430.0,315.0,358.7,336.85
2026-09-23,call,7435.0,310.0,353.7,331.85
2026-09-23,call,7440.0,305.0,348.7,326.85
2026-09-23,call,7445.0,300.0,343.7,321.85
2026-09-23,call,7450.0,295.0,338.7,316.85
2026-09-23,call,7455.0,290.0,333.7,311.85
2026-09-23,call,7460.0,285.0,328.7,306.85
2026-09-23,call,7465.0,280.0,323.7,301.85
2026-09-23,call,7470.0,275.0,318.7,296.85
2026-09-23,call,7475.0,270.0,313.7,291.85
2026-09-23,call,7480.0,265.0,308.7,286.85
2026-09-23,put,7480.0,0.05,0.1,0.07500000000000001
2026-09-23,call,7485.0,260.0,303.7,281.85
2026-09-23,put,7485.0,0.05,0.1,0.07500000000000001
2026-09-23,call,7490.0,255.0,298.7,276.85
2026-09-23,put,7490.0,0.05,0.1,0.07500000000000001
2026-09-23,call,7495.0,250.0,293.7,271.85
2026-09-23,put,7495.0,0.05,0.1,0.07500000000000001
2026-09-23,call,7500.0,270.6,271.5,271.05
2026-09-23,put,7500.0,0.05,0.1,0.07500000000000001
2026-09-23,call,7505.0,240.0,283.7,261.85
2026-09-23,put,7505.0,0.05,0.1,0.07500000000000001
2026-09-23,call,7510.0,235.0,278.7,256.85
2026-09-23,put,7510.0,0.05,0.1,0.07500000000000001
2026-09-23,call,7515.0,230.0,273.7,251.85
2026-09-23,put,7515.0,0.05,0.1,0.07500000000000001
2026-09-23,call,7520.0,225.0,268.7,246.85
2026-09-23,put,7520.0,0.05,0.1,0.07500000000000001
2026-09-23,call,7525.0,220.0,263.7,241.85
2026-09-23,put,7525.0,0.05,0.15,0.1
2026-09-23,call,7530.0,228.9,253.0,240.95
2026-09-23,put,7530.0,0.05,0.15,0.1
2026-09-23,call,7535.0,223.9,248.0,235.95
2026-09-23,put,7535.0,0.05,0.15,0.1
2026-09-23,call,7540.0,218.9,242.9,230.9
2026-09-23,put,7540.0,0.05,0.15,0.1
2026-09-23,call,7545.0,213.9,238.0,225.95
2026-09-23,put,7545.0,0.05,0.15,0.1
2026-09-23,call,7550.0,208.9,233.0,220.95
2026-09-23,put,7550.0,0.05,0.15,0.1
2026-09-23,call,7555.0,203.9,228.0,215.95
2026-09-23,put,7555.0,0.05,0.15,0.1
2026-09-23,call,7560.0,200.9,223.5,212.2
2026-09-23,put,7560.0,0.05,0.15,0.1
2026-09-23,call,7565.0,195.9,216.0,205.95
2026-09-23,put,7565.0,0.1,0.15,0.125
2026-09-23,call,7570.0,191.0,211.0,201.0
2026-09-23,put,7570.0,0.1,0.15,0.125
2026-09-23,call,7575.0,186.1,206.0,196.05
2026-09-23,put,7575.0,0.1,0.15,0.125
2026-09-23,call,7580.0,181.1,201.1,191.1
2026-09-23,put,7580.0,0.1,0.15,0.125
2026-09-23,call,7585.0,176.1,196.1,186.1
2026-09-23,put,7585.0,0.1,0.2,0.15000000000000002
2026-09-23,call,7590.0,171.2,190.0,180.6
2026-09-23,put,7590.0,0.1,0.2,0.15000000000000002
2026-09-23,call,7595.0,175.6,176.6,176.1
2026-09-23,put,7595.0,0.1,0.2,0.15000000000000002
2026-09-23,call,7600.0,170.6,171.6,171.1
2026-09-23,put,7600.0,0.15,0.2,0.175
2026-09-23,call,7605.0,165.6,166.6,166.1
2026-09-23,put,7605.0,0.15,0.2,0.175
2026-09-23,call,7610.0,160.6,161.6,161.1
2026-09-23,put,7610.0,0.15,0.25,0.2
2026-09-23,call,7615.0,155.6,156.7,156.14999999999998
2026-09-23,put,7615.0,0.15,0.25,0.2
2026-09-23,call,7620.0,150.6,151.7,151.14999999999998
2026-09-23,put,7620.0,0.2,0.25,0.225
2026-09-23,call,7625.0,145.7,146.7,146.2
2026-09-23,put,7625.0,0.2,0.3,0.25
2026-09-23,call,7630.0,140.7,141.7,141.2
2026-09-23,put,7630.0,0.2,0.3,0.25
2026-09-23,call,7635.0,135.7,136.7,136.2
2026-09-23,put,7635.0,0.25,0.35,0.3
2026-09-23,call,7640.0,130.7,131.8,131.25
2026-09-23,put,7640.0,0.3,0.35,0.32499999999999996
2026-09-23,call,7645.0,125.8,126.8,126.3
2026-09-23,put,7645.0,0.3,0.4,0.35
2026-09-23,call,7650.0,120.8,121.8,121.3
2026-09-23,put,7650.0,0.35,0.45,0.4
2026-09-23,call,7655.0,115.9,116.9,116.4
2026-09-23,put,7655.0,0.4,0.45,0.42500000000000004
2026-09-23,call,7660.0,110.9,111.9,111.4
2026-09-23,put,7660.0,0.45,0.5,0.475
2026-09-23,call,7665.0,106.0,107.0,106.5
2026-09-23,put,7665.0,0.5,0.55,0.525
2026-09-23,call,7670.0,101.0,102.0,101.5
2026-09-23,put,7670.0,0.55,0.6,0.575
2026-09-23,call,7675.0,96.2,97.0,96.6
2026-09-23,put,7675.0,0.6,0.7,0.6499999999999999
2026-09-23,call,7680.0,91.2,92.1,91.65
2026-09-23,put,7680.0,0.7,0.75,0.725
2026-09-23,call,7685.0,86.3,87.2,86.75
2026-09-23,put,7685.0,0.8,0.85,0.825
2026-09-23,call,7690.0,81.4,82.3,81.85
2026-09-23,put,7690.0,0.9,1.0,0.95
2026-09-23,call,7695.0,76.6,77.4,77.0
2026-09-23,put,7695.0,1.0,1.1,1.05
2026-09-23,call,7700.0,71.7,72.6,72.15
2026-09-23,put,7700.0,1.15,1.25,1.2
2026-09-23,call,7705.0,66.9,67.7,67.30000000000001
2026-09-23,put,7705.0,1.35,1.45,1.4
2026-09-23,call,7710.0,62.1,62.9,62.5
2026-09-23,put,7710.0,1.55,1.65,1.6
2026-09-23,call,7715.0,57.5,58.2,57.85
2026-09-23,put,7715.0,1.8,1.95,1.875
2026-09-23,call,7720.0,52.7,53.5,53.1
2026-09-23,put,7720.0,2.15,2.25,2.2
2026-09-23,call,7725.0,48.2,48.9,48.55
2026-09-23,put,7725.0,2.5,2.65,2.575
2026-09-23,call,7730.0,43.7,44.4,44.05
2026-09-23,put,7730.0,3.0,3.2,3.1
2026-09-23,call,7735.0,39.2,39.8,39.5
2026-09-23,put,7735.0,3.5,3.7,3.6
2026-09-23,call,7740.0,34.9,35.5,35.2
2026-09-23,put,7740.0,4.2,4.4,4.300000000000001
2026-09-23,call,7745.0,30.9,31.4,31.15
2026-09-23,put,7745.0,5.1,5.3,5.199999999999999
2026-09-23,call,7750.0,26.9,27.4,27.15
2026-09-23,put,7750.0,6.2,6.4,6.300000000000001
2026-09-23,call,7755.0,23.3,23.6,23.450000000000003
2026-09-23,put,7755.0,7.4,7.7,7.550000000000001
2026-09-23,call,7760.0,19.8,20.2,20.0
2026-09-23,put,7760.0,9.0,9.2,9.1
2026-09-23,call,7765.0,16.7,17.0,16.85
2026-09-23,put,7765.0,10.8,11.1,10.95
2026-09-23,call,7770.0,13.9,14.1,14.0
2026-09-23,put,7770.0,13.0,13.3,13.15
2026-09-23,call,7775.0,11.4,11.7,11.55
2026-09-23,put,7775.0,15.5,15.8,15.65
2026-09-23,call,7780.0,9.4,9.5,9.45
2026-09-23,put,7780.0,18.3,18.6,18.450000000000003
2026-09-23,call,7785.0,7.4,7.7,7.550000000000001
2026-09-23,put,7785.0,21.5,21.8,21.65
2026-09-23,call,7790.0,5.9,6.2,6.050000000000001
2026-09-23,put,7790.0,24.9,25.4,25.15
2026-09-23,call,7795.0,4.7,4.9,4.800000000000001
2026-09-23,put,7795.0,28.7,29.2,28.95
2026-09-23,call,7800.0,3.8,3.9,3.8499999999999996
2026-09-23,put,7800.0,32.7,33.2,32.95
2026-09-23,call,7805.0,3.0,3.2,3.1
2026-09-23,put,7805.0,36.9,37.4,37.15
2026-09-23,call,7810.0,2.35,2.5,2.425
2026-09-23,put,7810.0,41.3,41.8,41.55
2026-09-23,call,7815.0,1.9,2.0,1.95
2026-09-23,put,7815.0,45.6,46.5,46.05
2026-09-23,call,7820.0,1.55,1.6,1.5750000000000002
2026-09-23,put,7820.0,50.3,51.1,50.7
2026-09-23,call,7825.0,1.25,1.3,1.275
2026-09-23,put,7825.0,55.0,55.8,55.4
2026-09-23,call,7830.0,1.05,1.1,1.0750000000000002
2026-09-23,put,7830.0,59.8,60.6,60.2
2026-09-23,call,7835.0,0.85,0.95,0.8999999999999999
2026-09-23,put,7835.0,64.6,65.4,65.0
2026-09-23,call,7840.0,0.7,0.8,0.75
2026-09-23,put,7840.0,69.4,70.3,69.85
2026-09-23,call,7845.0,0.6,0.7,0.6499999999999999
2026-09-23,put,7845.0,74.3,75.2,74.75
2026-09-23,call,7850.0,0.5,0.6,0.55
2026-09-23,put,7850.0,79.2,80.1,79.65
2026-09-23,call,7855.0,0.45,0.55,0.5
2026-09-23,put,7855.0,84.0,85.1,84.55
2026-09-23,call,7860.0,0.4,0.5,0.45
2026-09-23,put,7860.0,89.0,90.0,89.5
2026-09-23,call,7865.0,0.35,0.4,0.375
2026-09-23,put,7865.0,93.9,95.0,94.45
2026-09-23,call,7870.0,0.3,0.4,0.35
2026-09-23,put,7870.0,98.9,99.9,99.4
2026-09-23,call,7875.0,0.25,0.35,0.3
2026-09-23,put,7875.0,103.8,104.9,104.35
2026-09-23,call,7880.0,0.2,0.3,0.25
2026-09-23,put,7880.0,108.8,109.8,109.3
2026-09-23,call,7885.0,0.2,0.25,0.225
2026-09-23,put,7885.0,113.8,114.8,114.3
2026-09-23,call,7890.0,0.15,0.25,0.2
2026-09-23,put,7890.0,118.8,119.8,119.3
2026-09-23,call,7895.0,0.15,0.25,0.2
2026-09-23,put,7895.0,123.7,124.8,124.25
2026-09-23,call,7900.0,0.1,0.15,0.125
2026-09-23,put,7900.0,128.7,129.7,129.2
2026-09-23,call,7905.0,0.1,0.15,0.125
2026-09-23,put,7905.0,124.4,144.2,134.3
2026-09-23,call,7910.0,0.1,0.15,0.125
2026-09-23,put,7910.0,129.4,149.2,139.3
2026-09-23,call,7915.0,0.05,0.15,0.1
2026-09-23,put,7915.0,134.4,154.2,144.3
2026-09-23,call,7920.0,0.05,0.15,0.1
2026-09-23,put,7920.0,139.4,159.2,149.3
2026-09-23,call,7925.0,0.05,0.1,0.07500000000000001
2026-09-23,put,7925.0,144.4,164.1,154.25
2026-09-23,call,7930.0,0.05,0.15,0.1
2026-09-23,put,7930.0,149.4,169.1,159.25
2026-09-23,call,7935.0,0.05,0.15,0.1
2026-09-23,put,7935.0,154.4,174.1,164.25
2026-09-23,call,7940.0,0.05,0.1,0.07500000000000001
2026-09-23,put,7940.0,159.3,179.2,169.25
2026-09-23,call,7945.0,0.05,0.1,0.07500000000000001
2026-09-23,put,7945.0,164.3,184.2,174.25
2026-09-23,call,7950.0,0.05,0.1,0.07500000000000001
2026-09-23,put,7950.0,169.4,189.2,179.3
2026-09-23,put,7955.0,174.4,194.2,184.3
2026-09-23,put,7960.0,179.4,199.2,189.3
2026-09-23,put,7965.0,176.5,220.0,198.25
2026-09-23,put,7970.0,181.5,224.9,203.2
2026-09-23,put,7975.0,186.5,229.9,208.2
2026-09-23,put,7980.0,191.5,234.9,213.2
2026-09-23,put,7985.0,196.5,240.2,218.35
2026-09-23,put,7990.0,201.5,245.2,223.35
2026-09-23,put,7995.0,206.5,250.1,228.3
2026-09-23,put,8000.0,228.6,229.6,229.1
2026-09-23,put,8010.0,221.5,265.1,243.3
2026-09-23,put,8020.0,231.4,275.1,253.25
2026-09-23,put,8025.0,236.4,280.0,258.2
2026-09-23,put,8030.0,241.4,285.1,263.25
2026-09-23,put,8040.0,251.4,295.1,273.25
2026-09-23,put,8050.0,261.4,305.1,283.25
2026-09-23,put,8060.0,271.4,315.1,293.25
2026-09-23,put,8070.0,281.4,325.1,303.25
2026-09-23,put,8075.0,286.4,329.7,308.04999999999995
2026-09-23,put,8100.0,311.4,354.9,333.15
2026-09-23,put,8125.0,336.4,379.9,358.15
2026-09-23,put,8150.0,361.4,404.9,383.15
2026-09-23,put,8175.0,386.4,430.0,408.2
2026-09-23,put,8200.0,411.4,455.1,433.25
2026-09-23,put,8225.0,436.4,479.9,458.15
2026-09-23,put,8250.0,461.4,505.1,483.25
2026-09-23,put,8275.0,486.4,529.6,508.0
2026-09-23,put,8300.0,511.4,554.9,533.15
2026-09-23,put,8400.0,611.4,655.0,633.2
2026-09-23,put,8500.0,711.4,755.1,733.25
2026-09-23,put,8600.0,811.4,854.7,833.05
2026-09-23,put,8800.0,1011.4,1055.1,1033.25
2026-09-23,put,9000.0,1211.4,1255.1,1233.25
2026-09-23,put,9200.0,1411.4,1455.1,1433.25
2026-09-23,put,9400.0,1611.4,1654.2,1632.8000000000002
2026-09-23,put,9600.0,1811.4,1855.1,1833.25
2026-09-23,put,9800.0,2011.4,2055.1,2033.25
2026-09-23,put,10000.0,2211.4,2254.7,2233.05
2026-09-24,call,3200.0,4556.2,4580.2,4568.2
2026-09-24,call,3400.0,4356.3,4380.3,4368.3
2026-09-24,call,3600.0,4156.2,4180.2,4168.2
2026-09-24,call,3800.0,3956.3,3980.3,3968.3
2026-09-24,call,4000.0,3756.2,3780.2,3768.2
2026-09-24,call,4200.0,3556.4,3580.4,3568.4
2026-09-24,call,4400.0,3356.3,3380.3,3368.3
2026-09-24,call,4600.0,3156.3,3180.3,3168.3
2026-09-24,call,4800.0,2956.5,2980.5,2968.5
2026-09-24,call,5000.0,2756.5,2780.5,2768.5
2026-09-24,call,5200.0,2556.4,2580.4,2568.4
2026-09-24,call,5400.0,2356.4,2380.4,2368.4
2026-09-24,call,5600.0,2156.6,2180.6,2168.6
2026-09-24,call,5800.0,1956.5,1980.5,1968.5
2026-09-24,call,6000.0,1756.6,1780.6,1768.6
2026-09-24,call,6100.0,1656.8,1680.8,1668.8
2026-09-24,call,6200.0,1556.3,1580.3,1568.3
2026-09-24,call,6300.0,1456.5,1480.5,1468.5
2026-09-24,call,6400.0,1356.6,1380.6,1368.6
2026-09-24,call,6500.0,1256.5,1280.5,1268.5
2026-09-24,call,6525.0,1231.6,1255.6,1243.6
2026-09-24,call,6550.0,1206.6,1230.6,1218.6
2026-09-24,call,6575.0,1181.7,1205.7,1193.7
2026-09-24,call,6600.0,1156.6,1180.6,1168.6
2026-09-24,call,6625.0,1131.6,1155.6,1143.6
2026-09-24,call,6650.0,1106.7,1130.7,1118.7
2026-09-24,call,6675.0,1081.7,1105.7,1093.7
2026-09-24,call,6700.0,1056.6,1080.6,1068.6
2026-09-24,call,6725.0,1031.7,1055.7,1043.7
2026-09-24,call,6750.0,1006.6,1030.6,1018.5999999999999
2026-09-24,call,6775.0,981.7,1005.7,993.7
2026-09-24,call,6800.0,956.6,980.6,968.6
2026-09-24,call,6825.0,931.6,955.6,943.6
2026-09-24,call,6850.0,906.7,930.7,918.7
2026-09-24,call,6875.0,881.6,905.6,893.6
2026-09-24,call,6900.0,856.5,880.5,868.5
2026-09-24,call,6925.0,831.6,855.6,843.6
2026-09-24,call,6950.0,806.7,830.7,818.7
2026-09-24,call,6975.0,781.7,805.7,793.7
2026-09-24,call,7000.0,756.8,780.8,768.8
2026-09-24,call,7025.0,731.6,755.6,743.6
2026-09-24,call,7040.0,716.7,740.7,728.7
2026-09-24,put,7040.0,0.05,0.1,0.07500000000000001
2026-09-24,call,7050.0,706.6,730.6,718.6
2026-09-24,put,7050.0,0.05,0.1,0.07500000000000001
2026-09-24,call,7060.0,696.8,720.8,708.8
2026-09-24,put,7060.0,0.05,0.1,0.07500000000000001
2026-09-24,call,7070.0,686.7,710.7,698.7
2026-09-24,put,7070.0,0.05,0.1,0.07500000000000001
2026-09-24,call,7075.0,681.7,705.7,693.7
2026-09-24,put,7075.0,0.05,0.1,0.07500000000000001
2026-09-24,call,7080.0,676.8,700.8,688.8
2026-09-24,put,7080.0,0.05,0.1,0.07500000000000001
2026-09-24,call,7090.0,666.8,690.8,678.8
2026-09-24,put,7090.0,0.05,0.1,0.07500000000000001
2026-09-24,call,7100.0,656.6,680.6,668.6
2026-09-24,put,7100.0,0.05,0.1,0.07500000000000001
2026-09-24,call,7110.0,646.7,670.7,658.7
2026-09-24,put,7110.0,0.05,0.1,0.07500000000000001
2026-09-24,call,7120.0,636.7,660.7,648.7
2026-09-24,put,7120.0,0.05,0.15,0.1
2026-09-24,call,7125.0,631.5,655.5,643.5
2026-09-24,put,7125.0,0.05,0.15,0.1
2026-09-24,call,7130.0,626.7,650.7,638.7
2026-09-24,put,7130.0,0.05,0.15,0.1
2026-09-24,call,7140.0,616.7,640.7,628.7
2026-09-24,put,7140.0,0.05,0.15,0.1
2026-09-24,call,7150.0,606.7,630.7,618.7
2026-09-24,put,7150.0,0.05,0.15,0.1
2026-09-24,call,7160.0,596.7,620.7,608.7
2026-09-24,put,7160.0,0.05,0.15,0.1
2026-09-24,call,7170.0,586.8,610.8,598.8
2026-09-24,put,7170.0,0.05,0.15,0.1
2026-09-24,call,7175.0,581.7,605.7,593.7
2026-09-24,put,7175.0,0.05,0.15,0.1
2026-09-24,call,7180.0,576.7,600.7,588.7
2026-09-24,put,7180.0,0.05,0.15,0.1
2026-09-24,call,7185.0,571.8,595.8,583.8
2026-09-24,put,7185.0,0.05,0.15,0.1
2026-09-24,call,7190.0,566.8,590.8,578.8
2026-09-24,put,7190.0,0.05,0.15,0.1
2026-09-24,call,7195.0,561.8,585.8,573.8
2026-09-24,put,7195.0,0.05,0.15,0.1
2026-09-24,call,7200.0,556.7,580.7,568.7
2026-09-24,put,7200.0,0.05,0.15,0.1
2026-09-24,call,7205.0,551.8,575.8,563.8
2026-09-24,put,7205.0,0.05,0.15,0.1
2026-09-24,call,7210.0,546.8,570.8,558.8
2026-09-24,put,7210.0,0.05,0.15,0.1
2026-09-24,call,7215.0,541.8,565.8,553.8
2026-09-24,put,7215.0,0.05,0.15,0.1
2026-09-24,call,7220.0,536.6,560.6,548.6
2026-09-24,put,7220.0,0.05,0.15,0.1
2026-09-24,call,7225.0,531.7,555.7,543.7
2026-09-24,put,7225.0,0.05,0.15,0.1
2026-09-24,call,7230.0,526.6,550.6,538.6
2026-09-24,put,7230.0,0.1,0.15,0.125
2026-09-24,call,7235.0,521.7,545.7,533.7
2026-09-24,put,7235.0,0.1,0.15,0.125
2026-09-24,call,7240.0,516.7,540.7,528.7
2026-09-24,put,7240.0,0.1,0.15,0.125
2026-09-24,call,7245.0,511.7,535.7,523.7
2026-09-24,put,7245.0,0.1,0.15,0.125
2026-09-24,call,7250.0,506.9,530.9,518.9
2026-09-24,put,7250.0,0.1,0.15,0.125
2026-09-24,call,7255.0,501.7,525.7,513.7
2026-09-24,put,7255.0,0.1,0.15,0.125
2026-09-24,call,7260.0,496.7,520.7,508.70000000000005
2026-09-24,put,7260.0,0.1,0.2,0.15000000000000002
2026-09-24,call,7265.0,491.7,515.7,503.70000000000005
2026-09-24,put,7265.0,0.1,0.2,0.15000000000000002
2026-09-24,call,7270.0,486.7,510.7,498.7
2026-09-24,put,7270.0,0.1,0.2,0.15000000000000002
2026-09-24,call,7275.0,481.8,505.8,493.8
2026-09-24,put,7275.0,0.1,0.2,0.15000000000000002
2026-09-24,call,7280.0,476.7,500.7,488.7
2026-09-24,put,7280.0,0.1,0.2,0.15000000000000002
2026-09-24,call,7285.0,471.7,495.7,483.7
2026-09-24,put,7285.0,0.1,0.2,0.15000000000000002
2026-09-24,call,7290.0,466.8,490.8,478.8
2026-09-24,put,7290.0,0.1,0.2,0.15000000000000002
2026-09-24,call,7295.0,461.8,485.8,473.8
2026-09-24,put,7295.0,0.1,0.2,0.15000000000000002
2026-09-24,call,7300.0,456.7,480.7,468.7
2026-09-24,put,7300.0,0.1,0.2,0.15000000000000002
2026-09-24,call,7305.0,451.8,475.8,463.8
2026-09-24,put,7305.0,0.1,0.2,0.15000000000000002
2026-09-24,call,7310.0,446.7,470.7,458.7
2026-09-24,put,7310.0,0.1,0.2,0.15000000000000002
2026-09-24,call,7315.0,441.8,465.8,453.8
2026-09-24,put,7315.0,0.1,0.2,0.15000000000000002
2026-09-24,call,7320.0,436.9,460.9,448.9
2026-09-24,put,7320.0,0.1,0.2,0.15000000000000002
2026-09-24,call,7325.0,431.7,455.7,443.7
2026-09-24,put,7325.0,0.1,0.2,0.15000000000000002
2026-09-24,call,7330.0,426.8,450.8,438.8
2026-09-24,put,7330.0,0.15,0.2,0.175
2026-09-24,call,7335.0,421.8,445.8,433.8
2026-09-24,put,7335.0,0.15,0.2,0.175
2026-09-24,call,7340.0,416.9,440.9,428.9
2026-09-24,put,7340.0,0.15,0.25,0.2
2026-09-24,call,7345.0,411.9,435.9,423.9
2026-09-24,put,7345.0,0.15,0.25,0.2
2026-09-24,call,7350.0,406.9,430.9,418.9
2026-09-24,put,7350.0,0.15,0.25,0.2
2026-09-24,call,7355.0,401.9,425.9,413.9
2026-09-24,put,7355.0,0.15,0.25,0.2
2026-09-24,call,7360.0,396.8,420.8,408.8
2026-09-24,put,7360.0,0.15,0.25,0.2
2026-09-24,call,7365.0,391.9,415.9,403.9
2026-09-24,put,7365.0,0.15,0.25,0.2
2026-09-24,call,7370.0,386.8,410.8,398.8
2026-09-24,put,7370.0,0.15,0.25,0.2
2026-09-24,call,7375.0,381.6,405.6,393.6
2026-09-24,put,7375.0,0.15,0.25,0.2
2026-09-24,call,7380.0,376.9,400.9,388.9
2026-09-24,put,7380.0,0.15,0.25,0.2
2026-09-24,call,7385.0,371.9,395.9,383.9
2026-09-24,put,7385.0,0.15,0.25,0.2
2026-09-24,call,7390.0,366.9,390.9,378.9
2026-09-24,put,7390.0,0.2,0.25,0.225
2026-09-24,call,7395.0,364.1,385.9,375.0
2026-09-24,put,7395.0,0.2,0.3,0.25
2026-09-24,call,7400.0,359.1,380.9,370.0
2026-09-24,put,7400.0,0.2,0.3,0.25
2026-09-24,call,7405.0,354.0,375.9,364.95
2026-09-24,put,7405.0,0.2,0.3,0.25
2026-09-24,call,7410.0,349.0,370.9,359.95
2026-09-24,put,7410.0,0.2,0.3,0.25
2026-09-24,call,7415.0,344.1,366.0,355.05
2026-09-24,put,7415.0,0.2,0.3,0.25
2026-09-24,call,7420.0,339.1,360.7,349.9
2026-09-24,put,7420.0,0.2,0.3,0.25
2026-09-24,call,7425.0,334.1,355.9,345.0
2026-09-24,put,7425.0,0.2,0.3,0.25
2026-09-24,call,7430.0,329.1,350.9,340.0
2026-09-24,put,7430.0,0.2,0.3,0.25
2026-09-24,call,7435.0,324.1,346.0,335.05
2026-09-24,put,7435.0,0.25,0.3,0.275
2026-09-24,call,7440.0,319.2,340.9,330.04999999999995
2026-09-24,put,7440.0,0.25,0.35,0.3
2026-09-24,call,7445.0,314.2,335.9,325.04999999999995
2026-09-24,put,7445.0,0.25,0.35,0.3
2026-09-24,call,7450.0,309.1,331.0,320.05
2026-09-24,put,7450.0,0.25,0.35,0.3
2026-09-24,call,7455.0,304.1,325.8,314.95000000000005
2026-09-24,put,7455.0,0.25,0.35,0.3
2026-09-24,call,7460.0,299.1,320.9,310.0
2026-09-24,put,7460.0,0.25,0.35,0.3
2026-09-24,call,7465.0,294.1,316.1,305.1
2026-09-24,put,7465.0,0.25,0.35,0.3
2026-09-24,call,7470.0,289.1,311.1,300.1
2026-09-24,put,7470.0,0.3,0.4,0.35
2026-09-24,call,7475.0,284.1,306.0,295.05
2026-09-24,put,7475.0,0.3,0.4,0.35
2026-09-24,call,7480.0,279.1,301.1,290.1
2026-09-24,put,7480.0,0.3,0.4,0.35
2026-09-24,call,7485.0,274.2,296.0,285.1
2026-09-24,put,7485.0,0.3,0.4,0.35
2026-09-24,call,7490.0,269.2,290.9,280.04999999999995
2026-09-24,put,7490.0,0.3,0.4,0.35
2026-09-24,call,7495.0,264.2,285.8,275.0
2026-09-24,put,7495.0,0.35,0.4,0.375
2026-09-24,call,7500.0,259.2,281.0,270.1
2026-09-24,put,7500.0,0.35,0.45,0.4
2026-09-24,call,7505.0,254.2,276.1,265.15
2026-09-24,put,7505.0,0.35,0.45,0.4
2026-09-24,call,7510.0,249.3,271.1,260.20000000000005
2026-09-24,put,7510.0,0.35,0.45,0.4
2026-09-24,call,7515.0,244.3,266.2,255.25
2026-09-24,put,7515.0,0.35,0.45,0.4
2026-09-24,call,7520.0,239.3,261.1,250.20000000000002
2026-09-24,put,7520.0,0.4,0.5,0.45
2026-09-24,call,7525.0,234.3,256.1,245.20000000000002
2026-09-24,put,7525.0,0.4,0.5,0.45
2026-09-24,call,7530.0,229.3,251.1,240.2
2026-09-24,put,7530.0,0.4,0.5,0.45
2026-09-24,call,7535.0,224.3,246.1,235.2
2026-09-24,put,7535.0,0.45,0.55,0.5
2026-09-24,call,7540.0,219.3,241.1,230.2
2026-09-24,put,7540.0,0.45,0.55,0.5
2026-09-24,call,7545.0,214.3,236.2,225.25
2026-09-24,put,7545.0,0.45,0.55,0.5
2026-09-24,call,7550.0,209.4,231.3,220.35000000000002
2026-09-24,put,7550.0,0.5,0.6,0.55
2026-09-24,call,7555.0,204.4,226.2,215.3
2026-09-24,put,7555.0,0.5,0.6,0.55
2026-09-24,call,7560.0,200.3,219.4,209.85000000000002
2026-09-24,put,7560.0,0.55,0.65,0.6000000000000001
2026-09-24,call,7565.0,196.4,214.3,205.35000000000002
2026-09-24,put,7565.0,0.55,0.65,0.6000000000000001
2026-09-24,call,7570.0,191.5,209.4,200.45
2026-09-24,put,7570.0,0.6,0.7,0.6499999999999999
2026-09-24,call,7575.0,186.5,204.3,195.4
2026-09-24,put,7575.0,0.65,0.75,0.7
2026-09-24,call,7580.0,181.5,199.2,190.35
2026-09-24,put,7580.0,0.65,0.75,0.7
2026-09-24,call,7585.0,176.6,194.7,185.64999999999998
2026-09-24,put,7585.0,0.7,0.8,0.75
2026-09-24,call,7590.0,171.7,189.7,180.7
2026-09-24,put,7590.0,0.75,0.85,0.8
2026-09-24,call,7595.0,176.8,178.0,177.4
2026-09-24,put,7595.0,0.8,0.9,0.8500000000000001
2026-09-24,call,7600.0,171.9,173.0,172.45
2026-09-24,put,7600.0,0.85,0.95,0.8999999999999999
2026-09-24,call,7605.0,156.8,174.9,165.85000000000002
2026-09-24,put,7605.0,0.9,1.0,0.95
2026-09-24,call,7610.0,162.0,163.1,162.55
2026-09-24,put,7610.0,0.95,1.05,1.0
2026-09-24,call,7615.0,157.1,158.2,157.64999999999998
2026-09-24,put,7615.0,1.0,1.1,1.05
2026-09-24,call,7620.0,142.0,160.1,151.05
2026-09-24,put,7620.0,1.05,1.2,1.125
2026-09-24,call,7625.0,147.2,148.4,147.8
2026-09-24,put,7625.0,1.15,1.3,1.225
2026-09-24,call,7630.0,132.1,150.3,141.2
2026-09-24,put,7630.0,1.25,1.35,1.3
2026-09-24,call,7635.0,127.2,145.4,136.3
2026-09-24,put,7635.0,1.35,1.45,1.4
2026-09-24,call,7640.0,132.5,133.6,133.05
2026-09-24,put,7640.0,1.45,1.6,1.525
2026-09-24,call,7645.0,127.6,128.8,128.2
2026-09-24,put,7645.0,1.55,1.7,1.625
2026-09-24,call,7650.0,122.8,123.9,123.35
2026-09-24,put,7650.0,1.7,1.85,1.775
2026-09-24,call,7655.0,117.9,119.1,118.5
2026-09-24,put,7655.0,1.85,2.0,1.925
2026-09-24,call,7660.0,113.1,114.2,113.65
2026-09-24,put,7660.0,2.0,2.15,2.075
2026-09-24,call,7665.0,108.3,109.4,108.85
2026-09-24,put,7665.0,2.2,2.35,2.2750000000000004
2026-09-24,call,7670.0,103.5,104.6,104.05
2026-09-24,put,7670.0,2.4,2.55,2.4749999999999996
2026-09-24,call,7675.0,98.8,99.8,99.3
2026-09-24,put,7675.0,2.65,2.8,2.7249999999999996
2026-09-24,call,7680.0,94.0,95.0,94.5
2026-09-24,put,7680.0,2.9,3.1,3.0
2026-09-24,call,7685.0,89.3,90.3,89.8
2026-09-24,put,7685.0,3.2,3.4,3.3
2026-09-24,call,7690.0,84.6,85.7,85.15
2026-09-24,put,7690.0,3.5,3.7,3.6
2026-09-24,call,7695.0,80.0,81.0,80.5
2026-09-24,put,7695.0,3.9,4.1,4.0
2026-09-24,call,7700.0,75.4,76.4,75.9
2026-09-24,put,7700.0,4.3,4.5,4.4
2026-09-24,call,7705.0,70.9,71.9,71.4
2026-09-24,put,7705.0,4.8,5.0,4.9
2026-09-24,call,7710.0,66.4,67.4,66.9
2026-09-24,put,7710.0,5.3,5.5,5.4
2026-09-24,call,7715.0,62.0,63.1,62.55
2026-09-24,put,7715.0,5.9,6.1,6.0
2026-09-24,call,7720.0,57.7,58.8,58.25
2026-09-24,put,7720.0,6.6,6.8,6.699999999999999
2026-09-24,call,7725.0,53.4,54.5,53.95
2026-09-24,put,7725.0,7.3,7.6,7.449999999999999
2026-09-24,call,7730.0,49.3,50.4,49.849999999999994
2026-09-24,put,7730.0,8.2,8.5,8.35
2026-09-24,call,7735.0,45.4,46.4,45.9
2026-09-24,put,7735.0,9.2,9.5,9.35
2026-09-24,call,7740.0,41.7,42.1,41.900000000000006
2026-09-24,put,7740.0,10.3,10.6,10.45
2026-09-24,call,7745.0,38.1,38.4,38.25
2026-09-24,put,7745.0,11.6,11.8,11.7
2026-09-24,call,7750.0,34.5,34.8,34.65
2026-09-24,put,7750.0,13.0,13.3,13.15
2026-09-24,call,7755.0,31.1,31.4,31.25
2026-09-24,put,7755.0,14.6,14.9,14.75
2026-09-24,call,7760.0,27.9,28.2,28.049999999999997
2026-09-24,put,7760.0,16.4,16.7,16.549999999999997
2026-09-24,call,7765.0,24.9,25.2,25.049999999999997
2026-09-24,put,7765.0,18.4,18.7,18.549999999999997
2026-09-24,call,7770.0,22.1,22.4,22.25
2026-09-24,put,7770.0,20.6,20.9,20.75
2026-09-24,call,7775.0,19.5,19.8,19.65
2026-09-24,put,7775.0,23.0,23.3,23.15
2026-09-24,call,7780.0,17.2,17.5,17.35
2026-09-24,put,7780.0,25.6,26.0,25.8
2026-09-24,call,7785.0,15.0,15.3,15.15
2026-09-24,put,7785.0,28.5,28.8,28.65
2026-09-24,call,7790.0,13.1,13.4,13.25
2026-09-24,put,7790.0,31.5,31.9,31.7
2026-09-24,call,7795.0,11.4,11.6,11.5
2026-09-24,put,7795.0,34.8,35.1,34.95
2026-09-24,call,7800.0,9.8,10.1,9.95
2026-09-24,put,7800.0,37.9,38.9,38.4
2026-09-24,call,7805.0,8.5,8.7,8.6
2026-09-24,put,7805.0,41.5,42.5,42.0
2026-09-24,call,7810.0,7.3,7.4,7.35
2026-09-24,put,7810.0,45.3,46.4,45.849999999999994
2026-09-24,call,7815.0,6.2,6.4,6.300000000000001
2026-09-24,put,7815.0,49.3,50.3,49.8
2026-09-24,call,7820.0,5.3,5.5,5.4
2026-09-24,put,7820.0,53.4,54.4,53.9
2026-09-24,call,7825.0,4.6,4.8,4.699999999999999
2026-09-24,put,7825.0,57.6,58.7,58.150000000000006
2026-09-24,call,7830.0,3.9,4.1,4.0
2026-09-24,put,7830.0,61.9,63.0,62.45
2026-09-24,call,7835.0,3.4,3.6,3.5
2026-09-24,put,7835.0,66.4,67.5,66.95
2026-09-24,call,7840.0,2.9,3.0,2.95
2026-09-24,put,7840.0,70.9,72.0,71.45
2026-09-24,call,7845.0,2.5,2.65,2.575
2026-09-24,put,7845.0,75.5,76.6,76.05
2026-09-24,call,7850.0,2.15,2.3,2.2249999999999996
2026-09-24,put,7850.0,80.1,81.2,80.65
2026-09-24,call,7855.0,1.9,2.0,1.95
2026-09-24,put,7855.0,84.8,85.9,85.35
2026-09-24,call,7860.0,1.65,1.75,1.7
2026-09-24,put,7860.0,89.5,90.7,90.1
2026-09-24,call,7865.0,1.45,1.55,1.5
2026-09-24,put,7865.0,94.3,95.5,94.9
2026-09-24,call,7870.0,1.25,1.3,1.275
2026-09-24,put,7870.0,99.1,100.3,99.69999999999999
2026-09-24,call,7875.0,1.1,1.25,1.175
2026-09-24,put,7875.0,104.0,105.1,104.55
2026-09-24,call,7880.0,1.0,1.1,1.05
2026-09-24,put,7880.0,108.9,110.0,109.45
2026-09-24,call,7885.0,0.85,1.0,0.925
2026-09-24,put,7885.0,107.4,124.5,115.95
2026-09-24,call,7890.0,0.8,0.9,0.8500000000000001
2026-09-24,put,7890.0,112.3,129.4,120.85
2026-09-24,call,7895.0,0.7,0.8,0.75
2026-09-24,put,7895.0,117.2,134.4,125.80000000000001
2026-09-24,call,7900.0,0.7,0.75,0.725
2026-09-24,put,7900.0,128.5,129.7,129.1
2026-09-24,call,7905.0,0.6,0.7,0.6499999999999999
2026-09-24,put,7905.0,127.1,144.3,135.7
2026-09-24,call,7910.0,0.55,0.65,0.6000000000000001
2026-09-24,put,7910.0,132.1,149.2,140.64999999999998
2026-09-24,call,7915.0,0.5,0.6,0.55
2026-09-24,put,7915.0,137.0,154.2,145.6
2026-09-24,call,7920.0,0.45,0.55,0.5
2026-09-24,put,7920.0,142.0,159.1,150.55
2026-09-24,call,7925.0,0.4,0.5,0.45
2026-09-24,put,7925.0,147.0,164.1,155.55
2026-09-24,call,7930.0,0.4,0.5,0.45
2026-09-24,put,7930.0,152.2,169.0,160.6
2026-09-24,call,7935.0,0.35,0.45,0.4
2026-09-24,put,7935.0,157.2,173.9,165.55
2026-09-24,call,7940.0,0.35,0.45,0.4
2026-09-24,put,7940.0,161.9,178.9,170.4
2026-09-24,call,7945.0,0.3,0.4,0.35
2026-09-24,put,7945.0,166.9,183.9,175.4
2026-09-24,call,7950.0,0.3,0.4,0.35
2026-09-24,put,7950.0,171.9,188.9,180.4
2026-09-24,call,7955.0,0.25,0.35,0.3
2026-09-24,put,7955.0,176.9,193.9,185.4
2026-09-24,call,7960.0,0.25,0.35,0.3
2026-09-24,put,7960.0,181.8,198.8,190.3
2026-09-24,call,7965.0,0.25,0.35,0.3
2026-09-24,put,7965.0,186.8,203.8,195.3
2026-09-24,call,7970.0,0.25,0.35,0.3
2026-09-24,put,7970.0,192.0,208.7,200.35
2026-09-24,call,7975.0,0.2,0.3,0.25
2026-09-24,put,7975.0,195.2,213.7,204.45
2026-09-24,call,7980.0,0.2,0.3,0.25
2026-09-24,put,7980.0,200.2,218.7,209.45
2026-09-24,call,7985.0,0.2,0.3,0.25
2026-09-24,put,7985.0,204.7,225.7,215.2
2026-09-24,call,7990.0,0.2,0.3,0.25
2026-09-24,put,7990.0,209.6,230.7,220.14999999999998
2026-09-24,call,7995.0,0.15,0.25,0.2
2026-09-24,put,7995.0,214.5,235.7,225.1
2026-09-24,call,8000.0,0.15,0.25,0.2
2026-09-24,put,8000.0,219.7,240.6,230.14999999999998
2026-09-24,call,8010.0,0.15,0.25,0.2
2026-09-24,put,8010.0,229.5,253.5,241.5
2026-09-24,call,8020.0,0.15,0.2,0.175
2026-09-24,put,8020.0,239.4,263.4,251.39999999999998
2026-09-24,call,8025.0,0.1,0.2,0.15000000000000002
2026-09-24,put,8025.0,244.5,268.5,256.5
2026-09-24,call,8030.0,0.1,0.2,0.15000000000000002
2026-09-24,put,8030.0,249.4,273.4,261.4
2026-09-24,call,8040.0,0.1,0.2,0.15000000000000002
2026-09-24,put,8040.0,259.4,283.4,271.4
2026-09-24,call,8050.0,0.1,0.2,0.15000000000000002
2026-09-24,put,8050.0,269.4,293.4,281.4
2026-09-24,call,8060.0,0.1,0.15,0.125
2026-09-24,put,8060.0,279.5,303.5,291.5
2026-09-24,call,8070.0,0.05,0.15,0.1
2026-09-24,put,8070.0,289.6,313.6,301.6
2026-09-24,call,8075.0,0.05,0.15,0.1
2026-09-24,put,8075.0,294.5,318.5,306.5
2026-09-24,call,8100.0,0.05,0.15,0.1
2026-09-24,put,8100.0,319.4,343.4,331.4
2026-09-24,call,8125.0,0.05,0.1,0.07500000000000001
2026-09-24,put,8125.0,344.6,368.6,356.6
2026-09-24,call,8150.0,0.05,0.1,0.07500000000000001
2026-09-24,put,8150.0,369.4,393.4,381.4
2026-09-24,put,8175.0,394.4,418.4,406.4
2026-09-24,put,8200.0,419.4,443.4,431.4
2026-09-24,put,8225.0,444.5,468.5,456.5
2026-09-24,put,8250.0,469.4,493.4,481.4
2026-09-24,put,8275.0,494.4,518.4,506.4
2026-09-24,put,8300.0,519.6,543.6,531.6
2026-09-24,put,8400.0,619.5,643.5,631.5
2026-09-24,put,8500.0,719.3,743.3,731.3
2026-09-24,put,8600.0,819.4,843.4,831.4
2026-09-24,put,8800.0,1019.4,1043.4,1031.4
2026-09-24,put,9000.0,1219.2,1243.2,1231.2
2026-09-24,put,9200.0,1419.2,1443.2,1431.2
2026-09-24,put,9400.0,1619.1,1643.1,1631.1
2026-09-24,put,9600.0,1819.3,1843.3,1831.3
2026-09-24,put,9800.0,2019.1,2043.1,2031.1
2026-09-24,put,10000.0,2219.2,2243.2,2231.2
2026-09-25,call,3200.0,4557.4,4581.4,4569.4
2026-09-25,call,3400.0,4357.5,4381.5,4369.5
2026-09-25,call,3600.0,4157.7,4181.7,4169.7
2026-09-25,call,3800.0,3957.7,3981.7,3969.7
2026-09-25,call,4000.0,3757.9,3781.9,3769.9
2026-09-25,call,4200.0,3557.9,3581.9,3569.9
2026-09-25,call,4400.0,3357.9,3381.9,3369.9
2026-09-25,call,4600.0,3158.0,3182.0,3170.0
2026-09-25,call,4800.0,2958.0,2982.0,2970.0
2026-09-25,call,5000.0,2758.3,2782.3,2770.3
2026-09-25,call,5200.0,2558.3,2582.3,2570.3
2026-09-25,call,5400.0,2358.3,2382.3,2370.3
2026-09-25,call,5600.0,2158.4,2182.4,2170.4
2026-09-25,call,5700.0,2058.5,2082.5,2070.5
2026-09-25,call,5800.0,1958.5,1982.5,1970.5
2026-09-25,call,5900.0,1858.5,1882.5,1870.5
2026-09-25,call,6000.0,1772.5,1774.5,1773.5
2026-09-25,call,6050.0,1708.6,1732.6,1720.6
2026-09-25,call,6075.0,1683.6,1707.6,1695.6
2026-09-25,call,6100.0,1658.7,1682.7,1670.7
2026-09-25,call,6125.0,1633.7,1657.7,1645.7
2026-09-25,call,6150.0,1608.7,1632.7,1620.7
2026-09-25,call,6175.0,1583.7,1607.7,1595.7
2026-09-25,call,6200.0,1558.7,1582.7,1570.7
2026-09-25,call,6225.0,1533.7,1557.7,1545.7
2026-09-25,call,6250.0,1508.7,1532.7,1520.7
2026-09-25,put,6250.0,0.05,0.1,0.07500000000000001
2026-09-25,call,6275.0,1483.8,1507.8,1495.8
2026-09-25,call,6300.0,1458.8,1482.8,1470.8
2026-09-25,put,6300.0,0.05,0.1,0.07500000000000001
2026-09-25,call,6325.0,1433.8,1457.8,1445.8
2026-09-25,call,6350.0,1408.7,1432.7,1420.7
2026-09-25,put,6350.0,0.05,0.1,0.07500000000000001
2026-09-25,call,6375.0,1383.8,1407.8,1395.8
2026-09-25,call,6400.0,1358.6,1382.6,1370.6
2026-09-25,put,6400.0,0.05,0.1,0.07500000000000001
2026-09-25,call,6425.0,1333.8,1357.8,1345.8
2026-09-25,call,6450.0,1308.9,1332.9,1320.9
2026-09-25,call,6475.0,1283.8,1307.8,1295.8
2026-09-25,call,6500.0,1258.9,1282.9,1270.9
2026-09-25,put,6500.0,0.05,0.1,0.07500000000000001
2026-09-25,call,6525.0,1233.8,1257.8,1245.8
2026-09-25,call,6550.0,1208.9,1232.9,1220.9
2026-09-25,call,6575.0,1183.9,1207.9,1195.9
2026-09-25,call,6600.0,1159.0,1183.0,1171.0
2026-09-25,put,6600.0,0.05,0.1,0.07500000000000001
2026-09-25,call,6625.0,1133.9,1157.9,1145.9
2026-09-25,put,6625.0,0.05,0.1,0.07500000000000001
2026-09-25,call,6650.0,1108.9,1132.9,1120.9
2026-09-25,put,6650.0,0.05,0.1,0.07500000000000001
2026-09-25,call,6660.0,1099.0,1123.0,1111.0
2026-09-25,put,6660.0,0.05,0.1,0.07500000000000001
2026-09-25,call,6670.0,1088.9,1112.9,1100.9
2026-09-25,put,6670.0,0.05,0.1,0.07500000000000001
2026-09-25,call,6675.0,1083.8,1107.8,1095.8
2026-09-25,put,6675.0,0.05,0.1,0.07500000000000001
2026-09-25,call,6680.0,1078.7,1102.7,1090.7
2026-09-25,put,6680.0,0.05,0.1,0.07500000000000001
2026-09-25,call,6690.0,1069.0,1093.0,1081.0
2026-09-25,put,6690.0,0.05,0.15,0.1
2026-09-25,call,6700.0,1059.0,1083.0,1071.0
2026-09-25,put,6700.0,0.05,0.15,0.1
2026-09-25,call,6710.0,1048.9,1072.9,1060.9
2026-09-25,put,6710.0,0.05,0.15,0.1
2026-09-25,call,6720.0,1039.0,1063.0,1051.0
2026-09-25,put,6720.0,0.05,0.15,0.1
2026-09-25,call,6725.0,1033.8,1057.8,1045.8
2026-09-25,put,6725.0,0.05,0.15,0.1
2026-09-25,call,6730.0,1028.9,1052.9,1040.9
2026-09-25,put,6730.0,0.05,0.15,0.1
2026-09-25,call,6740.0,1019.1,1043.1,1031.1
2026-09-25,put,6740.0,0.05,0.15,0.1
2026-09-25,call,6750.0,1009.0,1033.0,1021.0
2026-09-25,put,6750.0,0.05,0.15,0.1
2026-09-25,call,6760.0,998.9,1022.9,1010.9
2026-09-25,put,6760.0,0.05,0.15,0.1
2026-09-25,call,6770.0,988.9,1012.9,1000.9
2026-09-25,put,6770.0,0.1,0.15,0.125
2026-09-25,call,6775.0,984.0,1008.0,996.0
2026-09-25,put,6775.0,0.1,0.15,0.125
2026-09-25,call,6780.0,978.9,1002.9,990.9
2026-09-25,put,6780.0,0.1,0.15,0.125
2026-09-25,call,6790.0,969.0,993.0,981.0
2026-09-25,put,6790.0,0.05,0.15,0.1
2026-09-25,call,6800.0,959.0,983.0,971.0
2026-09-25,put,6800.0,0.05,0.15,0.1
2026-09-25,call,6810.0,949.0,973.0,961.0
2026-09-25,put,6810.0,0.05,0.15,0.1
2026-09-25,call,6820.0,939.0,963.0,951.0
2026-09-25,put,6820.0,0.05,0.15,0.1
2026-09-25,call,6825.0,934.0,958.0,946.0
2026-09-25,put,6825.0,0.05,0.15,0.1
2026-09-25,call,6830.0,929.0,953.0,941.0
2026-09-25,put,6830.0,0.05,0.15,0.1
2026-09-25,call,6840.0,919.0,943.0,931.0
2026-09-25,put,6840.0,0.05,0.15,0.1
2026-09-25,call,6850.0,909.1,933.1,921.1
2026-09-25,put,6850.0,0.05,0.15,0.1
2026-09-25,call,6860.0,899.1,923.1,911.1
2026-09-25,put,6860.0,0.05,0.15,0.1
2026-09-25,call,6870.0,889.1,913.1,901.1
2026-09-25,put,6870.0,0.05,0.15,0.1
2026-09-25,call,6875.0,884.1,908.1,896.1
2026-09-25,put,6875.0,0.05,0.15,0.1
2026-09-25,call,6880.0,879.0,903.0,891.0
2026-09-25,put,6880.0,0.1,0.15,0.125
2026-09-25,call,6890.0,869.1,893.1,881.1
2026-09-25,put,6890.0,0.1,0.15,0.125
2026-09-25,call,6900.0,859.1,883.1,871.1
2026-09-25,put,6900.0,0.1,0.15,0.125
2026-09-25,call,6910.0,848.9,872.9,860.9
2026-09-25,put,6910.0,0.1,0.15,0.125
2026-09-25,call,6920.0,839.1,863.1,851.1
2026-09-25,put,6920.0,0.1,0.2,0.15000000000000002
2026-09-25,call,6925.0,834.1,858.1,846.1
2026-09-25,put,6925.0,0.1,0.2,0.15000000000000002
2026-09-25,call,6930.0,829.1,853.1,841.1
2026-09-25,put,6930.0,0.1,0.2,0.15000000000000002
2026-09-25,call,6940.0,818.9,842.9,830.9
2026-09-25,put,6940.0,0.1,0.2,0.15000000000000002
2026-09-25,call,6950.0,809.1,833.1,821.1
2026-09-25,put,6950.0,0.1,0.2,0.15000000000000002
2026-09-25,call,6960.0,799.1,823.1,811.1
2026-09-25,put,6960.0,0.1,0.2,0.15000000000000002
2026-09-25,call,6970.0,789.0,813.0,801.0
2026-09-25,put,6970.0,0.1,0.2,0.15000000000000002
2026-09-25,call,6975.0,784.2,808.2,796.2
2026-09-25,put,6975.0,0.1,0.2,0.15000000000000002
2026-09-25,call,6980.0,779.1,803.1,791.1
2026-09-25,put,6980.0,0.1,0.2,0.15000000000000002
2026-09-25,call,6990.0,769.1,793.1,781.1
2026-09-25,put,6990.0,0.1,0.2,0.15000000000000002
2026-09-25,call,7000.0,773.3,774.8,774.05
2026-09-25,put,7000.0,0.1,0.2,0.15000000000000002
2026-09-25,call,7010.0,749.2,773.2,761.2
2026-09-25,put,7010.0,0.1,0.2,0.15000000000000002
2026-09-25,call,7020.0,739.2,763.2,751.2
2026-09-25,put,7020.0,0.1,0.2,0.15000000000000002
2026-09-25,call,7025.0,734.2,758.2,746.2
2026-09-25,put,7025.0,0.15,0.2,0.175
2026-09-25,call,7030.0,729.2,753.2,741.2
2026-09-25,put,7030.0,0.15,0.2,0.175
2026-09-25,call,7040.0,719.2,743.2,731.2
2026-09-25,put,7040.0,0.15,0.2,0.175
2026-09-25,call,7050.0,709.3,733.3,721.3
2026-09-25,put,7050.0,0.15,0.25,0.2
2026-09-25,call,7060.0,699.3,723.3,711.3
2026-09-25,put,7060.0,0.15,0.25,0.2
2026-09-25,call,7070.0,689.2,713.2,701.2
2026-09-25,put,7070.0,0.15,0.25,0.2
2026-09-25,call,7075.0,684.5,708.3,696.4
2026-09-25,put,7075.0,0.15,0.25,0.2
2026-09-25,call,7080.0,679.2,703.2,691.2
2026-09-25,put,7080.0,0.15,0.25,0.2
2026-09-25,call,7090.0,669.2,693.2,681.2
2026-09-25,put,7090.0,0.15,0.25,0.2
2026-09-25,call,7100.0,659.3,683.3,671.3
2026-09-25,put,7100.0,0.15,0.25,0.2
2026-09-25,call,7105.0,654.3,678.3,666.3
2026-09-25,put,7105.0,0.15,0.25,0.2
2026-09-25,call,7110.0,649.1,673.1,661.1
2026-09-25,put,7110.0,0.15,0.25,0.2
2026-09-25,call,7115.0,644.3,668.3,656.3
2026-09-25,put,7115.0,0.15,0.25,0.2
2026-09-25,call,7120.0,639.2,663.2,651.2
2026-09-25,put,7120.0,0.2,0.25,0.225
2026-09-25,call,7125.0,634.2,658.2,646.2
2026-09-25,put,7125.0,0.2,0.25,0.225
2026-09-25,call,7130.0,629.2,653.2,641.2
2026-09-25,put,7130.0,0.2,0.25,0.225
2026-09-25,call,7135.0,624.3,648.3,636.3
2026-09-25,put,7135.0,0.2,0.3,0.25
2026-09-25,call,7140.0,619.4,643.4,631.4
2026-09-25,put,7140.0,0.2,0.3,0.25
2026-09-25,call,7145.0,614.3,638.3,626.3
2026-09-25,put,7145.0,0.2,0.3,0.25
2026-09-25,call,7150.0,609.2,633.2,621.2
2026-09-25,put,7150.0,0.2,0.3,0.25
2026-09-25,call,7155.0,604.3,628.3,616.3
2026-09-25,put,7155.0,0.2,0.3,0.25
2026-09-25,call,7160.0,599.3,623.3,611.3
2026-09-25,put,7160.0,0.2,0.3,0.25
2026-09-25,call,7165.0,594.2,618.2,606.2
2026-09-25,put,7165.0,0.2,0.3,0.25
2026-09-25,call,7170.0,589.3,613.3,601.3
2026-09-25,put,7170.0,0.2,0.3,0.25
2026-09-25,call,7175.0,584.1,608.1,596.1
2026-09-25,put,7175.0,0.2,0.3,0.25
2026-09-25,call,7180.0,579.1,603.1,591.1
2026-09-25,put,7180.0,0.2,0.3,0.25
2026-09-25,call,7185.0,574.5,598.5,586.5
2026-09-25,put,7185.0,0.2,0.3,0.25
2026-09-25,call,7190.0,569.4,593.4,581.4
2026-09-25,put,7190.0,0.2,0.3,0.25
2026-09-25,call,7195.0,564.3,588.3,576.3
2026-09-25,put,7195.0,0.25,0.3,0.275
2026-09-25,call,7200.0,559.3,583.3,571.3
2026-09-25,put,7200.0,0.25,0.35,0.3
2026-09-25,call,7205.0,554.2,578.2,566.2
2026-09-25,put,7205.0,0.25,0.35,0.3
2026-09-25,call,7210.0,549.3,573.3,561.3
2026-09-25,put,7210.0,0.25,0.35,0.3
2026-09-25,call,7215.0,544.4,568.4,556.4
2026-09-25,put,7215.0,0.25,0.35,0.3
2026-09-25,call,7220.0,539.4,563.4,551.4
2026-09-25,put,7220.0,0.25,0.35,0.3
2026-09-25,call,7225.0,534.4,558.4,546.4
2026-09-25,put,7225.0,0.25,0.35,0.3
2026-09-25,call,7230.0,529.4,553.4,541.4
2026-09-25,put,7230.0,0.25,0.35,0.3
2026-09-25,call,7235.0,524.4,548.4,536.4
2026-09-25,put,7235.0,0.25,0.35,0.3
2026-09-25,call,7240.0,519.4,543.4,531.4
2026-09-25,put,7240.0,0.25,0.35,0.3
2026-09-25,call,7245.0,514.5,538.5,526.5
2026-09-25,put,7245.0,0.25,0.35,0.3
2026-09-25,call,7250.0,509.5,533.5,521.5
2026-09-25,put,7250.0,0.25,0.35,0.3
2026-09-25,call,7255.0,504.2,528.2,516.2
2026-09-25,put,7255.0,0.3,0.35,0.32499999999999996
2026-09-25,call,7260.0,499.5,523.5,511.5
2026-09-25,put,7260.0,0.3,0.4,0.35
2026-09-25,call,7265.0,496.9,518.5,507.7
2026-09-25,put,7265.0,0.3,0.4,0.35
2026-09-25,call,7270.0,491.9,513.4,502.65
2026-09-25,put,7270.0,0.3,0.4,0.35
2026-09-25,call,7275.0,486.9,508.3,497.6
2026-09-25,put,7275.0,0.3,0.4,0.35
2026-09-25,call,7280.0,481.9,503.4,492.65
2026-09-25,put,7280.0,0.3,0.4,0.35
2026-09-25,call,7285.0,476.9,498.5,487.7
2026-09-25,put,7285.0,0.3,0.4,0.35
2026-09-25,call,7290.0,471.9,493.6,482.75
2026-09-25,put,7290.0,0.3,0.4,0.35
2026-09-25,call,7295.0,466.9,488.5,477.7
2026-09-25,put,7295.0,0.3,0.4,0.35
2026-09-25,call,7300.0,473.7,475.0,474.35
2026-09-25,put,7300.0,0.3,0.4,0.35
2026-09-25,call,7305.0,456.9,478.5,467.7
2026-09-25,put,7305.0,0.35,0.4,0.375
2026-09-25,call,7310.0,451.9,473.6,462.75
2026-09-25,put,7310.0,0.35,0.45,0.4
2026-09-25,call,7315.0,446.9,468.6,457.75
2026-09-25,put,7315.0,0.35,0.45,0.4
2026-09-25,call,7320.0,442.0,463.6,452.8
2026-09-25,put,7320.0,0.35,0.45,0.4
2026-09-25,call,7325.0,437.0,458.4,447.7
2026-09-25,put,7325.0,0.35,0.45,0.4
2026-09-25,call,7330.0,432.0,453.5,442.75
2026-09-25,put,7330.0,0.35,0.45,0.4
2026-09-25,call,7335.0,427.0,448.5,437.75
2026-09-25,put,7335.0,0.35,0.45,0.4
2026-09-25,call,7340.0,422.0,443.7,432.85
2026-09-25,put,7340.0,0.35,0.45,0.4
2026-09-25,call,7345.0,417.0,438.6,427.8
2026-09-25,put,7345.0,0.35,0.45,0.4
2026-09-25,call,7350.0,411.9,433.6,422.75
2026-09-25,put,7350.0,0.4,0.5,0.45
2026-09-25,call,7355.0,406.9,428.7,417.79999999999995
2026-09-25,put,7355.0,0.4,0.5,0.45
2026-09-25,call,7360.0,401.9,423.6,412.75
2026-09-25,put,7360.0,0.4,0.5,0.45
2026-09-25,call,7365.0,396.9,418.6,407.75
2026-09-25,put,7365.0,0.4,0.5,0.45
2026-09-25,call,7370.0,391.9,413.6,402.75
2026-09-25,put,7370.0,0.4,0.5,0.45
2026-09-25,call,7375.0,386.9,408.6,397.75
2026-09-25,put,7375.0,0.4,0.5,0.45
2026-09-25,call,7380.0,381.9,403.7,392.79999999999995
2026-09-25,put,7380.0,0.4,0.5,0.45
2026-09-25,call,7385.0,376.9,398.5,387.7
2026-09-25,put,7385.0,0.45,0.55,0.5
2026-09-25,call,7390.0,371.9,393.8,382.85
2026-09-25,put,7390.0,0.45,0.55,0.5
2026-09-25,call,7395.0,366.9,388.7,377.79999999999995
2026-09-25,put,7395.0,0.45,0.55,0.5
2026-09-25,call,7400.0,361.9,383.7,372.79999999999995
2026-09-25,put,7400.0,0.45,0.55,0.5
2026-09-25,call,7405.0,356.9,378.7,367.79999999999995
2026-09-25,put,7405.0,0.45,0.55,0.5
2026-09-25,call,7410.0,351.9,373.7,362.79999999999995
2026-09-25,put,7410.0,0.45,0.55,0.5
2026-09-25,call,7415.0,346.9,368.8,357.85
2026-09-25,put,7415.0,0.5,0.6,0.55
2026-09-25,call,7420.0,341.9,363.7,352.79999999999995
2026-09-25,put,7420.0,0.5,0.6,0.55
2026-09-25,call,7425.0,336.9,358.8,347.85
2026-09-25,put,7425.0,0.5,0.6,0.55
2026-09-25,call,7430.0,331.9,353.8,342.85
2026-09-25,put,7430.0,0.5,0.6,0.55
2026-09-25,call,7435.0,327.0,348.8,337.9
2026-09-25,put,7435.0,0.55,0.65,0.6000000000000001
2026-09-25,call,7440.0,322.0,343.7,332.85
2026-09-25,put,7440.0,0.55,0.65,0.6000000000000001
2026-09-25,call,7445.0,317.0,338.9,327.95
2026-09-25,put,7445.0,0.55,0.65,0.6000000000000001
2026-09-25,call,7450.0,312.0,333.8,322.9
2026-09-25,put,7450.0,0.55,0.65,0.6000000000000001
2026-09-25,call,7455.0,307.1,328.7,317.9
2026-09-25,put,7455.0,0.6,0.7,0.6499999999999999
2026-09-25,call,7460.0,302.1,323.9,313.0
2026-09-25,put,7460.0,0.6,0.7,0.6499999999999999
2026-09-25,call,7465.0,297.1,318.7,307.9
2026-09-25,put,7465.0,0.6,0.7,0.6499999999999999
2026-09-25,call,7470.0,292.1,313.9,303.0
2026-09-25,put,7470.0,0.65,0.75,0.7
2026-09-25,call,7475.0,287.2,308.9,298.04999999999995
2026-09-25,put,7475.0,0.65,0.75,0.7
2026-09-25,call,7480.0,282.2,304.0,293.1
2026-09-25,put,7480.0,0.65,0.8,0.7250000000000001
2026-09-25,call,7485.0,277.2,299.0,288.1
2026-09-25,put,7485.0,0.7,0.8,0.75
2026-09-25,call,7490.0,272.2,294.0,283.1
2026-09-25,put,7490.0,0.7,0.8,0.75
2026-09-25,call,7495.0,267.3,289.1,278.20000000000005
2026-09-25,put,7495.0,0.75,0.85,0.8
2026-09-25,call,7500.0,262.3,284.1,273.20000000000005
2026-09-25,put,7500.0,0.8,0.85,0.825
2026-09-25,call,7505.0,257.3,279.2,268.25
2026-09-25,put,7505.0,0.8,0.9,0.8500000000000001
2026-09-25,call,7510.0,252.3,273.9,263.1
2026-09-25,put,7510.0,0.8,0.9,0.8500000000000001
2026-09-25,call,7515.0,247.3,269.2,258.25
2026-09-25,put,7515.0,0.85,0.95,0.8999999999999999
2026-09-25,call,7520.0,242.3,264.2,253.25
2026-09-25,put,7520.0,0.9,1.0,0.95
2026-09-25,call,7525.0,237.4,259.0,248.2
2026-09-25,put,7525.0,0.9,1.0,0.95
2026-09-25,call,7530.0,232.4,254.2,243.3
2026-09-25,put,7530.0,0.95,1.05,1.0
2026-09-25,call,7535.0,227.4,249.3,238.35000000000002
2026-09-25,put,7535.0,1.0,1.1,1.05
2026-09-25,call,7540.0,222.5,244.4,233.45
2026-09-25,put,7540.0,1.05,1.15,1.1
2026-09-25,call,7545.0,217.5,239.4,228.45
2026-09-25,put,7545.0,1.05,1.2,1.125
2026-09-25,call,7550.0,224.7,225.9,225.3
2026-09-25,put,7550.0,1.1,1.25,1.175
2026-09-25,call,7555.0,207.6,229.5,218.55
2026-09-25,put,7555.0,1.15,1.3,1.225
2026-09-25,call,7560.0,202.7,226.2,214.45
2026-09-25,put,7560.0,1.25,1.35,1.3
2026-09-25,call,7565.0,199.8,217.9,208.85000000000002
2026-09-25,put,7565.0,1.3,1.4,1.35
2026-09-25,call,7570.0,194.8,212.9,203.85000000000002
2026-09-25,put,7570.0,1.35,1.5,1.425
2026-09-25,call,7575.0,200.0,201.2,200.6
2026-09-25,put,7575.0,1.45,1.55,1.5
2026-09-25,call,7580.0,195.1,196.3,195.7
2026-09-25,put,7580.0,1.5,1.65,1.575
2026-09-25,call,7585.0,180.1,198.2,189.14999999999998
2026-09-25,put,7585.0,1.6,1.7,1.65
2026-09-25,call,7590.0,175.2,193.1,184.14999999999998
2026-09-25,put,7590.0,1.7,1.8,1.75
2026-09-25,call,7595.0,170.3,188.2,179.25
2026-09-25,put,7595.0,1.8,1.9,1.85
2026-09-25,call,7600.0,175.5,176.7,176.1
2026-09-25,put,7600.0,1.9,2.0,1.95
2026-09-25,call,7605.0,160.5,178.7,169.6
2026-09-25,put,7605.0,2.0,2.1,2.05
2026-09-25,call,7610.0,165.7,166.9,166.3
2026-09-25,put,7610.0,2.15,2.25,2.2
2026-09-25,call,7615.0,150.7,168.8,159.75
2026-09-25,put,7615.0,2.25,2.4,2.325
2026-09-25,call,7620.0,156.0,157.2,156.6
2026-09-25,put,7620.0,2.4,2.55,2.4749999999999996
2026-09-25,call,7625.0,151.2,152.4,151.8
2026-09-25,put,7625.0,2.55,2.7,2.625
2026-09-25,call,7630.0,146.4,147.5,146.95
2026-09-25,put,7630.0,2.75,2.85,2.8
2026-09-25,call,7635.0,141.6,142.7,142.14999999999998
2026-09-25,put,7635.0,2.95,3.1,3.0250000000000004
2026-09-25,call,7640.0,136.8,137.9,137.35000000000002
2026-09-25,put,7640.0,3.1,3.3,3.2
2026-09-25,call,7645.0,132.0,133.2,132.6
2026-09-25,put,7645.0,3.3,3.5,3.4
2026-09-25,call,7650.0,127.2,128.4,127.80000000000001
2026-09-25,put,7650.0,3.6,3.7,3.6500000000000004
2026-09-25,call,7655.0,122.5,123.7,123.1
2026-09-25,put,7655.0,3.8,4.0,3.9
2026-09-25,call,7660.0,117.8,119.0,118.4
2026-09-25,put,7660.0,4.1,4.3,4.199999999999999
2026-09-25,call,7665.0,113.1,114.3,113.69999999999999
2026-09-25,put,7665.0,4.4,4.6,4.5
2026-09-25,call,7670.0,108.5,109.6,109.05
2026-09-25,put,7670.0,4.8,5.0,4.9
2026-09-25,call,7675.0,103.9,105.0,104.45
2026-09-25,put,7675.0,5.2,5.4,5.300000000000001
2026-09-25,call,7680.0,99.3,100.4,99.85
2026-09-25,put,7680.0,5.6,5.8,5.699999999999999
2026-09-25,call,7685.0,94.8,95.9,95.35
2026-09-25,put,7685.0,6.0,6.2,6.1
2026-09-25,call,7690.0,90.2,91.4,90.80000000000001
2026-09-25,put,7690.0,6.5,6.7,6.6
2026-09-25,call,7695.0,85.8,86.9,86.35
2026-09-25,put,7695.0,7.0,7.3,7.15
2026-09-25,call,7700.0,81.4,82.5,81.95
2026-09-25,put,7700.0,7.6,7.9,7.75
2026-09-25,call,7705.0,77.0,78.2,77.6
2026-09-25,put,7705.0,8.3,8.6,8.45
2026-09-25,call,7710.0,72.8,73.9,73.35
2026-09-25,put,7710.0,9.0,9.3,9.15
2026-09-25,call,7715.0,68.6,69.7,69.15
2026-09-25,put,7715.0,9.8,10.1,9.95
2026-09-25,call,7720.0,64.5,65.6,65.05
2026-09-25,put,7720.0,10.7,11.0,10.85
2026-09-25,call,7725.0,60.4,61.5,60.95
2026-09-25,put,7725.0,11.6,11.9,11.75
2026-09-25,call,7730.0,56.7,57.2,56.95
2026-09-25,put,7730.0,12.7,13.0,12.85
2026-09-25,call,7735.0,52.9,53.4,53.15
2026-09-25,put,7735.0,13.8,14.2,14.0
2026-09-25,call,7740.0,49.3,49.7,49.5
2026-09-25,put,7740.0,15.1,15.5,15.3
2026-09-25,call,7745.0,45.7,46.1,45.900000000000006
2026-09-25,put,7745.0,16.6,16.9,16.75
2026-09-25,call,7750.0,42.2,42.6,42.400000000000006
2026-09-25,put,7750.0,18.1,18.4,18.25
2026-09-25,call,7755.0,38.9,39.3,39.099999999999994
2026-09-25,put,7755.0,19.7,20.1,19.9
2026-09-25,call,7760.0,35.7,36.1,35.900000000000006
2026-09-25,put,7760.0,21.6,21.9,21.75
2026-09-25,call,7765.0,32.7,33.1,32.900000000000006
2026-09-25,put,7765.0,23.5,23.9,23.7
2026-09-25,call,7770.0,29.8,30.2,30.0
2026-09-25,put,7770.0,25.7,26.1,25.9
2026-09-25,call,7775.0,27.2,27.5,27.35
2026-09-25,put,7775.0,28.0,28.4,28.2
2026-09-25,call,7780.0,24.6,25.0,24.8
2026-09-25,put,7780.0,30.4,30.8,30.6
2026-09-25,call,7785.0,22.3,22.6,22.450000000000003
2026-09-25,put,7785.0,33.1,33.5,33.3
2026-09-25,call,7790.0,20.1,20.4,20.25
2026-09-25,put,7790.0,35.9,36.3,36.099999999999994
2026-09-25,call,7795.0,18.1,18.4,18.25
2026-09-25,put,7795.0,38.8,39.3,39.05
2026-09-25,call,7800.0,16.2,16.5,16.35
2026-09-25,put,7800.0,42.0,42.4,42.2
2026-09-25,call,7805.0,14.5,14.8,14.65
2026-09-25,put,7805.0,45.3,45.7,45.5
2026-09-25,call,7810.0,12.9,13.2,13.05
2026-09-25,put,7810.0,48.3,49.5,48.9
2026-09-25,call,7815.0,11.5,11.8,11.65
2026-09-25,put,7815.0,51.9,53.0,52.45
2026-09-25,call,7820.0,10.2,10.5,10.35
2026-09-25,put,7820.0,55.6,56.7,56.150000000000006
2026-09-25,call,7825.0,9.1,9.3,9.2
2026-09-25,put,7825.0,59.4,60.6,60.0
2026-09-25,call,7830.0,8.0,8.3,8.15
2026-09-25,put,7830.0,63.4,64.5,63.95
2026-09-25,call,7835.0,7.1,7.3,7.199999999999999
2026-09-25,put,7835.0,67.4,68.6,68.0
2026-09-25,call,7840.0,6.3,6.5,6.4
2026-09-25,put,7840.0,64.9,82.5,73.7
2026-09-25,call,7845.0,5.5,5.8,5.65
2026-09-25,put,7845.0,75.9,77.0,76.45
2026-09-25,call,7850.0,4.9,5.1,5.0
2026-09-25,put,7850.0,80.2,81.3,80.75
2026-09-25,call,7855.0,4.3,4.6,4.449999999999999
2026-09-25,put,7855.0,84.6,85.8,85.19999999999999
2026-09-25,call,7860.0,3.8,4.1,3.9499999999999997
2026-09-25,put,7860.0,89.1,90.3,89.69999999999999
2026-09-25,call,7865.0,3.4,3.6,3.5
2026-09-25,put,7865.0,93.7,94.8,94.25
2026-09-25,call,7870.0,3.0,3.2,3.1
2026-09-25,put,7870.0,98.3,99.4,98.85
2026-09-25,call,7875.0,2.7,2.85,2.7750000000000004
2026-09-25,put,7875.0,102.9,104.1,103.5
2026-09-25,call,7880.0,2.4,2.55,2.4749999999999996
2026-09-25,put,7880.0,107.6,108.8,108.19999999999999
2026-09-25,call,7885.0,2.15,2.3,2.2249999999999996
2026-09-25,put,7885.0,112.3,113.5,112.9
2026-09-25,call,7890.0,1.9,2.05,1.9749999999999999
2026-09-25,put,7890.0,117.1,118.3,117.69999999999999
2026-09-25,call,7895.0,1.7,1.85,1.775
2026-09-25,put,7895.0,115.4,132.7,124.05
2026-09-25,call,7900.0,1.55,1.65,1.6
2026-09-25,put,7900.0,126.7,127.9,127.30000000000001
2026-09-25,call,7905.0,1.35,1.5,1.425
2026-09-25,put,7905.0,125.3,142.4,133.85
2026-09-25,call,7910.0,1.25,1.35,1.3
2026-09-25,put,7910.0,136.4,137.6,137.0
2026-09-25,call,7915.0,1.1,1.25,1.175
2026-09-25,put,7915.0,134.9,152.1,143.5
2026-09-25,call,7920.0,1.0,1.1,1.05
2026-09-25,put,7920.0,139.8,157.0,148.4
2026-09-25,call,7925.0,0.9,1.05,0.9750000000000001
2026-09-25,put,7925.0,151.1,152.3,151.7
2026-09-25,call,7930.0,0.8,0.95,0.875
2026-09-25,put,7930.0,149.7,166.8,158.25
2026-09-25,call,7935.0,0.75,0.85,0.8
2026-09-25,put,7935.0,154.6,171.8,163.2
2026-09-25,call,7940.0,0.7,0.8,0.75
2026-09-25,put,7940.0,159.5,176.7,168.1
2026-09-25,call,7945.0,0.65,0.75,0.7
2026-09-25,put,7945.0,164.5,181.6,173.05
2026-09-25,call,7950.0,0.6,0.7,0.6499999999999999
2026-09-25,put,7950.0,175.8,176.9,176.35000000000002
2026-09-25,call,7955.0,0.55,0.65,0.6000000000000001
2026-09-25,put,7955.0,174.4,191.5,182.95
2026-09-25,call,7960.0,0.5,0.6,0.55
2026-09-25,put,7960.0,179.4,196.5,187.95
2026-09-25,call,7965.0,0.45,0.55,0.5
2026-09-25,put,7965.0,184.3,201.4,192.85000000000002
2026-09-25,call,7970.0,0.45,0.55,0.5
2026-09-25,put,7970.0,189.3,206.4,197.85000000000002
2026-09-25,call,7975.0,0.4,0.5,0.45
2026-09-25,put,7975.0,194.5,211.3,202.9
2026-09-25,call,7980.0,0.4,0.5,0.45
2026-09-25,put,7980.0,197.2,216.2,206.7
2026-09-25,call,7985.0,0.35,0.45,0.4
2026-09-25,put,7985.0,202.0,224.1,213.05
2026-09-25,call,7990.0,0.35,0.45,0.4
2026-09-25,put,7990.0,207.0,228.2,217.6
2026-09-25,call,7995.0,0.3,0.4,0.35
2026-09-25,put,7995.0,211.9,233.2,222.55
2026-09-25,call,8000.0,0.3,0.4,0.35
2026-09-25,put,8000.0,225.4,226.6,226.0
2026-09-25,call,8010.0,0.25,0.4,0.325
2026-09-25,put,8010.0,226.9,248.1,237.5
2026-09-25,call,8020.0,0.25,0.35,0.3
2026-09-25,put,8020.0,236.9,258.0,247.45
2026-09-25,call,8025.0,0.25,0.35,0.3
2026-09-25,put,8025.0,242.0,263.0,252.5
2026-09-25,call,8030.0,0.25,0.35,0.3
2026-09-25,put,8030.0,246.8,268.0,257.4
2026-09-25,call,8040.0,0.2,0.3,0.25
2026-09-25,put,8040.0,256.9,278.0,267.45
2026-09-25,call,8050.0,0.2,0.3,0.25
2026-09-25,put,8050.0,266.9,287.9,277.4
2026-09-25,call,8060.0,0.2,0.3,0.25
2026-09-25,put,8060.0,276.9,298.0,287.45
2026-09-25,call,8070.0,0.15,0.25,0.2
2026-09-25,put,8070.0,287.1,307.9,297.5
2026-09-25,call,8075.0,0.15,0.25,0.2
2026-09-25,put,8075.0,291.8,315.8,303.8
2026-09-25,call,8080.0,0.15,0.25,0.2
2026-09-25,put,8080.0,296.9,320.9,308.9
2026-09-25,call,8090.0,0.15,0.25,0.2
2026-09-25,put,8090.0,306.8,330.8,318.8
2026-09-25,call,8100.0,0.15,0.25,0.2
2026-09-25,put,8100.0,316.7,340.7,328.7
2026-09-25,call,8110.0,0.15,0.2,0.175
2026-09-25,put,8110.0,326.8,350.8,338.8
2026-09-25,call,8120.0,0.15,0.2,0.175
2026-09-25,put,8120.0,336.8,360.8,348.8
2026-09-25,call,8125.0,0.1,0.2,0.15000000000000002
2026-09-25,put,8125.0,341.8,365.8,353.8
2026-09-25,call,8130.0,0.1,0.2,0.15000000000000002
2026-09-25,put,8130.0,346.7,370.7,358.7
2026-09-25,call,8140.0,0.1,0.2,0.15000000000000002
2026-09-25,put,8140.0,356.7,380.7,368.7
2026-09-25,call,8150.0,0.1,0.2,0.15000000000000002
2026-09-25,put,8150.0,366.7,390.7,378.7
2026-09-25,call,8160.0,0.1,0.2,0.15000000000000002
2026-09-25,put,8160.0,376.7,400.7,388.7
2026-09-25,call,8170.0,0.1,0.2,0.15000000000000002
2026-09-25,put,8170.0,386.8,410.8,398.8
2026-09-25,call,8175.0,0.1,0.2,0.15000000000000002
2026-09-25,put,8175.0,391.7,415.7,403.7
2026-09-25,call,8180.0,0.1,0.15,0.125
2026-09-25,put,8180.0,396.7,420.7,408.7
2026-09-25,call,8190.0,0.1,0.15,0.125
2026-09-25,put,8190.0,406.7,430.7,418.7
2026-09-25,call,8200.0,0.05,0.15,0.1
2026-09-25,put,8200.0,416.9,440.9,428.9
2026-09-25,call,8210.0,0.05,0.15,0.1
2026-09-25,put,8210.0,426.7,450.7,438.7
2026-09-25,call,8220.0,0.05,0.15,0.1
2026-09-25,put,8220.0,436.6,460.6,448.6
2026-09-25,call,8225.0,0.05,0.15,0.1
2026-09-25,put,8225.0,441.9,465.9,453.9
2026-09-25,call,8230.0,0.05,0.15,0.1
2026-09-25,put,8230.0,446.7,470.7,458.7
2026-09-25,call,8250.0,0.05,0.15,0.1
2026-09-25,put,8250.0,466.7,490.7,478.7
2026-09-25,call,8275.0,0.05,0.15,0.1
2026-09-25,put,8275.0,491.8,515.8,503.79999999999995
2026-09-25,call,8300.0,0.05,0.1,0.07500000000000001
2026-09-25,put,8300.0,516.5,540.5,528.5
2026-09-25,call,8325.0,0.05,0.1,0.07500000000000001
2026-09-25,put,8325.0,541.6,565.6,553.6
2026-09-25,put,8350.0,566.7,590.7,578.7
2026-09-25,put,8375.0,591.8,615.8,603.8
2026-09-25,put,8400.0,616.6,640.6,628.6
2026-09-25,put,8425.0,641.5,665.5,653.5
2026-09-25,put,8450.0,666.5,690.5,678.5
2026-09-25,put,8475.0,691.5,715.5,703.5
2026-09-25,put,8500.0,716.4,740.4,728.4
2026-09-25,put,8525.0,741.6,765.6,753.6
2026-09-25,put,8550.0,766.4,790.4,778.4
2026-09-25,put,8600.0,816.6,840.6,828.6
2026-09-25,put,8700.0,916.4,940.4,928.4
2026-09-25,put,8800.0,1016.4,1040.4,1028.4
2026-09-25,put,9000.0,1216.3,1240.3,1228.3
2026-09-25,put,9200.0,1416.1,1440.1,1428.1
2026-09-25,put,9400.0,1616.0,1640.0,1628.0
2026-09-25,put,9600.0,1816.1,1840.1,1828.1
2026-09-25,put,9800.0,2015.9,2039.9,2027.9
2026-09-25,put,10000.0,2223.8,2225.9,2224.8500000000004
2026-09-28,call,3200.0,4557.8,4581.8,4569.8
2026-09-28,call,3400.0,4358.0,4382.0,4370.0
2026-09-28,call,3600.0,4158.2,4182.2,4170.2
2026-09-28,call,3800.0,3958.3,3982.3,3970.3
2026-09-28,call,4000.0,3758.2,3782.2,3770.2
2026-09-28,call,4200.0,3558.4,3582.4,3570.4
2026-09-28,call,4400.0,3358.6,3382.6,3370.6
2026-09-28,call,4600.0,3158.6,3182.6,3170.6
2026-09-28,call,4800.0,2958.8,2982.8,2970.8
2026-09-28,call,5000.0,2758.8,2782.8,2770.8
2026-09-28,call,5200.0,2559.0,2583.0,2571.0
2026-09-28,call,5400.0,2359.1,2383.1,2371.1
2026-09-28,call,5600.0,2159.1,2183.1,2171.1
2026-09-28,call,5800.0,1959.3,1983.3,1971.3
2026-09-28,call,6000.0,1759.4,1783.4,1771.4
2026-09-28,call,6100.0,1659.4,1683.4,1671.4
2026-09-28,call,6200.0,1559.5,1583.5,1571.5
2026-09-28,call,6300.0,1459.4,1483.4,1471.4
2026-09-28,call,6400.0,1359.7,1383.7,1371.7
2026-09-28,put,6400.0,0.05,0.1,0.07500000000000001
2026-09-28,call,6500.0,1259.6,1283.6,1271.6
2026-09-28,put,6500.0,0.05,0.1,0.07500000000000001
2026-09-28,call,6525.0,1234.7,1258.7,1246.7
2026-09-28,put,6525.0,0.05,0.1,0.07500000000000001
2026-09-28,call,6550.0,1209.7,1233.7,1221.7
2026-09-28,put,6550.0,0.05,0.15,0.1
2026-09-28,call,6575.0,1184.7,1208.7,1196.7
2026-09-28,put,6575.0,0.05,0.15,0.1
2026-09-28,call,6600.0,1159.8,1183.8,1171.8
2026-09-28,put,6600.0,0.05,0.15,0.1
2026-09-28,call,6625.0,1134.7,1158.7,1146.7
2026-09-28,put,6625.0,0.05,0.15,0.1
2026-09-28,call,6650.0,1109.9,1133.9,1121.9
2026-09-28,put,6650.0,0.05,0.15,0.1
2026-09-28,call,6675.0,1084.8,1108.8,1096.8
2026-09-28,put,6675.0,0.05,0.15,0.1
2026-09-28,call,6700.0,1059.8,1083.8,1071.8
2026-09-28,put,6700.0,0.05,0.15,0.1
2026-09-28,call,6725.0,1034.6,1058.6,1046.6
2026-09-28,put,6725.0,0.05,0.15,0.1
2026-09-28,call,6750.0,1009.8,1033.8,1021.8
2026-09-28,put,6750.0,0.1,0.2,0.15000000000000002
2026-09-28,call,6775.0,984.8,1008.8,996.8
2026-09-28,put,6775.0,0.1,0.2,0.15000000000000002
2026-09-28,call,6800.0,959.9,983.9,971.9
2026-09-28,put,6800.0,0.1,0.2,0.15000000000000002
2026-09-28,call,6825.0,934.7,958.7,946.7
2026-09-28,put,6825.0,0.1,0.2,0.15000000000000002
2026-09-28,call,6850.0,909.9,933.9,921.9
2026-09-28,put,6850.0,0.1,0.2,0.15000000000000002
2026-09-28,call,6875.0,885.0,909.0,897.0
2026-09-28,put,6875.0,0.15,0.2,0.175
2026-09-28,call,6900.0,859.9,883.9,871.9
2026-09-28,put,6900.0,0.15,0.25,0.2
2026-09-28,call,6925.0,835.0,859.0,847.0
2026-09-28,put,6925.0,0.15,0.25,0.2
2026-09-28,call,6950.0,809.9,833.8,821.8499999999999
2026-09-28,put,6950.0,0.15,0.25,0.2
2026-09-28,call,6975.0,785.0,809.0,797.0
2026-09-28,put,6975.0,0.2,0.3,0.25
2026-09-28,call,7000.0,760.0,784.0,772.0
2026-09-28,put,7000.0,0.2,0.3,0.25
2026-09-28,call,7025.0,735.0,759.0,747.0
2026-09-28,put,7025.0,0.25,0.35,0.3
2026-09-28,call,7050.0,710.2,734.2,722.2
2026-09-28,put,7050.0,0.25,0.35,0.3
2026-09-28,call,7075.0,685.2,709.2,697.2
2026-09-28,put,7075.0,0.25,0.35,0.3
2026-09-28,call,7100.0,660.2,684.2,672.2
2026-09-28,put,7100.0,0.3,0.4,0.35
2026-09-28,call,7110.0,650.3,674.3,662.3
2026-09-28,put,7110.0,0.3,0.4,0.35
2026-09-28,call,7120.0,640.3,664.3,652.3
2026-09-28,put,7120.0,0.3,0.4,0.35
2026-09-28,call,7125.0,635.3,659.3,647.3
2026-09-28,put,7125.0,0.3,0.4,0.35
2026-09-28,call,7130.0,630.3,654.3,642.3
2026-09-28,put,7130.0,0.35,0.45,0.4
2026-09-28,call,7140.0,620.3,644.3,632.3
2026-09-28,put,7140.0,0.35,0.45,0.4
2026-09-28,call,7150.0,610.3,634.3,622.3
2026-09-28,put,7150.0,0.35,0.45,0.4
2026-09-28,call,7160.0,600.2,624.2,612.2
2026-09-28,put,7160.0,0.35,0.45,0.4
2026-09-28,call,7170.0,592.8,614.4,603.5999999999999
2026-09-28,put,7170.0,0.35,0.5,0.425
2026-09-28,call,7175.0,587.8,609.4,598.5999999999999
2026-09-28,put,7175.0,0.4,0.5,0.45
2026-09-28,call,7180.0,582.9,604.4,593.65
2026-09-28,put,7180.0,0.4,0.5,0.45
2026-09-28,call,7190.0,572.9,594.4,583.65
2026-09-28,put,7190.0,0.4,0.5,0.45
2026-09-28,call,7200.0,562.9,584.4,573.65
2026-09-28,put,7200.0,0.4,0.5,0.45
2026-09-28,call,7210.0,552.9,574.4,563.65
2026-09-28,put,7210.0,0.45,0.55,0.5
2026-09-28,call,7220.0,542.9,564.4,553.65
2026-09-28,put,7220.0,0.45,0.55,0.5
2026-09-28,call,7225.0,537.9,559.4,548.65
2026-09-28,put,7225.0,0.45,0.55,0.5
2026-09-28,call,7230.0,532.9,554.4,543.65
2026-09-28,put,7230.0,0.45,0.55,0.5
2026-09-28,call,7240.0,522.9,544.6,533.75
2026-09-28,put,7240.0,0.45,0.6,0.525
2026-09-28,call,7250.0,512.9,534.6,523.75
2026-09-28,put,7250.0,0.5,0.6,0.55
2026-09-28,call,7255.0,507.9,529.5,518.7
2026-09-28,put,7255.0,0.5,0.6,0.55
2026-09-28,call,7260.0,503.0,524.6,513.8
2026-09-28,put,7260.0,0.5,0.6,0.55
2026-09-28,call,7265.0,498.0,519.6,508.8
2026-09-28,put,7265.0,0.5,0.6,0.55
2026-09-28,call,7270.0,493.0,514.6,503.8
2026-09-28,put,7270.0,0.5,0.65,0.575
2026-09-28,call,7275.0,488.0,509.5,498.75
2026-09-28,put,7275.0,0.55,0.65,0.6000000000000001
2026-09-28,call,7280.0,483.0,504.5,493.75
2026-09-28,put,7280.0,0.55,0.65,0.6000000000000001
2026-09-28,call,7285.0,478.0,499.6,488.8
2026-09-28,put,7285.0,0.55,0.65,0.6000000000000001
2026-09-28,call,7290.0,473.0,494.6,483.8
2026-09-28,put,7290.0,0.55,0.65,0.6000000000000001
2026-09-28,call,7295.0,468.0,489.7,478.85
2026-09-28,put,7295.0,0.55,0.65,0.6000000000000001
2026-09-28,call,7300.0,463.0,484.7,473.85
2026-09-28,put,7300.0,0.55,0.7,0.625
2026-09-28,call,7305.0,458.6,479.6,469.1
2026-09-28,put,7305.0,0.6,0.7,0.6499999999999999
2026-09-28,call,7310.0,453.6,474.6,464.1
2026-09-28,put,7310.0,0.6,0.7,0.6499999999999999
2026-09-28,call,7315.0,448.6,469.7,459.15
2026-09-28,put,7315.0,0.6,0.7,0.6499999999999999
2026-09-28,call,7320.0,443.6,464.7,454.15
2026-09-28,put,7320.0,0.6,0.75,0.675
2026-09-28,call,7325.0,438.6,459.7,449.15
2026-09-28,put,7325.0,0.6,0.75,0.675
2026-09-28,call,7330.0,433.7,454.7,444.2
2026-09-28,put,7330.0,0.65,0.75,0.7
2026-09-28,call,7335.0,428.7,449.6,439.15
2026-09-28,put,7335.0,0.65,0.75,0.7
2026-09-28,call,7340.0,423.7,444.8,434.25
2026-09-28,put,7340.0,0.65,0.75,0.7
2026-09-28,call,7345.0,418.8,439.7,429.25
2026-09-28,put,7345.0,0.65,0.8,0.7250000000000001
2026-09-28,call,7350.0,413.7,434.8,424.25
2026-09-28,put,7350.0,0.7,0.8,0.75
2026-09-28,call,7355.0,408.8,429.9,419.35
2026-09-28,put,7355.0,0.7,0.8,0.75
2026-09-28,call,7360.0,403.8,424.8,414.3
2026-09-28,put,7360.0,0.7,0.85,0.7749999999999999
2026-09-28,call,7365.0,398.8,419.8,409.3
2026-09-28,put,7365.0,0.75,0.85,0.8
2026-09-28,call,7370.0,393.8,414.7,404.25
2026-09-28,put,7370.0,0.75,0.85,0.8
2026-09-28,call,7375.0,388.8,409.8,399.3
2026-09-28,put,7375.0,0.75,0.9,0.825
2026-09-28,call,7380.0,383.9,404.9,394.4
2026-09-28,put,7380.0,0.8,0.9,0.8500000000000001
2026-09-28,call,7385.0,378.9,399.9,389.4
2026-09-28,put,7385.0,0.8,0.9,0.8500000000000001
2026-09-28,call,7390.0,373.9,395.0,384.45
2026-09-28,put,7390.0,0.8,0.95,0.875
2026-09-28,call,7395.0,368.9,389.9,379.4
2026-09-28,put,7395.0,0.85,0.95,0.8999999999999999
2026-09-28,call,7400.0,363.9,385.0,374.45
2026-09-28,put,7400.0,0.85,0.95,0.8999999999999999
2026-09-28,call,7405.0,358.9,380.0,369.45
2026-09-28,put,7405.0,0.85,1.0,0.925
2026-09-28,call,7410.0,353.9,374.8,364.35
2026-09-28,put,7410.0,0.9,1.0,0.95
2026-09-28,call,7415.0,348.9,369.8,359.35
2026-09-28,put,7415.0,0.9,1.05,0.9750000000000001
2026-09-28,call,7420.0,343.9,365.1,354.5
2026-09-28,put,7420.0,0.95,1.05,1.0
2026-09-28,call,7425.0,339.0,360.1,349.55
2026-09-28,put,7425.0,0.95,1.1,1.025
2026-09-28,call,7430.0,334.0,354.9,344.45
2026-09-28,put,7430.0,1.0,1.1,1.05
2026-09-28,call,7435.0,329.0,350.2,339.6
2026-09-28,put,7435.0,1.0,1.15,1.075
2026-09-28,call,7440.0,324.0,345.3,334.65
2026-09-28,put,7440.0,1.05,1.15,1.1
2026-09-28,call,7445.0,319.1,340.2,329.65
2026-09-28,put,7445.0,1.05,1.2,1.125
2026-09-28,call,7450.0,314.1,335.3,324.70000000000005
2026-09-28,put,7450.0,1.1,1.2,1.15
2026-09-28,call,7455.0,309.1,330.4,319.75
2026-09-28,put,7455.0,1.15,1.25,1.2
2026-09-28,call,7460.0,304.1,325.3,314.70000000000005
2026-09-28,put,7460.0,1.15,1.3,1.225
2026-09-28,call,7465.0,299.2,320.4,309.79999999999995
2026-09-28,put,7465.0,1.2,1.3,1.25
2026-09-28,call,7470.0,294.2,315.3,304.75
2026-09-28,put,7470.0,1.25,1.35,1.3
2026-09-28,call,7475.0,289.5,310.2,299.85
2026-09-28,put,7475.0,1.3,1.4,1.35
2026-09-28,call,7480.0,284.3,305.5,294.9
2026-09-28,put,7480.0,1.3,1.45,1.375
2026-09-28,call,7485.0,279.4,300.4,289.9
2026-09-28,put,7485.0,1.35,1.5,1.425
2026-09-28,call,7490.0,274.4,295.7,285.04999999999995
2026-09-28,put,7490.0,1.4,1.55,1.475
2026-09-28,call,7495.0,269.4,290.6,280.0
2026-09-28,put,7495.0,1.45,1.6,1.525
2026-09-28,call,7500.0,264.4,285.7,275.04999999999995
2026-09-28,put,7500.0,1.5,1.65,1.575
2026-09-28,call,7505.0,259.5,280.8,270.15
2026-09-28,put,7505.0,1.55,1.7,1.625
2026-09-28,call,7510.0,254.6,275.8,265.2
2026-09-28,put,7510.0,1.6,1.75,1.675
2026-09-28,call,7515.0,249.6,270.9,260.25
2026-09-28,put,7515.0,1.7,1.8,1.75
2026-09-28,call,7520.0,244.7,266.0,255.35
2026-09-28,put,7520.0,1.75,1.9,1.825
2026-09-28,call,7525.0,239.8,261.0,250.4
2026-09-28,put,7525.0,1.8,1.95,1.875
2026-09-28,call,7530.0,234.8,256.2,245.5
2026-09-28,put,7530.0,1.9,2.0,1.95
2026-09-28,call,7535.0,229.9,251.3,240.60000000000002
2026-09-28,put,7535.0,1.95,2.1,2.025
2026-09-28,call,7540.0,225.0,246.2,235.6
2026-09-28,put,7540.0,2.05,2.2,2.125
2026-09-28,call,7545.0,220.1,241.4,230.75
2026-09-28,put,7545.0,2.1,2.25,2.175
2026-09-28,call,7550.0,215.2,236.6,225.89999999999998
2026-09-28,put,7550.0,2.2,2.35,2.2750000000000004
2026-09-28,call,7555.0,210.3,231.6,220.95
2026-09-28,put,7555.0,2.35,2.45,2.4000000000000004
2026-09-28,call,7560.0,205.4,226.1,215.75
2026-09-28,put,7560.0,2.45,2.55,2.5
2026-09-28,call,7565.0,200.5,219.9,210.2
2026-09-28,put,7565.0,2.55,2.7,2.625
2026-09-28,call,7570.0,197.6,215.2,206.39999999999998
2026-09-28,put,7570.0,2.65,2.8,2.7249999999999996
2026-09-28,call,7575.0,192.7,210.3,201.5
2026-09-28,put,7575.0,2.8,2.9,2.8499999999999996
2026-09-28,call,7580.0,187.9,205.3,196.60000000000002
2026-09-28,put,7580.0,2.95,3.1,3.0250000000000004
2026-09-28,call,7585.0,183.0,200.8,191.9
2026-09-28,put,7585.0,3.0,3.2,3.1
2026-09-28,call,7590.0,178.2,196.0,187.1
2026-09-28,put,7590.0,3.2,3.4,3.3
2026-09-28,call,7595.0,173.3,191.2,182.25
2026-09-28,put,7595.0,3.4,3.6,3.5
2026-09-28,call,7600.0,178.0,179.3,178.65
2026-09-28,put,7600.0,3.5,3.7,3.6
2026-09-28,call,7605.0,163.7,181.3,172.5
2026-09-28,put,7605.0,3.7,3.9,3.8
2026-09-28,call,7610.0,158.9,176.6,167.75
2026-09-28,put,7610.0,3.9,4.1,4.0
2026-09-28,call,7615.0,154.1,171.8,162.95
2026-09-28,put,7615.0,4.1,4.3,4.199999999999999
2026-09-28,call,7620.0,149.4,167.1,158.25
2026-09-28,put,7620.0,4.4,4.6,4.5
2026-09-28,call,7625.0,144.6,162.5,153.55
2026-09-28,put,7625.0,4.6,4.8,4.699999999999999
2026-09-28,call,7630.0,139.9,157.5,148.7
2026-09-28,put,7630.0,4.9,5.1,5.0
2026-09-28,call,7635.0,135.2,152.6,143.89999999999998
2026-09-28,put,7635.0,5.2,5.4,5.300000000000001
2026-09-28,call,7640.0,130.5,148.4,139.45
2026-09-28,put,7640.0,5.5,5.7,5.6
2026-09-28,call,7645.0,125.9,143.8,134.85000000000002
2026-09-28,put,7645.0,5.8,6.0,5.9
2026-09-28,call,7650.0,130.6,132.0,131.3
2026-09-28,put,7650.0,6.2,6.4,6.300000000000001
2026-09-28,call,7655.0,116.6,134.6,125.6
2026-09-28,put,7655.0,6.6,6.8,6.699999999999999
2026-09-28,call,7660.0,112.0,129.7,120.85
2026-09-28,put,7660.0,7.0,7.2,7.1
2026-09-28,call,7665.0,107.4,125.2,116.30000000000001
2026-09-28,put,7665.0,7.4,7.6,7.5
2026-09-28,call,7670.0,102.9,120.7,111.80000000000001
2026-09-28,put,7670.0,7.9,8.1,8.0
2026-09-28,call,7675.0,107.9,109.2,108.55000000000001
2026-09-28,put,7675.0,8.4,8.6,8.5
2026-09-28,call,7680.0,93.9,111.9,102.9
2026-09-28,put,7680.0,9.0,9.2,9.1
2026-09-28,call,7685.0,89.5,107.6,98.55
2026-09-28,put,7685.0,9.6,9.8,9.7
2026-09-28,call,7690.0,85.2,103.3,94.25
2026-09-28,put,7690.0,10.2,10.5,10.35
2026-09-28,call,7695.0,80.9,99.1,90.0
2026-09-28,put,7695.0,10.9,11.2,11.05
2026-09-28,call,7700.0,86.2,87.5,86.85
2026-09-28,put,7700.0,11.7,11.9,11.8
2026-09-28,call,7705.0,72.5,90.7,81.6
2026-09-28,put,7705.0,12.5,12.7,12.6
2026-09-28,call,7710.0,68.4,86.6,77.5
2026-09-28,put,7710.0,13.4,13.6,13.5
2026-09-28,call,7715.0,73.9,75.1,74.5
2026-09-28,put,7715.0,14.3,14.6,14.45
2026-09-28,call,7720.0,69.9,71.2,70.55000000000001
2026-09-28,put,7720.0,15.4,15.6,15.5
2026-09-28,call,7725.0,66.4,66.8,66.6
2026-09-28,put,7725.0,16.5,16.8,16.65
2026-09-28,call,7730.0,62.7,63.0,62.85
2026-09-28,put,7730.0,17.7,18.0,17.85
2026-09-28,call,7735.0,59.0,59.3,59.15
2026-09-28,put,7735.0,19.0,19.3,19.15
2026-09-28,call,7740.0,55.4,55.7,55.55
2026-09-28,put,7740.0,20.4,20.7,20.549999999999997
2026-09-28,call,7745.0,51.9,52.3,52.099999999999994
2026-09-28,put,7745.0,21.9,22.2,22.049999999999997
2026-09-28,call,7750.0,48.6,48.9,48.75
2026-09-28,put,7750.0,23.6,23.9,23.75
2026-09-28,call,7755.0,45.3,45.7,45.5
2026-09-28,put,7755.0,25.4,25.7,25.549999999999997
2026-09-28,call,7760.0,42.2,42.6,42.400000000000006
2026-09-28,put,7760.0,27.2,27.6,27.4
2026-09-28,call,7765.0,39.3,39.6,39.45
2026-09-28,put,7765.0,29.3,29.6,29.450000000000003
2026-09-28,call,7770.0,36.4,36.8,36.599999999999994
2026-09-28,put,7770.0,31.4,31.7,31.549999999999997
2026-09-28,call,7775.0,33.7,34.1,33.900000000000006
2026-09-28,put,7775.0,33.7,34.0,33.85
2026-09-28,call,7780.0,31.1,31.5,31.3
2026-09-28,put,7780.0,36.1,36.4,36.25
2026-09-28,call,7785.0,28.7,29.0,28.85
2026-09-28,put,7785.0,38.6,39.0,38.8
2026-09-28,call,7790.0,26.4,26.7,26.549999999999997
2026-09-28,put,7790.0,41.3,41.7,41.5
2026-09-28,call,7795.0,24.3,24.6,24.450000000000003
2026-09-28,put,7795.0,44.2,44.5,44.35
2026-09-28,call,7800.0,22.2,22.5,22.35
2026-09-28,put,7800.0,47.1,47.5,47.3
2026-09-28,call,7805.0,20.3,20.6,20.450000000000003
2026-09-28,put,7805.0,50.2,50.6,50.400000000000006
2026-09-28,call,7810.0,18.6,18.8,18.700000000000003
2026-09-28,put,7810.0,53.4,53.8,53.599999999999994
2026-09-28,call,7815.0,16.9,17.2,17.049999999999997
2026-09-28,put,7815.0,56.8,57.1,56.95
2026-09-28,call,7820.0,15.3,15.7,15.5
2026-09-28,put,7820.0,59.7,61.0,60.35
2026-09-28,call,7825.0,13.9,14.2,14.05
2026-09-28,put,7825.0,63.3,64.6,63.949999999999996
2026-09-28,call,7830.0,12.6,12.9,12.75
2026-09-28,put,7830.0,60.1,78.5,69.3
2026-09-28,call,7835.0,11.4,11.7,11.55
2026-09-28,put,7835.0,63.8,82.3,73.05
2026-09-28,call,7840.0,10.3,10.6,10.45
2026-09-28,put,7840.0,67.7,86.1,76.9
2026-09-28,call,7845.0,9.3,9.6,9.45
2026-09-28,put,7845.0,71.8,90.1,80.94999999999999
2026-09-28,call,7850.0,8.4,8.7,8.55
2026-09-28,put,7850.0,75.9,94.2,85.05000000000001
2026-09-28,call,7855.0,7.6,7.8,7.699999999999999
2026-09-28,put,7855.0,80.2,98.3,89.25
2026-09-28,call,7860.0,6.8,7.1,6.949999999999999
2026-09-28,put,7860.0,84.4,102.6,93.5
2026-09-28,call,7865.0,6.1,6.4,6.25
2026-09-28,put,7865.0,88.8,107.0,97.9
2026-09-28,call,7870.0,5.5,5.7,5.6
2026-09-28,put,7870.0,93.4,111.2,102.30000000000001
2026-09-28,call,7875.0,4.9,5.2,5.050000000000001
2026-09-28,put,7875.0,97.6,115.7,106.65
2026-09-28,call,7880.0,4.4,4.7,4.550000000000001
2026-09-28,put,7880.0,102.1,120.2,111.15
2026-09-28,call,7885.0,4.0,4.2,4.1
2026-09-28,put,7885.0,106.7,124.8,115.75
2026-09-28,call,7890.0,3.6,3.8,3.7
2026-09-28,put,7890.0,111.4,129.1,120.25
2026-09-28,call,7895.0,3.2,3.4,3.3
2026-09-28,put,7895.0,116.0,133.9,124.95
2026-09-28,call,7900.0,2.95,3.1,3.0250000000000004
2026-09-28,put,7900.0,120.7,138.4,129.55
2026-09-28,call,7905.0,2.65,2.8,2.7249999999999996
2026-09-28,put,7905.0,125.8,143.1,134.45
2026-09-28,call,7910.0,2.4,2.55,2.4749999999999996
2026-09-28,put,7910.0,130.1,148.0,139.05
2026-09-28,call,7915.0,2.15,2.3,2.2249999999999996
2026-09-28,put,7915.0,134.9,152.8,143.85000000000002
2026-09-28,call,7920.0,1.95,2.1,2.025
2026-09-28,put,7920.0,139.9,157.5,148.7
2026-09-28,call,7925.0,1.75,1.85,1.8
2026-09-28,put,7925.0,144.5,162.3,153.4
2026-09-28,call,7930.0,1.55,1.7,1.625
2026-09-28,put,7930.0,149.4,167.2,158.3
2026-09-28,call,7935.0,1.4,1.55,1.475
2026-09-28,put,7935.0,154.3,172.1,163.2
2026-09-28,call,7940.0,1.3,1.45,1.375
2026-09-28,put,7940.0,159.1,176.9,168.0
2026-09-28,call,7945.0,1.15,1.3,1.225
2026-09-28,put,7945.0,164.0,181.7,172.85
2026-09-28,call,7950.0,1.05,1.2,1.125
2026-09-28,put,7950.0,168.9,186.7,177.8
2026-09-28,call,7955.0,0.95,1.1,1.025
2026-09-28,put,7955.0,173.9,191.5,182.7
2026-09-28,call,7960.0,0.9,1.0,0.95
2026-09-28,put,7960.0,178.8,196.5,187.65
2026-09-28,call,7965.0,0.8,0.95,0.875
2026-09-28,put,7965.0,183.7,201.4,192.55
2026-09-28,call,7970.0,0.75,0.85,0.8
2026-09-28,put,7970.0,188.7,206.3,197.5
2026-09-28,call,7975.0,0.7,0.8,0.75
2026-09-28,put,7975.0,193.6,211.2,202.39999999999998
2026-09-28,call,7980.0,0.65,0.75,0.7
2026-09-28,put,7980.0,196.4,216.2,206.3
2026-09-28,call,7985.0,0.6,0.7,0.6499999999999999
2026-09-28,put,7985.0,201.3,224.1,212.7
2026-09-28,call,7990.0,0.55,0.65,0.6000000000000001
2026-09-28,put,7990.0,206.2,228.1,217.14999999999998
2026-09-28,call,7995.0,0.5,0.65,0.575
2026-09-28,put,7995.0,211.3,232.9,222.10000000000002
2026-09-28,call,8000.0,0.5,0.6,0.55
2026-09-28,put,8000.0,216.2,238.0,227.1
2026-09-28,call,8010.0,0.4,0.55,0.47500000000000003
2026-09-28,put,8010.0,226.1,247.9,237.0
2026-09-28,call,8020.0,0.4,0.5,0.45
2026-09-28,put,8020.0,236.2,257.9,247.04999999999998
2026-09-28,call,8025.0,0.35,0.45,0.4
2026-09-28,put,8025.0,241.1,262.9,252.0
2026-09-28,call,8030.0,0.35,0.45,0.4
2026-09-28,put,8030.0,246.1,267.8,256.95
2026-09-28,call,8040.0,0.3,0.45,0.375
2026-09-28,put,8040.0,256.2,277.6,266.9
2026-09-28,call,8050.0,0.3,0.4,0.35
2026-09-28,put,8050.0,266.0,287.6,276.8
2026-09-28,call,8060.0,0.25,0.4,0.325
2026-09-28,put,8060.0,276.2,297.6,286.9
2026-09-28,call,8070.0,0.25,0.35,0.3
2026-09-28,put,8070.0,286.0,307.5,296.75
2026-09-28,call,8075.0,0.25,0.35,0.3
2026-09-28,put,8075.0,291.0,312.5,301.75
2026-09-28,call,8100.0,0.2,0.3,0.25
2026-09-28,put,8100.0,315.8,337.6,326.70000000000005
2026-09-28,call,8125.0,0.2,0.3,0.25
2026-09-28,put,8125.0,340.9,364.9,352.9
2026-09-28,call,8150.0,0.15,0.25,0.2
2026-09-28,put,8150.0,365.9,389.9,377.9
2026-09-28,call,8175.0,0.15,0.25,0.2
2026-09-28,put,8175.0,390.7,414.7,402.7
2026-09-28,call,8200.0,0.1,0.2,0.15000000000000002
2026-09-28,put,8200.0,415.7,439.7,427.7
2026-09-28,call,8225.0,0.1,0.2,0.15000000000000002
2026-09-28,put,8225.0,440.8,464.8,452.8
2026-09-28,call,8250.0,0.1,0.2,0.15000000000000002
2026-09-28,put,8250.0,465.8,489.8,477.8
2026-09-28,call,8275.0,0.1,0.2,0.15000000000000002
2026-09-28,put,8275.0,490.7,514.7,502.70000000000005
2026-09-28,call,8300.0,0.05,0.15,0.1
2026-09-28,put,8300.0,515.9,539.9,527.9
2026-09-28,call,8400.0,0.05,0.15,0.1
2026-09-28,put,8400.0,615.5,639.5,627.5
2026-09-28,put,8500.0,715.5,739.5,727.5
2026-09-28,put,8600.0,815.5,839.5,827.5
2026-09-28,put,8800.0,1015.4,1039.4,1027.4
2026-09-28,put,9000.0,1215.3,1239.3,1227.3
2026-09-28,put,9200.0,1415.2,1439.2,1427.2
2026-09-28,put,9400.0,1615.1,1639.0,1627.05
2026-09-28,put,9600.0,1814.9,1838.9,1826.9
2026-09-28,put,9800.0,2014.8,2038.8,2026.8
2026-09-28,put,10000.0,2214.8,2238.8,2226.8
2026-09-29,call,3200.0,4558.4,4582.4,4570.4
2026-09-29,call,3400.0,4358.6,4382.6,4370.6
2026-09-29,call,3600.0,4158.7,4182.7,4170.7
2026-09-29,call,3800.0,3958.9,3982.9,3970.9
2026-09-29,call,4000.0,3759.0,3783.0,3771.0
2026-09-29,call,4200.0,3558.9,3582.9,3570.9
2026-09-29,call,4400.0,3359.0,3383.0,3371.0
2026-09-29,call,4600.0,3159.3,3183.3,3171.3
2026-09-29,call,4800.0,2959.5,2983.5,2971.5
2026-09-29,call,5000.0,2759.6,2783.6,2771.6
2026-09-29,call,5200.0,2559.7,2583.7,2571.7
2026-09-29,call,5400.0,2359.8,2383.8,2371.8
2026-09-29,call,5600.0,2159.9,2183.9,2171.9
2026-09-29,call,5800.0,1960.0,1984.0,1972.0
2026-09-29,call,6000.0,1760.2,1784.2,1772.2
2026-09-29,call,6100.0,1660.0,1684.0,1672.0
2026-09-29,call,6200.0,1560.1,1584.1,1572.1
2026-09-29,put,6200.0,0.05,0.1,0.07500000000000001
2026-09-29,call,6300.0,1460.4,1484.4,1472.4
2026-09-29,put,6300.0,0.05,0.1,0.07500000000000001
2026-09-29,call,6400.0,1360.5,1384.5,1372.5
2026-09-29,put,6400.0,0.05,0.1,0.07500000000000001
2026-09-29,call,6500.0,1260.5,1284.5,1272.5
2026-09-29,put,6500.0,0.05,0.15,0.1
2026-09-29,call,6525.0,1235.5,1259.5,1247.5
2026-09-29,put,6525.0,0.05,0.15,0.1
2026-09-29,call,6550.0,1210.6,1234.6,1222.6
2026-09-29,put,6550.0,0.05,0.15,0.1
2026-09-29,call,6575.0,1185.4,1209.4,1197.4
2026-09-29,put,6575.0,0.05,0.15,0.1
2026-09-29,call,6600.0,1160.6,1184.6,1172.6
2026-09-29,put,6600.0,0.1,0.15,0.125
2026-09-29,call,6625.0,1135.6,1159.6,1147.6
2026-09-29,put,6625.0,0.05,0.15,0.1
2026-09-29,call,6650.0,1110.7,1134.7,1122.7
2026-09-29,put,6650.0,0.05,0.2,0.125
2026-09-29,call,6675.0,1085.6,1109.6,1097.6
2026-09-29,put,6675.0,0.1,0.2,0.15000000000000002
2026-09-29,call,6700.0,1060.6,1084.6,1072.6
2026-09-29,put,6700.0,0.1,0.15,0.125
2026-09-29,call,6725.0,1035.6,1059.6,1047.6
2026-09-29,put,6725.0,0.1,0.2,0.15000000000000002
2026-09-29,call,6750.0,1010.6,1034.6,1022.5999999999999
2026-09-29,put,6750.0,0.1,0.2,0.15000000000000002
2026-09-29,call,6775.0,985.7,1009.7,997.7
2026-09-29,put,6775.0,0.15,0.25,0.2
2026-09-29,call,6800.0,960.7,984.7,972.7
2026-09-29,put,6800.0,0.15,0.25,0.2
2026-09-29,call,6825.0,935.7,959.7,947.7
2026-09-29,put,6825.0,0.15,0.25,0.2
2026-09-29,call,6850.0,910.9,934.9,922.9
2026-09-29,put,6850.0,0.15,0.3,0.22499999999999998
2026-09-29,call,6875.0,885.9,909.9,897.9
2026-09-29,put,6875.0,0.2,0.3,0.25
2026-09-29,call,6900.0,861.0,885.0,873.0
2026-09-29,put,6900.0,0.2,0.3,0.25
2026-09-29,call,6925.0,836.0,860.0,848.0
2026-09-29,put,6925.0,0.25,0.35,0.3
2026-09-29,call,6950.0,811.0,835.0,823.0
2026-09-29,put,6950.0,0.25,0.35,0.3
2026-09-29,call,6975.0,786.1,810.1,798.1
2026-09-29,put,6975.0,0.3,0.4,0.35
2026-09-29,call,7000.0,761.1,785.1,773.1
2026-09-29,put,7000.0,0.3,0.4,0.35
2026-09-29,call,7025.0,736.1,760.1,748.1
2026-09-29,put,7025.0,0.35,0.45,0.4
2026-09-29,call,7050.0,711.1,735.1,723.1
2026-09-29,put,7050.0,0.35,0.5,0.425
2026-09-29,call,7075.0,686.3,710.3,698.3
2026-09-29,put,7075.0,0.4,0.5,0.45
2026-09-29,call,7100.0,661.3,685.3,673.3
2026-09-29,put,7100.0,0.45,0.55,0.5
2026-09-29,call,7110.0,651.3,675.3,663.3
2026-09-29,put,7110.0,0.45,0.55,0.5
2026-09-29,call,7120.0,641.4,665.4,653.4
2026-09-29,put,7120.0,0.45,0.6,0.525
2026-09-29,call,7125.0,636.4,660.4,648.4
2026-09-29,put,7125.0,0.45,0.6,0.525
2026-09-29,call,7130.0,631.3,655.3,643.3
2026-09-29,put,7130.0,0.5,0.6,0.55
2026-09-29,call,7140.0,621.3,645.3,633.3
2026-09-29,put,7140.0,0.5,0.6,0.55
2026-09-29,call,7150.0,611.4,635.4,623.4
2026-09-29,put,7150.0,0.55,0.65,0.6000000000000001
2026-09-29,call,7160.0,601.4,625.4,613.4
2026-09-29,put,7160.0,0.55,0.65,0.6000000000000001
2026-09-29,call,7170.0,591.5,615.5,603.5
2026-09-29,put,7170.0,0.55,0.65,0.6000000000000001
2026-09-29,call,7175.0,586.4,610.4,598.4
2026-09-29,put,7175.0,0.55,0.7,0.625
2026-09-29,call,7180.0,581.4,605.4,593.4
2026-09-29,put,7180.0,0.55,0.7,0.625
2026-09-29,call,7190.0,571.5,595.5,583.5
2026-09-29,put,7190.0,0.6,0.7,0.6499999999999999
2026-09-29,call,7200.0,561.5,585.5,573.5
2026-09-29,put,7200.0,0.6,0.75,0.675
2026-09-29,call,7210.0,551.6,575.6,563.6
2026-09-29,put,7210.0,0.65,0.75,0.7
2026-09-29,call,7220.0,541.5,565.5,553.5
2026-09-29,put,7220.0,0.65,0.75,0.7
2026-09-29,call,7225.0,536.5,560.5,548.5
2026-09-29,put,7225.0,0.65,0.8,0.7250000000000001
2026-09-29,call,7230.0,531.3,555.3,543.3
2026-09-29,put,7230.0,0.65,0.8,0.7250000000000001
2026-09-29,call,7240.0,521.6,545.6,533.6
2026-09-29,put,7240.0,0.7,0.8,0.75
2026-09-29,call,7250.0,511.7,535.7,523.7
2026-09-29,put,7250.0,0.7,0.85,0.7749999999999999
2026-09-29,call,7255.0,506.6,530.6,518.6
2026-09-29,put,7255.0,0.75,0.85,0.8
2026-09-29,call,7260.0,501.8,525.8,513.8
2026-09-29,put,7260.0,0.75,0.85,0.8
2026-09-29,call,7265.0,496.7,520.7,508.70000000000005
2026-09-29,put,7265.0,0.75,0.9,0.825
2026-09-29,call,7270.0,491.7,515.7,503.70000000000005
2026-09-29,put,7270.0,0.75,0.9,0.825
2026-09-29,call,7275.0,486.8,510.8,498.8
2026-09-29,put,7275.0,0.8,0.9,0.8500000000000001
2026-09-29,call,7280.0,481.8,505.8,493.8
2026-09-29,put,7280.0,0.8,0.95,0.875
2026-09-29,call,7285.0,476.7,500.7,488.7
2026-09-29,put,7285.0,0.8,0.95,0.875
2026-09-29,call,7290.0,471.9,495.9,483.9
2026-09-29,put,7290.0,0.85,0.95,0.8999999999999999
2026-09-29,call,7295.0,466.8,490.8,478.8
2026-09-29,put,7295.0,0.85,0.95,0.8999999999999999
2026-09-29,call,7300.0,461.9,485.9,473.9
2026-09-29,put,7300.0,0.85,0.95,0.8999999999999999
2026-09-29,call,7305.0,456.8,480.8,468.8
2026-09-29,put,7305.0,0.9,1.0,0.95
2026-09-29,call,7310.0,451.9,475.9,463.9
2026-09-29,put,7310.0,0.9,1.0,0.95
2026-09-29,call,7315.0,446.9,470.9,458.9
2026-09-29,put,7315.0,0.9,1.05,0.9750000000000001
2026-09-29,call,7320.0,441.8,465.8,453.8
2026-09-29,put,7320.0,0.95,1.05,1.0
2026-09-29,call,7325.0,437.0,461.0,449.0
2026-09-29,put,7325.0,0.95,1.05,1.0
2026-09-29,call,7330.0,432.0,456.0,444.0
2026-09-29,put,7330.0,0.95,1.1,1.025
2026-09-29,call,7335.0,427.0,451.0,439.0
2026-09-29,put,7335.0,1.0,1.1,1.05
2026-09-29,call,7340.0,422.1,446.1,434.1
2026-09-29,put,7340.0,1.0,1.1,1.05
2026-09-29,call,7345.0,417.0,441.0,429.0
2026-09-29,put,7345.0,1.05,1.15,1.1
2026-09-29,call,7350.0,412.0,436.0,424.0
2026-09-29,put,7350.0,1.05,1.15,1.1
2026-09-29,call,7355.0,407.0,431.0,419.0
2026-09-29,put,7355.0,1.05,1.2,1.125
2026-09-29,call,7360.0,401.9,425.9,413.9
2026-09-29,put,7360.0,1.1,1.2,1.15
2026-09-29,call,7365.0,397.1,421.1,409.1
2026-09-29,put,7365.0,1.1,1.25,1.175
2026-09-29,call,7370.0,392.1,416.1,404.1
2026-09-29,put,7370.0,1.15,1.25,1.2
2026-09-29,call,7375.0,387.1,411.1,399.1
2026-09-29,put,7375.0,1.15,1.3,1.225
2026-09-29,call,7380.0,382.3,406.3,394.3
2026-09-29,put,7380.0,1.2,1.3,1.25
2026-09-29,call,7385.0,377.2,401.2,389.2
2026-09-29,put,7385.0,1.2,1.35,1.275
2026-09-29,call,7390.0,372.2,396.2,384.2
2026-09-29,put,7390.0,1.25,1.35,1.3
2026-09-29,call,7395.0,367.1,391.1,379.1
2026-09-29,put,7395.0,1.3,1.4,1.35
2026-09-29,call,7400.0,365.2,386.4,375.79999999999995
2026-09-29,put,7400.0,1.3,1.4,1.35
2026-09-29,call,7405.0,360.2,381.4,370.79999999999995
2026-09-29,put,7405.0,1.35,1.45,1.4
2026-09-29,call,7410.0,355.2,376.5,365.85
2026-09-29,put,7410.0,1.4,1.5,1.45
2026-09-29,call,7415.0,350.3,371.4,360.85
2026-09-29,put,7415.0,1.4,1.5,1.45
2026-09-29,call,7420.0,345.3,366.5,355.9
2026-09-29,put,7420.0,1.45,1.55,1.5
2026-09-29,call,7425.0,340.4,361.5,350.95
2026-09-29,put,7425.0,1.5,1.6,1.55
2026-09-29,call,7430.0,335.4,356.6,346.0
2026-09-29,put,7430.0,1.5,1.65,1.575
2026-09-29,call,7435.0,330.4,351.7,341.04999999999995
2026-09-29,put,7435.0,1.55,1.65,1.6
2026-09-29,call,7440.0,325.5,346.6,336.05
2026-09-29,put,7440.0,1.6,1.7,1.65
2026-09-29,call,7445.0,320.5,341.8,331.15
2026-09-29,put,7445.0,1.65,1.75,1.7
2026-09-29,call,7450.0,315.6,336.8,326.20000000000005
2026-09-29,put,7450.0,1.7,1.8,1.75
2026-09-29,call,7455.0,310.7,331.8,321.25
2026-09-29,put,7455.0,1.75,1.85,1.8
2026-09-29,call,7460.0,305.9,326.8,316.35
2026-09-29,put,7460.0,1.8,1.9,1.85
2026-09-29,call,7465.0,300.8,322.0,311.4
2026-09-29,put,7465.0,1.85,1.95,1.9
2026-09-29,call,7470.0,295.8,317.0,306.4
2026-09-29,put,7470.0,1.9,2.0,1.95
2026-09-29,call,7475.0,290.9,312.1,301.5
2026-09-29,put,7475.0,1.95,2.05,2.0
2026-09-29,call,7480.0,285.9,307.2,296.54999999999995
2026-09-29,put,7480.0,2.0,2.1,2.05
2026-09-29,call,7485.0,280.9,302.1,291.5
2026-09-29,put,7485.0,2.1,2.2,2.1500000000000004
2026-09-29,call,7490.0,276.0,297.2,286.6
2026-09-29,put,7490.0,2.15,2.25,2.2
2026-09-29,call,7495.0,271.1,292.5,281.8
2026-09-29,put,7495.0,2.2,2.35,2.2750000000000004
2026-09-29,call,7500.0,266.2,287.5,276.85
2026-09-29,put,7500.0,2.3,2.4,2.3499999999999996
2026-09-29,call,7505.0,261.2,282.6,271.9
2026-09-29,put,7505.0,2.35,2.55,2.45
2026-09-29,call,7510.0,256.3,277.7,267.0
2026-09-29,put,7510.0,2.45,2.6,2.5250000000000004
2026-09-29,call,7515.0,251.4,272.8,262.1
2026-09-29,put,7515.0,2.55,2.7,2.625
2026-09-29,call,7520.0,246.5,267.9,257.2
2026-09-29,put,7520.0,2.65,2.8,2.7249999999999996
2026-09-29,call,7525.0,241.6,263.0,252.3
2026-09-29,put,7525.0,2.7,2.85,2.7750000000000004
2026-09-29,call,7530.0,236.7,258.1,247.4
2026-09-29,put,7530.0,2.85,3.0,2.925
2026-09-29,call,7535.0,231.8,253.1,242.45
2026-09-29,put,7535.0,2.95,3.1,3.0250000000000004
2026-09-29,call,7540.0,226.9,248.3,237.60000000000002
2026-09-29,put,7540.0,3.0,3.2,3.1
2026-09-29,call,7545.0,222.1,243.5,232.8
2026-09-29,put,7545.0,3.1,3.4,3.25
2026-09-29,call,7550.0,217.2,238.6,227.89999999999998
2026-09-29,put,7550.0,3.3,3.5,3.4
2026-09-29,call,7555.0,212.3,233.7,223.0
2026-09-29,put,7555.0,3.4,3.6,3.5
2026-09-29,call,7560.0,207.5,228.9,218.2
2026-09-29,put,7560.0,3.6,3.8,3.7
2026-09-29,call,7565.0,202.6,225.7,214.14999999999998
2026-09-29,put,7565.0,3.7,3.9,3.8
2026-09-29,call,7570.0,199.8,217.6,208.7
2026-09-29,put,7570.0,3.9,4.1,4.0
2026-09-29,call,7575.0,194.9,212.8,203.85000000000002
2026-09-29,put,7575.0,4.0,4.3,4.15
2026-09-29,call,7580.0,190.1,208.0,199.05
2026-09-29,put,7580.0,4.2,4.5,4.35
2026-09-29,call,7585.0,185.3,203.0,194.15
2026-09-29,put,7585.0,4.4,4.7,4.550000000000001
2026-09-29,call,7590.0,180.5,198.2,189.35
2026-09-29,put,7590.0,4.6,4.9,4.75
2026-09-29,call,7595.0,175.7,193.4,184.55
2026-09-29,put,7595.0,4.8,5.0,4.9
2026-09-29,call,7600.0,180.4,181.9,181.15
2026-09-29,put,7600.0,5.1,5.3,5.199999999999999
2026-09-29,call,7605.0,166.3,184.1,175.2
2026-09-29,put,7605.0,5.3,5.5,5.4
2026-09-29,call,7610.0,161.5,179.3,170.4
2026-09-29,put,7610.0,5.6,5.8,5.699999999999999
2026-09-29,call,7615.0,156.8,174.7,165.75
2026-09-29,put,7615.0,5.9,6.1,6.0
2026-09-29,call,7620.0,152.1,170.0,161.05
2026-09-29,put,7620.0,6.2,6.4,6.300000000000001
2026-09-29,call,7625.0,147.4,165.2,156.3
2026-09-29,put,7625.0,6.5,6.7,6.6
2026-09-29,call,7630.0,152.2,153.7,152.95
2026-09-29,put,7630.0,6.8,7.0,6.9
2026-09-29,call,7635.0,138.2,156.1,147.14999999999998
2026-09-29,put,7635.0,7.2,7.4,7.300000000000001
2026-09-29,call,7640.0,133.5,151.5,142.5
2026-09-29,put,7640.0,7.6,7.8,7.699999999999999
2026-09-29,call,7645.0,129.0,146.6,137.8
2026-09-29,put,7645.0,8.0,8.2,8.1
2026-09-29,call,7650.0,124.4,142.3,133.35000000000002
2026-09-29,put,7650.0,8.4,8.6,8.5
2026-09-29,call,7655.0,119.9,137.6,128.75
2026-09-29,put,7655.0,8.8,9.1,8.95
2026-09-29,call,7660.0,115.3,133.2,124.25
2026-09-29,put,7660.0,9.3,9.6,9.45
2026-09-29,call,7665.0,110.8,128.8,119.80000000000001
2026-09-29,put,7665.0,9.8,10.1,9.95
2026-09-29,call,7670.0,106.4,124.5,115.45
2026-09-29,put,7670.0,10.4,10.7,10.55
2026-09-29,call,7675.0,111.5,113.0,112.25
2026-09-29,put,7675.0,11.1,11.3,11.2
2026-09-29,call,7680.0,97.7,115.8,106.75
2026-09-29,put,7680.0,11.6,12.0,11.8
2026-09-29,call,7685.0,93.4,111.4,102.4
2026-09-29,put,7685.0,12.3,12.7,12.5
2026-09-29,call,7690.0,89.1,107.2,98.15
2026-09-29,put,7690.0,13.1,13.5,13.3
2026-09-29,call,7695.0,84.9,103.0,93.95
2026-09-29,put,7695.0,13.9,14.3,14.100000000000001
2026-09-29,call,7700.0,90.3,91.8,91.05
2026-09-29,put,7700.0,14.8,15.1,14.95
2026-09-29,call,7705.0,76.7,95.0,85.85
2026-09-29,put,7705.0,15.7,16.1,15.9
2026-09-29,call,7710.0,72.7,91.1,81.9
2026-09-29,put,7710.0,16.7,17.1,16.9
2026-09-29,call,7715.0,68.8,87.1,77.94999999999999
2026-09-29,put,7715.0,17.7,18.1,17.9
2026-09-29,call,7720.0,64.9,84.4,74.65
2026-09-29,put,7720.0,18.9,19.3,19.1
2026-09-29,call,7725.0,71.1,71.6,71.35
2026-09-29,put,7725.0,20.1,20.5,20.3
2026-09-29,call,7730.0,67.4,67.9,67.65
2026-09-29,put,7730.0,21.4,21.8,21.6
2026-09-29,call,7735.0,63.8,64.3,64.05
2026-09-29,put,7735.0,22.8,23.2,23.0
2026-09-29,call,7740.0,60.3,60.8,60.55
2026-09-29,put,7740.0,24.3,24.7,24.5
2026-09-29,call,7745.0,56.9,57.4,57.15
2026-09-29,put,7745.0,25.9,26.3,26.1
2026-09-29,call,7750.0,53.6,54.1,53.85
2026-09-29,put,7750.0,27.6,28.0,27.8
2026-09-29,call,7755.0,50.4,50.9,50.65
2026-09-29,put,7755.0,29.4,29.8,29.6
2026-09-29,call,7760.0,47.3,47.8,47.55
2026-09-29,put,7760.0,31.3,31.7,31.5
2026-09-29,call,7765.0,44.3,44.8,44.55
2026-09-29,put,7765.0,33.3,33.7,33.5
2026-09-29,call,7770.0,41.4,41.9,41.65
2026-09-29,put,7770.0,35.4,35.8,35.599999999999994
2026-09-29,call,7775.0,38.8,39.2,39.0
2026-09-29,put,7775.0,37.7,38.1,37.900000000000006
2026-09-29,call,7780.0,36.1,36.6,36.35
2026-09-29,put,7780.0,40.1,40.5,40.3
2026-09-29,call,7785.0,33.7,34.1,33.900000000000006
2026-09-29,put,7785.0,42.6,43.0,42.8
2026-09-29,call,7790.0,31.3,31.7,31.5
2026-09-29,put,7790.0,45.2,45.6,45.400000000000006
2026-09-29,call,7795.0,29.0,29.4,29.2
2026-09-29,put,7795.0,47.9,48.3,48.099999999999994
2026-09-29,call,7800.0,26.9,27.3,27.1
2026-09-29,put,7800.0,50.7,51.2,50.95
2026-09-29,call,7805.0,24.9,25.3,25.1
2026-09-29,put,7805.0,53.7,54.2,53.95
2026-09-29,call,7810.0,23.0,23.4,23.2
2026-09-29,put,7810.0,56.8,57.3,57.05
2026-09-29,call,7815.0,21.2,21.6,21.4
2026-09-29,put,7815.0,60.0,60.5,60.25
2026-09-29,call,7820.0,19.5,19.9,19.7
2026-09-29,put,7820.0,63.3,63.8,63.55
2026-09-29,call,7825.0,17.9,18.3,18.1
2026-09-29,put,7825.0,66.4,67.8,67.1
2026-09-29,call,7830.0,16.4,16.8,16.6
2026-09-29,put,7830.0,63.0,81.2,72.1
2026-09-29,call,7835.0,15.1,15.4,15.25
2026-09-29,put,7835.0,66.5,84.8,75.65
2026-09-29,call,7840.0,13.8,14.2,14.0
2026-09-29,put,7840.0,70.2,88.5,79.35
2026-09-29,call,7845.0,12.6,13.0,12.8
2026-09-29,put,7845.0,74.1,92.3,83.19999999999999
2026-09-29,call,7850.0,11.6,11.9,11.75
2026-09-29,put,7850.0,77.9,96.2,87.05000000000001
2026-09-29,call,7855.0,10.5,10.8,10.65
2026-09-29,put,7855.0,81.9,100.2,91.05000000000001
2026-09-29,call,7860.0,9.6,9.9,9.75
2026-09-29,put,7860.0,86.2,104.3,95.25
2026-09-29,call,7865.0,8.7,9.0,8.85
2026-09-29,put,7865.0,90.4,108.4,99.4
2026-09-29,call,7870.0,7.9,8.2,8.05
2026-09-29,put,7870.0,94.5,112.6,103.55
2026-09-29,call,7875.0,7.2,7.5,7.35
2026-09-29,put,7875.0,98.9,116.9,107.9
2026-09-29,call,7880.0,6.5,6.8,6.65
2026-09-29,put,7880.0,103.3,121.2,112.25
2026-09-29,call,7885.0,5.9,6.2,6.050000000000001
2026-09-29,put,7885.0,107.7,125.6,116.65
2026-09-29,call,7890.0,5.3,5.6,5.449999999999999
2026-09-29,put,7890.0,112.2,130.1,121.15
2026-09-29,call,7895.0,4.8,5.1,4.949999999999999
2026-09-29,put,7895.0,116.9,134.5,125.7
2026-09-29,call,7900.0,4.4,4.7,4.550000000000001
2026-09-29,put,7900.0,121.1,139.1,130.1
2026-09-29,call,7905.0,4.0,4.2,4.1
2026-09-29,put,7905.0,125.8,143.7,134.75
2026-09-29,call,7910.0,3.6,3.9,3.75
2026-09-29,put,7910.0,130.5,148.3,139.4
2026-09-29,call,7915.0,3.3,3.5,3.4
2026-09-29,put,7915.0,135.1,152.9,144.0
2026-09-29,call,7920.0,3.0,3.2,3.1
2026-09-29,put,7920.0,140.1,157.6,148.85
2026-09-29,call,7925.0,2.7,2.9,2.8
2026-09-29,put,7925.0,144.6,162.3,153.45
2026-09-29,call,7930.0,2.45,2.65,2.55
2026-09-29,put,7930.0,149.3,167.1,158.2
2026-09-29,call,7940.0,2.05,2.2,2.125
2026-09-29,put,7940.0,158.8,176.7,167.75
2026-09-29,call,7950.0,1.7,1.8,1.75
2026-09-29,put,7950.0,168.5,186.3,177.4
2026-09-29,call,7960.0,1.4,1.55,1.475
2026-09-29,put,7960.0,178.5,196.0,187.25
2026-09-29,call,7970.0,1.15,1.35,1.25
2026-09-29,put,7970.0,188.1,205.8,196.95
2026-09-29,call,7975.0,1.1,1.25,1.175
2026-09-29,put,7975.0,193.0,210.6,201.8
2026-09-29,call,7980.0,1.0,1.15,1.075
2026-09-29,put,7980.0,196.1,215.6,205.85
2026-09-29,call,7990.0,0.85,1.0,0.925
2026-09-29,put,7990.0,205.6,227.4,216.5
2026-09-29,call,8000.0,0.75,0.85,0.8
2026-09-29,put,8000.0,215.5,239.5,227.5
2026-09-29,call,8025.0,0.55,0.65,0.6000000000000001
2026-09-29,put,8025.0,240.3,264.3,252.3
2026-09-29,call,8050.0,0.4,0.55,0.47500000000000003
2026-09-29,put,8050.0,265.1,289.1,277.1
2026-09-29,call,8075.0,0.35,0.45,0.4
2026-09-29,put,8075.0,290.1,314.1,302.1
2026-09-29,call,8100.0,0.3,0.4,0.35
2026-09-29,put,8100.0,315.0,339.0,327.0
2026-09-29,call,8125.0,0.25,0.35,0.3
2026-09-29,put,8125.0,339.9,363.9,351.9
2026-09-29,call,8150.0,0.2,0.35,0.275
2026-09-29,put,8150.0,364.9,388.9,376.9
2026-09-29,call,8175.0,0.2,0.3,0.25
2026-09-29,put,8175.0,389.8,413.8,401.8
2026-09-29,call,8200.0,0.15,0.3,0.22499999999999998
2026-09-29,put,8200.0,414.8,438.8,426.8
2026-09-29,call,8225.0,0.15,0.25,0.2
2026-09-29,put,8225.0,439.8,463.8,451.8
2026-09-29,call,8250.0,0.15,0.25,0.2
2026-09-29,put,8250.0,464.8,488.8,476.8
2026-09-29,call,8275.0,0.1,0.25,0.175
2026-09-29,put,8275.0,489.8,513.8,501.79999999999995
2026-09-29,call,8300.0,0.1,0.2,0.15000000000000002
2026-09-29,put,8300.0,514.7,538.7,526.7
2026-09-29,call,8400.0,0.05,0.15,0.1
2026-09-29,put,8400.0,614.8,638.8,626.8
2026-09-29,put,8500.0,714.7,738.7,726.7
2026-09-29,put,8600.0,814.4,838.4,826.4
2026-09-29,put,8800.0,1014.5,1038.5,1026.5
2026-09-29,put,9000.0,1214.1,1238.1,1226.1
2026-09-29,put,9200.0,1414.1,1438.1,1426.1
2026-09-29,put,9400.0,1614.1,1638.1,1626.1
2026-09-29,put,9600.0,1813.8,1837.8,1825.8
2026-09-29,put,9800.0,2013.7,2037.7,2025.7
2026-09-29,put,10000.0,2213.6,2237.6,2225.6
2026-09-30,call,2600.0,5157.7,5181.7,5169.7
2026-09-30,call,2800.0,4957.7,4981.7,4969.7
2026-09-30,call,3000.0,4757.9,4781.9,4769.9
2026-09-30,call,3200.0,4558.1,4582.1,4570.1
2026-09-30,call,3300.0,4458.2,4482.2,4470.2
2026-09-30,call,3400.0,4358.2,4382.2,4370.2
2026-09-30,call,3500.0,4258.3,4282.3,4270.3
2026-09-30,call,3600.0,4158.4,4182.4,4170.4
2026-09-30,call,3700.0,4058.5,4082.5,4070.5
2026-09-30,call,3800.0,3958.6,3982.6,3970.6
2026-09-30,call,3900.0,3858.6,3882.6,3870.6
2026-09-30,call,4000.0,3758.7,3782.7,3770.7
2026-09-30,call,4100.0,3658.6,3682.6,3670.6
2026-09-30,call,4200.0,3558.8,3582.8,3570.8
2026-09-30,call,4300.0,3458.9,3482.9,3470.9
2026-09-30,call,4400.0,3359.0,3383.0,3371.0
2026-09-30,call,4500.0,3259.0,3283.0,3271.0
2026-09-30,call,4550.0,3209.1,3233.1,3221.1
2026-09-30,call,4600.0,3159.0,3183.0,3171.0
2026-09-30,call,4650.0,3109.3,3133.3,3121.3
2026-09-30,call,4700.0,3059.2,3083.2,3071.2
2026-09-30,call,4750.0,3009.2,3033.2,3021.2
2026-09-30,call,4800.0,2959.3,2983.3,2971.3
2026-09-30,call,4850.0,2909.3,2933.3,2921.3
2026-09-30,call,4900.0,2859.4,2883.4,2871.4
2026-09-30,call,4950.0,2809.4,2833.4,2821.4
2026-09-30,call,5000.0,2759.5,2783.5,2771.5
2026-09-30,call,5050.0,2709.5,2733.5,2721.5
2026-09-30,call,5100.0,2659.5,2683.5,2671.5
2026-09-30,call,5125.0,2634.5,2658.5,2646.5
2026-09-30,call,5150.0,2609.5,2633.5,2621.5
2026-09-30,call,5175.0,2584.5,2608.5,2596.5
2026-09-30,call,5200.0,2559.6,2583.6,2571.6
2026-09-30,call,5225.0,2534.6,2558.6,2546.6
2026-09-30,call,5250.0,2509.5,2533.5,2521.5
2026-09-30,call,5275.0,2484.6,2508.6,2496.6
2026-09-30,call,5300.0,2459.7,2483.7,2471.7
2026-09-30,call,5325.0,2434.4,2458.4,2446.4
2026-09-30,call,5350.0,2409.7,2433.7,2421.7
2026-09-30,call,5375.0,2384.8,2408.8,2396.8
2026-09-30,call,5400.0,2359.8,2383.8,2371.8
2026-09-30,call,5425.0,2334.7,2358.7,2346.7
2026-09-30,call,5450.0,2309.8,2333.8,2321.8
2026-09-30,call,5475.0,2284.8,2308.8,2296.8
2026-09-30,call,5500.0,2259.8,2283.8,2271.8
2026-09-30,call,5525.0,2234.9,2258.9,2246.9
2026-09-30,call,5550.0,2209.8,2233.8,2221.8
2026-09-30,call,5575.0,2184.8,2208.8,2196.8
2026-09-30,call,5600.0,2159.9,2183.9,2171.9
2026-09-30,call,5625.0,2134.9,2158.9,2146.9
2026-09-30,call,5650.0,2109.9,2133.9,2121.9
2026-09-30,call,5675.0,2084.9,2108.9,2096.9
2026-09-30,call,5700.0,2059.9,2083.9,2071.9
2026-09-30,call,5725.0,2034.9,2058.9,2046.9
2026-09-30,call,5750.0,2010.1,2034.1,2022.1
2026-09-30,call,5775.0,1985.1,2009.1,1997.1
2026-09-30,call,5780.0,1979.9,2003.9,1991.9
2026-09-30,call,5790.0,1970.1,1994.1,1982.1
2026-09-30,call,5800.0,1960.0,1984.0,1972.0
2026-09-30,put,5800.0,0.05,0.1,0.07500000000000001
2026-09-30,call,5805.0,1955.0,1979.0,1967.0
2026-09-30,call,5810.0,1950.1,1974.1,1962.1
2026-09-30,call,5815.0,1945.0,1969.0,1957.0
2026-09-30,call,5820.0,1940.1,1964.1,1952.1
2026-09-30,call,5825.0,1935.1,1959.1,1947.1
2026-09-30,call,5830.0,1929.9,1953.9,1941.9
2026-09-30,call,5835.0,1924.9,1948.9,1936.9
2026-09-30,call,5840.0,1920.2,1944.2,1932.2
2026-09-30,call,5845.0,1915.0,1939.0,1927.0
2026-09-30,call,5850.0,1909.9,1933.9,1921.9
2026-09-30,call,5855.0,1905.1,1929.1,1917.1
2026-09-30,call,5860.0,1900.0,1924.0,1912.0
2026-09-30,call,5865.0,1895.1,1919.1,1907.1
2026-09-30,call,5870.0,1890.1,1914.1,1902.1
2026-09-30,call,5875.0,1885.0,1909.0,1897.0
2026-09-30,call,5880.0,1880.0,1904.0,1892.0
2026-09-30,call,5885.0,1875.0,1899.0,1887.0
2026-09-30,call,5890.0,1870.2,1894.2,1882.2
2026-09-30,call,5895.0,1865.0,1889.0,1877.0
2026-09-30,call,5900.0,1859.9,1883.9,1871.9
2026-09-30,put,5900.0,0.05,0.1,0.07500000000000001
2026-09-30,call,5905.0,1855.2,1879.2,1867.2
2026-09-30,call,5910.0,1850.2,1874.2,1862.2
2026-09-30,call,5915.0,1845.1,1869.1,1857.1
2026-09-30,call,5920.0,1840.1,1864.1,1852.1
2026-09-30,call,5925.0,1835.1,1859.1,1847.1
2026-09-30,call,5930.0,1829.9,1853.9,1841.9
2026-09-30,call,5935.0,1825.2,1849.2,1837.2
2026-09-30,call,5940.0,1820.1,1844.1,1832.1
2026-09-30,call,5945.0,1815.1,1839.1,1827.1
2026-09-30,call,5950.0,1810.1,1834.1,1822.1
2026-09-30,call,5955.0,1805.2,1829.2,1817.2
2026-09-30,call,5960.0,1800.2,1824.2,1812.2
2026-09-30,call,5965.0,1795.2,1819.2,1807.2
2026-09-30,call,5970.0,1790.1,1814.1,1802.1
2026-09-30,call,5975.0,1785.3,1809.3,1797.3
2026-09-30,call,5980.0,1780.1,1804.1,1792.1
2026-09-30,call,5985.0,1775.0,1799.0,1787.0
2026-09-30,call,5990.0,1770.1,1794.1,1782.1
2026-09-30,call,5995.0,1765.0,1789.0,1777.0
2026-09-30,call,6000.0,1760.2,1784.2,1772.2
2026-09-30,put,6000.0,0.05,0.15,0.1
2026-09-30,call,6005.0,1755.2,1779.2,1767.2
2026-09-30,call,6010.0,1750.3,1774.3,1762.3
2026-09-30,call,6015.0,1745.2,1769.2,1757.2
2026-09-30,call,6020.0,1740.3,1764.3,1752.3
2026-09-30,call,6025.0,1735.3,1759.3,1747.3
2026-09-30,call,6030.0,1730.2,1754.2,1742.2
2026-09-30,call,6035.0,1725.2,1749.2,1737.2
2026-09-30,call,6040.0,1720.2,1744.2,1732.2
2026-09-30,call,6045.0,1715.3,1739.3,1727.3
2026-09-30,call,6050.0,1710.2,1734.2,1722.2
2026-09-30,put,6050.0,0.05,0.15,0.1
2026-09-30,call,6055.0,1705.2,1729.2,1717.2
2026-09-30,call,6060.0,1700.3,1724.3,1712.3
2026-09-30,call,6065.0,1695.3,1719.3,1707.3
2026-09-30,call,6070.0,1690.3,1714.3,1702.3
2026-09-30,call,6075.0,1685.3,1709.3,1697.3
2026-09-30,call,6080.0,1680.2,1704.2,1692.2
2026-09-30,call,6085.0,1675.4,1699.4,1687.4
2026-09-30,call,6090.0,1670.3,1694.3,1682.3
2026-09-30,call,6095.0,1665.2,1689.2,1677.2
2026-09-30,call,6100.0,1660.3,1684.3,1672.3
2026-09-30,put,6100.0,0.05,0.15,0.1
2026-09-30,call,6110.0,1650.3,1674.3,1662.3
2026-09-30,call,6120.0,1640.3,1664.3,1652.3
2026-09-30,call,6125.0,1635.3,1659.3,1647.3
2026-09-30,call,6130.0,1630.3,1654.3,1642.3
2026-09-30,call,6140.0,1620.3,1644.3,1632.3
2026-09-30,call,6150.0,1610.3,1634.3,1622.3
2026-09-30,call,6160.0,1600.2,1624.2,1612.2
2026-09-30,call,6170.0,1590.3,1614.3,1602.3
2026-09-30,call,6175.0,1585.3,1609.3,1597.3
2026-09-30,call,6180.0,1580.3,1604.3,1592.3
2026-09-30,call,6190.0,1570.4,1594.4,1582.4
2026-09-30,call,6200.0,1560.3,1584.3,1572.3
2026-09-30,put,6200.0,0.05,0.15,0.1
2026-09-30,call,6210.0,1550.3,1574.3,1562.3
2026-09-30,call,6220.0,1540.5,1564.5,1552.5
2026-09-30,call,6225.0,1535.4,1559.4,1547.4
2026-09-30,call,6230.0,1530.4,1554.4,1542.4
2026-09-30,call,6240.0,1520.5,1544.5,1532.5
2026-09-30,call,6250.0,1510.2,1534.2,1522.2
2026-09-30,put,6250.0,0.05,0.15,0.1
2026-09-30,call,6260.0,1500.5,1524.5,1512.5
2026-09-30,call,6270.0,1490.4,1514.4,1502.4
2026-09-30,call,6275.0,1485.4,1509.4,1497.4
2026-09-30,call,6280.0,1480.5,1504.5,1492.5
2026-09-30,call,6290.0,1470.5,1494.5,1482.5
2026-09-30,call,6300.0,1460.5,1484.5,1472.5
2026-09-30,put,6300.0,0.1,0.2,0.15000000000000002
2026-09-30,call,6305.0,1455.6,1479.6,1467.6
2026-09-30,call,6310.0,1450.4,1474.4,1462.4
2026-09-30,call,6315.0,1445.5,1469.5,1457.5
2026-09-30,call,6320.0,1440.6,1464.5,1452.55
2026-09-30,call,6325.0,1435.5,1459.5,1447.5
2026-09-30,call,6330.0,1430.6,1454.6,1442.6
2026-09-30,call,6335.0,1425.6,1449.6,1437.6
2026-09-30,call,6340.0,1420.5,1444.5,1432.5
2026-09-30,call,6345.0,1415.6,1439.6,1427.6
2026-09-30,call,6350.0,1410.6,1434.6,1422.6
2026-09-30,call,6355.0,1405.5,1429.5,1417.5
2026-09-30,call,6360.0,1400.5,1424.5,1412.5
2026-09-30,call,6365.0,1395.6,1419.6,1407.6
2026-09-30,call,6370.0,1390.5,1414.5,1402.5
2026-09-30,call,6375.0,1385.5,1409.5,1397.5
2026-09-30,call,6380.0,1380.5,1404.5,1392.5
2026-09-30,call,6385.0,1375.6,1399.6,1387.6
2026-09-30,put,6385.0,0.05,0.2,0.125
2026-09-30,call,6390.0,1370.5,1394.5,1382.5
2026-09-30,put,6390.0,0.05,0.2,0.125
2026-09-30,call,6395.0,1365.6,1389.6,1377.6
2026-09-30,put,6395.0,0.05,0.2,0.125
2026-09-30,call,6400.0,1360.4,1384.4,1372.4
2026-09-30,put,6400.0,0.05,0.2,0.125
2026-09-30,call,6405.0,1355.5,1379.5,1367.5
2026-09-30,put,6405.0,0.05,0.2,0.125
2026-09-30,call,6410.0,1350.5,1374.5,1362.5
2026-09-30,put,6410.0,0.05,0.2,0.125
2026-09-30,call,6415.0,1345.7,1369.7,1357.7
2026-09-30,put,6415.0,0.05,0.2,0.125
2026-09-30,call,6420.0,1340.6,1364.6,1352.6
2026-09-30,put,6420.0,0.05,0.2,0.125
2026-09-30,call,6425.0,1335.6,1359.6,1347.6
2026-09-30,put,6425.0,0.05,0.2,0.125
2026-09-30,call,6430.0,1330.5,1354.5,1342.5
2026-09-30,put,6430.0,0.05,0.2,0.125
2026-09-30,call,6435.0,1325.6,1349.6,1337.6
2026-09-30,put,6435.0,0.05,0.2,0.125
2026-09-30,call,6440.0,1320.6,1344.6,1332.6
2026-09-30,put,6440.0,0.05,0.2,0.125
2026-09-30,call,6445.0,1315.6,1339.6,1327.6
2026-09-30,put,6445.0,0.05,0.2,0.125
2026-09-30,call,6450.0,1310.4,1334.4,1322.4
2026-09-30,put,6450.0,0.05,0.2,0.125
2026-09-30,call,6455.0,1305.6,1329.6,1317.6
2026-09-30,put,6455.0,0.05,0.2,0.125
2026-09-30,call,6460.0,1300.6,1324.6,1312.6
2026-09-30,put,6460.0,0.05,0.2,0.125
2026-09-30,call,6465.0,1295.6,1319.6,1307.6
2026-09-30,put,6465.0,0.05,0.2,0.125
2026-09-30,call,6470.0,1290.4,1314.4,1302.4
2026-09-30,put,6470.0,0.05,0.2,0.125
2026-09-30,call,6475.0,1285.6,1309.6,1297.6
2026-09-30,put,6475.0,0.05,0.2,0.125
2026-09-30,call,6480.0,1280.6,1304.6,1292.6
2026-09-30,put,6480.0,0.05,0.2,0.125
2026-09-30,call,6485.0,1275.6,1299.6,1287.6
2026-09-30,put,6485.0,0.05,0.25,0.15
2026-09-30,call,6490.0,1270.6,1294.6,1282.6
2026-09-30,put,6490.0,0.05,0.25,0.15
2026-09-30,call,6495.0,1265.6,1289.6,1277.6
2026-09-30,put,6495.0,0.05,0.25,0.15
2026-09-30,call,6500.0,1260.7,1284.7,1272.7
2026-09-30,put,6500.0,0.05,0.25,0.15
2026-09-30,call,6505.0,1255.7,1279.6,1267.65
2026-09-30,put,6505.0,0.05,0.25,0.15
2026-09-30,call,6510.0,1250.6,1274.6,1262.6
2026-09-30,put,6510.0,0.05,0.25,0.15
2026-09-30,call,6515.0,1245.6,1269.6,1257.6
2026-09-30,put,6515.0,0.05,0.25,0.15
2026-09-30,call,6520.0,1240.7,1264.7,1252.7
2026-09-30,put,6520.0,0.05,0.25,0.15
2026-09-30,call,6525.0,1235.7,1259.7,1247.7
2026-09-30,put,6525.0,0.05,0.25,0.15
2026-09-30,call,6530.0,1230.7,1254.7,1242.7
2026-09-30,put,6530.0,0.05,0.25,0.15
2026-09-30,call,6535.0,1225.7,1249.7,1237.7
2026-09-30,put,6535.0,0.05,0.25,0.15
2026-09-30,call,6540.0,1220.7,1244.7,1232.7
2026-09-30,put,6540.0,0.05,0.25,0.15
2026-09-30,call,6545.0,1215.7,1239.7,1227.7
2026-09-30,put,6545.0,0.05,0.25,0.15
2026-09-30,call,6550.0,1210.7,1234.7,1222.7
2026-09-30,put,6550.0,0.1,0.25,0.175
2026-09-30,call,6555.0,1205.7,1229.7,1217.7
2026-09-30,put,6555.0,0.1,0.25,0.175
2026-09-30,call,6560.0,1200.8,1224.8,1212.8
2026-09-30,put,6560.0,0.1,0.25,0.175
2026-09-30,call,6565.0,1195.8,1219.8,1207.8
2026-09-30,put,6565.0,0.1,0.25,0.175
2026-09-30,call,6570.0,1190.7,1214.7,1202.7
2026-09-30,put,6570.0,0.1,0.25,0.175
2026-09-30,call,6575.0,1185.6,1209.6,1197.6
2026-09-30,put,6575.0,0.1,0.25,0.175
2026-09-30,call,6580.0,1180.8,1204.8,1192.8
2026-09-30,put,6580.0,0.1,0.25,0.175
2026-09-30,call,6585.0,1175.8,1199.8,1187.8
2026-09-30,put,6585.0,0.1,0.25,0.175
2026-09-30,call,6590.0,1170.8,1194.8,1182.8
2026-09-30,put,6590.0,0.1,0.25,0.175
2026-09-30,call,6595.0,1165.8,1189.8,1177.8
2026-09-30,put,6595.0,0.1,0.25,0.175
2026-09-30,call,6600.0,1160.8,1184.8,1172.8
2026-09-30,put,6600.0,0.1,0.25,0.175
2026-09-30,call,6605.0,1155.8,1179.8,1167.8
2026-09-30,put,6605.0,0.1,0.3,0.2
2026-09-30,call,6610.0,1150.8,1174.8,1162.8
2026-09-30,put,6610.0,0.1,0.3,0.2
2026-09-30,call,6615.0,1145.9,1169.9,1157.9
2026-09-30,put,6615.0,0.1,0.3,0.2
2026-09-30,call,6620.0,1140.8,1164.8,1152.8
2026-09-30,put,6620.0,0.1,0.3,0.2
2026-09-30,call,6625.0,1135.9,1159.9,1147.9
2026-09-30,put,6625.0,0.1,0.3,0.2
2026-09-30,call,6630.0,1130.8,1154.8,1142.8
2026-09-30,put,6630.0,0.1,0.3,0.2
2026-09-30,call,6635.0,1125.9,1149.9,1137.9
2026-09-30,put,6635.0,0.1,0.3,0.2
2026-09-30,call,6640.0,1120.7,1144.7,1132.7
2026-09-30,put,6640.0,0.1,0.3,0.2
2026-09-30,call,6645.0,1115.8,1139.8,1127.8
2026-09-30,put,6645.0,0.1,0.3,0.2
2026-09-30,call,6650.0,1110.9,1134.9,1122.9
2026-09-30,put,6650.0,0.15,0.3,0.22499999999999998
2026-09-30,call,6655.0,1105.8,1129.8,1117.8
2026-09-30,put,6655.0,0.15,0.3,0.22499999999999998
2026-09-30,call,6660.0,1100.9,1124.9,1112.9
2026-09-30,put,6660.0,0.15,0.3,0.22499999999999998
2026-09-30,call,6665.0,1095.7,1119.7,1107.7
2026-09-30,put,6665.0,0.15,0.3,0.22499999999999998
2026-09-30,call,6670.0,1090.8,1114.8,1102.8
2026-09-30,put,6670.0,0.15,0.3,0.22499999999999998
2026-09-30,call,6675.0,1085.9,1109.9,1097.9
2026-09-30,put,6675.0,0.15,0.3,0.22499999999999998
2026-09-30,call,6680.0,1080.8,1104.8,1092.8
2026-09-30,put,6680.0,0.15,0.3,0.22499999999999998
2026-09-30,call,6685.0,1075.8,1099.8,1087.8
2026-09-30,put,6685.0,0.15,0.3,0.22499999999999998
2026-09-30,call,6690.0,1070.9,1094.9,1082.9
2026-09-30,put,6690.0,0.15,0.3,0.22499999999999998
2026-09-30,call,6695.0,1065.9,1089.9,1077.9
2026-09-30,put,6695.0,0.15,0.3,0.22499999999999998
2026-09-30,call,6700.0,1060.8,1084.8,1072.8
2026-09-30,put,6700.0,0.15,0.3,0.22499999999999998
2026-09-30,call,6705.0,1055.7,1079.7,1067.7
2026-09-30,put,6705.0,0.15,0.35,0.25
2026-09-30,call,6710.0,1050.8,1074.8,1062.8
2026-09-30,put,6710.0,0.15,0.35,0.25
2026-09-30,call,6715.0,1045.9,1069.9,1057.9
2026-09-30,put,6715.0,0.15,0.35,0.25
2026-09-30,call,6720.0,1041.0,1065.0,1053.0
2026-09-30,put,6720.0,0.15,0.35,0.25
2026-09-30,call,6725.0,1036.0,1060.0,1048.0
2026-09-30,put,6725.0,0.15,0.35,0.25
2026-09-30,call,6730.0,1030.9,1054.9,1042.9
2026-09-30,put,6730.0,0.2,0.35,0.275
2026-09-30,call,6735.0,1025.9,1049.9,1037.9
2026-09-30,put,6735.0,0.2,0.35,0.275
2026-09-30,call,6740.0,1020.9,1044.9,1032.9
2026-09-30,put,6740.0,0.2,0.35,0.275
2026-09-30,call,6745.0,1015.9,1039.9,1027.9
2026-09-30,put,6745.0,0.2,0.35,0.275
2026-09-30,call,6750.0,1010.9,1034.9,1022.9000000000001
2026-09-30,put,6750.0,0.2,0.35,0.275
2026-09-30,call,6755.0,1006.0,1030.0,1018.0
2026-09-30,put,6755.0,0.2,0.35,0.275
2026-09-30,call,6760.0,1001.0,1025.0,1013.0
2026-09-30,put,6760.0,0.2,0.35,0.275
2026-09-30,call,6765.0,995.9,1019.9,1007.9
2026-09-30,put,6765.0,0.2,0.35,0.275
2026-09-30,call,6770.0,991.1,1015.1,1003.1
2026-09-30,put,6770.0,0.2,0.35,0.275
2026-09-30,call,6775.0,986.0,1010.0,998.0
2026-09-30,put,6775.0,0.2,0.35,0.275
2026-09-30,call,6780.0,981.1,1005.1,993.1
2026-09-30,put,6780.0,0.2,0.4,0.30000000000000004
2026-09-30,call,6785.0,976.0,1000.0,988.0
2026-09-30,put,6785.0,0.2,0.4,0.30000000000000004
2026-09-30,call,6790.0,971.0,995.0,983.0
2026-09-30,put,6790.0,0.2,0.4,0.30000000000000004
2026-09-30,call,6795.0,966.0,990.0,978.0
2026-09-30,put,6795.0,0.25,0.4,0.325
2026-09-30,call,6800.0,960.9,984.9,972.9
2026-09-30,put,6800.0,0.25,0.4,0.325
2026-09-30,call,6805.0,956.0,980.0,968.0
2026-09-30,put,6805.0,0.25,0.4,0.325
2026-09-30,call,6810.0,951.1,975.1,963.1
2026-09-30,put,6810.0,0.25,0.4,0.325
2026-09-30,call,6815.0,946.0,970.0,958.0
2026-09-30,put,6815.0,0.25,0.4,0.325
2026-09-30,call,6820.0,941.0,965.0,953.0
2026-09-30,put,6820.0,0.25,0.4,0.325
2026-09-30,call,6825.0,936.1,960.1,948.1
2026-09-30,put,6825.0,0.25,0.4,0.325
2026-09-30,call,6830.0,931.0,955.0,943.0
2026-09-30,put,6830.0,0.25,0.4,0.325
2026-09-30,call,6835.0,926.1,950.1,938.1
2026-09-30,put,6835.0,0.25,0.45,0.35
2026-09-30,call,6840.0,921.1,945.1,933.1
2026-09-30,put,6840.0,0.25,0.45,0.35
2026-09-30,call,6845.0,916.1,940.1,928.1
2026-09-30,put,6845.0,0.25,0.45,0.35
2026-09-30,call,6850.0,911.1,935.1,923.1
2026-09-30,put,6850.0,0.3,0.45,0.375
2026-09-30,call,6855.0,906.1,930.1,918.1
2026-09-30,put,6855.0,0.3,0.45,0.375
2026-09-30,call,6860.0,901.2,925.2,913.2
2026-09-30,put,6860.0,0.3,0.45,0.375
2026-09-30,call,6865.0,896.3,920.3,908.3
2026-09-30,put,6865.0,0.3,0.45,0.375
2026-09-30,call,6870.0,891.2,915.2,903.2
2026-09-30,put,6870.0,0.3,0.45,0.375
2026-09-30,call,6875.0,886.1,910.1,898.1
2026-09-30,put,6875.0,0.3,0.45,0.375
2026-09-30,call,6880.0,881.1,905.1,893.1
2026-09-30,put,6880.0,0.3,0.5,0.4
2026-09-30,call,6885.0,876.2,900.2,888.2
2026-09-30,put,6885.0,0.3,0.5,0.4
2026-09-30,call,6890.0,871.2,895.2,883.2
2026-09-30,put,6890.0,0.3,0.5,0.4
2026-09-30,call,6895.0,866.1,890.1,878.1
2026-09-30,put,6895.0,0.3,0.5,0.4
2026-09-30,call,6900.0,861.2,885.2,873.2
2026-09-30,put,6900.0,0.35,0.5,0.425
2026-09-30,call,6905.0,856.2,880.2,868.2
2026-09-30,put,6905.0,0.35,0.5,0.425
2026-09-30,call,6910.0,851.2,875.2,863.2
2026-09-30,put,6910.0,0.35,0.5,0.425
2026-09-30,call,6915.0,846.2,870.2,858.2
2026-09-30,put,6915.0,0.35,0.5,0.425
2026-09-30,call,6920.0,841.2,865.2,853.2
2026-09-30,put,6920.0,0.35,0.5,0.425
2026-09-30,call,6925.0,836.3,860.3,848.3
2026-09-30,put,6925.0,0.35,0.55,0.45
2026-09-30,call,6930.0,831.3,855.3,843.3
2026-09-30,put,6930.0,0.35,0.55,0.45
2026-09-30,call,6935.0,826.3,850.3,838.3
2026-09-30,put,6935.0,0.35,0.55,0.45
2026-09-30,call,6940.0,821.3,845.3,833.3
2026-09-30,put,6940.0,0.35,0.55,0.45
2026-09-30,call,6945.0,816.4,840.4,828.4
2026-09-30,put,6945.0,0.4,0.55,0.47500000000000003
2026-09-30,call,6950.0,811.2,835.2,823.2
2026-09-30,put,6950.0,0.4,0.55,0.47500000000000003
2026-09-30,call,6955.0,806.3,830.3,818.3
2026-09-30,put,6955.0,0.4,0.55,0.47500000000000003
2026-09-30,call,6960.0,801.3,825.3,813.3
2026-09-30,put,6960.0,0.4,0.55,0.47500000000000003
2026-09-30,call,6965.0,796.3,820.3,808.3
2026-09-30,put,6965.0,0.4,0.6,0.5
2026-09-30,call,6970.0,791.3,815.3,803.3
2026-09-30,put,6970.0,0.4,0.6,0.5
2026-09-30,call,6975.0,786.2,810.2,798.2
2026-09-30,put,6975.0,0.4,0.6,0.5
2026-09-30,call,6980.0,781.4,805.4,793.4
2026-09-30,put,6980.0,0.4,0.6,0.5
2026-09-30,call,6985.0,776.4,800.4,788.4
2026-09-30,put,6985.0,0.45,0.6,0.525
2026-09-30,call,6990.0,771.2,795.2,783.2
2026-09-30,put,6990.0,0.45,0.6,0.525
2026-09-30,call,6995.0,766.4,790.4,778.4
2026-09-30,put,6995.0,0.45,0.6,0.525
2026-09-30,call,7000.0,761.4,785.4,773.4
2026-09-30,put,7000.0,0.45,0.65,0.55
2026-09-30,call,7005.0,756.4,780.4,768.4
2026-09-30,put,7005.0,0.45,0.65,0.55
2026-09-30,call,7010.0,751.3,775.3,763.3
2026-09-30,put,7010.0,0.45,0.65,0.55
2026-09-30,call,7015.0,746.5,770.5,758.5
2026-09-30,put,7015.0,0.45,0.65,0.55
2026-09-30,call,7020.0,741.5,765.5,753.5
2026-09-30,put,7020.0,0.5,0.65,0.575
2026-09-30,call,7025.0,736.3,760.3,748.3
2026-09-30,put,7025.0,0.5,0.65,0.575
2026-09-30,call,7030.0,731.5,755.5,743.5
2026-09-30,put,7030.0,0.5,0.65,0.575
2026-09-30,call,7035.0,726.5,750.5,738.5
2026-09-30,put,7035.0,0.5,0.7,0.6
2026-09-30,call,7040.0,721.5,745.5,733.5
2026-09-30,put,7040.0,0.5,0.7,0.6
2026-09-30,call,7045.0,716.5,740.5,728.5
2026-09-30,put,7045.0,0.5,0.7,0.6
2026-09-30,call,7050.0,711.5,735.5,723.5
2026-09-30,put,7050.0,0.5,0.7,0.6
2026-09-30,call,7055.0,706.7,730.7,718.7
2026-09-30,put,7055.0,0.55,0.7,0.625
2026-09-30,call,7060.0,701.7,725.7,713.7
2026-09-30,put,7060.0,0.55,0.7,0.625
2026-09-30,call,7065.0,696.5,720.5,708.5
2026-09-30,put,7065.0,0.55,0.75,0.65
2026-09-30,call,7070.0,691.5,715.5,703.5
2026-09-30,put,7070.0,0.55,0.75,0.65
2026-09-30,call,7075.0,686.4,710.4,698.4
2026-09-30,put,7075.0,0.55,0.75,0.65
2026-09-30,call,7080.0,681.5,705.5,693.5
2026-09-30,put,7080.0,0.55,0.75,0.65
2026-09-30,call,7085.0,676.6,700.6,688.6
2026-09-30,put,7085.0,0.6,0.75,0.675
2026-09-30,call,7090.0,671.6,695.6,683.6
2026-09-30,put,7090.0,0.6,0.75,0.675
2026-09-30,call,7095.0,666.7,690.7,678.7
2026-09-30,put,7095.0,0.6,0.8,0.7
2026-09-30,call,7100.0,661.7,685.7,673.7
2026-09-30,put,7100.0,0.6,0.8,0.7
2026-09-30,call,7105.0,656.5,680.5,668.5
2026-09-30,put,7105.0,0.6,0.8,0.7
2026-09-30,call,7110.0,651.7,675.7,663.7
2026-09-30,put,7110.0,0.65,0.8,0.7250000000000001
2026-09-30,call,7115.0,646.8,670.8,658.8
2026-09-30,put,7115.0,0.65,0.8,0.7250000000000001
2026-09-30,call,7120.0,641.8,665.7,653.75
2026-09-30,put,7120.0,0.65,0.85,0.75
2026-09-30,call,7125.0,636.7,660.7,648.7
2026-09-30,put,7125.0,0.65,0.85,0.75
2026-09-30,call,7130.0,631.7,655.7,643.7
2026-09-30,put,7130.0,0.65,0.85,0.75
2026-09-30,call,7135.0,626.8,650.8,638.8
2026-09-30,put,7135.0,0.7,0.85,0.7749999999999999
2026-09-30,call,7140.0,621.8,645.8,633.8
2026-09-30,put,7140.0,0.7,0.85,0.7749999999999999
2026-09-30,call,7145.0,616.8,640.8,628.8
2026-09-30,put,7145.0,0.7,0.9,0.8
2026-09-30,call,7150.0,611.7,635.7,623.7
2026-09-30,put,7150.0,0.7,0.9,0.8
2026-09-30,call,7155.0,606.9,630.9,618.9
2026-09-30,put,7155.0,0.7,0.9,0.8
2026-09-30,call,7160.0,601.6,625.6,613.6
2026-09-30,put,7160.0,0.75,0.9,0.825
2026-09-30,call,7165.0,596.8,620.8,608.8
2026-09-30,put,7165.0,0.75,0.95,0.85
2026-09-30,call,7170.0,591.9,615.9,603.9
2026-09-30,put,7170.0,0.75,0.95,0.85
2026-09-30,call,7175.0,586.9,610.9,598.9
2026-09-30,put,7175.0,0.75,0.95,0.85
2026-09-30,call,7180.0,581.9,605.9,593.9
2026-09-30,put,7180.0,0.8,0.95,0.875
2026-09-30,call,7185.0,576.9,600.9,588.9
2026-09-30,put,7185.0,0.8,1.0,0.9
2026-09-30,call,7190.0,571.9,595.9,583.9
2026-09-30,put,7190.0,0.8,1.0,0.9
2026-09-30,call,7195.0,566.7,590.7,578.7
2026-09-30,put,7195.0,0.8,1.0,0.9
2026-09-30,call,7200.0,576.2,577.8,577.0
2026-09-30,put,7200.0,0.9,1.0,0.95
2026-09-30,call,7205.0,557.0,581.0,569.0
2026-09-30,put,7205.0,0.85,1.05,0.95
2026-09-30,call,7210.0,552.1,576.1,564.1
2026-09-30,put,7210.0,0.85,1.05,0.95
2026-09-30,call,7215.0,547.0,571.0,559.0
2026-09-30,put,7215.0,0.85,1.05,0.95
2026-09-30,call,7220.0,542.1,566.1,554.1
2026-09-30,put,7220.0,0.9,1.05,0.9750000000000001
2026-09-30,call,7225.0,537.0,561.0,549.0
2026-09-30,put,7225.0,0.9,1.1,1.0
2026-09-30,call,7230.0,532.1,556.1,544.1
2026-09-30,put,7230.0,0.9,1.1,1.0
2026-09-30,call,7235.0,527.1,551.1,539.1
2026-09-30,put,7235.0,0.95,1.1,1.025
2026-09-30,call,7240.0,522.1,546.1,534.1
2026-09-30,put,7240.0,0.95,1.15,1.0499999999999998
2026-09-30,call,7245.0,517.3,541.3,529.3
2026-09-30,put,7245.0,0.95,1.15,1.0499999999999998
2026-09-30,call,7250.0,512.1,536.1,524.1
2026-09-30,put,7250.0,1.05,1.15,1.1
2026-09-30,call,7255.0,507.2,531.2,519.2
2026-09-30,put,7255.0,1.0,1.2,1.1
2026-09-30,call,7260.0,502.2,526.2,514.2
2026-09-30,put,7260.0,1.0,1.2,1.1
2026-09-30,call,7265.0,497.2,521.2,509.20000000000005
2026-09-30,put,7265.0,1.05,1.2,1.125
2026-09-30,call,7270.0,492.3,516.3,504.29999999999995
2026-09-30,put,7270.0,1.05,1.25,1.15
2026-09-30,call,7275.0,487.2,511.2,499.2
2026-09-30,put,7275.0,1.05,1.25,1.15
2026-09-30,call,7280.0,482.1,506.1,494.1
2026-09-30,put,7280.0,1.1,1.25,1.175
2026-09-30,call,7285.0,477.3,501.3,489.3
2026-09-30,put,7285.0,1.1,1.3,1.2000000000000002
2026-09-30,call,7290.0,472.4,496.4,484.4
2026-09-30,put,7290.0,1.15,1.3,1.225
2026-09-30,call,7295.0,467.4,491.4,479.4
2026-09-30,put,7295.0,1.15,1.35,1.25
2026-09-30,call,7300.0,462.4,486.4,474.4
2026-09-30,put,7300.0,1.2,1.35,1.275
2026-09-30,call,7305.0,457.5,481.5,469.5
2026-09-30,put,7305.0,1.2,1.4,1.2999999999999998
2026-09-30,call,7310.0,452.4,476.4,464.4
2026-09-30,put,7310.0,1.2,1.4,1.2999999999999998
2026-09-30,call,7315.0,447.6,471.6,459.6
2026-09-30,put,7315.0,1.25,1.4,1.325
2026-09-30,call,7320.0,442.6,466.6,454.6
2026-09-30,put,7320.0,1.25,1.45,1.35
2026-09-30,call,7325.0,437.6,461.6,449.6
2026-09-30,put,7325.0,1.3,1.45,1.375
2026-09-30,call,7330.0,432.6,456.6,444.6
2026-09-30,put,7330.0,1.3,1.5,1.4
2026-09-30,call,7335.0,427.6,451.6,439.6
2026-09-30,put,7335.0,1.35,1.5,1.425
2026-09-30,call,7340.0,422.6,446.6,434.6
2026-09-30,put,7340.0,1.35,1.55,1.4500000000000002
2026-09-30,call,7345.0,417.6,441.6,429.6
2026-09-30,put,7345.0,1.4,1.6,1.5
2026-09-30,call,7350.0,412.8,436.8,424.8
2026-09-30,put,7350.0,1.45,1.6,1.525
2026-09-30,call,7355.0,407.7,431.7,419.7
2026-09-30,put,7355.0,1.45,1.65,1.5499999999999998
2026-09-30,call,7360.0,402.6,426.6,414.6
2026-09-30,put,7360.0,1.5,1.65,1.575
2026-09-30,call,7365.0,397.9,421.8,409.85
2026-09-30,put,7365.0,1.5,1.7,1.6
2026-09-30,call,7370.0,392.9,416.9,404.9
2026-09-30,put,7370.0,1.55,1.75,1.65
2026-09-30,call,7375.0,387.9,411.9,399.9
2026-09-30,put,7375.0,1.6,1.8,1.7000000000000002
2026-09-30,call,7380.0,382.9,406.9,394.9
2026-09-30,put,7380.0,1.65,1.8,1.725
2026-09-30,call,7385.0,377.9,401.9,389.9
2026-09-30,put,7385.0,1.65,1.85,1.75
2026-09-30,call,7390.0,373.0,397.0,385.0
2026-09-30,put,7390.0,1.7,1.9,1.7999999999999998
2026-09-30,call,7395.0,368.1,392.1,380.1
2026-09-30,put,7395.0,1.75,1.95,1.85
2026-09-30,call,7400.0,363.1,387.1,375.1
2026-09-30,put,7400.0,1.85,2.0,1.925
2026-09-30,call,7405.0,358.1,382.1,370.1
2026-09-30,put,7405.0,1.85,2.05,1.95
2026-09-30,call,7410.0,353.3,377.3,365.3
2026-09-30,put,7410.0,1.9,2.1,2.0
2026-09-30,call,7415.0,348.2,372.2,360.2
2026-09-30,put,7415.0,1.9,2.15,2.025
2026-09-30,call,7420.0,343.4,367.4,355.4
2026-09-30,put,7420.0,1.95,2.2,2.075
2026-09-30,call,7425.0,338.5,362.5,350.5
2026-09-30,put,7425.0,2.0,2.25,2.125
2026-09-30,call,7430.0,333.3,357.3,345.3
2026-09-30,put,7430.0,2.1,2.3,2.2
2026-09-30,call,7435.0,328.5,352.5,340.5
2026-09-30,put,7435.0,2.15,2.35,2.25
2026-09-30,call,7440.0,323.6,347.6,335.6
2026-09-30,put,7440.0,2.2,2.4,2.3
2026-09-30,call,7445.0,318.7,342.7,330.7
2026-09-30,put,7445.0,2.25,2.5,2.375
2026-09-30,call,7450.0,313.8,337.8,325.8
2026-09-30,put,7450.0,2.35,2.55,2.45
2026-09-30,call,7455.0,308.9,332.9,320.9
2026-09-30,put,7455.0,2.4,2.6,2.5
2026-09-30,call,7460.0,303.9,327.9,315.9
2026-09-30,put,7460.0,2.5,2.7,2.6
2026-09-30,call,7465.0,299.0,323.0,311.0
2026-09-30,put,7465.0,2.5,2.75,2.625
2026-09-30,call,7470.0,294.0,318.0,306.0
2026-09-30,put,7470.0,2.6,2.85,2.725
2026-09-30,call,7475.0,289.2,313.2,301.2
2026-09-30,put,7475.0,2.75,2.9,2.825
2026-09-30,call,7480.0,284.1,308.1,296.1
2026-09-30,put,7480.0,2.8,3.0,2.9
2026-09-30,call,7485.0,279.2,303.2,291.2
2026-09-30,put,7485.0,2.85,3.1,2.975
2026-09-30,call,7490.0,274.5,298.5,286.5
2026-09-30,put,7490.0,3.0,3.2,3.1
2026-09-30,call,7495.0,269.6,293.6,281.6
2026-09-30,put,7495.0,3.1,3.3,3.2
2026-09-30,call,7500.0,278.8,280.4,279.6
2026-09-30,put,7500.0,3.2,3.4,3.3
2026-09-30,call,7505.0,259.8,283.8,271.8
2026-09-30,put,7505.0,3.3,3.5,3.4
2026-09-30,call,7510.0,254.9,278.9,266.9
2026-09-30,put,7510.0,3.4,3.6,3.5
2026-09-30,call,7515.0,250.1,274.1,262.1
2026-09-30,put,7515.0,3.5,3.7,3.6
2026-09-30,call,7520.0,245.2,269.2,257.2
2026-09-30,put,7520.0,3.6,3.9,3.75
2026-09-30,call,7525.0,240.4,264.4,252.39999999999998
2026-09-30,put,7525.0,3.8,4.0,3.9
2026-09-30,call,7530.0,235.5,259.5,247.5
2026-09-30,put,7530.0,3.9,4.2,4.05
2026-09-30,call,7535.0,230.7,254.7,242.7
2026-09-30,put,7535.0,4.0,4.3,4.15
2026-09-30,call,7540.0,225.9,249.9,237.9
2026-09-30,put,7540.0,4.2,4.5,4.35
2026-09-30,call,7545.0,221.0,245.0,233.0
2026-09-30,put,7545.0,4.4,4.6,4.5
2026-09-30,call,7550.0,215.9,239.9,227.9
2026-09-30,put,7550.0,4.5,4.8,4.65
2026-09-30,call,7555.0,211.4,235.4,223.4
2026-09-30,put,7555.0,4.7,5.0,4.85
2026-09-30,call,7560.0,206.6,230.6,218.6
2026-09-30,put,7560.0,4.9,5.2,5.050000000000001
2026-09-30,call,7565.0,202.3,226.2,214.25
2026-09-30,put,7565.0,5.1,5.4,5.25
2026-09-30,call,7570.0,199.4,219.4,209.4
2026-09-30,put,7570.0,5.3,5.6,5.449999999999999
2026-09-30,call,7575.0,194.6,214.6,204.6
2026-09-30,put,7575.0,5.6,5.8,5.699999999999999
2026-09-30,call,7580.0,189.9,209.8,199.85000000000002
2026-09-30,put,7580.0,5.8,6.0,5.9
2026-09-30,call,7585.0,185.1,205.1,195.1
2026-09-30,put,7585.0,6.1,6.3,6.199999999999999
2026-09-30,call,7590.0,180.4,200.4,190.4
2026-09-30,put,7590.0,6.3,6.5,6.4
2026-09-30,call,7595.0,175.7,195.7,185.7
2026-09-30,put,7595.0,6.6,6.8,6.699999999999999
2026-09-30,call,7600.0,182.6,184.1,183.35
2026-09-30,put,7600.0,6.9,7.1,7.0
2026-09-30,call,7605.0,166.1,186.1,176.1
2026-09-30,put,7605.0,7.2,7.4,7.300000000000001
2026-09-30,call,7610.0,161.7,181.7,171.7
2026-09-30,put,7610.0,7.6,7.8,7.699999999999999
2026-09-30,call,7615.0,157.1,177.1,167.1
2026-09-30,put,7615.0,7.9,8.1,8.0
2026-09-30,call,7620.0,164.0,165.5,164.75
2026-09-30,put,7620.0,8.3,8.5,8.4
2026-09-30,call,7625.0,147.9,167.9,157.9
2026-09-30,put,7625.0,8.7,8.9,8.8
2026-09-30,call,7630.0,143.3,163.2,153.25
2026-09-30,put,7630.0,9.1,9.3,9.2
2026-09-30,call,7635.0,138.8,158.7,148.75
2026-09-30,put,7635.0,9.5,9.8,9.65
2026-09-30,call,7640.0,134.0,154.0,144.0
2026-09-30,put,7640.0,10.0,10.3,10.15
2026-09-30,call,7645.0,129.6,149.6,139.6
2026-09-30,put,7645.0,10.5,10.8,10.65
2026-09-30,call,7650.0,136.8,138.2,137.5
2026-09-30,put,7650.0,11.0,11.3,11.15
2026-09-30,call,7655.0,120.8,140.8,130.8
2026-09-30,put,7655.0,11.6,11.8,11.7
2026-09-30,call,7660.0,116.3,136.3,126.30000000000001
2026-09-30,put,7660.0,12.2,12.4,12.3
2026-09-30,call,7665.0,112.1,132.1,122.1
2026-09-30,put,7665.0,12.8,13.1,12.95
2026-09-30,call,7670.0,107.8,127.8,117.8
2026-09-30,put,7670.0,13.5,13.8,13.65
2026-09-30,call,7675.0,103.4,123.4,113.4
2026-09-30,put,7675.0,14.2,14.5,14.35
2026-09-30,call,7680.0,99.3,119.3,109.3
2026-09-30,put,7680.0,15.0,15.2,15.1
2026-09-30,call,7685.0,95.1,115.1,105.1
2026-09-30,put,7685.0,15.8,16.0,15.9
2026-09-30,call,7690.0,90.9,110.9,100.9
2026-09-30,put,7690.0,16.6,16.9,16.75
2026-09-30,call,7695.0,87.0,107.0,97.0
2026-09-30,put,7695.0,17.5,17.8,17.65
2026-09-30,call,7700.0,94.3,95.8,95.05
2026-09-30,put,7700.0,18.5,18.8,18.65
2026-09-30,call,7705.0,79.2,99.2,89.2
2026-09-30,put,7705.0,19.5,19.8,19.65
2026-09-30,call,7710.0,86.7,87.2,86.95
2026-09-30,put,7710.0,20.6,20.9,20.75
2026-09-30,call,7715.0,82.8,83.3,83.05
2026-09-30,put,7715.0,21.8,22.1,21.950000000000003
2026-09-30,call,7720.0,79.2,79.6,79.4
2026-09-30,put,7720.0,23.0,23.3,23.15
2026-09-30,call,7725.0,75.6,75.9,75.75
2026-09-30,put,7725.0,24.3,24.7,24.5
2026-09-30,call,7730.0,72.0,72.3,72.15
2026-09-30,put,7730.0,25.7,26.1,25.9
2026-09-30,call,7735.0,68.4,68.8,68.6
2026-09-30,put,7735.0,27.2,27.6,27.4
2026-09-30,call,7740.0,65.0,65.4,65.2
2026-09-30,put,7740.0,28.7,29.1,28.9
2026-09-30,call,7745.0,61.7,62.0,61.85
2026-09-30,put,7745.0,30.4,30.8,30.6
2026-09-30,call,7750.0,58.4,58.8,58.599999999999994
2026-09-30,put,7750.0,32.1,32.6,32.35
2026-09-30,call,7755.0,55.3,55.6,55.45
2026-09-30,put,7755.0,34.0,34.4,34.2
2026-09-30,call,7760.0,52.2,52.6,52.400000000000006
2026-09-30,put,7760.0,35.9,36.4,36.15
2026-09-30,call,7765.0,49.3,49.6,49.45
2026-09-30,put,7765.0,38.0,38.4,38.2
2026-09-30,call,7770.0,46.4,46.8,46.599999999999994
2026-09-30,put,7770.0,40.1,40.6,40.35
2026-09-30,call,7775.0,43.7,44.0,43.85
2026-09-30,put,7775.0,42.4,42.8,42.599999999999994
2026-09-30,call,7780.0,41.0,41.4,41.2
2026-09-30,put,7780.0,44.8,45.2,45.0
2026-09-30,call,7785.0,38.5,38.9,38.7
2026-09-30,put,7785.0,47.2,47.6,47.400000000000006
2026-09-30,call,7790.0,36.1,36.4,36.25
2026-09-30,put,7790.0,49.8,50.2,50.0
2026-09-30,call,7795.0,33.8,34.1,33.95
2026-09-30,put,7795.0,52.5,52.9,52.7
2026-09-30,call,7800.0,31.6,31.9,31.75
2026-09-30,put,7800.0,55.3,55.7,55.5
2026-09-30,call,7805.0,29.5,29.8,29.65
2026-09-30,put,7805.0,58.2,58.6,58.400000000000006
2026-09-30,call,7810.0,27.5,27.9,27.7
2026-09-30,put,7810.0,61.2,61.6,61.400000000000006
2026-09-30,call,7815.0,25.6,26.0,25.8
2026-09-30,put,7815.0,64.3,64.7,64.5
2026-09-30,call,7820.0,23.8,24.2,24.0
2026-09-30,put,7820.0,67.5,67.9,67.7
2026-09-30,call,7825.0,22.1,22.5,22.3
2026-09-30,put,7825.0,70.8,71.1,70.94999999999999
2026-09-30,call,7830.0,20.5,20.9,20.7
2026-09-30,put,7830.0,74.1,74.5,74.3
2026-09-30,call,7835.0,19.0,19.3,19.15
2026-09-30,put,7835.0,70.2,90.2,80.2
2026-09-30,call,7840.0,17.6,17.9,17.75
2026-09-30,put,7840.0,73.7,93.7,83.7
2026-09-30,call,7845.0,16.2,16.6,16.4
2026-09-30,put,7845.0,77.3,97.3,87.3
2026-09-30,call,7850.0,15.0,15.3,15.15
2026-09-30,put,7850.0,87.9,89.3,88.6
2026-09-30,call,7855.0,13.8,14.1,13.95
2026-09-30,put,7855.0,84.9,104.9,94.9
2026-09-30,call,7860.0,12.7,13.0,12.85
2026-09-30,put,7860.0,89.1,109.1,99.1
2026-09-30,call,7865.0,11.7,12.0,11.85
2026-09-30,put,7865.0,93.0,113.0,103.0
2026-09-30,call,7870.0,10.7,11.0,10.85
2026-09-30,put,7870.0,97.0,117.0,107.0
2026-09-30,call,7875.0,9.8,10.1,9.95
2026-09-30,put,7875.0,101.1,121.1,111.1
2026-09-30,call,7880.0,9.0,9.3,9.15
2026-09-30,put,7880.0,105.4,125.4,115.4
2026-09-30,call,7885.0,8.3,8.6,8.45
2026-09-30,put,7885.0,109.6,129.6,119.6
2026-09-30,call,7890.0,7.6,7.9,7.75
2026-09-30,put,7890.0,114.1,134.0,124.05
2026-09-30,call,7895.0,6.9,7.2,7.050000000000001
2026-09-30,put,7895.0,118.4,138.4,128.4
2026-09-30,call,7900.0,6.3,6.6,6.449999999999999
2026-09-30,put,7900.0,129.1,130.6,129.85
2026-09-30,call,7905.0,5.8,6.1,5.949999999999999
2026-09-30,put,7905.0,127.4,147.3,137.35000000000002
2026-09-30,call,7910.0,5.3,5.5,5.4
2026-09-30,put,7910.0,131.8,151.8,141.8
2026-09-30,call,7915.0,4.8,5.1,4.949999999999999
2026-09-30,put,7915.0,136.5,156.5,146.5
2026-09-30,call,7920.0,4.4,4.7,4.550000000000001
2026-09-30,put,7920.0,141.2,161.1,151.14999999999998
2026-09-30,call,7925.0,4.0,4.3,4.15
2026-09-30,put,7925.0,145.6,165.6,155.6
2026-09-30,call,7930.0,3.7,3.9,3.8
2026-09-30,put,7930.0,150.5,170.5,160.5
2026-09-30,call,7935.0,3.3,3.6,3.45
2026-09-30,put,7935.0,155.0,175.0,165.0
2026-09-30,call,7940.0,3.1,3.3,3.2
2026-09-30,put,7940.0,159.7,179.6,169.64999999999998
2026-09-30,call,7945.0,2.8,3.0,2.9
2026-09-30,put,7945.0,164.4,184.4,174.4
2026-09-30,call,7950.0,2.6,2.75,2.675
2026-09-30,put,7950.0,169.3,189.2,179.25
2026-09-30,call,7955.0,2.35,2.5,2.425
2026-09-30,put,7955.0,174.0,194.0,184.0
2026-09-30,call,7960.0,2.15,2.45,2.3
2026-09-30,put,7960.0,179.0,198.8,188.9
2026-09-30,call,7965.0,1.95,2.25,2.1
2026-09-30,put,7965.0,183.8,203.6,193.7
2026-09-30,call,7970.0,1.8,2.1,1.9500000000000002
2026-09-30,put,7970.0,188.7,208.7,198.7
2026-09-30,call,7975.0,1.65,1.85,1.75
2026-09-30,put,7975.0,193.5,213.5,203.5
2026-09-30,call,7980.0,1.55,1.8,1.675
2026-09-30,put,7980.0,196.2,216.2,206.2
2026-09-30,call,7985.0,1.45,1.65,1.5499999999999998
2026-09-30,put,7985.0,201.0,225.0,213.0
2026-09-30,call,7990.0,1.35,1.5,1.425
2026-09-30,put,7990.0,205.8,229.8,217.8
2026-09-30,call,7995.0,1.25,1.45,1.35
2026-09-30,put,7995.0,210.7,234.7,222.7
2026-09-30,call,8000.0,1.15,1.3,1.225
2026-09-30,put,8000.0,223.7,225.3,224.5
2026-09-30,call,8005.0,1.1,1.25,1.175
2026-09-30,put,8005.0,220.6,244.6,232.6
2026-09-30,call,8010.0,1.0,1.2,1.1
2026-09-30,put,8010.0,225.5,249.5,237.5
2026-09-30,call,8015.0,0.95,1.15,1.0499999999999998
2026-09-30,put,8015.0,230.4,254.4,242.4
2026-09-30,call,8020.0,0.9,1.1,1.0
2026-09-30,put,8020.0,235.4,259.4,247.39999999999998
2026-09-30,call,8025.0,0.85,1.05,0.95
2026-09-30,put,8025.0,240.3,264.3,252.3
2026-09-30,call,8030.0,0.8,1.0,0.9
2026-09-30,put,8030.0,245.3,269.3,257.3
2026-09-30,call,8035.0,0.75,0.95,0.85
2026-09-30,put,8035.0,250.1,274.1,262.1
2026-09-30,call,8040.0,0.75,0.9,0.825
2026-09-30,put,8040.0,255.2,279.2,267.2
2026-09-30,call,8045.0,0.7,0.85,0.7749999999999999
2026-09-30,put,8045.0,260.1,284.1,272.1
2026-09-30,call,8050.0,0.65,0.8,0.7250000000000001
2026-09-30,put,8050.0,265.2,289.2,277.2
2026-09-30,call,8055.0,0.6,0.8,0.7
2026-09-30,put,8055.0,270.0,294.0,282.0
2026-09-30,call,8060.0,0.6,0.75,0.675
2026-09-30,put,8060.0,275.0,299.0,287.0
2026-09-30,call,8065.0,0.55,0.75,0.65
2026-09-30,put,8065.0,280.0,304.0,292.0
2026-09-30,call,8070.0,0.55,0.7,0.625
2026-09-30,put,8070.0,285.1,309.1,297.1
2026-09-30,call,8075.0,0.5,0.7,0.6
2026-09-30,put,8075.0,290.0,314.0,302.0
2026-09-30,call,8080.0,0.5,0.65,0.575
2026-09-30,put,8080.0,295.0,319.0,307.0
2026-09-30,call,8085.0,0.45,0.65,0.55
2026-09-30,put,8085.0,299.9,323.9,311.9
2026-09-30,call,8090.0,0.45,0.65,0.55
2026-09-30,put,8090.0,305.1,329.1,317.1
2026-09-30,call,8095.0,0.45,0.6,0.525
2026-09-30,put,8095.0,310.0,334.0,322.0
2026-09-30,call,8100.0,0.4,0.6,0.5
2026-09-30,put,8100.0,314.8,338.8,326.8
2026-09-30,call,8105.0,0.4,0.6,0.5
2026-09-30,put,8105.0,320.1,344.1,332.1
2026-09-30,call,8110.0,0.4,0.55,0.47500000000000003
2026-09-30,put,8110.0,324.9,348.9,336.9
2026-09-30,call,8115.0,0.35,0.55,0.45
2026-09-30,put,8115.0,330.0,354.0,342.0
2026-09-30,call,8120.0,0.35,0.55,0.45
2026-09-30,put,8120.0,334.8,358.8,346.8
2026-09-30,call,8125.0,0.35,0.55,0.45
2026-09-30,put,8125.0,339.8,363.8,351.8
2026-09-30,call,8130.0,0.35,0.55,0.45
2026-09-30,put,8130.0,344.8,368.8,356.8
2026-09-30,call,8135.0,0.3,0.5,0.4
2026-09-30,put,8135.0,349.8,373.8,361.8
2026-09-30,call,8140.0,0.3,0.5,0.4
2026-09-30,put,8140.0,354.9,378.9,366.9
2026-09-30,call,8145.0,0.3,0.5,0.4
2026-09-30,put,8145.0,359.7,383.7,371.7
2026-09-30,call,8150.0,0.3,0.5,0.4
2026-09-30,put,8150.0,364.8,388.7,376.75
2026-09-30,call,8155.0,0.3,0.5,0.4
2026-09-30,put,8155.0,369.8,393.8,381.8
2026-09-30,call,8160.0,0.25,0.45,0.35
2026-09-30,put,8160.0,374.8,398.8,386.8
2026-09-30,call,8165.0,0.25,0.45,0.35
2026-09-30,put,8165.0,379.7,403.7,391.7
2026-09-30,call,8170.0,0.25,0.45,0.35
2026-09-30,put,8170.0,384.6,408.6,396.6
2026-09-30,call,8175.0,0.25,0.45,0.35
2026-09-30,put,8175.0,389.9,413.9,401.9
2026-09-30,call,8180.0,0.25,0.45,0.35
2026-09-30,put,8180.0,394.9,418.9,406.9
2026-09-30,call,8185.0,0.2,0.45,0.325
2026-09-30,put,8185.0,399.6,423.6,411.6
2026-09-30,call,8190.0,0.2,0.45,0.325
2026-09-30,put,8190.0,404.6,428.6,416.6
2026-09-30,call,8195.0,0.2,0.4,0.30000000000000004
2026-09-30,put,8195.0,409.8,433.8,421.8
2026-09-30,call,8200.0,0.25,0.4,0.325
2026-09-30,put,8200.0,414.7,438.7,426.7
2026-09-30,call,8205.0,0.2,0.4,0.30000000000000004
2026-09-30,put,8205.0,419.7,443.7,431.7
2026-09-30,call,8210.0,0.2,0.4,0.30000000000000004
2026-09-30,put,8210.0,424.5,448.5,436.5
2026-09-30,call,8215.0,0.2,0.4,0.30000000000000004
2026-09-30,put,8215.0,429.6,453.6,441.6
2026-09-30,call,8220.0,0.2,0.4,0.30000000000000004
2026-09-30,put,8220.0,434.5,458.5,446.5
2026-09-30,call,8225.0,0.2,0.4,0.30000000000000004
2026-09-30,put,8225.0,439.6,463.6,451.6
2026-09-30,call,8230.0,0.2,0.4,0.30000000000000004
2026-09-30,put,8230.0,444.6,468.6,456.6
2026-09-30,call,8235.0,0.15,0.4,0.275
2026-09-30,put,8235.0,449.5,473.5,461.5
2026-09-30,call,8240.0,0.15,0.35,0.25
2026-09-30,put,8240.0,454.5,478.5,466.5
2026-09-30,call,8245.0,0.15,0.35,0.25
2026-09-30,put,8245.0,459.5,483.5,471.5
2026-09-30,call,8250.0,0.2,0.35,0.275
2026-09-30,put,8250.0,464.6,488.6,476.6
2026-09-30,call,8255.0,0.15,0.35,0.25
2026-09-30,put,8255.0,469.6,493.6,481.6
2026-09-30,call,8260.0,0.15,0.35,0.25
2026-09-30,put,8260.0,474.6,498.6,486.6
2026-09-30,call,8270.0,0.2,0.3,0.25
2026-09-30,put,8270.0,484.5,508.5,496.5
2026-09-30,call,8275.0,0.15,0.35,0.25
2026-09-30,put,8275.0,489.6,513.6,501.6
2026-09-30,call,8280.0,0.15,0.35,0.25
2026-09-30,put,8280.0,494.5,518.5,506.5
2026-09-30,call,8290.0,0.15,0.3,0.22499999999999998
2026-09-30,put,8290.0,504.5,528.5,516.5
2026-09-30,call,8300.0,0.15,0.3,0.22499999999999998
2026-09-30,put,8300.0,514.4,538.4,526.4
2026-09-30,call,8310.0,0.1,0.3,0.2
2026-09-30,put,8310.0,524.4,548.4,536.4
2026-09-30,call,8320.0,0.1,0.3,0.2
2026-09-30,put,8320.0,534.4,558.4,546.4
2026-09-30,call,8325.0,0.15,0.25,0.2
2026-09-30,put,8325.0,539.5,563.5,551.5
2026-09-30,call,8330.0,0.1,0.3,0.2
2026-09-30,put,8330.0,544.4,568.4,556.4
2026-09-30,call,8340.0,0.1,0.3,0.2
2026-09-30,put,8340.0,554.4,578.4,566.4
2026-09-30,call,8350.0,0.1,0.3,0.2
2026-09-30,put,8350.0,564.4,588.4,576.4
2026-09-30,call,8360.0,0.1,0.25,0.175
2026-09-30,put,8360.0,574.4,598.4,586.4
2026-09-30,call,8370.0,0.05,0.25,0.15
2026-09-30,put,8370.0,584.3,608.3,596.3
2026-09-30,call,8375.0,0.05,0.25,0.15
2026-09-30,put,8375.0,589.5,613.5,601.5
2026-09-30,call,8380.0,0.05,0.25,0.15
2026-09-30,put,8380.0,594.3,618.3,606.3
2026-09-30,call,8390.0,0.05,0.25,0.15
2026-09-30,put,8390.0,604.4,628.4,616.4
2026-09-30,call,8400.0,0.05,0.25,0.15
2026-09-30,put,8400.0,614.4,638.4,626.4
2026-09-30,call,8410.0,0.05,0.25,0.15
2026-09-30,put,8410.0,624.2,648.2,636.2
2026-09-30,call,8420.0,0.05,0.25,0.15
2026-09-30,put,8420.0,634.2,658.2,646.2
2026-09-30,call,8425.0,0.05,0.25,0.15
2026-09-30,put,8425.0,639.4,663.4,651.4
2026-09-30,call,8430.0,0.05,0.2,0.125
2026-09-30,put,8430.0,644.3,668.3,656.3
2026-09-30,call,8440.0,0.05,0.2,0.125
2026-09-30,put,8440.0,654.3,678.3,666.3
2026-09-30,call,8450.0,0.05,0.2,0.125
2026-09-30,put,8450.0,664.2,688.2,676.2
2026-09-30,call,8460.0,0.05,0.2,0.125
2026-09-30,put,8460.0,674.3,698.3,686.3
2026-09-30,call,8470.0,0.05,0.2,0.125
2026-09-30,put,8470.0,684.4,708.4,696.4
2026-09-30,call,8475.0,0.05,0.2,0.125
2026-09-30,put,8475.0,689.2,713.2,701.2
2026-09-30,call,8480.0,0.05,0.2,0.125
2026-09-30,put,8480.0,694.3,718.3,706.3
2026-09-30,call,8490.0,0.05,0.2,0.125
2026-09-30,put,8490.0,704.3,728.3,716.3
2026-09-30,call,8500.0,0.05,0.2,0.125
2026-09-30,put,8500.0,714.3,738.3,726.3
2026-09-30,call,8510.0,0.05,0.2,0.125
2026-09-30,put,8510.0,724.2,748.2,736.2
2026-09-30,call,8520.0,0.05,0.15,0.1
2026-09-30,put,8520.0,734.1,758.1,746.1
2026-09-30,call,8525.0,0.05,0.15,0.1
2026-09-30,put,8525.0,739.3,763.3,751.3
2026-09-30,call,8530.0,0.05,0.15,0.1
2026-09-30,put,8530.0,744.2,768.2,756.2
2026-09-30,call,8540.0,0.05,0.15,0.1
2026-09-30,put,8540.0,754.1,778.1,766.1
2026-09-30,call,8550.0,0.05,0.15,0.1
2026-09-30,put,8550.0,764.2,788.2,776.2
2026-09-30,put,8560.0,774.1,798.1,786.1
2026-09-30,put,8570.0,784.1,808.1,796.1
2026-09-30,put,8575.0,789.3,813.3,801.3
2026-09-30,put,8580.0,794.1,818.1,806.1
2026-09-30,put,8590.0,804.2,828.2,816.2
2026-09-30,put,8600.0,814.0,838.0,826.0
2026-09-30,put,8610.0,824.1,848.1,836.1
2026-09-30,put,8620.0,834.2,858.2,846.2
2026-09-30,put,8625.0,839.2,863.2,851.2
2026-09-30,put,8630.0,844.1,868.1,856.1
2026-09-30,put,8650.0,864.1,888.1,876.1
2026-09-30,put,8675.0,889.1,913.1,901.1
2026-09-30,put,8700.0,914.0,938.0,926.0
2026-09-30,put,8725.0,939.0,963.0,951.0
2026-09-30,put,8750.0,964.0,988.0,976.0
2026-09-30,put,8775.0,989.0,1013.0,1001.0
2026-09-30,put,8800.0,1014.0,1038.0,1026.0
2026-09-30,put,8825.0,1039.0,1063.0,1051.0
2026-09-30,put,8850.0,1064.1,1088.1,1076.1
2026-09-30,put,8875.0,1088.8,1112.8,1100.8
2026-09-30,put,8900.0,1113.9,1137.9,1125.9
2026-09-30,put,9000.0,1213.7,1237.7,1225.7
2026-09-30,put,9100.0,1313.7,1337.7,1325.7
2026-09-30,put,9200.0,1413.7,1437.7,1425.7
2026-09-30,put,9300.0,1513.5,1537.5,1525.5
2026-09-30,put,9400.0,1613.5,1637.5,1625.5
2026-09-30,put,9600.0,1813.5,1837.5,1825.5
2026-09-30,put,9800.0,2013.2,2037.2,2025.2
2026-09-30,put,10000.0,2213.1,2237.1,2225.1
2026-10-01,call,3200.0,4559.1,4583.1,4571.1
2026-10-01,call,3400.0,4359.3,4383.3,4371.3
2026-10-01,call,3600.0,4159.5,4183.5,4171.5
2026-10-01,call,3800.0,3959.7,3983.7,3971.7
2026-10-01,call,4000.0,3759.8,3783.8,3771.8
2026-10-01,call,4200.0,3560.1,3584.1,3572.1
2026-10-01,call,4400.0,3360.1,3384.1,3372.1
2026-10-01,call,4600.0,3160.3,3184.3,3172.3
2026-10-01,call,4800.0,2960.6,2984.6,2972.6
2026-10-01,call,5000.0,2760.7,2784.7,2772.7
2026-10-01,call,5200.0,2560.8,2584.8,2572.8
2026-10-01,call,5400.0,2361.1,2385.1,2373.1
2026-10-01,call,5600.0,2161.2,2185.2,2173.2
2026-10-01,put,5600.0,0.05,0.15,0.1
2026-10-01,call,5800.0,1961.4,1985.4,1973.4
2026-10-01,put,5800.0,0.05,0.15,0.1
2026-10-01,call,6000.0,1761.6,1785.6,1773.6
2026-10-01,put,6000.0,0.05,0.2,0.125
2026-10-01,call,6100.0,1661.6,1685.6,1673.6
2026-10-01,put,6100.0,0.05,0.2,0.125
2026-10-01,call,6200.0,1561.8,1585.8,1573.8
2026-10-01,put,6200.0,0.05,0.25,0.15
2026-10-01,call,6300.0,1462.0,1486.0,1474.0
2026-10-01,put,6300.0,0.1,0.25,0.175
2026-10-01,call,6400.0,1362.1,1386.1,1374.1
2026-10-01,put,6400.0,0.15,0.3,0.22499999999999998
2026-10-01,call,6500.0,1262.2,1286.2,1274.2
2026-10-01,put,6500.0,0.15,0.35,0.25
2026-10-01,call,6525.0,1237.2,1261.2,1249.2
2026-10-01,put,6525.0,0.2,0.35,0.275
2026-10-01,call,6550.0,1212.3,1236.3,1224.3
2026-10-01,put,6550.0,0.2,0.35,0.275
2026-10-01,call,6575.0,1187.2,1211.2,1199.2
2026-10-01,put,6575.0,0.2,0.4,0.30000000000000004
2026-10-01,call,6600.0,1162.6,1186.6,1174.6
2026-10-01,put,6600.0,0.25,0.4,0.325
2026-10-01,call,6625.0,1137.3,1161.3,1149.3
2026-10-01,put,6625.0,0.25,0.4,0.325
2026-10-01,call,6650.0,1112.4,1136.4,1124.4
2026-10-01,put,6650.0,0.25,0.45,0.35
2026-10-01,call,6675.0,1087.4,1111.4,1099.4
2026-10-01,put,6675.0,0.3,0.45,0.375
2026-10-01,call,6700.0,1062.5,1086.5,1074.5
2026-10-01,put,6700.0,0.3,0.45,0.375
2026-10-01,call,6725.0,1037.6,1061.6,1049.6
2026-10-01,put,6725.0,0.35,0.5,0.425
2026-10-01,call,6750.0,1012.5,1036.5,1024.5
2026-10-01,put,6750.0,0.35,0.5,0.425
2026-10-01,call,6775.0,987.7,1011.7,999.7
2026-10-01,put,6775.0,0.4,0.55,0.47500000000000003
2026-10-01,call,6800.0,962.6,986.6,974.6
2026-10-01,put,6800.0,0.4,0.55,0.47500000000000003
2026-10-01,call,6825.0,937.8,961.8,949.8
2026-10-01,put,6825.0,0.45,0.6,0.525
2026-10-01,call,6850.0,912.8,936.8,924.8
2026-10-01,put,6850.0,0.45,0.65,0.55
2026-10-01,call,6875.0,887.7,911.7,899.7
2026-10-01,put,6875.0,0.5,0.65,0.575
2026-10-01,call,6900.0,863.0,887.0,875.0
2026-10-01,put,6900.0,0.5,0.7,0.6
2026-10-01,call,6925.0,837.9,861.9,849.9
2026-10-01,put,6925.0,0.55,0.75,0.65
2026-10-01,call,6950.0,813.1,837.1,825.1
2026-10-01,put,6950.0,0.6,0.75,0.675
2026-10-01,call,6975.0,788.1,812.1,800.1
2026-10-01,put,6975.0,0.65,0.8,0.7250000000000001
2026-10-01,call,7000.0,763.2,787.2,775.2
2026-10-01,put,7000.0,0.65,0.85,0.75
2026-10-01,call,7025.0,738.3,762.3,750.3
2026-10-01,put,7025.0,0.7,0.9,0.8
2026-10-01,call,7050.0,713.1,737.1,725.1
2026-10-01,put,7050.0,0.75,0.95,0.85
2026-10-01,call,7075.0,688.3,712.3,700.3
2026-10-01,put,7075.0,0.8,1.0,0.9
2026-10-01,call,7100.0,663.4,687.4,675.4
2026-10-01,put,7100.0,0.85,1.05,0.95
2026-10-01,call,7125.0,638.7,662.6,650.6500000000001
2026-10-01,put,7125.0,0.95,1.1,1.025
2026-10-01,call,7150.0,613.6,637.6,625.6
2026-10-01,put,7150.0,1.0,1.2,1.1
2026-10-01,call,7175.0,588.6,612.6,600.6
2026-10-01,put,7175.0,1.05,1.25,1.15
2026-10-01,call,7180.0,583.8,607.8,595.8
2026-10-01,put,7180.0,1.1,1.3,1.2000000000000002
2026-10-01,call,7190.0,573.8,597.8,585.8
2026-10-01,put,7190.0,1.1,1.3,1.2000000000000002
2026-10-01,call,7200.0,563.8,587.8,575.8
2026-10-01,put,7200.0,1.15,1.35,1.25
2026-10-01,call,7210.0,553.9,577.9,565.9
2026-10-01,put,7210.0,1.2,1.4,1.2999999999999998
2026-10-01,call,7220.0,543.9,567.9,555.9
2026-10-01,put,7220.0,1.25,1.4,1.325
2026-10-01,call,7225.0,539.0,563.0,551.0
2026-10-01,put,7225.0,1.25,1.45,1.35
2026-10-01,call,7230.0,534.0,558.0,546.0
2026-10-01,put,7230.0,1.25,1.45,1.35
2026-10-01,call,7240.0,524.0,548.0,536.0
2026-10-01,put,7240.0,1.3,1.5,1.4
2026-10-01,call,7250.0,514.1,538.1,526.1
2026-10-01,put,7250.0,1.35,1.55,1.4500000000000002
2026-10-01,call,7260.0,504.1,528.1,516.1
2026-10-01,put,7260.0,1.4,1.6,1.5
2026-10-01,call,7270.0,494.3,518.3,506.29999999999995
2026-10-01,put,7270.0,1.45,1.65,1.5499999999999998
2026-10-01,call,7275.0,489.3,513.3,501.29999999999995
2026-10-01,put,7275.0,1.45,1.65,1.5499999999999998
2026-10-01,call,7280.0,484.0,508.0,496.0
2026-10-01,put,7280.0,1.5,1.7,1.6
2026-10-01,call,7290.0,474.3,498.3,486.3
2026-10-01,put,7290.0,1.55,1.75,1.65
2026-10-01,call,7300.0,464.4,488.4,476.4
2026-10-01,put,7300.0,1.65,1.8,1.725
2026-10-01,call,7310.0,454.5,478.5,466.5
2026-10-01,put,7310.0,1.65,1.85,1.75
2026-10-01,call,7320.0,444.6,468.6,456.6
2026-10-01,put,7320.0,1.75,1.95,1.85
2026-10-01,call,7325.0,439.5,463.5,451.5
2026-10-01,put,7325.0,1.75,1.95,1.85
2026-10-01,call,7330.0,434.7,458.7,446.7
2026-10-01,put,7330.0,1.8,2.0,1.9
2026-10-01,call,7340.0,424.8,448.8,436.8
2026-10-01,put,7340.0,1.85,2.1,1.975
2026-10-01,call,7345.0,419.8,443.8,431.8
2026-10-01,put,7345.0,1.9,2.15,2.025
2026-10-01,call,7350.0,414.8,438.8,426.8
2026-10-01,put,7350.0,1.95,2.15,2.05
2026-10-01,call,7355.0,409.9,433.9,421.9
2026-10-01,put,7355.0,2.0,2.2,2.1
2026-10-01,call,7360.0,405.0,429.0,417.0
2026-10-01,put,7360.0,2.05,2.25,2.15
2026-10-01,call,7365.0,399.9,423.9,411.9
2026-10-01,put,7365.0,2.1,2.3,2.2
2026-10-01,call,7370.0,395.0,419.0,407.0
2026-10-01,put,7370.0,2.1,2.35,2.225
2026-10-01,call,7375.0,390.1,414.1,402.1
2026-10-01,put,7375.0,2.15,2.4,2.275
2026-10-01,call,7380.0,385.1,409.1,397.1
2026-10-01,put,7380.0,2.2,2.45,2.325
2026-10-01,call,7385.0,380.2,404.2,392.2
2026-10-01,put,7385.0,2.25,2.5,2.375
2026-10-01,call,7390.0,375.3,399.3,387.3
2026-10-01,put,7390.0,2.3,2.55,2.425
2026-10-01,call,7395.0,370.3,394.3,382.3
2026-10-01,put,7395.0,2.35,2.6,2.475
2026-10-01,call,7400.0,365.4,389.4,377.4
2026-10-01,put,7400.0,2.5,2.65,2.575
2026-10-01,call,7405.0,360.5,384.5,372.5
2026-10-01,put,7405.0,2.5,2.75,2.625
2026-10-01,call,7410.0,355.4,379.4,367.4
2026-10-01,put,7410.0,2.55,2.8,2.675
2026-10-01,call,7415.0,350.5,374.5,362.5
2026-10-01,put,7415.0,2.6,2.9,2.75
2026-10-01,call,7420.0,345.6,369.6,357.6
2026-10-01,put,7420.0,2.7,2.95,2.825
2026-10-01,call,7425.0,340.9,364.8,352.85
2026-10-01,put,7425.0,2.75,3.0,2.875
2026-10-01,call,7430.0,335.8,359.8,347.8
2026-10-01,put,7430.0,2.8,3.1,2.95
2026-10-01,call,7435.0,330.9,354.9,342.9
2026-10-01,put,7435.0,2.9,3.2,3.05
2026-10-01,call,7440.0,326.0,350.0,338.0
2026-10-01,put,7440.0,2.95,3.3,3.125
2026-10-01,call,7445.0,321.0,345.0,333.0
2026-10-01,put,7445.0,3.0,3.4,3.2
2026-10-01,call,7450.0,316.2,340.2,328.2
2026-10-01,put,7450.0,3.1,3.4,3.25
2026-10-01,call,7455.0,311.2,335.2,323.2
2026-10-01,put,7455.0,3.2,3.5,3.35
2026-10-01,call,7460.0,306.4,330.4,318.4
2026-10-01,put,7460.0,3.3,3.6,3.45
2026-10-01,call,7465.0,301.4,325.4,313.4
2026-10-01,put,7465.0,3.4,3.7,3.55
2026-10-01,call,7470.0,296.7,320.7,308.7
2026-10-01,put,7470.0,3.5,3.8,3.65
2026-10-01,call,7475.0,291.7,315.7,303.7
2026-10-01,put,7475.0,3.6,3.9,3.75
2026-10-01,call,7480.0,286.8,310.8,298.8
2026-10-01,put,7480.0,3.7,4.1,3.9
2026-10-01,call,7485.0,281.9,305.9,293.9
2026-10-01,put,7485.0,3.8,4.2,4.0
2026-10-01,call,7490.0,277.0,301.0,289.0
2026-10-01,put,7490.0,3.9,4.3,4.1
2026-10-01,call,7495.0,272.1,296.1,284.1
2026-10-01,put,7495.0,4.0,4.4,4.2
2026-10-01,call,7500.0,267.2,291.2,279.2
2026-10-01,put,7500.0,4.2,4.5,4.35
2026-10-01,call,7505.0,262.5,286.5,274.5
2026-10-01,put,7505.0,4.3,4.7,4.5
2026-10-01,call,7510.0,257.5,281.5,269.5
2026-10-01,put,7510.0,4.5,4.8,4.65
2026-10-01,call,7515.0,252.8,276.8,264.8
2026-10-01,put,7515.0,4.6,5.0,4.8
2026-10-01,call,7520.0,248.0,272.0,260.0
2026-10-01,put,7520.0,4.8,5.2,5.0
2026-10-01,call,7525.0,243.1,267.1,255.10000000000002
2026-10-01,put,7525.0,4.9,5.3,5.1
2026-10-01,call,7530.0,238.3,262.3,250.3
2026-10-01,put,7530.0,5.1,5.5,5.3
2026-10-01,call,7535.0,233.5,257.5,245.5
2026-10-01,put,7535.0,5.3,5.7,5.5
2026-10-01,call,7540.0,228.6,252.6,240.6
2026-10-01,put,7540.0,5.5,5.9,5.7
2026-10-01,call,7545.0,224.0,248.0,236.0
2026-10-01,put,7545.0,5.7,6.1,5.9
2026-10-01,call,7550.0,219.0,243.0,231.0
2026-10-01,put,7550.0,6.0,6.2,6.1
2026-10-01,call,7555.0,214.5,238.5,226.5
2026-10-01,put,7555.0,6.1,6.5,6.3
2026-10-01,call,7560.0,209.6,233.6,221.6
2026-10-01,put,7560.0,6.3,6.8,6.55
2026-10-01,call,7565.0,205.0,229.0,217.0
2026-10-01,put,7565.0,6.6,7.0,6.8
2026-10-01,call,7570.0,202.2,226.2,214.2
2026-10-01,put,7570.0,6.8,7.3,7.05
2026-10-01,call,7575.0,197.7,217.6,207.64999999999998
2026-10-01,put,7575.0,7.1,7.5,7.3
2026-10-01,call,7580.0,193.2,213.2,203.2
2026-10-01,put,7580.0,7.4,7.8,7.6
2026-10-01,call,7585.0,188.5,208.5,198.5
2026-10-01,put,7585.0,7.7,8.1,7.9
2026-10-01,call,7590.0,183.8,203.8,193.8
2026-10-01,put,7590.0,8.0,8.5,8.25
2026-10-01,call,7595.0,179.0,199.0,189.0
2026-10-01,put,7595.0,8.3,8.8,8.55
2026-10-01,call,7600.0,174.6,194.5,184.55
2026-10-01,put,7600.0,8.8,9.1,8.95
2026-10-01,call,7605.0,170.0,190.0,180.0
2026-10-01,put,7605.0,9.1,9.5,9.3
2026-10-01,call,7610.0,165.0,185.0,175.0
2026-10-01,put,7610.0,9.4,9.9,9.65
2026-10-01,call,7615.0,160.5,180.5,170.5
2026-10-01,put,7615.0,9.9,10.3,10.100000000000001
2026-10-01,call,7620.0,156.0,175.9,165.95
2026-10-01,put,7620.0,10.4,10.8,10.600000000000001
2026-10-01,call,7625.0,151.5,171.5,161.5
2026-10-01,put,7625.0,10.8,11.2,11.0
2026-10-01,call,7630.0,147.0,167.0,157.0
2026-10-01,put,7630.0,11.2,11.7,11.45
2026-10-01,call,7635.0,142.6,162.6,152.6
2026-10-01,put,7635.0,11.7,12.2,11.95
2026-10-01,call,7640.0,138.0,158.0,148.0
2026-10-01,put,7640.0,12.4,12.8,12.600000000000001
2026-10-01,call,7645.0,133.9,153.8,143.85000000000002
2026-10-01,put,7645.0,12.8,13.3,13.05
2026-10-01,call,7650.0,129.1,149.1,139.1
2026-10-01,put,7650.0,13.5,14.0,13.75
2026-10-01,call,7655.0,124.9,144.9,134.9
2026-10-01,put,7655.0,14.0,14.6,14.3
2026-10-01,call,7660.0,120.5,140.5,130.5
2026-10-01,put,7660.0,14.7,15.3,15.0
2026-10-01,call,7665.0,116.4,136.4,126.4
2026-10-01,put,7665.0,15.4,16.0,15.7
2026-10-01,call,7670.0,112.1,132.1,122.1
2026-10-01,put,7670.0,16.2,16.7,16.45
2026-10-01,call,7675.0,108.1,128.1,118.1
2026-10-01,put,7675.0,16.9,17.5,17.2
2026-10-01,call,7680.0,103.9,123.9,113.9
2026-10-01,put,7680.0,17.8,18.4,18.1
2026-10-01,call,7685.0,99.7,119.7,109.7
2026-10-01,put,7685.0,18.7,19.3,19.0
2026-10-01,call,7690.0,95.7,115.7,105.7
2026-10-01,put,7690.0,19.6,20.2,19.9
2026-10-01,call,7695.0,91.8,111.8,101.8
2026-10-01,put,7695.0,20.6,21.2,20.9
2026-10-01,call,7700.0,99.2,100.8,100.0
2026-10-01,put,7700.0,21.8,22.2,22.0
2026-10-01,call,7705.0,84.1,104.1,94.1
2026-10-01,put,7705.0,22.7,23.4,23.049999999999997
2026-10-01,call,7710.0,82.2,102.2,92.2
2026-10-01,put,7710.0,23.9,24.5,24.2
2026-10-01,call,7715.0,88.0,88.7,88.35
2026-10-01,put,7715.0,25.1,25.8,25.450000000000003
2026-10-01,call,7720.0,84.3,85.1,84.69999999999999
2026-10-01,put,7720.0,26.4,27.1,26.75
2026-10-01,call,7725.0,80.6,81.4,81.0
2026-10-01,put,7725.0,27.8,28.5,28.15
2026-10-01,call,7730.0,77.1,77.8,77.44999999999999
2026-10-01,put,7730.0,29.2,29.9,29.549999999999997
2026-10-01,call,7735.0,73.6,74.4,74.0
2026-10-01,put,7735.0,30.7,31.5,31.1
2026-10-01,call,7740.0,70.2,71.0,70.6
2026-10-01,put,7740.0,32.3,33.1,32.7
2026-10-01,call,7745.0,66.9,67.7,67.30000000000001
2026-10-01,put,7745.0,34.0,34.8,34.4
2026-10-01,call,7750.0,63.7,64.5,64.1
2026-10-01,put,7750.0,35.9,36.5,36.2
2026-10-01,call,7755.0,60.5,61.3,60.9
2026-10-01,put,7755.0,37.6,38.4,38.0
2026-10-01,call,7760.0,57.5,58.3,57.9
2026-10-01,put,7760.0,39.6,40.3,39.95
2026-10-01,call,7765.0,54.5,55.3,54.9
2026-10-01,put,7765.0,41.6,42.4,42.0
2026-10-01,call,7770.0,51.7,52.4,52.05
2026-10-01,put,7770.0,43.7,44.5,44.1
2026-10-01,call,7775.0,48.9,49.7,49.3
2026-10-01,put,7775.0,45.9,46.7,46.3
2026-10-01,call,7780.0,46.3,46.8,46.55
2026-10-01,put,7780.0,48.3,49.0,48.65
2026-10-01,call,7785.0,43.6,44.4,44.0
2026-10-01,put,7785.0,50.7,51.5,51.1
2026-10-01,call,7790.0,41.2,41.9,41.55
2026-10-01,put,7790.0,53.2,54.0,53.6
2026-10-01,call,7795.0,38.8,39.5,39.15
2026-10-01,put,7795.0,55.8,56.6,56.2
2026-10-01,call,7800.0,36.6,37.1,36.85
2026-10-01,put,7800.0,58.7,59.2,58.95
2026-10-01,call,7805.0,34.3,35.0,34.65
2026-10-01,put,7805.0,61.3,62.1,61.7
2026-10-01,call,7810.0,32.2,32.9,32.55
2026-10-01,put,7810.0,64.2,65.0,64.6
2026-10-01,call,7815.0,30.2,30.9,30.549999999999997
2026-10-01,put,7815.0,67.2,67.9,67.55000000000001
2026-10-01,call,7820.0,28.4,28.9,28.65
2026-10-01,put,7820.0,70.2,71.0,70.6
2026-10-01,call,7825.0,26.6,27.0,26.8
2026-10-01,put,7825.0,73.4,74.2,73.80000000000001
2026-10-01,call,7830.0,24.7,25.4,25.049999999999997
2026-10-01,put,7830.0,76.6,77.4,77.0
2026-10-01,call,7835.0,23.1,23.7,23.4
2026-10-01,put,7835.0,80.0,80.8,80.4
2026-10-01,call,7840.0,21.5,22.1,21.8
2026-10-01,put,7840.0,76.1,96.1,86.1
2026-10-01,call,7845.0,20.0,20.7,20.35
2026-10-01,put,7845.0,79.8,99.8,89.8
2026-10-01,call,7850.0,18.7,19.2,18.95
2026-10-01,put,7850.0,83.3,103.3,93.3
2026-10-01,call,7855.0,17.3,17.9,17.6
2026-10-01,put,7855.0,87.0,107.0,97.0
2026-10-01,call,7860.0,16.1,16.7,16.4
2026-10-01,put,7860.0,90.9,110.9,100.9
2026-10-01,call,7865.0,14.9,15.5,15.2
2026-10-01,put,7865.0,94.5,114.5,104.5
2026-10-01,call,7870.0,13.8,14.4,14.100000000000001
2026-10-01,put,7870.0,98.5,118.5,108.5
2026-10-01,call,7875.0,12.8,13.2,13.0
2026-10-01,put,7875.0,102.4,122.4,112.4
2026-10-01,call,7880.0,11.8,12.4,12.100000000000001
2026-10-01,put,7880.0,106.5,126.5,116.5
2026-10-01,call,7885.0,10.9,11.5,11.2
2026-10-01,put,7885.0,110.7,130.7,120.69999999999999
2026-10-01,call,7890.0,10.1,10.6,10.35
2026-10-01,put,7890.0,114.9,134.9,124.9
2026-10-01,call,7895.0,9.3,9.8,9.55
2026-10-01,put,7895.0,119.2,139.2,129.2
2026-10-01,call,7900.0,8.6,9.0,8.8
2026-10-01,put,7900.0,123.4,143.4,133.4
2026-10-01,call,7905.0,7.9,8.4,8.15
2026-10-01,put,7905.0,127.8,147.8,137.8
2026-10-01,call,7910.0,7.3,7.8,7.55
2026-10-01,put,7910.0,132.2,152.2,142.2
2026-10-01,call,7915.0,6.7,7.2,6.95
2026-10-01,put,7915.0,136.7,156.7,146.7
2026-10-01,call,7920.0,6.2,6.6,6.4
2026-10-01,put,7920.0,141.2,161.2,151.2
2026-10-01,call,7925.0,5.7,6.1,5.9
2026-10-01,put,7925.0,145.8,165.7,155.75
2026-10-01,call,7930.0,5.2,5.6,5.4
2026-10-01,put,7930.0,150.4,170.2,160.3
2026-10-01,call,7940.0,4.4,4.8,4.6
2026-10-01,put,7940.0,159.4,179.4,169.4
2026-10-01,call,7950.0,3.8,4.1,3.9499999999999997
2026-10-01,put,7950.0,168.8,188.8,178.8
2026-10-01,call,7960.0,3.1,3.5,3.3
2026-10-01,put,7960.0,178.2,198.2,188.2
2026-10-01,call,7970.0,2.7,3.1,2.9000000000000004
2026-10-01,put,7970.0,187.9,207.8,197.85000000000002
2026-10-01,call,7975.0,2.5,2.85,2.675
2026-10-01,put,7975.0,192.7,212.7,202.7
2026-10-01,call,7980.0,2.3,2.65,2.4749999999999996
2026-10-01,put,7980.0,195.2,215.2,205.2
2026-10-01,call,7990.0,2.0,2.3,2.15
2026-10-01,put,7990.0,204.9,228.9,216.9
2026-10-01,call,8000.0,1.8,1.95,1.875
2026-10-01,put,8000.0,214.6,238.6,226.6
2026-10-01,call,8025.0,1.25,1.5,1.375
2026-10-01,put,8025.0,239.1,263.1,251.10000000000002
2026-10-01,call,8050.0,0.95,1.15,1.0499999999999998
2026-10-01,put,8050.0,263.7,287.7,275.7
2026-10-01,call,8075.0,0.75,0.9,0.825
2026-10-01,put,8075.0,288.7,312.7,300.7
2026-10-01,call,8100.0,0.6,0.8,0.7
2026-10-01,put,8100.0,313.4,337.4,325.4
2026-10-01,call,8125.0,0.45,0.7,0.575
2026-10-01,put,8125.0,338.2,362.2,350.2
2026-10-01,call,8150.0,0.4,0.6,0.5
2026-10-01,put,8150.0,363.2,387.2,375.2
2026-10-01,call,8175.0,0.3,0.55,0.42500000000000004
2026-10-01,put,8175.0,388.2,412.2,400.2
2026-10-01,call,8200.0,0.25,0.5,0.375
2026-10-01,put,8200.0,413.1,437.1,425.1
2026-10-01,call,8225.0,0.25,0.45,0.35
2026-10-01,put,8225.0,437.9,461.9,449.9
2026-10-01,call,8250.0,0.2,0.45,0.325
2026-10-01,put,8250.0,463.0,487.0,475.0
2026-10-01,call,8275.0,0.2,0.4,0.30000000000000004
2026-10-01,put,8275.0,487.8,511.8,499.8
2026-10-01,call,8300.0,0.15,0.35,0.25
2026-10-01,put,8300.0,512.9,536.9,524.9
2026-10-01,call,8400.0,0.1,0.3,0.2
2026-10-01,put,8400.0,612.7,636.7,624.7
2026-10-01,call,8500.0,0.05,0.2,0.125
2026-10-01,put,8500.0,712.6,736.6,724.6
2026-10-01,call,8600.0,0.05,0.15,0.1
2026-10-01,put,8600.0,812.4,836.4,824.4
2026-10-01,call,8800.0,0.05,0.1,0.07500000000000001
2026-10-01,put,8800.0,1012.3,1036.3,1024.3
2026-10-01,put,9000.0,1212.0,1236.0,1224.0
2026-10-01,put,9200.0,1411.9,1435.9,1423.9
2026-10-01,put,9400.0,1611.8,1635.8,1623.8
2026-10-01,put,9600.0,1811.4,1835.4,1823.4
2026-10-01,put,9800.0,2011.3,2035.3,2023.3
2026-10-01,put,10000.0,2211.2,2235.2,2223.2
2026-10-02,call,3200.0,4559.3,4583.3,4571.3
2026-10-02,call,3400.0,4359.6,4383.6,4371.6
2026-10-02,call,3600.0,4159.7,4183.7,4171.7
2026-10-02,call,3800.0,3960.0,3984.0,3972.0
2026-10-02,call,4000.0,3760.4,3784.4,3772.4
2026-10-02,call,4200.0,3560.6,3584.6,3572.6
2026-10-02,call,4400.0,3360.9,3384.9,3372.9
2026-10-02,call,4600.0,3161.2,3185.2,3173.2
2026-10-02,call,4800.0,2961.4,2985.4,2973.4
2026-10-02,call,5000.0,2761.7,2785.7,2773.7
2026-10-02,put,5000.0,0.05,0.1,0.07500000000000001
2026-10-02,call,5200.0,2561.8,2585.8,2573.8
2026-10-02,put,5200.0,0.05,0.1,0.07500000000000001
2026-10-02,call,5400.0,2362.2,2386.2,2374.2
2026-10-02,call,5600.0,2162.2,2186.2,2174.2
2026-10-02,put,5600.0,0.05,0.15,0.1
2026-10-02,call,5700.0,2062.6,2086.6,2074.6
2026-10-02,put,5700.0,0.05,0.2,0.125
2026-10-02,call,5800.0,1962.7,1986.7,1974.7
2026-10-02,put,5800.0,0.05,0.2,0.125
2026-10-02,call,5900.0,1862.7,1886.7,1874.7
2026-10-02,put,5900.0,0.1,0.25,0.175
2026-10-02,call,6000.0,1762.8,1786.8,1774.8
2026-10-02,put,6000.0,0.1,0.25,0.175
2026-10-02,call,6050.0,1713.1,1737.1,1725.1
2026-10-02,put,6050.0,0.1,0.25,0.175
2026-10-02,call,6100.0,1663.1,1687.1,1675.1
2026-10-02,put,6100.0,0.15,0.3,0.22499999999999998
2026-10-02,call,6150.0,1613.3,1637.3,1625.3
2026-10-02,put,6150.0,0.15,0.3,0.22499999999999998
2026-10-02,call,6200.0,1563.3,1587.3,1575.3
2026-10-02,put,6200.0,0.15,0.3,0.22499999999999998
2026-10-02,call,6225.0,1538.3,1562.3,1550.3
2026-10-02,put,6225.0,0.2,0.3,0.25
2026-10-02,call,6250.0,1513.3,1537.3,1525.3
2026-10-02,put,6250.0,0.2,0.35,0.275
2026-10-02,call,6275.0,1488.5,1512.5,1500.5
2026-10-02,put,6275.0,0.2,0.35,0.275
2026-10-02,call,6300.0,1463.3,1487.3,1475.3
2026-10-02,put,6300.0,0.2,0.35,0.275
2026-10-02,call,6325.0,1438.5,1462.5,1450.5
2026-10-02,put,6325.0,0.2,0.35,0.275
2026-10-02,call,6350.0,1413.6,1437.6,1425.6
2026-10-02,put,6350.0,0.2,0.35,0.275
2026-10-02,call,6375.0,1388.7,1412.7,1400.7
2026-10-02,put,6375.0,0.25,0.4,0.325
2026-10-02,call,6400.0,1363.6,1387.6,1375.6
2026-10-02,put,6400.0,0.25,0.4,0.325
2026-10-02,call,6425.0,1338.7,1362.7,1350.7
2026-10-02,put,6425.0,0.25,0.4,0.325
2026-10-02,call,6450.0,1313.7,1337.7,1325.7
2026-10-02,put,6450.0,0.25,0.4,0.325
2026-10-02,call,6475.0,1288.8,1312.8,1300.8
2026-10-02,put,6475.0,0.3,0.45,0.375
2026-10-02,call,6500.0,1263.8,1287.8,1275.8
2026-10-02,put,6500.0,0.3,0.45,0.375
2026-10-02,call,6525.0,1238.8,1262.8,1250.8
2026-10-02,put,6525.0,0.3,0.45,0.375
2026-10-02,call,6550.0,1213.9,1237.9,1225.9
2026-10-02,put,6550.0,0.35,0.5,0.425
2026-10-02,call,6575.0,1189.0,1213.0,1201.0
2026-10-02,put,6575.0,0.35,0.5,0.425
2026-10-02,call,6600.0,1164.1,1188.1,1176.1
2026-10-02,put,6600.0,0.35,0.5,0.425
2026-10-02,call,6625.0,1138.9,1162.9,1150.9
2026-10-02,put,6625.0,0.4,0.55,0.47500000000000003
2026-10-02,call,6650.0,1114.1,1138.1,1126.1
2026-10-02,put,6650.0,0.4,0.55,0.47500000000000003
2026-10-02,call,6675.0,1089.2,1113.2,1101.2
2026-10-02,put,6675.0,0.45,0.6,0.525
2026-10-02,call,6700.0,1064.2,1088.2,1076.2
2026-10-02,put,6700.0,0.45,0.6,0.525
2026-10-02,call,6725.0,1039.3,1063.3,1051.3
2026-10-02,put,6725.0,0.5,0.65,0.575
2026-10-02,call,6750.0,1014.4,1038.4,1026.4
2026-10-02,put,6750.0,0.5,0.65,0.575
2026-10-02,call,6775.0,989.4,1013.4,1001.4
2026-10-02,put,6775.0,0.55,0.7,0.625
2026-10-02,call,6800.0,964.5,988.5,976.5
2026-10-02,put,6800.0,0.55,0.75,0.65
2026-10-02,call,6810.0,954.5,978.5,966.5
2026-10-02,put,6810.0,0.55,0.75,0.65
2026-10-02,call,6820.0,944.4,968.4,956.4
2026-10-02,put,6820.0,0.6,0.75,0.675
2026-10-02,call,6825.0,939.5,963.5,951.5
2026-10-02,put,6825.0,0.6,0.75,0.675
2026-10-02,call,6830.0,934.6,958.6,946.6
2026-10-02,put,6830.0,0.6,0.75,0.675
2026-10-02,call,6840.0,924.7,948.7,936.7
2026-10-02,put,6840.0,0.6,0.8,0.7
2026-10-02,call,6850.0,914.7,938.7,926.7
2026-10-02,put,6850.0,0.65,0.8,0.7250000000000001
2026-10-02,call,6860.0,904.7,928.7,916.7
2026-10-02,put,6860.0,0.65,0.8,0.7250000000000001
2026-10-02,call,6870.0,894.6,918.6,906.6
2026-10-02,put,6870.0,0.65,0.85,0.75
2026-10-02,call,6875.0,889.7,913.7,901.7
2026-10-02,put,6875.0,0.65,0.85,0.75
2026-10-02,call,6880.0,884.5,908.5,896.5
2026-10-02,put,6880.0,0.65,0.85,0.75
2026-10-02,call,6890.0,874.8,898.8,886.8
2026-10-02,put,6890.0,0.7,0.85,0.7749999999999999
2026-10-02,call,6900.0,864.7,888.7,876.7
2026-10-02,put,6900.0,0.7,0.9,0.8
2026-10-02,call,6910.0,854.6,878.6,866.6
2026-10-02,put,6910.0,0.7,0.9,0.8
2026-10-02,call,6920.0,844.8,868.8,856.8
2026-10-02,put,6920.0,0.75,0.9,0.825
2026-10-02,call,6925.0,839.9,863.9,851.9
2026-10-02,put,6925.0,0.75,0.9,0.825
2026-10-02,call,6930.0,834.8,858.8,846.8
2026-10-02,put,6930.0,0.75,0.95,0.85
2026-10-02,call,6940.0,824.9,848.9,836.9
2026-10-02,put,6940.0,0.75,0.95,0.85
2026-10-02,call,6950.0,815.0,839.0,827.0
2026-10-02,put,6950.0,0.8,0.95,0.875
2026-10-02,call,6960.0,804.9,828.9,816.9
2026-10-02,put,6960.0,0.8,1.0,0.9
2026-10-02,call,6970.0,795.0,819.0,807.0
2026-10-02,put,6970.0,0.8,1.0,0.9
2026-10-02,call,6975.0,789.8,813.8,801.8
2026-10-02,put,6975.0,0.85,1.0,0.925
2026-10-02,call,6980.0,785.0,809.0,797.0
2026-10-02,put,6980.0,0.85,1.0,0.925
2026-10-02,call,6990.0,775.0,799.0,787.0
2026-10-02,put,6990.0,0.85,1.05,0.95
2026-10-02,call,7000.0,765.0,789.0,777.0
2026-10-02,put,7000.0,0.9,1.05,0.9750000000000001
2026-10-02,call,7010.0,755.1,779.1,767.1
2026-10-02,put,7010.0,0.9,1.1,1.0
2026-10-02,call,7020.0,745.2,769.2,757.2
2026-10-02,put,7020.0,0.95,1.1,1.025
2026-10-02,call,7025.0,740.0,764.0,752.0
2026-10-02,put,7025.0,0.95,1.1,1.025
2026-10-02,call,7030.0,735.2,759.2,747.2
2026-10-02,put,7030.0,0.95,1.15,1.0499999999999998
2026-10-02,call,7040.0,725.2,749.2,737.2
2026-10-02,put,7040.0,0.95,1.15,1.0499999999999998
2026-10-02,call,7050.0,715.3,739.3,727.3
2026-10-02,put,7050.0,1.0,1.2,1.1
2026-10-02,call,7060.0,705.3,729.3,717.3
2026-10-02,put,7060.0,1.0,1.2,1.1
2026-10-02,call,7070.0,695.4,719.4,707.4
2026-10-02,put,7070.0,1.05,1.25,1.15
2026-10-02,call,7075.0,690.3,714.3,702.3
2026-10-02,put,7075.0,1.05,1.25,1.15
2026-10-02,call,7080.0,685.4,709.4,697.4
2026-10-02,put,7080.0,1.1,1.25,1.175
2026-10-02,call,7090.0,675.5,699.5,687.5
2026-10-02,put,7090.0,1.1,1.3,1.2000000000000002
2026-10-02,call,7100.0,665.4,689.4,677.4
2026-10-02,put,7100.0,1.15,1.3,1.225
2026-10-02,call,7110.0,655.5,679.5,667.5
2026-10-02,put,7110.0,1.15,1.35,1.25
2026-10-02,call,7120.0,645.6,669.6,657.6
2026-10-02,put,7120.0,1.2,1.4,1.2999999999999998
2026-10-02,call,7125.0,640.6,664.6,652.6
2026-10-02,put,7125.0,1.2,1.4,1.2999999999999998
2026-10-02,call,7130.0,635.6,659.6,647.6
2026-10-02,put,7130.0,1.25,1.4,1.325
2026-10-02,call,7140.0,625.6,649.6,637.6
2026-10-02,put,7140.0,1.25,1.45,1.35
2026-10-02,call,7150.0,615.8,639.8,627.8
2026-10-02,put,7150.0,1.35,1.5,1.425
2026-10-02,call,7160.0,605.6,629.6,617.6
2026-10-02,put,7160.0,1.35,1.55,1.4500000000000002
2026-10-02,call,7170.0,595.9,619.9,607.9
2026-10-02,put,7170.0,1.4,1.55,1.475
2026-10-02,call,7175.0,590.9,614.9,602.9
2026-10-02,put,7175.0,1.4,1.6,1.5
2026-10-02,call,7180.0,585.8,609.8,597.8
2026-10-02,put,7180.0,1.4,1.6,1.5
2026-10-02,call,7190.0,576.0,600.0,588.0
2026-10-02,put,7190.0,1.45,1.65,1.5499999999999998
2026-10-02,call,7200.0,566.0,590.0,578.0
2026-10-02,put,7200.0,1.5,1.7,1.6
2026-10-02,call,7210.0,556.0,580.0,568.0
2026-10-02,put,7210.0,1.55,1.75,1.65
2026-10-02,call,7220.0,546.1,570.1,558.1
2026-10-02,put,7220.0,1.6,1.8,1.7000000000000002
2026-10-02,call,7225.0,541.1,565.1,553.1
2026-10-02,put,7225.0,1.6,1.8,1.7000000000000002
2026-10-02,call,7230.0,536.2,560.2,548.2
2026-10-02,put,7230.0,1.65,1.85,1.75
2026-10-02,call,7240.0,526.2,550.2,538.2
2026-10-02,put,7240.0,1.7,1.9,1.7999999999999998
2026-10-02,call,7250.0,516.3,540.3,528.3
2026-10-02,put,7250.0,1.8,1.95,1.875
2026-10-02,call,7255.0,511.3,535.3,523.3
2026-10-02,put,7255.0,1.8,2.0,1.9
2026-10-02,call,7260.0,506.1,530.1,518.1
2026-10-02,put,7260.0,1.8,2.0,1.9
2026-10-02,call,7265.0,501.4,525.4,513.4
2026-10-02,put,7265.0,1.85,2.05,1.95
2026-10-02,call,7270.0,496.5,520.5,508.5
2026-10-02,put,7270.0,1.9,2.1,2.0
2026-10-02,call,7275.0,491.6,515.6,503.6
2026-10-02,put,7275.0,1.9,2.1,2.0
2026-10-02,call,7280.0,486.5,510.5,498.5
2026-10-02,put,7280.0,1.95,2.15,2.05
2026-10-02,call,7285.0,481.7,505.7,493.7
2026-10-02,put,7285.0,2.0,2.2,2.1
2026-10-02,call,7290.0,476.6,500.6,488.6
2026-10-02,put,7290.0,2.0,2.25,2.125
2026-10-02,call,7295.0,471.7,495.7,483.7
2026-10-02,put,7295.0,2.05,2.25,2.15
2026-10-02,call,7300.0,466.8,490.8,478.8
2026-10-02,put,7300.0,2.1,2.25,2.175
2026-10-02,call,7305.0,461.8,485.8,473.8
2026-10-02,put,7305.0,2.1,2.35,2.225
2026-10-02,call,7310.0,456.8,480.8,468.8
2026-10-02,put,7310.0,2.15,2.4,2.275
2026-10-02,call,7315.0,451.8,475.8,463.8
2026-10-02,put,7315.0,2.2,2.45,2.325
2026-10-02,call,7320.0,447.0,471.0,459.0
2026-10-02,put,7320.0,2.25,2.5,2.375
2026-10-02,call,7325.0,441.9,465.9,453.9
2026-10-02,put,7325.0,2.3,2.55,2.425
2026-10-02,call,7330.0,437.1,461.1,449.1
2026-10-02,put,7330.0,2.35,2.55,2.45
2026-10-02,call,7335.0,432.1,456.1,444.1
2026-10-02,put,7335.0,2.4,2.6,2.5
2026-10-02,call,7340.0,427.0,451.0,439.0
2026-10-02,put,7340.0,2.45,2.65,2.55
2026-10-02,call,7345.0,422.1,446.1,434.1
2026-10-02,put,7345.0,2.5,2.75,2.625
2026-10-02,call,7350.0,417.3,441.3,429.3
2026-10-02,put,7350.0,2.55,2.75,2.65
2026-10-02,call,7355.0,412.2,436.2,424.2
2026-10-02,put,7355.0,2.6,2.85,2.725
2026-10-02,call,7360.0,407.2,431.2,419.2
2026-10-02,put,7360.0,2.65,2.9,2.775
2026-10-02,call,7365.0,402.5,426.5,414.5
2026-10-02,put,7365.0,2.7,2.95,2.825
2026-10-02,call,7370.0,397.5,421.5,409.5
2026-10-02,put,7370.0,2.75,3.0,2.875
2026-10-02,call,7375.0,392.6,416.6,404.6
2026-10-02,put,7375.0,2.8,3.1,2.95
2026-10-02,call,7380.0,387.7,411.7,399.7
2026-10-02,put,7380.0,2.85,3.2,3.0250000000000004
2026-10-02,call,7385.0,382.8,406.8,394.8
2026-10-02,put,7385.0,2.95,3.2,3.075
2026-10-02,call,7390.0,377.9,401.9,389.9
2026-10-02,put,7390.0,3.0,3.3,3.15
2026-10-02,call,7395.0,372.9,396.9,384.9
2026-10-02,put,7395.0,3.1,3.4,3.25
2026-10-02,call,7400.0,368.0,392.0,380.0
2026-10-02,put,7400.0,3.2,3.4,3.3
2026-10-02,call,7405.0,363.1,387.1,375.1
2026-10-02,put,7405.0,3.2,3.5,3.35
2026-10-02,call,7410.0,358.3,382.3,370.3
2026-10-02,put,7410.0,3.3,3.6,3.45
2026-10-02,call,7415.0,353.3,377.3,365.3
2026-10-02,put,7415.0,3.4,3.7,3.55
2026-10-02,call,7420.0,348.2,372.2,360.2
2026-10-02,put,7420.0,3.4,3.8,3.5999999999999996
2026-10-02,call,7425.0,343.3,367.3,355.3
2026-10-02,put,7425.0,3.6,3.9,3.75
2026-10-02,call,7430.0,338.5,362.5,350.5
2026-10-02,put,7430.0,3.6,4.0,3.8
2026-10-02,call,7435.0,333.7,357.7,345.7
2026-10-02,put,7435.0,3.7,4.1,3.9
2026-10-02,call,7440.0,328.8,352.8,340.8
2026-10-02,put,7440.0,3.8,4.2,4.0
2026-10-02,call,7445.0,323.9,347.9,335.9
2026-10-02,put,7445.0,3.9,4.3,4.1
2026-10-02,call,7450.0,318.9,342.9,330.9
2026-10-02,put,7450.0,4.1,4.3,4.199999999999999
2026-10-02,call,7455.0,314.1,338.1,326.1
2026-10-02,put,7455.0,4.2,4.5,4.35
2026-10-02,call,7460.0,309.1,333.1,321.1
2026-10-02,put,7460.0,4.3,4.6,4.449999999999999
2026-10-02,call,7465.0,304.3,328.3,316.3
2026-10-02,put,7465.0,4.4,4.8,4.6
2026-10-02,call,7470.0,299.6,323.6,311.6
2026-10-02,put,7470.0,4.5,4.9,4.7
2026-10-02,call,7475.0,294.7,318.7,306.7
2026-10-02,put,7475.0,4.7,5.0,4.85
2026-10-02,call,7480.0,289.8,313.8,301.8
2026-10-02,put,7480.0,4.8,5.2,5.0
2026-10-02,call,7485.0,285.0,309.0,297.0
2026-10-02,put,7485.0,4.9,5.3,5.1
2026-10-02,call,7490.0,280.2,304.2,292.2
2026-10-02,put,7490.0,5.1,5.5,5.3
2026-10-02,call,7495.0,275.4,299.4,287.4
2026-10-02,put,7495.0,5.2,5.6,5.4
2026-10-02,call,7500.0,270.6,294.6,282.6
2026-10-02,put,7500.0,5.5,5.7,5.6
2026-10-02,call,7505.0,265.8,289.8,277.8
2026-10-02,put,7505.0,5.6,6.0,5.8
2026-10-02,call,7510.0,260.9,284.9,272.9
2026-10-02,put,7510.0,5.8,6.1,5.949999999999999
2026-10-02,call,7515.0,256.2,280.2,268.2
2026-10-02,put,7515.0,6.0,6.3,6.15
2026-10-02,call,7520.0,251.4,275.4,263.4
2026-10-02,put,7520.0,6.1,6.5,6.3
2026-10-02,call,7525.0,246.6,270.6,258.6
2026-10-02,put,7525.0,6.4,6.7,6.550000000000001
2026-10-02,call,7530.0,241.7,265.7,253.7
2026-10-02,put,7530.0,6.6,6.9,6.75
2026-10-02,call,7535.0,237.1,261.1,249.10000000000002
2026-10-02,put,7535.0,6.8,7.2,7.0
2026-10-02,call,7540.0,232.3,256.3,244.3
2026-10-02,put,7540.0,7.0,7.4,7.2
2026-10-02,call,7545.0,227.5,251.5,239.5
2026-10-02,put,7545.0,7.3,7.6,7.449999999999999
2026-10-02,call,7550.0,222.9,246.9,234.9
2026-10-02,put,7550.0,7.6,7.9,7.75
2026-10-02,call,7555.0,218.1,242.1,230.1
2026-10-02,put,7555.0,7.8,8.2,8.0
2026-10-02,call,7560.0,213.4,237.4,225.4
2026-10-02,put,7560.0,8.1,8.5,8.3
2026-10-02,call,7565.0,208.6,232.6,220.6
2026-10-02,put,7565.0,8.4,8.8,8.600000000000001
2026-10-02,call,7570.0,204.1,228.1,216.1
2026-10-02,put,7570.0,8.7,9.1,8.899999999999999
2026-10-02,call,7575.0,201.1,225.1,213.1
2026-10-02,put,7575.0,9.0,9.4,9.2
2026-10-02,call,7580.0,197.1,217.1,207.1
2026-10-02,put,7580.0,9.4,9.7,9.55
2026-10-02,call,7585.0,192.4,212.4,202.4
2026-10-02,put,7585.0,9.7,10.1,9.899999999999999
2026-10-02,call,7590.0,187.8,207.8,197.8
2026-10-02,put,7590.0,10.1,10.5,10.3
2026-10-02,call,7595.0,182.9,202.9,192.9
2026-10-02,put,7595.0,10.5,10.9,10.7
2026-10-02,call,7600.0,190.1,191.7,190.89999999999998
2026-10-02,put,7600.0,10.9,11.2,11.05
2026-10-02,call,7605.0,173.8,193.8,183.8
2026-10-02,put,7605.0,11.3,11.7,11.5
2026-10-02,call,7610.0,169.3,189.3,179.3
2026-10-02,put,7610.0,11.8,12.2,12.0
2026-10-02,call,7615.0,164.7,184.7,174.7
2026-10-02,put,7615.0,12.3,12.7,12.5
2026-10-02,call,7620.0,160.4,180.4,170.4
2026-10-02,put,7620.0,12.8,13.1,12.95
2026-10-02,call,7625.0,155.9,175.9,165.9
2026-10-02,put,7625.0,13.3,13.6,13.45
2026-10-02,call,7630.0,151.6,171.6,161.6
2026-10-02,put,7630.0,13.8,14.1,13.95
2026-10-02,call,7635.0,147.2,167.1,157.14999999999998
2026-10-02,put,7635.0,14.4,14.7,14.55
2026-10-02,call,7640.0,142.8,162.8,152.8
2026-10-02,put,7640.0,15.0,15.3,15.15
2026-10-02,call,7645.0,138.3,158.3,148.3
2026-10-02,put,7645.0,15.6,16.0,15.8
2026-10-02,call,7650.0,145.5,147.1,146.3
2026-10-02,put,7650.0,16.3,16.6,16.450000000000003
2026-10-02,call,7655.0,129.8,149.8,139.8
2026-10-02,put,7655.0,17.0,17.3,17.15
2026-10-02,call,7660.0,125.4,145.4,135.4
2026-10-02,put,7660.0,17.7,18.1,17.9
2026-10-02,call,7665.0,121.4,141.4,131.4
2026-10-02,put,7665.0,18.5,18.9,18.7
2026-10-02,call,7670.0,128.6,130.3,129.45
2026-10-02,put,7670.0,19.3,19.7,19.5
2026-10-02,call,7675.0,113.1,133.1,123.1
2026-10-02,put,7675.0,20.2,20.5,20.35
2026-10-02,call,7680.0,109.1,129.1,119.1
2026-10-02,put,7680.0,21.1,21.4,21.25
2026-10-02,call,7685.0,105.1,125.1,115.1
2026-10-02,put,7685.0,22.0,22.4,22.2
2026-10-02,call,7690.0,101.1,121.1,111.1
2026-10-02,put,7690.0,23.0,23.4,23.2
2026-10-02,call,7695.0,97.2,117.2,107.2
2026-10-02,put,7695.0,24.1,24.5,24.3
2026-10-02,call,7700.0,104.6,106.1,105.35
2026-10-02,put,7700.0,25.2,25.6,25.4
2026-10-02,call,7705.0,100.9,101.4,101.15
2026-10-02,put,7705.0,26.4,26.7,26.549999999999997
2026-10-02,call,7710.0,97.3,97.7,97.5
2026-10-02,put,7710.0,27.6,28.0,27.8
2026-10-02,call,7715.0,93.6,94.0,93.8
2026-10-02,put,7715.0,28.9,29.3,29.1
2026-10-02,call,7720.0,90.0,90.3,90.15
2026-10-02,put,7720.0,30.2,30.6,30.4
2026-10-02,call,7725.0,86.4,86.8,86.6
2026-10-02,put,7725.0,31.7,32.1,31.9
2026-10-02,call,7730.0,82.9,83.3,83.1
2026-10-02,put,7730.0,33.2,33.6,33.400000000000006
2026-10-02,call,7735.0,79.5,79.8,79.65
2026-10-02,put,7735.0,34.7,35.1,34.900000000000006
2026-10-02,call,7740.0,76.1,76.5,76.3
2026-10-02,put,7740.0,36.4,36.8,36.599999999999994
2026-10-02,call,7745.0,72.8,73.2,73.0
2026-10-02,put,7745.0,38.1,38.5,38.3
2026-10-02,call,7750.0,69.6,70.0,69.8
2026-10-02,put,7750.0,39.9,40.3,40.099999999999994
2026-10-02,call,7755.0,66.4,66.8,66.6
2026-10-02,put,7755.0,41.7,42.1,41.900000000000006
2026-10-02,call,7760.0,63.4,63.8,63.599999999999994
2026-10-02,put,7760.0,43.7,44.1,43.900000000000006
2026-10-02,call,7765.0,60.4,60.8,60.599999999999994
2026-10-02,put,7765.0,45.7,46.1,45.900000000000006
2026-10-02,call,7770.0,57.5,57.9,57.7
2026-10-02,put,7770.0,47.8,48.2,48.0
2026-10-02,call,7775.0,54.7,55.1,54.900000000000006
2026-10-02,put,7775.0,50.0,50.4,50.2
2026-10-02,call,7780.0,52.0,52.4,52.2
2026-10-02,put,7780.0,52.3,52.7,52.5
2026-10-02,call,7785.0,49.4,49.8,49.599999999999994
2026-10-02,put,7785.0,54.7,55.1,54.900000000000006
2026-10-02,call,7790.0,46.9,47.3,47.099999999999994
2026-10-02,put,7790.0,57.1,57.6,57.35
2026-10-02,call,7795.0,44.4,44.8,44.599999999999994
2026-10-02,put,7795.0,59.7,60.1,59.900000000000006
2026-10-02,call,7800.0,42.1,42.5,42.3
2026-10-02,put,7800.0,62.3,62.8,62.55
2026-10-02,call,7805.0,39.8,40.2,40.0
2026-10-02,put,7805.0,65.0,65.5,65.25
2026-10-02,call,7810.0,37.6,38.0,37.8
2026-10-02,put,7810.0,67.8,68.3,68.05
2026-10-02,call,7815.0,35.5,35.9,35.7
2026-10-02,put,7815.0,70.7,71.2,70.95
2026-10-02,call,7820.0,33.5,33.9,33.7
2026-10-02,put,7820.0,73.7,74.2,73.95
2026-10-02,call,7825.0,31.6,32.0,31.8
2026-10-02,put,7825.0,76.8,77.2,77.0
2026-10-02,call,7830.0,29.7,30.2,29.95
2026-10-02,put,7830.0,79.9,80.4,80.15
2026-10-02,call,7835.0,28.0,28.4,28.2
2026-10-02,put,7835.0,83.1,83.6,83.35
2026-10-02,call,7840.0,26.3,26.7,26.5
2026-10-02,put,7840.0,86.5,86.9,86.7
2026-10-02,call,7845.0,24.7,25.1,24.9
2026-10-02,put,7845.0,89.5,90.3,89.9
2026-10-02,call,7850.0,23.2,23.6,23.4
2026-10-02,put,7850.0,92.6,94.1,93.35
2026-10-02,call,7855.0,21.7,22.1,21.9
2026-10-02,put,7855.0,89.1,109.1,99.1
2026-10-02,call,7860.0,20.3,20.7,20.5
2026-10-02,put,7860.0,92.7,112.7,102.7
2026-10-02,call,7865.0,19.0,19.4,19.2
2026-10-02,put,7865.0,96.6,116.6,106.6
2026-10-02,call,7870.0,17.8,18.2,18.0
2026-10-02,put,7870.0,100.2,120.2,110.2
2026-10-02,call,7875.0,16.6,17.0,16.8
2026-10-02,put,7875.0,104.1,124.1,114.1
2026-10-02,call,7880.0,15.5,15.8,15.65
2026-10-02,put,7880.0,107.9,127.9,117.9
2026-10-02,call,7885.0,14.4,14.8,14.600000000000001
2026-10-02,put,7885.0,111.9,131.9,121.9
2026-10-02,call,7890.0,13.5,13.8,13.65
2026-10-02,put,7890.0,116.0,136.0,126.0
2026-10-02,call,7895.0,12.5,12.8,12.65
2026-10-02,put,7895.0,120.1,140.1,130.1
2026-10-02,call,7900.0,11.7,11.9,11.8
2026-10-02,put,7900.0,124.2,144.2,134.2
2026-10-02,call,7905.0,10.8,11.1,10.95
2026-10-02,put,7905.0,128.5,148.5,138.5
2026-10-02,call,7910.0,10.1,10.3,10.2
2026-10-02,put,7910.0,132.8,152.8,142.8
2026-10-02,call,7915.0,9.4,9.6,9.5
2026-10-02,put,7915.0,137.0,157.0,147.0
2026-10-02,call,7920.0,8.7,8.9,8.8
2026-10-02,put,7920.0,141.4,161.4,151.4
2026-10-02,call,7925.0,8.1,8.3,8.2
2026-10-02,put,7925.0,145.8,165.8,155.8
2026-10-02,call,7930.0,7.5,7.7,7.6
2026-10-02,put,7930.0,150.3,170.3,160.3
2026-10-02,call,7940.0,6.4,6.6,6.5
2026-10-02,put,7940.0,159.4,179.3,169.35000000000002
2026-10-02,call,7950.0,5.5,5.7,5.6
2026-10-02,put,7950.0,168.5,188.5,178.5
2026-10-02,call,7960.0,4.7,4.9,4.800000000000001
2026-10-02,put,7960.0,177.9,197.8,187.85000000000002
2026-10-02,call,7970.0,4.1,4.3,4.199999999999999
2026-10-02,put,7970.0,187.0,207.0,197.0
2026-10-02,call,7975.0,3.8,4.0,3.9
2026-10-02,put,7975.0,191.7,211.7,201.7
2026-10-02,call,7980.0,3.5,3.7,3.6
2026-10-02,put,7980.0,195.2,215.2,205.2
2026-10-02,call,7990.0,3.1,3.3,3.2
2026-10-02,put,7990.0,204.0,228.0,216.0
2026-10-02,call,8000.0,2.75,2.9,2.825
2026-10-02,put,8000.0,213.5,237.5,225.5
2026-10-02,call,8010.0,2.3,2.6,2.45
2026-10-02,put,8010.0,223.1,247.1,235.1
2026-10-02,call,8020.0,2.05,2.3,2.175
2026-10-02,put,8020.0,232.8,256.8,244.8
2026-10-02,call,8025.0,1.9,2.15,2.025
2026-10-02,put,8025.0,237.7,261.7,249.7
2026-10-02,call,8030.0,1.8,2.05,1.9249999999999998
2026-10-02,put,8030.0,242.5,266.5,254.5
2026-10-02,call,8040.0,1.6,1.85,1.725
2026-10-02,put,8040.0,252.4,276.4,264.4
2026-10-02,call,8050.0,1.45,1.6,1.525
2026-10-02,put,8050.0,262.2,286.2,274.2
2026-10-02,call,8060.0,1.3,1.5,1.4
2026-10-02,put,8060.0,272.0,296.0,284.0
2026-10-02,call,8070.0,1.15,1.35,1.25
2026-10-02,put,8070.0,281.9,305.9,293.9
2026-10-02,call,8075.0,1.1,1.3,1.2000000000000002
2026-10-02,put,8075.0,286.8,310.8,298.8
2026-10-02,call,8080.0,1.05,1.25,1.15
2026-10-02,put,8080.0,291.8,315.8,303.8
2026-10-02,call,8090.0,0.95,1.15,1.0499999999999998
2026-10-02,put,8090.0,301.7,325.7,313.7
2026-10-02,call,8100.0,0.9,1.0,0.95
2026-10-02,put,8100.0,311.5,335.5,323.5
2026-10-02,call,8110.0,0.8,1.0,0.9
2026-10-02,put,8110.0,321.5,345.5,333.5
2026-10-02,call,8120.0,0.75,0.9,0.825
2026-10-02,put,8120.0,331.4,355.4,343.4
2026-10-02,call,8125.0,0.7,0.9,0.8
2026-10-02,put,8125.0,336.3,360.3,348.3
2026-10-02,call,8130.0,0.65,0.85,0.75
2026-10-02,put,8130.0,341.3,365.3,353.3
2026-10-02,call,8140.0,0.6,0.8,0.7
2026-10-02,put,8140.0,351.3,375.3,363.3
2026-10-02,call,8150.0,0.6,0.75,0.675
2026-10-02,put,8150.0,361.3,385.3,373.3
2026-10-02,call,8175.0,0.5,0.7,0.6
2026-10-02,put,8175.0,386.0,410.0,398.0
2026-10-02,call,8200.0,0.4,0.6,0.5
2026-10-02,put,8200.0,411.0,435.0,423.0
2026-10-02,call,8225.0,0.35,0.55,0.45
2026-10-02,put,8225.0,435.9,459.9,447.9
2026-10-02,call,8250.0,0.3,0.5,0.4
2026-10-02,put,8250.0,460.9,484.9,472.9
2026-10-02,call,8275.0,0.25,0.45,0.35
2026-10-02,put,8275.0,485.9,509.9,497.9
2026-10-02,call,8300.0,0.2,0.45,0.325
2026-10-02,put,8300.0,510.7,534.7,522.7
2026-10-02,call,8325.0,0.2,0.4,0.30000000000000004
2026-10-02,put,8325.0,535.7,559.7,547.7
2026-10-02,call,8350.0,0.15,0.35,0.25
2026-10-02,put,8350.0,560.6,584.6,572.6
2026-10-02,call,8375.0,0.15,0.35,0.25
2026-10-02,put,8375.0,585.6,609.6,597.6
2026-10-02,call,8400.0,0.1,0.3,0.2
2026-10-02,put,8400.0,610.5,634.5,622.5
2026-10-02,call,8425.0,0.1,0.3,0.2
2026-10-02,put,8425.0,635.5,659.5,647.5
2026-10-02,call,8450.0,0.1,0.3,0.2
2026-10-02,put,8450.0,660.6,684.6,672.6
2026-10-02,call,8500.0,0.05,0.25,0.15
2026-10-02,put,8500.0,710.3,734.3,722.3
2026-10-02,call,8600.0,0.05,0.2,0.125
2026-10-02,put,8600.0,810.4,834.4,822.4
2026-10-02,put,8700.0,910.0,934.0,922.0
2026-10-02,put,8800.0,1009.8,1033.8,1021.8
2026-10-02,put,9000.0,1209.5,1233.5,1221.5
2026-10-02,put,9200.0,1409.4,1433.4,1421.4
2026-10-02,put,9400.0,1609.3,1633.3,1621.3
2026-10-02,put,9600.0,1808.8,1832.8,1820.8
2026-10-02,put,9800.0,2008.7,2032.7,2020.7
2026-10-02,put,10000.0,2208.3,2232.3,2220.3
2026-10-05,call,3200.0,4559.6,4583.6,4571.6
2026-10-05,call,3400.0,4359.9,4383.9,4371.9
2026-10-05,call,3600.0,4160.0,4184.0,4172.0
2026-10-05,call,3800.0,3960.4,3984.4,3972.4
2026-10-05,call,4000.0,3760.8,3784.8,3772.8
2026-10-05,call,4200.0,3561.1,3585.1,3573.1
2026-10-05,call,4400.0,3361.3,3385.3,3373.3
2026-10-05,call,4600.0,3161.5,3185.5,3173.5
2026-10-05,call,4800.0,2961.7,2985.7,2973.7
2026-10-05,call,5000.0,2762.2,2786.2,2774.2
2026-10-05,call,5200.0,2562.4,2586.4,2574.4
2026-10-05,call,5400.0,2362.6,2386.6,2374.6
2026-10-05,put,5400.0,0.1,0.2,0.15000000000000002
2026-10-05,call,5600.0,2163.0,2187.0,2175.0
2026-10-05,put,5600.0,0.05,0.25,0.15
2026-10-05,call,5800.0,1963.3,1987.3,1975.3
2026-10-05,put,5800.0,0.1,0.25,0.175
2026-10-05,call,6000.0,1763.5,1787.5,1775.5
2026-10-05,put,6000.0,0.2,0.35,0.275
2026-10-05,call,6100.0,1663.9,1687.9,1675.9
2026-10-05,put,6100.0,0.2,0.35,0.275
2026-10-05,call,6200.0,1564.0,1588.0,1576.0
2026-10-05,put,6200.0,0.25,0.4,0.325
2026-10-05,call,6250.0,1514.0,1538.0,1526.0
2026-10-05,put,6250.0,0.3,0.45,0.375
2026-10-05,call,6300.0,1464.2,1488.2,1476.2
2026-10-05,put,6300.0,0.3,0.45,0.375
2026-10-05,call,6350.0,1414.3,1438.3,1426.3
2026-10-05,put,6350.0,0.35,0.5,0.425
2026-10-05,call,6400.0,1364.3,1388.3,1376.3
2026-10-05,put,6400.0,0.35,0.5,0.425
2026-10-05,call,6500.0,1264.7,1288.7,1276.7
2026-10-05,put,6500.0,0.45,0.6,0.525
2026-10-05,call,6525.0,1239.7,1263.7,1251.7
2026-10-05,put,6525.0,0.45,0.65,0.55
2026-10-05,call,6550.0,1214.8,1238.8,1226.8
2026-10-05,put,6550.0,0.45,0.65,0.55
2026-10-05,call,6575.0,1189.8,1213.8,1201.8
2026-10-05,put,6575.0,0.5,0.7,0.6
2026-10-05,call,6600.0,1164.8,1188.8,1176.8
2026-10-05,put,6600.0,0.5,0.7,0.6
2026-10-05,call,6625.0,1139.8,1163.8,1151.8
2026-10-05,put,6625.0,0.55,0.75,0.65
2026-10-05,call,6650.0,1115.0,1139.0,1127.0
2026-10-05,put,6650.0,0.55,0.75,0.65
2026-10-05,call,6675.0,1090.0,1114.0,1102.0
2026-10-05,put,6675.0,0.6,0.8,0.7
2026-10-05,call,6700.0,1065.0,1089.0,1077.0
2026-10-05,put,6700.0,0.65,0.85,0.75
2026-10-05,call,6725.0,1040.2,1064.2,1052.2
2026-10-05,put,6725.0,0.65,0.85,0.75
2026-10-05,call,6750.0,1015.3,1039.3,1027.3
2026-10-05,put,6750.0,0.7,0.9,0.8
2026-10-05,call,6775.0,990.4,1014.4,1002.4
2026-10-05,put,6775.0,0.75,0.95,0.85
2026-10-05,call,6800.0,965.4,989.4,977.4
2026-10-05,put,6800.0,0.75,0.95,0.85
2026-10-05,call,6825.0,940.5,964.5,952.5
2026-10-05,put,6825.0,0.8,1.0,0.9
2026-10-05,call,6850.0,915.6,939.6,927.6
2026-10-05,put,6850.0,0.85,1.05,0.95
2026-10-05,call,6875.0,890.8,914.8,902.8
2026-10-05,put,6875.0,0.9,1.1,1.0
2026-10-05,call,6900.0,865.7,889.7,877.7
2026-10-05,put,6900.0,0.95,1.15,1.0499999999999998
2026-10-05,call,6925.0,841.0,864.9,852.95
2026-10-05,put,6925.0,1.0,1.2,1.1
2026-10-05,call,6950.0,815.7,839.7,827.7
2026-10-05,put,6950.0,1.05,1.25,1.15
2026-10-05,call,6975.0,790.9,814.9,802.9
2026-10-05,put,6975.0,1.15,1.35,1.25
2026-10-05,call,7000.0,765.9,789.9,777.9
2026-10-05,put,7000.0,1.2,1.4,1.2999999999999998
2026-10-05,call,7025.0,741.2,765.2,753.2
2026-10-05,put,7025.0,1.25,1.45,1.35
2026-10-05,call,7050.0,716.3,740.3,728.3
2026-10-05,put,7050.0,1.35,1.55,1.4500000000000002
2026-10-05,call,7075.0,691.4,715.4,703.4
2026-10-05,put,7075.0,1.45,1.65,1.5499999999999998
2026-10-05,call,7100.0,666.5,690.5,678.5
2026-10-05,put,7100.0,1.5,1.75,1.625
2026-10-05,call,7125.0,641.7,665.7,653.7
2026-10-05,put,7125.0,1.65,1.85,1.75
2026-10-05,call,7150.0,616.8,640.8,628.8
2026-10-05,put,7150.0,1.75,1.95,1.85
2026-10-05,call,7175.0,592.0,616.0,604.0
2026-10-05,put,7175.0,1.85,2.1,1.975
2026-10-05,call,7180.0,587.0,611.0,599.0
2026-10-05,put,7180.0,1.9,2.1,2.0
2026-10-05,call,7190.0,577.1,601.1,589.1
2026-10-05,put,7190.0,1.95,2.15,2.05
2026-10-05,call,7200.0,567.3,591.3,579.3
2026-10-05,put,7200.0,2.05,2.2,2.125
2026-10-05,call,7210.0,557.4,581.4,569.4
2026-10-05,put,7210.0,2.05,2.3,2.175
2026-10-05,call,7220.0,547.4,571.4,559.4
2026-10-05,put,7220.0,2.15,2.35,2.25
2026-10-05,call,7225.0,542.5,566.5,554.5
2026-10-05,put,7225.0,2.15,2.4,2.275
2026-10-05,call,7230.0,537.5,561.5,549.5
2026-10-05,put,7230.0,2.2,2.4,2.3
2026-10-05,call,7240.0,527.5,551.5,539.5
2026-10-05,put,7240.0,2.25,2.5,2.375
2026-10-05,call,7250.0,517.7,541.7,529.7
2026-10-05,put,7250.0,2.35,2.6,2.475
2026-10-05,call,7260.0,507.7,531.7,519.7
2026-10-05,put,7260.0,2.4,2.65,2.525
2026-10-05,call,7270.0,497.9,521.9,509.9
2026-10-05,put,7270.0,2.5,2.75,2.625
2026-10-05,call,7275.0,492.9,516.9,504.9
2026-10-05,put,7275.0,2.55,2.8,2.675
2026-10-05,call,7280.0,488.0,512.0,500.0
2026-10-05,put,7280.0,2.6,2.85,2.725
2026-10-05,call,7290.0,478.1,502.1,490.1
2026-10-05,put,7290.0,2.7,2.95,2.825
2026-10-05,call,7300.0,468.2,492.2,480.2
2026-10-05,put,7300.0,2.8,3.1,2.95
2026-10-05,call,7310.0,458.3,482.3,470.3
2026-10-05,put,7310.0,2.9,3.2,3.05
2026-10-05,call,7320.0,448.4,472.4,460.4
2026-10-05,put,7320.0,3.0,3.3,3.15
2026-10-05,call,7325.0,443.5,467.5,455.5
2026-10-05,put,7325.0,3.0,3.4,3.2
2026-10-05,call,7330.0,438.6,462.6,450.6
2026-10-05,put,7330.0,3.1,3.4,3.25
2026-10-05,call,7340.0,428.7,452.7,440.7
2026-10-05,put,7340.0,3.2,3.5,3.35
2026-10-05,call,7350.0,418.9,442.9,430.9
2026-10-05,put,7350.0,3.3,3.7,3.5
2026-10-05,call,7360.0,409.1,433.1,421.1
2026-10-05,put,7360.0,3.5,3.8,3.65
2026-10-05,call,7370.0,399.2,423.2,411.2
2026-10-05,put,7370.0,3.6,4.0,3.8
2026-10-05,call,7375.0,394.2,418.2,406.2
2026-10-05,put,7375.0,3.7,4.1,3.9
2026-10-05,call,7380.0,389.5,413.5,401.5
2026-10-05,put,7380.0,3.8,4.2,4.0
2026-10-05,call,7390.0,379.6,403.6,391.6
2026-10-05,put,7390.0,4.0,4.3,4.15
2026-10-05,call,7400.0,369.9,393.9,381.9
2026-10-05,put,7400.0,4.1,4.5,4.3
2026-10-05,call,7405.0,364.9,388.9,376.9
2026-10-05,put,7405.0,4.2,4.6,4.4
2026-10-05,call,7410.0,360.1,384.1,372.1
2026-10-05,put,7410.0,4.3,4.7,4.5
2026-10-05,call,7415.0,355.2,379.2,367.2
2026-10-05,put,7415.0,4.4,4.8,4.6
2026-10-05,call,7420.0,350.2,374.2,362.2
2026-10-05,put,7420.0,4.5,5.0,4.75
2026-10-05,call,7425.0,345.3,369.3,357.3
2026-10-05,put,7425.0,4.7,5.1,4.9
2026-10-05,call,7430.0,340.4,364.4,352.4
2026-10-05,put,7430.0,4.8,5.2,5.0
2026-10-05,call,7435.0,335.5,359.5,347.5
2026-10-05,put,7435.0,4.9,5.3,5.1
2026-10-05,call,7440.0,330.8,354.8,342.8
2026-10-05,put,7440.0,5.0,5.4,5.2
2026-10-05,call,7445.0,325.9,349.9,337.9
2026-10-05,put,7445.0,5.2,5.6,5.4
2026-10-05,call,7450.0,321.1,345.1,333.1
2026-10-05,put,7450.0,5.4,5.6,5.5
2026-10-05,call,7455.0,316.2,340.2,328.2
2026-10-05,put,7455.0,5.4,5.9,5.65
2026-10-05,call,7460.0,311.4,335.4,323.4
2026-10-05,put,7460.0,5.6,6.0,5.8
2026-10-05,call,7465.0,306.6,330.6,318.6
2026-10-05,put,7465.0,5.7,6.2,5.95
2026-10-05,call,7470.0,301.7,325.7,313.7
2026-10-05,put,7470.0,5.9,6.3,6.1
2026-10-05,call,7475.0,296.9,320.9,308.9
2026-10-05,put,7475.0,6.1,6.5,6.3
2026-10-05,call,7480.0,292.2,316.2,304.2
2026-10-05,put,7480.0,6.2,6.7,6.45
2026-10-05,call,7485.0,287.3,311.3,299.3
2026-10-05,put,7485.0,6.4,6.9,6.65
2026-10-05,call,7490.0,282.4,306.4,294.4
2026-10-05,put,7490.0,6.6,7.0,6.8
2026-10-05,call,7495.0,277.7,301.7,289.7
2026-10-05,put,7495.0,6.8,7.2,7.0
2026-10-05,call,7500.0,272.9,296.9,284.9
2026-10-05,put,7500.0,7.0,7.4,7.2
2026-10-05,call,7505.0,268.3,292.3,280.3
2026-10-05,put,7505.0,7.2,7.6,7.4
2026-10-05,call,7510.0,263.2,287.2,275.2
2026-10-05,put,7510.0,7.4,7.9,7.65
2026-10-05,call,7515.0,258.7,282.7,270.7
2026-10-05,put,7515.0,7.6,8.1,7.85
2026-10-05,call,7520.0,253.7,277.7,265.7
2026-10-05,put,7520.0,7.9,8.3,8.100000000000001
2026-10-05,call,7525.0,249.3,273.3,261.3
2026-10-05,put,7525.0,8.1,8.6,8.35
2026-10-05,call,7530.0,244.4,268.4,256.4
2026-10-05,put,7530.0,8.4,8.8,8.600000000000001
2026-10-05,call,7535.0,239.8,263.8,251.8
2026-10-05,put,7535.0,8.7,9.1,8.899999999999999
2026-10-05,call,7540.0,235.1,259.1,247.10000000000002
2026-10-05,put,7540.0,8.9,9.4,9.15
2026-10-05,call,7545.0,230.4,254.4,242.4
2026-10-05,put,7545.0,9.2,9.7,9.45
2026-10-05,call,7550.0,225.7,249.7,237.7
2026-10-05,put,7550.0,9.5,10.0,9.75
2026-10-05,call,7555.0,221.1,245.1,233.1
2026-10-05,put,7555.0,9.8,10.3,10.05
2026-10-05,call,7560.0,216.2,240.2,228.2
2026-10-05,put,7560.0,10.2,10.7,10.45
2026-10-05,call,7565.0,211.7,235.7,223.7
2026-10-05,put,7565.0,10.5,11.0,10.75
2026-10-05,call,7570.0,207.0,231.0,219.0
2026-10-05,put,7570.0,10.9,11.4,11.15
2026-10-05,call,7575.0,202.6,226.3,214.45
2026-10-05,put,7575.0,11.3,11.8,11.55
2026-10-05,call,7580.0,200.2,224.2,212.2
2026-10-05,put,7580.0,11.7,12.2,11.95
2026-10-05,call,7585.0,195.3,215.3,205.3
2026-10-05,put,7585.0,12.1,12.6,12.35
2026-10-05,call,7590.0,190.9,210.9,200.9
2026-10-05,put,7590.0,12.5,13.0,12.75
2026-10-05,call,7595.0,186.4,206.4,196.4
2026-10-05,put,7595.0,13.0,13.5,13.25
2026-10-05,call,7600.0,181.8,201.8,191.8
2026-10-05,put,7600.0,13.5,13.9,13.7
2026-10-05,call,7605.0,177.3,197.3,187.3
2026-10-05,put,7605.0,13.9,14.5,14.2
2026-10-05,call,7610.0,173.0,193.0,183.0
2026-10-05,put,7610.0,14.4,15.0,14.7
2026-10-05,call,7615.0,168.5,188.5,178.5
2026-10-05,put,7615.0,15.0,15.5,15.25
2026-10-05,call,7620.0,164.2,184.1,174.14999999999998
2026-10-05,put,7620.0,15.5,16.1,15.8
2026-10-05,call,7625.0,159.5,179.5,169.5
2026-10-05,put,7625.0,16.1,16.7,16.4
2026-10-05,call,7630.0,155.4,175.4,165.4
2026-10-05,put,7630.0,16.7,17.3,17.0
2026-10-05,call,7635.0,150.9,170.9,160.9
2026-10-05,put,7635.0,17.4,17.9,17.65
2026-10-05,call,7640.0,146.7,166.7,156.7
2026-10-05,put,7640.0,18.0,18.6,18.3
2026-10-05,call,7645.0,142.5,162.5,152.5
2026-10-05,put,7645.0,18.7,19.3,19.0
2026-10-05,call,7650.0,138.2,158.2,148.2
2026-10-05,put,7650.0,19.6,20.1,19.85
2026-10-05,call,7655.0,134.0,154.0,144.0
2026-10-05,put,7655.0,20.2,20.8,20.5
2026-10-05,call,7660.0,129.7,149.7,139.7
2026-10-05,put,7660.0,21.1,21.7,21.4
2026-10-05,call,7665.0,125.6,145.6,135.6
2026-10-05,put,7665.0,21.9,22.5,22.2
2026-10-05,call,7670.0,121.7,141.7,131.7
2026-10-05,put,7670.0,22.8,23.4,23.1
2026-10-05,call,7675.0,117.6,137.6,127.6
2026-10-05,put,7675.0,23.7,24.3,24.0
2026-10-05,call,7680.0,113.5,133.5,123.5
2026-10-05,put,7680.0,24.7,25.3,25.0
2026-10-05,call,7685.0,109.6,129.6,119.6
2026-10-05,put,7685.0,25.7,26.4,26.049999999999997
2026-10-05,call,7690.0,105.8,125.8,115.8
2026-10-05,put,7690.0,26.8,27.4,27.1
2026-10-05,call,7695.0,102.0,122.0,112.0
2026-10-05,put,7695.0,27.9,28.6,28.25
2026-10-05,call,7700.0,109.2,111.0,110.1
2026-10-05,put,7700.0,29.2,29.7,29.45
2026-10-05,call,7705.0,105.9,106.6,106.25
2026-10-05,put,7705.0,30.3,31.0,30.65
2026-10-05,call,7710.0,102.2,102.9,102.55000000000001
2026-10-05,put,7710.0,31.5,32.2,31.85
2026-10-05,call,7715.0,98.5,99.3,98.9
2026-10-05,put,7715.0,32.9,33.6,33.25
2026-10-05,call,7720.0,94.9,95.7,95.30000000000001
2026-10-05,put,7720.0,34.3,35.0,34.65
2026-10-05,call,7725.0,91.4,92.2,91.80000000000001
2026-10-05,put,7725.0,35.7,36.5,36.1
2026-10-05,call,7730.0,87.9,88.7,88.30000000000001
2026-10-05,put,7730.0,37.2,38.0,37.6
2026-10-05,call,7735.0,84.5,85.3,84.9
2026-10-05,put,7735.0,38.8,39.6,39.2
2026-10-05,call,7740.0,81.2,82.0,81.6
2026-10-05,put,7740.0,40.5,41.2,40.85
2026-10-05,call,7745.0,77.9,78.7,78.30000000000001
2026-10-05,put,7745.0,42.2,43.0,42.6
2026-10-05,call,7750.0,74.7,75.5,75.1
2026-10-05,put,7750.0,44.0,44.8,44.4
2026-10-05,call,7755.0,71.6,72.4,72.0
2026-10-05,put,7755.0,45.8,46.6,46.2
2026-10-05,call,7760.0,68.5,69.3,68.9
2026-10-05,put,7760.0,47.9,48.6,48.25
2026-10-05,call,7765.0,65.5,66.4,65.95
2026-10-05,put,7765.0,49.8,50.6,50.2
2026-10-05,call,7770.0,62.6,63.5,63.05
2026-10-05,put,7770.0,51.9,52.7,52.3
2026-10-05,call,7775.0,59.8,60.6,60.2
2026-10-05,put,7775.0,54.0,54.9,54.45
2026-10-05,call,7780.0,57.0,57.9,57.45
2026-10-05,put,7780.0,56.3,57.1,56.7
2026-10-05,call,7785.0,54.4,55.2,54.8
2026-10-05,put,7785.0,58.6,59.4,59.0
2026-10-05,call,7790.0,51.8,52.6,52.2
2026-10-05,put,7790.0,61.0,61.8,61.4
2026-10-05,call,7795.0,49.3,50.1,49.7
2026-10-05,put,7795.0,63.5,64.3,63.9
2026-10-05,call,7800.0,46.9,47.6,47.25
2026-10-05,put,7800.0,66.1,66.9,66.5
2026-10-05,call,7805.0,44.5,45.3,44.9
2026-10-05,put,7805.0,68.7,69.5,69.1
2026-10-05,call,7810.0,42.4,42.9,42.65
2026-10-05,put,7810.0,71.4,72.3,71.85
2026-10-05,call,7815.0,40.1,40.9,40.5
2026-10-05,put,7815.0,74.3,75.1,74.69999999999999
2026-10-05,call,7820.0,38.0,38.8,38.4
2026-10-05,put,7820.0,77.1,78.0,77.55
2026-10-05,call,7825.0,36.0,36.6,36.3
2026-10-05,put,7825.0,80.1,80.9,80.5
2026-10-05,call,7830.0,34.0,34.8,34.4
2026-10-05,put,7830.0,83.2,84.0,83.6
2026-10-05,call,7835.0,32.2,32.9,32.55
2026-10-05,put,7835.0,86.3,87.1,86.69999999999999
2026-10-05,call,7840.0,30.4,31.1,30.75
2026-10-05,put,7840.0,89.5,90.3,89.9
2026-10-05,call,7845.0,28.7,29.4,29.049999999999997
2026-10-05,put,7845.0,92.8,93.6,93.19999999999999
2026-10-05,call,7850.0,27.0,27.6,27.3
2026-10-05,put,7850.0,96.2,96.9,96.55000000000001
2026-10-05,call,7855.0,25.5,26.2,25.85
2026-10-05,put,7855.0,92.1,112.1,102.1
2026-10-05,call,7860.0,24.0,24.7,24.35
2026-10-05,put,7860.0,95.7,115.7,105.7
2026-10-05,call,7865.0,22.6,23.2,22.9
2026-10-05,put,7865.0,99.3,119.3,109.3
2026-10-05,call,7870.0,21.2,21.9,21.549999999999997
2026-10-05,put,7870.0,102.9,122.9,112.9
2026-10-05,call,7875.0,19.9,20.6,20.25
2026-10-05,put,7875.0,106.6,126.6,116.6
2026-10-05,call,7880.0,18.7,19.3,19.0
2026-10-05,put,7880.0,110.4,130.4,120.4
2026-10-05,call,7885.0,17.5,18.1,17.8
2026-10-05,put,7885.0,114.2,134.2,124.19999999999999
2026-10-05,call,7890.0,16.4,17.0,16.7
2026-10-05,put,7890.0,118.1,138.1,128.1
2026-10-05,call,7895.0,15.4,16.0,15.7
2026-10-05,put,7895.0,122.2,142.2,132.2
2026-10-05,call,7900.0,14.4,14.9,14.65
2026-10-05,put,7900.0,126.2,146.2,136.2
2026-10-05,call,7905.0,13.5,14.0,13.75
2026-10-05,put,7905.0,130.2,150.2,140.2
2026-10-05,call,7910.0,12.6,13.1,12.85
2026-10-05,put,7910.0,134.4,154.4,144.4
2026-10-05,call,7915.0,11.7,12.3,12.0
2026-10-05,put,7915.0,138.7,158.7,148.7
2026-10-05,call,7920.0,11.0,11.5,11.25
2026-10-05,put,7920.0,142.9,162.8,152.85000000000002
2026-10-05,call,7925.0,10.2,10.8,10.5
2026-10-05,put,7925.0,147.2,167.2,157.2
2026-10-05,call,7930.0,9.6,10.1,9.85
2026-10-05,put,7930.0,151.6,171.5,161.55
2026-10-05,call,7940.0,8.3,8.8,8.55
2026-10-05,put,7940.0,160.3,180.3,170.3
2026-10-05,call,7950.0,7.3,7.6,7.449999999999999
2026-10-05,put,7950.0,169.3,189.3,179.3
2026-10-05,call,7960.0,6.3,6.7,6.5
2026-10-05,put,7960.0,178.5,198.4,188.45
2026-10-05,call,7970.0,5.4,5.9,5.65
2026-10-05,put,7970.0,187.5,207.5,197.5
2026-10-05,call,7975.0,5.1,5.5,5.3
2026-10-05,put,7975.0,192.2,212.2,202.2
2026-10-05,call,7980.0,4.7,5.2,4.95
2026-10-05,put,7980.0,195.1,215.1,205.1
2026-10-05,call,7990.0,4.1,4.6,4.35
2026-10-05,put,7990.0,204.0,228.0,216.0
2026-10-05,call,8000.0,3.6,4.0,3.8
2026-10-05,put,8000.0,213.7,237.7,225.7
2026-10-05,call,8025.0,2.6,3.0,2.8
2026-10-05,put,8025.0,237.5,261.5,249.5
2026-10-05,call,8050.0,1.95,2.25,2.1
2026-10-05,put,8050.0,261.9,285.9,273.9
2026-10-05,call,8075.0,1.5,1.75,1.625
2026-10-05,put,8075.0,286.5,310.5,298.5
2026-10-05,call,8100.0,1.2,1.45,1.325
2026-10-05,put,8100.0,311.1,335.1,323.1
2026-10-05,call,8125.0,1.0,1.2,1.1
2026-10-05,put,8125.0,335.7,359.7,347.7
2026-10-05,call,8150.0,0.8,1.0,0.9
2026-10-05,put,8150.0,360.6,384.6,372.6
2026-10-05,call,8175.0,0.65,0.9,0.775
2026-10-05,put,8175.0,385.5,409.5,397.5
2026-10-05,call,8200.0,0.55,0.8,0.675
2026-10-05,put,8200.0,410.3,434.3,422.3
2026-10-05,call,8225.0,0.5,0.7,0.6
2026-10-05,put,8225.0,435.2,459.2,447.2
2026-10-05,call,8250.0,0.4,0.65,0.525
2026-10-05,put,8250.0,460.1,484.1,472.1
2026-10-05,call,8275.0,0.35,0.6,0.475
2026-10-05,put,8275.0,485.1,509.1,497.1
2026-10-05,call,8300.0,0.3,0.55,0.42500000000000004
2026-10-05,put,8300.0,510.0,534.0,522.0
2026-10-05,call,8400.0,0.15,0.4,0.275
2026-10-05,put,8400.0,609.7,633.7,621.7
2026-10-05,call,8500.0,0.1,0.3,0.2
2026-10-05,put,8500.0,709.6,733.6,721.6
2026-10-05,call,8600.0,0.05,0.2,0.125
2026-10-05,put,8600.0,809.3,833.3,821.3
2026-10-05,put,8800.0,1008.8,1032.8,1020.8
2026-10-05,put,9000.0,1208.6,1232.6,1220.6
2026-10-05,put,9200.0,1408.3,1432.3,1420.3
2026-10-05,put,9400.0,1608.0,1632.0,1620.0
2026-10-05,put,9600.0,1807.8,1831.8,1819.8
2026-10-05,put,9800.0,2007.5,2031.5,2019.5
2026-10-05,put,10000.0,2207.1,2231.1,2219.1
2026-10-06,call,3200.0,4559.3,4583.3,4571.3
2026-10-06,call,3400.0,4359.6,4383.6,4371.6
2026-10-06,call,3600.0,4159.9,4183.9,4171.9
2026-10-06,call,3800.0,3960.3,3984.3,3972.3
2026-10-06,call,4000.0,3760.6,3784.6,3772.6
2026-10-06,call,4200.0,3560.6,3584.6,3572.6
2026-10-06,call,4400.0,3361.2,3385.2,3373.2
2026-10-06,call,4600.0,3161.4,3185.4,3173.4
2026-10-06,call,4800.0,2961.8,2985.8,2973.8
2026-10-06,call,5000.0,2761.9,2785.9,2773.9
2026-10-06,call,5200.0,2562.3,2586.3,2574.3
2026-10-06,put,5200.0,0.05,0.2,0.125
2026-10-06,call,5400.0,2362.7,2386.7,2374.7
2026-10-06,put,5400.0,0.1,0.25,0.175
2026-10-06,call,5600.0,2163.1,2187.1,2175.1
2026-10-06,put,5600.0,0.1,0.25,0.175
2026-10-06,call,5800.0,1963.4,1987.4,1975.4
2026-10-06,put,5800.0,0.15,0.35,0.25
2026-10-06,call,6000.0,1763.8,1787.8,1775.8
2026-10-06,put,6000.0,0.25,0.4,0.325
2026-10-06,call,6100.0,1663.9,1687.9,1675.9
2026-10-06,put,6100.0,0.3,0.45,0.375
2026-10-06,call,6200.0,1564.1,1588.1,1576.1
2026-10-06,put,6200.0,0.35,0.5,0.425
2026-10-06,call,6300.0,1464.3,1488.3,1476.3
2026-10-06,put,6300.0,0.4,0.55,0.47500000000000003
2026-10-06,call,6400.0,1364.6,1388.6,1376.6
2026-10-06,put,6400.0,0.45,0.65,0.55
2026-10-06,call,6500.0,1264.7,1288.7,1276.7
2026-10-06,put,6500.0,0.55,0.75,0.65
2026-10-06,call,6525.0,1240.0,1264.0,1252.0
2026-10-06,put,6525.0,0.55,0.75,0.65
2026-10-06,call,6550.0,1214.9,1238.9,1226.9
2026-10-06,put,6550.0,0.6,0.8,0.7
2026-10-06,call,6575.0,1190.1,1214.1,1202.1
2026-10-06,put,6575.0,0.6,0.85,0.725
2026-10-06,call,6600.0,1165.1,1189.1,1177.1
2026-10-06,put,6600.0,0.65,0.85,0.75
2026-10-06,call,6625.0,1140.1,1164.1,1152.1
2026-10-06,put,6625.0,0.7,0.9,0.8
2026-10-06,call,6650.0,1115.3,1139.3,1127.3
2026-10-06,put,6650.0,0.7,0.95,0.825
2026-10-06,call,6675.0,1090.3,1114.3,1102.3
2026-10-06,put,6675.0,0.75,0.95,0.85
2026-10-06,call,6700.0,1065.4,1089.4,1077.4
2026-10-06,put,6700.0,0.8,1.0,0.9
2026-10-06,call,6725.0,1040.6,1064.6,1052.6
2026-10-06,put,6725.0,0.85,1.05,0.95
2026-10-06,call,6750.0,1015.6,1039.6,1027.6
2026-10-06,put,6750.0,0.9,1.1,1.0
2026-10-06,call,6775.0,990.7,1014.7,1002.7
2026-10-06,put,6775.0,0.9,1.15,1.025
2026-10-06,call,6800.0,965.8,989.8,977.8
2026-10-06,put,6800.0,0.95,1.2,1.075
2026-10-06,call,6825.0,940.8,964.8,952.8
2026-10-06,put,6825.0,1.0,1.25,1.125
2026-10-06,call,6850.0,915.9,939.9,927.9
2026-10-06,put,6850.0,1.05,1.3,1.175
2026-10-06,call,6875.0,891.1,915.1,903.1
2026-10-06,put,6875.0,1.15,1.35,1.25
2026-10-06,call,6900.0,865.9,889.9,877.9
2026-10-06,put,6900.0,1.2,1.4,1.2999999999999998
2026-10-06,call,6925.0,841.2,865.2,853.2
2026-10-06,put,6925.0,1.25,1.45,1.35
2026-10-06,call,6950.0,816.3,840.3,828.3
2026-10-06,put,6950.0,1.3,1.55,1.425
2026-10-06,call,6975.0,791.4,815.4,803.4
2026-10-06,put,6975.0,1.4,1.6,1.5
2026-10-06,call,7000.0,766.5,790.5,778.5
2026-10-06,put,7000.0,1.5,1.7,1.6
2026-10-06,call,7025.0,741.6,765.6,753.6
2026-10-06,put,7025.0,1.55,1.8,1.675
2026-10-06,call,7050.0,716.7,740.7,728.7
2026-10-06,put,7050.0,1.65,1.9,1.775
2026-10-06,call,7075.0,692.0,716.0,704.0
2026-10-06,put,7075.0,1.75,2.0,1.875
2026-10-06,call,7100.0,667.1,691.1,679.1
2026-10-06,put,7100.0,1.85,2.1,1.975
2026-10-06,call,7125.0,642.2,666.2,654.2
2026-10-06,put,7125.0,2.0,2.2,2.1
2026-10-06,call,7150.0,617.5,641.5,629.5
2026-10-06,put,7150.0,2.15,2.35,2.25
2026-10-06,call,7175.0,592.7,616.7,604.7
2026-10-06,put,7175.0,2.3,2.5,2.4
2026-10-06,call,7180.0,587.7,611.7,599.7
2026-10-06,put,7180.0,2.3,2.55,2.425
2026-10-06,call,7190.0,577.9,601.9,589.9
2026-10-06,put,7190.0,2.4,2.65,2.525
2026-10-06,call,7200.0,567.9,591.9,579.9
2026-10-06,put,7200.0,2.45,2.7,2.575
2026-10-06,call,7210.0,557.8,581.8,569.8
2026-10-06,put,7210.0,2.55,2.8,2.675
2026-10-06,call,7220.0,548.1,572.1,560.1
2026-10-06,put,7220.0,2.6,2.85,2.725
2026-10-06,call,7225.0,543.2,567.2,555.2
2026-10-06,put,7225.0,2.65,2.9,2.775
2026-10-06,call,7230.0,538.2,562.2,550.2
2026-10-06,put,7230.0,2.7,2.95,2.825
2026-10-06,call,7240.0,528.3,552.3,540.3
2026-10-06,put,7240.0,2.8,3.1,2.95
2026-10-06,call,7250.0,518.4,542.4,530.4
2026-10-06,put,7250.0,2.85,3.2,3.0250000000000004
2026-10-06,call,7260.0,508.5,532.5,520.5
2026-10-06,put,7260.0,2.95,3.3,3.125
2026-10-06,call,7270.0,498.6,522.6,510.6
2026-10-06,put,7270.0,3.0,3.4,3.2
2026-10-06,call,7275.0,493.7,517.7,505.70000000000005
2026-10-06,put,7275.0,3.1,3.4,3.25
2026-10-06,call,7280.0,488.7,512.7,500.70000000000005
2026-10-06,put,7280.0,3.1,3.5,3.3
2026-10-06,call,7290.0,478.9,502.9,490.9
2026-10-06,put,7290.0,3.3,3.6,3.45
2026-10-06,call,7300.0,469.0,493.0,481.0
2026-10-06,put,7300.0,3.4,3.7,3.55
2026-10-06,call,7310.0,459.2,483.2,471.2
2026-10-06,put,7310.0,3.5,3.8,3.65
2026-10-06,call,7320.0,449.3,473.3,461.3
2026-10-06,put,7320.0,3.6,4.0,3.8
2026-10-06,call,7325.0,444.5,468.5,456.5
2026-10-06,put,7325.0,3.7,4.1,3.9
2026-10-06,call,7330.0,439.5,463.5,451.5
2026-10-06,put,7330.0,3.8,4.1,3.9499999999999997
2026-10-06,call,7340.0,429.7,453.7,441.7
2026-10-06,put,7340.0,3.9,4.3,4.1
2026-10-06,call,7350.0,419.9,443.9,431.9
2026-10-06,put,7350.0,4.1,4.5,4.3
2026-10-06,call,7360.0,410.0,434.0,422.0
2026-10-06,put,7360.0,4.2,4.6,4.4
2026-10-06,call,7370.0,400.3,424.3,412.3
2026-10-06,put,7370.0,4.4,4.8,4.6
2026-10-06,call,7375.0,395.3,419.3,407.3
2026-10-06,put,7375.0,4.5,4.9,4.7
2026-10-06,call,7380.0,390.6,414.5,402.55
2026-10-06,put,7380.0,4.6,5.0,4.8
2026-10-06,call,7390.0,380.7,404.7,392.7
2026-10-06,put,7390.0,4.8,5.2,5.0
2026-10-06,call,7400.0,371.0,395.0,383.0
2026-10-06,put,7400.0,5.1,5.4,5.25
2026-10-06,call,7405.0,366.0,390.0,378.0
2026-10-06,put,7405.0,5.1,5.6,5.35
2026-10-06,call,7410.0,361.2,385.2,373.2
2026-10-06,put,7410.0,5.3,5.7,5.5
2026-10-06,call,7415.0,356.3,380.3,368.3
2026-10-06,put,7415.0,5.4,5.8,5.6
2026-10-06,call,7420.0,351.6,375.6,363.6
2026-10-06,put,7420.0,5.5,5.9,5.7
2026-10-06,call,7425.0,346.7,370.7,358.7
2026-10-06,put,7425.0,5.6,6.1,5.85
2026-10-06,call,7430.0,341.8,365.8,353.8
2026-10-06,put,7430.0,5.8,6.2,6.0
2026-10-06,call,7435.0,337.0,361.0,349.0
2026-10-06,put,7435.0,5.9,6.4,6.15
2026-10-06,call,7440.0,332.1,356.1,344.1
2026-10-06,put,7440.0,6.1,6.5,6.3
2026-10-06,call,7445.0,327.1,351.1,339.1
2026-10-06,put,7445.0,6.2,6.7,6.45
2026-10-06,call,7450.0,322.5,346.5,334.5
2026-10-06,put,7450.0,6.5,6.8,6.65
2026-10-06,call,7455.0,317.7,341.7,329.7
2026-10-06,put,7455.0,6.6,7.0,6.8
2026-10-06,call,7460.0,312.8,336.8,324.8
2026-10-06,put,7460.0,6.7,7.2,6.95
2026-10-06,call,7465.0,307.8,331.8,319.8
2026-10-06,put,7465.0,6.9,7.4,7.15
2026-10-06,call,7470.0,303.3,327.3,315.3
2026-10-06,put,7470.0,7.1,7.5,7.3
2026-10-06,call,7475.0,298.5,322.5,310.5
2026-10-06,put,7475.0,7.3,7.7,7.5
2026-10-06,call,7480.0,293.7,317.7,305.7
2026-10-06,put,7480.0,7.5,7.9,7.7
2026-10-06,call,7485.0,288.9,312.9,300.9
2026-10-06,put,7485.0,7.7,8.1,7.9
2026-10-06,call,7490.0,284.1,308.1,296.1
2026-10-06,put,7490.0,7.9,8.3,8.100000000000001
2026-10-06,call,7495.0,279.4,303.4,291.4
2026-10-06,put,7495.0,8.1,8.6,8.35
2026-10-06,call,7500.0,274.6,298.6,286.6
2026-10-06,put,7500.0,8.3,8.8,8.55
2026-10-06,call,7505.0,269.8,293.8,281.8
2026-10-06,put,7505.0,8.6,9.0,8.8
2026-10-06,call,7510.0,265.1,289.1,277.1
2026-10-06,put,7510.0,8.8,9.3,9.05
2026-10-06,call,7515.0,260.2,284.2,272.2
2026-10-06,put,7515.0,9.1,9.6,9.35
2026-10-06,call,7520.0,255.7,279.7,267.7
2026-10-06,put,7520.0,9.3,9.8,9.55
2026-10-06,call,7525.0,250.8,274.8,262.8
2026-10-06,put,7525.0,9.6,10.1,9.85
2026-10-06,call,7530.0,246.3,270.3,258.3
2026-10-06,put,7530.0,9.9,10.4,10.15
2026-10-06,call,7535.0,241.6,265.6,253.60000000000002
2026-10-06,put,7535.0,10.2,10.7,10.45
2026-10-06,call,7540.0,236.8,260.8,248.8
2026-10-06,put,7540.0,10.5,11.0,10.75
2026-10-06,call,7545.0,232.3,256.3,244.3
2026-10-06,put,7545.0,10.9,11.4,11.15
2026-10-06,call,7550.0,227.5,251.5,239.5
2026-10-06,put,7550.0,11.2,11.7,11.45
2026-10-06,call,7555.0,223.0,247.0,235.0
2026-10-06,put,7555.0,11.6,12.1,11.85
2026-10-06,call,7560.0,218.4,242.4,230.4
2026-10-06,put,7560.0,11.9,12.5,12.2
2026-10-06,call,7565.0,213.8,237.8,225.8
2026-10-06,put,7565.0,12.3,12.8,12.55
2026-10-06,call,7570.0,209.3,233.3,221.3
2026-10-06,put,7570.0,12.7,13.2,12.95
2026-10-06,call,7575.0,204.7,228.7,216.7
2026-10-06,put,7575.0,13.1,13.7,13.399999999999999
2026-10-06,call,7580.0,202.0,226.0,214.0
2026-10-06,put,7580.0,13.6,14.1,13.85
2026-10-06,call,7585.0,197.7,217.7,207.7
2026-10-06,put,7585.0,14.0,14.6,14.3
2026-10-06,call,7590.0,193.2,213.1,203.14999999999998
2026-10-06,put,7590.0,14.5,15.0,14.75
2026-10-06,call,7595.0,188.8,208.8,198.8
2026-10-06,put,7595.0,15.0,15.5,15.25
2026-10-06,call,7600.0,184.2,204.2,194.2
2026-10-06,put,7600.0,15.6,16.1,15.850000000000001
2026-10-06,call,7605.0,180.0,199.9,189.95
2026-10-06,put,7605.0,16.0,16.6,16.3
2026-10-06,call,7610.0,175.4,195.4,185.4
2026-10-06,put,7610.0,16.6,17.2,16.9
2026-10-06,call,7615.0,171.1,191.1,181.1
2026-10-06,put,7615.0,17.2,17.7,17.45
2026-10-06,call,7620.0,166.7,186.7,176.7
2026-10-06,put,7620.0,17.8,18.4,18.1
2026-10-06,call,7625.0,162.2,182.2,172.2
2026-10-06,put,7625.0,18.4,19.0,18.7
2026-10-06,call,7630.0,157.9,177.9,167.9
2026-10-06,put,7630.0,19.1,19.7,19.4
2026-10-06,call,7635.0,153.7,173.7,163.7
2026-10-06,put,7635.0,19.7,20.4,20.049999999999997
2026-10-06,call,7640.0,149.5,169.5,159.5
2026-10-06,put,7640.0,20.5,21.1,20.8
2026-10-06,call,7645.0,145.3,165.3,155.3
2026-10-06,put,7645.0,21.2,21.8,21.5
2026-10-06,call,7650.0,141.1,161.1,151.1
2026-10-06,put,7650.0,22.0,22.6,22.3
2026-10-06,call,7655.0,136.9,156.9,146.9
2026-10-06,put,7655.0,22.8,23.5,23.15
2026-10-06,call,7660.0,132.8,152.8,142.8
2026-10-06,put,7660.0,23.7,24.3,24.0
2026-10-06,call,7665.0,128.7,148.7,138.7
2026-10-06,put,7665.0,24.6,25.2,24.9
2026-10-06,call,7670.0,124.7,144.7,134.7
2026-10-06,put,7670.0,25.5,26.1,25.8
2026-10-06,call,7675.0,120.6,140.6,130.6
2026-10-06,put,7675.0,26.5,27.1,26.8
2026-10-06,call,7680.0,116.7,136.7,126.69999999999999
2026-10-06,put,7680.0,27.5,28.2,27.85
2026-10-06,call,7685.0,112.8,132.8,122.80000000000001
2026-10-06,put,7685.0,28.5,29.2,28.85
2026-10-06,call,7690.0,109.0,129.0,119.0
2026-10-06,put,7690.0,29.6,30.3,29.950000000000003
2026-10-06,call,7695.0,107.2,127.1,117.15
2026-10-06,put,7695.0,30.8,31.5,31.15
2026-10-06,call,7700.0,112.9,113.7,113.30000000000001
2026-10-06,put,7700.0,32.0,32.7,32.35
2026-10-06,call,7705.0,109.1,109.9,109.5
2026-10-06,put,7705.0,33.3,34.0,33.65
2026-10-06,call,7710.0,105.5,106.3,105.9
2026-10-06,put,7710.0,34.6,35.3,34.95
2026-10-06,call,7715.0,101.8,102.6,102.19999999999999
2026-10-06,put,7715.0,35.9,36.7,36.3
2026-10-06,call,7720.0,98.3,99.1,98.69999999999999
2026-10-06,put,7720.0,37.3,38.1,37.7
2026-10-06,call,7725.0,94.7,95.6,95.15
2026-10-06,put,7725.0,38.8,39.6,39.2
2026-10-06,call,7730.0,91.3,92.1,91.69999999999999
2026-10-06,put,7730.0,40.3,41.1,40.7
2026-10-06,call,7735.0,87.9,88.7,88.30000000000001
2026-10-06,put,7735.0,41.9,42.7,42.3
2026-10-06,call,7740.0,84.6,85.4,85.0
2026-10-06,put,7740.0,43.6,44.4,44.0
2026-10-06,call,7745.0,81.3,82.2,81.75
2026-10-06,put,7745.0,45.3,46.1,45.7
2026-10-06,call,7750.0,78.1,79.0,78.55
2026-10-06,put,7750.0,47.1,47.9,47.5
2026-10-06,call,7755.0,75.0,75.9,75.45
2026-10-06,put,7755.0,49.0,49.8,49.4
2026-10-06,call,7760.0,71.9,72.8,72.35
2026-10-06,put,7760.0,50.9,51.8,51.349999999999994
2026-10-06,call,7765.0,69.0,69.8,69.4
2026-10-06,put,7765.0,52.9,53.8,53.349999999999994
2026-10-06,call,7770.0,66.0,66.9,66.45
2026-10-06,put,7770.0,55.0,55.9,55.45
2026-10-06,call,7775.0,63.2,64.1,63.65
2026-10-06,put,7775.0,57.2,58.0,57.6
2026-10-06,call,7780.0,60.4,61.3,60.849999999999994
2026-10-06,put,7780.0,59.4,60.2,59.8
2026-10-06,call,7785.0,57.8,58.6,58.2
2026-10-06,put,7785.0,61.7,62.5,62.1
2026-10-06,call,7790.0,55.1,56.0,55.55
2026-10-06,put,7790.0,64.1,64.9,64.5
2026-10-06,call,7795.0,52.6,53.5,53.05
2026-10-06,put,7795.0,66.5,67.4,66.95
2026-10-06,call,7800.0,50.2,50.9,50.55
2026-10-06,put,7800.0,69.1,69.9,69.5
2026-10-06,call,7805.0,47.8,48.6,48.2
2026-10-06,put,7805.0,71.7,72.5,72.1
2026-10-06,call,7810.0,45.5,46.3,45.9
2026-10-06,put,7810.0,74.4,75.2,74.80000000000001
2026-10-06,call,7815.0,43.3,44.1,43.7
2026-10-06,put,7815.0,77.1,78.0,77.55
2026-10-06,call,7820.0,41.1,41.9,41.5
2026-10-06,put,7820.0,80.0,80.8,80.4
2026-10-06,call,7825.0,39.0,39.8,39.4
2026-10-06,put,7825.0,82.9,83.7,83.30000000000001
2026-10-06,call,7830.0,37.0,37.8,37.4
2026-10-06,put,7830.0,85.9,86.7,86.30000000000001
2026-10-06,call,7835.0,35.1,35.9,35.5
2026-10-06,put,7835.0,89.0,89.8,89.4
2026-10-06,call,7840.0,33.3,34.0,33.65
2026-10-06,put,7840.0,92.1,92.9,92.5
2026-10-06,call,7850.0,29.8,30.4,30.1
2026-10-06,put,7850.0,98.6,99.4,99.0
2026-10-06,call,7860.0,26.6,27.3,26.950000000000003
2026-10-06,put,7860.0,97.9,117.9,107.9
2026-10-06,call,7870.0,23.7,24.4,24.049999999999997
2026-10-06,put,7870.0,105.0,125.0,115.0
2026-10-06,call,7875.0,22.3,23.0,22.65
2026-10-06,put,7875.0,108.6,128.6,118.6
2026-10-06,call,7880.0,21.0,21.7,21.35
2026-10-06,put,7880.0,112.4,132.4,122.4
2026-10-06,call,7890.0,18.6,19.2,18.9
2026-10-06,put,7890.0,120.0,140.0,130.0
2026-10-06,call,7900.0,16.4,17.0,16.7
2026-10-06,put,7900.0,127.8,147.8,137.8
2026-10-06,call,7910.0,14.5,15.1,14.8
2026-10-06,put,7910.0,135.8,155.8,145.8
2026-10-06,call,7920.0,12.7,13.3,13.0
2026-10-06,put,7920.0,144.2,164.2,154.2
2026-10-06,call,7925.0,11.9,12.5,12.2
2026-10-06,put,7925.0,148.6,168.6,158.6
2026-10-06,call,7930.0,11.2,11.7,11.45
2026-10-06,put,7930.0,152.8,172.8,162.8
2026-10-06,call,7940.0,9.8,10.3,10.05
2026-10-06,put,7940.0,161.4,181.4,171.4
2026-10-06,call,7950.0,8.5,9.1,8.8
2026-10-06,put,7950.0,170.3,190.2,180.25
2026-10-06,call,7960.0,7.5,8.0,7.75
2026-10-06,put,7960.0,179.2,199.2,189.2
2026-10-06,call,7975.0,6.1,6.6,6.35
2026-10-06,put,7975.0,193.0,213.0,203.0
2026-10-06,call,8000.0,4.5,4.8,4.65
2026-10-06,put,8000.0,213.9,237.9,225.9
2026-10-06,call,8025.0,3.2,3.6,3.4000000000000004
2026-10-06,put,8025.0,237.7,261.7,249.7
2026-10-06,call,8050.0,2.4,2.75,2.575
2026-10-06,put,8050.0,262.0,286.0,274.0
2026-10-06,call,8075.0,1.85,2.15,2.0
2026-10-06,put,8075.0,286.4,310.4,298.4
2026-10-06,call,8100.0,1.45,1.75,1.6
2026-10-06,put,8100.0,311.2,335.2,323.2
2026-10-06,call,8125.0,1.2,1.45,1.325
2026-10-06,put,8125.0,335.6,359.6,347.6
2026-10-06,call,8150.0,1.0,1.2,1.1
2026-10-06,put,8150.0,360.6,384.6,372.6
2026-10-06,call,8175.0,0.8,1.05,0.925
2026-10-06,put,8175.0,385.2,409.2,397.2
2026-10-06,call,8200.0,0.7,0.95,0.825
2026-10-06,put,8200.0,410.3,434.3,422.3
2026-10-06,call,8225.0,0.6,0.85,0.725
2026-10-06,put,8225.0,435.0,459.0,447.0
2026-10-06,call,8250.0,0.5,0.75,0.625
2026-10-06,put,8250.0,459.9,483.9,471.9
2026-10-06,call,8275.0,0.45,0.7,0.575
2026-10-06,put,8275.0,484.8,508.8,496.8
2026-10-06,call,8300.0,0.35,0.6,0.475
2026-10-06,put,8300.0,509.7,533.7,521.7
2026-10-06,call,8400.0,0.2,0.45,0.325
2026-10-06,put,8400.0,609.4,633.4,621.4
2026-10-06,call,8500.0,0.1,0.35,0.22499999999999998
2026-10-06,put,8500.0,709.0,733.0,721.0
2026-10-06,put,8600.0,808.9,832.9,820.9
2026-10-06,put,8800.0,1008.5,1032.5,1020.5
2026-10-06,put,9000.0,1208.2,1232.2,1220.2
2026-10-06,put,9200.0,1407.8,1431.8,1419.8
2026-10-06,put,9400.0,1607.6,1631.6,1619.6
2026-10-06,put,9600.0,1807.2,1831.2,1819.2
2026-10-06,put,9800.0,2007.0,2031.0,2019.0
2026-10-06,put,10000.0,2206.7,2230.7,2218.7
2026-10-07,call,3200.0,4559.5,4583.5,4571.5
2026-10-07,call,3400.0,4359.9,4383.9,4371.9
2026-10-07,call,3600.0,4160.1,4184.1,4172.1
2026-10-07,call,3800.0,3960.5,3984.5,3972.5
2026-10-07,call,4000.0,3760.8,3784.8,3772.8
2026-10-07,call,4200.0,3561.1,3585.1,3573.1
2026-10-07,call,4400.0,3361.4,3385.4,3373.4
2026-10-07,call,4600.0,3161.8,3185.8,3173.8
2026-10-07,call,4800.0,2962.2,2986.2,2974.2
2026-10-07,call,5000.0,2762.5,2786.5,2774.5
2026-10-07,call,5200.0,2562.7,2586.7,2574.7
2026-10-07,put,5200.0,0.05,0.2,0.125
2026-10-07,call,5400.0,2363.3,2387.3,2375.3
2026-10-07,put,5400.0,0.1,0.25,0.175
2026-10-07,call,5600.0,2163.6,2187.6,2175.6
2026-10-07,put,5600.0,0.15,0.3,0.22499999999999998
2026-10-07,call,5800.0,1964.0,1988.0,1976.0
2026-10-07,put,5800.0,0.2,0.4,0.30000000000000004
2026-10-07,call,6000.0,1764.3,1788.3,1776.3
2026-10-07,put,6000.0,0.3,0.45,0.375
2026-10-07,call,6100.0,1664.6,1688.6,1676.6
2026-10-07,put,6100.0,0.35,0.5,0.425
2026-10-07,call,6200.0,1564.7,1588.7,1576.7
2026-10-07,put,6200.0,0.4,0.6,0.5
2026-10-07,call,6300.0,1465.1,1489.1,1477.1
2026-10-07,put,6300.0,0.5,0.65,0.575
2026-10-07,call,6400.0,1365.3,1389.3,1377.3
2026-10-07,put,6400.0,0.6,0.75,0.675
2026-10-07,call,6500.0,1265.4,1289.4,1277.4
2026-10-07,put,6500.0,0.7,0.9,0.8
2026-10-07,call,6525.0,1240.5,1264.5,1252.5
2026-10-07,put,6525.0,0.7,0.9,0.8
2026-10-07,call,6550.0,1215.8,1239.8,1227.8
2026-10-07,put,6550.0,0.75,0.95,0.85
2026-10-07,call,6575.0,1190.7,1214.7,1202.7
2026-10-07,put,6575.0,0.8,1.0,0.9
2026-10-07,call,6600.0,1166.0,1189.9,1177.95
2026-10-07,put,6600.0,0.8,1.05,0.925
2026-10-07,call,6625.0,1141.0,1165.0,1153.0
2026-10-07,put,6625.0,0.85,1.05,0.95
2026-10-07,call,6650.0,1116.0,1140.0,1128.0
2026-10-07,put,6650.0,0.9,1.1,1.0
2026-10-07,call,6675.0,1091.0,1115.0,1103.0
2026-10-07,put,6675.0,0.95,1.15,1.0499999999999998
2026-10-07,call,6700.0,1066.2,1090.2,1078.2
2026-10-07,put,6700.0,1.0,1.2,1.1
2026-10-07,call,6725.0,1041.3,1065.3,1053.3
2026-10-07,put,6725.0,1.05,1.25,1.15
2026-10-07,call,6750.0,1016.4,1040.4,1028.4
2026-10-07,put,6750.0,1.1,1.3,1.2000000000000002
2026-10-07,call,6775.0,991.5,1015.5,1003.5
2026-10-07,put,6775.0,1.15,1.35,1.25
2026-10-07,call,6800.0,966.4,990.4,978.4
2026-10-07,put,6800.0,1.2,1.4,1.2999999999999998
2026-10-07,call,6825.0,941.8,965.8,953.8
2026-10-07,put,6825.0,1.25,1.45,1.35
2026-10-07,call,6850.0,916.8,940.8,928.8
2026-10-07,put,6850.0,1.3,1.55,1.425
2026-10-07,call,6875.0,892.0,916.0,904.0
2026-10-07,put,6875.0,1.35,1.6,1.475
2026-10-07,call,6900.0,867.0,891.0,879.0
2026-10-07,put,6900.0,1.45,1.65,1.5499999999999998
2026-10-07,call,6925.0,842.1,866.1,854.1
2026-10-07,put,6925.0,1.5,1.75,1.625
2026-10-07,call,6950.0,817.3,841.3,829.3
2026-10-07,put,6950.0,1.6,1.85,1.725
2026-10-07,call,6975.0,792.5,816.5,804.5
2026-10-07,put,6975.0,1.7,1.9,1.7999999999999998
2026-10-07,call,7000.0,767.5,791.5,779.5
2026-10-07,put,7000.0,1.8,2.0,1.9
2026-10-07,call,7025.0,742.5,766.5,754.5
2026-10-07,put,7025.0,1.9,2.1,2.0
2026-10-07,call,7050.0,717.9,741.9,729.9
2026-10-07,put,7050.0,2.0,2.25,2.125
2026-10-07,call,7075.0,693.0,717.0,705.0
2026-10-07,put,7075.0,2.15,2.35,2.25
2026-10-07,call,7100.0,668.0,692.0,680.0
2026-10-07,put,7100.0,2.25,2.5,2.375
2026-10-07,call,7125.0,643.4,667.4,655.4
2026-10-07,put,7125.0,2.4,2.65,2.525
2026-10-07,call,7150.0,618.6,642.6,630.6
2026-10-07,put,7150.0,2.6,2.85,2.725
2026-10-07,call,7175.0,593.9,617.9,605.9
2026-10-07,put,7175.0,2.75,3.0,2.875
2026-10-07,call,7180.0,588.9,612.9,600.9
2026-10-07,put,7180.0,2.8,3.1,2.95
2026-10-07,call,7190.0,579.1,603.1,591.1
2026-10-07,put,7190.0,2.9,3.2,3.05
2026-10-07,call,7200.0,569.1,593.1,581.1
2026-10-07,put,7200.0,3.0,3.3,3.15
2026-10-07,call,7210.0,559.2,583.2,571.2
2026-10-07,put,7210.0,3.0,3.4,3.2
2026-10-07,call,7220.0,549.4,573.4,561.4
2026-10-07,put,7220.0,3.1,3.5,3.3
2026-10-07,call,7225.0,544.5,568.5,556.5
2026-10-07,put,7225.0,3.2,3.5,3.35
2026-10-07,call,7230.0,539.4,563.4,551.4
2026-10-07,put,7230.0,3.2,3.6,3.4000000000000004
2026-10-07,call,7240.0,529.6,553.5,541.55
2026-10-07,put,7240.0,3.3,3.7,3.5
2026-10-07,call,7250.0,519.8,543.8,531.8
2026-10-07,put,7250.0,3.4,3.8,3.5999999999999996
2026-10-07,call,7260.0,509.9,533.9,521.9
2026-10-07,put,7260.0,3.6,3.9,3.75
2026-10-07,call,7270.0,500.0,524.0,512.0
2026-10-07,put,7270.0,3.7,4.0,3.85
2026-10-07,call,7275.0,494.9,518.9,506.9
2026-10-07,put,7275.0,3.7,4.1,3.9
2026-10-07,call,7280.0,490.1,514.1,502.1
2026-10-07,put,7280.0,3.8,4.2,4.0
2026-10-07,call,7290.0,480.3,504.3,492.3
2026-10-07,put,7290.0,3.9,4.3,4.1
2026-10-07,call,7300.0,470.4,494.4,482.4
2026-10-07,put,7300.0,4.1,4.4,4.25
2026-10-07,call,7310.0,460.6,484.6,472.6
2026-10-07,put,7310.0,4.2,4.6,4.4
2026-10-07,call,7320.0,450.9,474.9,462.9
2026-10-07,put,7320.0,4.4,4.8,4.6
2026-10-07,call,7325.0,445.9,469.9,457.9
2026-10-07,put,7325.0,4.5,4.9,4.7
2026-10-07,call,7330.0,440.8,464.8,452.8
2026-10-07,put,7330.0,4.5,4.9,4.7
2026-10-07,call,7340.0,431.2,455.2,443.2
2026-10-07,put,7340.0,4.7,5.1,4.9
2026-10-07,call,7350.0,421.5,445.5,433.5
2026-10-07,put,7350.0,4.9,5.3,5.1
2026-10-07,call,7360.0,411.7,435.7,423.7
2026-10-07,put,7360.0,5.1,5.5,5.3
2026-10-07,call,7370.0,401.9,425.9,413.9
2026-10-07,put,7370.0,5.3,5.7,5.5
2026-10-07,call,7375.0,397.0,421.0,409.0
2026-10-07,put,7375.0,5.4,5.9,5.65
2026-10-07,call,7380.0,392.0,416.0,404.0
2026-10-07,put,7380.0,5.5,6.0,5.75
2026-10-07,call,7390.0,382.4,406.4,394.4
2026-10-07,put,7390.0,5.8,6.2,6.0
2026-10-07,call,7400.0,372.7,396.7,384.7
2026-10-07,put,7400.0,6.0,6.5,6.25
2026-10-07,call,7405.0,367.8,391.8,379.8
2026-10-07,put,7405.0,6.2,6.6,6.4
2026-10-07,call,7410.0,363.0,387.0,375.0
2026-10-07,put,7410.0,6.3,6.8,6.55
2026-10-07,call,7415.0,358.1,382.1,370.1
2026-10-07,put,7415.0,6.5,6.9,6.7
2026-10-07,call,7420.0,353.3,377.3,365.3
2026-10-07,put,7420.0,6.6,7.1,6.85
2026-10-07,call,7425.0,348.5,372.5,360.5
2026-10-07,put,7425.0,6.8,7.2,7.0
2026-10-07,call,7430.0,343.7,367.7,355.7
2026-10-07,put,7430.0,6.9,7.4,7.15
2026-10-07,call,7435.0,338.9,362.9,350.9
2026-10-07,put,7435.0,7.1,7.5,7.3
2026-10-07,call,7440.0,333.9,357.9,345.9
2026-10-07,put,7440.0,7.2,7.7,7.45
2026-10-07,call,7445.0,329.2,353.2,341.2
2026-10-07,put,7445.0,7.4,7.9,7.65
2026-10-07,call,7450.0,324.5,348.5,336.5
2026-10-07,put,7450.0,7.6,8.1,7.85
2026-10-07,call,7455.0,319.6,343.6,331.6
2026-10-07,put,7455.0,7.8,8.3,8.05
2026-10-07,call,7460.0,314.7,338.7,326.7
2026-10-07,put,7460.0,8.0,8.5,8.25
2026-10-07,call,7465.0,310.0,334.0,322.0
2026-10-07,put,7465.0,8.2,8.6,8.399999999999999
2026-10-07,call,7470.0,305.3,329.3,317.3
2026-10-07,put,7470.0,8.4,8.9,8.65
2026-10-07,call,7475.0,300.6,324.6,312.6
2026-10-07,put,7475.0,8.6,9.1,8.85
2026-10-07,call,7480.0,295.7,319.7,307.7
2026-10-07,put,7480.0,8.8,9.3,9.05
2026-10-07,call,7485.0,290.9,314.9,302.9
2026-10-07,put,7485.0,9.1,9.5,9.3
2026-10-07,call,7490.0,286.3,310.3,298.3
2026-10-07,put,7490.0,9.3,9.8,9.55
2026-10-07,call,7495.0,281.5,305.5,293.5
2026-10-07,put,7495.0,9.6,10.0,9.8
2026-10-07,call,7500.0,276.6,300.6,288.6
2026-10-07,put,7500.0,9.8,10.3,10.05
2026-10-07,call,7505.0,272.1,296.1,284.1
2026-10-07,put,7505.0,10.1,10.6,10.35
2026-10-07,call,7510.0,267.4,291.4,279.4
2026-10-07,put,7510.0,10.4,10.8,10.600000000000001
2026-10-07,call,7515.0,262.6,286.6,274.6
2026-10-07,put,7515.0,10.6,11.1,10.85
2026-10-07,call,7520.0,258.0,282.0,270.0
2026-10-07,put,7520.0,10.9,11.4,11.15
2026-10-07,call,7525.0,253.4,277.4,265.4
2026-10-07,put,7525.0,11.2,11.8,11.5
2026-10-07,call,7530.0,248.7,272.7,260.7
2026-10-07,put,7530.0,11.6,12.1,11.85
2026-10-07,call,7535.0,244.1,268.1,256.1
2026-10-07,put,7535.0,11.9,12.4,12.15
2026-10-07,call,7540.0,239.4,263.4,251.39999999999998
2026-10-07,put,7540.0,12.2,12.8,12.5
2026-10-07,call,7545.0,234.8,258.8,246.8
2026-10-07,put,7545.0,12.6,13.1,12.85
2026-10-07,call,7550.0,230.2,254.2,242.2
2026-10-07,put,7550.0,13.0,13.5,13.25
2026-10-07,call,7555.0,225.6,249.6,237.6
2026-10-07,put,7555.0,13.4,13.9,13.65
2026-10-07,call,7560.0,221.0,245.0,233.0
2026-10-07,put,7560.0,13.8,14.3,14.05
2026-10-07,call,7565.0,216.5,240.5,228.5
2026-10-07,put,7565.0,14.2,14.7,14.45
2026-10-07,call,7570.0,211.9,235.9,223.9
2026-10-07,put,7570.0,14.6,15.2,14.899999999999999
2026-10-07,call,7575.0,207.4,231.4,219.4
2026-10-07,put,7575.0,15.1,15.6,15.35
2026-10-07,call,7580.0,202.9,226.2,214.55
2026-10-07,put,7580.0,15.6,16.1,15.850000000000001
2026-10-07,call,7585.0,200.2,219.0,209.6
2026-10-07,put,7585.0,16.0,16.6,16.3
2026-10-07,call,7590.0,196.1,216.1,206.1
2026-10-07,put,7590.0,16.6,17.1,16.85
2026-10-07,call,7595.0,191.7,211.7,201.7
2026-10-07,put,7595.0,17.1,17.7,17.4
2026-10-07,call,7600.0,187.2,207.2,197.2
2026-10-07,put,7600.0,17.6,18.2,17.9
2026-10-07,call,7605.0,182.8,202.8,192.8
2026-10-07,put,7605.0,18.2,18.8,18.5
2026-10-07,call,7610.0,178.5,198.5,188.5
2026-10-07,put,7610.0,18.8,19.4,19.1
2026-10-07,call,7615.0,174.1,194.1,184.1
2026-10-07,put,7615.0,19.4,20.0,19.7
2026-10-07,call,7620.0,169.8,189.8,179.8
2026-10-07,put,7620.0,20.1,20.7,20.4
2026-10-07,call,7625.0,165.3,185.3,175.3
2026-10-07,put,7625.0,20.7,21.4,21.049999999999997
2026-10-07,call,7630.0,161.0,181.0,171.0
2026-10-07,put,7630.0,21.4,22.1,21.75
2026-10-07,call,7635.0,156.9,176.9,166.9
2026-10-07,put,7635.0,22.2,22.8,22.5
2026-10-07,call,7640.0,152.6,172.6,162.6
2026-10-07,put,7640.0,22.9,23.6,23.25
2026-10-07,call,7645.0,148.4,168.4,158.4
2026-10-07,put,7645.0,23.7,24.4,24.049999999999997
2026-10-07,call,7650.0,144.2,164.2,154.2
2026-10-07,put,7650.0,24.7,25.2,24.95
2026-10-07,call,7655.0,140.1,160.1,150.1
2026-10-07,put,7655.0,25.4,26.0,25.7
2026-10-07,call,7660.0,136.1,156.1,146.1
2026-10-07,put,7660.0,26.3,26.9,26.6
2026-10-07,call,7665.0,132.0,152.0,142.0
2026-10-07,put,7665.0,27.2,27.9,27.549999999999997
2026-10-07,call,7670.0,127.9,147.9,137.9
2026-10-07,put,7670.0,28.2,28.9,28.549999999999997
2026-10-07,call,7675.0,124.2,144.2,134.2
2026-10-07,put,7675.0,29.2,29.9,29.549999999999997
2026-10-07,call,7680.0,120.1,140.1,130.1
2026-10-07,put,7680.0,30.2,30.9,30.549999999999997
2026-10-07,call,7685.0,116.4,136.4,126.4
2026-10-07,put,7685.0,31.3,32.0,31.65
2026-10-07,call,7690.0,114.6,134.5,124.55
2026-10-07,put,7690.0,32.5,33.2,32.85
2026-10-07,call,7695.0,120.2,121.0,120.6
2026-10-07,put,7695.0,33.6,34.4,34.0
2026-10-07,call,7700.0,116.5,117.3,116.9
2026-10-07,put,7700.0,35.1,35.6,35.35
2026-10-07,call,7705.0,112.8,113.6,113.19999999999999
2026-10-07,put,7705.0,36.1,36.9,36.5
2026-10-07,call,7710.0,109.1,109.9,109.5
2026-10-07,put,7710.0,37.5,38.2,37.85
2026-10-07,call,7715.0,105.5,106.3,105.9
2026-10-07,put,7715.0,38.9,39.6,39.25
2026-10-07,call,7720.0,101.9,102.8,102.35
2026-10-07,put,7720.0,40.3,41.1,40.7
2026-10-07,call,7725.0,98.4,99.3,98.85
2026-10-07,put,7725.0,41.8,42.6,42.2
2026-10-07,call,7730.0,95.0,95.9,95.45
2026-10-07,put,7730.0,43.3,44.1,43.7
2026-10-07,call,7735.0,91.6,92.5,92.05
2026-10-07,put,7735.0,44.9,45.8,45.349999999999994
2026-10-07,call,7740.0,88.3,89.2,88.75
2026-10-07,put,7740.0,46.6,47.4,47.0
2026-10-07,call,7745.0,85.1,85.9,85.5
2026-10-07,put,7745.0,48.3,49.2,48.75
2026-10-07,call,7750.0,81.9,82.7,82.30000000000001
2026-10-07,put,7750.0,50.1,51.0,50.55
2026-10-07,call,7755.0,78.7,79.6,79.15
2026-10-07,put,7755.0,52.0,52.9,52.45
2026-10-07,call,7760.0,75.7,76.6,76.15
2026-10-07,put,7760.0,53.9,54.8,54.349999999999994
2026-10-07,call,7765.0,72.7,73.6,73.15
2026-10-07,put,7765.0,55.9,56.8,56.349999999999994
2026-10-07,call,7770.0,69.8,70.6,70.19999999999999
2026-10-07,put,7770.0,58.0,58.9,58.45
2026-10-07,call,7775.0,66.9,67.8,67.35
2026-10-07,put,7775.0,60.1,61.0,60.55
2026-10-07,call,7780.0,64.1,65.0,64.55
2026-10-07,put,7780.0,62.3,63.2,62.75
2026-10-07,call,7785.0,61.4,62.3,61.849999999999994
2026-10-07,put,7785.0,64.6,65.5,65.05
2026-10-07,call,7790.0,58.8,59.7,59.25
2026-10-07,put,7790.0,67.0,67.9,67.45
2026-10-07,call,7795.0,56.2,57.1,56.650000000000006
2026-10-07,put,7795.0,69.4,70.3,69.85
2026-10-07,call,7800.0,53.8,54.5,54.15
2026-10-07,put,7800.0,71.9,72.8,72.35
2026-10-07,call,7805.0,51.3,52.2,51.75
2026-10-07,put,7805.0,74.5,75.4,74.95
2026-10-07,call,7810.0,49.0,49.8,49.4
2026-10-07,put,7810.0,77.1,78.0,77.55
2026-10-07,call,7815.0,46.7,47.5,47.1
2026-10-07,put,7815.0,79.8,80.7,80.25
2026-10-07,call,7820.0,44.5,45.3,44.9
2026-10-07,put,7820.0,82.6,83.5,83.05
2026-10-07,call,7825.0,42.4,43.2,42.8
2026-10-07,put,7825.0,85.5,86.4,85.95
2026-10-07,call,7830.0,40.3,41.2,40.75
2026-10-07,put,7830.0,88.5,89.3,88.9
2026-10-07,call,7835.0,38.4,39.2,38.8
2026-10-07,put,7835.0,91.5,92.3,91.9
2026-10-07,call,7840.0,36.4,37.2,36.8
2026-10-07,put,7840.0,94.6,95.4,95.0
2026-10-07,call,7850.0,32.9,33.5,33.2
2026-10-07,put,7850.0,100.9,101.8,101.35
2026-10-07,call,7860.0,29.5,30.3,29.9
2026-10-07,put,7860.0,107.6,108.4,108.0
2026-10-07,call,7870.0,26.5,27.2,26.85
2026-10-07,put,7870.0,107.0,127.0,117.0
2026-10-07,call,7875.0,25.0,25.7,25.35
2026-10-07,put,7875.0,110.6,130.6,120.6
2026-10-07,call,7880.0,23.6,24.3,23.950000000000003
2026-10-07,put,7880.0,114.2,134.2,124.19999999999999
2026-10-07,call,7890.0,21.1,21.7,21.4
2026-10-07,put,7890.0,121.7,141.7,131.7
2026-10-07,call,7900.0,18.8,19.2,19.0
2026-10-07,put,7900.0,129.4,149.4,139.4
2026-10-07,call,7910.0,16.6,17.3,16.950000000000003
2026-10-07,put,7910.0,137.2,157.2,147.2
2026-10-07,call,7920.0,14.7,15.3,15.0
2026-10-07,put,7920.0,145.4,165.4,155.4
2026-10-07,call,7925.0,13.8,14.4,14.100000000000001
2026-10-07,put,7925.0,149.6,169.5,159.55
2026-10-07,call,7930.0,13.0,13.6,13.3
2026-10-07,put,7930.0,153.8,173.8,163.8
2026-10-07,call,7940.0,11.5,12.0,11.75
2026-10-07,put,7940.0,162.4,182.4,172.4
2026-10-07,call,7950.0,10.2,10.5,10.35
2026-10-07,put,7950.0,171.1,191.1,181.1
2026-10-07,call,7960.0,8.9,9.4,9.15
2026-10-07,put,7960.0,179.9,199.8,189.85000000000002
2026-10-07,call,7975.0,7.3,7.9,7.6
2026-10-07,put,7975.0,193.3,213.3,203.3
2026-10-07,call,8000.0,5.4,5.7,5.550000000000001
2026-10-07,put,8000.0,214.2,238.2,226.2
2026-10-07,call,8025.0,3.9,4.3,4.1
2026-10-07,put,8025.0,237.8,261.8,249.8
2026-10-07,call,8050.0,2.9,3.3,3.0999999999999996
2026-10-07,put,8050.0,261.9,285.9,273.9
2026-10-07,call,8075.0,2.25,2.6,2.425
2026-10-07,put,8075.0,286.0,310.0,298.0
2026-10-07,call,8100.0,1.8,2.05,1.9249999999999998
2026-10-07,put,8100.0,310.5,334.5,322.5
2026-10-07,call,8125.0,1.45,1.7,1.575
2026-10-07,put,8125.0,335.1,359.1,347.1
2026-10-07,call,8150.0,1.2,1.45,1.325
2026-10-07,put,8150.0,359.9,383.9,371.9
2026-10-07,call,8175.0,1.0,1.25,1.125
2026-10-07,put,8175.0,384.6,408.6,396.6
2026-10-07,call,8200.0,0.85,1.05,0.95
2026-10-07,put,8200.0,409.4,433.4,421.4
2026-10-07,call,8225.0,0.7,0.95,0.825
2026-10-07,put,8225.0,434.2,458.2,446.2
2026-10-07,call,8250.0,0.6,0.85,0.725
2026-10-07,put,8250.0,459.2,483.2,471.2
2026-10-07,call,8275.0,0.5,0.75,0.625
2026-10-07,put,8275.0,484.1,508.1,496.1
2026-10-07,call,8300.0,0.45,0.7,0.575
2026-10-07,put,8300.0,509.0,533.0,521.0
2026-10-07,call,8400.0,0.25,0.5,0.375
2026-10-07,put,8400.0,608.6,632.6,620.6
2026-10-07,call,8500.0,0.1,0.35,0.22499999999999998
2026-10-07,put,8500.0,708.2,732.2,720.2
2026-10-07,call,8600.0,0.05,0.3,0.175
2026-10-07,put,8600.0,808.1,832.1,820.1
2026-10-07,put,8800.0,1007.6,1031.6,1019.5999999999999
2026-10-07,put,9000.0,1207.5,1231.5,1219.5
2026-10-07,put,9200.0,1407.0,1431.0,1419.0
2026-10-07,put,9400.0,1606.7,1630.7,1618.7
2026-10-07,put,9600.0,1806.3,1830.3,1818.3
2026-10-07,put,9800.0,2006.2,2030.1,2018.15
2026-10-07,put,10000.0,2205.6,2229.6,2217.6
2026-10-08,call,3200.0,4559.6,4583.6,4571.6
2026-10-08,call,3400.0,4360.1,4384.1,4372.1
2026-10-08,call,3600.0,4160.4,4184.4,4172.4
2026-10-08,call,3800.0,3960.7,3984.7,3972.7
2026-10-08,call,4000.0,3761.1,3785.1,3773.1
2026-10-08,call,4200.0,3561.4,3585.4,3573.4
2026-10-08,call,4400.0,3361.7,3385.7,3373.7
2026-10-08,call,4600.0,3162.0,3186.0,3174.0
2026-10-08,call,4800.0,2962.6,2986.6,2974.6
2026-10-08,call,5000.0,2762.8,2786.8,2774.8
2026-10-08,put,5000.0,0.1,0.2,0.15000000000000002
2026-10-08,call,5200.0,2563.3,2587.3,2575.3
2026-10-08,put,5200.0,0.05,0.25,0.15
2026-10-08,call,5400.0,2363.5,2387.5,2375.5
2026-10-08,put,5400.0,0.1,0.3,0.2
2026-10-08,call,5600.0,2163.8,2187.8,2175.8
2026-10-08,put,5600.0,0.2,0.35,0.275
2026-10-08,call,5800.0,1964.4,1988.4,1976.4
2026-10-08,put,5800.0,0.25,0.45,0.35
2026-10-08,call,6000.0,1765.0,1789.0,1777.0
2026-10-08,put,6000.0,0.35,0.55,0.45
2026-10-08,call,6100.0,1665.0,1689.0,1677.0
2026-10-08,put,6100.0,0.45,0.6,0.525
2026-10-08,call,6200.0,1565.7,1589.5,1577.6
2026-10-08,put,6200.0,0.5,0.7,0.6
2026-10-08,call,6300.0,1465.7,1489.7,1477.7
2026-10-08,put,6300.0,0.6,0.8,0.7
2026-10-08,call,6400.0,1366.0,1390.0,1378.0
2026-10-08,put,6400.0,0.7,0.9,0.8
2026-10-08,call,6500.0,1266.3,1290.3,1278.3
2026-10-08,put,6500.0,0.85,1.05,0.95
2026-10-08,call,6525.0,1241.4,1265.4,1253.4
2026-10-08,put,6525.0,0.85,1.1,0.9750000000000001
2026-10-08,call,6550.0,1216.5,1240.5,1228.5
2026-10-08,put,6550.0,0.9,1.15,1.025
2026-10-08,call,6575.0,1191.4,1215.4,1203.4
2026-10-08,put,6575.0,0.95,1.15,1.0499999999999998
2026-10-08,call,6600.0,1166.7,1190.7,1178.7
2026-10-08,put,6600.0,1.0,1.2,1.1
2026-10-08,call,6625.0,1141.8,1165.8,1153.8
2026-10-08,put,6625.0,1.05,1.25,1.15
2026-10-08,call,6650.0,1116.9,1140.9,1128.9
2026-10-08,put,6650.0,1.1,1.3,1.2000000000000002
2026-10-08,call,6675.0,1092.0,1116.0,1104.0
2026-10-08,put,6675.0,1.15,1.35,1.25
2026-10-08,call,6700.0,1067.0,1091.0,1079.0
2026-10-08,put,6700.0,1.2,1.4,1.2999999999999998
2026-10-08,call,6725.0,1042.1,1066.1,1054.1
2026-10-08,put,6725.0,1.25,1.45,1.35
2026-10-08,call,6750.0,1017.2,1041.2,1029.2
2026-10-08,put,6750.0,1.3,1.5,1.4
2026-10-08,call,6775.0,992.2,1016.2,1004.2
2026-10-08,put,6775.0,1.35,1.6,1.475
2026-10-08,call,6800.0,967.5,991.5,979.5
2026-10-08,put,6800.0,1.45,1.65,1.5499999999999998
2026-10-08,call,6825.0,942.6,966.6,954.6
2026-10-08,put,6825.0,1.5,1.7,1.6
2026-10-08,call,6850.0,917.7,941.7,929.7
2026-10-08,put,6850.0,1.6,1.8,1.7000000000000002
2026-10-08,call,6875.0,892.8,916.8,904.8
2026-10-08,put,6875.0,1.65,1.9,1.775
2026-10-08,call,6900.0,867.9,891.9,879.9
2026-10-08,put,6900.0,1.75,1.95,1.85
2026-10-08,call,6925.0,843.1,867.1,855.1
2026-10-08,put,6925.0,1.85,2.05,1.95
2026-10-08,call,6950.0,818.1,842.1,830.1
2026-10-08,put,6950.0,1.95,2.15,2.05
2026-10-08,call,6975.0,793.4,817.3,805.3499999999999
2026-10-08,put,6975.0,2.05,2.25,2.15
2026-10-08,call,7000.0,768.5,792.5,780.5
2026-10-08,put,7000.0,2.15,2.35,2.25
2026-10-08,call,7025.0,743.6,767.6,755.6
2026-10-08,put,7025.0,2.3,2.5,2.4
2026-10-08,call,7050.0,718.8,742.8,730.8
2026-10-08,put,7050.0,2.4,2.65,2.525
2026-10-08,call,7075.0,694.1,718.1,706.1
2026-10-08,put,7075.0,2.55,2.8,2.675
2026-10-08,call,7100.0,669.2,693.2,681.2
2026-10-08,put,7100.0,2.75,2.95,2.85
2026-10-08,call,7125.0,644.5,668.5,656.5
2026-10-08,put,7125.0,2.9,3.2,3.05
2026-10-08,call,7150.0,619.7,643.7,631.7
2026-10-08,put,7150.0,3.1,3.4,3.25
2026-10-08,call,7175.0,595.0,619.0,607.0
2026-10-08,put,7175.0,3.3,3.6,3.45
2026-10-08,call,7200.0,570.3,594.3,582.3
2026-10-08,put,7200.0,3.5,3.8,3.65
2026-10-08,call,7225.0,545.5,569.5,557.5
2026-10-08,put,7225.0,3.8,4.1,3.9499999999999997
2026-10-08,call,7250.0,521.0,545.0,533.0
2026-10-08,put,7250.0,4.1,4.4,4.25
2026-10-08,call,7260.0,511.2,535.2,523.2
2026-10-08,put,7260.0,4.2,4.6,4.4
2026-10-08,call,7270.0,501.2,525.2,513.2
2026-10-08,put,7270.0,4.4,4.7,4.550000000000001
2026-10-08,call,7275.0,496.4,520.4,508.4
2026-10-08,put,7275.0,4.4,4.8,4.6
2026-10-08,call,7280.0,491.4,515.4,503.4
2026-10-08,put,7280.0,4.5,4.9,4.7
2026-10-08,call,7290.0,481.7,505.7,493.7
2026-10-08,put,7290.0,4.7,5.0,4.85
2026-10-08,call,7300.0,471.8,495.8,483.8
2026-10-08,put,7300.0,4.8,5.2,5.0
2026-10-08,call,7310.0,462.0,486.0,474.0
2026-10-08,put,7310.0,5.0,5.4,5.2
2026-10-08,call,7320.0,452.2,476.2,464.2
2026-10-08,put,7320.0,5.2,5.6,5.4
2026-10-08,call,7325.0,447.2,471.2,459.2
2026-10-08,put,7325.0,5.3,5.7,5.5
2026-10-08,call,7330.0,442.4,466.4,454.4
2026-10-08,put,7330.0,5.4,5.8,5.6
2026-10-08,call,7340.0,432.7,456.7,444.7
2026-10-08,put,7340.0,5.6,6.0,5.8
2026-10-08,call,7350.0,422.9,446.9,434.9
2026-10-08,put,7350.0,5.8,6.2,6.0
2026-10-08,call,7360.0,413.3,437.3,425.3
2026-10-08,put,7360.0,6.0,6.4,6.2
2026-10-08,call,7370.0,403.5,427.5,415.5
2026-10-08,put,7370.0,6.2,6.7,6.45
2026-10-08,call,7375.0,398.7,422.7,410.7
2026-10-08,put,7375.0,6.4,6.8,6.6
2026-10-08,call,7380.0,393.7,417.7,405.7
2026-10-08,put,7380.0,6.5,6.9,6.7
2026-10-08,call,7390.0,384.0,408.0,396.0
2026-10-08,put,7390.0,6.8,7.2,7.0
2026-10-08,call,7400.0,374.4,398.4,386.4
2026-10-08,put,7400.0,7.0,7.5,7.25
2026-10-08,call,7410.0,364.8,388.8,376.8
2026-10-08,put,7410.0,7.4,7.8,7.6
2026-10-08,call,7420.0,354.9,378.9,366.9
2026-10-08,put,7420.0,7.7,8.2,7.949999999999999
2026-10-08,call,7425.0,350.3,374.3,362.3
2026-10-08,put,7425.0,7.9,8.4,8.15
2026-10-08,call,7430.0,345.4,369.4,357.4
2026-10-08,put,7430.0,8.0,8.5,8.25
2026-10-08,call,7440.0,335.9,359.9,347.9
2026-10-08,put,7440.0,8.4,8.9,8.65
2026-10-08,call,7450.0,326.3,350.3,338.3
2026-10-08,put,7450.0,8.8,9.3,9.05
2026-10-08,call,7460.0,316.8,340.8,328.8
2026-10-08,put,7460.0,9.2,9.7,9.45
2026-10-08,call,7470.0,307.3,331.3,319.3
2026-10-08,put,7470.0,9.7,10.2,9.95
2026-10-08,call,7475.0,302.6,326.6,314.6
2026-10-08,put,7475.0,9.9,10.4,10.15
2026-10-08,call,7480.0,297.8,321.8,309.8
2026-10-08,put,7480.0,10.2,10.7,10.45
2026-10-08,call,7490.0,288.3,312.3,300.3
2026-10-08,put,7490.0,10.7,11.2,10.95
2026-10-08,call,7495.0,283.6,307.6,295.6
2026-10-08,put,7495.0,11.0,11.5,11.25
2026-10-08,call,7500.0,278.9,302.9,290.9
2026-10-08,put,7500.0,11.3,11.8,11.55
2026-10-08,call,7505.0,274.2,298.2,286.2
2026-10-08,put,7505.0,11.6,12.1,11.85
2026-10-08,call,7510.0,269.6,293.6,281.6
2026-10-08,put,7510.0,11.9,12.4,12.15
2026-10-08,call,7515.0,264.9,288.9,276.9
2026-10-08,put,7515.0,12.2,12.7,12.45
2026-10-08,call,7520.0,260.3,284.3,272.3
2026-10-08,put,7520.0,12.5,13.1,12.8
2026-10-08,call,7525.0,255.7,279.7,267.7
2026-10-08,put,7525.0,12.9,13.4,13.15
2026-10-08,call,7530.0,251.1,275.1,263.1
2026-10-08,put,7530.0,13.2,13.8,13.5
2026-10-08,call,7535.0,246.5,270.5,258.5
2026-10-08,put,7535.0,13.6,14.1,13.85
2026-10-08,call,7540.0,241.8,265.8,253.8
2026-10-08,put,7540.0,14.0,14.5,14.25
2026-10-08,call,7545.0,237.3,261.3,249.3
2026-10-08,put,7545.0,14.4,14.9,14.65
2026-10-08,call,7550.0,232.8,256.8,244.8
2026-10-08,put,7550.0,14.8,15.3,15.05
2026-10-08,call,7555.0,228.0,252.0,240.0
2026-10-08,put,7555.0,15.2,15.8,15.5
2026-10-08,call,7560.0,223.6,247.6,235.6
2026-10-08,put,7560.0,15.6,16.2,15.899999999999999
2026-10-08,call,7565.0,219.1,243.1,231.1
2026-10-08,put,7565.0,16.1,16.7,16.4
2026-10-08,call,7570.0,214.6,238.6,226.6
2026-10-08,put,7570.0,16.5,17.1,16.8
2026-10-08,call,7575.0,210.0,234.0,222.0
2026-10-08,put,7575.0,17.0,17.6,17.3
2026-10-08,call,7580.0,205.6,229.6,217.6
2026-10-08,put,7580.0,17.5,18.1,17.8
2026-10-08,call,7585.0,202.2,226.2,214.2
2026-10-08,put,7585.0,18.1,18.7,18.4
2026-10-08,call,7590.0,198.8,218.8,208.8
2026-10-08,put,7590.0,18.6,19.2,18.9
2026-10-08,call,7595.0,194.5,214.4,204.45
2026-10-08,put,7595.0,19.2,19.8,19.5
2026-10-08,call,7600.0,189.9,209.9,199.9
2026-10-08,put,7600.0,19.8,20.4,20.1
2026-10-08,call,7605.0,185.7,205.7,195.7
2026-10-08,put,7605.0,20.4,21.0,20.7
2026-10-08,call,7610.0,181.2,201.2,191.2
2026-10-08,put,7610.0,21.0,21.6,21.3
2026-10-08,call,7615.0,176.9,196.9,186.9
2026-10-08,put,7615.0,21.6,22.3,21.950000000000003
2026-10-08,call,7620.0,172.7,192.7,182.7
2026-10-08,put,7620.0,22.3,23.0,22.65
2026-10-08,call,7625.0,168.4,188.4,178.4
2026-10-08,put,7625.0,23.0,23.7,23.35
2026-10-08,call,7630.0,164.2,184.2,174.2
2026-10-08,put,7630.0,23.8,24.4,24.1
2026-10-08,call,7635.0,160.0,180.0,170.0
2026-10-08,put,7635.0,24.5,25.2,24.85
2026-10-08,call,7640.0,155.7,175.7,165.7
2026-10-08,put,7640.0,25.3,26.0,25.65
2026-10-08,call,7645.0,151.6,171.6,161.6
2026-10-08,put,7645.0,26.2,26.8,26.5
2026-10-08,call,7650.0,147.5,167.5,157.5
2026-10-08,put,7650.0,27.2,27.7,27.45
2026-10-08,call,7655.0,143.4,163.4,153.4
2026-10-08,put,7655.0,27.9,28.6,28.25
2026-10-08,call,7660.0,139.3,159.3,149.3
2026-10-08,put,7660.0,28.8,29.5,29.15
2026-10-08,call,7665.0,135.4,155.4,145.4
2026-10-08,put,7665.0,29.8,30.5,30.15
2026-10-08,call,7670.0,131.3,151.3,141.3
2026-10-08,put,7670.0,30.8,31.5,31.15
2026-10-08,call,7675.0,127.5,147.5,137.5
2026-10-08,put,7675.0,31.8,32.6,32.2
2026-10-08,call,7680.0,123.6,143.6,133.6
2026-10-08,put,7680.0,32.9,33.6,33.25
2026-10-08,call,7685.0,121.8,141.8,131.8
2026-10-08,put,7685.0,34.0,34.8,34.4
2026-10-08,call,7690.0,127.5,128.3,127.9
2026-10-08,put,7690.0,35.2,35.9,35.55
2026-10-08,call,7695.0,123.7,124.5,124.1
2026-10-08,put,7695.0,36.4,37.2,36.8
2026-10-08,call,7700.0,120.0,120.8,120.4
2026-10-08,put,7700.0,37.8,38.4,38.099999999999994
2026-10-08,call,7705.0,116.3,117.1,116.69999999999999
2026-10-08,put,7705.0,39.0,39.7,39.35
2026-10-08,call,7710.0,112.6,113.5,113.05
2026-10-08,put,7710.0,40.3,41.1,40.7
2026-10-08,call,7715.0,109.0,109.9,109.45
2026-10-08,put,7715.0,41.7,42.5,42.1
2026-10-08,call,7720.0,105.5,106.4,105.95
2026-10-08,put,7720.0,43.2,44.0,43.6
2026-10-08,call,7725.0,102.0,102.9,102.45
2026-10-08,put,7725.0,44.7,45.5,45.1
2026-10-08,call,7730.0,98.6,99.5,99.05
2026-10-08,put,7730.0,46.2,47.1,46.650000000000006
2026-10-08,call,7735.0,95.2,96.1,95.65
2026-10-08,put,7735.0,47.9,48.7,48.3
2026-10-08,call,7740.0,91.9,92.8,92.35
2026-10-08,put,7740.0,49.5,50.4,49.95
2026-10-08,call,7745.0,88.7,89.6,89.15
2026-10-08,put,7745.0,51.3,52.1,51.7
2026-10-08,call,7750.0,85.5,86.4,85.95
2026-10-08,put,7750.0,53.1,53.9,53.5
2026-10-08,call,7755.0,82.4,83.3,82.85
2026-10-08,put,7755.0,54.9,55.8,55.349999999999994
2026-10-08,call,7760.0,79.3,80.2,79.75
2026-10-08,put,7760.0,56.8,57.8,57.3
2026-10-08,call,7765.0,76.3,77.2,76.75
2026-10-08,put,7765.0,58.8,59.7,59.25
2026-10-08,call,7770.0,73.4,74.3,73.85
2026-10-08,put,7770.0,60.9,61.8,61.349999999999994
2026-10-08,call,7775.0,70.5,71.4,70.95
2026-10-08,put,7775.0,63.0,63.9,63.45
2026-10-08,call,7780.0,67.7,68.6,68.15
2026-10-08,put,7780.0,65.2,66.1,65.65
2026-10-08,call,7785.0,65.0,65.9,65.45
2026-10-08,put,7785.0,67.5,68.4,67.95
2026-10-08,call,7790.0,62.3,63.2,62.75
2026-10-08,put,7790.0,69.8,70.7,70.25
2026-10-08,call,7795.0,59.7,60.6,60.150000000000006
2026-10-08,put,7795.0,72.2,73.1,72.65
2026-10-08,call,7800.0,57.3,57.9,57.599999999999994
2026-10-08,put,7800.0,74.7,75.6,75.15
2026-10-08,call,7805.0,54.7,55.6,55.150000000000006
2026-10-08,put,7805.0,77.2,78.1,77.65
2026-10-08,call,7810.0,52.3,53.3,52.8
2026-10-08,put,7810.0,79.8,80.7,80.25
2026-10-08,call,7815.0,50.0,50.9,50.45
2026-10-08,put,7815.0,82.5,83.4,82.95
2026-10-08,call,7820.0,47.8,48.7,48.25
2026-10-08,put,7820.0,85.2,86.1,85.65
2026-10-08,call,7825.0,45.6,46.5,46.05
2026-10-08,put,7825.0,88.1,89.0,88.55
2026-10-08,call,7830.0,43.5,44.4,43.95
2026-10-08,put,7830.0,91.0,91.8,91.4
2026-10-08,call,7835.0,41.5,42.4,41.95
2026-10-08,put,7835.0,93.9,94.8,94.35
2026-10-08,call,7840.0,39.5,40.4,39.95
2026-10-08,put,7840.0,96.9,97.8,97.35
2026-10-08,call,7850.0,35.8,36.6,36.2
2026-10-08,put,7850.0,103.2,104.1,103.65
2026-10-08,call,7860.0,32.4,33.2,32.8
2026-10-08,put,7860.0,109.7,110.6,110.15
2026-10-08,call,7870.0,29.2,29.9,29.549999999999997
2026-10-08,put,7870.0,109.0,129.0,119.0
2026-10-08,call,7875.0,27.7,28.4,28.049999999999997
2026-10-08,put,7875.0,112.5,132.5,122.5
2026-10-08,call,7880.0,26.2,27.0,26.6
2026-10-08,put,7880.0,116.1,136.1,126.1
2026-10-08,call,7890.0,23.5,24.2,23.85
2026-10-08,put,7890.0,123.4,143.4,133.4
2026-10-08,call,7900.0,21.1,21.6,21.35
2026-10-08,put,7900.0,130.9,150.9,140.9
2026-10-08,call,7910.0,18.8,19.5,19.15
2026-10-08,put,7910.0,138.7,158.7,148.7
2026-10-08,call,7920.0,16.7,17.4,17.049999999999997
2026-10-08,put,7920.0,146.7,166.7,156.7
2026-10-08,call,7925.0,15.8,16.4,16.1
2026-10-08,put,7925.0,150.7,170.7,160.7
2026-10-08,call,7930.0,14.9,15.5,15.2
2026-10-08,put,7930.0,154.9,174.9,164.9
2026-10-08,call,7940.0,13.2,13.8,13.5
2026-10-08,put,7940.0,163.3,183.3,173.3
2026-10-08,call,7950.0,11.7,12.3,12.0
2026-10-08,put,7950.0,171.8,191.8,181.8
2026-10-08,call,7960.0,10.4,11.0,10.7
2026-10-08,put,7960.0,180.5,200.5,190.5
2026-10-08,call,7975.0,8.7,9.2,8.95
2026-10-08,put,7975.0,193.9,213.9,203.9
2026-10-08,call,8000.0,6.4,6.9,6.65
2026-10-08,put,8000.0,214.4,238.4,226.4
2026-10-08,call,8025.0,4.7,5.2,4.95
2026-10-08,put,8025.0,237.9,261.9,249.89999999999998
2026-10-08,call,8050.0,3.5,4.0,3.75
2026-10-08,put,8050.0,261.7,285.7,273.7
2026-10-08,call,8075.0,2.75,3.1,2.925
2026-10-08,put,8075.0,285.8,309.8,297.8
2026-10-08,call,8100.0,2.15,2.5,2.325
2026-10-08,put,8100.0,310.3,334.3,322.3
2026-10-08,call,8125.0,1.75,2.05,1.9
2026-10-08,put,8125.0,334.7,358.7,346.7
2026-10-08,call,8150.0,1.45,1.7,1.575
2026-10-08,put,8150.0,359.3,383.3,371.3
2026-10-08,call,8175.0,1.2,1.45,1.325
2026-10-08,put,8175.0,384.3,408.3,396.3
2026-10-08,call,8200.0,1.0,1.25,1.125
2026-10-08,put,8200.0,409.1,433.1,421.1
2026-10-08,call,8225.0,0.85,1.1,0.9750000000000001
2026-10-08,put,8225.0,433.7,457.7,445.7
2026-10-08,call,8250.0,0.7,1.0,0.85
2026-10-08,put,8250.0,458.6,482.6,470.6
2026-10-08,call,8275.0,0.6,0.9,0.75
2026-10-08,put,8275.0,483.4,507.4,495.4
2026-10-08,call,8300.0,0.55,0.8,0.675
2026-10-08,put,8300.0,508.2,532.2,520.2
2026-10-08,call,8400.0,0.3,0.55,0.42500000000000004
2026-10-08,put,8400.0,607.9,631.9,619.9
2026-10-08,call,8500.0,0.15,0.4,0.275
2026-10-08,put,8500.0,707.6,731.6,719.6
2026-10-08,call,8600.0,0.05,0.3,0.175
2026-10-08,put,8600.0,807.3,831.3,819.3
2026-10-08,put,8800.0,1006.8,1030.8,1018.8
2026-10-08,put,9000.0,1206.6,1230.6,1218.6
2026-10-08,put,9200.0,1406.1,1430.1,1418.1
2026-10-08,put,9400.0,1605.7,1629.7,1617.7
2026-10-08,put,9600.0,1805.4,1829.4,1817.4
2026-10-08,put,9800.0,2005.1,2029.1,2017.1
2026-10-08,put,10000.0,2204.7,2228.7,2216.7
2026-10-09,call,3000.0,4759.6,4783.6,4771.6
2026-10-09,call,3200.0,4560.0,4584.0,4572.0
2026-10-09,call,3400.0,4360.5,4384.5,4372.5
2026-10-09,call,3600.0,4160.9,4184.9,4172.9
2026-10-09,call,3800.0,3961.2,3985.2,3973.2
2026-10-09,call,4000.0,3761.9,3785.9,3773.9
2026-10-09,call,4200.0,3562.4,3586.4,3574.4
2026-10-09,call,4400.0,3362.7,3386.7,3374.7
2026-10-09,call,4600.0,3163.2,3187.2,3175.2
2026-10-09,put,4600.0,0.05,0.15,0.1
2026-10-09,call,4800.0,2963.7,2987.7,2975.7
2026-10-09,put,4800.0,0.05,0.2,0.125
2026-10-09,call,5000.0,2764.2,2788.2,2776.2
2026-10-09,put,5000.0,0.05,0.25,0.15
2026-10-09,call,5200.0,2564.6,2588.6,2576.6
2026-10-09,put,5200.0,0.1,0.3,0.2
2026-10-09,call,5400.0,2365.1,2389.1,2377.1
2026-10-09,put,5400.0,0.15,0.35,0.25
2026-10-09,call,5600.0,2165.5,2189.5,2177.5
2026-10-09,put,5600.0,0.25,0.4,0.325
2026-10-09,call,5700.0,2065.9,2089.9,2077.9
2026-10-09,put,5700.0,0.3,0.45,0.375
2026-10-09,call,5800.0,1966.0,1990.0,1978.0
2026-10-09,put,5800.0,0.35,0.5,0.425
2026-10-09,call,5900.0,1866.3,1890.3,1878.3
2026-10-09,put,5900.0,0.4,0.55,0.47500000000000003
2026-10-09,call,6000.0,1766.8,1790.8,1778.8
2026-10-09,put,6000.0,0.45,0.65,0.55
2026-10-09,call,6050.0,1716.9,1740.9,1728.9
2026-10-09,put,6050.0,0.5,0.7,0.6
2026-10-09,call,6100.0,1666.9,1690.9,1678.9
2026-10-09,put,6100.0,0.55,0.75,0.65
2026-10-09,call,6150.0,1617.5,1641.5,1629.5
2026-10-09,put,6150.0,0.6,0.75,0.675
2026-10-09,call,6200.0,1567.3,1591.3,1579.3
2026-10-09,put,6200.0,0.65,0.85,0.75
2026-10-09,call,6250.0,1517.5,1541.5,1529.5
2026-10-09,put,6250.0,0.7,0.9,0.8
2026-10-09,call,6300.0,1467.6,1491.6,1479.6
2026-10-09,put,6300.0,0.75,0.95,0.85
2026-10-09,call,6350.0,1417.8,1441.8,1429.8
2026-10-09,put,6350.0,0.8,1.0,0.9
2026-10-09,call,6375.0,1393.0,1417.0,1405.0
2026-10-09,put,6375.0,0.85,1.05,0.95
2026-10-09,call,6400.0,1368.1,1392.1,1380.1
2026-10-09,put,6400.0,0.85,1.1,0.9750000000000001
2026-10-09,call,6425.0,1343.1,1367.1,1355.1
2026-10-09,put,6425.0,0.9,1.1,1.0
2026-10-09,call,6450.0,1318.4,1342.4,1330.4
2026-10-09,put,6450.0,0.95,1.15,1.0499999999999998
2026-10-09,call,6475.0,1293.3,1317.3,1305.3
2026-10-09,put,6475.0,1.0,1.2,1.1
2026-10-09,call,6500.0,1268.5,1292.5,1280.5
2026-10-09,put,6500.0,1.0,1.25,1.125
2026-10-09,call,6525.0,1243.4,1267.4,1255.4
2026-10-09,put,6525.0,1.05,1.3,1.175
2026-10-09,call,6550.0,1218.5,1242.5,1230.5
2026-10-09,put,6550.0,1.1,1.3,1.2000000000000002
2026-10-09,call,6575.0,1193.7,1217.7,1205.7
2026-10-09,put,6575.0,1.15,1.35,1.25
2026-10-09,call,6600.0,1168.7,1192.7,1180.7
2026-10-09,put,6600.0,1.2,1.4,1.2999999999999998
2026-10-09,call,6625.0,1144.0,1168.0,1156.0
2026-10-09,put,6625.0,1.25,1.45,1.35
2026-10-09,call,6650.0,1119.1,1143.1,1131.1
2026-10-09,put,6650.0,1.3,1.55,1.425
2026-10-09,call,6675.0,1094.2,1118.2,1106.2
2026-10-09,put,6675.0,1.35,1.6,1.475
2026-10-09,call,6700.0,1069.1,1093.1,1081.1
2026-10-09,put,6700.0,1.45,1.65,1.5499999999999998
2026-10-09,call,6725.0,1044.5,1068.5,1056.5
2026-10-09,put,6725.0,1.5,1.7,1.6
2026-10-09,call,6750.0,1019.4,1043.4,1031.4
2026-10-09,put,6750.0,1.55,1.8,1.675
2026-10-09,call,6775.0,994.7,1018.7,1006.7
2026-10-09,put,6775.0,1.65,1.85,1.75
2026-10-09,call,6800.0,969.9,993.9,981.9
2026-10-09,put,6800.0,1.7,1.9,1.7999999999999998
2026-10-09,call,6825.0,945.0,969.0,957.0
2026-10-09,put,6825.0,1.8,2.0,1.9
2026-10-09,call,6850.0,920.1,944.1,932.1
2026-10-09,put,6850.0,1.9,2.1,2.0
2026-10-09,call,6875.0,895.2,919.2,907.2
2026-10-09,put,6875.0,1.95,2.2,2.075
2026-10-09,call,6900.0,870.4,894.4,882.4
2026-10-09,put,6900.0,2.05,2.3,2.175
2026-10-09,call,6925.0,845.6,869.6,857.6
2026-10-09,put,6925.0,2.15,2.4,2.275
2026-10-09,call,6950.0,820.6,844.6,832.6
2026-10-09,put,6950.0,2.3,2.5,2.4
2026-10-09,call,6960.0,810.8,834.8,822.8
2026-10-09,put,6960.0,2.35,2.55,2.45
2026-10-09,call,6970.0,800.7,824.7,812.7
2026-10-09,put,6970.0,2.4,2.6,2.5
2026-10-09,call,6975.0,795.9,819.9,807.9
2026-10-09,put,6975.0,2.4,2.65,2.525
2026-10-09,call,6980.0,790.8,814.8,802.8
2026-10-09,put,6980.0,2.45,2.65,2.55
2026-10-09,call,6990.0,781.0,805.0,793.0
2026-10-09,put,6990.0,2.5,2.7,2.6
2026-10-09,call,7000.0,771.2,795.2,783.2
2026-10-09,put,7000.0,2.6,2.75,2.675
2026-10-09,call,7010.0,761.2,785.2,773.2
2026-10-09,put,7010.0,2.6,2.8,2.7
2026-10-09,call,7020.0,751.3,775.3,763.3
2026-10-09,put,7020.0,2.65,2.85,2.75
2026-10-09,call,7025.0,746.4,770.4,758.4
2026-10-09,put,7025.0,2.65,2.9,2.775
2026-10-09,call,7030.0,741.3,765.3,753.3
2026-10-09,put,7030.0,2.7,2.95,2.825
2026-10-09,call,7040.0,731.4,755.4,743.4
2026-10-09,put,7040.0,2.75,3.0,2.875
2026-10-09,call,7050.0,721.6,745.6,733.6
2026-10-09,put,7050.0,2.8,3.1,2.95
2026-10-09,call,7060.0,711.6,735.6,723.6
2026-10-09,put,7060.0,2.9,3.2,3.05
2026-10-09,call,7070.0,701.7,725.7,713.7
2026-10-09,put,7070.0,2.95,3.2,3.075
2026-10-09,call,7075.0,696.7,720.7,708.7
2026-10-09,put,7075.0,3.0,3.3,3.15
2026-10-09,call,7080.0,691.8,715.8,703.8
2026-10-09,put,7080.0,3.0,3.3,3.15
2026-10-09,call,7090.0,681.7,705.7,693.7
2026-10-09,put,7090.0,3.1,3.4,3.25
2026-10-09,call,7100.0,672.0,696.0,684.0
2026-10-09,put,7100.0,3.2,3.5,3.35
2026-10-09,call,7110.0,662.1,686.1,674.1
2026-10-09,put,7110.0,3.2,3.5,3.35
2026-10-09,call,7120.0,652.2,676.2,664.2
2026-10-09,put,7120.0,3.3,3.6,3.45
2026-10-09,call,7125.0,647.3,671.3,659.3
2026-10-09,put,7125.0,3.3,3.7,3.5
2026-10-09,call,7130.0,642.3,666.3,654.3
2026-10-09,put,7130.0,3.4,3.7,3.55
2026-10-09,call,7140.0,632.4,656.4,644.4
2026-10-09,put,7140.0,3.5,3.8,3.65
2026-10-09,call,7150.0,622.5,646.5,634.5
2026-10-09,put,7150.0,3.6,3.9,3.75
2026-10-09,call,7160.0,612.7,636.7,624.7
2026-10-09,put,7160.0,3.7,4.0,3.85
2026-10-09,call,7170.0,602.8,626.8,614.8
2026-10-09,put,7170.0,3.8,4.1,3.9499999999999997
2026-10-09,call,7175.0,598.0,622.0,610.0
2026-10-09,put,7175.0,3.8,4.2,4.0
2026-10-09,call,7180.0,592.9,616.9,604.9
2026-10-09,put,7180.0,3.9,4.2,4.05
2026-10-09,call,7190.0,583.1,607.1,595.1
2026-10-09,put,7190.0,4.0,4.3,4.15
2026-10-09,call,7200.0,573.3,597.3,585.3
2026-10-09,put,7200.0,4.1,4.4,4.25
2026-10-09,call,7210.0,563.4,587.4,575.4
2026-10-09,put,7210.0,4.2,4.6,4.4
2026-10-09,call,7220.0,553.5,577.5,565.5
2026-10-09,put,7220.0,4.3,4.7,4.5
2026-10-09,call,7225.0,548.6,572.6,560.6
2026-10-09,put,7225.0,4.4,4.8,4.6
2026-10-09,call,7230.0,543.8,567.8,555.8
2026-10-09,put,7230.0,4.5,4.8,4.65
2026-10-09,call,7240.0,533.8,557.8,545.8
2026-10-09,put,7240.0,4.6,5.0,4.8
2026-10-09,call,7250.0,523.9,547.9,535.9
2026-10-09,put,7250.0,4.7,5.1,4.9
2026-10-09,call,7260.0,514.3,538.3,526.3
2026-10-09,put,7260.0,4.9,5.3,5.1
2026-10-09,call,7270.0,504.3,528.3,516.3
2026-10-09,put,7270.0,5.1,5.4,5.25
2026-10-09,call,7275.0,499.5,523.5,511.5
2026-10-09,put,7275.0,5.1,5.5,5.3
2026-10-09,call,7280.0,494.6,518.6,506.6
2026-10-09,put,7280.0,5.2,5.6,5.4
2026-10-09,call,7290.0,484.8,508.8,496.8
2026-10-09,put,7290.0,5.4,5.8,5.6
2026-10-09,call,7300.0,475.0,499.0,487.0
2026-10-09,put,7300.0,5.6,6.0,5.8
2026-10-09,call,7310.0,465.3,489.3,477.3
2026-10-09,put,7310.0,5.8,6.2,6.0
2026-10-09,call,7320.0,455.4,479.4,467.4
2026-10-09,put,7320.0,6.0,6.4,6.2
2026-10-09,call,7325.0,450.6,474.6,462.6
2026-10-09,put,7325.0,6.1,6.5,6.3
2026-10-09,call,7330.0,445.8,469.8,457.8
2026-10-09,put,7330.0,6.2,6.6,6.4
2026-10-09,call,7340.0,436.0,460.0,448.0
2026-10-09,put,7340.0,6.4,6.9,6.65
2026-10-09,call,7350.0,426.2,450.2,438.2
2026-10-09,put,7350.0,6.7,7.1,6.9
2026-10-09,call,7360.0,416.5,440.5,428.5
2026-10-09,put,7360.0,6.9,7.4,7.15
2026-10-09,call,7370.0,406.7,430.7,418.7
2026-10-09,put,7370.0,7.2,7.7,7.45
2026-10-09,call,7375.0,402.0,426.0,414.0
2026-10-09,put,7375.0,7.4,7.8,7.6
2026-10-09,call,7380.0,397.1,421.1,409.1
2026-10-09,put,7380.0,7.5,8.0,7.75
2026-10-09,call,7390.0,387.5,411.5,399.5
2026-10-09,put,7390.0,7.8,8.3,8.05
2026-10-09,call,7400.0,377.9,401.9,389.9
2026-10-09,put,7400.0,8.2,8.6,8.399999999999999
2026-10-09,call,7405.0,373.1,397.1,385.1
2026-10-09,put,7405.0,8.3,8.8,8.55
2026-10-09,call,7410.0,368.3,392.3,380.3
2026-10-09,put,7410.0,8.5,8.9,8.7
2026-10-09,call,7415.0,363.4,387.4,375.4
2026-10-09,put,7415.0,8.7,9.1,8.899999999999999
2026-10-09,call,7420.0,358.7,382.7,370.7
2026-10-09,put,7420.0,8.8,9.3,9.05
2026-10-09,call,7425.0,353.8,377.8,365.8
2026-10-09,put,7425.0,9.0,9.5,9.25
2026-10-09,call,7430.0,349.1,373.1,361.1
2026-10-09,put,7430.0,9.2,9.7,9.45
2026-10-09,call,7435.0,344.3,368.3,356.3
2026-10-09,put,7435.0,9.4,9.9,9.65
2026-10-09,call,7440.0,339.5,363.5,351.5
2026-10-09,put,7440.0,9.6,10.1,9.85
2026-10-09,call,7445.0,334.7,358.7,346.7
2026-10-09,put,7445.0,9.9,10.3,10.100000000000001
2026-10-09,call,7450.0,330.0,354.0,342.0
2026-10-09,put,7450.0,10.1,10.6,10.35
2026-10-09,call,7455.0,325.3,349.3,337.3
2026-10-09,put,7455.0,10.3,10.8,10.55
2026-10-09,call,7460.0,320.5,344.5,332.5
2026-10-09,put,7460.0,10.6,11.0,10.8
2026-10-09,call,7465.0,315.9,339.9,327.9
2026-10-09,put,7465.0,10.8,11.3,11.05
2026-10-09,call,7470.0,311.0,335.0,323.0
2026-10-09,put,7470.0,11.1,11.5,11.3
2026-10-09,call,7475.0,306.3,330.3,318.3
2026-10-09,put,7475.0,11.3,11.8,11.55
2026-10-09,call,7480.0,301.6,325.6,313.6
2026-10-09,put,7480.0,11.6,12.1,11.85
2026-10-09,call,7485.0,297.0,321.0,309.0
2026-10-09,put,7485.0,11.9,12.4,12.15
2026-10-09,call,7490.0,292.3,316.3,304.3
2026-10-09,put,7490.0,12.2,12.7,12.45
2026-10-09,call,7495.0,287.4,311.4,299.4
2026-10-09,put,7495.0,12.5,13.0,12.75
2026-10-09,call,7500.0,282.8,306.8,294.8
2026-10-09,put,7500.0,12.8,13.3,13.05
2026-10-09,call,7505.0,278.3,302.3,290.3
2026-10-09,put,7505.0,13.1,13.6,13.35
2026-10-09,call,7510.0,273.7,297.7,285.7
2026-10-09,put,7510.0,13.4,13.9,13.65
2026-10-09,call,7515.0,269.0,293.0,281.0
2026-10-09,put,7515.0,13.7,14.3,14.0
2026-10-09,call,7520.0,264.3,288.3,276.3
2026-10-09,put,7520.0,14.1,14.6,14.35
2026-10-09,call,7525.0,259.7,283.7,271.7
2026-10-09,put,7525.0,14.5,15.0,14.75
2026-10-09,call,7530.0,255.1,279.1,267.1
2026-10-09,put,7530.0,14.8,15.4,15.100000000000001
2026-10-09,call,7535.0,250.5,274.5,262.5
2026-10-09,put,7535.0,15.2,15.8,15.5
2026-10-09,call,7540.0,245.8,269.8,257.8
2026-10-09,put,7540.0,15.6,16.2,15.899999999999999
2026-10-09,call,7545.0,241.5,265.5,253.5
2026-10-09,put,7545.0,16.1,16.6,16.35
2026-10-09,call,7550.0,236.7,260.7,248.7
2026-10-09,put,7550.0,16.6,17.1,16.85
2026-10-09,call,7555.0,232.3,256.3,244.3
2026-10-09,put,7555.0,16.9,17.5,17.2
2026-10-09,call,7560.0,227.9,251.9,239.9
2026-10-09,put,7560.0,17.4,18.0,17.7
2026-10-09,call,7565.0,223.4,247.4,235.4
2026-10-09,put,7565.0,17.9,18.5,18.2
2026-10-09,call,7570.0,218.9,242.9,230.9
2026-10-09,put,7570.0,18.4,19.0,18.7
2026-10-09,call,7575.0,214.4,238.4,226.4
2026-10-09,put,7575.0,18.9,19.5,19.2
2026-10-09,call,7580.0,210.0,234.0,222.0
2026-10-09,put,7580.0,19.4,20.1,19.75
2026-10-09,call,7585.0,205.5,229.5,217.5
2026-10-09,put,7585.0,20.0,20.6,20.3
2026-10-09,call,7590.0,202.2,226.2,214.2
2026-10-09,put,7590.0,20.6,21.2,20.9
2026-10-09,call,7595.0,198.8,218.8,208.8
2026-10-09,put,7595.0,21.2,21.8,21.5
2026-10-09,call,7600.0,194.6,214.6,204.6
2026-10-09,put,7600.0,21.9,22.4,22.15
2026-10-09,call,7605.0,190.3,210.3,200.3
2026-10-09,put,7605.0,22.4,23.1,22.75
2026-10-09,call,7610.0,185.9,205.9,195.9
2026-10-09,put,7610.0,23.1,23.7,23.4
2026-10-09,call,7615.0,181.5,201.5,191.5
2026-10-09,put,7615.0,23.7,24.4,24.049999999999997
2026-10-09,call,7620.0,177.2,197.2,187.2
2026-10-09,put,7620.0,24.5,25.1,24.8
2026-10-09,call,7625.0,173.0,193.0,183.0
2026-10-09,put,7625.0,25.2,25.9,25.549999999999997
2026-10-09,call,7630.0,168.9,188.9,178.9
2026-10-09,put,7630.0,26.0,26.6,26.3
2026-10-09,call,7635.0,164.7,184.7,174.7
2026-10-09,put,7635.0,26.7,27.4,27.049999999999997
2026-10-09,call,7640.0,160.6,180.6,170.6
2026-10-09,put,7640.0,27.6,28.3,27.950000000000003
2026-10-09,call,7645.0,156.3,176.3,166.3
2026-10-09,put,7645.0,28.4,29.1,28.75
2026-10-09,call,7650.0,152.3,172.3,162.3
2026-10-09,put,7650.0,29.5,30.0,29.75
2026-10-09,call,7655.0,148.2,168.2,158.2
2026-10-09,put,7655.0,30.2,30.9,30.549999999999997
2026-10-09,call,7660.0,144.2,164.2,154.2
2026-10-09,put,7660.0,31.2,31.9,31.549999999999997
2026-10-09,call,7665.0,140.3,160.3,150.3
2026-10-09,put,7665.0,32.1,32.9,32.5
2026-10-09,call,7670.0,136.4,156.4,146.4
2026-10-09,put,7670.0,33.2,33.9,33.55
2026-10-09,call,7675.0,132.5,152.5,142.5
2026-10-09,put,7675.0,34.2,35.0,34.6
2026-10-09,call,7680.0,128.5,148.5,138.5
2026-10-09,put,7680.0,35.3,36.1,35.7
2026-10-09,call,7685.0,126.8,146.7,136.75
2026-10-09,put,7685.0,36.5,37.2,36.85
2026-10-09,call,7690.0,132.5,133.3,132.9
2026-10-09,put,7690.0,37.6,38.4,38.0
2026-10-09,call,7695.0,128.7,129.5,129.1
2026-10-09,put,7695.0,38.8,39.6,39.2
2026-10-09,call,7700.0,125.0,125.8,125.4
2026-10-09,put,7700.0,40.3,40.9,40.599999999999994
2026-10-09,call,7705.0,121.3,122.2,121.75
2026-10-09,put,7705.0,41.4,42.2,41.8
2026-10-09,call,7710.0,117.7,118.5,118.1
2026-10-09,put,7710.0,42.8,43.6,43.2
2026-10-09,call,7715.0,114.1,115.0,114.55
2026-10-09,put,7715.0,44.2,45.0,44.6
2026-10-09,call,7720.0,110.5,111.4,110.95
2026-10-09,put,7720.0,45.6,46.5,46.05
2026-10-09,call,7725.0,107.1,107.9,107.5
2026-10-09,put,7725.0,47.1,48.0,47.55
2026-10-09,call,7730.0,103.6,104.5,104.05
2026-10-09,put,7730.0,48.7,49.5,49.1
2026-10-09,call,7735.0,100.2,101.2,100.7
2026-10-09,put,7735.0,50.3,51.2,50.75
2026-10-09,call,7740.0,96.9,97.8,97.35
2026-10-09,put,7740.0,52.0,52.8,52.4
2026-10-09,call,7745.0,93.7,94.6,94.15
2026-10-09,put,7745.0,53.7,54.6,54.150000000000006
2026-10-09,call,7750.0,90.4,91.4,90.9
2026-10-09,put,7750.0,55.7,56.3,56.0
2026-10-09,call,7755.0,87.3,88.2,87.75
2026-10-09,put,7755.0,57.3,58.2,57.75
2026-10-09,call,7760.0,84.2,85.1,84.65
2026-10-09,put,7760.0,59.3,60.1,59.7
2026-10-09,call,7765.0,81.2,82.1,81.65
2026-10-09,put,7765.0,61.1,62.1,61.6
2026-10-09,call,7770.0,78.3,79.1,78.69999999999999
2026-10-09,put,7770.0,63.2,64.1,63.65
2026-10-09,call,7775.0,75.3,76.3,75.8
2026-10-09,put,7775.0,65.2,66.2,65.7
2026-10-09,call,7780.0,72.5,73.4,72.95
2026-10-09,put,7780.0,67.4,68.3,67.85
2026-10-09,call,7785.0,69.7,70.6,70.15
2026-10-09,put,7785.0,69.6,70.5,70.05
2026-10-09,call,7790.0,67.0,67.9,67.45
2026-10-09,put,7790.0,71.9,72.8,72.35
2026-10-09,call,7795.0,64.4,65.3,64.85
2026-10-09,put,7795.0,74.2,75.2,74.7
2026-10-09,call,7800.0,62.0,62.6,62.3
2026-10-09,put,7800.0,76.7,77.6,77.15
2026-10-09,call,7805.0,59.3,60.2,59.75
2026-10-09,put,7805.0,79.1,80.1,79.6
2026-10-09,call,7810.0,56.8,57.7,57.25
2026-10-09,put,7810.0,81.7,82.6,82.15
2026-10-09,call,7815.0,54.5,55.4,54.95
2026-10-09,put,7815.0,84.3,85.2,84.75
2026-10-09,call,7820.0,52.2,53.0,52.6
2026-10-09,put,7820.0,87.0,87.9,87.45
2026-10-09,call,7825.0,49.9,50.8,50.349999999999994
2026-10-09,put,7825.0,89.7,90.6,90.15
2026-10-09,call,7830.0,47.9,48.5,48.2
2026-10-09,put,7830.0,92.5,93.4,92.95
2026-10-09,call,7835.0,45.6,46.5,46.05
2026-10-09,put,7835.0,95.4,96.3,95.85
2026-10-09,call,7840.0,43.6,44.5,44.05
2026-10-09,put,7840.0,98.4,99.3,98.85
2026-10-09,call,7850.0,39.9,40.4,40.15
2026-10-09,put,7850.0,104.5,105.4,104.95
2026-10-09,call,7860.0,36.1,36.9,36.5
2026-10-09,put,7860.0,110.8,111.7,111.25
2026-10-09,call,7870.0,32.7,33.5,33.1
2026-10-09,put,7870.0,117.4,118.3,117.85
2026-10-09,call,7875.0,31.2,31.8,31.5
2026-10-09,put,7875.0,113.4,133.4,123.4
2026-10-09,call,7880.0,29.6,30.4,30.0
2026-10-09,put,7880.0,116.7,136.7,126.69999999999999
2026-10-09,call,7890.0,26.7,27.5,27.1
2026-10-09,put,7890.0,123.9,143.9,133.9
2026-10-09,call,7900.0,24.2,24.7,24.45
2026-10-09,put,7900.0,138.0,140.0,139.0
2026-10-09,call,7910.0,21.6,22.3,21.950000000000003
2026-10-09,put,7910.0,139.0,159.0,149.0
2026-10-09,call,7920.0,19.4,20.1,19.75
2026-10-09,put,7920.0,146.6,166.6,156.6
2026-10-09,call,7925.0,18.3,19.0,18.65
2026-10-09,put,7925.0,150.8,170.8,160.8
2026-10-09,call,7930.0,17.4,18.0,17.7
2026-10-09,put,7930.0,154.6,174.6,164.6
2026-10-09,call,7940.0,15.5,16.1,15.8
2026-10-09,put,7940.0,162.9,182.9,172.9
2026-10-09,call,7950.0,14.0,14.4,14.2
2026-10-09,put,7950.0,171.2,191.2,181.2
2026-10-09,call,7960.0,12.3,12.9,12.600000000000001
2026-10-09,put,7960.0,179.7,199.7,189.7
2026-10-09,call,7970.0,11.0,11.6,11.3
2026-10-09,put,7970.0,188.4,208.4,198.4
2026-10-09,call,7975.0,10.4,10.9,10.65
2026-10-09,put,7975.0,192.9,212.9,202.9
2026-10-09,call,7980.0,9.8,10.3,10.05
2026-10-09,put,7980.0,195.2,215.2,205.2
2026-10-09,call,7990.0,8.7,9.2,8.95
2026-10-09,put,7990.0,204.1,228.1,216.1
2026-10-09,call,8000.0,7.9,8.2,8.05
2026-10-09,put,8000.0,213.2,237.2,225.2
2026-10-09,call,8010.0,6.9,7.4,7.15
2026-10-09,put,8010.0,222.2,246.2,234.2
2026-10-09,call,8020.0,6.1,6.6,6.35
2026-10-09,put,8020.0,231.5,255.5,243.5
2026-10-09,call,8025.0,5.8,6.3,6.05
2026-10-09,put,8025.0,236.1,260.1,248.10000000000002
2026-10-09,call,8030.0,5.4,5.9,5.65
2026-10-09,put,8030.0,240.8,264.8,252.8
2026-10-09,call,8040.0,4.9,5.3,5.1
2026-10-09,put,8040.0,250.2,274.2,262.2
2026-10-09,call,8050.0,4.3,4.8,4.55
2026-10-09,put,8050.0,259.7,283.7,271.7
2026-10-09,call,8060.0,3.9,4.4,4.15
2026-10-09,put,8060.0,269.3,293.3,281.3
2026-10-09,call,8070.0,3.5,4.0,3.75
2026-10-09,put,8070.0,278.8,302.8,290.8
2026-10-09,call,8075.0,3.3,3.8,3.55
2026-10-09,put,8075.0,283.6,307.6,295.6
2026-10-09,call,8100.0,2.65,3.0,2.825
2026-10-09,put,8100.0,307.8,331.8,319.8
2026-10-09,call,8125.0,2.1,2.45,2.2750000000000004
2026-10-09,put,8125.0,332.4,356.4,344.4
2026-10-09,call,8150.0,1.75,2.0,1.875
2026-10-09,put,8150.0,357.0,381.0,369.0
2026-10-09,call,8175.0,1.45,1.7,1.575
2026-10-09,put,8175.0,381.8,405.8,393.8
2026-10-09,call,8200.0,1.2,1.45,1.325
2026-10-09,put,8200.0,406.3,430.3,418.3
2026-10-09,call,8225.0,1.0,1.3,1.15
2026-10-09,put,8225.0,430.9,454.9,442.9
2026-10-09,call,8250.0,0.85,1.15,1.0
2026-10-09,put,8250.0,455.8,479.8,467.8
2026-10-09,call,8275.0,0.75,1.0,0.875
2026-10-09,put,8275.0,480.6,504.6,492.6
2026-10-09,call,8300.0,0.65,0.9,0.775
2026-10-09,put,8300.0,505.5,529.5,517.5
2026-10-09,call,8325.0,0.55,0.8,0.675
2026-10-09,put,8325.0,530.4,554.4,542.4
2026-10-09,call,8350.0,0.45,0.75,0.6
2026-10-09,put,8350.0,555.3,579.3,567.3
2026-10-09,call,8375.0,0.4,0.7,0.55
2026-10-09,put,8375.0,580.1,604.1,592.1
2026-10-09,call,8400.0,0.35,0.6,0.475
2026-10-09,put,8400.0,605.0,629.0,617.0
2026-10-09,call,8450.0,0.25,0.5,0.375
2026-10-09,put,8450.0,654.8,678.8,666.8
2026-10-09,call,8500.0,0.2,0.45,0.325
2026-10-09,put,8500.0,704.6,728.6,716.6
2026-10-09,call,8600.0,0.1,0.35,0.22499999999999998
2026-10-09,put,8600.0,804.3,828.3,816.3
2026-10-09,call,8700.0,0.05,0.25,0.15
2026-10-09,put,8700.0,904.1,928.1,916.1
2026-10-09,put,8800.0,1004.0,1028.0,1016.0
2026-10-09,put,9000.0,1203.3,1227.3,1215.3
2026-10-09,put,9200.0,1402.8,1426.8,1414.8
2026-10-09,put,9400.0,1602.6,1626.6,1614.6
2026-10-09,put,9600.0,1802.0,1826.0,1814.0
2026-10-09,put,9800.0,2001.5,2025.5,2013.5
2026-10-09,put,10000.0,2201.3,2225.3,2213.3
2026-10-12,call,3200.0,4560.0,4584.0,4572.0
2026-10-12,call,3400.0,4360.6,4384.6,4372.6
2026-10-12,call,3600.0,4160.9,4184.9,4172.9
2026-10-12,call,3800.0,3961.4,3985.4,3973.4
2026-10-12,call,4000.0,3761.8,3785.8,3773.8
2026-10-12,call,4200.0,3562.3,3586.3,3574.3
2026-10-12,call,4400.0,3362.8,3386.8,3374.8
2026-10-12,call,4600.0,3163.2,3187.2,3175.2
2026-10-12,call,4800.0,2963.7,2987.7,2975.7
2026-10-12,put,4800.0,0.05,0.25,0.15
2026-10-12,call,5000.0,2764.1,2788.1,2776.1
2026-10-12,put,5000.0,0.1,0.3,0.2
2026-10-12,call,5200.0,2564.7,2588.7,2576.7
2026-10-12,put,5200.0,0.15,0.35,0.25
2026-10-12,call,5400.0,2365.2,2389.2,2377.2
2026-10-12,put,5400.0,0.2,0.4,0.30000000000000004
2026-10-12,call,5600.0,2165.8,2189.8,2177.8
2026-10-12,put,5600.0,0.3,0.5,0.4
2026-10-12,call,5800.0,1966.3,1990.3,1978.3
2026-10-12,put,5800.0,0.45,0.65,0.55
2026-10-12,call,6000.0,1766.9,1790.9,1778.9
2026-10-12,put,6000.0,0.6,0.8,0.7
2026-10-12,call,6100.0,1667.2,1691.2,1679.2
2026-10-12,put,6100.0,0.7,0.9,0.8
2026-10-12,call,6200.0,1567.7,1591.7,1579.7
2026-10-12,put,6200.0,0.8,1.05,0.925
2026-10-12,call,6300.0,1467.9,1491.9,1479.9
2026-10-12,put,6300.0,0.95,1.2,1.075
2026-10-12,call,6400.0,1368.4,1392.4,1380.4
2026-10-12,put,6400.0,1.1,1.35,1.225
2026-10-12,call,6500.0,1268.7,1292.7,1280.7
2026-10-12,put,6500.0,1.3,1.55,1.425
2026-10-12,call,6525.0,1243.9,1267.9,1255.9
2026-10-12,put,6525.0,1.35,1.6,1.475
2026-10-12,call,6550.0,1218.9,1242.9,1230.9
2026-10-12,put,6550.0,1.4,1.65,1.525
2026-10-12,call,6575.0,1194.0,1218.0,1206.0
2026-10-12,put,6575.0,1.45,1.7,1.575
2026-10-12,call,6600.0,1169.2,1193.2,1181.2
2026-10-12,put,6600.0,1.55,1.75,1.65
2026-10-12,call,6625.0,1144.4,1168.4,1156.4
2026-10-12,put,6625.0,1.6,1.85,1.725
2026-10-12,call,6650.0,1119.4,1143.4,1131.4
2026-10-12,put,6650.0,1.65,1.9,1.775
2026-10-12,call,6675.0,1094.5,1118.5,1106.5
2026-10-12,put,6675.0,1.75,1.95,1.85
2026-10-12,call,6700.0,1069.7,1093.7,1081.7
2026-10-12,put,6700.0,1.8,2.05,1.9249999999999998
2026-10-12,call,6725.0,1044.9,1068.9,1056.9
2026-10-12,put,6725.0,1.9,2.1,2.0
2026-10-12,call,6750.0,1020.0,1044.0,1032.0
2026-10-12,put,6750.0,1.95,2.2,2.075
2026-10-12,call,6775.0,995.0,1019.0,1007.0
2026-10-12,put,6775.0,2.05,2.3,2.175
2026-10-12,call,6800.0,970.3,994.3,982.3
2026-10-12,put,6800.0,2.15,2.4,2.275
2026-10-12,call,6825.0,945.5,969.5,957.5
2026-10-12,put,6825.0,2.25,2.5,2.375
2026-10-12,call,6850.0,920.6,944.6,932.6
2026-10-12,put,6850.0,2.35,2.6,2.475
2026-10-12,call,6875.0,895.8,919.8,907.8
2026-10-12,put,6875.0,2.45,2.7,2.575
2026-10-12,call,6900.0,870.9,894.9,882.9
2026-10-12,put,6900.0,2.55,2.8,2.675
2026-10-12,call,6925.0,846.0,870.0,858.0
2026-10-12,put,6925.0,2.7,2.95,2.825
2026-10-12,call,6950.0,821.2,845.2,833.2
2026-10-12,put,6950.0,2.85,3.1,2.975
2026-10-12,call,6975.0,796.6,820.6,808.6
2026-10-12,put,6975.0,2.95,3.2,3.075
2026-10-12,call,7000.0,771.7,795.7,783.7
2026-10-12,put,7000.0,3.1,3.4,3.25
2026-10-12,call,7025.0,746.9,770.9,758.9
2026-10-12,put,7025.0,3.3,3.6,3.45
2026-10-12,call,7050.0,722.1,746.1,734.1
2026-10-12,put,7050.0,3.4,3.8,3.5999999999999996
2026-10-12,call,7075.0,697.5,721.5,709.5
2026-10-12,put,7075.0,3.6,4.0,3.8
2026-10-12,call,7100.0,672.6,696.6,684.6
2026-10-12,put,7100.0,3.9,4.2,4.05
2026-10-12,call,7125.0,648.1,672.1,660.1
2026-10-12,put,7125.0,4.1,4.5,4.3
2026-10-12,call,7150.0,623.3,647.3,635.3
2026-10-12,put,7150.0,4.4,4.7,4.550000000000001
2026-10-12,call,7175.0,598.8,622.8,610.8
2026-10-12,put,7175.0,4.7,5.0,4.85
2026-10-12,call,7200.0,574.2,598.2,586.2
2026-10-12,put,7200.0,5.0,5.4,5.2
2026-10-12,call,7225.0,549.6,573.6,561.6
2026-10-12,put,7225.0,5.4,5.8,5.6
2026-10-12,call,7250.0,525.1,549.1,537.1
2026-10-12,put,7250.0,5.8,6.2,6.0
2026-10-12,call,7260.0,515.3,539.3,527.3
2026-10-12,put,7260.0,5.9,6.4,6.15
2026-10-12,call,7270.0,505.4,529.4,517.4
2026-10-12,put,7270.0,6.1,6.6,6.35
2026-10-12,call,7275.0,500.5,524.5,512.5
2026-10-12,put,7275.0,6.2,6.7,6.45
2026-10-12,call,7280.0,495.7,519.7,507.70000000000005
2026-10-12,put,7280.0,6.3,6.8,6.55
2026-10-12,call,7290.0,485.8,509.8,497.8
2026-10-12,put,7290.0,6.5,7.0,6.75
2026-10-12,call,7300.0,476.1,500.1,488.1
2026-10-12,put,7300.0,6.8,7.2,7.0
2026-10-12,call,7310.0,466.4,490.4,478.4
2026-10-12,put,7310.0,7.0,7.4,7.2
2026-10-12,call,7320.0,456.7,480.7,468.7
2026-10-12,put,7320.0,7.2,7.7,7.45
2026-10-12,call,7325.0,451.8,475.8,463.8
2026-10-12,put,7325.0,7.3,7.8,7.55
2026-10-12,call,7330.0,447.0,471.0,459.0
2026-10-12,put,7330.0,7.5,7.9,7.7
2026-10-12,call,7340.0,437.1,461.1,449.1
2026-10-12,put,7340.0,7.7,8.2,7.949999999999999
2026-10-12,call,7350.0,427.7,451.7,439.7
2026-10-12,put,7350.0,8.0,8.5,8.25
2026-10-12,call,7360.0,418.0,442.0,430.0
2026-10-12,put,7360.0,8.3,8.8,8.55
2026-10-12,call,7370.0,408.2,432.2,420.2
2026-10-12,put,7370.0,8.6,9.1,8.85
2026-10-12,call,7375.0,403.5,427.5,415.5
2026-10-12,put,7375.0,8.8,9.3,9.05
2026-10-12,call,7380.0,398.7,422.7,410.7
2026-10-12,put,7380.0,9.0,9.5,9.25
2026-10-12,call,7390.0,389.0,413.0,401.0
2026-10-12,put,7390.0,9.3,9.8,9.55
2026-10-12,call,7400.0,379.4,403.4,391.4
2026-10-12,put,7400.0,9.7,10.2,9.95
2026-10-12,call,7410.0,369.9,393.9,381.9
2026-10-12,put,7410.0,10.1,10.6,10.35
2026-10-12,call,7420.0,360.3,384.3,372.3
2026-10-12,put,7420.0,10.5,11.0,10.75
2026-10-12,call,7425.0,355.6,379.6,367.6
2026-10-12,put,7425.0,10.7,11.2,10.95
2026-10-12,call,7430.0,350.9,374.9,362.9
2026-10-12,put,7430.0,10.9,11.5,11.2
2026-10-12,call,7440.0,341.4,365.4,353.4
2026-10-12,put,7440.0,11.4,11.9,11.65
2026-10-12,call,7450.0,331.9,355.9,343.9
2026-10-12,put,7450.0,11.9,12.4,12.15
2026-10-12,call,7460.0,322.5,346.5,334.5
2026-10-12,put,7460.0,12.4,13.0,12.7
2026-10-12,call,7470.0,313.1,337.1,325.1
2026-10-12,put,7470.0,13.0,13.5,13.25
2026-10-12,call,7475.0,308.3,332.3,320.3
2026-10-12,put,7475.0,13.3,13.8,13.55
2026-10-12,call,7480.0,303.8,327.8,315.8
2026-10-12,put,7480.0,13.6,14.2,13.899999999999999
2026-10-12,call,7490.0,294.4,318.4,306.4
2026-10-12,put,7490.0,14.2,14.8,14.5
2026-10-12,call,7500.0,285.1,309.1,297.1
2026-10-12,put,7500.0,14.9,15.5,15.2
2026-10-12,call,7510.0,275.8,299.8,287.8
2026-10-12,put,7510.0,15.6,16.2,15.899999999999999
2026-10-12,call,7520.0,266.5,290.5,278.5
2026-10-12,put,7520.0,16.4,17.0,16.7
2026-10-12,call,7525.0,262.1,286.1,274.1
2026-10-12,put,7525.0,16.8,17.4,17.1
2026-10-12,call,7530.0,257.6,281.6,269.6
2026-10-12,put,7530.0,17.2,17.8,17.5
2026-10-12,call,7540.0,248.5,272.5,260.5
2026-10-12,put,7540.0,18.1,18.7,18.4
2026-10-12,call,7550.0,239.5,263.5,251.5
2026-10-12,put,7550.0,19.0,19.7,19.35
2026-10-12,call,7560.0,230.5,254.5,242.5
2026-10-12,put,7560.0,20.0,20.7,20.35
2026-10-12,call,7570.0,221.6,245.6,233.6
2026-10-12,put,7570.0,21.1,21.7,21.4
2026-10-12,call,7575.0,217.2,241.2,229.2
2026-10-12,put,7575.0,21.6,22.3,21.950000000000003
2026-10-12,call,7580.0,212.8,236.8,224.8
2026-10-12,put,7580.0,22.2,22.9,22.549999999999997
2026-10-12,call,7590.0,204.1,228.1,216.1
2026-10-12,put,7590.0,23.4,24.1,23.75
2026-10-12,call,7600.0,197.2,217.2,207.2
2026-10-12,put,7600.0,24.9,25.4,25.15
2026-10-12,call,7610.0,188.9,208.9,198.9
2026-10-12,put,7610.0,26.1,26.8,26.450000000000003
2026-10-12,call,7615.0,184.6,204.6,194.6
2026-10-12,put,7615.0,26.8,27.5,27.15
2026-10-12,call,7620.0,180.4,200.4,190.4
2026-10-12,put,7620.0,27.6,28.3,27.950000000000003
2026-10-12,call,7625.0,176.2,196.2,186.2
2026-10-12,put,7625.0,28.4,29.1,28.75
2026-10-12,call,7630.0,172.1,192.1,182.1
2026-10-12,put,7630.0,29.2,29.9,29.549999999999997
2026-10-12,call,7635.0,167.9,187.9,177.9
2026-10-12,put,7635.0,30.0,30.7,30.35
2026-10-12,call,7640.0,163.8,183.8,173.8
2026-10-12,put,7640.0,30.9,31.6,31.25
2026-10-12,call,7645.0,159.7,179.7,169.7
2026-10-12,put,7645.0,31.8,32.5,32.15
2026-10-12,call,7650.0,155.8,175.8,165.8
2026-10-12,put,7650.0,32.7,33.4,33.05
2026-10-12,call,7655.0,151.7,171.7,161.7
2026-10-12,put,7655.0,33.6,34.4,34.0
2026-10-12,call,7660.0,147.7,167.7,157.7
2026-10-12,put,7660.0,34.6,35.4,35.0
2026-10-12,call,7665.0,143.8,163.8,153.8
2026-10-12,put,7665.0,35.7,36.4,36.05
2026-10-12,call,7670.0,139.9,159.9,149.9
2026-10-12,put,7670.0,36.7,37.5,37.1
2026-10-12,call,7675.0,136.1,156.1,146.1
2026-10-12,put,7675.0,37.8,38.6,38.2
2026-10-12,call,7680.0,134.3,154.2,144.25
2026-10-12,put,7680.0,39.0,39.8,39.4
2026-10-12,call,7685.0,139.9,140.8,140.35000000000002
2026-10-12,put,7685.0,40.1,40.9,40.5
2026-10-12,call,7690.0,136.2,137.1,136.64999999999998
2026-10-12,put,7690.0,41.4,42.2,41.8
2026-10-12,call,7695.0,132.4,133.3,132.85000000000002
2026-10-12,put,7695.0,42.6,43.4,43.0
2026-10-12,call,7700.0,128.7,129.7,129.2
2026-10-12,put,7700.0,43.9,44.8,44.349999999999994
2026-10-12,call,7705.0,125.1,126.0,125.55
2026-10-12,put,7705.0,45.3,46.1,45.7
2026-10-12,call,7710.0,121.5,122.4,121.95
2026-10-12,put,7710.0,46.6,47.5,47.05
2026-10-12,call,7715.0,118.0,118.9,118.45
2026-10-12,put,7715.0,48.1,49.0,48.55
2026-10-12,call,7720.0,114.5,115.4,114.95
2026-10-12,put,7720.0,49.6,50.5,50.05
2026-10-12,call,7725.0,111.0,112.0,111.5
2026-10-12,put,7725.0,51.1,52.0,51.55
2026-10-12,call,7730.0,107.6,108.6,108.1
2026-10-12,put,7730.0,52.7,53.6,53.150000000000006
2026-10-12,call,7735.0,104.3,105.2,104.75
2026-10-12,put,7735.0,54.3,55.2,54.75
2026-10-12,call,7740.0,101.0,101.9,101.45
2026-10-12,put,7740.0,56.0,56.9,56.45
2026-10-12,call,7745.0,97.7,98.7,98.2
2026-10-12,put,7745.0,57.8,58.7,58.25
2026-10-12,call,7750.0,94.5,95.5,95.0
2026-10-12,put,7750.0,59.5,60.5,60.0
2026-10-12,call,7755.0,91.4,92.4,91.9
2026-10-12,put,7755.0,61.4,62.4,61.9
2026-10-12,call,7760.0,88.3,89.3,88.8
2026-10-12,put,7760.0,63.3,64.3,63.8
2026-10-12,call,7765.0,85.3,86.3,85.8
2026-10-12,put,7765.0,65.3,66.2,65.75
2026-10-12,call,7770.0,82.3,83.3,82.8
2026-10-12,put,7770.0,67.3,68.3,67.8
2026-10-12,call,7775.0,79.4,80.4,79.9
2026-10-12,put,7775.0,69.4,70.4,69.9
2026-10-12,call,7780.0,76.6,77.6,77.1
2026-10-12,put,7780.0,71.5,72.5,72.0
2026-10-12,call,7785.0,73.8,74.8,74.3
2026-10-12,put,7785.0,73.7,74.7,74.2
2026-10-12,call,7790.0,71.1,72.1,71.6
2026-10-12,put,7790.0,76.0,77.0,76.5
2026-10-12,call,7795.0,68.4,69.4,68.9
2026-10-12,put,7795.0,78.3,79.3,78.8
2026-10-12,call,7800.0,66.0,66.6,66.3
2026-10-12,put,7800.0,80.7,81.7,81.2
2026-10-12,call,7805.0,63.3,64.3,63.8
2026-10-12,put,7805.0,83.2,84.2,83.7
2026-10-12,call,7810.0,60.8,61.8,61.3
2026-10-12,put,7810.0,85.7,86.7,86.2
2026-10-12,call,7815.0,58.4,59.4,58.9
2026-10-12,put,7815.0,88.3,89.3,88.8
2026-10-12,call,7820.0,56.1,57.0,56.55
2026-10-12,put,7820.0,90.9,91.9,91.4
2026-10-12,call,7825.0,53.8,54.7,54.25
2026-10-12,put,7825.0,93.6,94.6,94.1
2026-10-12,call,7830.0,51.6,52.5,52.05
2026-10-12,put,7830.0,96.4,97.4,96.9
2026-10-12,call,7835.0,49.4,50.4,49.9
2026-10-12,put,7835.0,99.3,100.2,99.75
2026-10-12,call,7840.0,47.3,48.3,47.8
2026-10-12,put,7840.0,102.1,103.1,102.6
2026-10-12,call,7850.0,43.4,44.3,43.849999999999994
2026-10-12,put,7850.0,108.1,109.1,108.6
2026-10-12,call,7860.0,39.6,40.5,40.05
2026-10-12,put,7860.0,114.4,115.3,114.85
2026-10-12,call,7870.0,36.1,37.0,36.55
2026-10-12,put,7870.0,120.9,121.8,121.35
2026-10-12,call,7875.0,34.5,35.3,34.9
2026-10-12,put,7875.0,124.2,125.1,124.65
2026-10-12,call,7880.0,32.9,33.7,33.3
2026-10-12,put,7880.0,120.0,140.0,130.0
2026-10-12,call,7890.0,29.8,30.6,30.200000000000003
2026-10-12,put,7890.0,127.0,147.0,137.0
2026-10-12,call,7900.0,27.2,27.7,27.45
2026-10-12,put,7900.0,134.2,154.2,144.2
2026-10-12,call,7910.0,24.4,25.2,24.799999999999997
2026-10-12,put,7910.0,141.7,161.7,151.7
2026-10-12,call,7920.0,22.1,22.8,22.450000000000003
2026-10-12,put,7920.0,149.4,169.4,159.4
2026-10-12,call,7925.0,20.9,21.6,21.25
2026-10-12,put,7925.0,153.2,173.2,163.2
2026-10-12,call,7930.0,19.9,20.6,20.25
2026-10-12,put,7930.0,157.2,177.2,167.2
2026-10-12,call,7940.0,17.9,18.5,18.2
2026-10-12,put,7940.0,165.1,185.1,175.1
2026-10-12,call,7950.0,16.0,16.7,16.35
2026-10-12,put,7950.0,173.3,193.3,183.3
2026-10-12,call,7960.0,14.4,15.0,14.7
2026-10-12,put,7960.0,181.8,201.8,191.8
2026-10-12,call,7975.0,12.2,12.8,12.5
2026-10-12,put,7975.0,194.7,214.7,204.7
2026-10-12,call,8000.0,9.2,9.8,9.5
2026-10-12,put,8000.0,214.5,238.5,226.5
2026-10-12,call,8025.0,7.0,7.5,7.25
2026-10-12,put,8025.0,237.3,261.3,249.3
2026-10-12,call,8050.0,5.3,5.8,5.55
2026-10-12,put,8050.0,260.7,284.7,272.7
2026-10-12,call,8075.0,4.0,4.5,4.25
2026-10-12,put,8075.0,284.5,308.5,296.5
2026-10-12,call,8100.0,3.2,3.6,3.4000000000000004
2026-10-12,put,8100.0,308.4,332.4,320.4
2026-10-12,call,8125.0,2.55,2.9,2.7249999999999996
2026-10-12,put,8125.0,332.8,356.8,344.8
2026-10-12,call,8150.0,2.1,2.4,2.25
2026-10-12,put,8150.0,357.2,381.2,369.2
2026-10-12,call,8175.0,1.75,2.05,1.9
2026-10-12,put,8175.0,382.0,406.0,394.0
2026-10-12,call,8200.0,1.45,1.75,1.6
2026-10-12,put,8200.0,406.6,430.6,418.6
2026-10-12,call,8225.0,1.25,1.5,1.375
2026-10-12,put,8225.0,431.2,455.2,443.2
2026-10-12,call,8250.0,1.05,1.35,1.2000000000000002
2026-10-12,put,8250.0,456.1,480.1,468.1
2026-10-12,call,8275.0,0.9,1.2,1.05
2026-10-12,put,8275.0,480.8,504.8,492.8
2026-10-12,call,8300.0,0.8,1.05,0.925
2026-10-12,put,8300.0,505.7,529.7,517.7
2026-10-12,call,8400.0,0.45,0.7,0.575
2026-10-12,put,8400.0,605.2,629.2,617.2
2026-10-12,call,8500.0,0.25,0.5,0.375
2026-10-12,put,8500.0,704.8,728.8,716.8
2026-10-12,call,8600.0,0.1,0.35,0.22499999999999998
2026-10-12,put,8600.0,804.5,828.5,816.5
2026-10-12,put,8800.0,1003.8,1027.8,1015.8
2026-10-12,put,9000.0,1203.6,1227.6,1215.6
2026-10-12,put,9200.0,1403.0,1427.0,1415.0
2026-10-12,put,9400.0,1602.5,1626.5,1614.5
2026-10-12,put,9600.0,1802.1,1826.1,1814.1
2026-10-12,put,9800.0,2001.5,2025.5,2013.5
2026-10-12,put,10000.0,2201.1,2225.1,2213.1
2026-10-13,call,3200.0,4560.2,4584.2,4572.2
2026-10-13,call,3400.0,4360.8,4384.8,4372.8
2026-10-13,call,3600.0,4161.3,4185.3,4173.3
2026-10-13,call,3800.0,3961.6,3985.6,3973.6
2026-10-13,call,4000.0,3762.2,3786.2,3774.2
2026-10-13,call,4200.0,3562.7,3586.7,3574.7
2026-10-13,call,4400.0,3363.2,3387.2,3375.2
2026-10-13,call,4600.0,3163.6,3187.6,3175.6
2026-10-13,put,4600.0,0.05,0.2,0.125
2026-10-13,call,4800.0,2964.2,2988.2,2976.2
2026-10-13,put,4800.0,0.05,0.25,0.15
2026-10-13,call,5000.0,2764.6,2788.6,2776.6
2026-10-13,put,5000.0,0.2,0.3,0.25
2026-10-13,call,5200.0,2565.3,2589.3,2577.3
2026-10-13,put,5200.0,0.2,0.4,0.30000000000000004
2026-10-13,call,5400.0,2365.8,2389.8,2377.8
2026-10-13,put,5400.0,0.25,0.45,0.35
2026-10-13,call,5600.0,2166.4,2190.4,2178.4
2026-10-13,put,5600.0,0.4,0.6,0.5
2026-10-13,call,5800.0,1967.0,1991.0,1979.0
2026-10-13,put,5800.0,0.55,0.75,0.65
2026-10-13,call,6000.0,1767.5,1791.5,1779.5
2026-10-13,put,6000.0,0.75,0.95,0.85
2026-10-13,call,6100.0,1668.0,1692.0,1680.0
2026-10-13,put,6100.0,0.85,1.1,0.9750000000000001
2026-10-13,call,6200.0,1568.5,1592.5,1580.5
2026-10-13,put,6200.0,1.0,1.2,1.1
2026-10-13,call,6300.0,1468.8,1492.8,1480.8
2026-10-13,put,6300.0,1.15,1.4,1.275
2026-10-13,call,6400.0,1369.1,1393.1,1381.1
2026-10-13,put,6400.0,1.35,1.55,1.4500000000000002
2026-10-13,call,6500.0,1269.7,1293.7,1281.7
2026-10-13,put,6500.0,1.55,1.8,1.675
2026-10-13,call,6525.0,1244.6,1268.6,1256.6
2026-10-13,put,6525.0,1.6,1.85,1.725
2026-10-13,call,6550.0,1219.9,1243.9,1231.9
2026-10-13,put,6550.0,1.65,1.9,1.775
2026-10-13,call,6575.0,1195.2,1219.2,1207.2
2026-10-13,put,6575.0,1.75,1.95,1.85
2026-10-13,call,6600.0,1170.2,1194.2,1182.2
2026-10-13,put,6600.0,1.8,2.05,1.9249999999999998
2026-10-13,call,6625.0,1145.1,1169.1,1157.1
2026-10-13,put,6625.0,1.85,2.1,1.975
2026-10-13,call,6650.0,1120.4,1144.4,1132.4
2026-10-13,put,6650.0,1.95,2.2,2.075
2026-10-13,call,6675.0,1095.4,1119.4,1107.4
2026-10-13,put,6675.0,2.0,2.25,2.125
2026-10-13,call,6700.0,1070.8,1094.8,1082.8
2026-10-13,put,6700.0,2.1,2.35,2.225
2026-10-13,call,6725.0,1045.9,1069.9,1057.9
2026-10-13,put,6725.0,2.2,2.45,2.325
2026-10-13,call,6750.0,1021.0,1045.0,1033.0
2026-10-13,put,6750.0,2.3,2.55,2.425
2026-10-13,call,6775.0,996.1,1020.1,1008.1
2026-10-13,put,6775.0,2.4,2.65,2.525
2026-10-13,call,6800.0,971.2,995.2,983.2
2026-10-13,put,6800.0,2.5,2.75,2.625
2026-10-13,call,6825.0,946.5,970.5,958.5
2026-10-13,put,6825.0,2.6,2.85,2.725
2026-10-13,call,6850.0,921.8,945.8,933.8
2026-10-13,put,6850.0,2.7,2.95,2.825
2026-10-13,call,6875.0,896.9,920.9,908.9
2026-10-13,put,6875.0,2.85,3.1,2.975
2026-10-13,call,6900.0,872.1,896.1,884.1
2026-10-13,put,6900.0,3.0,3.3,3.15
2026-10-13,call,6925.0,847.3,871.3,859.3
2026-10-13,put,6925.0,3.1,3.4,3.25
2026-10-13,call,6950.0,822.5,846.5,834.5
2026-10-13,put,6950.0,3.3,3.6,3.45
2026-10-13,call,6975.0,797.6,821.6,809.6
2026-10-13,put,6975.0,3.4,3.7,3.55
2026-10-13,call,7000.0,772.9,796.9,784.9
2026-10-13,put,7000.0,3.6,3.9,3.75
2026-10-13,call,7025.0,748.3,772.3,760.3
2026-10-13,put,7025.0,3.8,4.1,3.9499999999999997
2026-10-13,call,7050.0,723.4,747.4,735.4
2026-10-13,put,7050.0,4.0,4.3,4.15
2026-10-13,call,7075.0,698.8,722.8,710.8
2026-10-13,put,7075.0,4.2,4.6,4.4
2026-10-13,call,7100.0,674.1,698.1,686.1
2026-10-13,put,7100.0,4.5,4.8,4.65
2026-10-13,call,7125.0,649.5,673.5,661.5
2026-10-13,put,7125.0,4.8,5.1,4.949999999999999
2026-10-13,call,7150.0,624.7,648.7,636.7
2026-10-13,put,7150.0,5.1,5.4,5.25
2026-10-13,call,7175.0,600.2,624.2,612.2
2026-10-13,put,7175.0,5.4,5.8,5.6
2026-10-13,call,7200.0,575.6,599.6,587.6
2026-10-13,put,7200.0,5.8,6.2,6.0
2026-10-13,call,7225.0,551.0,575.0,563.0
2026-10-13,put,7225.0,6.2,6.6,6.4
2026-10-13,call,7250.0,526.6,550.6,538.6
2026-10-13,put,7250.0,6.6,7.1,6.85
2026-10-13,call,7260.0,517.0,541.0,529.0
2026-10-13,put,7260.0,6.8,7.3,7.05
2026-10-13,call,7270.0,507.1,531.1,519.1
2026-10-13,put,7270.0,7.0,7.5,7.25
2026-10-13,call,7275.0,502.3,526.3,514.3
2026-10-13,put,7275.0,7.1,7.6,7.35
2026-10-13,call,7280.0,497.3,521.3,509.29999999999995
2026-10-13,put,7280.0,7.3,7.7,7.5
2026-10-13,call,7290.0,487.6,511.6,499.6
2026-10-13,put,7290.0,7.5,7.9,7.7
2026-10-13,call,7300.0,477.7,501.7,489.7
2026-10-13,put,7300.0,7.7,8.2,7.949999999999999
2026-10-13,call,7310.0,468.2,492.2,480.2
2026-10-13,put,7310.0,8.0,8.4,8.2
2026-10-13,call,7320.0,458.5,482.5,470.5
2026-10-13,put,7320.0,8.2,8.7,8.45
2026-10-13,call,7325.0,453.6,477.6,465.6
2026-10-13,put,7325.0,8.4,8.8,8.600000000000001
2026-10-13,call,7330.0,448.8,472.8,460.8
2026-10-13,put,7330.0,8.5,9.0,8.75
2026-10-13,call,7340.0,439.1,463.1,451.1
2026-10-13,put,7340.0,8.8,9.3,9.05
2026-10-13,call,7350.0,429.5,453.5,441.5
2026-10-13,put,7350.0,9.1,9.6,9.35
2026-10-13,call,7360.0,419.9,443.9,431.9
2026-10-13,put,7360.0,9.5,9.9,9.7
2026-10-13,call,7370.0,410.2,434.2,422.2
2026-10-13,put,7370.0,9.8,10.3,10.05
2026-10-13,call,7375.0,405.4,429.4,417.4
2026-10-13,put,7375.0,10.0,10.5,10.25
2026-10-13,call,7380.0,400.7,424.7,412.7
2026-10-13,put,7380.0,10.2,10.7,10.45
2026-10-13,call,7390.0,390.9,414.9,402.9
2026-10-13,put,7390.0,10.5,11.0,10.75
2026-10-13,call,7400.0,381.3,405.3,393.3
2026-10-13,put,7400.0,10.9,11.4,11.15
2026-10-13,call,7410.0,371.8,395.8,383.8
2026-10-13,put,7410.0,11.4,11.9,11.65
2026-10-13,call,7420.0,362.5,386.5,374.5
2026-10-13,put,7420.0,11.8,12.3,12.05
2026-10-13,call,7425.0,357.7,381.7,369.7
2026-10-13,put,7425.0,12.1,12.6,12.35
2026-10-13,call,7430.0,353.0,377.0,365.0
2026-10-13,put,7430.0,12.3,12.8,12.55
2026-10-13,call,7440.0,343.6,367.6,355.6
2026-10-13,put,7440.0,12.8,13.3,13.05
2026-10-13,call,7450.0,334.1,358.1,346.1
2026-10-13,put,7450.0,13.3,13.9,13.600000000000001
2026-10-13,call,7460.0,324.7,348.7,336.7
2026-10-13,put,7460.0,13.9,14.5,14.2
2026-10-13,call,7470.0,315.4,339.4,327.4
2026-10-13,put,7470.0,14.5,15.1,14.8
2026-10-13,call,7475.0,310.7,334.7,322.7
2026-10-13,put,7475.0,14.8,15.4,15.100000000000001
2026-10-13,call,7480.0,306.0,330.0,318.0
2026-10-13,put,7480.0,15.2,15.7,15.45
2026-10-13,call,7490.0,296.9,320.9,308.9
2026-10-13,put,7490.0,15.8,16.4,16.1
2026-10-13,call,7500.0,287.6,311.6,299.6
2026-10-13,put,7500.0,16.5,17.1,16.8
2026-10-13,call,7510.0,278.4,302.4,290.4
2026-10-13,put,7510.0,17.3,17.9,17.6
2026-10-13,call,7520.0,269.2,293.2,281.2
2026-10-13,put,7520.0,18.1,18.8,18.450000000000003
2026-10-13,call,7525.0,264.7,288.7,276.7
2026-10-13,put,7525.0,18.5,19.2,18.85
2026-10-13,call,7530.0,260.2,284.2,272.2
2026-10-13,put,7530.0,19.0,19.6,19.3
2026-10-13,call,7540.0,251.1,275.1,263.1
2026-10-13,put,7540.0,19.9,20.6,20.25
2026-10-13,call,7550.0,242.2,266.2,254.2
2026-10-13,put,7550.0,20.9,21.6,21.25
2026-10-13,call,7560.0,233.3,257.3,245.3
2026-10-13,put,7560.0,22.0,22.6,22.3
2026-10-13,call,7570.0,224.5,248.5,236.5
2026-10-13,put,7570.0,23.1,23.8,23.450000000000003
2026-10-13,call,7575.0,220.1,244.1,232.1
2026-10-13,put,7575.0,23.7,24.4,24.049999999999997
2026-10-13,call,7580.0,215.6,239.6,227.6
2026-10-13,put,7580.0,24.3,25.0,24.65
2026-10-13,call,7590.0,207.1,231.1,219.1
2026-10-13,put,7590.0,25.5,26.3,25.9
2026-10-13,call,7600.0,200.2,219.1,209.64999999999998
2026-10-13,put,7600.0,26.9,27.6,27.25
2026-10-13,call,7610.0,191.9,211.9,201.9
2026-10-13,put,7610.0,28.3,29.1,28.700000000000003
2026-10-13,call,7620.0,183.5,203.5,193.5
2026-10-13,put,7620.0,29.9,30.6,30.25
2026-10-13,call,7625.0,179.4,199.4,189.4
2026-10-13,put,7625.0,30.7,31.4,31.049999999999997
2026-10-13,call,7630.0,175.2,195.2,185.2
2026-10-13,put,7630.0,31.5,32.3,31.9
2026-10-13,call,7640.0,167.1,187.1,177.1
2026-10-13,put,7640.0,33.3,34.1,33.7
2026-10-13,call,7650.0,159.0,179.0,169.0
2026-10-13,put,7650.0,35.1,36.0,35.55
2026-10-13,call,7660.0,151.1,171.1,161.1
2026-10-13,put,7660.0,37.2,38.0,37.6
2026-10-13,call,7670.0,143.2,163.2,153.2
2026-10-13,put,7670.0,39.3,40.1,39.7
2026-10-13,call,7675.0,141.6,161.5,151.55
2026-10-13,put,7675.0,40.4,41.3,40.849999999999994
2026-10-13,call,7680.0,147.2,148.1,147.64999999999998
2026-10-13,put,7680.0,41.6,42.4,42.0
2026-10-13,call,7690.0,139.7,140.6,140.14999999999998
2026-10-13,put,7690.0,44.0,44.9,44.45
2026-10-13,call,7700.0,132.3,133.2,132.75
2026-10-13,put,7700.0,46.8,47.4,47.099999999999994
2026-10-13,call,7710.0,125.1,126.1,125.6
2026-10-13,put,7710.0,49.4,50.3,49.849999999999994
2026-10-13,call,7720.0,118.1,119.1,118.6
2026-10-13,put,7720.0,52.3,53.3,52.8
2026-10-13,call,7725.0,114.6,115.6,115.1
2026-10-13,put,7725.0,53.9,54.8,54.349999999999994
2026-10-13,call,7730.0,111.2,112.2,111.7
2026-10-13,put,7730.0,55.5,56.4,55.95
2026-10-13,call,7740.0,104.6,105.6,105.1
2026-10-13,put,7740.0,58.8,59.8,59.3
2026-10-13,call,7750.0,98.2,99.2,98.7
2026-10-13,put,7750.0,62.4,63.3,62.849999999999994
2026-10-13,call,7760.0,92.0,93.0,92.5
2026-10-13,put,7760.0,66.1,67.1,66.6
2026-10-13,call,7770.0,86.0,87.0,86.5
2026-10-13,put,7770.0,70.1,71.1,70.6
2026-10-13,call,7775.0,83.0,84.1,83.55
2026-10-13,put,7775.0,72.2,73.2,72.7
2026-10-13,call,7780.0,80.2,81.2,80.7
2026-10-13,put,7780.0,74.3,75.3,74.8
2026-10-13,call,7790.0,74.6,75.7,75.15
2026-10-13,put,7790.0,78.7,79.8,79.25
2026-10-13,call,7800.0,69.3,70.4,69.85
2026-10-13,put,7800.0,83.4,84.4,83.9
2026-10-13,call,7810.0,64.3,65.3,64.8
2026-10-13,put,7810.0,88.3,89.3,88.8
2026-10-13,call,7820.0,59.5,60.5,60.0
2026-10-13,put,7820.0,93.5,94.5,94.0
2026-10-13,call,7825.0,57.2,58.1,57.650000000000006
2026-10-13,put,7825.0,96.2,97.2,96.7
2026-10-13,call,7830.0,54.9,55.9,55.4
2026-10-13,put,7830.0,98.9,99.9,99.4
2026-10-13,call,7840.0,50.6,51.5,51.05
2026-10-13,put,7840.0,104.5,105.5,105.0
2026-10-13,call,7850.0,46.5,47.4,46.95
2026-10-13,put,7850.0,110.4,111.4,110.9
2026-10-13,call,7860.0,42.7,43.6,43.150000000000006
2026-10-13,put,7860.0,116.6,117.5,117.05
2026-10-13,call,7870.0,39.1,39.9,39.5
2026-10-13,put,7870.0,122.9,123.9,123.4
2026-10-13,call,7875.0,37.4,38.2,37.8
2026-10-13,put,7875.0,126.2,127.1,126.65
2026-10-13,call,7880.0,35.7,36.5,36.1
2026-10-13,put,7880.0,129.6,130.5,130.05
2026-10-13,call,7890.0,32.6,33.4,33.0
2026-10-13,put,7890.0,128.8,148.8,138.8
2026-10-13,call,7900.0,29.6,30.4,30.0
2026-10-13,put,7900.0,136.0,156.0,146.0
2026-10-13,call,7910.0,26.9,27.7,27.299999999999997
2026-10-13,put,7910.0,143.4,163.4,153.4
2026-10-13,call,7920.0,24.4,25.2,24.799999999999997
2026-10-13,put,7920.0,150.8,170.8,160.8
2026-10-13,call,7925.0,23.2,24.0,23.6
2026-10-13,put,7925.0,154.7,174.7,164.7
2026-10-13,call,7950.0,18.0,18.7,18.35
2026-10-13,put,7950.0,174.4,194.4,184.4
2026-10-13,call,7975.0,13.9,14.5,14.2
2026-10-13,put,7975.0,195.2,215.2,205.2
2026-10-13,call,8000.0,10.6,11.2,10.899999999999999
2026-10-13,put,8000.0,215.2,239.2,227.2
2026-10-13,call,8025.0,8.1,8.7,8.399999999999999
2026-10-13,put,8025.0,237.6,261.6,249.60000000000002
2026-10-13,call,8050.0,6.2,6.7,6.45
2026-10-13,put,8050.0,260.6,284.6,272.6
2026-10-13,call,8075.0,4.8,5.3,5.05
2026-10-13,put,8075.0,284.2,308.2,296.2
2026-10-13,call,8100.0,3.7,4.2,3.95
2026-10-13,put,8100.0,308.2,332.2,320.2
2026-10-13,call,8125.0,3.0,3.4,3.2
2026-10-13,put,8125.0,332.6,356.6,344.6
2026-10-13,call,8150.0,2.45,2.8,2.625
2026-10-13,put,8150.0,356.8,380.8,368.8
2026-10-13,call,8175.0,2.0,2.35,2.175
2026-10-13,put,8175.0,381.3,405.3,393.3
2026-10-13,call,8200.0,1.7,2.0,1.85
2026-10-13,put,8200.0,405.9,429.9,417.9
2026-10-13,call,8225.0,1.45,1.7,1.575
2026-10-13,put,8225.0,430.6,454.6,442.6
2026-10-13,call,8250.0,1.2,1.5,1.35
2026-10-13,put,8250.0,455.3,479.3,467.3
2026-10-13,call,8275.0,1.05,1.3,1.175
2026-10-13,put,8275.0,480.1,504.1,492.1
2026-10-13,call,8300.0,0.9,1.2,1.05
2026-10-13,put,8300.0,504.9,528.9,516.9
2026-10-13,call,8400.0,0.5,0.8,0.65
2026-10-13,put,8400.0,604.3,628.3,616.3
2026-10-13,call,8500.0,0.25,0.55,0.4
2026-10-13,put,8500.0,703.8,727.8,715.8
2026-10-13,call,8600.0,0.1,0.4,0.25
2026-10-13,put,8600.0,803.4,827.4,815.4
2026-10-13,put,8800.0,1002.8,1026.8,1014.8
2026-10-13,put,9000.0,1202.3,1226.3,1214.3
2026-10-13,put,9200.0,1401.9,1425.9,1413.9
2026-10-13,put,9400.0,1601.3,1625.3,1613.3
2026-10-13,put,9600.0,1800.9,1824.9,1812.9
2026-10-13,put,9800.0,2000.4,2024.4,2012.4
2026-10-13,put,10000.0,2200.2,2224.2,2212.2
2026-10-14,call,3200.0,4560.7,4584.7,4572.7
2026-10-14,call,3400.0,4361.1,4385.1,4373.1
2026-10-14,call,3600.0,4161.7,4185.7,4173.7
2026-10-14,call,3800.0,3962.1,3986.1,3974.1
2026-10-14,call,4000.0,3762.6,3786.6,3774.6
2026-10-14,call,4200.0,3563.1,3587.1,3575.1
2026-10-14,call,4400.0,3363.6,3387.6,3375.6
2026-10-14,call,4600.0,3164.2,3188.2,3176.2
2026-10-14,put,4600.0,0.05,0.25,0.15
2026-10-14,call,4800.0,2964.8,2988.8,2976.8
2026-10-14,put,4800.0,0.1,0.3,0.2
2026-10-14,call,5000.0,2765.2,2789.2,2777.2
2026-10-14,put,5000.0,0.15,0.35,0.25
2026-10-14,call,5200.0,2565.8,2589.8,2577.8
2026-10-14,put,5200.0,0.25,0.45,0.35
2026-10-14,call,5400.0,2366.4,2390.4,2378.4
2026-10-14,put,5400.0,0.35,0.55,0.45
2026-10-14,call,5600.0,2167.1,2191.1,2179.1
2026-10-14,put,5600.0,0.5,0.7,0.6
2026-10-14,call,5800.0,1967.8,1991.8,1979.8
2026-10-14,put,5800.0,0.7,0.9,0.8
2026-10-14,call,6000.0,1768.5,1792.5,1780.5
2026-10-14,put,6000.0,0.95,1.15,1.0499999999999998
2026-10-14,call,6100.0,1668.7,1692.7,1680.7
2026-10-14,put,6100.0,1.1,1.3,1.2000000000000002
2026-10-14,call,6200.0,1569.3,1593.3,1581.3
2026-10-14,put,6200.0,1.25,1.45,1.35
2026-10-14,call,6300.0,1469.8,1493.8,1481.8
2026-10-14,put,6300.0,1.4,1.65,1.525
2026-10-14,call,6400.0,1370.3,1394.3,1382.3
2026-10-14,put,6400.0,1.65,1.85,1.75
2026-10-14,call,6500.0,1270.8,1294.8,1282.8
2026-10-14,put,6500.0,1.85,2.1,1.975
2026-10-14,call,6525.0,1245.8,1269.8,1257.8
2026-10-14,put,6525.0,1.95,2.2,2.075
2026-10-14,call,6550.0,1221.0,1245.0,1233.0
2026-10-14,put,6550.0,2.0,2.25,2.125
2026-10-14,call,6575.0,1196.0,1220.0,1208.0
2026-10-14,put,6575.0,2.1,2.35,2.225
2026-10-14,call,6600.0,1171.3,1195.3,1183.3
2026-10-14,put,6600.0,2.15,2.4,2.275
2026-10-14,call,6625.0,1146.4,1170.4,1158.4
2026-10-14,put,6625.0,2.25,2.5,2.375
2026-10-14,call,6650.0,1121.6,1145.6,1133.6
2026-10-14,put,6650.0,2.35,2.6,2.475
2026-10-14,call,6675.0,1096.8,1120.8,1108.8
2026-10-14,put,6675.0,2.45,2.7,2.575
2026-10-14,call,6700.0,1071.9,1095.9,1083.9
2026-10-14,put,6700.0,2.55,2.8,2.675
2026-10-14,call,6725.0,1047.1,1071.1,1059.1
2026-10-14,put,6725.0,2.65,2.9,2.775
2026-10-14,call,6750.0,1022.1,1046.1,1034.1
2026-10-14,put,6750.0,2.75,3.0,2.875
2026-10-14,call,6775.0,997.4,1021.4,1009.4
2026-10-14,put,6775.0,2.85,3.1,2.975
2026-10-14,call,6800.0,972.5,996.5,984.5
2026-10-14,put,6800.0,2.95,3.3,3.125
2026-10-14,call,6825.0,947.9,971.9,959.9
2026-10-14,put,6825.0,3.1,3.4,3.25
2026-10-14,call,6850.0,922.9,946.9,934.9
2026-10-14,put,6850.0,3.2,3.5,3.35
2026-10-14,call,6875.0,898.1,922.1,910.1
2026-10-14,put,6875.0,3.4,3.7,3.55
2026-10-14,call,6900.0,873.4,897.4,885.4
2026-10-14,put,6900.0,3.5,3.8,3.65
2026-10-14,call,6925.0,848.6,872.6,860.6
2026-10-14,put,6925.0,3.7,4.0,3.85
2026-10-14,call,6950.0,823.8,847.8,835.8
2026-10-14,put,6950.0,3.9,4.2,4.05
2026-10-14,call,6975.0,799.1,823.1,811.1
2026-10-14,put,6975.0,4.0,4.4,4.2
2026-10-14,call,7000.0,774.3,798.3,786.3
2026-10-14,put,7000.0,4.3,4.6,4.449999999999999
2026-10-14,call,7025.0,749.8,773.8,761.8
2026-10-14,put,7025.0,4.5,4.8,4.65
2026-10-14,call,7050.0,725.1,749.1,737.1
2026-10-14,put,7050.0,4.7,5.1,4.9
2026-10-14,call,7075.0,700.3,724.3,712.3
2026-10-14,put,7075.0,5.0,5.3,5.15
2026-10-14,call,7100.0,675.7,699.7,687.7
2026-10-14,put,7100.0,5.3,5.6,5.449999999999999
2026-10-14,call,7125.0,651.1,675.1,663.1
2026-10-14,put,7125.0,5.6,6.0,5.8
2026-10-14,call,7150.0,626.3,650.3,638.3
2026-10-14,put,7150.0,6.0,6.3,6.15
2026-10-14,call,7175.0,602.0,626.0,614.0
2026-10-14,put,7175.0,6.3,6.7,6.5
2026-10-14,call,7200.0,577.5,601.5,589.5
2026-10-14,put,7200.0,6.8,7.2,7.0
2026-10-14,call,7225.0,552.9,576.9,564.9
2026-10-14,put,7225.0,7.2,7.6,7.4
2026-10-14,call,7250.0,528.6,552.6,540.6
2026-10-14,put,7250.0,7.8,8.2,8.0
2026-10-14,call,7260.0,518.9,542.9,530.9
2026-10-14,put,7260.0,8.0,8.4,8.2
2026-10-14,call,7270.0,509.1,533.1,521.1
2026-10-14,put,7270.0,8.2,8.7,8.45
2026-10-14,call,7275.0,504.3,528.3,516.3
2026-10-14,put,7275.0,8.4,8.8,8.600000000000001
2026-10-14,call,7280.0,499.5,523.5,511.5
2026-10-14,put,7280.0,8.5,8.9,8.7
2026-10-14,call,7290.0,489.7,513.7,501.70000000000005
2026-10-14,put,7290.0,8.7,9.2,8.95
2026-10-14,call,7300.0,479.9,503.9,491.9
2026-10-14,put,7300.0,9.0,9.5,9.25
2026-10-14,call,7310.0,470.4,494.4,482.4
2026-10-14,put,7310.0,9.3,9.8,9.55
2026-10-14,call,7320.0,460.6,484.6,472.6
2026-10-14,put,7320.0,9.6,10.1,9.85
2026-10-14,call,7325.0,456.0,480.0,468.0
2026-10-14,put,7325.0,9.8,10.2,10.0
2026-10-14,call,7330.0,450.9,474.9,462.9
2026-10-14,put,7330.0,9.9,10.4,10.15
2026-10-14,call,7340.0,441.4,465.4,453.4
2026-10-14,put,7340.0,10.3,10.7,10.5
2026-10-14,call,7350.0,431.8,455.8,443.8
2026-10-14,put,7350.0,10.6,11.1,10.85
2026-10-14,call,7360.0,422.2,446.2,434.2
2026-10-14,put,7360.0,11.0,11.5,11.25
2026-10-14,call,7370.0,412.7,436.7,424.7
2026-10-14,put,7370.0,11.4,11.8,11.600000000000001
2026-10-14,call,7375.0,408.0,432.0,420.0
2026-10-14,put,7375.0,11.6,12.1,11.85
2026-10-14,call,7380.0,403.1,427.1,415.1
2026-10-14,put,7380.0,11.8,12.3,12.05
2026-10-14,call,7390.0,393.5,417.5,405.5
2026-10-14,put,7390.0,12.2,12.7,12.45
2026-10-14,call,7400.0,384.1,408.1,396.1
2026-10-14,put,7400.0,12.7,13.2,12.95
2026-10-14,call,7410.0,374.6,398.6,386.6
2026-10-14,put,7410.0,13.2,13.7,13.45
2026-10-14,call,7420.0,365.1,389.1,377.1
2026-10-14,put,7420.0,13.7,14.2,13.95
2026-10-14,call,7425.0,360.4,384.4,372.4
2026-10-14,put,7425.0,13.9,14.4,14.15
2026-10-14,call,7430.0,355.6,379.6,367.6
2026-10-14,put,7430.0,14.2,14.7,14.45
2026-10-14,call,7440.0,346.4,370.4,358.4
2026-10-14,put,7440.0,14.8,15.3,15.05
2026-10-14,call,7450.0,336.9,360.9,348.9
2026-10-14,put,7450.0,15.4,15.9,15.65
2026-10-14,call,7460.0,327.6,351.6,339.6
2026-10-14,put,7460.0,16.0,16.5,16.25
2026-10-14,call,7470.0,318.2,342.2,330.2
2026-10-14,put,7470.0,16.7,17.2,16.95
2026-10-14,call,7475.0,313.8,337.8,325.8
2026-10-14,put,7475.0,17.0,17.6,17.3
2026-10-14,call,7480.0,309.0,333.0,321.0
2026-10-14,put,7480.0,17.4,17.9,17.65
2026-10-14,call,7490.0,300.0,324.0,312.0
2026-10-14,put,7490.0,18.1,18.7,18.4
2026-10-14,call,7500.0,290.8,314.8,302.8
2026-10-14,put,7500.0,18.9,19.5,19.2
2026-10-14,call,7510.0,281.7,305.7,293.7
2026-10-14,put,7510.0,19.7,20.4,20.049999999999997
2026-10-14,call,7520.0,272.6,296.6,284.6
2026-10-14,put,7520.0,20.7,21.3,21.0
2026-10-14,call,7525.0,268.2,292.2,280.2
2026-10-14,put,7525.0,21.1,21.8,21.450000000000003
2026-10-14,call,7530.0,263.6,287.6,275.6
2026-10-14,put,7530.0,21.6,22.2,21.9
2026-10-14,call,7540.0,254.8,278.8,266.8
2026-10-14,put,7540.0,22.6,23.3,22.950000000000003
2026-10-14,call,7550.0,245.9,269.9,257.9
2026-10-14,put,7550.0,23.7,24.3,24.0
2026-10-14,call,7560.0,237.0,261.0,249.0
2026-10-14,put,7560.0,24.8,25.5,25.15
2026-10-14,call,7570.0,228.1,252.1,240.1
2026-10-14,put,7570.0,26.0,26.7,26.35
2026-10-14,call,7575.0,223.9,247.9,235.9
2026-10-14,put,7575.0,26.6,27.3,26.950000000000003
2026-10-14,call,7580.0,219.5,243.5,231.5
2026-10-14,put,7580.0,27.3,28.0,27.65
2026-10-14,call,7590.0,210.9,234.9,222.9
2026-10-14,put,7590.0,28.6,29.4,29.0
2026-10-14,call,7600.0,202.6,226.2,214.39999999999998
2026-10-14,put,7600.0,30.1,30.8,30.450000000000003
2026-10-14,call,7610.0,196.1,216.1,206.1
2026-10-14,put,7610.0,31.6,32.4,32.0
2026-10-14,call,7620.0,187.8,207.8,197.8
2026-10-14,put,7620.0,33.2,34.0,33.6
2026-10-14,call,7625.0,183.7,203.7,193.7
2026-10-14,put,7625.0,34.1,34.9,34.5
2026-10-14,call,7630.0,179.7,199.7,189.7
2026-10-14,put,7630.0,34.9,35.8,35.349999999999994
2026-10-14,call,7640.0,171.6,191.6,181.6
2026-10-14,put,7640.0,36.8,37.6,37.2
2026-10-14,call,7650.0,163.5,183.5,173.5
2026-10-14,put,7650.0,38.8,39.6,39.2
2026-10-14,call,7660.0,155.7,175.7,165.7
2026-10-14,put,7660.0,40.8,41.7,41.25
2026-10-14,call,7670.0,150.1,170.0,160.05
2026-10-14,put,7670.0,43.1,43.9,43.5
2026-10-14,call,7675.0,155.7,156.6,156.14999999999998
2026-10-14,put,7675.0,44.2,45.1,44.650000000000006
2026-10-14,call,7680.0,151.9,152.9,152.4
2026-10-14,put,7680.0,45.4,46.3,45.849999999999994
2026-10-14,call,7690.0,144.4,145.4,144.9
2026-10-14,put,7690.0,47.9,48.8,48.349999999999994
2026-10-14,call,7700.0,137.1,138.1,137.6
2026-10-14,put,7700.0,50.6,51.5,51.05
2026-10-14,call,7710.0,130.0,131.0,130.5
2026-10-14,put,7710.0,53.4,54.4,53.9
2026-10-14,call,7720.0,123.0,124.0,123.5
2026-10-14,put,7720.0,56.4,57.4,56.9
2026-10-14,call,7725.0,119.6,120.6,120.1
2026-10-14,put,7725.0,58.0,58.9,58.45
2026-10-14,call,7730.0,116.2,117.2,116.7
2026-10-14,put,7730.0,59.6,60.6,60.1
2026-10-14,call,7740.0,109.6,110.6,110.1
2026-10-14,put,7740.0,62.9,63.9,63.4
2026-10-14,call,7750.0,103.2,104.2,103.7
2026-10-14,put,7750.0,66.5,67.5,67.0
2026-10-14,call,7760.0,97.0,98.0,97.5
2026-10-14,put,7760.0,70.3,71.3,70.8
2026-10-14,call,7770.0,91.0,92.0,91.5
2026-10-14,put,7770.0,74.2,75.3,74.75
2026-10-14,call,7775.0,88.1,89.1,88.6
2026-10-14,put,7775.0,76.3,77.4,76.85
2026-10-14,call,7780.0,85.2,86.3,85.75
2026-10-14,put,7780.0,78.4,79.5,78.95
2026-10-14,call,7790.0,79.6,80.7,80.15
2026-10-14,put,7790.0,82.8,83.9,83.35
2026-10-14,call,7800.0,74.6,75.3,74.94999999999999
2026-10-14,put,7800.0,87.5,88.5,88.0
2026-10-14,call,7810.0,69.2,70.2,69.7
2026-10-14,put,7810.0,92.3,93.4,92.85
2026-10-14,call,7820.0,64.3,65.3,64.8
2026-10-14,put,7820.0,97.4,98.5,97.95
2026-10-14,call,7825.0,61.9,63.0,62.45
2026-10-14,put,7825.0,100.1,101.1,100.6
2026-10-14,call,7830.0,59.7,60.7,60.2
2026-10-14,put,7830.0,102.7,103.8,103.25
2026-10-14,call,7840.0,55.2,56.2,55.7
2026-10-14,put,7840.0,108.3,109.3,108.8
2026-10-14,call,7850.0,51.1,52.0,51.55
2026-10-14,put,7850.0,114.1,115.1,114.6
2026-10-14,call,7860.0,47.1,48.1,47.6
2026-10-14,put,7860.0,120.1,121.1,120.6
2026-10-14,call,7870.0,43.4,44.3,43.849999999999994
2026-10-14,put,7870.0,126.3,127.3,126.8
2026-10-14,call,7875.0,41.6,42.5,42.05
2026-10-14,put,7875.0,129.6,130.5,130.05
2026-10-14,call,7880.0,39.9,40.8,40.349999999999994
2026-10-14,put,7880.0,132.8,133.8,133.3
2026-10-14,call,7890.0,36.6,37.4,37.0
2026-10-14,put,7890.0,132.0,152.0,142.0
2026-10-14,call,7900.0,33.7,34.3,34.0
2026-10-14,put,7900.0,138.9,158.9,148.9
2026-10-14,call,7910.0,30.6,31.4,31.0
2026-10-14,put,7910.0,146.0,166.0,156.0
2026-10-14,call,7920.0,27.9,28.7,28.299999999999997
2026-10-14,put,7920.0,153.4,173.4,163.4
2026-10-14,call,7925.0,26.7,27.5,27.1
2026-10-14,put,7925.0,157.1,177.1,167.1
2026-10-14,call,7950.0,21.0,21.8,21.4
2026-10-14,put,7950.0,176.5,196.5,186.5
2026-10-14,call,7975.0,16.5,17.2,16.85
2026-10-14,put,7975.0,195.2,215.2,205.2
2026-10-14,call,8000.0,12.8,13.4,13.100000000000001
2026-10-14,put,8000.0,216.3,240.3,228.3
2026-10-14,call,8025.0,9.9,10.5,10.2
2026-10-14,put,8025.0,238.4,262.4,250.39999999999998
2026-10-14,call,8050.0,7.7,8.3,8.0
2026-10-14,put,8050.0,261.3,285.3,273.3
2026-10-14,call,8075.0,5.9,6.5,6.2
2026-10-14,put,8075.0,284.4,308.4,296.4
2026-10-14,call,8100.0,4.7,5.2,4.95
2026-10-14,put,8100.0,308.1,332.1,320.1
2026-10-14,call,8125.0,3.7,4.2,3.95
2026-10-14,put,8125.0,332.1,356.1,344.1
2026-10-14,call,8150.0,3.0,3.5,3.25
2026-10-14,put,8150.0,356.5,380.5,368.5
2026-10-14,call,8175.0,2.5,2.85,2.675
2026-10-14,put,8175.0,380.8,404.8,392.8
2026-10-14,call,8200.0,2.1,2.45,2.2750000000000004
2026-10-14,put,8200.0,405.3,429.3,417.3
2026-10-14,call,8225.0,1.8,2.1,1.9500000000000002
2026-10-14,put,8225.0,430.2,454.2,442.2
2026-10-14,call,8250.0,1.55,1.8,1.675
2026-10-14,put,8250.0,454.9,478.9,466.9
2026-10-14,call,8275.0,1.3,1.6,1.4500000000000002
2026-10-14,put,8275.0,479.5,503.5,491.5
2026-10-14,call,8300.0,1.15,1.4,1.275
2026-10-14,put,8300.0,504.4,528.4,516.4
2026-10-14,call,8400.0,0.65,0.95,0.8
2026-10-14,put,8400.0,603.4,627.4,615.4
2026-10-14,call,8500.0,0.35,0.65,0.5
2026-10-14,put,8500.0,703.2,727.2,715.2
2026-10-14,call,8600.0,0.15,0.45,0.3
2026-10-14,put,8600.0,802.6,826.6,814.6
2026-10-14,call,8800.0,0.05,0.3,0.175
2026-10-14,put,8800.0,1001.9,1025.9,1013.9000000000001
2026-10-14,put,9000.0,1201.5,1225.5,1213.5
2026-10-14,put,9200.0,1400.8,1424.8,1412.8
2026-10-14,put,9400.0,1600.3,1624.3,1612.3
2026-10-14,put,9600.0,1799.9,1823.9,1811.9
2026-10-14,put,9800.0,1999.4,2023.4,2011.4
2026-10-14,put,10000.0,2198.9,2222.9,2210.9
2026-10-15,call,3200.0,4560.5,4584.5,4572.5
2026-10-15,call,3400.0,4361.1,4385.1,4373.1
2026-10-15,call,3600.0,4161.6,4185.6,4173.6
2026-10-15,call,3800.0,3962.1,3986.1,3974.1
2026-10-15,call,4000.0,3762.7,3786.7,3774.7
2026-10-15,call,4200.0,3563.2,3587.2,3575.2
2026-10-15,call,4400.0,3363.7,3387.7,3375.7
2026-10-15,call,4600.0,3164.3,3188.3,3176.3
2026-10-15,put,4600.0,0.05,0.3,0.175
2026-10-15,call,4800.0,2964.8,2988.8,2976.8
2026-10-15,put,4800.0,0.1,0.35,0.22499999999999998
2026-10-15,call,5000.0,2765.4,2789.4,2777.4
2026-10-15,put,5000.0,0.2,0.4,0.30000000000000004
2026-10-15,call,5200.0,2565.9,2589.9,2577.9
2026-10-15,put,5200.0,0.25,0.5,0.375
2026-10-15,call,5400.0,2366.7,2390.7,2378.7
2026-10-15,put,5400.0,0.4,0.6,0.5
2026-10-15,call,5600.0,2167.3,2191.3,2179.3
2026-10-15,put,5600.0,0.55,0.8,0.675
2026-10-15,call,5800.0,1968.0,1992.0,1980.0
2026-10-15,put,5800.0,0.8,1.0,0.9
2026-10-15,call,6000.0,1768.8,1792.8,1780.8
2026-10-15,put,6000.0,1.05,1.3,1.175
2026-10-15,call,6100.0,1669.3,1693.3,1681.3
2026-10-15,put,6100.0,1.2,1.45,1.325
2026-10-15,call,6200.0,1569.7,1593.7,1581.7
2026-10-15,put,6200.0,1.4,1.65,1.525
2026-10-15,call,6300.0,1470.3,1494.3,1482.3
2026-10-15,put,6300.0,1.6,1.85,1.725
2026-10-15,call,6400.0,1370.7,1394.7,1382.7
2026-10-15,put,6400.0,1.85,2.1,1.975
2026-10-15,call,6500.0,1271.2,1295.2,1283.2
2026-10-15,put,6500.0,2.15,2.4,2.275
2026-10-15,call,6525.0,1246.4,1270.4,1258.4
2026-10-15,put,6525.0,2.2,2.45,2.325
2026-10-15,call,6550.0,1221.5,1245.5,1233.5
2026-10-15,put,6550.0,2.3,2.55,2.425
2026-10-15,call,6575.0,1196.6,1220.6,1208.6
2026-10-15,put,6575.0,2.35,2.65,2.5
2026-10-15,call,6600.0,1171.8,1195.8,1183.8
2026-10-15,put,6600.0,2.45,2.7,2.575
2026-10-15,call,6625.0,1147.0,1171.0,1159.0
2026-10-15,put,6625.0,2.55,2.8,2.675
2026-10-15,call,6650.0,1122.2,1146.1,1134.15
2026-10-15,put,6650.0,2.65,2.9,2.775
2026-10-15,call,6675.0,1097.4,1121.4,1109.4
2026-10-15,put,6675.0,2.75,3.0,2.875
2026-10-15,call,6700.0,1072.4,1096.4,1084.4
2026-10-15,put,6700.0,2.85,3.1,2.975
2026-10-15,call,6725.0,1047.7,1071.7,1059.7
2026-10-15,put,6725.0,2.95,3.3,3.125
2026-10-15,call,6750.0,1022.8,1046.8,1034.8
2026-10-15,put,6750.0,3.1,3.4,3.25
2026-10-15,call,6775.0,998.0,1022.0,1010.0
2026-10-15,put,6775.0,3.2,3.5,3.35
2026-10-15,call,6800.0,973.2,997.2,985.2
2026-10-15,put,6800.0,3.3,3.6,3.45
2026-10-15,call,6825.0,948.4,972.4,960.4
2026-10-15,put,6825.0,3.5,3.8,3.65
2026-10-15,call,6850.0,923.5,947.5,935.5
2026-10-15,put,6850.0,3.6,3.9,3.75
2026-10-15,call,6875.0,899.0,923.0,911.0
2026-10-15,put,6875.0,3.8,4.1,3.9499999999999997
2026-10-15,call,6900.0,874.0,898.0,886.0
2026-10-15,put,6900.0,4.0,4.3,4.15
2026-10-15,call,6925.0,849.4,873.4,861.4
2026-10-15,put,6925.0,4.1,4.5,4.3
2026-10-15,call,6950.0,824.6,848.6,836.6
2026-10-15,put,6950.0,4.3,4.7,4.5
2026-10-15,call,6975.0,800.0,824.0,812.0
2026-10-15,put,6975.0,4.5,4.9,4.7
2026-10-15,call,7000.0,775.2,799.2,787.2
2026-10-15,put,7000.0,4.8,5.2,5.0
2026-10-15,call,7025.0,750.6,774.6,762.6
2026-10-15,put,7025.0,5.0,5.4,5.2
2026-10-15,call,7050.0,725.7,749.7,737.7
2026-10-15,put,7050.0,5.3,5.7,5.5
2026-10-15,call,7075.0,701.2,725.2,713.2
2026-10-15,put,7075.0,5.6,6.0,5.8
2026-10-15,call,7100.0,676.7,700.7,688.7
2026-10-15,put,7100.0,5.9,6.3,6.1
2026-10-15,call,7125.0,652.1,676.1,664.1
2026-10-15,put,7125.0,6.3,6.7,6.5
2026-10-15,call,7150.0,627.6,651.6,639.6
2026-10-15,put,7150.0,6.7,7.1,6.9
2026-10-15,call,7175.0,603.1,627.1,615.1
2026-10-15,put,7175.0,7.1,7.5,7.3
2026-10-15,call,7200.0,578.7,602.7,590.7
2026-10-15,put,7200.0,7.6,8.0,7.8
2026-10-15,call,7225.0,554.3,578.3,566.3
2026-10-15,put,7225.0,8.1,8.6,8.35
2026-10-15,call,7250.0,529.9,553.9,541.9
2026-10-15,put,7250.0,8.7,9.2,8.95
2026-10-15,call,7275.0,505.7,529.7,517.7
2026-10-15,put,7275.0,9.3,9.8,9.55
2026-10-15,call,7300.0,481.3,505.3,493.3
2026-10-15,put,7300.0,10.1,10.6,10.35
2026-10-15,call,7325.0,457.5,481.5,469.5
2026-10-15,put,7325.0,10.9,11.4,11.15
2026-10-15,call,7340.0,443.0,467.0,455.0
2026-10-15,put,7340.0,11.4,12.0,11.7
2026-10-15,call,7350.0,433.5,457.5,445.5
2026-10-15,put,7350.0,11.8,12.3,12.05
2026-10-15,call,7360.0,423.7,447.7,435.7
2026-10-15,put,7360.0,12.2,12.7,12.45
2026-10-15,call,7370.0,414.4,438.4,426.4
2026-10-15,put,7370.0,12.6,13.2,12.899999999999999
2026-10-15,call,7375.0,409.5,433.5,421.5
2026-10-15,put,7375.0,12.9,13.4,13.15
2026-10-15,call,7380.0,404.8,428.8,416.8
2026-10-15,put,7380.0,13.1,13.6,13.35
2026-10-15,call,7390.0,395.4,419.4,407.4
2026-10-15,put,7390.0,13.6,14.1,13.85
2026-10-15,call,7400.0,385.8,409.8,397.8
2026-10-15,put,7400.0,14.1,14.6,14.35
2026-10-15,call,7410.0,376.4,400.4,388.4
2026-10-15,put,7410.0,14.6,15.1,14.85
2026-10-15,call,7420.0,367.0,391.0,379.0
2026-10-15,put,7420.0,15.1,15.7,15.399999999999999
2026-10-15,call,7425.0,362.3,386.3,374.3
2026-10-15,put,7425.0,15.4,16.0,15.7
2026-10-15,call,7430.0,357.5,381.5,369.5
2026-10-15,put,7430.0,15.7,16.3,16.0
2026-10-15,call,7440.0,348.3,372.3,360.3
2026-10-15,put,7440.0,16.3,16.9,16.6
2026-10-15,call,7450.0,339.0,363.0,351.0
2026-10-15,put,7450.0,16.9,17.6,17.25
2026-10-15,call,7460.0,329.7,353.7,341.7
2026-10-15,put,7460.0,17.6,18.3,17.950000000000003
2026-10-15,call,7470.0,320.5,344.5,332.5
2026-10-15,put,7470.0,18.3,19.0,18.65
2026-10-15,call,7475.0,315.9,339.9,327.9
2026-10-15,put,7475.0,18.7,19.4,19.049999999999997
2026-10-15,call,7480.0,311.3,335.3,323.3
2026-10-15,put,7480.0,19.1,19.8,19.450000000000003
2026-10-15,call,7490.0,302.2,326.2,314.2
2026-10-15,put,7490.0,19.9,20.6,20.25
2026-10-15,call,7500.0,293.1,317.1,305.1
2026-10-15,put,7500.0,20.7,21.4,21.049999999999997
2026-10-15,call,7510.0,284.1,308.1,296.1
2026-10-15,put,7510.0,21.6,22.3,21.950000000000003
2026-10-15,call,7520.0,275.1,299.1,287.1
2026-10-15,put,7520.0,22.6,23.3,22.950000000000003
2026-10-15,call,7525.0,270.5,294.5,282.5
2026-10-15,put,7525.0,23.1,23.8,23.450000000000003
2026-10-15,call,7530.0,266.0,290.0,278.0
2026-10-15,put,7530.0,23.6,24.3,23.950000000000003
2026-10-15,call,7540.0,257.2,281.2,269.2
2026-10-15,put,7540.0,24.7,25.4,25.049999999999997
2026-10-15,call,7550.0,248.3,272.3,260.3
2026-10-15,put,7550.0,25.8,26.5,26.15
2026-10-15,call,7560.0,239.5,263.5,251.5
2026-10-15,put,7560.0,27.0,27.7,27.35
2026-10-15,call,7570.0,230.9,254.9,242.9
2026-10-15,put,7570.0,28.2,29.0,28.6
2026-10-15,call,7575.0,226.4,250.4,238.4
2026-10-15,put,7575.0,28.9,29.7,29.299999999999997
2026-10-15,call,7580.0,222.3,246.3,234.3
2026-10-15,put,7580.0,29.6,30.4,30.0
2026-10-15,call,7590.0,213.8,237.8,225.8
2026-10-15,put,7590.0,31.0,31.8,31.4
2026-10-15,call,7600.0,205.3,229.3,217.3
2026-10-15,put,7600.0,32.5,33.3,32.9
2026-10-15,call,7610.0,198.8,218.8,208.8
2026-10-15,put,7610.0,34.1,34.9,34.5
2026-10-15,call,7620.0,190.6,210.6,200.6
2026-10-15,put,7620.0,35.8,36.6,36.2
2026-10-15,call,7625.0,186.6,206.6,196.6
2026-10-15,put,7625.0,36.7,37.5,37.1
2026-10-15,call,7630.0,182.6,202.6,192.6
2026-10-15,put,7630.0,37.6,38.4,38.0
2026-10-15,call,7640.0,174.6,194.6,184.6
2026-10-15,put,7640.0,39.5,40.3,39.9
2026-10-15,call,7650.0,166.6,186.6,176.6
2026-10-15,put,7650.0,41.5,42.4,41.95
2026-10-15,call,7660.0,158.9,178.9,168.9
2026-10-15,put,7660.0,43.6,44.5,44.05
2026-10-15,call,7670.0,162.7,163.7,163.2
2026-10-15,put,7670.0,45.9,46.8,46.349999999999994
2026-10-15,call,7675.0,158.9,159.9,159.4
2026-10-15,put,7675.0,47.1,48.0,47.55
2026-10-15,call,7680.0,155.2,156.1,155.64999999999998
2026-10-15,put,7680.0,48.3,49.2,48.75
2026-10-15,call,7690.0,147.8,148.7,148.25
2026-10-15,put,7690.0,50.9,51.8,51.349999999999994
2026-10-15,call,7700.0,140.5,141.5,141.0
2026-10-15,put,7700.0,53.6,54.5,54.05
2026-10-15,call,7710.0,133.4,134.4,133.9
2026-10-15,put,7710.0,56.4,57.4,56.9
2026-10-15,call,7720.0,126.4,127.5,126.95
2026-10-15,put,7720.0,59.5,60.5,60.0
2026-10-15,call,7725.0,123.0,124.1,123.55
2026-10-15,put,7725.0,61.0,62.0,61.5
2026-10-15,call,7730.0,119.7,120.7,120.2
2026-10-15,put,7730.0,62.7,63.7,63.2
2026-10-15,call,7740.0,113.1,114.1,113.6
2026-10-15,put,7740.0,66.0,67.1,66.55
2026-10-15,call,7750.0,106.7,107.7,107.2
2026-10-15,put,7750.0,69.6,70.7,70.15
2026-10-15,call,7760.0,100.5,101.6,101.05
2026-10-15,put,7760.0,73.4,74.4,73.9
2026-10-15,call,7770.0,94.5,95.6,95.05
2026-10-15,put,7770.0,77.3,78.4,77.85
2026-10-15,call,7775.0,91.5,92.6,92.05
2026-10-15,put,7775.0,79.4,80.5,79.95
2026-10-15,call,7780.0,88.7,89.8,89.25
2026-10-15,put,7780.0,81.5,82.6,82.05
2026-10-15,call,7790.0,83.1,84.2,83.65
2026-10-15,put,7790.0,85.9,87.0,86.45
2026-10-15,call,7800.0,77.7,78.8,78.25
2026-10-15,put,7800.0,90.5,91.6,91.05
2026-10-15,call,7810.0,72.6,73.7,73.15
2026-10-15,put,7810.0,95.4,96.4,95.9
2026-10-15,call,7820.0,67.7,68.7,68.2
2026-10-15,put,7820.0,100.4,101.5,100.95
2026-10-15,call,7825.0,65.3,66.3,65.8
2026-10-15,put,7825.0,103.0,104.1,103.55
2026-10-15,call,7830.0,63.0,64.0,63.5
2026-10-15,put,7830.0,105.7,106.7,106.2
2026-10-15,call,7840.0,58.5,59.5,59.0
2026-10-15,put,7840.0,111.2,112.2,111.7
2026-10-15,call,7850.0,54.2,55.2,54.7
2026-10-15,put,7850.0,116.9,117.9,117.4
2026-10-15,call,7860.0,50.2,51.2,50.7
2026-10-15,put,7860.0,122.8,123.8,123.3
2026-10-15,call,7870.0,46.4,47.4,46.9
2026-10-15,put,7870.0,129.0,130.0,129.5
2026-10-15,call,7875.0,44.6,45.5,45.05
2026-10-15,put,7875.0,132.1,133.1,132.6
2026-10-15,call,7880.0,42.8,43.7,43.25
2026-10-15,put,7880.0,135.4,136.3,135.85000000000002
2026-10-15,call,7890.0,39.4,40.3,39.849999999999994
2026-10-15,put,7890.0,142.0,142.9,142.45
2026-10-15,call,7900.0,36.2,37.1,36.650000000000006
2026-10-15,put,7900.0,141.2,161.2,151.2
2026-10-15,call,7910.0,33.2,34.1,33.650000000000006
2026-10-15,put,7910.0,148.2,168.2,158.2
2026-10-15,call,7920.0,30.5,31.3,30.9
2026-10-15,put,7920.0,155.5,175.5,165.5
2026-10-15,call,7925.0,29.1,30.0,29.55
2026-10-15,put,7925.0,159.2,179.2,169.2
2026-10-15,call,7950.0,23.2,24.0,23.6
2026-10-15,put,7950.0,178.3,198.3,188.3
2026-10-15,call,7975.0,18.3,19.1,18.700000000000003
2026-10-15,put,7975.0,200.5,219.4,209.95
2026-10-15,call,8000.0,14.4,15.1,14.75
2026-10-15,put,8000.0,217.5,241.5,229.5
2026-10-15,call,8025.0,11.2,11.9,11.55
2026-10-15,put,8025.0,239.3,263.3,251.3
2026-10-15,call,8050.0,8.8,9.4,9.100000000000001
2026-10-15,put,8050.0,261.9,285.9,273.9
2026-10-15,call,8075.0,6.8,7.4,7.1
2026-10-15,put,8075.0,285.0,309.0,297.0
2026-10-15,call,8100.0,5.4,5.9,5.65
2026-10-15,put,8100.0,308.5,332.5,320.5
2026-10-15,call,8125.0,4.2,4.8,4.5
2026-10-15,put,8125.0,332.3,356.3,344.3
2026-10-15,call,8150.0,3.4,3.9,3.65
2026-10-15,put,8150.0,356.6,380.6,368.6
2026-10-15,call,8175.0,2.85,3.3,3.075
2026-10-15,put,8175.0,380.8,404.8,392.8
2026-10-15,call,8200.0,2.4,2.75,2.575
2026-10-15,put,8200.0,405.2,429.2,417.2
2026-10-15,call,8225.0,2.05,2.35,2.2
2026-10-15,put,8225.0,429.8,453.8,441.8
2026-10-15,call,8250.0,1.75,2.05,1.9
2026-10-15,put,8250.0,454.6,478.6,466.6
2026-10-15,call,8275.0,1.5,1.8,1.65
2026-10-15,put,8275.0,479.1,503.1,491.1
2026-10-15,call,8300.0,1.3,1.6,1.4500000000000002
2026-10-15,put,8300.0,503.9,527.9,515.9
2026-10-15,call,8400.0,0.7,1.05,0.875
2026-10-15,put,8400.0,603.0,627.0,615.0
2026-10-15,call,8500.0,0.4,0.7,0.55
2026-10-15,put,8500.0,702.6,726.6,714.6
2026-10-15,call,8600.0,0.2,0.5,0.35
2026-10-15,put,8600.0,802.1,826.1,814.1
2026-10-15,call,8800.0,0.05,0.3,0.175
2026-10-15,put,8800.0,1001.3,1025.3,1013.3
2026-10-15,put,9000.0,1200.8,1224.8,1212.8
2026-10-15,put,9200.0,1400.2,1424.2,1412.2
2026-10-15,put,9400.0,1599.8,1623.8,1611.8
2026-10-15,put,9600.0,1799.2,1823.2,1811.2
2026-10-15,put,9800.0,1998.7,2022.7,2010.7
2026-10-15,put,10000.0,2198.1,2222.1,2210.1
2026-10-16,call,3000.0,4761.0,4785.0,4773.0
2026-10-16,call,3200.0,4561.6,4585.6,4573.6
2026-10-16,call,3400.0,4362.2,4386.2,4374.2
2026-10-16,call,3600.0,4162.9,4186.9,4174.9
2026-10-16,call,3700.0,4063.1,4087.1,4075.1
2026-10-16,call,3800.0,3963.4,3987.4,3975.4
2026-10-16,call,3900.0,3863.8,3887.8,3875.8
2026-10-16,call,4000.0,3764.0,3788.0,3776.0
2026-10-16,call,4100.0,3664.3,3688.3,3676.3
2026-10-16,call,4200.0,3564.7,3588.7,3576.7
2026-10-16,call,4300.0,3464.9,3488.9,3476.9
2026-10-16,put,4300.0,0.05,0.25,0.15
2026-10-16,call,4400.0,3365.2,3389.2,3377.2
2026-10-16,put,4400.0,0.05,0.25,0.15
2026-10-16,call,4500.0,3265.6,3289.6,3277.6
2026-10-16,put,4500.0,0.1,0.25,0.175
2026-10-16,call,4600.0,3165.8,3189.8,3177.8
2026-10-16,put,4600.0,0.1,0.3,0.2
2026-10-16,call,4650.0,3115.8,3139.8,3127.8
2026-10-16,put,4650.0,0.1,0.3,0.2
2026-10-16,call,4700.0,3066.1,3090.1,3078.1
2026-10-16,put,4700.0,0.1,0.35,0.22499999999999998
2026-10-16,call,4750.0,3016.3,3040.3,3028.3
2026-10-16,put,4750.0,0.15,0.35,0.25
2026-10-16,call,4800.0,2966.5,2990.5,2978.5
2026-10-16,put,4800.0,0.15,0.35,0.25
2026-10-16,call,4850.0,2916.6,2940.6,2928.6
2026-10-16,put,4850.0,0.15,0.4,0.275
2026-10-16,call,4900.0,2866.8,2890.8,2878.8
2026-10-16,put,4900.0,0.2,0.4,0.30000000000000004
2026-10-16,call,4950.0,2816.9,2840.9,2828.9
2026-10-16,put,4950.0,0.2,0.4,0.30000000000000004
2026-10-16,call,5000.0,2767.2,2791.2,2779.2
2026-10-16,put,5000.0,0.25,0.45,0.35
2026-10-16,call,5050.0,2717.3,2741.3,2729.3
2026-10-16,put,5050.0,0.25,0.45,0.35
2026-10-16,call,5100.0,2667.5,2691.5,2679.5
2026-10-16,put,5100.0,0.3,0.5,0.4
2026-10-16,call,5150.0,2617.7,2641.7,2629.7
2026-10-16,put,5150.0,0.3,0.5,0.4
2026-10-16,call,5200.0,2567.9,2591.9,2579.9
2026-10-16,put,5200.0,0.35,0.55,0.45
2026-10-16,call,5250.0,2518.0,2542.0,2530.0
2026-10-16,put,5250.0,0.4,0.6,0.5
2026-10-16,call,5300.0,2468.2,2492.2,2480.2
2026-10-16,put,5300.0,0.4,0.6,0.5
2026-10-16,call,5350.0,2418.3,2442.3,2430.3
2026-10-16,put,5350.0,0.45,0.65,0.55
2026-10-16,call,5400.0,2368.5,2392.5,2380.5
2026-10-16,put,5400.0,0.5,0.7,0.6
2026-10-16,call,5450.0,2318.6,2342.6,2330.6
2026-10-16,put,5450.0,0.55,0.75,0.65
2026-10-16,call,5500.0,2268.7,2292.7,2280.7
2026-10-16,put,5500.0,0.6,0.8,0.7
2026-10-16,call,5550.0,2219.2,2243.2,2231.2
2026-10-16,put,5550.0,0.6,0.85,0.725
2026-10-16,call,5600.0,2169.3,2193.3,2181.3
2026-10-16,put,5600.0,0.7,0.9,0.8
2026-10-16,call,5650.0,2119.5,2143.5,2131.5
2026-10-16,put,5650.0,0.75,0.95,0.85
2026-10-16,call,5700.0,2069.7,2093.7,2081.7
2026-10-16,put,5700.0,0.8,1.0,0.9
2026-10-16,call,5725.0,2044.9,2068.9,2056.9
2026-10-16,put,5725.0,0.8,1.05,0.925
2026-10-16,call,5750.0,2019.9,2043.9,2031.9
2026-10-16,put,5750.0,0.85,1.05,0.95
2026-10-16,call,5775.0,1995.1,2019.1,2007.1
2026-10-16,put,5775.0,0.9,1.1,1.0
2026-10-16,call,5800.0,1970.1,1994.1,1982.1
2026-10-16,put,5800.0,0.9,1.15,1.025
2026-10-16,call,5825.0,1945.3,1969.3,1957.3
2026-10-16,put,5825.0,0.95,1.15,1.0499999999999998
2026-10-16,call,5850.0,1920.4,1944.4,1932.4
2026-10-16,put,5850.0,1.0,1.2,1.1
2026-10-16,call,5875.0,1895.5,1919.5,1907.5
2026-10-16,put,5875.0,1.05,1.25,1.15
2026-10-16,call,5900.0,1870.7,1894.7,1882.7
2026-10-16,put,5900.0,1.05,1.3,1.175
2026-10-16,call,5925.0,1845.7,1869.7,1857.7
2026-10-16,put,5925.0,1.1,1.3,1.2000000000000002
2026-10-16,call,5950.0,1820.9,1844.9,1832.9
2026-10-16,put,5950.0,1.15,1.35,1.25
2026-10-16,call,5975.0,1796.0,1820.0,1808.0
2026-10-16,put,5975.0,1.2,1.4,1.2999999999999998
2026-10-16,call,6000.0,1771.1,1795.1,1783.1
2026-10-16,put,6000.0,1.25,1.45,1.35
2026-10-16,call,6025.0,1746.2,1770.2,1758.2
2026-10-16,put,6025.0,1.25,1.5,1.375
2026-10-16,call,6050.0,1721.3,1745.3,1733.3
2026-10-16,put,6050.0,1.3,1.55,1.425
2026-10-16,call,6075.0,1696.4,1720.4,1708.4
2026-10-16,put,6075.0,1.35,1.6,1.475
2026-10-16,call,6100.0,1671.6,1695.6,1683.6
2026-10-16,put,6100.0,1.4,1.6,1.5
2026-10-16,call,6110.0,1661.6,1685.6,1673.6
2026-10-16,put,6110.0,1.45,1.65,1.5499999999999998
2026-10-16,call,6120.0,1651.7,1675.7,1663.7
2026-10-16,put,6120.0,1.45,1.65,1.5499999999999998
2026-10-16,call,6125.0,1646.7,1670.7,1658.7
2026-10-16,put,6125.0,1.45,1.65,1.5499999999999998
2026-10-16,call,6130.0,1641.6,1665.6,1653.6
2026-10-16,put,6130.0,1.45,1.7,1.575
2026-10-16,call,6140.0,1631.7,1655.7,1643.7
2026-10-16,put,6140.0,1.5,1.7,1.6
2026-10-16,call,6150.0,1621.8,1645.8,1633.8
2026-10-16,put,6150.0,1.5,1.7,1.6
2026-10-16,call,6160.0,1611.8,1635.8,1623.8
2026-10-16,put,6160.0,1.5,1.75,1.625
2026-10-16,call,6170.0,1601.9,1625.9,1613.9
2026-10-16,put,6170.0,1.55,1.75,1.65
2026-10-16,call,6175.0,1597.0,1621.0,1609.0
2026-10-16,put,6175.0,1.55,1.75,1.65
2026-10-16,call,6180.0,1592.0,1616.0,1604.0
2026-10-16,put,6180.0,1.55,1.8,1.675
2026-10-16,call,6190.0,1582.0,1606.0,1594.0
2026-10-16,put,6190.0,1.6,1.8,1.7000000000000002
2026-10-16,call,6200.0,1572.0,1596.0,1584.0
2026-10-16,put,6200.0,1.6,1.8,1.7000000000000002
2026-10-16,call,6210.0,1562.1,1586.1,1574.1
2026-10-16,put,6210.0,1.6,1.85,1.725
2026-10-16,call,6220.0,1552.1,1576.1,1564.1
2026-10-16,put,6220.0,1.65,1.85,1.75
2026-10-16,call,6225.0,1547.2,1571.2,1559.2
2026-10-16,put,6225.0,1.65,1.9,1.775
2026-10-16,call,6230.0,1542.0,1566.0,1554.0
2026-10-16,put,6230.0,1.65,1.9,1.775
2026-10-16,call,6240.0,1532.2,1556.2,1544.2
2026-10-16,put,6240.0,1.7,1.9,1.7999999999999998
2026-10-16,call,6250.0,1522.3,1546.3,1534.3
2026-10-16,put,6250.0,1.7,1.95,1.825
2026-10-16,call,6260.0,1512.3,1536.3,1524.3
2026-10-16,put,6260.0,1.75,1.95,1.85
2026-10-16,call,6270.0,1502.5,1526.5,1514.5
2026-10-16,put,6270.0,1.75,2.0,1.875
2026-10-16,call,6275.0,1497.5,1521.5,1509.5
2026-10-16,put,6275.0,1.75,2.0,1.875
2026-10-16,call,6280.0,1492.5,1516.5,1504.5
2026-10-16,put,6280.0,1.8,2.0,1.9
2026-10-16,call,6290.0,1482.3,1506.3,1494.3
2026-10-16,put,6290.0,1.8,2.0,1.9
2026-10-16,call,6300.0,1472.4,1496.4,1484.4
2026-10-16,put,6300.0,1.85,2.05,1.95
2026-10-16,call,6310.0,1462.5,1486.5,1474.5
2026-10-16,put,6310.0,1.85,2.05,1.95
2026-10-16,call,6320.0,1452.7,1476.7,1464.7
2026-10-16,put,6320.0,1.85,2.1,1.975
2026-10-16,call,6325.0,1447.8,1471.8,1459.8
2026-10-16,put,6325.0,1.9,2.1,2.0
2026-10-16,call,6330.0,1442.7,1466.7,1454.7
2026-10-16,put,6330.0,1.9,2.1,2.0
2026-10-16,call,6340.0,1432.8,1456.8,1444.8
2026-10-16,put,6340.0,1.9,2.15,2.025
2026-10-16,call,6350.0,1422.8,1446.8,1434.8
2026-10-16,put,6350.0,2.0,2.15,2.075
2026-10-16,call,6360.0,1412.9,1436.9,1424.9
2026-10-16,put,6360.0,1.95,2.2,2.075
2026-10-16,call,6370.0,1402.9,1426.9,1414.9
2026-10-16,put,6370.0,2.0,2.2,2.1
2026-10-16,call,6375.0,1398.0,1422.0,1410.0
2026-10-16,put,6375.0,2.0,2.25,2.125
2026-10-16,call,6380.0,1392.9,1416.9,1404.9
2026-10-16,put,6380.0,2.0,2.25,2.125
2026-10-16,call,6390.0,1382.9,1406.9,1394.9
2026-10-16,put,6390.0,2.05,2.3,2.175
2026-10-16,call,6400.0,1373.1,1397.1,1385.1
2026-10-16,put,6400.0,2.1,2.3,2.2
2026-10-16,call,6410.0,1363.2,1387.2,1375.2
2026-10-16,put,6410.0,2.1,2.35,2.225
2026-10-16,call,6420.0,1353.2,1377.2,1365.2
2026-10-16,put,6420.0,2.15,2.35,2.25
2026-10-16,call,6425.0,1348.3,1372.3,1360.3
2026-10-16,put,6425.0,2.15,2.35,2.25
2026-10-16,call,6430.0,1343.3,1367.3,1355.3
2026-10-16,put,6430.0,2.15,2.4,2.275
2026-10-16,call,6440.0,1333.4,1357.4,1345.4
2026-10-16,put,6440.0,2.2,2.4,2.3
2026-10-16,call,6450.0,1323.4,1347.4,1335.4
2026-10-16,put,6450.0,2.2,2.45,2.325
2026-10-16,call,6460.0,1313.4,1337.4,1325.4
2026-10-16,put,6460.0,2.25,2.5,2.375
2026-10-16,call,6470.0,1303.5,1327.5,1315.5
2026-10-16,put,6470.0,2.3,2.5,2.4
2026-10-16,call,6475.0,1298.5,1322.5,1310.5
2026-10-16,put,6475.0,2.3,2.55,2.425
2026-10-16,call,6480.0,1293.7,1317.7,1305.7
2026-10-16,put,6480.0,2.3,2.55,2.425
2026-10-16,call,6490.0,1283.6,1307.6,1295.6
2026-10-16,put,6490.0,2.35,2.55,2.45
2026-10-16,call,6500.0,1273.5,1297.5,1285.5
2026-10-16,put,6500.0,2.35,2.6,2.475
2026-10-16,call,6510.0,1263.6,1287.6,1275.6
2026-10-16,put,6510.0,2.4,2.65,2.525
2026-10-16,call,6520.0,1253.6,1277.6,1265.6
2026-10-16,put,6520.0,2.45,2.65,2.55
2026-10-16,call,6525.0,1248.9,1272.9,1260.9
2026-10-16,put,6525.0,2.45,2.7,2.575
2026-10-16,call,6530.0,1243.8,1267.8,1255.8
2026-10-16,put,6530.0,2.5,2.7,2.6
2026-10-16,call,6540.0,1234.0,1258.0,1246.0
2026-10-16,put,6540.0,2.5,2.75,2.625
2026-10-16,call,6550.0,1224.0,1248.0,1236.0
2026-10-16,put,6550.0,2.55,2.8,2.675
2026-10-16,call,6560.0,1214.0,1238.0,1226.0
2026-10-16,put,6560.0,2.6,2.8,2.7
2026-10-16,call,6570.0,1204.2,1228.2,1216.2
2026-10-16,put,6570.0,2.6,2.85,2.725
2026-10-16,call,6575.0,1199.2,1223.2,1211.2
2026-10-16,put,6575.0,2.65,2.85,2.75
2026-10-16,call,6580.0,1194.3,1218.3,1206.3
2026-10-16,put,6580.0,2.65,2.9,2.775
2026-10-16,call,6590.0,1184.1,1208.1,1196.1
2026-10-16,put,6590.0,2.7,2.95,2.825
2026-10-16,call,6600.0,1174.3,1198.3,1186.3
2026-10-16,put,6600.0,2.75,2.95,2.85
2026-10-16,call,6610.0,1164.5,1188.5,1176.5
2026-10-16,put,6610.0,2.75,3.0,2.875
2026-10-16,call,6620.0,1154.4,1178.4,1166.4
2026-10-16,put,6620.0,2.8,3.1,2.95
2026-10-16,call,6625.0,1149.5,1173.5,1161.5
2026-10-16,put,6625.0,2.85,3.1,2.975
2026-10-16,call,6630.0,1144.5,1168.5,1156.5
2026-10-16,put,6630.0,2.85,3.1,2.975
2026-10-16,call,6640.0,1134.5,1158.5,1146.5
2026-10-16,put,6640.0,2.9,3.2,3.05
2026-10-16,call,6650.0,1124.7,1148.7,1136.7
2026-10-16,put,6650.0,2.95,3.2,3.075
2026-10-16,call,6660.0,1114.8,1138.8,1126.8
2026-10-16,put,6660.0,3.0,3.2,3.1
2026-10-16,call,6670.0,1104.8,1128.8,1116.8
2026-10-16,put,6670.0,3.0,3.3,3.15
2026-10-16,call,6675.0,1099.7,1123.7,1111.7
2026-10-16,put,6675.0,3.0,3.3,3.15
2026-10-16,call,6680.0,1094.9,1118.9,1106.9
2026-10-16,put,6680.0,3.1,3.3,3.2
2026-10-16,call,6690.0,1085.1,1109.1,1097.1
2026-10-16,put,6690.0,3.1,3.4,3.25
2026-10-16,call,6700.0,1075.1,1099.1,1087.1
2026-10-16,put,6700.0,3.1,3.4,3.25
2026-10-16,call,6710.0,1065.2,1089.2,1077.2
2026-10-16,put,6710.0,3.2,3.5,3.35
2026-10-16,call,6720.0,1055.2,1079.2,1067.2
2026-10-16,put,6720.0,3.2,3.5,3.35
2026-10-16,call,6725.0,1050.3,1074.3,1062.3
2026-10-16,put,6725.0,3.3,3.6,3.45
2026-10-16,call,6730.0,1045.4,1069.4,1057.4
2026-10-16,put,6730.0,3.3,3.6,3.45
2026-10-16,call,6740.0,1035.5,1059.5,1047.5
2026-10-16,put,6740.0,3.3,3.6,3.45
2026-10-16,call,6750.0,1025.5,1049.5,1037.5
2026-10-16,put,6750.0,3.4,3.7,3.55
2026-10-16,call,6760.0,1015.6,1039.6,1027.6
2026-10-16,put,6760.0,3.5,3.7,3.6
2026-10-16,call,6770.0,1005.8,1029.8,1017.8
2026-10-16,put,6770.0,3.5,3.8,3.65
2026-10-16,call,6775.0,1000.6,1024.6,1012.5999999999999
2026-10-16,put,6775.0,3.5,3.8,3.65
2026-10-16,call,6780.0,995.8,1019.8,1007.8
2026-10-16,put,6780.0,3.6,3.9,3.75
2026-10-16,call,6790.0,985.8,1009.8,997.8
2026-10-16,put,6790.0,3.6,3.9,3.75
2026-10-16,call,6800.0,975.9,999.9,987.9
2026-10-16,put,6800.0,3.7,4.0,3.85
2026-10-16,call,6810.0,965.8,989.8,977.8
2026-10-16,put,6810.0,3.8,4.0,3.9
2026-10-16,call,6820.0,955.9,979.9,967.9
2026-10-16,put,6820.0,3.8,4.1,3.9499999999999997
2026-10-16,call,6825.0,951.2,975.2,963.2
2026-10-16,put,6825.0,3.8,4.1,3.9499999999999997
2026-10-16,call,6830.0,946.2,970.2,958.2
2026-10-16,put,6830.0,3.9,4.2,4.05
2026-10-16,call,6840.0,936.3,960.3,948.3
2026-10-16,put,6840.0,3.9,4.2,4.05
2026-10-16,call,6850.0,926.3,950.3,938.3
2026-10-16,put,6850.0,4.0,4.3,4.15
2026-10-16,call,6860.0,916.4,940.4,928.4
2026-10-16,put,6860.0,4.1,4.4,4.25
2026-10-16,call,6870.0,906.6,930.6,918.6
2026-10-16,put,6870.0,4.2,4.5,4.35
2026-10-16,call,6875.0,901.5,925.5,913.5
2026-10-16,put,6875.0,4.2,4.5,4.35
2026-10-16,call,6880.0,896.7,920.7,908.7
2026-10-16,put,6880.0,4.2,4.5,4.35
2026-10-16,call,6885.0,891.9,915.9,903.9
2026-10-16,put,6885.0,4.3,4.6,4.449999999999999
2026-10-16,call,6890.0,886.9,910.9,898.9
2026-10-16,put,6890.0,4.3,4.6,4.449999999999999
2026-10-16,call,6895.0,881.9,905.9,893.9
2026-10-16,put,6895.0,4.3,4.6,4.449999999999999
2026-10-16,call,6900.0,876.9,900.9,888.9
2026-10-16,put,6900.0,4.4,4.7,4.550000000000001
2026-10-16,call,6905.0,872.0,896.0,884.0
2026-10-16,put,6905.0,4.4,4.7,4.550000000000001
2026-10-16,call,6910.0,867.0,891.0,879.0
2026-10-16,put,6910.0,4.5,4.8,4.65
2026-10-16,call,6915.0,862.2,886.2,874.2
2026-10-16,put,6915.0,4.5,4.8,4.65
2026-10-16,call,6920.0,857.2,881.2,869.2
2026-10-16,put,6920.0,4.5,4.9,4.7
2026-10-16,call,6925.0,852.3,876.3,864.3
2026-10-16,put,6925.0,4.6,4.9,4.75
2026-10-16,call,6930.0,847.3,871.3,859.3
2026-10-16,put,6930.0,4.6,4.9,4.75
2026-10-16,call,6935.0,842.3,866.3,854.3
2026-10-16,put,6935.0,4.7,5.0,4.85
2026-10-16,call,6940.0,837.3,861.3,849.3
2026-10-16,put,6940.0,4.7,5.0,4.85
2026-10-16,call,6945.0,832.4,856.4,844.4
2026-10-16,put,6945.0,4.8,5.1,4.949999999999999
2026-10-16,call,6950.0,827.5,851.5,839.5
2026-10-16,put,6950.0,4.8,5.1,4.949999999999999
2026-10-16,call,6955.0,822.5,846.5,834.5
2026-10-16,put,6955.0,4.8,5.2,5.0
2026-10-16,call,6960.0,817.6,841.6,829.6
2026-10-16,put,6960.0,4.9,5.2,5.050000000000001
2026-10-16,call,6965.0,812.6,836.6,824.6
2026-10-16,put,6965.0,4.9,5.3,5.1
2026-10-16,call,6970.0,807.7,831.7,819.7
2026-10-16,put,6970.0,5.0,5.3,5.15
2026-10-16,call,6975.0,803.0,827.0,815.0
2026-10-16,put,6975.0,5.0,5.4,5.2
2026-10-16,call,6980.0,797.9,821.9,809.9
2026-10-16,put,6980.0,5.1,5.4,5.25
2026-10-16,call,6985.0,793.0,817.0,805.0
2026-10-16,put,6985.0,5.1,5.5,5.3
2026-10-16,call,6990.0,788.0,812.0,800.0
2026-10-16,put,6990.0,5.2,5.5,5.35
2026-10-16,call,6995.0,783.1,807.1,795.1
2026-10-16,put,6995.0,5.2,5.6,5.4
2026-10-16,call,7000.0,792.1,794.2,793.1500000000001
2026-10-16,put,7000.0,5.3,5.6,5.449999999999999
2026-10-16,call,7005.0,773.2,797.2,785.2
2026-10-16,put,7005.0,5.3,5.7,5.5
2026-10-16,call,7010.0,768.3,792.3,780.3
2026-10-16,put,7010.0,5.4,5.7,5.550000000000001
2026-10-16,call,7015.0,763.4,787.4,775.4
2026-10-16,put,7015.0,5.5,5.8,5.65
2026-10-16,call,7020.0,758.3,782.3,770.3
2026-10-16,put,7020.0,5.5,5.9,5.7
2026-10-16,call,7025.0,753.3,777.3,765.3
2026-10-16,put,7025.0,5.6,5.9,5.75
2026-10-16,call,7030.0,748.6,772.6,760.6
2026-10-16,put,7030.0,5.6,6.0,5.8
2026-10-16,call,7035.0,743.7,767.7,755.7
2026-10-16,put,7035.0,5.7,6.0,5.85
2026-10-16,call,7040.0,738.7,762.7,750.7
2026-10-16,put,7040.0,5.7,6.1,5.9
2026-10-16,call,7045.0,733.9,757.9,745.9
2026-10-16,put,7045.0,5.8,6.2,6.0
2026-10-16,call,7050.0,728.8,752.8,740.8
2026-10-16,put,7050.0,5.9,6.2,6.050000000000001
2026-10-16,call,7055.0,723.9,747.9,735.9
2026-10-16,put,7055.0,5.9,6.3,6.1
2026-10-16,call,7060.0,718.9,742.9,730.9
2026-10-16,put,7060.0,6.0,6.4,6.2
2026-10-16,call,7065.0,714.2,738.2,726.2
2026-10-16,put,7065.0,6.1,6.4,6.25
2026-10-16,call,7070.0,709.2,733.2,721.2
2026-10-16,put,7070.0,6.1,6.5,6.3
2026-10-16,call,7075.0,704.4,728.4,716.4
2026-10-16,put,7075.0,6.2,6.6,6.4
2026-10-16,call,7080.0,699.3,723.3,711.3
2026-10-16,put,7080.0,6.3,6.6,6.449999999999999
2026-10-16,call,7085.0,694.4,718.4,706.4
2026-10-16,put,7085.0,6.3,6.7,6.5
2026-10-16,call,7090.0,689.5,713.5,701.5
2026-10-16,put,7090.0,6.4,6.8,6.6
2026-10-16,call,7095.0,684.7,708.7,696.7
2026-10-16,put,7095.0,6.5,6.8,6.65
2026-10-16,call,7100.0,679.8,703.8,691.8
2026-10-16,put,7100.0,6.5,6.9,6.7
2026-10-16,call,7105.0,674.9,698.9,686.9
2026-10-16,put,7105.0,6.6,7.0,6.8
2026-10-16,call,7110.0,670.0,694.0,682.0
2026-10-16,put,7110.0,6.7,7.1,6.9
2026-10-16,call,7115.0,665.0,689.0,677.0
2026-10-16,put,7115.0,6.8,7.2,7.0
2026-10-16,call,7120.0,660.1,684.1,672.1
2026-10-16,put,7120.0,6.8,7.2,7.0
2026-10-16,call,7125.0,655.2,679.2,667.2
2026-10-16,put,7125.0,6.9,7.3,7.1
2026-10-16,call,7130.0,650.3,674.3,662.3
2026-10-16,put,7130.0,7.0,7.4,7.2
2026-10-16,call,7135.0,645.3,669.3,657.3
2026-10-16,put,7135.0,7.1,7.5,7.3
2026-10-16,call,7140.0,640.5,664.5,652.5
2026-10-16,put,7140.0,7.2,7.6,7.4
2026-10-16,call,7145.0,635.5,659.5,647.5
2026-10-16,put,7145.0,7.3,7.7,7.5
2026-10-16,call,7150.0,630.6,654.6,642.6
2026-10-16,put,7150.0,7.3,7.8,7.55
2026-10-16,call,7155.0,625.8,649.8,637.8
2026-10-16,put,7155.0,7.4,7.8,7.6
2026-10-16,call,7160.0,620.9,644.9,632.9
2026-10-16,put,7160.0,7.5,7.9,7.7
2026-10-16,call,7165.0,616.0,640.0,628.0
2026-10-16,put,7165.0,7.6,8.0,7.8
2026-10-16,call,7170.0,611.2,635.2,623.2
2026-10-16,put,7170.0,7.7,8.1,7.9
2026-10-16,call,7175.0,606.3,630.3,618.3
2026-10-16,put,7175.0,7.8,8.2,8.0
2026-10-16,call,7180.0,601.4,625.4,613.4
2026-10-16,put,7180.0,7.9,8.3,8.100000000000001
2026-10-16,call,7185.0,596.3,620.3,608.3
2026-10-16,put,7185.0,8.0,8.4,8.2
2026-10-16,call,7190.0,591.6,615.6,603.6
2026-10-16,put,7190.0,8.1,8.5,8.3
2026-10-16,call,7195.0,586.7,610.7,598.7
2026-10-16,put,7195.0,8.2,8.7,8.45
2026-10-16,call,7200.0,581.8,605.8,593.8
2026-10-16,put,7200.0,8.4,8.7,8.55
2026-10-16,call,7205.0,577.1,601.1,589.1
2026-10-16,put,7205.0,8.4,8.9,8.65
2026-10-16,call,7210.0,572.1,596.1,584.1
2026-10-16,put,7210.0,8.5,9.0,8.75
2026-10-16,call,7215.0,567.2,591.2,579.2
2026-10-16,put,7215.0,8.7,9.1,8.899999999999999
2026-10-16,call,7220.0,562.2,586.2,574.2
2026-10-16,put,7220.0,8.8,9.2,9.0
2026-10-16,call,7225.0,557.5,581.5,569.5
2026-10-16,put,7225.0,8.9,9.3,9.100000000000001
2026-10-16,call,7230.0,552.7,576.7,564.7
2026-10-16,put,7230.0,9.0,9.5,9.25
2026-10-16,call,7235.0,547.7,571.7,559.7
2026-10-16,put,7235.0,9.1,9.6,9.35
2026-10-16,call,7240.0,542.9,566.9,554.9
2026-10-16,put,7240.0,9.3,9.7,9.5
2026-10-16,call,7245.0,538.2,562.2,550.2
2026-10-16,put,7245.0,9.4,9.9,9.65
2026-10-16,call,7250.0,533.3,557.3,545.3
2026-10-16,put,7250.0,9.5,10.0,9.75
2026-10-16,call,7255.0,528.4,552.4,540.4
2026-10-16,put,7255.0,9.7,10.1,9.899999999999999
2026-10-16,call,7260.0,523.6,547.6,535.6
2026-10-16,put,7260.0,9.8,10.3,10.05
2026-10-16,call,7265.0,518.6,542.6,530.6
2026-10-16,put,7265.0,9.9,10.2,10.05
2026-10-16,call,7270.0,514.0,538.0,526.0
2026-10-16,put,7270.0,10.1,10.6,10.35
2026-10-16,call,7275.0,509.1,533.1,521.1
2026-10-16,put,7275.0,10.2,10.7,10.45
2026-10-16,call,7280.0,504.3,528.3,516.3
2026-10-16,put,7280.0,10.4,10.9,10.65
2026-10-16,call,7285.0,499.4,523.4,511.4
2026-10-16,put,7285.0,10.5,11.0,10.75
2026-10-16,call,7290.0,494.7,518.7,506.70000000000005
2026-10-16,put,7290.0,10.7,11.2,10.95
2026-10-16,call,7295.0,489.8,513.8,501.79999999999995
2026-10-16,put,7295.0,10.9,11.4,11.15
2026-10-16,call,7300.0,485.0,509.0,497.0
2026-10-16,put,7300.0,11.0,11.5,11.25
2026-10-16,call,7305.0,480.2,504.2,492.2
2026-10-16,put,7305.0,11.2,11.7,11.45
2026-10-16,call,7310.0,475.5,499.5,487.5
2026-10-16,put,7310.0,11.4,11.9,11.65
2026-10-16,call,7315.0,470.5,494.5,482.5
2026-10-16,put,7315.0,11.5,12.1,11.8
2026-10-16,call,7320.0,465.7,489.7,477.7
2026-10-16,put,7320.0,11.7,12.2,11.95
2026-10-16,call,7325.0,460.9,484.9,472.9
2026-10-16,put,7325.0,11.9,12.4,12.15
2026-10-16,call,7330.0,456.2,480.2,468.2
2026-10-16,put,7330.0,12.1,12.6,12.35
2026-10-16,call,7335.0,451.5,475.5,463.5
2026-10-16,put,7335.0,12.3,12.8,12.55
2026-10-16,call,7340.0,446.7,470.7,458.7
2026-10-16,put,7340.0,12.5,13.0,12.75
2026-10-16,call,7345.0,441.8,465.8,453.8
2026-10-16,put,7345.0,12.7,13.2,12.95
2026-10-16,call,7350.0,437.1,461.1,449.1
2026-10-16,put,7350.0,12.9,13.4,13.15
2026-10-16,call,7355.0,432.3,456.3,444.3
2026-10-16,put,7355.0,13.1,13.6,13.35
2026-10-16,call,7360.0,427.4,451.4,439.4
2026-10-16,put,7360.0,13.3,13.9,13.600000000000001
2026-10-16,call,7365.0,422.7,446.7,434.7
2026-10-16,put,7365.0,13.6,14.1,13.85
2026-10-16,call,7370.0,418.1,442.1,430.1
2026-10-16,put,7370.0,13.8,14.3,14.05
2026-10-16,call,7375.0,413.4,437.4,425.4
2026-10-16,put,7375.0,14.0,14.6,14.3
2026-10-16,call,7380.0,408.5,432.5,420.5
2026-10-16,put,7380.0,14.3,14.8,14.55
2026-10-16,call,7385.0,403.9,427.9,415.9
2026-10-16,put,7385.0,14.5,15.1,14.8
2026-10-16,call,7390.0,399.1,423.1,411.1
2026-10-16,put,7390.0,14.8,15.3,15.05
2026-10-16,call,7395.0,394.3,418.3,406.3
2026-10-16,put,7395.0,15.0,15.6,15.3
2026-10-16,call,7400.0,389.8,413.8,401.8
2026-10-16,put,7400.0,15.3,15.8,15.55
2026-10-16,call,7405.0,385.0,409.0,397.0
2026-10-16,put,7405.0,15.6,16.1,15.850000000000001
2026-10-16,call,7410.0,380.3,404.3,392.3
2026-10-16,put,7410.0,15.9,16.4,16.15
2026-10-16,call,7415.0,375.6,399.6,387.6
2026-10-16,put,7415.0,16.1,16.7,16.4
2026-10-16,call,7420.0,370.8,394.8,382.8
2026-10-16,put,7420.0,16.4,17.0,16.7
2026-10-16,call,7425.0,366.3,390.3,378.3
2026-10-16,put,7425.0,16.7,17.3,17.0
2026-10-16,call,7430.0,361.6,385.6,373.6
2026-10-16,put,7430.0,17.1,17.6,17.35
2026-10-16,call,7435.0,356.8,380.8,368.8
2026-10-16,put,7435.0,17.4,17.9,17.65
2026-10-16,call,7440.0,352.3,376.3,364.3
2026-10-16,put,7440.0,17.7,18.3,18.0
2026-10-16,call,7445.0,347.6,371.6,359.6
2026-10-16,put,7445.0,18.0,18.6,18.3
2026-10-16,call,7450.0,342.9,366.9,354.9
2026-10-16,put,7450.0,18.4,19.0,18.7
2026-10-16,call,7455.0,338.4,362.4,350.4
2026-10-16,put,7455.0,18.7,19.3,19.0
2026-10-16,call,7460.0,333.7,357.7,345.7
2026-10-16,put,7460.0,19.1,19.7,19.4
2026-10-16,call,7465.0,329.2,353.2,341.2
2026-10-16,put,7465.0,19.5,20.1,19.8
2026-10-16,call,7470.0,324.6,348.6,336.6
2026-10-16,put,7470.0,19.9,20.5,20.2
2026-10-16,call,7475.0,320.1,344.1,332.1
2026-10-16,put,7475.0,20.2,20.9,20.549999999999997
2026-10-16,call,7480.0,315.3,339.3,327.3
2026-10-16,put,7480.0,20.7,21.3,21.0
2026-10-16,call,7485.0,310.9,334.9,322.9
2026-10-16,put,7485.0,21.1,21.7,21.4
2026-10-16,call,7490.0,306.3,330.3,318.3
2026-10-16,put,7490.0,21.5,22.1,21.8
2026-10-16,call,7495.0,301.8,325.8,313.8
2026-10-16,put,7495.0,22.0,22.6,22.3
2026-10-16,call,7500.0,297.3,321.3,309.3
2026-10-16,put,7500.0,22.5,22.9,22.7
2026-10-16,call,7505.0,292.8,316.8,304.8
2026-10-16,put,7505.0,22.9,23.5,23.2
2026-10-16,call,7510.0,288.3,312.3,300.3
2026-10-16,put,7510.0,23.3,24.0,23.65
2026-10-16,call,7515.0,283.7,307.7,295.7
2026-10-16,put,7515.0,23.8,24.5,24.15
2026-10-16,call,7520.0,279.4,303.4,291.4
2026-10-16,put,7520.0,24.3,25.0,24.65
2026-10-16,call,7525.0,274.8,298.8,286.8
2026-10-16,put,7525.0,24.8,25.5,25.15
2026-10-16,call,7530.0,270.4,294.4,282.4
2026-10-16,put,7530.0,25.4,26.0,25.7
2026-10-16,call,7535.0,266.0,290.0,278.0
2026-10-16,put,7535.0,25.9,26.6,26.25
2026-10-16,call,7540.0,261.5,285.4,273.45
2026-10-16,put,7540.0,26.5,27.1,26.8
2026-10-16,call,7545.0,257.2,281.2,269.2
2026-10-16,put,7545.0,27.0,27.7,27.35
2026-10-16,call,7550.0,252.8,276.8,264.8
2026-10-16,put,7550.0,27.8,28.2,28.0
2026-10-16,call,7555.0,248.3,272.3,260.3
2026-10-16,put,7555.0,28.2,28.9,28.549999999999997
2026-10-16,call,7560.0,244.1,268.1,256.1
2026-10-16,put,7560.0,28.9,29.6,29.25
2026-10-16,call,7565.0,239.8,263.8,251.8
2026-10-16,put,7565.0,29.5,30.2,29.85
2026-10-16,call,7570.0,235.4,259.4,247.39999999999998
2026-10-16,put,7570.0,30.2,30.9,30.549999999999997
2026-10-16,call,7575.0,231.1,255.1,243.1
2026-10-16,put,7575.0,30.8,31.6,31.200000000000003
2026-10-16,call,7580.0,226.8,250.8,238.8
2026-10-16,put,7580.0,31.5,32.3,31.9
2026-10-16,call,7585.0,222.5,246.5,234.5
2026-10-16,put,7585.0,32.3,33.0,32.65
2026-10-16,call,7590.0,218.4,242.4,230.4
2026-10-16,put,7590.0,33.0,33.7,33.35
2026-10-16,call,7595.0,214.0,238.0,226.0
2026-10-16,put,7595.0,33.8,34.5,34.15
2026-10-16,call,7600.0,223.4,225.4,224.4
2026-10-16,put,7600.0,34.7,35.1,34.900000000000006
2026-10-16,call,7605.0,205.8,229.8,217.8
2026-10-16,put,7605.0,35.3,36.1,35.7
2026-10-16,call,7610.0,202.2,226.2,214.2
2026-10-16,put,7610.0,36.2,36.9,36.55
2026-10-16,call,7615.0,199.6,219.6,209.6
2026-10-16,put,7615.0,37.0,37.8,37.4
2026-10-16,call,7620.0,195.5,215.5,205.5
2026-10-16,put,7620.0,37.9,38.6,38.25
2026-10-16,call,7625.0,191.3,211.3,201.3
2026-10-16,put,7625.0,38.8,39.6,39.2
2026-10-16,call,7630.0,187.4,207.4,197.4
2026-10-16,put,7630.0,39.7,40.5,40.1
2026-10-16,call,7635.0,183.4,203.4,193.4
2026-10-16,put,7635.0,40.7,41.5,41.1
2026-10-16,call,7640.0,179.4,199.4,189.4
2026-10-16,put,7640.0,41.7,42.4,42.05
2026-10-16,call,7645.0,175.4,195.4,185.4
2026-10-16,put,7645.0,42.7,43.4,43.05
2026-10-16,call,7650.0,182.8,184.6,183.7
2026-10-16,put,7650.0,43.9,44.3,44.099999999999994
2026-10-16,call,7655.0,167.6,187.6,177.6
2026-10-16,put,7655.0,44.8,45.6,45.2
2026-10-16,call,7660.0,163.7,183.7,173.7
2026-10-16,put,7660.0,45.9,46.7,46.3
2026-10-16,call,7665.0,162.0,182.0,172.0
2026-10-16,put,7665.0,47.0,47.8,47.4
2026-10-16,call,7670.0,167.6,168.5,168.05
2026-10-16,put,7670.0,48.2,49.0,48.6
2026-10-16,call,7675.0,163.9,164.7,164.3
2026-10-16,put,7675.0,49.4,50.2,49.8
2026-10-16,call,7680.0,160.1,161.0,160.55
2026-10-16,put,7680.0,50.6,51.4,51.0
2026-10-16,call,7685.0,156.4,157.3,156.85000000000002
2026-10-16,put,7685.0,51.9,52.7,52.3
2026-10-16,call,7690.0,152.7,153.6,153.14999999999998
2026-10-16,put,7690.0,53.2,54.0,53.6
2026-10-16,call,7695.0,149.0,150.0,149.5
2026-10-16,put,7695.0,54.5,55.3,54.9
2026-10-16,call,7700.0,145.4,146.4,145.9
2026-10-16,put,7700.0,56.0,56.6,56.3
2026-10-16,call,7705.0,141.9,142.8,142.35000000000002
2026-10-16,put,7705.0,57.3,58.1,57.7
2026-10-16,call,7710.0,138.3,139.3,138.8
2026-10-16,put,7710.0,58.7,59.6,59.150000000000006
2026-10-16,call,7715.0,134.8,135.8,135.3
2026-10-16,put,7715.0,60.2,61.1,60.650000000000006
2026-10-16,call,7720.0,131.4,132.3,131.85000000000002
2026-10-16,put,7720.0,61.7,62.6,62.150000000000006
2026-10-16,call,7725.0,128.0,128.9,128.45
2026-10-16,put,7725.0,63.3,64.2,63.75
2026-10-16,call,7730.0,124.6,125.6,125.1
2026-10-16,put,7730.0,64.9,65.8,65.35
2026-10-16,call,7735.0,121.3,122.3,121.8
2026-10-16,put,7735.0,66.6,67.5,67.05
2026-10-16,call,7740.0,118.0,119.0,118.5
2026-10-16,put,7740.0,68.3,69.2,68.75
2026-10-16,call,7745.0,114.8,115.8,115.3
2026-10-16,put,7745.0,70.0,71.0,70.5
2026-10-16,call,7750.0,111.6,112.6,112.1
2026-10-16,put,7750.0,71.8,72.8,72.3
2026-10-16,call,7755.0,108.4,109.4,108.9
2026-10-16,put,7755.0,73.7,74.6,74.15
2026-10-16,call,7760.0,105.3,106.3,105.8
2026-10-16,put,7760.0,75.6,76.5,76.05
2026-10-16,call,7765.0,102.3,103.3,102.8
2026-10-16,put,7765.0,77.5,78.5,78.0
2026-10-16,call,7770.0,99.3,100.3,99.8
2026-10-16,put,7770.0,79.5,80.5,80.0
2026-10-16,call,7775.0,96.3,97.3,96.8
2026-10-16,put,7775.0,81.5,82.5,82.0
2026-10-16,call,7780.0,93.4,94.4,93.9
2026-10-16,put,7780.0,83.6,84.6,84.1
2026-10-16,call,7785.0,90.6,91.6,91.1
2026-10-16,put,7785.0,85.8,86.7,86.25
2026-10-16,call,7790.0,87.8,88.8,88.3
2026-10-16,put,7790.0,87.9,88.9,88.4
2026-10-16,call,7795.0,85.1,86.1,85.6
2026-10-16,put,7795.0,90.2,91.2,90.7
2026-10-16,call,7800.0,82.6,83.2,82.9
2026-10-16,put,7800.0,92.5,93.5,93.0
2026-10-16,call,7805.0,79.7,80.7,80.2
2026-10-16,put,7805.0,94.8,95.8,95.3
2026-10-16,call,7810.0,77.1,78.1,77.6
2026-10-16,put,7810.0,97.2,98.2,97.7
2026-10-16,call,7815.0,74.6,75.6,75.1
2026-10-16,put,7815.0,99.7,100.6,100.15
2026-10-16,call,7820.0,72.1,73.1,72.6
2026-10-16,put,7820.0,102.2,103.1,102.65
2026-10-16,call,7825.0,69.7,70.7,70.2
2026-10-16,put,7825.0,104.7,105.7,105.2
2026-10-16,call,7830.0,67.3,68.3,67.8
2026-10-16,put,7830.0,107.4,108.3,107.85
2026-10-16,call,7835.0,65.0,66.0,65.5
2026-10-16,put,7835.0,110.0,111.0,110.5
2026-10-16,call,7840.0,62.8,63.7,63.25
2026-10-16,put,7840.0,112.7,113.7,113.2
2026-10-16,call,7845.0,60.5,61.5,61.0
2026-10-16,put,7845.0,115.5,116.5,116.0
2026-10-16,call,7850.0,58.4,59.3,58.849999999999994
2026-10-16,put,7850.0,118.4,119.3,118.85
2026-10-16,call,7855.0,56.3,57.2,56.75
2026-10-16,put,7855.0,121.2,122.2,121.7
2026-10-16,call,7860.0,54.2,55.2,54.7
2026-10-16,put,7860.0,124.2,125.1,124.65
2026-10-16,call,7865.0,52.2,53.1,52.650000000000006
2026-10-16,put,7865.0,127.2,128.1,127.65
2026-10-16,call,7870.0,50.3,51.2,50.75
2026-10-16,put,7870.0,130.2,131.1,130.64999999999998
2026-10-16,call,7875.0,48.4,49.3,48.849999999999994
2026-10-16,put,7875.0,133.3,134.2,133.75
2026-10-16,call,7880.0,46.6,47.4,47.0
2026-10-16,put,7880.0,136.4,137.4,136.9
2026-10-16,call,7885.0,44.8,45.6,45.2
2026-10-16,put,7885.0,139.6,140.6,140.1
2026-10-16,call,7890.0,43.0,43.9,43.45
2026-10-16,put,7890.0,142.9,143.8,143.35000000000002
2026-10-16,call,7895.0,41.4,42.2,41.8
2026-10-16,put,7895.0,146.2,147.1,146.64999999999998
2026-10-16,call,7900.0,39.8,40.4,40.099999999999994
2026-10-16,put,7900.0,140.1,160.1,150.1
2026-10-16,call,7905.0,38.1,39.0,38.55
2026-10-16,put,7905.0,145.3,165.3,155.3
2026-10-16,call,7910.0,36.6,37.4,37.0
2026-10-16,put,7910.0,148.9,168.9,158.9
2026-10-16,call,7915.0,35.1,35.9,35.5
2026-10-16,put,7915.0,152.3,172.3,162.3
2026-10-16,call,7920.0,33.7,34.5,34.1
2026-10-16,put,7920.0,156.0,176.0,166.0
2026-10-16,call,7925.0,32.4,32.9,32.65
2026-10-16,put,7925.0,159.6,179.6,169.6
2026-10-16,call,7930.0,30.9,31.7,31.299999999999997
2026-10-16,put,7930.0,163.2,183.2,173.2
2026-10-16,call,7935.0,29.6,30.4,30.0
2026-10-16,put,7935.0,166.8,186.8,176.8
2026-10-16,call,7940.0,28.4,29.1,28.75
2026-10-16,put,7940.0,170.6,190.6,180.6
2026-10-16,call,7945.0,27.2,27.9,27.549999999999997
2026-10-16,put,7945.0,174.4,194.4,184.4
2026-10-16,call,7950.0,26.1,26.6,26.35
2026-10-16,put,7950.0,178.3,198.3,188.3
2026-10-16,call,7955.0,24.9,25.6,25.25
2026-10-16,put,7955.0,182.0,202.0,192.0
2026-10-16,call,7960.0,23.8,24.5,24.15
2026-10-16,put,7960.0,186.0,206.0,196.0
2026-10-16,call,7965.0,22.7,23.4,23.049999999999997
2026-10-16,put,7965.0,190.0,210.0,200.0
2026-10-16,call,7970.0,21.7,22.4,22.049999999999997
2026-10-16,put,7970.0,194.1,214.1,204.1
2026-10-16,call,7975.0,20.7,21.4,21.049999999999997
2026-10-16,put,7975.0,200.3,219.2,209.75
2026-10-16,call,7980.0,19.8,20.5,20.15
2026-10-16,put,7980.0,200.2,224.2,212.2
2026-10-16,call,7985.0,18.9,19.6,19.25
2026-10-16,put,7985.0,204.2,228.2,216.2
2026-10-16,call,7990.0,18.1,18.7,18.4
2026-10-16,put,7990.0,208.3,232.3,220.3
2026-10-16,call,7995.0,17.2,17.9,17.549999999999997
2026-10-16,put,7995.0,212.4,236.4,224.4
2026-10-16,call,8000.0,16.6,17.0,16.8
2026-10-16,put,8000.0,216.7,240.7,228.7
2026-10-16,call,8005.0,15.7,16.3,16.0
2026-10-16,put,8005.0,220.9,244.9,232.9
2026-10-16,call,8010.0,15.0,15.6,15.3
2026-10-16,put,8010.0,225.2,249.2,237.2
2026-10-16,call,8015.0,14.3,14.9,14.600000000000001
2026-10-16,put,8015.0,229.5,253.5,241.5
2026-10-16,call,8020.0,13.6,14.2,13.899999999999999
2026-10-16,put,8020.0,233.9,257.9,245.89999999999998
2026-10-16,call,8025.0,13.0,13.6,13.3
2026-10-16,put,8025.0,238.4,262.4,250.39999999999998
2026-10-16,call,8030.0,12.4,13.0,12.7
2026-10-16,put,8030.0,242.7,266.7,254.7
2026-10-16,call,8035.0,11.8,12.4,12.100000000000001
2026-10-16,put,8035.0,247.0,271.0,259.0
2026-10-16,call,8040.0,11.2,11.8,11.5
2026-10-16,put,8040.0,251.6,275.6,263.6
2026-10-16,call,8045.0,10.7,11.3,11.0
2026-10-16,put,8045.0,255.9,279.9,267.9
2026-10-16,call,8050.0,10.3,10.7,10.5
2026-10-16,put,8050.0,260.5,284.5,272.5
2026-10-16,call,8055.0,9.7,10.3,10.0
2026-10-16,put,8055.0,265.0,289.0,277.0
2026-10-16,call,8060.0,9.3,9.8,9.55
2026-10-16,put,8060.0,269.5,293.5,281.5
2026-10-16,call,8065.0,8.8,9.4,9.100000000000001
2026-10-16,put,8065.0,274.0,298.0,286.0
2026-10-16,call,8070.0,8.4,9.0,8.7
2026-10-16,put,8070.0,278.6,302.6,290.6
2026-10-16,call,8075.0,8.0,8.6,8.3
2026-10-16,put,8075.0,283.2,307.2,295.2
2026-10-16,call,8080.0,7.7,8.2,7.949999999999999
2026-10-16,put,8080.0,287.9,311.9,299.9
2026-10-16,call,8085.0,7.3,7.8,7.55
2026-10-16,put,8085.0,292.5,316.5,304.5
2026-10-16,call,8090.0,7.0,7.5,7.25
2026-10-16,put,8090.0,297.3,321.3,309.3
2026-10-16,call,8095.0,6.7,7.1,6.9
2026-10-16,put,8095.0,301.8,325.8,313.8
2026-10-16,call,8100.0,6.4,6.8,6.6
2026-10-16,put,8100.0,306.5,330.5,318.5
2026-10-16,call,8105.0,6.1,6.5,6.3
2026-10-16,put,8105.0,311.3,335.3,323.3
2026-10-16,call,8110.0,5.8,6.3,6.05
2026-10-16,put,8110.0,316.0,340.0,328.0
2026-10-16,call,8115.0,5.5,6.0,5.75
2026-10-16,put,8115.0,320.7,344.7,332.7
2026-10-16,call,8120.0,5.3,5.8,5.55
2026-10-16,put,8120.0,325.5,349.5,337.5
2026-10-16,call,8125.0,5.1,5.5,5.3
2026-10-16,put,8125.0,330.1,354.1,342.1
2026-10-16,call,8130.0,4.8,5.3,5.05
2026-10-16,put,8130.0,334.9,358.9,346.9
2026-10-16,call,8135.0,4.6,5.1,4.85
2026-10-16,put,8135.0,339.8,363.8,351.8
2026-10-16,call,8140.0,4.4,4.9,4.65
2026-10-16,put,8140.0,344.5,368.5,356.5
2026-10-16,call,8145.0,4.2,4.7,4.45
2026-10-16,put,8145.0,349.4,373.4,361.4
2026-10-16,call,8150.0,4.1,4.5,4.3
2026-10-16,put,8150.0,354.2,378.2,366.2
2026-10-16,call,8155.0,3.9,4.3,4.1
2026-10-16,put,8155.0,359.0,383.0,371.0
2026-10-16,call,8160.0,3.7,4.2,3.95
2026-10-16,put,8160.0,363.8,387.8,375.8
2026-10-16,call,8170.0,3.4,3.9,3.65
2026-10-16,put,8170.0,373.7,397.7,385.7
2026-10-16,call,8175.0,3.3,3.8,3.55
2026-10-16,put,8175.0,378.4,402.4,390.4
2026-10-16,call,8180.0,3.2,3.6,3.4000000000000004
2026-10-16,put,8180.0,383.2,407.2,395.2
2026-10-16,call,8190.0,3.0,3.4,3.2
2026-10-16,put,8190.0,392.9,416.9,404.9
2026-10-16,call,8200.0,2.8,3.2,3.0
2026-10-16,put,8200.0,402.7,426.7,414.7
2026-10-16,call,8210.0,2.6,2.95,2.7750000000000004
2026-10-16,put,8210.0,412.6,436.6,424.6
2026-10-16,call,8220.0,2.45,2.75,2.6
2026-10-16,put,8220.0,422.3,446.3,434.3
2026-10-16,call,8225.0,2.35,2.7,2.5250000000000004
2026-10-16,put,8225.0,427.3,451.3,439.3
2026-10-16,call,8230.0,2.3,2.6,2.45
2026-10-16,put,8230.0,432.2,456.2,444.2
2026-10-16,call,8240.0,2.15,2.45,2.3
2026-10-16,put,8240.0,442.0,466.0,454.0
2026-10-16,call,8250.0,2.0,2.3,2.15
2026-10-16,put,8250.0,451.8,475.8,463.8
2026-10-16,call,8260.0,1.9,2.2,2.05
2026-10-16,put,8260.0,461.7,485.7,473.7
2026-10-16,call,8270.0,1.8,2.05,1.9249999999999998
2026-10-16,put,8270.0,471.6,495.6,483.6
2026-10-16,call,8275.0,1.75,2.0,1.875
2026-10-16,put,8275.0,476.5,500.5,488.5
2026-10-16,call,8280.0,1.7,1.95,1.825
2026-10-16,put,8280.0,481.5,505.5,493.5
2026-10-16,call,8290.0,1.6,1.85,1.725
2026-10-16,put,8290.0,491.5,515.5,503.5
2026-10-16,call,8300.0,1.5,1.75,1.625
2026-10-16,put,8300.0,501.3,525.3,513.3
2026-10-16,call,8310.0,1.4,1.7,1.5499999999999998
2026-10-16,put,8310.0,511.0,535.0,523.0
2026-10-16,call,8320.0,1.35,1.6,1.475
2026-10-16,put,8320.0,521.0,545.0,533.0
2026-10-16,call,8325.0,1.3,1.55,1.425
2026-10-16,put,8325.0,525.9,549.9,537.9
2026-10-16,call,8330.0,1.25,1.55,1.4
2026-10-16,put,8330.0,530.9,554.9,542.9
2026-10-16,call,8340.0,1.2,1.45,1.325
2026-10-16,put,8340.0,540.8,564.8,552.8
2026-10-16,call,8350.0,1.1,1.4,1.25
2026-10-16,put,8350.0,550.7,574.7,562.7
2026-10-16,call,8360.0,1.05,1.35,1.2000000000000002
2026-10-16,put,8360.0,560.8,584.8,572.8
2026-10-16,call,8370.0,1.0,1.3,1.15
2026-10-16,put,8370.0,570.5,594.5,582.5
2026-10-16,call,8375.0,0.95,1.25,1.1
2026-10-16,put,8375.0,575.5,599.5,587.5
2026-10-16,call,8380.0,0.95,1.25,1.1
2026-10-16,put,8380.0,580.4,604.4,592.4
2026-10-16,call,8390.0,0.9,1.15,1.025
2026-10-16,put,8390.0,590.4,614.4,602.4
2026-10-16,call,8400.0,0.85,1.15,1.0
2026-10-16,put,8400.0,600.5,624.5,612.5
2026-10-16,call,8410.0,0.8,1.1,0.9500000000000001
2026-10-16,put,8410.0,610.2,634.2,622.2
2026-10-16,call,8420.0,0.75,1.05,0.9
2026-10-16,put,8420.0,620.1,644.1,632.1
2026-10-16,call,8425.0,0.75,1.0,0.875
2026-10-16,put,8425.0,625.1,649.1,637.1
2026-10-16,call,8430.0,0.7,1.0,0.85
2026-10-16,put,8430.0,630.1,654.1,642.1
2026-10-16,call,8440.0,0.65,0.95,0.8
2026-10-16,put,8440.0,640.1,664.1,652.1
2026-10-16,call,8450.0,0.65,0.9,0.775
2026-10-16,put,8450.0,650.0,674.0,662.0
2026-10-16,call,8460.0,0.6,0.9,0.75
2026-10-16,put,8460.0,659.9,683.9,671.9
2026-10-16,call,8470.0,0.55,0.85,0.7
2026-10-16,put,8470.0,669.9,693.9,681.9
2026-10-16,call,8475.0,0.55,0.85,0.7
2026-10-16,put,8475.0,674.7,698.7,686.7
2026-10-16,call,8480.0,0.55,0.8,0.675
2026-10-16,put,8480.0,679.9,703.9,691.9
2026-10-16,call,8490.0,0.5,0.8,0.65
2026-10-16,put,8490.0,689.7,713.7,701.7
2026-10-16,call,8500.0,0.5,0.75,0.625
2026-10-16,put,8500.0,699.6,723.6,711.6
2026-10-16,call,8510.0,0.45,0.75,0.6
2026-10-16,put,8510.0,709.6,733.6,721.6
2026-10-16,call,8520.0,0.45,0.7,0.575
2026-10-16,put,8520.0,719.6,743.6,731.6
2026-10-16,call,8525.0,0.4,0.7,0.55
2026-10-16,put,8525.0,724.4,748.4,736.4
2026-10-16,call,8530.0,0.4,0.7,0.55
2026-10-16,put,8530.0,729.6,753.6,741.6
2026-10-16,call,8540.0,0.4,0.65,0.525
2026-10-16,put,8540.0,739.5,763.5,751.5
2026-10-16,call,8550.0,0.4,0.65,0.525
2026-10-16,put,8550.0,749.3,773.3,761.3
2026-10-16,call,8600.0,0.25,0.5,0.375
2026-10-16,put,8600.0,799.2,823.2,811.2
2026-10-16,call,8650.0,0.2,0.45,0.325
2026-10-16,put,8650.0,849.0,873.0,861.0
2026-10-16,call,8700.0,0.15,0.4,0.275
2026-10-16,put,8700.0,898.7,922.7,910.7
2026-10-16,call,8750.0,0.1,0.35,0.22499999999999998
2026-10-16,put,8750.0,948.5,972.5,960.5
2026-10-16,call,8800.0,0.1,0.25,0.175
2026-10-16,put,8800.0,998.3,1022.3,1010.3
2026-10-16,call,8850.0,0.05,0.25,0.15
2026-10-16,put,8850.0,1048.1,1072.1,1060.1
2026-10-16,call,8900.0,0.05,0.25,0.15
2026-10-16,put,8900.0,1097.9,1121.9,1109.9
2026-10-16,put,9000.0,1197.7,1221.7,1209.7
2026-10-16,put,9100.0,1297.4,1321.4,1309.4
2026-10-16,put,9200.0,1397.3,1421.3,1409.3
2026-10-16,put,9300.0,1496.9,1520.9,1508.9
2026-10-16,put,9400.0,1596.4,1620.4,1608.4
2026-10-16,put,9500.0,1696.1,1720.1,1708.1
2026-10-16,put,9600.0,1795.9,1819.9,1807.9
2026-10-16,put,9800.0,1995.3,2019.3,2007.3
2026-10-16,put,10000.0,2194.8,2218.8,2206.8
2026-10-16,put,10200.0,2394.2,2418.2,2406.2
2026-10-16,put,10400.0,2593.6,2617.6,2605.6
2026-10-16,put,10600.0,2793.0,2817.0,2805.0
2026-10-16,put,10800.0,2992.5,3016.5,3004.5
2026-10-19,call,3200.0,4561.9,4585.9,4573.9
2026-10-19,call,3400.0,4362.6,4386.6,4374.6
2026-10-19,call,3600.0,4163.2,4187.2,4175.2
2026-10-19,call,3800.0,3963.8,3987.8,3975.8
2026-10-19,call,4000.0,3764.6,3788.6,3776.6
2026-10-19,call,4200.0,3565.1,3589.1,3577.1
2026-10-19,call,4400.0,3365.8,3389.8,3377.8
2026-10-19,put,4400.0,0.05,0.3,0.175
2026-10-19,call,4600.0,3166.4,3190.4,3178.4
2026-10-19,put,4600.0,0.1,0.35,0.22499999999999998
2026-10-19,call,4800.0,2967.1,2991.1,2979.1
2026-10-19,put,4800.0,0.15,0.4,0.275
2026-10-19,call,5000.0,2767.8,2791.8,2779.8
2026-10-19,put,5000.0,0.25,0.5,0.375
2026-10-19,call,5200.0,2568.5,2592.5,2580.5
2026-10-19,put,5200.0,0.4,0.6,0.5
2026-10-19,call,5400.0,2369.3,2393.3,2381.3
2026-10-19,put,5400.0,0.55,0.8,0.675
2026-10-19,call,5600.0,2170.1,2194.1,2182.1
2026-10-19,put,5600.0,0.75,1.0,0.875
2026-10-19,call,5800.0,1971.0,1994.9,1982.95
2026-10-19,put,5800.0,1.05,1.3,1.175
2026-10-19,call,6000.0,1772.0,1796.0,1784.0
2026-10-19,put,6000.0,1.4,1.65,1.525
2026-10-19,call,6100.0,1672.5,1696.5,1684.5
2026-10-19,put,6100.0,1.6,1.85,1.725
2026-10-19,call,6200.0,1573.1,1597.1,1585.1
2026-10-19,put,6200.0,1.8,2.05,1.9249999999999998
2026-10-19,call,6300.0,1473.3,1497.3,1485.3
2026-10-19,put,6300.0,2.05,2.3,2.175
2026-10-19,call,6400.0,1374.2,1398.2,1386.2
2026-10-19,put,6400.0,2.35,2.6,2.475
2026-10-19,call,6500.0,1274.9,1298.9,1286.9
2026-10-19,put,6500.0,2.65,2.95,2.8
2026-10-19,call,6525.0,1249.9,1273.9,1261.9
2026-10-19,put,6525.0,2.75,3.1,2.925
2026-10-19,call,6550.0,1225.1,1249.1,1237.1
2026-10-19,put,6550.0,2.85,3.1,2.975
2026-10-19,call,6575.0,1200.3,1224.3,1212.3
2026-10-19,put,6575.0,2.95,3.3,3.125
2026-10-19,call,6600.0,1175.5,1199.5,1187.5
2026-10-19,put,6600.0,3.0,3.4,3.2
2026-10-19,call,6625.0,1150.5,1174.5,1162.5
2026-10-19,put,6625.0,3.2,3.5,3.35
2026-10-19,call,6650.0,1125.9,1149.9,1137.9
2026-10-19,put,6650.0,3.3,3.6,3.45
2026-10-19,call,6675.0,1101.1,1125.1,1113.1
2026-10-19,put,6675.0,3.4,3.7,3.55
2026-10-19,call,6700.0,1076.3,1100.3,1088.3
2026-10-19,put,6700.0,3.5,3.9,3.7
2026-10-19,call,6725.0,1051.5,1075.5,1063.5
2026-10-19,put,6725.0,3.7,4.0,3.85
2026-10-19,call,6750.0,1026.8,1050.8,1038.8
2026-10-19,put,6750.0,3.8,4.1,3.9499999999999997
2026-10-19,call,6775.0,1002.0,1026.0,1014.0
2026-10-19,put,6775.0,4.0,4.3,4.15
2026-10-19,call,6800.0,977.2,1001.2,989.2
2026-10-19,put,6800.0,4.1,4.5,4.3
2026-10-19,call,6825.0,952.4,976.4,964.4
2026-10-19,put,6825.0,4.3,4.7,4.5
2026-10-19,call,6850.0,927.8,951.8,939.8
2026-10-19,put,6850.0,4.5,4.9,4.7
2026-10-19,call,6875.0,903.0,927.0,915.0
2026-10-19,put,6875.0,4.7,5.1,4.9
2026-10-19,call,6900.0,878.4,902.4,890.4
2026-10-19,put,6900.0,4.9,5.3,5.1
2026-10-19,call,6925.0,853.4,877.4,865.4
2026-10-19,put,6925.0,5.1,5.5,5.3
2026-10-19,call,6950.0,828.9,852.9,840.9
2026-10-19,put,6950.0,5.4,5.8,5.6
2026-10-19,call,6975.0,804.4,828.4,816.4
2026-10-19,put,6975.0,5.6,6.0,5.8
2026-10-19,call,7000.0,779.6,803.6,791.6
2026-10-19,put,7000.0,5.9,6.3,6.1
2026-10-19,call,7025.0,754.9,778.9,766.9
2026-10-19,put,7025.0,6.2,6.7,6.45
2026-10-19,call,7050.0,730.5,754.5,742.5
2026-10-19,put,7050.0,6.6,7.0,6.8
2026-10-19,call,7075.0,705.9,729.9,717.9
2026-10-19,put,7075.0,6.9,7.4,7.15
2026-10-19,call,7100.0,681.3,705.3,693.3
2026-10-19,put,7100.0,7.3,7.8,7.55
2026-10-19,call,7125.0,656.9,680.9,668.9
2026-10-19,put,7125.0,7.7,8.2,7.949999999999999
2026-10-19,call,7150.0,632.5,656.5,644.5
2026-10-19,put,7150.0,8.2,8.7,8.45
2026-10-19,call,7175.0,608.2,632.2,620.2
2026-10-19,put,7175.0,8.7,9.2,8.95
2026-10-19,call,7200.0,583.7,607.7,595.7
2026-10-19,put,7200.0,9.3,9.8,9.55
2026-10-19,call,7225.0,559.3,583.3,571.3
2026-10-19,put,7225.0,10.0,10.5,10.25
2026-10-19,call,7250.0,535.3,559.3,547.3
2026-10-19,put,7250.0,10.7,11.2,10.95
2026-10-19,call,7275.0,511.2,535.2,523.2
2026-10-19,put,7275.0,11.4,12.0,11.7
2026-10-19,call,7300.0,487.2,511.2,499.2
2026-10-19,put,7300.0,12.3,12.9,12.600000000000001
2026-10-19,call,7325.0,463.1,487.1,475.1
2026-10-19,put,7325.0,13.3,13.9,13.600000000000001
2026-10-19,call,7350.0,439.4,463.4,451.4
2026-10-19,put,7350.0,14.4,15.0,14.7
2026-10-19,call,7375.0,415.9,439.9,427.9
2026-10-19,put,7375.0,15.6,16.2,15.899999999999999
2026-10-19,call,7400.0,392.3,416.3,404.3
2026-10-19,put,7400.0,17.0,17.6,17.3
2026-10-19,call,7410.0,383.0,407.0,395.0
2026-10-19,put,7410.0,17.5,18.2,17.85
2026-10-19,call,7420.0,373.6,397.6,385.6
2026-10-19,put,7420.0,18.2,18.8,18.5
2026-10-19,call,7425.0,369.0,393.0,381.0
2026-10-19,put,7425.0,18.5,19.2,18.85
2026-10-19,call,7430.0,364.3,388.3,376.3
2026-10-19,put,7430.0,18.8,19.5,19.15
2026-10-19,call,7440.0,355.1,379.1,367.1
2026-10-19,put,7440.0,19.5,20.2,19.85
2026-10-19,call,7450.0,345.9,369.9,357.9
2026-10-19,put,7450.0,20.3,20.9,20.6
2026-10-19,call,7460.0,336.7,360.7,348.7
2026-10-19,put,7460.0,21.0,21.7,21.35
2026-10-19,call,7470.0,327.4,351.4,339.4
2026-10-19,put,7470.0,21.8,22.5,22.15
2026-10-19,call,7475.0,323.0,347.0,335.0
2026-10-19,put,7475.0,22.3,23.0,22.65
2026-10-19,call,7480.0,318.4,342.4,330.4
2026-10-19,put,7480.0,22.7,23.4,23.049999999999997
2026-10-19,call,7490.0,309.4,333.4,321.4
2026-10-19,put,7490.0,23.6,24.3,23.950000000000003
2026-10-19,call,7500.0,300.3,324.3,312.3
2026-10-19,put,7500.0,24.5,25.3,24.9
2026-10-19,call,7510.0,291.5,315.5,303.5
2026-10-19,put,7510.0,25.5,26.3,25.9
2026-10-19,call,7520.0,282.5,306.5,294.5
2026-10-19,put,7520.0,26.6,27.3,26.950000000000003
2026-10-19,call,7525.0,278.2,302.2,290.2
2026-10-19,put,7525.0,27.1,27.9,27.5
2026-10-19,call,7530.0,273.5,297.5,285.5
2026-10-19,put,7530.0,27.7,28.4,28.049999999999997
2026-10-19,call,7540.0,264.8,288.8,276.8
2026-10-19,put,7540.0,28.8,29.6,29.200000000000003
2026-10-19,call,7550.0,256.2,280.2,268.2
2026-10-19,put,7550.0,30.0,30.8,30.4
2026-10-19,call,7560.0,247.4,271.4,259.4
2026-10-19,put,7560.0,31.3,32.1,31.700000000000003
2026-10-19,call,7570.0,238.8,262.8,250.8
2026-10-19,put,7570.0,32.7,33.5,33.1
2026-10-19,call,7575.0,234.7,258.7,246.7
2026-10-19,put,7575.0,33.4,34.2,33.8
2026-10-19,call,7580.0,230.4,254.4,242.4
2026-10-19,put,7580.0,34.1,34.9,34.5
2026-10-19,call,7590.0,222.0,246.0,234.0
2026-10-19,put,7590.0,35.6,36.5,36.05
2026-10-19,call,7600.0,213.7,237.7,225.7
2026-10-19,put,7600.0,37.2,38.1,37.650000000000006
2026-10-19,call,7610.0,205.3,229.3,217.3
2026-10-19,put,7610.0,38.9,39.8,39.349999999999994
2026-10-19,call,7620.0,199.3,219.3,209.3
2026-10-19,put,7620.0,40.7,41.6,41.150000000000006
2026-10-19,call,7625.0,195.2,215.2,205.2
2026-10-19,put,7625.0,41.6,42.5,42.05
2026-10-19,call,7630.0,191.2,211.2,201.2
2026-10-19,put,7630.0,42.6,43.5,43.05
2026-10-19,call,7640.0,183.2,203.2,193.2
2026-10-19,put,7640.0,44.6,45.5,45.05
2026-10-19,call,7650.0,175.4,195.4,185.4
2026-10-19,put,7650.0,46.7,47.6,47.150000000000006
2026-10-19,call,7660.0,169.9,189.8,179.85000000000002
2026-10-19,put,7660.0,48.9,49.8,49.349999999999994
2026-10-19,call,7670.0,171.6,172.6,172.1
2026-10-19,put,7670.0,51.2,52.2,51.7
2026-10-19,call,7675.0,167.8,168.8,168.3
2026-10-19,put,7675.0,52.4,53.4,52.9
2026-10-19,call,7680.0,164.1,165.1,164.6
2026-10-19,put,7680.0,53.7,54.6,54.150000000000006
2026-10-19,call,7690.0,156.7,157.8,157.25
2026-10-19,put,7690.0,56.3,57.3,56.8
2026-10-19,call,7700.0,149.5,150.6,150.05
2026-10-19,put,7700.0,59.0,60.0,59.5
2026-10-19,call,7710.0,142.5,143.5,143.0
2026-10-19,put,7710.0,61.9,63.0,62.45
2026-10-19,call,7720.0,135.5,136.6,136.05
2026-10-19,put,7720.0,65.0,66.0,65.5
2026-10-19,call,7725.0,132.1,133.2,132.64999999999998
2026-10-19,put,7725.0,66.6,67.6,67.1
2026-10-19,call,7730.0,128.8,129.9,129.35000000000002
2026-10-19,put,7730.0,68.2,69.2,68.7
2026-10-19,call,7740.0,122.2,123.3,122.75
2026-10-19,put,7740.0,71.6,72.6,72.1
2026-10-19,call,7750.0,115.8,116.9,116.35
2026-10-19,put,7750.0,75.1,76.2,75.65
2026-10-19,call,7760.0,109.5,110.7,110.1
2026-10-19,put,7760.0,78.9,80.0,79.45
2026-10-19,call,7770.0,103.5,104.6,104.05
2026-10-19,put,7770.0,82.8,83.9,83.35
2026-10-19,call,7775.0,100.5,101.7,101.1
2026-10-19,put,7775.0,84.8,85.9,85.35
2026-10-19,call,7780.0,97.6,98.8,98.19999999999999
2026-10-19,put,7780.0,86.9,88.0,87.45
2026-10-19,call,7790.0,91.9,93.1,92.5
2026-10-19,put,7790.0,91.2,92.3,91.75
2026-10-19,call,7800.0,86.5,87.6,87.05
2026-10-19,put,7800.0,95.7,96.8,96.25
2026-10-19,call,7810.0,81.2,82.3,81.75
2026-10-19,put,7810.0,100.4,101.5,100.95
2026-10-19,call,7820.0,76.1,77.2,76.65
2026-10-19,put,7820.0,105.3,106.4,105.85
2026-10-19,call,7825.0,73.7,74.8,74.25
2026-10-19,put,7825.0,107.8,108.9,108.35
2026-10-19,call,7830.0,71.3,72.4,71.85
2026-10-19,put,7830.0,110.4,111.5,110.95
2026-10-19,call,7840.0,66.6,67.7,67.15
2026-10-19,put,7840.0,115.6,116.9,116.25
2026-10-19,call,7850.0,62.1,63.2,62.650000000000006
2026-10-19,put,7850.0,121.2,122.2,121.7
2026-10-19,call,7860.0,57.9,58.9,58.4
2026-10-19,put,7860.0,126.9,128.2,127.55
2026-10-19,call,7870.0,53.9,54.9,54.4
2026-10-19,put,7870.0,132.8,134.0,133.4
2026-10-19,call,7875.0,51.9,52.9,52.4
2026-10-19,put,7875.0,135.9,136.9,136.4
2026-10-19,call,7880.0,50.0,51.0,50.5
2026-10-19,put,7880.0,139.0,140.0,139.5
2026-10-19,call,7890.0,46.4,47.3,46.849999999999994
2026-10-19,put,7890.0,145.3,146.3,145.8
2026-10-19,call,7900.0,42.9,43.9,43.4
2026-10-19,put,7900.0,151.8,152.8,152.3
2026-10-19,call,7910.0,39.7,40.6,40.150000000000006
2026-10-19,put,7910.0,151.0,171.0,161.0
2026-10-19,call,7920.0,36.6,37.5,37.05
2026-10-19,put,7920.0,158.0,178.0,168.0
2026-10-19,call,7925.0,35.2,36.1,35.650000000000006
2026-10-19,put,7925.0,161.5,181.5,171.5
2026-10-19,call,7950.0,28.6,29.4,29.0
2026-10-19,put,7950.0,179.9,199.9,189.9
2026-10-19,call,7975.0,23.0,23.8,23.4
2026-10-19,put,7975.0,197.2,217.1,207.14999999999998
2026-10-19,call,8000.0,18.4,19.2,18.799999999999997
2026-10-19,put,8000.0,217.8,241.8,229.8
2026-10-19,call,8025.0,14.6,15.4,15.0
2026-10-19,put,8025.0,239.0,263.0,251.0
2026-10-19,call,8050.0,11.6,12.3,11.95
2026-10-19,put,8050.0,261.0,285.0,273.0
2026-10-19,call,8075.0,9.2,9.8,9.5
2026-10-19,put,8075.0,283.5,307.5,295.5
2026-10-19,call,8100.0,7.3,7.9,7.6
2026-10-19,put,8100.0,306.5,330.5,318.5
2026-10-19,call,8125.0,5.8,6.4,6.1
2026-10-19,put,8125.0,330.1,354.1,342.1
2026-10-19,call,8150.0,4.7,5.2,4.95
2026-10-19,put,8150.0,353.9,377.9,365.9
2026-10-19,call,8175.0,3.8,4.3,4.05
2026-10-19,put,8175.0,378.0,402.0,390.0
2026-10-19,call,8200.0,3.1,3.6,3.35
2026-10-19,put,8200.0,402.3,426.3,414.3
2026-10-19,call,8225.0,2.65,3.1,2.875
2026-10-19,put,8225.0,426.6,450.6,438.6
2026-10-19,call,8250.0,2.25,2.6,2.425
2026-10-19,put,8250.0,451.1,475.1,463.1
2026-10-19,call,8275.0,1.95,2.3,2.125
2026-10-19,put,8275.0,475.7,499.7,487.7
2026-10-19,call,8300.0,1.7,2.0,1.85
2026-10-19,put,8300.0,500.6,524.6,512.6
2026-10-19,call,8400.0,0.95,1.25,1.1
2026-10-19,put,8400.0,599.4,623.4,611.4
2026-10-19,call,8500.0,0.55,0.85,0.7
2026-10-19,put,8500.0,698.7,722.7,710.7
2026-10-19,call,8600.0,0.3,0.6,0.44999999999999996
2026-10-19,put,8600.0,798.2,822.2,810.2
2026-10-19,call,8800.0,0.05,0.35,0.19999999999999998
2026-10-19,put,8800.0,997.3,1021.3,1009.3
2026-10-19,put,9000.0,1196.7,1220.7,1208.7
2026-10-19,put,9200.0,1395.9,1419.9,1407.9
2026-10-19,put,9400.0,1595.3,1619.3,1607.3
2026-10-19,put,9600.0,1795.0,1819.0,1807.0
2026-10-19,put,9800.0,1994.2,2018.2,2006.2
2026-10-19,put,10000.0,2193.6,2217.6,2205.6
2026-10-20,call,3200.0,4562.3,4586.3,4574.3
2026-10-20,call,3400.0,4362.9,4386.9,4374.9
2026-10-20,call,3600.0,4163.6,4187.6,4175.6
2026-10-20,call,3800.0,3964.2,3988.2,3976.2
2026-10-20,call,4000.0,3764.9,3788.9,3776.9
2026-10-20,call,4200.0,3565.6,3589.6,3577.6
2026-10-20,call,4400.0,3366.2,3390.2,3378.2
2026-10-20,put,4400.0,0.05,0.3,0.175
2026-10-20,call,4600.0,3167.0,3191.0,3179.0
2026-10-20,put,4600.0,0.1,0.35,0.22499999999999998
2026-10-20,call,4800.0,2967.7,2991.7,2979.7
2026-10-20,put,4800.0,0.2,0.45,0.325
2026-10-20,call,5000.0,2768.4,2792.4,2780.4
2026-10-20,put,5000.0,0.3,0.55,0.42500000000000004
2026-10-20,call,5200.0,2569.1,2593.1,2581.1
2026-10-20,put,5200.0,0.45,0.7,0.575
2026-10-20,call,5400.0,2369.9,2393.9,2381.9
2026-10-20,put,5400.0,0.6,0.85,0.725
2026-10-20,call,5600.0,2170.8,2194.8,2182.8
2026-10-20,put,5600.0,0.85,1.1,0.9750000000000001
2026-10-20,call,5800.0,1971.8,1995.8,1983.8
2026-10-20,put,5800.0,1.15,1.4,1.275
2026-10-20,call,6000.0,1772.8,1796.8,1784.8
2026-10-20,put,6000.0,1.5,1.75,1.625
2026-10-20,call,6100.0,1673.2,1697.2,1685.2
2026-10-20,put,6100.0,1.7,1.95,1.825
2026-10-20,call,6200.0,1573.8,1597.8,1585.8
2026-10-20,put,6200.0,1.95,2.2,2.075
2026-10-20,call,6300.0,1474.4,1498.4,1486.4
2026-10-20,put,6300.0,2.2,2.45,2.325
2026-10-20,call,6400.0,1375.0,1399.0,1387.0
2026-10-20,put,6400.0,2.5,2.8,2.65
2026-10-20,call,6500.0,1275.7,1299.7,1287.7
2026-10-20,put,6500.0,2.9,3.2,3.05
2026-10-20,call,6525.0,1251.0,1275.0,1263.0
2026-10-20,put,6525.0,3.0,3.3,3.15
2026-10-20,call,6550.0,1226.0,1250.0,1238.0
2026-10-20,put,6550.0,3.1,3.4,3.25
2026-10-20,call,6575.0,1201.3,1225.3,1213.3
2026-10-20,put,6575.0,3.2,3.5,3.35
2026-10-20,call,6600.0,1176.4,1200.4,1188.4
2026-10-20,put,6600.0,3.3,3.6,3.45
2026-10-20,call,6625.0,1151.7,1175.7,1163.7
2026-10-20,put,6625.0,3.4,3.8,3.5999999999999996
2026-10-20,call,6650.0,1126.9,1150.9,1138.9
2026-10-20,put,6650.0,3.6,3.9,3.75
2026-10-20,call,6675.0,1102.1,1126.1,1114.1
2026-10-20,put,6675.0,3.7,4.0,3.85
2026-10-20,call,6700.0,1077.3,1101.3,1089.3
2026-10-20,put,6700.0,3.8,4.2,4.0
2026-10-20,call,6725.0,1052.5,1076.5,1064.5
2026-10-20,put,6725.0,4.0,4.3,4.15
2026-10-20,call,6750.0,1027.8,1051.8,1039.8
2026-10-20,put,6750.0,4.2,4.5,4.35
2026-10-20,call,6775.0,1003.1,1027.1,1015.0999999999999
2026-10-20,put,6775.0,4.3,4.7,4.5
2026-10-20,call,6800.0,978.3,1002.3,990.3
2026-10-20,put,6800.0,4.5,4.9,4.7
2026-10-20,call,6825.0,953.6,977.6,965.6
2026-10-20,put,6825.0,4.7,5.1,4.9
2026-10-20,call,6850.0,928.7,952.7,940.7
2026-10-20,put,6850.0,4.9,5.3,5.1
2026-10-20,call,6875.0,904.3,928.3,916.3
2026-10-20,put,6875.0,5.1,5.5,5.3
2026-10-20,call,6900.0,879.5,903.5,891.5
2026-10-20,put,6900.0,5.3,5.7,5.5
2026-10-20,call,6925.0,854.8,878.8,866.8
2026-10-20,put,6925.0,5.6,6.0,5.8
2026-10-20,call,6950.0,830.2,854.2,842.2
2026-10-20,put,6950.0,5.9,6.3,6.1
2026-10-20,call,6975.0,805.6,829.6,817.6
2026-10-20,put,6975.0,6.1,6.6,6.35
2026-10-20,call,7000.0,780.9,804.9,792.9
2026-10-20,put,7000.0,6.5,6.9,6.7
2026-10-20,call,7025.0,756.4,780.4,768.4
2026-10-20,put,7025.0,6.8,7.2,7.0
2026-10-20,call,7050.0,731.8,755.8,743.8
2026-10-20,put,7050.0,7.1,7.6,7.35
2026-10-20,call,7075.0,707.3,731.3,719.3
2026-10-20,put,7075.0,7.5,8.0,7.75
2026-10-20,call,7100.0,682.8,706.8,694.8
2026-10-20,put,7100.0,8.0,8.5,8.25
2026-10-20,call,7125.0,658.4,682.4,670.4
2026-10-20,put,7125.0,8.4,9.0,8.7
2026-10-20,call,7150.0,633.9,657.9,645.9
2026-10-20,put,7150.0,8.9,9.5,9.2
2026-10-20,call,7175.0,609.6,633.6,621.6
2026-10-20,put,7175.0,9.5,10.1,9.8
2026-10-20,call,7200.0,585.4,609.4,597.4
2026-10-20,put,7200.0,10.1,10.7,10.399999999999999
2026-10-20,call,7225.0,561.1,585.1,573.1
2026-10-20,put,7225.0,10.8,11.4,11.100000000000001
2026-10-20,call,7250.0,537.0,561.0,549.0
2026-10-20,put,7250.0,11.6,12.1,11.85
2026-10-20,call,7275.0,512.9,536.9,524.9
2026-10-20,put,7275.0,12.4,13.0,12.7
2026-10-20,call,7300.0,489.0,513.0,501.0
2026-10-20,put,7300.0,13.3,13.9,13.600000000000001
2026-10-20,call,7325.0,465.1,489.1,477.1
2026-10-20,put,7325.0,14.4,15.0,14.7
2026-10-20,call,7350.0,441.4,465.4,453.4
2026-10-20,put,7350.0,15.5,16.1,15.8
2026-10-20,call,7375.0,417.8,441.8,429.8
2026-10-20,put,7375.0,16.8,17.4,17.1
2026-10-20,call,7400.0,394.5,418.5,406.5
2026-10-20,put,7400.0,18.3,18.9,18.6
2026-10-20,call,7410.0,385.1,409.1,397.1
2026-10-20,put,7410.0,18.9,19.6,19.25
2026-10-20,call,7420.0,375.8,399.8,387.8
2026-10-20,put,7420.0,19.6,20.2,19.9
2026-10-20,call,7425.0,371.3,395.3,383.3
2026-10-20,put,7425.0,19.9,20.6,20.25
2026-10-20,call,7430.0,366.5,390.5,378.5
2026-10-20,put,7430.0,20.3,20.9,20.6
2026-10-20,call,7440.0,357.3,381.3,369.3
2026-10-20,put,7440.0,21.0,21.7,21.35
2026-10-20,call,7450.0,348.1,372.1,360.1
2026-10-20,put,7450.0,21.8,22.5,22.15
2026-10-20,call,7460.0,339.1,363.1,351.1
2026-10-20,put,7460.0,22.6,23.3,22.950000000000003
2026-10-20,call,7470.0,330.0,354.0,342.0
2026-10-20,put,7470.0,23.4,24.1,23.75
2026-10-20,call,7475.0,325.4,349.4,337.4
2026-10-20,put,7475.0,23.9,24.6,24.25
2026-10-20,call,7480.0,320.9,344.9,332.9
2026-10-20,put,7480.0,24.3,25.0,24.65
2026-10-20,call,7490.0,311.8,335.8,323.8
2026-10-20,put,7490.0,25.2,26.0,25.6
2026-10-20,call,7500.0,302.9,326.9,314.9
2026-10-20,put,7500.0,26.2,27.0,26.6
2026-10-20,call,7510.0,294.0,318.0,306.0
2026-10-20,put,7510.0,27.2,28.0,27.6
2026-10-20,call,7520.0,285.0,309.0,297.0
2026-10-20,put,7520.0,28.3,29.1,28.700000000000003
2026-10-20,call,7525.0,280.6,304.6,292.6
2026-10-20,put,7525.0,28.9,29.7,29.299999999999997
2026-10-20,call,7530.0,276.4,300.4,288.4
2026-10-20,put,7530.0,29.5,30.3,29.9
2026-10-20,call,7540.0,267.6,291.6,279.6
2026-10-20,put,7540.0,30.7,31.5,31.1
2026-10-20,call,7550.0,258.9,282.9,270.9
2026-10-20,put,7550.0,31.9,32.7,32.3
2026-10-20,call,7560.0,250.3,274.3,262.3
2026-10-20,put,7560.0,33.3,34.1,33.7
2026-10-20,call,7570.0,241.6,265.6,253.60000000000002
2026-10-20,put,7570.0,34.7,35.5,35.1
2026-10-20,call,7575.0,237.5,261.5,249.5
2026-10-20,put,7575.0,35.4,36.2,35.8
2026-10-20,call,7580.0,233.1,257.1,245.10000000000002
2026-10-20,put,7580.0,36.1,37.0,36.55
2026-10-20,call,7590.0,224.9,248.8,236.85000000000002
2026-10-20,put,7590.0,37.7,38.5,38.1
2026-10-20,call,7600.0,216.6,240.6,228.6
2026-10-20,put,7600.0,39.3,40.2,39.75
2026-10-20,call,7610.0,208.4,232.4,220.4
2026-10-20,put,7610.0,41.1,41.9,41.5
2026-10-20,call,7620.0,202.2,226.2,214.2
2026-10-20,put,7620.0,42.9,43.8,43.349999999999994
2026-10-20,call,7625.0,198.2,218.2,208.2
2026-10-20,put,7625.0,43.8,44.7,44.25
2026-10-20,call,7630.0,194.2,214.2,204.2
2026-10-20,put,7630.0,44.8,45.7,45.25
2026-10-20,call,7640.0,186.4,206.4,196.4
2026-10-20,put,7640.0,46.8,47.7,47.25
2026-10-20,call,7650.0,178.6,198.6,188.6
2026-10-20,put,7650.0,49.0,49.9,49.45
2026-10-20,call,7660.0,182.4,183.4,182.9
2026-10-20,put,7660.0,51.2,52.2,51.7
2026-10-20,call,7670.0,174.8,175.8,175.3
2026-10-20,put,7670.0,53.6,54.5,54.05
2026-10-20,call,7675.0,171.1,172.1,171.6
2026-10-20,put,7675.0,54.8,55.8,55.3
2026-10-20,call,7680.0,167.3,168.4,167.85000000000002
2026-10-20,put,7680.0,56.1,57.1,56.6
2026-10-20,call,7690.0,160.0,161.1,160.55
2026-10-20,put,7690.0,58.7,59.7,59.2
2026-10-20,call,7700.0,152.8,153.9,153.35000000000002
2026-10-20,put,7700.0,61.5,62.5,62.0
2026-10-20,call,7710.0,145.8,146.8,146.3
2026-10-20,put,7710.0,64.4,65.4,64.9
2026-10-20,call,7720.0,138.9,139.9,139.4
2026-10-20,put,7720.0,67.5,68.5,68.0
2026-10-20,call,7725.0,135.5,136.6,136.05
2026-10-20,put,7725.0,69.1,70.1,69.6
2026-10-20,call,7730.0,132.1,133.2,132.64999999999998
2026-10-20,put,7730.0,70.7,71.8,71.25
2026-10-20,call,7740.0,125.5,126.7,126.1
2026-10-20,put,7740.0,74.1,75.2,74.65
2026-10-20,call,7750.0,119.1,120.3,119.69999999999999
2026-10-20,put,7750.0,77.6,78.7,78.15
2026-10-20,call,7760.0,112.9,114.0,113.45
2026-10-20,put,7760.0,81.4,82.5,81.95
2026-10-20,call,7770.0,106.8,108.0,107.4
2026-10-20,put,7770.0,85.3,86.4,85.85
2026-10-20,call,7775.0,103.8,105.0,104.4
2026-10-20,put,7775.0,87.3,88.4,87.85
2026-10-20,call,7780.0,100.9,102.1,101.5
2026-10-20,put,7780.0,89.4,90.5,89.95
2026-10-20,call,7790.0,95.2,96.4,95.80000000000001
2026-10-20,put,7790.0,93.6,94.8,94.19999999999999
2026-10-20,call,7800.0,89.7,90.9,90.30000000000001
2026-10-20,put,7800.0,98.1,99.2,98.65
2026-10-20,call,7810.0,84.4,85.6,85.0
2026-10-20,put,7810.0,102.8,103.9,103.35
2026-10-20,call,7820.0,79.3,80.5,79.9
2026-10-20,put,7820.0,107.6,108.7,108.15
2026-10-20,call,7825.0,76.8,78.0,77.4
2026-10-20,put,7825.0,110.1,111.2,110.65
2026-10-20,call,7830.0,74.4,75.5,74.95
2026-10-20,put,7830.0,112.7,113.8,113.25
2026-10-20,call,7840.0,69.7,70.8,70.25
2026-10-20,put,7840.0,117.9,119.0,118.45
2026-10-20,call,7850.0,65.2,66.3,65.75
2026-10-20,put,7850.0,123.4,124.5,123.95
2026-10-20,call,7875.0,54.8,55.8,55.3
2026-10-20,put,7875.0,137.9,139.1,138.5
2026-10-20,call,7900.0,45.6,46.6,46.1
2026-10-20,put,7900.0,153.6,154.8,154.2
2026-10-20,call,7925.0,37.7,38.6,38.150000000000006
2026-10-20,put,7925.0,163.1,183.1,173.1
2026-10-20,call,7950.0,30.8,31.7,31.25
2026-10-20,put,7950.0,181.4,201.4,191.4
2026-10-20,call,7975.0,25.0,25.8,25.4
2026-10-20,put,7975.0,200.2,219.1,209.64999999999998
2026-10-20,call,8000.0,20.2,20.9,20.549999999999997
2026-10-20,put,8000.0,218.6,242.6,230.6
2026-10-20,call,8025.0,16.2,16.9,16.549999999999997
2026-10-20,put,8025.0,239.7,263.7,251.7
2026-10-20,call,8050.0,12.9,13.6,13.25
2026-10-20,put,8050.0,261.3,285.3,273.3
2026-10-20,call,8075.0,10.3,10.9,10.600000000000001
2026-10-20,put,8075.0,283.7,307.7,295.7
2026-10-20,call,8100.0,8.2,8.8,8.5
2026-10-20,put,8100.0,306.6,330.6,318.6
2026-10-20,call,8125.0,6.5,7.1,6.8
2026-10-20,put,8125.0,329.9,353.9,341.9
2026-10-20,call,8150.0,5.2,5.8,5.5
2026-10-20,put,8150.0,353.6,377.6,365.6
2026-10-20,call,8175.0,4.3,4.8,4.55
2026-10-20,put,8175.0,377.5,401.5,389.5
2026-10-20,call,8200.0,3.5,4.0,3.75
2026-10-20,put,8200.0,401.8,425.8,413.8
2026-10-20,call,8225.0,3.0,3.5,3.25
2026-10-20,put,8225.0,426.1,450.1,438.1
2026-10-20,call,8250.0,2.55,2.9,2.7249999999999996
2026-10-20,put,8250.0,450.5,474.5,462.5
2026-10-20,call,8275.0,2.15,2.5,2.325
2026-10-20,put,8275.0,475.1,499.1,487.1
2026-10-20,call,8300.0,1.9,2.2,2.05
2026-10-20,put,8300.0,499.8,523.8,511.79999999999995
2026-10-20,call,8400.0,1.05,1.4,1.225
2026-10-20,put,8400.0,598.6,622.6,610.6
2026-10-20,call,8500.0,0.6,0.95,0.7749999999999999
2026-10-20,put,8500.0,697.9,721.9,709.9
2026-10-20,call,8600.0,0.35,0.65,0.5
2026-10-20,put,8600.0,797.3,821.3,809.3
2026-10-20,call,8800.0,0.05,0.35,0.19999999999999998
2026-10-20,put,8800.0,996.4,1020.4,1008.4
2026-10-20,put,9000.0,1195.7,1219.7,1207.7
2026-10-20,put,9200.0,1395.1,1419.1,1407.1
2026-10-20,put,9400.0,1594.4,1618.4,1606.4
2026-10-20,put,9600.0,1793.7,1817.7,1805.7
2026-10-20,put,9800.0,1993.1,2017.1,2005.1
2026-10-20,put,10000.0,2192.7,2216.7,2204.7
2026-10-21,call,3200.0,4562.5,4586.5,4574.5
2026-10-21,call,3400.0,4363.2,4387.2,4375.2
2026-10-21,call,3600.0,4163.9,4187.9,4175.9
2026-10-21,call,3800.0,3964.6,3988.6,3976.6
2026-10-21,call,4000.0,3765.3,3789.3,3777.3
2026-10-21,call,4200.0,3565.7,3589.7,3577.7
2026-10-21,put,4200.0,0.05,0.3,0.175
2026-10-21,call,4400.0,3366.6,3390.6,3378.6
2026-10-21,put,4400.0,0.1,0.35,0.22499999999999998
2026-10-21,call,4600.0,3167.4,3191.4,3179.4
2026-10-21,put,4600.0,0.15,0.4,0.275
2026-10-21,call,4800.0,2968.1,2992.1,2980.1
2026-10-21,put,4800.0,0.25,0.5,0.375
2026-10-21,call,5000.0,2768.8,2792.8,2780.8
2026-10-21,put,5000.0,0.35,0.6,0.475
2026-10-21,call,5200.0,2569.6,2593.6,2581.6
2026-10-21,put,5200.0,0.5,0.75,0.625
2026-10-21,call,5400.0,2370.5,2394.5,2382.5
2026-10-21,put,5400.0,0.7,0.9,0.8
2026-10-21,call,5600.0,2171.2,2195.2,2183.2
2026-10-21,put,5600.0,0.95,1.15,1.0499999999999998
2026-10-21,call,5800.0,1972.4,1996.4,1984.4
2026-10-21,put,5800.0,1.25,1.5,1.375
2026-10-21,call,6000.0,1773.4,1797.4,1785.4
2026-10-21,put,6000.0,1.6,1.85,1.725
2026-10-21,call,6100.0,1674.1,1698.1,1686.1
2026-10-21,put,6100.0,1.85,2.1,1.975
2026-10-21,call,6200.0,1574.5,1598.5,1586.5
2026-10-21,put,6200.0,2.1,2.35,2.225
2026-10-21,call,6300.0,1475.1,1499.1,1487.1
2026-10-21,put,6300.0,2.4,2.65,2.525
2026-10-21,call,6400.0,1375.8,1399.8,1387.8
2026-10-21,put,6400.0,2.7,3.0,2.85
2026-10-21,call,6500.0,1276.6,1300.6,1288.6
2026-10-21,put,6500.0,3.1,3.4,3.25
2026-10-21,call,6525.0,1251.8,1275.8,1263.8
2026-10-21,put,6525.0,3.2,3.5,3.35
2026-10-21,call,6550.0,1227.0,1251.0,1239.0
2026-10-21,put,6550.0,3.3,3.6,3.45
2026-10-21,call,6575.0,1202.1,1226.1,1214.1
2026-10-21,put,6575.0,3.4,3.8,3.5999999999999996
2026-10-21,call,6600.0,1177.5,1201.5,1189.5
2026-10-21,put,6600.0,3.6,3.9,3.75
2026-10-21,call,6625.0,1152.7,1176.7,1164.7
2026-10-21,put,6625.0,3.7,4.0,3.85
2026-10-21,call,6650.0,1127.8,1151.8,1139.8
2026-10-21,put,6650.0,3.9,4.2,4.05
2026-10-21,call,6675.0,1103.1,1127.1,1115.1
2026-10-21,put,6675.0,4.0,4.3,4.15
2026-10-21,call,6700.0,1078.1,1102.1,1090.1
2026-10-21,put,6700.0,4.2,4.5,4.35
2026-10-21,call,6725.0,1053.7,1077.7,1065.7
2026-10-21,put,6725.0,4.3,4.7,4.5
2026-10-21,call,6750.0,1028.9,1052.9,1040.9
2026-10-21,put,6750.0,4.5,4.8,4.65
2026-10-21,call,6775.0,1004.1,1028.1,1016.0999999999999
2026-10-21,put,6775.0,4.7,5.0,4.85
2026-10-21,call,6800.0,979.4,1003.4,991.4
2026-10-21,put,6800.0,4.9,5.2,5.050000000000001
2026-10-21,call,6825.0,954.7,978.7,966.7
2026-10-21,put,6825.0,5.1,5.4,5.25
2026-10-21,call,6850.0,930.0,954.0,942.0
2026-10-21,put,6850.0,5.3,5.7,5.5
2026-10-21,call,6875.0,905.3,929.3,917.3
2026-10-21,put,6875.0,5.5,5.9,5.7
2026-10-21,call,6900.0,880.6,904.6,892.6
2026-10-21,put,6900.0,5.8,6.2,6.0
2026-10-21,call,6925.0,856.1,880.1,868.1
2026-10-21,put,6925.0,6.0,6.5,6.25
2026-10-21,call,6950.0,831.3,855.3,843.3
2026-10-21,put,6950.0,6.3,6.8,6.55
2026-10-21,call,6975.0,806.8,830.8,818.8
2026-10-21,put,6975.0,6.6,7.1,6.85
2026-10-21,call,7000.0,782.2,806.2,794.2
2026-10-21,put,7000.0,7.0,7.4,7.2
2026-10-21,call,7025.0,757.7,781.7,769.7
2026-10-21,put,7025.0,7.3,7.8,7.55
2026-10-21,call,7050.0,733.2,757.2,745.2
2026-10-21,put,7050.0,7.7,8.2,7.949999999999999
2026-10-21,call,7075.0,708.7,732.7,720.7
2026-10-21,put,7075.0,8.1,8.6,8.35
2026-10-21,call,7100.0,684.2,708.2,696.2
2026-10-21,put,7100.0,8.6,9.1,8.85
2026-10-21,call,7125.0,659.9,683.9,671.9
2026-10-21,put,7125.0,9.1,9.6,9.35
2026-10-21,call,7150.0,635.5,659.5,647.5
2026-10-21,put,7150.0,9.6,10.2,9.899999999999999
2026-10-21,call,7175.0,611.0,635.0,623.0
2026-10-21,put,7175.0,10.2,10.8,10.5
2026-10-21,call,7200.0,586.9,610.9,598.9
2026-10-21,put,7200.0,10.9,11.5,11.2
2026-10-21,call,7225.0,562.7,586.7,574.7
2026-10-21,put,7225.0,11.6,12.2,11.899999999999999
2026-10-21,call,7250.0,538.7,562.7,550.7
2026-10-21,put,7250.0,12.4,13.0,12.7
2026-10-21,call,7275.0,514.6,538.6,526.6
2026-10-21,put,7275.0,13.3,14.0,13.65
2026-10-21,call,7300.0,490.9,514.9,502.9
2026-10-21,put,7300.0,14.3,14.9,14.600000000000001
2026-10-21,call,7325.0,467.0,491.0,479.0
2026-10-21,put,7325.0,15.4,16.1,15.75
2026-10-21,call,7350.0,443.2,467.2,455.2
2026-10-21,put,7350.0,16.7,17.3,17.0
2026-10-21,call,7375.0,419.9,443.9,431.9
2026-10-21,put,7375.0,18.0,18.7,18.35
2026-10-21,call,7400.0,396.6,420.6,408.6
2026-10-21,put,7400.0,19.6,20.2,19.9
2026-10-21,call,7410.0,387.3,411.3,399.3
2026-10-21,put,7410.0,20.2,20.9,20.549999999999997
2026-10-21,call,7420.0,378.0,402.0,390.0
2026-10-21,put,7420.0,20.9,21.6,21.25
2026-10-21,call,7425.0,373.4,397.4,385.4
2026-10-21,put,7425.0,21.3,22.0,21.65
2026-10-21,call,7430.0,368.8,392.8,380.8
2026-10-21,put,7430.0,21.7,22.4,22.049999999999997
2026-10-21,call,7440.0,359.7,383.7,371.7
2026-10-21,put,7440.0,22.4,23.1,22.75
2026-10-21,call,7450.0,350.5,374.5,362.5
2026-10-21,put,7450.0,23.2,24.0,23.6
2026-10-21,call,7460.0,341.4,365.4,353.4
2026-10-21,put,7460.0,24.1,24.8,24.450000000000003
2026-10-21,call,7470.0,332.3,356.3,344.3
2026-10-21,put,7470.0,25.0,25.7,25.35
2026-10-21,call,7475.0,327.7,351.7,339.7
2026-10-21,put,7475.0,25.4,26.2,25.799999999999997
2026-10-21,call,7480.0,323.4,347.4,335.4
2026-10-21,put,7480.0,25.9,26.6,26.25
2026-10-21,call,7490.0,314.2,338.2,326.2
2026-10-21,put,7490.0,26.9,27.6,27.25
2026-10-21,call,7500.0,305.3,329.3,317.3
2026-10-21,put,7500.0,27.9,28.7,28.299999999999997
2026-10-21,call,7510.0,296.5,320.5,308.5
2026-10-21,put,7510.0,29.0,29.7,29.35
2026-10-21,call,7520.0,287.6,311.6,299.6
2026-10-21,put,7520.0,30.1,30.9,30.5
2026-10-21,call,7525.0,283.3,307.3,295.3
2026-10-21,put,7525.0,30.7,31.5,31.1
2026-10-21,call,7530.0,278.7,302.7,290.7
2026-10-21,put,7530.0,31.3,32.1,31.700000000000003
2026-10-21,call,7540.0,270.2,294.2,282.2
2026-10-21,put,7540.0,32.5,33.3,32.9
2026-10-21,call,7550.0,261.6,285.6,273.6
2026-10-21,put,7550.0,33.8,34.6,34.2
2026-10-21,call,7560.0,253.1,277.0,265.05
2026-10-21,put,7560.0,35.2,36.0,35.6
2026-10-21,call,7570.0,244.5,268.5,256.5
2026-10-21,put,7570.0,36.6,37.5,37.05
2026-10-21,call,7575.0,240.2,264.2,252.2
2026-10-21,put,7575.0,37.4,38.2,37.8
2026-10-21,call,7580.0,236.1,260.1,248.10000000000002
2026-10-21,put,7580.0,38.1,39.0,38.55
2026-10-21,call,7590.0,227.7,251.7,239.7
2026-10-21,put,7590.0,39.7,40.6,40.150000000000006
2026-10-21,call,7600.0,219.5,243.5,231.5
2026-10-21,put,7600.0,41.4,42.3,41.849999999999994
2026-10-21,call,7610.0,211.4,235.4,223.4
2026-10-21,put,7610.0,43.2,44.1,43.650000000000006
2026-10-21,call,7620.0,203.3,227.3,215.3
2026-10-21,put,7620.0,45.0,45.9,45.45
2026-10-21,call,7625.0,201.2,225.2,213.2
2026-10-21,put,7625.0,46.0,46.9,46.45
2026-10-21,call,7630.0,197.3,217.3,207.3
2026-10-21,put,7630.0,47.0,47.9,47.45
2026-10-21,call,7640.0,189.4,209.4,199.4
2026-10-21,put,7640.0,49.1,50.0,49.55
2026-10-21,call,7650.0,181.6,201.6,191.6
2026-10-21,put,7650.0,51.2,52.2,51.7
2026-10-21,call,7660.0,185.5,186.5,186.0
2026-10-21,put,7660.0,53.5,54.5,54.0
2026-10-21,call,7670.0,177.9,179.0,178.45
2026-10-21,put,7670.0,55.9,56.9,56.4
2026-10-21,call,7675.0,174.2,175.2,174.7
2026-10-21,put,7675.0,57.2,58.1,57.650000000000006
2026-10-21,call,7680.0,170.5,171.5,171.0
2026-10-21,put,7680.0,58.4,59.4,58.9
2026-10-21,call,7690.0,163.2,164.2,163.7
2026-10-21,put,7690.0,61.1,62.1,61.6
2026-10-21,call,7700.0,156.0,157.1,156.55
2026-10-21,put,7700.0,63.9,64.9,64.4
2026-10-21,call,7710.0,149.0,150.1,149.55
2026-10-21,put,7710.0,66.8,67.8,67.3
2026-10-21,call,7720.0,142.1,143.2,142.64999999999998
2026-10-21,put,7720.0,69.9,70.9,70.4
2026-10-21,call,7725.0,138.7,139.8,139.25
2026-10-21,put,7725.0,71.5,72.5,72.0
2026-10-21,call,7730.0,135.3,136.5,135.9
2026-10-21,put,7730.0,73.1,74.2,73.65
2026-10-21,call,7740.0,128.8,129.9,129.35000000000002
2026-10-21,put,7740.0,76.5,77.6,77.05
2026-10-21,call,7750.0,122.3,123.5,122.9
2026-10-21,put,7750.0,80.0,81.2,80.6
2026-10-21,call,7760.0,116.1,117.3,116.69999999999999
2026-10-21,put,7760.0,83.8,84.9,84.35
2026-10-21,call,7770.0,110.0,111.2,110.6
2026-10-21,put,7770.0,87.7,88.8,88.25
2026-10-21,call,7775.0,107.0,108.2,107.6
2026-10-21,put,7775.0,89.7,90.8,90.25
2026-10-21,call,7780.0,104.1,105.3,104.69999999999999
2026-10-21,put,7780.0,91.7,92.9,92.30000000000001
2026-10-21,call,7790.0,98.4,99.6,99.0
2026-10-21,put,7790.0,96.0,97.1,96.55
2026-10-21,call,7800.0,92.9,94.1,93.5
2026-10-21,put,7800.0,100.4,101.6,101.0
2026-10-21,call,7810.0,87.5,88.7,88.1
2026-10-21,put,7810.0,105.1,106.2,105.65
2026-10-21,call,7820.0,82.4,83.6,83.0
2026-10-21,put,7820.0,109.9,111.0,110.45
2026-10-21,call,7825.0,79.9,81.1,80.5
2026-10-21,put,7825.0,112.4,113.5,112.95
2026-10-21,call,7830.0,77.5,78.6,78.05
2026-10-21,put,7830.0,114.9,116.0,115.45
2026-10-21,call,7840.0,72.7,73.8,73.25
2026-10-21,put,7840.0,120.1,121.2,120.65
2026-10-21,call,7850.0,68.1,69.3,68.69999999999999
2026-10-21,put,7850.0,125.5,126.6,126.05
2026-10-21,call,7875.0,57.6,58.7,58.150000000000006
2026-10-21,put,7875.0,139.9,141.1,140.5
2026-10-21,call,7900.0,48.3,49.3,48.8
2026-10-21,put,7900.0,155.5,156.5,156.0
2026-10-21,call,7925.0,40.1,41.0,40.55
2026-10-21,put,7925.0,164.9,184.9,174.9
2026-10-21,call,7950.0,33.1,33.9,33.5
2026-10-21,put,7950.0,182.7,202.7,192.7
2026-10-21,call,7975.0,27.0,27.9,27.45
2026-10-21,put,7975.0,200.2,224.2,212.2
2026-10-21,call,8000.0,21.9,22.7,22.299999999999997
2026-10-21,put,8000.0,219.5,243.5,231.5
2026-10-21,call,8025.0,17.7,18.5,18.1
2026-10-21,put,8025.0,240.3,264.3,252.3
2026-10-21,call,8050.0,14.2,14.9,14.55
2026-10-21,put,8050.0,261.8,285.8,273.8
2026-10-21,call,8075.0,11.4,12.1,11.75
2026-10-21,put,8075.0,283.9,307.9,295.9
2026-10-21,call,8100.0,9.1,9.8,9.45
2026-10-21,put,8100.0,306.7,330.7,318.7
2026-10-21,call,8125.0,7.3,7.9,7.6
2026-10-21,put,8125.0,329.9,353.9,341.9
2026-10-21,call,8150.0,5.9,6.5,6.2
2026-10-21,put,8150.0,353.3,377.3,365.3
2026-10-21,call,8175.0,4.8,5.3,5.05
2026-10-21,put,8175.0,377.4,401.4,389.4
2026-10-21,call,8200.0,3.9,4.5,4.2
2026-10-21,put,8200.0,401.3,425.3,413.3
2026-10-21,call,8225.0,3.3,3.8,3.55
2026-10-21,put,8225.0,425.6,449.6,437.6
2026-10-21,call,8250.0,2.8,3.2,3.0
2026-10-21,put,8250.0,450.2,474.2,462.2
2026-10-21,call,8275.0,2.4,2.8,2.5999999999999996
2026-10-21,put,8275.0,474.5,498.5,486.5
2026-10-21,call,8300.0,2.1,2.4,2.25
2026-10-21,put,8300.0,499.0,523.0,511.0
2026-10-21,call,8400.0,1.2,1.5,1.35
2026-10-21,put,8400.0,597.8,621.8,609.8
2026-10-21,call,8500.0,0.7,1.0,0.85
2026-10-21,put,8500.0,697.0,721.0,709.0
2026-10-21,call,8600.0,0.4,0.7,0.55
2026-10-21,put,8600.0,796.5,820.5,808.5
2026-10-21,call,8800.0,0.1,0.4,0.25
2026-10-21,put,8800.0,995.5,1019.5,1007.5
2026-10-21,call,9000.0,0.05,0.2,0.125
2026-10-21,put,9000.0,1194.7,1218.7,1206.7
2026-10-21,put,9200.0,1394.1,1418.1,1406.1
2026-10-21,put,9400.0,1593.4,1617.4,1605.4
2026-10-21,put,9600.0,1792.7,1816.7,1804.7
2026-10-21,put,9800.0,1992.1,2016.1,2004.1
2026-10-21,put,10000.0,2191.4,2215.4,2203.4
2026-10-22,call,3200.0,4562.8,4586.8,4574.8
2026-10-22,call,3400.0,4363.6,4387.6,4375.6
2026-10-22,call,3600.0,4164.3,4188.3,4176.3
2026-10-22,call,3800.0,3965.0,3989.0,3977.0
2026-10-22,call,4000.0,3765.8,3789.8,3777.8
2026-10-22,call,4200.0,3566.4,3590.4,3578.4
2026-10-22,put,4200.0,0.05,0.3,0.175
2026-10-22,call,4400.0,3366.9,3390.9,3378.9
2026-10-22,put,4400.0,0.1,0.35,0.22499999999999998
2026-10-22,call,4600.0,3167.9,3191.9,3179.9
2026-10-22,put,4600.0,0.15,0.4,0.275
2026-10-22,call,4800.0,2968.4,2992.4,2980.4
2026-10-22,put,4800.0,0.25,0.5,0.375
2026-10-22,call,5000.0,2769.4,2793.4,2781.4
2026-10-22,put,5000.0,0.4,0.65,0.525
2026-10-22,call,5200.0,2570.2,2594.2,2582.2
2026-10-22,put,5200.0,0.55,0.8,0.675
2026-10-22,call,5400.0,2371.2,2395.2,2383.2
2026-10-22,put,5400.0,0.75,1.0,0.875
2026-10-22,call,5600.0,2172.0,2196.0,2184.0
2026-10-22,put,5600.0,1.0,1.25,1.125
2026-10-22,call,5800.0,1973.1,1997.1,1985.1
2026-10-22,put,5800.0,1.35,1.6,1.475
2026-10-22,call,6000.0,1774.0,1798.0,1786.0
2026-10-22,put,6000.0,1.75,2.0,1.875
2026-10-22,call,6100.0,1674.8,1698.8,1686.8
2026-10-22,put,6100.0,2.0,2.25,2.125
2026-10-22,call,6200.0,1575.4,1599.4,1587.4
2026-10-22,put,6200.0,2.25,2.55,2.4
2026-10-22,call,6300.0,1476.1,1500.1,1488.1
2026-10-22,put,6300.0,2.6,2.85,2.725
2026-10-22,call,6400.0,1376.9,1400.9,1388.9
2026-10-22,put,6400.0,2.95,3.2,3.075
2026-10-22,call,6500.0,1277.6,1301.6,1289.6
2026-10-22,put,6500.0,3.4,3.7,3.55
2026-10-22,call,6575.0,1203.3,1227.3,1215.3
2026-10-22,put,6575.0,3.7,4.1,3.9
2026-10-22,call,6600.0,1178.4,1202.4,1190.4
2026-10-22,put,6600.0,3.9,4.2,4.05
2026-10-22,call,6625.0,1153.5,1177.5,1165.5
2026-10-22,put,6625.0,4.0,4.4,4.2
2026-10-22,call,6650.0,1128.9,1152.8,1140.85
2026-10-22,put,6650.0,4.2,4.5,4.35
2026-10-22,call,6675.0,1104.1,1128.1,1116.1
2026-10-22,put,6675.0,4.3,4.7,4.5
2026-10-22,call,6700.0,1079.4,1103.4,1091.4
2026-10-22,put,6700.0,4.5,4.9,4.7
2026-10-22,call,6725.0,1054.6,1078.6,1066.6
2026-10-22,put,6725.0,4.7,5.0,4.85
2026-10-22,call,6750.0,1030.0,1054.0,1042.0
2026-10-22,put,6750.0,4.9,5.2,5.050000000000001
2026-10-22,call,6775.0,1005.3,1029.3,1017.3
2026-10-22,put,6775.0,5.1,5.4,5.25
2026-10-22,call,6800.0,980.6,1004.6,992.6
2026-10-22,put,6800.0,5.3,5.7,5.5
2026-10-22,call,6825.0,955.8,979.8,967.8
2026-10-22,put,6825.0,5.5,5.9,5.7
2026-10-22,call,6850.0,931.2,955.2,943.2
2026-10-22,put,6850.0,5.7,6.1,5.9
2026-10-22,call,6875.0,906.4,930.4,918.4
2026-10-22,put,6875.0,6.0,6.4,6.2
2026-10-22,call,6900.0,881.9,905.9,893.9
2026-10-22,put,6900.0,6.3,6.7,6.5
2026-10-22,call,6925.0,857.3,881.3,869.3
2026-10-22,put,6925.0,6.6,7.0,6.8
2026-10-22,call,6950.0,832.8,856.8,844.8
2026-10-22,put,6950.0,6.9,7.3,7.1
2026-10-22,call,6975.0,808.1,832.1,820.1
2026-10-22,put,6975.0,7.2,7.7,7.45
2026-10-22,call,7000.0,783.7,807.7,795.7
2026-10-22,put,7000.0,7.6,8.0,7.8
2026-10-22,call,7025.0,759.1,783.1,771.1
2026-10-22,put,7025.0,7.9,8.4,8.15
2026-10-22,call,7050.0,734.5,758.5,746.5
2026-10-22,put,7050.0,8.4,8.9,8.65
2026-10-22,call,7075.0,710.1,734.1,722.1
2026-10-22,put,7075.0,8.8,9.3,9.05
2026-10-22,call,7100.0,685.8,709.8,697.8
2026-10-22,put,7100.0,9.3,9.9,9.600000000000001
2026-10-22,call,7125.0,661.3,685.3,673.3
2026-10-22,put,7125.0,9.9,10.4,10.15
2026-10-22,call,7150.0,637.0,661.0,649.0
2026-10-22,put,7150.0,10.4,11.0,10.7
2026-10-22,call,7175.0,612.8,636.8,624.8
2026-10-22,put,7175.0,11.1,11.7,11.399999999999999
2026-10-22,call,7200.0,588.5,612.5,600.5
2026-10-22,put,7200.0,11.8,12.4,12.100000000000001
2026-10-22,call,7225.0,564.7,588.7,576.7
2026-10-22,put,7225.0,12.6,13.2,12.899999999999999
2026-10-22,call,7250.0,540.6,564.5,552.55
2026-10-22,put,7250.0,13.5,14.1,13.8
2026-10-22,call,7275.0,516.6,540.6,528.6
2026-10-22,put,7275.0,14.4,15.0,14.7
2026-10-22,call,7300.0,492.9,516.9,504.9
2026-10-22,put,7300.0,15.4,16.1,15.75
2026-10-22,call,7325.0,468.9,492.9,480.9
2026-10-22,put,7325.0,16.6,17.3,16.950000000000003
2026-10-22,call,7350.0,445.5,469.5,457.5
2026-10-22,put,7350.0,17.9,18.6,18.25
2026-10-22,call,7375.0,422.0,446.0,434.0
2026-10-22,put,7375.0,19.4,20.0,19.7
2026-10-22,call,7400.0,398.8,422.8,410.8
2026-10-22,put,7400.0,21.0,21.7,21.35
2026-10-22,call,7425.0,375.7,399.7,387.7
2026-10-22,put,7425.0,22.8,23.5,23.15
2026-10-22,call,7450.0,353.0,377.0,365.0
2026-10-22,put,7450.0,24.8,25.6,25.200000000000003
2026-10-22,call,7475.0,330.4,354.4,342.4
2026-10-22,put,7475.0,27.1,27.8,27.450000000000003
2026-10-22,call,7490.0,316.9,340.9,328.9
2026-10-22,put,7490.0,28.6,29.4,29.0
2026-10-22,call,7500.0,307.9,331.9,319.9
2026-10-22,put,7500.0,29.6,30.4,30.0
2026-10-22,call,7510.0,299.0,323.0,311.0
2026-10-22,put,7510.0,30.8,31.5,31.15
2026-10-22,call,7520.0,290.4,314.4,302.4
2026-10-22,put,7520.0,31.9,32.7,32.3
2026-10-22,call,7525.0,286.1,310.1,298.1
2026-10-22,put,7525.0,32.5,33.3,32.9
2026-10-22,call,7530.0,281.7,305.7,293.7
2026-10-22,put,7530.0,33.1,34.0,33.55
2026-10-22,call,7540.0,273.0,297.0,285.0
2026-10-22,put,7540.0,34.4,35.2,34.8
2026-10-22,call,7550.0,264.4,288.4,276.4
2026-10-22,put,7550.0,35.8,36.6,36.2
2026-10-22,call,7560.0,255.9,279.9,267.9
2026-10-22,put,7560.0,37.2,38.0,37.6
2026-10-22,call,7570.0,247.4,271.4,259.4
2026-10-22,put,7570.0,38.7,39.5,39.1
2026-10-22,call,7575.0,243.2,267.2,255.2
2026-10-22,put,7575.0,39.4,40.3,39.849999999999994
2026-10-22,call,7580.0,239.0,263.0,251.0
2026-10-22,put,7580.0,40.2,41.1,40.650000000000006
2026-10-22,call,7590.0,230.7,254.7,242.7
2026-10-22,put,7590.0,41.8,42.7,42.25
2026-10-22,call,7600.0,222.5,246.5,234.5
2026-10-22,put,7600.0,43.6,44.4,44.0
2026-10-22,call,7610.0,214.4,238.4,226.4
2026-10-22,put,7610.0,45.4,46.3,45.849999999999994
2026-10-22,call,7620.0,206.4,230.4,218.4
2026-10-22,put,7620.0,47.3,48.2,47.75
2026-10-22,call,7625.0,202.3,226.1,214.2
2026-10-22,put,7625.0,48.2,49.2,48.7
2026-10-22,call,7630.0,200.2,219.1,209.64999999999998
2026-10-22,put,7630.0,49.3,50.2,49.75
2026-10-22,call,7640.0,192.5,212.5,202.5
2026-10-22,put,7640.0,51.3,52.3,51.8
2026-10-22,call,7650.0,187.0,206.9,196.95
2026-10-22,put,7650.0,53.5,54.5,54.0
2026-10-22,call,7660.0,188.7,189.7,189.2
2026-10-22,put,7660.0,55.9,56.8,56.349999999999994
2026-10-22,call,7670.0,181.1,182.2,181.64999999999998
2026-10-22,put,7670.0,58.3,59.3,58.8
2026-10-22,call,7675.0,177.4,178.5,177.95
2026-10-22,put,7675.0,59.5,60.5,60.0
2026-10-22,call,7680.0,173.7,174.8,174.25
2026-10-22,put,7680.0,60.8,61.8,61.3
2026-10-22,call,7690.0,166.4,167.5,166.95
2026-10-22,put,7690.0,63.5,64.5,64.0
2026-10-22,call,7700.0,159.3,160.4,159.85000000000002
2026-10-22,put,7700.0,66.3,67.3,66.8
2026-10-22,call,7710.0,152.2,153.4,152.8
2026-10-22,put,7710.0,69.2,70.3,69.75
2026-10-22,call,7720.0,145.4,146.5,145.95
2026-10-22,put,7720.0,72.3,73.4,72.85
2026-10-22,call,7725.0,142.0,143.1,142.55
2026-10-22,put,7725.0,73.9,75.0,74.45
2026-10-22,call,7730.0,138.6,139.8,139.2
2026-10-22,put,7730.0,75.6,76.6,76.1
2026-10-22,call,7740.0,132.1,133.2,132.64999999999998
2026-10-22,put,7740.0,78.9,80.0,79.45
2026-10-22,call,7750.0,125.6,126.8,126.19999999999999
2026-10-22,put,7750.0,82.5,83.6,83.05
2026-10-22,call,7760.0,119.4,120.6,120.0
2026-10-22,put,7760.0,86.2,87.3,86.75
2026-10-22,call,7770.0,113.3,114.5,113.9
2026-10-22,put,7770.0,90.1,91.2,90.65
2026-10-22,call,7775.0,110.3,111.5,110.9
2026-10-22,put,7775.0,92.1,93.2,92.65
2026-10-22,call,7780.0,107.4,108.6,108.0
2026-10-22,put,7780.0,94.1,95.3,94.69999999999999
2026-10-22,call,7790.0,101.6,102.8,102.19999999999999
2026-10-22,put,7790.0,98.3,99.5,98.9
2026-10-22,call,7800.0,96.1,97.3,96.69999999999999
2026-10-22,put,7800.0,102.8,103.9,103.35
2026-10-22,call,7810.0,90.7,91.9,91.30000000000001
2026-10-22,put,7810.0,107.4,108.5,107.95
2026-10-22,call,7820.0,85.5,86.7,86.1
2026-10-22,put,7820.0,112.2,113.3,112.75
2026-10-22,call,7825.0,83.0,84.2,83.6
2026-10-22,put,7825.0,114.6,115.9,115.25
2026-10-22,call,7830.0,80.6,81.7,81.15
2026-10-22,put,7830.0,117.1,118.3,117.69999999999999
2026-10-22,call,7840.0,75.7,76.9,76.30000000000001
2026-10-22,put,7840.0,122.3,123.4,122.85
2026-10-22,call,7850.0,71.1,72.3,71.69999999999999
2026-10-22,put,7850.0,127.6,128.8,128.2
2026-10-22,call,7875.0,60.5,61.5,61.0
2026-10-22,put,7875.0,141.8,143.1,142.45
2026-10-22,call,7900.0,51.0,52.0,51.5
2026-10-22,put,7900.0,157.3,158.3,157.8
2026-10-22,call,7925.0,42.6,43.6,43.1
2026-10-22,put,7925.0,166.4,186.3,176.35000000000002
2026-10-22,call,7950.0,35.3,36.2,35.75
2026-10-22,put,7950.0,184.0,204.0,194.0
2026-10-22,call,7975.0,29.1,30.0,29.55
2026-10-22,put,7975.0,200.8,224.8,212.8
2026-10-22,call,8000.0,23.8,24.6,24.200000000000003
2026-10-22,put,8000.0,220.4,244.4,232.4
2026-10-22,call,8025.0,19.3,20.1,19.700000000000003
2026-10-22,put,8025.0,241.0,265.0,253.0
2026-10-22,call,8050.0,15.7,16.4,16.049999999999997
2026-10-22,put,8050.0,262.3,286.3,274.3
2026-10-22,call,8075.0,12.6,13.3,12.95
2026-10-22,put,8075.0,284.2,308.2,296.2
2026-10-22,call,8100.0,10.2,10.8,10.5
2026-10-22,put,8100.0,306.8,330.8,318.8
2026-10-22,call,8125.0,8.2,8.8,8.5
2026-10-22,put,8125.0,329.8,353.8,341.8
2026-10-22,call,8150.0,6.6,7.2,6.9
2026-10-22,put,8150.0,353.2,377.2,365.2
2026-10-22,call,8175.0,5.4,5.9,5.65
2026-10-22,put,8175.0,377.0,401.0,389.0
2026-10-22,call,8200.0,4.4,4.9,4.65
2026-10-22,put,8200.0,400.8,424.8,412.8
2026-10-22,call,8225.0,3.7,4.2,3.95
2026-10-22,put,8225.0,425.0,449.0,437.0
2026-10-22,call,8250.0,3.1,3.6,3.35
2026-10-22,put,8250.0,449.3,473.3,461.3
2026-10-22,call,8275.0,2.65,3.1,2.875
2026-10-22,put,8275.0,473.8,497.8,485.8
2026-10-22,call,8300.0,2.3,2.7,2.5
2026-10-22,put,8300.0,498.3,522.3,510.29999999999995
2026-10-22,call,8400.0,1.3,1.65,1.475
2026-10-22,put,8400.0,597.2,621.2,609.2
2026-10-22,call,8500.0,0.75,1.1,0.925
2026-10-22,put,8500.0,696.1,720.1,708.1
2026-10-22,call,8600.0,0.45,0.75,0.6
2026-10-22,put,8600.0,795.5,819.5,807.5
2026-10-22,call,8800.0,0.1,0.4,0.25
2026-10-22,put,8800.0,994.6,1018.6,1006.6
2026-10-22,put,9000.0,1193.7,1217.7,1205.7
2026-10-22,put,9200.0,1393.0,1417.0,1405.0
2026-10-22,put,9400.0,1592.4,1616.4,1604.4
2026-10-22,put,9600.0,1791.6,1815.6,1803.6
2026-10-22,put,9800.0,1991.0,2015.0,2003.0
2026-10-22,put,10000.0,2190.3,2214.3,2202.3
2026-10-23,call,2800.0,4962.4,4986.4,4974.4
2026-10-23,call,3000.0,4763.1,4787.1,4775.1
2026-10-23,call,3200.0,4563.9,4587.9,4575.9
2026-10-23,call,3400.0,4364.7,4388.7,4376.7
2026-10-23,call,3600.0,4165.4,4189.4,4177.4
2026-10-23,call,3800.0,3966.2,3990.2,3978.2
2026-10-23,put,3800.0,0.05,0.2,0.125
2026-10-23,call,4000.0,3766.9,3790.9,3778.9
2026-10-23,put,4000.0,0.05,0.25,0.15
2026-10-23,call,4200.0,3567.6,3591.6,3579.6
2026-10-23,put,4200.0,0.1,0.3,0.2
2026-10-23,call,4400.0,3368.6,3392.6,3380.6
2026-10-23,put,4400.0,0.15,0.35,0.25
2026-10-23,call,4600.0,3169.5,3193.5,3181.5
2026-10-23,put,4600.0,0.2,0.45,0.325
2026-10-23,call,4800.0,2970.2,2994.2,2982.2
2026-10-23,put,4800.0,0.3,0.55,0.42500000000000004
2026-10-23,call,5000.0,2771.2,2795.2,2783.2
2026-10-23,put,5000.0,0.45,0.7,0.575
2026-10-23,call,5200.0,2572.1,2596.1,2584.1
2026-10-23,put,5200.0,0.6,0.85,0.725
2026-10-23,call,5400.0,2373.1,2397.1,2385.1
2026-10-23,put,5400.0,0.85,1.1,0.9750000000000001
2026-10-23,call,5600.0,2174.0,2198.0,2186.0
2026-10-23,put,5600.0,1.1,1.35,1.225
2026-10-23,call,5700.0,2074.4,2098.4,2086.4
2026-10-23,put,5700.0,1.3,1.55,1.425
2026-10-23,call,5800.0,1975.2,1999.2,1987.2
2026-10-23,put,5800.0,1.45,1.75,1.6
2026-10-23,call,5900.0,1875.7,1899.7,1887.7
2026-10-23,put,5900.0,1.7,1.95,1.825
2026-10-23,call,6000.0,1776.3,1800.3,1788.3
2026-10-23,put,6000.0,1.9,2.15,2.025
2026-10-23,call,6050.0,1726.6,1750.6,1738.6
2026-10-23,put,6050.0,2.05,2.3,2.175
2026-10-23,call,6100.0,1677.0,1701.0,1689.0
2026-10-23,put,6100.0,2.2,2.4,2.3
2026-10-23,call,6150.0,1627.3,1651.3,1639.3
2026-10-23,put,6150.0,2.3,2.55,2.425
2026-10-23,call,6200.0,1577.6,1601.6,1589.6
2026-10-23,put,6200.0,2.5,2.7,2.6
2026-10-23,call,6250.0,1528.0,1552.0,1540.0
2026-10-23,put,6250.0,2.6,2.9,2.75
2026-10-23,call,6300.0,1478.4,1502.4,1490.4
2026-10-23,put,6300.0,2.9,3.1,3.0
2026-10-23,call,6350.0,1428.8,1452.8,1440.8
2026-10-23,put,6350.0,3.0,3.3,3.15
2026-10-23,call,6400.0,1379.1,1403.1,1391.1
2026-10-23,put,6400.0,3.2,3.5,3.35
2026-10-23,call,6450.0,1329.4,1353.4,1341.4
2026-10-23,put,6450.0,3.4,3.7,3.55
2026-10-23,call,6500.0,1280.1,1304.1,1292.1
2026-10-23,put,6500.0,3.6,3.9,3.75
2026-10-23,call,6525.0,1255.2,1279.2,1267.2
2026-10-23,put,6525.0,3.7,4.1,3.9
2026-10-23,call,6550.0,1230.4,1254.4,1242.4
2026-10-23,put,6550.0,4.0,4.2,4.1
2026-10-23,call,6575.0,1205.7,1229.7,1217.7
2026-10-23,put,6575.0,4.0,4.4,4.2
2026-10-23,call,6600.0,1180.9,1204.9,1192.9
2026-10-23,put,6600.0,4.3,4.5,4.4
2026-10-23,call,6625.0,1156.2,1180.2,1168.2
2026-10-23,put,6625.0,4.3,4.7,4.5
2026-10-23,call,6650.0,1131.3,1155.3,1143.3
2026-10-23,put,6650.0,4.6,4.8,4.699999999999999
2026-10-23,call,6675.0,1106.8,1130.8,1118.8
2026-10-23,put,6675.0,4.7,5.0,4.85
2026-10-23,call,6700.0,1082.0,1106.0,1094.0
2026-10-23,put,6700.0,4.9,5.2,5.050000000000001
2026-10-23,call,6725.0,1057.3,1081.3,1069.3
2026-10-23,put,6725.0,5.0,5.4,5.2
2026-10-23,call,6750.0,1032.5,1056.5,1044.5
2026-10-23,put,6750.0,5.3,5.6,5.449999999999999
2026-10-23,call,6775.0,1007.9,1031.9,1019.9000000000001
2026-10-23,put,6775.0,5.5,5.8,5.65
2026-10-23,call,6800.0,983.2,1007.2,995.2
2026-10-23,put,6800.0,5.8,6.0,5.9
2026-10-23,call,6825.0,958.5,982.5,970.5
2026-10-23,put,6825.0,5.9,6.3,6.1
2026-10-23,call,6850.0,933.8,957.8,945.8
2026-10-23,put,6850.0,6.2,6.6,6.4
2026-10-23,call,6875.0,909.3,933.3,921.3
2026-10-23,put,6875.0,6.4,6.9,6.65
2026-10-23,call,6900.0,884.7,908.7,896.7
2026-10-23,put,6900.0,6.8,7.1,6.949999999999999
2026-10-23,call,6925.0,860.1,884.1,872.1
2026-10-23,put,6925.0,7.0,7.5,7.25
2026-10-23,call,6950.0,835.3,859.3,847.3
2026-10-23,put,6950.0,7.5,7.7,7.6
2026-10-23,call,6975.0,811.0,835.0,823.0
2026-10-23,put,6975.0,7.7,8.2,7.949999999999999
2026-10-23,call,7000.0,786.6,810.6,798.6
2026-10-23,put,7000.0,8.2,8.5,8.35
2026-10-23,call,7025.0,762.1,786.1,774.1
2026-10-23,put,7025.0,8.5,9.0,8.75
2026-10-23,call,7050.0,737.4,761.4,749.4
2026-10-23,put,7050.0,9.1,9.4,9.25
2026-10-23,call,7075.0,713.2,737.2,725.2
2026-10-23,put,7075.0,9.5,10.0,9.75
2026-10-23,call,7100.0,688.8,712.8,700.8
2026-10-23,put,7100.0,10.1,10.4,10.25
2026-10-23,call,7110.0,678.9,702.9,690.9
2026-10-23,put,7110.0,10.2,10.8,10.5
2026-10-23,call,7120.0,669.3,693.3,681.3
2026-10-23,put,7120.0,10.5,11.0,10.75
2026-10-23,call,7125.0,664.5,688.5,676.5
2026-10-23,put,7125.0,10.6,11.1,10.85
2026-10-23,call,7130.0,659.6,683.6,671.6
2026-10-23,put,7130.0,10.7,11.2,10.95
2026-10-23,call,7140.0,650.0,674.0,662.0
2026-10-23,put,7140.0,10.9,11.5,11.2
2026-10-23,call,7150.0,640.1,664.1,652.1
2026-10-23,put,7150.0,11.4,11.7,11.55
2026-10-23,call,7160.0,630.6,654.6,642.6
2026-10-23,put,7160.0,11.5,12.0,11.75
2026-10-23,call,7170.0,620.8,644.8,632.8
2026-10-23,put,7170.0,11.7,12.3,12.0
2026-10-23,call,7175.0,616.0,640.0,628.0
2026-10-23,put,7175.0,11.9,12.5,12.2
2026-10-23,call,7180.0,611.1,635.1,623.1
2026-10-23,put,7180.0,12.0,12.6,12.3
2026-10-23,call,7190.0,601.6,625.6,613.6
2026-10-23,put,7190.0,12.3,12.9,12.600000000000001
2026-10-23,call,7200.0,591.9,615.9,603.9
2026-10-23,put,7200.0,12.8,13.1,12.95
2026-10-23,call,7210.0,582.1,606.1,594.1
2026-10-23,put,7210.0,13.0,13.5,13.25
2026-10-23,call,7220.0,572.6,596.6,584.6
2026-10-23,put,7220.0,13.3,13.9,13.600000000000001
2026-10-23,call,7225.0,567.8,591.8,579.8
2026-10-23,put,7225.0,13.5,14.1,13.8
2026-10-23,call,7230.0,563.1,587.1,575.1
2026-10-23,put,7230.0,13.6,14.2,13.899999999999999
2026-10-23,call,7240.0,553.5,577.5,565.5
2026-10-23,put,7240.0,14.0,14.6,14.3
2026-10-23,call,7250.0,543.9,567.9,555.9
2026-10-23,put,7250.0,14.5,14.9,14.7
2026-10-23,call,7260.0,534.1,558.1,546.1
2026-10-23,put,7260.0,14.8,15.4,15.100000000000001
2026-10-23,call,7270.0,524.8,548.8,536.8
2026-10-23,put,7270.0,15.2,15.8,15.5
2026-10-23,call,7275.0,520.1,544.1,532.1
2026-10-23,put,7275.0,15.4,16.0,15.7
2026-10-23,call,7280.0,515.3,539.3,527.3
2026-10-23,put,7280.0,15.6,16.2,15.899999999999999
2026-10-23,call,7290.0,505.8,529.8,517.8
2026-10-23,put,7290.0,16.0,16.6,16.3
2026-10-23,call,7300.0,496.3,520.3,508.29999999999995
2026-10-23,put,7300.0,16.6,17.0,16.8
2026-10-23,call,7310.0,486.8,510.8,498.8
2026-10-23,put,7310.0,17.0,17.6,17.3
2026-10-23,call,7320.0,477.4,501.4,489.4
2026-10-23,put,7320.0,17.5,18.1,17.8
2026-10-23,call,7325.0,472.6,496.6,484.6
2026-10-23,put,7325.0,17.7,18.3,18.0
2026-10-23,call,7330.0,467.8,491.8,479.8
2026-10-23,put,7330.0,18.0,18.6,18.3
2026-10-23,call,7340.0,458.5,482.5,470.5
2026-10-23,put,7340.0,18.5,19.2,18.85
2026-10-23,call,7350.0,449.0,473.0,461.0
2026-10-23,put,7350.0,19.2,19.6,19.4
2026-10-23,call,7360.0,439.8,463.8,451.8
2026-10-23,put,7360.0,19.7,20.3,20.0
2026-10-23,call,7370.0,430.4,454.4,442.4
2026-10-23,put,7370.0,20.3,20.9,20.6
2026-10-23,call,7375.0,425.8,449.8,437.8
2026-10-23,put,7375.0,20.6,21.2,20.9
2026-10-23,call,7380.0,421.2,445.2,433.2
2026-10-23,put,7380.0,20.9,21.6,21.25
2026-10-23,call,7390.0,411.7,435.7,423.7
2026-10-23,put,7390.0,21.6,22.2,21.9
2026-10-23,call,7400.0,402.6,426.6,414.6
2026-10-23,put,7400.0,22.4,22.8,22.6
2026-10-23,call,7410.0,393.3,417.3,405.3
2026-10-23,put,7410.0,23.0,23.7,23.35
2026-10-23,call,7420.0,384.1,408.1,396.1
2026-10-23,put,7420.0,23.8,24.5,24.15
2026-10-23,call,7425.0,379.5,403.5,391.5
2026-10-23,put,7425.0,24.2,24.8,24.5
2026-10-23,call,7430.0,374.8,398.8,386.8
2026-10-23,put,7430.0,24.6,25.3,24.950000000000003
2026-10-23,call,7440.0,365.7,389.7,377.7
2026-10-23,put,7440.0,25.4,26.1,25.75
2026-10-23,call,7450.0,356.9,380.9,368.9
2026-10-23,put,7450.0,26.4,26.9,26.65
2026-10-23,call,7460.0,347.6,371.6,359.6
2026-10-23,put,7460.0,27.2,27.9,27.549999999999997
2026-10-23,call,7470.0,338.8,362.8,350.8
2026-10-23,put,7470.0,28.1,28.8,28.450000000000003
2026-10-23,call,7475.0,334.2,358.2,346.2
2026-10-23,put,7475.0,28.6,29.3,28.950000000000003
2026-10-23,call,7480.0,329.8,353.8,341.8
2026-10-23,put,7480.0,29.1,29.8,29.450000000000003
2026-10-23,call,7490.0,320.9,344.9,332.9
2026-10-23,put,7490.0,30.2,30.9,30.549999999999997
2026-10-23,call,7500.0,312.1,336.1,324.1
2026-10-23,put,7500.0,31.4,31.8,31.6
2026-10-23,call,7510.0,303.3,327.3,315.3
2026-10-23,put,7510.0,32.4,33.1,32.75
2026-10-23,call,7520.0,294.6,318.6,306.6
2026-10-23,put,7520.0,33.6,34.4,34.0
2026-10-23,call,7525.0,290.1,314.1,302.1
2026-10-23,put,7525.0,34.2,35.0,34.6
2026-10-23,call,7530.0,285.9,309.9,297.9
2026-10-23,put,7530.0,34.8,35.6,35.2
2026-10-23,call,7540.0,277.2,301.2,289.2
2026-10-23,put,7540.0,36.1,36.9,36.5
2026-10-23,call,7550.0,268.7,292.7,280.7
2026-10-23,put,7550.0,37.7,38.2,37.95
2026-10-23,call,7560.0,260.0,284.0,272.0
2026-10-23,put,7560.0,38.9,39.8,39.349999999999994
2026-10-23,call,7570.0,251.8,275.8,263.8
2026-10-23,put,7570.0,40.5,41.3,40.9
2026-10-23,call,7575.0,247.5,271.5,259.5
2026-10-23,put,7575.0,41.2,42.1,41.650000000000006
2026-10-23,call,7580.0,243.4,267.4,255.39999999999998
2026-10-23,put,7580.0,42.0,42.9,42.45
2026-10-23,call,7590.0,235.2,259.1,247.15
2026-10-23,put,7590.0,43.7,44.5,44.1
2026-10-23,call,7600.0,226.8,250.8,238.8
2026-10-23,put,7600.0,45.6,46.1,45.85
2026-10-23,call,7610.0,218.9,242.9,230.9
2026-10-23,put,7610.0,47.3,48.1,47.7
2026-10-23,call,7620.0,210.8,234.8,222.8
2026-10-23,put,7620.0,49.2,50.1,49.650000000000006
2026-10-23,call,7625.0,206.8,230.8,218.8
2026-10-23,put,7625.0,50.2,51.1,50.650000000000006
2026-10-23,call,7630.0,202.9,226.9,214.9
2026-10-23,put,7630.0,51.2,52.1,51.650000000000006
2026-10-23,call,7640.0,197.1,217.1,207.1
2026-10-23,put,7640.0,53.3,54.2,53.75
2026-10-23,call,7650.0,191.5,211.4,201.45
2026-10-23,put,7650.0,55.7,56.3,56.0
2026-10-23,call,7660.0,193.2,194.2,193.7
2026-10-23,put,7660.0,57.9,58.8,58.349999999999994
2026-10-23,call,7670.0,185.7,186.7,186.2
2026-10-23,put,7670.0,60.5,61.1,60.8
2026-10-23,call,7675.0,182.0,183.0,182.5
2026-10-23,put,7675.0,61.5,62.5,62.0
2026-10-23,call,7680.0,178.3,179.3,178.8
2026-10-23,put,7680.0,62.8,63.8,63.3
2026-10-23,call,7690.0,171.0,172.1,171.55
2026-10-23,put,7690.0,65.5,66.5,66.0
2026-10-23,call,7700.0,163.7,164.9,164.3
2026-10-23,put,7700.0,68.5,69.1,68.8
2026-10-23,call,7710.0,156.8,157.9,157.35000000000002
2026-10-23,put,7710.0,71.2,72.3,71.75
2026-10-23,call,7720.0,149.9,151.0,150.45
2026-10-23,put,7720.0,74.3,75.3,74.8
2026-10-23,call,7725.0,146.3,147.6,146.95
2026-10-23,put,7725.0,76.2,76.8,76.5
2026-10-23,call,7730.0,143.2,144.3,143.75
2026-10-23,put,7730.0,77.5,78.6,78.05
2026-10-23,call,7740.0,136.6,137.7,137.14999999999998
2026-10-23,put,7740.0,80.9,81.9,81.4
2026-10-23,call,7750.0,130.2,131.3,130.75
2026-10-23,put,7750.0,84.7,85.3,85.0
2026-10-23,call,7760.0,123.9,125.0,124.45
2026-10-23,put,7760.0,88.1,89.2,88.65
2026-10-23,call,7770.0,117.7,118.9,118.30000000000001
2026-10-23,put,7770.0,91.9,93.0,92.45
2026-10-23,call,7775.0,114.8,115.9,115.35
2026-10-23,put,7775.0,94.2,94.9,94.55000000000001
2026-10-23,call,7780.0,111.8,112.9,112.35
2026-10-23,put,7780.0,95.9,97.0,96.45
2026-10-23,call,7790.0,106.0,107.2,106.6
2026-10-23,put,7790.0,100.1,101.2,100.65
2026-10-23,call,7800.0,100.6,101.3,100.94999999999999
2026-10-23,put,7800.0,104.8,105.5,105.15
2026-10-23,call,7810.0,95.0,96.1,95.55
2026-10-23,put,7810.0,109.0,110.1,109.55
2026-10-23,call,7820.0,89.7,90.9,90.30000000000001
2026-10-23,put,7820.0,113.7,114.8,114.25
2026-10-23,call,7825.0,87.2,88.3,87.75
2026-10-23,put,7825.0,116.2,117.3,116.75
2026-10-23,call,7830.0,84.7,85.8,85.25
2026-10-23,put,7830.0,118.6,119.7,119.15
2026-10-23,call,7840.0,79.8,80.9,80.35
2026-10-23,put,7840.0,123.7,124.8,124.25
2026-10-23,call,7850.0,75.3,76.0,75.65
2026-10-23,put,7850.0,129.0,130.1,129.55
2026-10-23,call,7860.0,70.6,71.7,71.15
2026-10-23,put,7860.0,134.4,135.5,134.95
2026-10-23,call,7870.0,66.3,67.4,66.85
2026-10-23,put,7870.0,140.1,141.1,140.6
2026-10-23,call,7875.0,64.4,65.1,64.75
2026-10-23,put,7875.0,143.0,144.0,143.5
2026-10-23,call,7880.0,62.2,63.2,62.7
2026-10-23,put,7880.0,145.9,147.2,146.55
2026-10-23,call,7890.0,58.4,59.0,58.7
2026-10-23,put,7890.0,151.9,153.2,152.55
2026-10-23,call,7900.0,54.6,55.3,54.95
2026-10-23,put,7900.0,158.1,159.3,158.7
2026-10-23,call,7910.0,51.1,51.7,51.400000000000006
2026-10-23,put,7910.0,164.5,165.5,165.0
2026-10-23,call,7920.0,47.6,48.3,47.95
2026-10-23,put,7920.0,171.1,172.0,171.55
2026-10-23,call,7925.0,46.0,46.6,46.3
2026-10-23,put,7925.0,165.6,185.6,175.6
2026-10-23,call,7930.0,44.4,45.0,44.7
2026-10-23,put,7930.0,170.4,190.4,180.4
2026-10-23,call,7940.0,41.3,41.9,41.599999999999994
2026-10-23,put,7940.0,177.3,197.3,187.3
2026-10-23,call,7950.0,38.4,39.0,38.7
2026-10-23,put,7950.0,184.3,204.3,194.3
2026-10-23,call,7960.0,35.7,36.3,36.0
2026-10-23,put,7960.0,191.6,211.6,201.6
2026-10-23,call,7970.0,33.1,33.7,33.400000000000006
2026-10-23,put,7970.0,201.2,220.0,210.6
2026-10-23,call,7975.0,31.9,32.4,32.15
2026-10-23,put,7975.0,200.8,224.8,212.8
2026-10-23,call,7980.0,30.7,31.2,30.95
2026-10-23,put,7980.0,204.5,228.5,216.5
2026-10-23,call,7990.0,28.3,29.1,28.700000000000003
2026-10-23,put,7990.0,212.3,236.3,224.3
2026-10-23,call,8000.0,26.3,26.8,26.55
2026-10-23,put,8000.0,220.3,244.3,232.3
2026-10-23,call,8025.0,21.6,22.0,21.8
2026-10-23,put,8025.0,240.3,264.3,252.3
2026-10-23,call,8050.0,17.6,18.0,17.8
2026-10-23,put,8050.0,261.5,285.5,273.5
2026-10-23,call,8075.0,14.1,14.8,14.45
2026-10-23,put,8075.0,283.1,307.1,295.1
2026-10-23,call,8100.0,11.6,12.0,11.8
2026-10-23,put,8100.0,305.3,329.3,317.3
2026-10-23,call,8125.0,9.3,9.9,9.600000000000001
2026-10-23,put,8125.0,328.1,352.1,340.1
2026-10-23,call,8150.0,7.7,8.0,7.85
2026-10-23,put,8150.0,351.3,375.3,363.3
2026-10-23,call,8175.0,6.2,6.7,6.45
2026-10-23,put,8175.0,374.8,398.8,386.8
2026-10-23,call,8200.0,5.2,5.5,5.35
2026-10-23,put,8200.0,398.8,422.8,410.8
2026-10-23,call,8225.0,4.2,4.7,4.45
2026-10-23,put,8225.0,422.8,446.8,434.8
2026-10-23,call,8250.0,3.5,4.0,3.75
2026-10-23,put,8250.0,447.0,471.0,459.0
2026-10-23,call,8275.0,3.0,3.4,3.2
2026-10-23,put,8275.0,471.4,495.4,483.4
2026-10-23,call,8300.0,2.6,2.95,2.7750000000000004
2026-10-23,put,8300.0,496.1,520.1,508.1
2026-10-23,call,8350.0,1.95,2.25,2.1
2026-10-23,put,8350.0,545.2,569.2,557.2
2026-10-23,call,8400.0,1.5,1.8,1.65
2026-10-23,put,8400.0,594.4,618.4,606.4
2026-10-23,call,8450.0,1.15,1.45,1.2999999999999998
2026-10-23,put,8450.0,643.9,667.9,655.9
2026-10-23,call,8500.0,0.9,1.2,1.05
2026-10-23,put,8500.0,693.5,717.5,705.5
2026-10-23,call,8600.0,0.5,0.85,0.675
2026-10-23,put,8600.0,792.7,816.7,804.7
2026-10-23,call,8700.0,0.25,0.6,0.425
2026-10-23,put,8700.0,892.2,916.2,904.2
2026-10-23,call,8800.0,0.15,0.45,0.3
2026-10-23,put,8800.0,991.6,1015.6,1003.6
2026-10-23,call,9000.0,0.05,0.3,0.175
2026-10-23,put,9000.0,1190.9,1214.9,1202.9
2026-10-23,put,9200.0,1390.0,1414.0,1402.0
2026-10-23,put,9400.0,1589.2,1613.2,1601.2
2026-10-23,put,9600.0,1788.4,1812.4,1800.4
2026-10-23,put,9800.0,1987.6,2011.6,1999.6
2026-10-23,put,10000.0,2186.8,2210.7,2198.75
2026-10-26,call,3200.0,4563.8,4587.8,4575.8
2026-10-26,call,3400.0,4364.5,4388.5,4376.5
2026-10-26,call,3600.0,4165.6,4189.6,4177.6
2026-10-26,call,3800.0,3966.3,3990.3,3978.3
2026-10-26,call,4000.0,3767.1,3791.1,3779.1
2026-10-26,put,4000.0,0.05,0.3,0.175
2026-10-26,call,4200.0,3567.9,3591.9,3579.9
2026-10-26,put,4200.0,0.1,0.35,0.22499999999999998
2026-10-26,call,4400.0,3368.8,3392.8,3380.8
2026-10-26,put,4400.0,0.15,0.4,0.275
2026-10-26,call,4600.0,3169.7,3193.7,3181.7
2026-10-26,put,4600.0,0.25,0.5,0.375
2026-10-26,call,4800.0,2970.5,2994.5,2982.5
2026-10-26,put,4800.0,0.35,0.6,0.475
2026-10-26,call,5000.0,2771.5,2795.5,2783.5
2026-10-26,put,5000.0,0.5,0.75,0.625
2026-10-26,call,5200.0,2572.4,2596.4,2584.4
2026-10-26,put,5200.0,0.65,0.95,0.8
2026-10-26,call,5400.0,2373.4,2397.4,2385.4
2026-10-26,put,5400.0,0.9,1.2,1.05
2026-10-26,call,5600.0,2174.5,2198.5,2186.5
2026-10-26,put,5600.0,1.2,1.5,1.35
2026-10-26,call,5800.0,1975.7,1999.7,1987.7
2026-10-26,put,5800.0,1.6,1.85,1.725
2026-10-26,call,6000.0,1776.9,1800.9,1788.9
2026-10-26,put,6000.0,2.05,2.35,2.2
2026-10-26,call,6100.0,1677.5,1701.5,1689.5
2026-10-26,put,6100.0,2.35,2.6,2.475
2026-10-26,call,6200.0,1578.3,1602.3,1590.3
2026-10-26,put,6200.0,2.65,2.95,2.8
2026-10-26,call,6300.0,1478.9,1502.9,1490.9
2026-10-26,put,6300.0,3.0,3.3,3.15
2026-10-26,call,6400.0,1379.8,1403.8,1391.8
2026-10-26,put,6400.0,3.4,3.8,3.5999999999999996
2026-10-26,call,6500.0,1280.7,1304.7,1292.7
2026-10-26,put,6500.0,3.9,4.3,4.1
2026-10-26,call,6600.0,1181.7,1205.7,1193.7
2026-10-26,put,6600.0,4.6,4.9,4.75
2026-10-26,call,6700.0,1082.8,1106.8,1094.8
2026-10-26,put,6700.0,5.3,5.7,5.5
2026-10-26,call,6725.0,1058.2,1082.2,1070.2
2026-10-26,put,6725.0,5.5,5.9,5.7
2026-10-26,call,6750.0,1033.4,1057.4,1045.4
2026-10-26,put,6750.0,5.7,6.1,5.9
2026-10-26,call,6775.0,1008.9,1032.9,1020.9000000000001
2026-10-26,put,6775.0,6.0,6.4,6.2
2026-10-26,call,6800.0,984.1,1008.1,996.1
2026-10-26,put,6800.0,6.2,6.6,6.4
2026-10-26,call,6825.0,959.5,983.5,971.5
2026-10-26,put,6825.0,6.5,6.9,6.7
2026-10-26,call,6850.0,934.9,958.9,946.9
2026-10-26,put,6850.0,6.8,7.2,7.0
2026-10-26,call,6875.0,910.4,934.4,922.4
2026-10-26,put,6875.0,7.1,7.5,7.3
2026-10-26,call,6900.0,885.8,909.8,897.8
2026-10-26,put,6900.0,7.4,7.8,7.6
2026-10-26,call,6925.0,861.1,885.1,873.1
2026-10-26,put,6925.0,7.7,8.2,7.949999999999999
2026-10-26,call,6950.0,836.6,860.6,848.6
2026-10-26,put,6950.0,8.1,8.6,8.35
2026-10-26,call,6975.0,812.3,836.3,824.3
2026-10-26,put,6975.0,8.5,9.0,8.75
2026-10-26,call,7000.0,787.8,811.8,799.8
2026-10-26,put,7000.0,8.9,9.4,9.15
2026-10-26,call,7025.0,763.4,787.4,775.4
2026-10-26,put,7025.0,9.4,9.9,9.65
2026-10-26,call,7050.0,738.9,762.9,750.9
2026-10-26,put,7050.0,9.9,10.4,10.15
2026-10-26,call,7075.0,714.5,738.5,726.5
2026-10-26,put,7075.0,10.4,10.9,10.65
2026-10-26,call,7100.0,690.2,714.2,702.2
2026-10-26,put,7100.0,11.0,11.5,11.25
2026-10-26,call,7125.0,666.0,690.0,678.0
2026-10-26,put,7125.0,11.6,12.2,11.899999999999999
2026-10-26,call,7150.0,641.9,665.9,653.9
2026-10-26,put,7150.0,12.3,12.9,12.600000000000001
2026-10-26,call,7175.0,617.7,641.7,629.7
2026-10-26,put,7175.0,13.0,13.6,13.3
2026-10-26,call,7200.0,593.6,617.6,605.6
2026-10-26,put,7200.0,13.8,14.5,14.15
2026-10-26,call,7225.0,569.6,593.6,581.6
2026-10-26,put,7225.0,14.7,15.4,15.05
2026-10-26,call,7250.0,545.7,569.7,557.7
2026-10-26,put,7250.0,15.7,16.3,16.0
2026-10-26,call,7275.0,521.9,545.9,533.9
2026-10-26,put,7275.0,16.8,17.4,17.1
2026-10-26,call,7300.0,498.1,522.1,510.1
2026-10-26,put,7300.0,18.0,18.6,18.3
2026-10-26,call,7325.0,474.6,498.6,486.6
2026-10-26,put,7325.0,19.3,20.0,19.65
2026-10-26,call,7350.0,451.3,475.3,463.3
2026-10-26,put,7350.0,20.7,21.4,21.049999999999997
2026-10-26,call,7375.0,428.1,452.1,440.1
2026-10-26,put,7375.0,22.3,23.0,22.65
2026-10-26,call,7400.0,404.8,428.8,416.8
2026-10-26,put,7400.0,24.1,24.8,24.450000000000003
2026-10-26,call,7425.0,382.1,406.1,394.1
2026-10-26,put,7425.0,26.1,26.8,26.450000000000003
2026-10-26,call,7450.0,359.4,383.4,371.4
2026-10-26,put,7450.0,28.3,29.1,28.700000000000003
2026-10-26,call,7475.0,337.0,361.0,349.0
2026-10-26,put,7475.0,30.8,31.5,31.15
2026-10-26,call,7500.0,315.0,339.0,327.0
2026-10-26,put,7500.0,33.5,34.3,33.9
2026-10-26,call,7525.0,293.0,317.0,305.0
2026-10-26,put,7525.0,36.6,37.4,37.0
2026-10-26,call,7550.0,271.7,295.7,283.7
2026-10-26,put,7550.0,40.0,40.9,40.45
2026-10-26,call,7575.0,250.7,274.7,262.7
2026-10-26,put,7575.0,43.8,44.7,44.25
2026-10-26,call,7600.0,230.3,254.3,242.3
2026-10-26,put,7600.0,48.2,49.1,48.650000000000006
2026-10-26,call,7620.0,214.2,238.2,226.2
2026-10-26,put,7620.0,52.0,52.9,52.45
2026-10-26,call,7625.0,210.3,234.3,222.3
2026-10-26,put,7625.0,53.0,54.0,53.5
2026-10-26,call,7630.0,206.3,230.3,218.3
2026-10-26,put,7630.0,54.1,55.0,54.55
2026-10-26,call,7640.0,200.2,219.0,209.6
2026-10-26,put,7640.0,56.2,57.2,56.7
2026-10-26,call,7650.0,204.4,205.4,204.9
2026-10-26,put,7650.0,58.5,59.4,58.95
2026-10-26,call,7660.0,196.8,197.8,197.3
2026-10-26,put,7660.0,60.8,61.8,61.3
2026-10-26,call,7670.0,189.3,190.3,189.8
2026-10-26,put,7670.0,63.3,64.3,63.8
2026-10-26,call,7675.0,185.6,186.7,186.14999999999998
2026-10-26,put,7675.0,64.6,65.6,65.1
2026-10-26,call,7680.0,181.9,183.0,182.45
2026-10-26,put,7680.0,65.9,66.9,66.4
2026-10-26,call,7690.0,174.6,175.8,175.2
2026-10-26,put,7690.0,68.6,69.6,69.1
2026-10-26,call,7700.0,167.5,168.6,168.05
2026-10-26,put,7700.0,71.4,72.5,71.95
2026-10-26,call,7710.0,160.5,161.7,161.1
2026-10-26,put,7710.0,74.4,75.5,74.95
2026-10-26,call,7720.0,153.7,154.8,154.25
2026-10-26,put,7720.0,77.5,78.6,78.05
2026-10-26,call,7725.0,150.3,151.4,150.85000000000002
2026-10-26,put,7725.0,79.1,80.2,79.65
2026-10-26,call,7730.0,146.9,148.1,147.5
2026-10-26,put,7730.0,80.7,81.8,81.25
2026-10-26,call,7740.0,140.4,141.5,140.95
2026-10-26,put,7740.0,84.1,85.2,84.65
2026-10-26,call,7750.0,133.9,135.1,134.5
2026-10-26,put,7750.0,87.6,88.8,88.19999999999999
2026-10-26,call,7760.0,127.7,128.9,128.3
2026-10-26,put,7760.0,91.3,92.5,91.9
2026-10-26,call,7770.0,121.6,122.7,122.15
2026-10-26,put,7770.0,95.2,96.3,95.75
2026-10-26,call,7775.0,118.6,119.8,119.19999999999999
2026-10-26,put,7775.0,97.2,98.3,97.75
2026-10-26,call,7780.0,115.6,116.8,116.19999999999999
2026-10-26,put,7780.0,99.2,100.3,99.75
2026-10-26,call,7790.0,109.8,111.0,110.4
2026-10-26,put,7790.0,103.4,104.5,103.95
2026-10-26,call,7800.0,104.2,105.4,104.80000000000001
2026-10-26,put,7800.0,107.7,108.9,108.30000000000001
2026-10-26,call,7810.0,98.8,100.0,99.4
2026-10-26,put,7810.0,112.2,113.4,112.80000000000001
2026-10-26,call,7820.0,93.5,94.7,94.1
2026-10-26,put,7820.0,116.9,118.1,117.5
2026-10-26,call,7825.0,90.9,92.1,91.5
2026-10-26,put,7825.0,119.4,120.5,119.95
2026-10-26,call,7830.0,88.4,89.6,89.0
2026-10-26,put,7830.0,121.8,123.0,122.4
2026-10-26,call,7840.0,83.5,84.7,84.1
2026-10-26,put,7840.0,126.8,128.0,127.4
2026-10-26,call,7850.0,78.8,79.9,79.35
2026-10-26,put,7850.0,132.1,133.4,132.75
2026-10-26,call,7875.0,67.8,68.9,68.35
2026-10-26,put,7875.0,146.0,147.1,146.55
2026-10-26,call,7900.0,57.8,58.9,58.349999999999994
2026-10-26,put,7900.0,161.0,162.2,161.6
2026-10-26,call,7925.0,49.0,50.0,49.5
2026-10-26,put,7925.0,177.1,178.1,177.6
2026-10-26,call,7950.0,41.3,42.2,41.75
2026-10-26,put,7950.0,186.9,206.9,196.9
2026-10-26,call,7975.0,34.5,35.4,34.95
2026-10-26,put,7975.0,203.0,226.9,214.95
2026-10-26,call,8000.0,28.7,29.5,29.1
2026-10-26,put,8000.0,222.1,246.1,234.1
2026-10-26,call,8025.0,23.6,24.5,24.05
2026-10-26,put,8025.0,242.1,266.1,254.10000000000002
2026-10-26,call,8050.0,19.4,20.2,19.799999999999997
2026-10-26,put,8050.0,262.7,286.7,274.7
2026-10-26,call,8075.0,15.9,16.6,16.25
2026-10-26,put,8075.0,284.2,308.2,296.2
2026-10-26,call,8100.0,13.0,13.7,13.35
2026-10-26,put,8100.0,306.2,330.2,318.2
2026-10-26,call,8125.0,10.5,11.2,10.85
2026-10-26,put,8125.0,328.8,352.8,340.8
2026-10-26,call,8150.0,8.6,9.2,8.899999999999999
2026-10-26,put,8150.0,351.8,375.8,363.8
2026-10-26,call,8175.0,7.0,7.6,7.3
2026-10-26,put,8175.0,375.1,399.1,387.1
2026-10-26,call,8200.0,5.7,6.3,6.0
2026-10-26,put,8200.0,398.8,422.8,410.8
2026-10-26,call,8225.0,4.8,5.3,5.05
2026-10-26,put,8225.0,422.7,446.7,434.7
2026-10-26,call,8250.0,4.0,4.5,4.25
2026-10-26,put,8250.0,446.9,470.9,458.9
2026-10-26,call,8275.0,3.4,3.9,3.65
2026-10-26,put,8275.0,471.2,495.2,483.2
2026-10-26,call,8300.0,2.95,3.4,3.175
2026-10-26,put,8300.0,495.6,519.6,507.6
2026-10-26,call,8400.0,1.7,2.0,1.85
2026-10-26,put,8400.0,594.0,618.0,606.0
2026-10-26,call,8500.0,1.0,1.35,1.175
2026-10-26,put,8500.0,693.0,717.0,705.0
2026-10-26,call,8600.0,0.6,0.95,0.7749999999999999
2026-10-26,put,8600.0,792.3,816.2,804.25
2026-10-26,call,8800.0,0.15,0.45,0.3
2026-10-26,put,8800.0,990.8,1014.8,1002.8
2026-10-26,call,9000.0,0.05,0.3,0.175
2026-10-26,put,9000.0,1189.9,1213.9,1201.9
2026-10-26,put,9200.0,1389.1,1413.1,1401.1
2026-10-26,put,9400.0,1588.6,1612.6,1600.6
2026-10-26,put,9600.0,1787.7,1811.7,1799.7
2026-10-26,put,9800.0,1987.0,2011.0,1999.0
2026-10-26,put,10000.0,2186.1,2210.1,2198.1
2026-10-27,call,3200.0,4564.0,4588.0,4576.0
2026-10-27,call,3400.0,4365.0,4389.0,4377.0
2026-10-27,call,3600.0,4166.0,4190.0,4178.0
2026-10-27,put,3600.0,0.05,0.2,0.125
2026-10-27,call,3800.0,3966.7,3990.7,3978.7
2026-10-27,call,4000.0,3767.4,3791.4,3779.4
2026-10-27,put,4000.0,0.05,0.3,0.175
2026-10-27,call,4200.0,3568.4,3592.4,3580.4
2026-10-27,put,4200.0,0.1,0.35,0.22499999999999998
2026-10-27,call,4400.0,3369.2,3393.2,3381.2
2026-10-27,put,4400.0,0.15,0.45,0.3
2026-10-27,call,4600.0,3170.2,3194.2,3182.2
2026-10-27,put,4600.0,0.25,0.55,0.4
2026-10-27,call,4800.0,2970.9,2994.9,2982.9
2026-10-27,put,4800.0,0.4,0.65,0.525
2026-10-27,call,5000.0,2771.9,2795.9,2783.9
2026-10-27,put,5000.0,0.55,0.8,0.675
2026-10-27,call,5200.0,2573.0,2597.0,2585.0
2026-10-27,put,5200.0,0.75,1.0,0.875
2026-10-27,call,5400.0,2374.0,2398.0,2386.0
2026-10-27,put,5400.0,1.0,1.25,1.125
2026-10-27,call,5600.0,2175.2,2199.2,2187.2
2026-10-27,put,5600.0,1.35,1.6,1.475
2026-10-27,call,5800.0,1976.5,2000.5,1988.5
2026-10-27,put,5800.0,1.75,2.0,1.875
2026-10-27,call,6000.0,1777.7,1801.7,1789.7
2026-10-27,put,6000.0,2.25,2.5,2.375
2026-10-27,call,6200.0,1579.1,1603.1,1591.1
2026-10-27,put,6200.0,2.9,3.2,3.05
2026-10-27,call,6300.0,1480.0,1504.0,1492.0
2026-10-27,put,6300.0,3.3,3.6,3.45
2026-10-27,call,6400.0,1380.8,1404.8,1392.8
2026-10-27,put,6400.0,3.7,4.1,3.9
2026-10-27,call,6500.0,1281.7,1305.7,1293.7
2026-10-27,put,6500.0,4.3,4.6,4.449999999999999
2026-10-27,call,6600.0,1182.8,1206.8,1194.8
2026-10-27,put,6600.0,4.9,5.3,5.1
2026-10-27,call,6700.0,1084.1,1108.1,1096.1
2026-10-27,put,6700.0,5.7,6.1,5.9
2026-10-27,call,6800.0,985.4,1009.4,997.4
2026-10-27,put,6800.0,6.7,7.1,6.9
2026-10-27,call,6900.0,887.1,911.1,899.1
2026-10-27,put,6900.0,7.9,8.4,8.15
2026-10-27,call,7000.0,789.2,813.2,801.2
2026-10-27,put,7000.0,9.5,10.1,9.8
2026-10-27,call,7050.0,740.5,764.5,752.5
2026-10-27,put,7050.0,10.5,11.1,10.8
2026-10-27,call,7075.0,716.2,740.2,728.2
2026-10-27,put,7075.0,11.1,11.7,11.399999999999999
2026-10-27,call,7100.0,691.8,715.8,703.8
2026-10-27,put,7100.0,11.7,12.3,12.0
2026-10-27,call,7125.0,667.6,691.6,679.6
2026-10-27,put,7125.0,12.4,13.0,12.7
2026-10-27,call,7150.0,643.5,667.5,655.5
2026-10-27,put,7150.0,13.1,13.7,13.399999999999999
2026-10-27,call,7175.0,619.4,643.4,631.4
2026-10-27,put,7175.0,13.9,14.5,14.2
2026-10-27,call,7200.0,595.3,619.3,607.3
2026-10-27,put,7200.0,14.7,15.4,15.05
2026-10-27,call,7225.0,571.4,595.4,583.4
2026-10-27,put,7225.0,15.7,16.3,16.0
2026-10-27,call,7250.0,547.3,571.3,559.3
2026-10-27,put,7250.0,16.7,17.3,17.0
2026-10-27,call,7275.0,523.8,547.8,535.8
2026-10-27,put,7275.0,17.8,18.5,18.15
2026-10-27,call,7300.0,500.2,524.2,512.2
2026-10-27,put,7300.0,19.1,19.7,19.4
2026-10-27,call,7325.0,476.7,500.7,488.7
2026-10-27,put,7325.0,20.4,21.1,20.75
2026-10-27,call,7350.0,453.3,477.3,465.3
2026-10-27,put,7350.0,21.9,22.6,22.25
2026-10-27,call,7375.0,430.1,454.1,442.1
2026-10-27,put,7375.0,23.6,24.3,23.950000000000003
2026-10-27,call,7400.0,407.1,431.1,419.1
2026-10-27,put,7400.0,25.5,26.2,25.85
2026-10-27,call,7425.0,384.4,408.4,396.4
2026-10-27,put,7425.0,27.5,28.3,27.9
2026-10-27,call,7450.0,361.7,385.7,373.7
2026-10-27,put,7450.0,29.8,30.5,30.15
2026-10-27,call,7475.0,339.4,363.4,351.4
2026-10-27,put,7475.0,32.3,33.1,32.7
2026-10-27,call,7500.0,317.4,341.4,329.4
2026-10-27,put,7500.0,35.1,35.9,35.5
2026-10-27,call,7525.0,295.8,319.8,307.8
2026-10-27,put,7525.0,38.3,39.1,38.7
2026-10-27,call,7550.0,274.2,298.2,286.2
2026-10-27,put,7550.0,41.8,42.6,42.2
2026-10-27,call,7575.0,253.6,277.6,265.6
2026-10-27,put,7575.0,45.7,46.6,46.150000000000006
2026-10-27,call,7600.0,233.1,257.1,245.10000000000002
2026-10-27,put,7600.0,50.1,51.0,50.55
2026-10-27,call,7625.0,213.0,237.0,225.0
2026-10-27,put,7625.0,55.0,56.0,55.5
2026-10-27,call,7650.0,207.3,208.3,207.8
2026-10-27,put,7650.0,60.5,61.5,61.0
2026-10-27,call,7675.0,188.5,189.6,189.05
2026-10-27,put,7675.0,66.7,67.7,67.2
2026-10-27,call,7700.0,170.5,171.7,171.1
2026-10-27,put,7700.0,73.6,74.7,74.15
2026-10-27,call,7725.0,153.3,154.5,153.9
2026-10-27,put,7725.0,81.3,82.4,81.85
2026-10-27,call,7750.0,137.0,138.2,137.6
2026-10-27,put,7750.0,89.8,91.0,90.4
2026-10-27,call,7775.0,121.6,122.8,122.19999999999999
2026-10-27,put,7775.0,99.3,100.5,99.9
2026-10-27,call,7800.0,107.2,108.4,107.80000000000001
2026-10-27,put,7800.0,109.9,111.0,110.45
2026-10-27,call,7825.0,93.9,95.1,94.5
2026-10-27,put,7825.0,121.4,122.6,122.0
2026-10-27,call,7850.0,81.7,82.7,82.2
2026-10-27,put,7850.0,134.1,135.2,134.64999999999998
2026-10-27,call,7875.0,70.5,71.5,71.0
2026-10-27,put,7875.0,147.9,149.0,148.45
2026-10-27,call,7900.0,60.5,61.4,60.95
2026-10-27,put,7900.0,162.7,163.8,163.25
2026-10-27,call,7925.0,51.5,52.4,51.95
2026-10-27,put,7925.0,178.7,179.7,179.2
2026-10-27,call,8000.0,30.6,31.4,31.0
2026-10-27,put,8000.0,223.2,247.2,235.2
2026-10-27,call,8100.0,14.2,14.9,14.55
2026-10-27,put,8100.0,306.5,330.5,318.5
2026-10-27,call,8200.0,6.5,7.0,6.75
2026-10-27,put,8200.0,398.5,422.5,410.5
2026-10-27,call,8300.0,3.2,3.7,3.45
2026-10-27,put,8300.0,495.2,519.2,507.20000000000005
2026-10-27,call,8400.0,1.9,2.2,2.05
2026-10-27,put,8400.0,593.2,617.2,605.2
2026-10-27,call,8600.0,0.65,1.0,0.825
2026-10-27,put,8600.0,791.3,815.3,803.3
2026-10-27,call,8800.0,0.2,0.5,0.35
2026-10-27,put,8800.0,990.0,1014.0,1002.0
2026-10-27,call,9000.0,0.05,0.35,0.19999999999999998
2026-10-27,put,9000.0,1189.0,1213.0,1201.0
2026-10-27,call,9200.0,0.05,0.2,0.125
2026-10-27,put,9200.0,1388.2,1412.2,1400.2
2026-10-27,put,9400.0,1587.3,1611.3,1599.3
2026-10-27,put,9600.0,1786.5,1810.5,1798.5
2026-10-27,put,9800.0,1985.8,2009.8,1997.8
2026-10-28,call,3200.0,4564.6,4588.6,4576.6
2026-10-28,call,3400.0,4365.4,4389.4,4377.4
2026-10-28,call,3600.0,4166.2,4190.2,4178.2
2026-10-28,call,3800.0,3967.0,3991.0,3979.0
2026-10-28,put,3800.0,0.05,0.3,0.175
2026-10-28,call,4000.0,3768.1,3792.1,3780.1
2026-10-28,put,4000.0,0.1,0.35,0.22499999999999998
2026-10-28,call,4200.0,3568.8,3592.8,3580.8
2026-10-28,put,4200.0,0.15,0.4,0.275
2026-10-28,call,4400.0,3369.8,3393.8,3381.8
2026-10-28,put,4400.0,0.2,0.45,0.325
2026-10-28,call,4600.0,3170.7,3194.7,3182.7
2026-10-28,put,4600.0,0.3,0.55,0.42500000000000004
2026-10-28,call,4800.0,2971.5,2995.5,2983.5
2026-10-28,put,4800.0,0.45,0.7,0.575
2026-10-28,call,5000.0,2772.6,2796.6,2784.6
2026-10-28,put,5000.0,0.6,0.85,0.725
2026-10-28,call,5200.0,2573.6,2597.6,2585.6
2026-10-28,put,5200.0,0.85,1.1,0.9750000000000001
2026-10-28,call,5400.0,2374.9,2398.9,2386.9
2026-10-28,put,5400.0,1.1,1.4,1.25
2026-10-28,call,5600.0,2176.0,2200.0,2188.0
2026-10-28,put,5600.0,1.45,1.75,1.6
2026-10-28,call,5800.0,1977.2,2001.2,1989.2
2026-10-28,put,5800.0,1.9,2.15,2.025
2026-10-28,call,6000.0,1778.5,1802.5,1790.5
2026-10-28,put,6000.0,2.45,2.7,2.575
2026-10-28,call,6200.0,1579.9,1603.9,1591.9
2026-10-28,put,6200.0,3.1,3.4,3.25
2026-10-28,call,6300.0,1480.9,1504.9,1492.9
2026-10-28,put,6300.0,3.6,3.9,3.75
2026-10-28,call,6400.0,1381.9,1405.9,1393.9
2026-10-28,put,6400.0,4.1,4.4,4.25
2026-10-28,call,6500.0,1282.7,1306.7,1294.7
2026-10-28,put,6500.0,4.7,5.0,4.85
2026-10-28,call,6600.0,1184.1,1208.1,1196.1
2026-10-28,put,6600.0,5.4,5.7,5.550000000000001
2026-10-28,call,6700.0,1085.4,1109.4,1097.4
2026-10-28,put,6700.0,6.3,6.7,6.5
2026-10-28,call,6800.0,986.7,1010.7,998.7
2026-10-28,put,6800.0,7.4,7.8,7.6
2026-10-28,call,6900.0,888.5,912.5,900.5
2026-10-28,put,6900.0,8.7,9.2,8.95
2026-10-28,call,7000.0,791.0,815.0,803.0
2026-10-28,put,7000.0,10.5,11.1,10.8
2026-10-28,call,7050.0,742.3,766.3,754.3
2026-10-28,put,7050.0,11.6,12.2,11.899999999999999
2026-10-28,call,7075.0,718.1,742.1,730.1
2026-10-28,put,7075.0,12.2,12.8,12.5
2026-10-28,call,7100.0,693.8,717.8,705.8
2026-10-28,put,7100.0,12.9,13.5,13.2
2026-10-28,call,7125.0,669.6,693.6,681.6
2026-10-28,put,7125.0,13.6,14.3,13.95
2026-10-28,call,7150.0,645.6,669.6,657.6
2026-10-28,put,7150.0,14.4,15.1,14.75
2026-10-28,call,7175.0,621.5,645.5,633.5
2026-10-28,put,7175.0,15.3,15.9,15.600000000000001
2026-10-28,call,7200.0,597.7,621.7,609.7
2026-10-28,put,7200.0,16.2,16.8,16.5
2026-10-28,call,7225.0,573.9,597.9,585.9
2026-10-28,put,7225.0,17.2,17.9,17.549999999999997
2026-10-28,call,7250.0,550.1,574.1,562.1
2026-10-28,put,7250.0,18.3,19.0,18.65
2026-10-28,call,7275.0,526.4,550.4,538.4
2026-10-28,put,7275.0,19.6,20.2,19.9
2026-10-28,call,7300.0,502.8,526.8,514.8
2026-10-28,put,7300.0,20.9,21.6,21.25
2026-10-28,call,7325.0,479.5,503.5,491.5
2026-10-28,put,7325.0,22.4,23.1,22.75
2026-10-28,call,7350.0,456.1,480.1,468.1
2026-10-28,put,7350.0,24.0,24.7,24.35
2026-10-28,call,7375.0,433.2,457.2,445.2
2026-10-28,put,7375.0,25.8,26.5,26.15
2026-10-28,call,7400.0,410.2,434.2,422.2
2026-10-28,put,7400.0,27.7,28.5,28.1
2026-10-28,call,7425.0,387.6,411.6,399.6
2026-10-28,put,7425.0,29.9,30.7,30.299999999999997
2026-10-28,call,7450.0,365.1,389.1,377.1
2026-10-28,put,7450.0,32.3,33.1,32.7
2026-10-28,call,7475.0,342.9,366.9,354.9
2026-10-28,put,7475.0,35.0,35.8,35.4
2026-10-28,call,7500.0,320.9,344.9,332.9
2026-10-28,put,7500.0,37.9,38.8,38.349999999999994
2026-10-28,call,7525.0,299.5,323.5,311.5
2026-10-28,put,7525.0,41.2,42.1,41.650000000000006
2026-10-28,call,7550.0,278.3,302.3,290.3
2026-10-28,put,7550.0,44.9,45.8,45.349999999999994
2026-10-28,call,7575.0,257.6,281.6,269.6
2026-10-28,put,7575.0,49.0,49.9,49.45
2026-10-28,call,7600.0,237.3,261.3,249.3
2026-10-28,put,7600.0,53.5,54.5,54.0
2026-10-28,call,7625.0,217.6,241.6,229.6
2026-10-28,put,7625.0,58.6,59.6,59.1
2026-10-28,call,7650.0,211.7,212.9,212.3
2026-10-28,put,7650.0,64.3,65.3,64.8
2026-10-28,call,7675.0,193.2,194.3,193.75
2026-10-28,put,7675.0,70.5,71.6,71.05
2026-10-28,call,7700.0,175.3,176.5,175.9
2026-10-28,put,7700.0,77.5,78.6,78.05
2026-10-28,call,7725.0,158.2,159.4,158.8
2026-10-28,put,7725.0,85.3,86.4,85.85
2026-10-28,call,7750.0,141.9,143.1,142.5
2026-10-28,put,7750.0,93.9,95.0,94.45
2026-10-28,call,7775.0,126.5,127.7,127.1
2026-10-28,put,7775.0,103.4,104.6,104.0
2026-10-28,call,7800.0,112.1,113.3,112.69999999999999
2026-10-28,put,7800.0,113.9,115.1,114.5
2026-10-28,call,7825.0,98.7,99.9,99.30000000000001
2026-10-28,put,7825.0,125.4,126.6,126.0
2026-10-28,call,7850.0,86.4,87.6,87.0
2026-10-28,put,7850.0,138.0,139.1,138.55
2026-10-28,call,7875.0,75.1,76.3,75.69999999999999
2026-10-28,put,7875.0,151.6,152.7,152.14999999999998
2026-10-28,call,7900.0,64.9,66.0,65.45
2026-10-28,put,7900.0,166.2,167.5,166.85
2026-10-28,call,7925.0,55.7,56.7,56.2
2026-10-28,put,7925.0,181.9,183.0,182.45
2026-10-28,call,7950.0,47.5,48.5,48.0
2026-10-28,put,7950.0,191.2,211.2,201.2
2026-10-28,call,8000.0,33.9,34.8,34.349999999999994
2026-10-28,put,8000.0,225.5,249.5,237.5
2026-10-28,call,8100.0,16.3,17.0,16.65
2026-10-28,put,8100.0,307.7,331.7,319.7
2026-10-28,call,8200.0,7.6,8.1,7.85
2026-10-28,put,8200.0,398.7,422.7,410.7
2026-10-28,call,8300.0,3.8,4.3,4.05
2026-10-28,put,8300.0,494.6,518.6,506.6
2026-10-28,call,8400.0,2.2,2.55,2.375
2026-10-28,put,8400.0,592.6,616.6,604.6
2026-10-28,call,8600.0,0.8,1.15,0.975
2026-10-28,put,8600.0,790.5,814.5,802.5
2026-10-28,call,8800.0,0.25,0.6,0.425
2026-10-28,put,8800.0,989.1,1013.1,1001.1
2026-10-28,call,9000.0,0.1,0.35,0.22499999999999998
2026-10-28,put,9000.0,1188.0,1212.0,1200.0
2026-10-28,call,9200.0,0.05,0.2,0.125
2026-10-28,put,9200.0,1387.2,1411.2,1399.2
2026-10-28,put,9400.0,1586.5,1610.5,1598.5
2026-10-28,put,9600.0,1785.5,1809.5,1797.5
2026-10-28,put,9800.0,1984.8,2008.8,1996.8
2026-10-29,call,3200.0,4564.9,4588.9,4576.9
2026-10-29,call,3400.0,4365.9,4389.9,4377.9
2026-10-29,call,3600.0,4166.7,4190.7,4178.7
2026-10-29,call,3800.0,3967.5,3991.5,3979.5
2026-10-29,put,3800.0,0.05,0.3,0.175
2026-10-29,call,4000.0,3768.4,3792.4,3780.4
2026-10-29,put,4000.0,0.1,0.35,0.22499999999999998
2026-10-29,call,4200.0,3569.3,3593.3,3581.3
2026-10-29,put,4200.0,0.15,0.45,0.3
2026-10-29,call,4400.0,3370.3,3394.3,3382.3
2026-10-29,put,4400.0,0.25,0.5,0.375
2026-10-29,call,4600.0,3171.3,3195.3,3183.3
2026-10-29,put,4600.0,0.35,0.65,0.5
2026-10-29,call,4800.0,2972.2,2996.2,2984.2
2026-10-29,put,4800.0,0.5,0.8,0.65
2026-10-29,call,5000.0,2773.3,2797.3,2785.3
2026-10-29,put,5000.0,0.7,0.95,0.825
2026-10-29,call,5200.0,2574.5,2598.5,2586.5
2026-10-29,put,5200.0,0.95,1.2,1.075
2026-10-29,call,5400.0,2375.6,2399.6,2387.6
2026-10-29,put,5400.0,1.25,1.5,1.375
2026-10-29,call,5600.0,2176.6,2200.6,2188.6
2026-10-29,put,5600.0,1.65,1.9,1.775
2026-10-29,call,5800.0,1978.1,2002.1,1990.1
2026-10-29,put,5800.0,2.1,2.4,2.25
2026-10-29,call,6000.0,1779.5,1803.5,1791.5
2026-10-29,put,6000.0,2.7,2.95,2.825
2026-10-29,call,6200.0,1581.2,1605.2,1593.2
2026-10-29,put,6200.0,3.4,3.8,3.5999999999999996
2026-10-29,call,6300.0,1482.1,1506.1,1494.1
2026-10-29,put,6300.0,3.9,4.3,4.1
2026-10-29,call,6400.0,1383.0,1407.0,1395.0
2026-10-29,put,6400.0,4.5,4.8,4.65
2026-10-29,call,6500.0,1284.1,1308.1,1296.1
2026-10-29,put,6500.0,5.2,5.5,5.35
2026-10-29,call,6600.0,1185.5,1209.5,1197.5
2026-10-29,put,6600.0,5.9,6.3,6.1
2026-10-29,call,6700.0,1086.8,1110.8,1098.8
2026-10-29,put,6700.0,6.9,7.3,7.1
2026-10-29,call,6800.0,988.5,1012.5,1000.5
2026-10-29,put,6800.0,8.1,8.6,8.35
2026-10-29,call,6900.0,890.4,914.4,902.4
2026-10-29,put,6900.0,9.6,10.1,9.85
2026-10-29,call,7000.0,792.9,816.9,804.9
2026-10-29,put,7000.0,11.6,12.2,11.899999999999999
2026-10-29,call,7100.0,696.1,720.1,708.1
2026-10-29,put,7100.0,14.2,14.8,14.5
2026-10-29,call,7150.0,647.7,671.7,659.7
2026-10-29,put,7150.0,15.8,16.5,16.15
2026-10-29,call,7175.0,624.0,648.0,636.0
2026-10-29,put,7175.0,16.8,17.4,17.1
2026-10-29,call,7200.0,600.1,624.1,612.1
2026-10-29,put,7200.0,17.8,18.4,18.1
2026-10-29,call,7225.0,576.3,600.3,588.3
2026-10-29,put,7225.0,18.9,19.5,19.2
2026-10-29,call,7250.0,552.7,576.7,564.7
2026-10-29,put,7250.0,20.1,20.7,20.4
2026-10-29,call,7275.0,529.2,553.2,541.2
2026-10-29,put,7275.0,21.4,22.1,21.75
2026-10-29,call,7300.0,505.7,529.7,517.7
2026-10-29,put,7300.0,22.8,23.5,23.15
2026-10-29,call,7325.0,482.2,506.2,494.2
2026-10-29,put,7325.0,24.4,25.1,24.75
2026-10-29,call,7350.0,459.2,483.2,471.2
2026-10-29,put,7350.0,26.1,26.8,26.450000000000003
2026-10-29,call,7375.0,436.2,460.2,448.2
2026-10-29,put,7375.0,28.0,28.8,28.4
2026-10-29,call,7400.0,413.6,437.6,425.6
2026-10-29,put,7400.0,30.1,30.9,30.5
2026-10-29,call,7425.0,391.0,415.0,403.0
2026-10-29,put,7425.0,32.4,33.2,32.8
2026-10-29,call,7450.0,368.7,392.7,380.7
2026-10-29,put,7450.0,34.9,35.7,35.3
2026-10-29,call,7475.0,346.6,370.6,358.6
2026-10-29,put,7475.0,37.7,38.6,38.150000000000006
2026-10-29,call,7500.0,324.9,348.9,336.9
2026-10-29,put,7500.0,40.8,41.7,41.25
2026-10-29,call,7525.0,303.4,327.4,315.4
2026-10-29,put,7525.0,44.2,45.1,44.650000000000006
2026-10-29,call,7550.0,282.3,306.3,294.3
2026-10-29,put,7550.0,48.0,49.0,48.5
2026-10-29,call,7575.0,261.9,285.9,273.9
2026-10-29,put,7575.0,52.3,53.2,52.75
2026-10-29,call,7600.0,241.5,265.5,253.5
2026-10-29,put,7600.0,56.9,57.9,57.4
2026-10-29,call,7625.0,222.0,246.0,234.0
2026-10-29,put,7625.0,62.1,63.1,62.6
2026-10-29,call,7650.0,216.4,217.5,216.95
2026-10-29,put,7650.0,67.9,68.9,68.4
2026-10-29,call,7675.0,197.9,199.0,198.45
2026-10-29,put,7675.0,74.3,75.3,74.8
2026-10-29,call,7700.0,180.1,181.2,180.64999999999998
2026-10-29,put,7700.0,81.3,82.4,81.85
2026-10-29,call,7725.0,163.0,164.2,163.6
2026-10-29,put,7725.0,89.2,90.3,89.75
2026-10-29,call,7750.0,146.7,148.0,147.35
2026-10-29,put,7750.0,97.8,99.0,98.4
2026-10-29,call,7775.0,131.4,132.6,132.0
2026-10-29,put,7775.0,107.3,108.5,107.9
2026-10-29,call,7800.0,116.9,118.2,117.55000000000001
2026-10-29,put,7800.0,117.8,119.0,118.4
2026-10-29,call,7825.0,103.5,104.7,104.1
2026-10-29,put,7825.0,129.2,130.4,129.8
2026-10-29,call,7850.0,91.0,92.3,91.65
2026-10-29,put,7850.0,141.7,142.9,142.3
2026-10-29,call,7875.0,79.6,80.8,80.19999999999999
2026-10-29,put,7875.0,155.1,156.3,155.7
2026-10-29,call,7900.0,69.2,70.3,69.75
2026-10-29,put,7900.0,169.6,170.7,170.14999999999998
2026-10-29,call,7925.0,59.8,60.9,60.349999999999994
2026-10-29,put,7925.0,185.1,186.2,185.64999999999998
2026-10-29,call,7950.0,51.4,52.4,51.9
2026-10-29,put,7950.0,194.1,214.1,204.1
2026-10-29,call,7975.0,43.9,44.9,44.4
2026-10-29,put,7975.0,209.6,233.6,221.6
2026-10-29,call,8000.0,37.3,38.2,37.75
2026-10-29,put,8000.0,228.0,252.0,240.0
2026-10-29,call,8025.0,31.5,32.4,31.95
2026-10-29,put,8025.0,247.2,271.2,259.2
2026-10-29,call,8050.0,26.4,27.3,26.85
2026-10-29,put,8050.0,266.9,290.9,278.9
2026-10-29,call,8075.0,22.1,22.9,22.5
2026-10-29,put,8075.0,287.6,311.6,299.6
2026-10-29,call,8100.0,18.5,19.2,18.85
2026-10-29,put,8100.0,308.9,332.9,320.9
2026-10-29,call,8200.0,8.7,9.4,9.05
2026-10-29,put,8200.0,398.9,422.9,410.9
2026-10-29,call,8300.0,4.4,4.9,4.65
2026-10-29,put,8300.0,494.2,518.2,506.20000000000005
2026-10-29,call,8400.0,2.55,2.9,2.7249999999999996
2026-10-29,put,8400.0,592.0,616.0,604.0
2026-10-29,call,8500.0,1.55,1.9,1.725
2026-10-29,put,8500.0,690.6,714.6,702.6
2026-10-29,call,8600.0,0.95,1.3,1.125
2026-10-29,put,8600.0,789.6,813.6,801.6
2026-10-29,call,8800.0,0.3,0.65,0.475
2026-10-29,put,8800.0,988.3,1012.3,1000.3
2026-10-29,call,9000.0,0.05,0.4,0.225
2026-10-29,put,9000.0,1186.9,1210.9,1198.9
2026-10-29,put,9200.0,1386.0,1410.0,1398.0
2026-10-29,put,9400.0,1585.2,1609.2,1597.2
2026-10-29,put,9600.0,1784.4,1808.4,1796.4
2026-10-29,put,9800.0,1983.4,2007.4,1995.4
2026-10-29,put,10000.0,2182.5,2206.5,2194.5
2026-10-30,call,3000.0,4764.7,4788.7,4776.7
2026-10-30,call,3200.0,4565.7,4589.7,4577.7
2026-10-30,call,3400.0,4366.7,4390.7,4378.7
2026-10-30,put,3400.0,0.05,0.15,0.1
2026-10-30,call,3600.0,4167.5,4191.5,4179.5
2026-10-30,put,3600.0,0.05,0.25,0.15
2026-10-30,call,3800.0,3968.6,3992.6,3980.6
2026-10-30,put,3800.0,0.1,0.3,0.2
2026-10-30,call,4000.0,3769.6,3793.6,3781.6
2026-10-30,put,4000.0,0.2,0.35,0.275
2026-10-30,call,4200.0,3570.4,3594.4,3582.4
2026-10-30,put,4200.0,0.2,0.45,0.325
2026-10-30,call,4300.0,3470.8,3494.8,3482.8
2026-10-30,put,4300.0,0.25,0.5,0.375
2026-10-30,call,4400.0,3371.3,3395.3,3383.3
2026-10-30,put,4400.0,0.3,0.55,0.42500000000000004
2026-10-30,call,4500.0,3272.1,3296.1,3284.1
2026-10-30,put,4500.0,0.35,0.6,0.475
2026-10-30,call,4600.0,3172.6,3196.6,3184.6
2026-10-30,put,4600.0,0.45,0.7,0.575
2026-10-30,call,4700.0,3073.1,3097.1,3085.1
2026-10-30,put,4700.0,0.5,0.75,0.625
2026-10-30,call,4800.0,2973.6,2997.6,2985.6
2026-10-30,put,4800.0,0.6,0.85,0.725
2026-10-30,call,4900.0,2874.3,2898.3,2886.3
2026-10-30,put,4900.0,0.7,0.95,0.825
2026-10-30,call,5000.0,2774.8,2798.8,2786.8
2026-10-30,put,5000.0,0.8,1.05,0.925
2026-10-30,call,5100.0,2675.4,2699.4,2687.4
2026-10-30,put,5100.0,0.9,1.15,1.025
2026-10-30,call,5200.0,2575.9,2599.9,2587.9
2026-10-30,put,5200.0,1.05,1.3,1.175
2026-10-30,call,5300.0,2476.6,2500.6,2488.6
2026-10-30,put,5300.0,1.2,1.45,1.325
2026-10-30,call,5400.0,2377.3,2401.3,2389.3
2026-10-30,put,5400.0,1.4,1.65,1.525
2026-10-30,call,5450.0,2327.5,2351.5,2339.5
2026-10-30,put,5450.0,1.5,1.75,1.625
2026-10-30,call,5500.0,2277.9,2301.8,2289.8500000000004
2026-10-30,put,5500.0,1.6,1.85,1.725
2026-10-30,call,5550.0,2228.3,2252.3,2240.3
2026-10-30,put,5550.0,1.7,1.95,1.825
2026-10-30,call,5600.0,2178.4,2202.4,2190.4
2026-10-30,put,5600.0,1.8,2.05,1.9249999999999998
2026-10-30,call,5650.0,2128.8,2152.8,2140.8
2026-10-30,put,5650.0,1.9,2.15,2.025
2026-10-30,call,5700.0,2079.3,2103.3,2091.3
2026-10-30,put,5700.0,2.05,2.3,2.175
2026-10-30,call,5750.0,2029.6,2053.6,2041.6
2026-10-30,put,5750.0,2.15,2.4,2.275
2026-10-30,call,5760.0,2019.6,2043.6,2031.6
2026-10-30,put,5760.0,2.2,2.45,2.325
2026-10-30,call,5770.0,2009.8,2033.8,2021.8
2026-10-30,put,5770.0,2.25,2.45,2.35
2026-10-30,call,5780.0,1999.9,2023.9,2011.9
2026-10-30,put,5780.0,2.25,2.5,2.375
2026-10-30,call,5790.0,1989.8,2013.8,2001.8
2026-10-30,put,5790.0,2.3,2.5,2.4
2026-10-30,call,5800.0,1980.0,2004.0,1992.0
2026-10-30,put,5800.0,2.3,2.55,2.425
2026-10-30,call,5810.0,1969.9,1993.9,1981.9
2026-10-30,put,5810.0,2.35,2.55,2.45
2026-10-30,call,5820.0,1960.2,1984.2,1972.2
2026-10-30,put,5820.0,2.35,2.6,2.475
2026-10-30,call,5830.0,1949.9,1973.9,1961.9
2026-10-30,put,5830.0,2.4,2.65,2.525
2026-10-30,call,5840.0,1940.2,1964.2,1952.2
2026-10-30,put,5840.0,2.45,2.65,2.55
2026-10-30,call,5850.0,1930.1,1954.1,1942.1
2026-10-30,put,5850.0,2.45,2.7,2.575
2026-10-30,call,5860.0,1920.4,1944.4,1932.4
2026-10-30,put,5860.0,2.5,2.7,2.6
2026-10-30,call,5870.0,1910.5,1934.5,1922.5
2026-10-30,put,5870.0,2.5,2.75,2.625
2026-10-30,call,5875.0,1905.5,1929.5,1917.5
2026-10-30,put,5875.0,2.55,2.75,2.65
2026-10-30,call,5880.0,1900.6,1924.6,1912.6
2026-10-30,put,5880.0,2.55,2.8,2.675
2026-10-30,call,5890.0,1890.7,1914.7,1902.7
2026-10-30,put,5890.0,2.6,2.8,2.7
2026-10-30,call,5900.0,1880.7,1904.7,1892.7
2026-10-30,put,5900.0,2.65,2.85,2.75
2026-10-30,call,5910.0,1870.8,1894.8,1882.8
2026-10-30,put,5910.0,2.65,2.9,2.775
2026-10-30,call,5920.0,1860.9,1884.9,1872.9
2026-10-30,put,5920.0,2.7,2.9,2.8
2026-10-30,call,5925.0,1856.0,1880.0,1868.0
2026-10-30,put,5925.0,2.7,2.9,2.8
2026-10-30,call,5930.0,1851.0,1875.0,1863.0
2026-10-30,put,5930.0,2.7,2.95,2.825
2026-10-30,call,5940.0,1841.0,1865.0,1853.0
2026-10-30,put,5940.0,2.75,2.95,2.85
2026-10-30,call,5950.0,1831.1,1855.1,1843.1
2026-10-30,put,5950.0,2.8,3.0,2.9
2026-10-30,call,5960.0,1821.1,1845.1,1833.1
2026-10-30,put,5960.0,2.8,3.1,2.95
2026-10-30,call,5970.0,1811.2,1835.2,1823.2
2026-10-30,put,5970.0,2.85,3.1,2.975
2026-10-30,call,5975.0,1806.3,1830.3,1818.3
2026-10-30,put,5975.0,2.85,3.1,2.975
2026-10-30,call,5980.0,1801.3,1825.3,1813.3
2026-10-30,put,5980.0,2.9,3.1,3.0
2026-10-30,call,5990.0,1791.4,1815.4,1803.4
2026-10-30,put,5990.0,2.9,3.2,3.05
2026-10-30,call,6000.0,1781.5,1805.5,1793.5
2026-10-30,put,6000.0,3.0,3.2,3.1
2026-10-30,call,6010.0,1771.4,1795.4,1783.4
2026-10-30,put,6010.0,3.0,3.2,3.1
2026-10-30,call,6020.0,1761.6,1785.6,1773.6
2026-10-30,put,6020.0,3.0,3.3,3.15
2026-10-30,call,6025.0,1757.0,1781.0,1769.0
2026-10-30,put,6025.0,3.0,3.3,3.15
2026-10-30,call,6030.0,1751.8,1775.8,1763.8
2026-10-30,put,6030.0,3.0,3.3,3.15
2026-10-30,call,6040.0,1741.7,1765.7,1753.7
2026-10-30,put,6040.0,3.1,3.4,3.25
2026-10-30,call,6050.0,1732.0,1756.0,1744.0
2026-10-30,put,6050.0,3.1,3.4,3.25
2026-10-30,call,6060.0,1722.0,1746.0,1734.0
2026-10-30,put,6060.0,3.1,3.4,3.25
2026-10-30,call,6070.0,1712.1,1736.1,1724.1
2026-10-30,put,6070.0,3.2,3.5,3.35
2026-10-30,call,6075.0,1707.1,1731.1,1719.1
2026-10-30,put,6075.0,3.2,3.5,3.35
2026-10-30,call,6080.0,1702.2,1726.2,1714.2
2026-10-30,put,6080.0,3.2,3.5,3.35
2026-10-30,call,6090.0,1692.3,1716.3,1704.3
2026-10-30,put,6090.0,3.3,3.6,3.45
2026-10-30,call,6100.0,1682.3,1706.3,1694.3
2026-10-30,put,6100.0,3.3,3.6,3.45
2026-10-30,call,6110.0,1672.5,1696.5,1684.5
2026-10-30,put,6110.0,3.3,3.6,3.45
2026-10-30,call,6120.0,1662.6,1686.6,1674.6
2026-10-30,put,6120.0,3.4,3.7,3.55
2026-10-30,call,6125.0,1657.6,1681.6,1669.6
2026-10-30,put,6125.0,3.4,3.7,3.55
2026-10-30,call,6130.0,1652.4,1676.4,1664.4
2026-10-30,put,6130.0,3.4,3.7,3.55
2026-10-30,call,6140.0,1642.7,1666.7,1654.7
2026-10-30,put,6140.0,3.5,3.8,3.65
2026-10-30,call,6150.0,1632.9,1656.9,1644.9
2026-10-30,put,6150.0,3.6,3.8,3.7
2026-10-30,call,6160.0,1623.0,1647.0,1635.0
2026-10-30,put,6160.0,3.6,3.9,3.75
2026-10-30,call,6170.0,1612.9,1636.9,1624.9
2026-10-30,put,6170.0,3.6,3.9,3.75
2026-10-30,call,6175.0,1608.1,1632.1,1620.1
2026-10-30,put,6175.0,3.6,3.9,3.75
2026-10-30,call,6180.0,1603.1,1627.1,1615.1
2026-10-30,put,6180.0,3.7,3.9,3.8
2026-10-30,call,6190.0,1593.0,1617.0,1605.0
2026-10-30,put,6190.0,3.7,4.0,3.85
2026-10-30,call,6200.0,1583.3,1607.3,1595.3
2026-10-30,put,6200.0,3.7,4.0,3.85
2026-10-30,call,6210.0,1573.4,1597.4,1585.4
2026-10-30,put,6210.0,3.8,4.1,3.9499999999999997
2026-10-30,call,6220.0,1563.4,1587.4,1575.4
2026-10-30,put,6220.0,3.8,4.1,3.9499999999999997
2026-10-30,call,6225.0,1558.4,1582.4,1570.4
2026-10-30,put,6225.0,3.9,4.2,4.05
2026-10-30,call,6230.0,1553.5,1577.4,1565.45
2026-10-30,put,6230.0,3.9,4.2,4.05
2026-10-30,call,6240.0,1543.6,1567.6,1555.6
2026-10-30,put,6240.0,3.9,4.2,4.05
2026-10-30,call,6250.0,1533.6,1557.6,1545.6
2026-10-30,put,6250.0,4.0,4.3,4.15
2026-10-30,call,6260.0,1523.9,1547.9,1535.9
2026-10-30,put,6260.0,4.0,4.3,4.15
2026-10-30,call,6270.0,1513.7,1537.7,1525.7
2026-10-30,put,6270.0,4.1,4.4,4.25
2026-10-30,call,6275.0,1509.0,1533.0,1521.0
2026-10-30,put,6275.0,4.2,4.4,4.300000000000001
2026-10-30,call,6280.0,1504.0,1528.0,1516.0
2026-10-30,put,6280.0,4.1,4.4,4.25
2026-10-30,call,6290.0,1493.9,1517.9,1505.9
2026-10-30,put,6290.0,4.2,4.5,4.35
2026-10-30,call,6300.0,1484.2,1508.2,1496.2
2026-10-30,put,6300.0,4.3,4.6,4.449999999999999
2026-10-30,call,6310.0,1474.3,1498.3,1486.3
2026-10-30,put,6310.0,4.3,4.6,4.449999999999999
2026-10-30,call,6320.0,1464.5,1488.5,1476.5
2026-10-30,put,6320.0,4.4,4.7,4.550000000000001
2026-10-30,call,6325.0,1459.5,1483.5,1471.5
2026-10-30,put,6325.0,4.4,4.7,4.550000000000001
2026-10-30,call,6330.0,1454.5,1478.5,1466.5
2026-10-30,put,6330.0,4.4,4.7,4.550000000000001
2026-10-30,call,6340.0,1444.7,1468.6,1456.65
2026-10-30,put,6340.0,4.5,4.8,4.65
2026-10-30,call,6350.0,1434.5,1458.5,1446.5
2026-10-30,put,6350.0,4.6,4.9,4.75
2026-10-30,call,6360.0,1424.8,1448.8,1436.8
2026-10-30,put,6360.0,4.6,4.9,4.75
2026-10-30,call,6370.0,1415.0,1439.0,1427.0
2026-10-30,put,6370.0,4.7,5.0,4.85
2026-10-30,call,6375.0,1409.9,1433.9,1421.9
2026-10-30,put,6375.0,4.7,5.0,4.85
2026-10-30,call,6380.0,1405.1,1429.1,1417.1
2026-10-30,put,6380.0,4.7,5.0,4.85
2026-10-30,call,6390.0,1395.3,1419.3,1407.3
2026-10-30,put,6390.0,4.8,5.1,4.949999999999999
2026-10-30,call,6400.0,1385.4,1409.4,1397.4
2026-10-30,put,6400.0,4.9,5.2,5.050000000000001
2026-10-30,call,6410.0,1375.2,1399.2,1387.2
2026-10-30,put,6410.0,4.9,5.2,5.050000000000001
2026-10-30,call,6420.0,1365.5,1389.5,1377.5
2026-10-30,put,6420.0,5.0,5.3,5.15
2026-10-30,call,6425.0,1360.6,1384.6,1372.6
2026-10-30,put,6425.0,5.0,5.3,5.15
2026-10-30,call,6430.0,1355.7,1379.7,1367.7
2026-10-30,put,6430.0,5.0,5.4,5.2
2026-10-30,call,6440.0,1345.7,1369.7,1357.7
2026-10-30,put,6440.0,5.1,5.4,5.25
2026-10-30,call,6450.0,1335.9,1359.9,1347.9
2026-10-30,put,6450.0,5.2,5.5,5.35
2026-10-30,call,6460.0,1326.0,1350.0,1338.0
2026-10-30,put,6460.0,5.3,5.6,5.449999999999999
2026-10-30,call,6470.0,1316.2,1340.2,1328.2
2026-10-30,put,6470.0,5.3,5.7,5.5
2026-10-30,call,6475.0,1311.2,1335.2,1323.2
2026-10-30,put,6475.0,5.4,5.7,5.550000000000001
2026-10-30,call,6480.0,1306.3,1330.3,1318.3
2026-10-30,put,6480.0,5.4,5.7,5.550000000000001
2026-10-30,call,6490.0,1296.3,1320.3,1308.3
2026-10-30,put,6490.0,5.5,5.8,5.65
2026-10-30,call,6500.0,1286.6,1310.6,1298.6
2026-10-30,put,6500.0,5.6,5.9,5.75
2026-10-30,call,6510.0,1276.6,1300.6,1288.6
2026-10-30,put,6510.0,5.6,6.0,5.8
2026-10-30,call,6520.0,1266.7,1290.7,1278.7
2026-10-30,put,6520.0,5.7,6.1,5.9
2026-10-30,call,6525.0,1261.8,1285.8,1273.8
2026-10-30,put,6525.0,5.8,6.1,5.949999999999999
2026-10-30,call,6530.0,1256.7,1280.7,1268.7
2026-10-30,put,6530.0,5.8,6.1,5.949999999999999
2026-10-30,call,6540.0,1247.0,1271.0,1259.0
2026-10-30,put,6540.0,5.9,6.2,6.050000000000001
2026-10-30,call,6550.0,1237.2,1261.2,1249.2
2026-10-30,put,6550.0,6.0,6.3,6.15
2026-10-30,call,6560.0,1227.4,1251.4,1239.4
2026-10-30,put,6560.0,6.1,6.4,6.25
2026-10-30,call,6570.0,1217.5,1241.5,1229.5
2026-10-30,put,6570.0,6.1,6.5,6.3
2026-10-30,call,6575.0,1212.4,1236.4,1224.4
2026-10-30,put,6575.0,6.2,6.5,6.35
2026-10-30,call,6580.0,1207.5,1231.5,1219.5
2026-10-30,put,6580.0,6.2,6.6,6.4
2026-10-30,call,6590.0,1197.6,1221.6,1209.6
2026-10-30,put,6590.0,6.3,6.7,6.5
2026-10-30,call,6600.0,1187.8,1211.8,1199.8
2026-10-30,put,6600.0,6.5,6.8,6.65
2026-10-30,call,6610.0,1178.0,1202.0,1190.0
2026-10-30,put,6610.0,6.5,6.9,6.7
2026-10-30,call,6620.0,1168.1,1192.1,1180.1
2026-10-30,put,6620.0,6.6,7.0,6.8
2026-10-30,call,6625.0,1163.2,1187.2,1175.2
2026-10-30,put,6625.0,6.7,7.0,6.85
2026-10-30,call,6630.0,1158.2,1182.2,1170.2
2026-10-30,put,6630.0,6.7,7.1,6.9
2026-10-30,call,6640.0,1148.4,1172.4,1160.4
2026-10-30,put,6640.0,6.8,7.2,7.0
2026-10-30,call,6650.0,1138.6,1162.6,1150.6
2026-10-30,put,6650.0,7.0,7.3,7.15
2026-10-30,call,6660.0,1128.7,1152.7,1140.7
2026-10-30,put,6660.0,7.0,7.4,7.2
2026-10-30,call,6670.0,1118.9,1142.9,1130.9
2026-10-30,put,6670.0,7.1,7.5,7.3
2026-10-30,call,6675.0,1113.8,1137.8,1125.8
2026-10-30,put,6675.0,7.2,7.6,7.4
2026-10-30,call,6680.0,1109.0,1133.0,1121.0
2026-10-30,put,6680.0,7.2,7.6,7.4
2026-10-30,call,6690.0,1099.3,1123.2,1111.25
2026-10-30,put,6690.0,7.3,7.7,7.5
2026-10-30,call,6700.0,1089.3,1113.3,1101.3
2026-10-30,put,6700.0,7.5,7.8,7.65
2026-10-30,call,6710.0,1079.5,1103.5,1091.5
2026-10-30,put,6710.0,7.6,8.0,7.8
2026-10-30,call,6720.0,1069.7,1093.7,1081.7
2026-10-30,put,6720.0,7.7,8.1,7.9
2026-10-30,call,6725.0,1064.8,1088.8,1076.8
2026-10-30,put,6725.0,7.8,8.1,7.949999999999999
2026-10-30,call,6730.0,1059.8,1083.8,1071.8
2026-10-30,put,6730.0,7.8,8.2,8.0
2026-10-30,call,6740.0,1049.9,1073.9,1061.9
2026-10-30,put,6740.0,7.9,8.3,8.100000000000001
2026-10-30,call,6750.0,1040.1,1064.1,1052.1
2026-10-30,put,6750.0,8.1,8.4,8.25
2026-10-30,call,6760.0,1030.4,1054.4,1042.4
2026-10-30,put,6760.0,8.2,8.6,8.399999999999999
2026-10-30,call,6770.0,1020.5,1044.5,1032.5
2026-10-30,put,6770.0,8.3,8.7,8.5
2026-10-30,call,6775.0,1015.5,1039.5,1027.5
2026-10-30,put,6775.0,8.4,8.8,8.600000000000001
2026-10-30,call,6780.0,1010.6,1034.6,1022.5999999999999
2026-10-30,put,6780.0,8.5,8.9,8.7
2026-10-30,call,6790.0,1000.9,1024.9,1012.9000000000001
2026-10-30,put,6790.0,8.6,9.0,8.8
2026-10-30,call,6800.0,991.2,1015.2,1003.2
2026-10-30,put,6800.0,8.8,9.1,8.95
2026-10-30,call,6810.0,981.3,1005.3,993.3
2026-10-30,put,6810.0,8.9,9.3,9.100000000000001
2026-10-30,call,6820.0,971.6,995.6,983.6
2026-10-30,put,6820.0,9.0,9.5,9.25
2026-10-30,call,6825.0,966.6,990.6,978.6
2026-10-30,put,6825.0,9.1,9.6,9.35
2026-10-30,call,6830.0,961.8,985.8,973.8
2026-10-30,put,6830.0,9.2,9.6,9.399999999999999
2026-10-30,call,6840.0,951.8,975.8,963.8
2026-10-30,put,6840.0,9.3,9.8,9.55
2026-10-30,call,6850.0,942.1,966.1,954.1
2026-10-30,put,6850.0,9.6,9.9,9.75
2026-10-30,call,6860.0,932.3,956.3,944.3
2026-10-30,put,6860.0,9.7,10.1,9.899999999999999
2026-10-30,call,6865.0,927.4,951.4,939.4
2026-10-30,put,6865.0,9.7,10.2,9.95
2026-10-30,call,6870.0,922.4,946.4,934.4
2026-10-30,put,6870.0,9.8,10.3,10.05
2026-10-30,call,6875.0,917.8,941.8,929.8
2026-10-30,put,6875.0,10.0,10.3,10.15
2026-10-30,call,6880.0,912.7,936.7,924.7
2026-10-30,put,6880.0,10.0,10.5,10.25
2026-10-30,call,6885.0,907.9,931.9,919.9
2026-10-30,put,6885.0,10.1,10.6,10.35
2026-10-30,call,6890.0,903.0,927.0,915.0
2026-10-30,put,6890.0,10.2,10.7,10.45
2026-10-30,call,6895.0,898.2,922.2,910.2
2026-10-30,put,6895.0,10.3,10.7,10.5
2026-10-30,call,6900.0,893.2,917.2,905.2
2026-10-30,put,6900.0,10.4,10.7,10.55
2026-10-30,call,6905.0,888.4,912.4,900.4
2026-10-30,put,6905.0,10.4,10.9,10.65
2026-10-30,call,6910.0,883.4,907.4,895.4
2026-10-30,put,6910.0,10.5,11.0,10.75
2026-10-30,call,6915.0,878.6,902.6,890.6
2026-10-30,put,6915.0,10.6,11.1,10.85
2026-10-30,call,6920.0,873.7,897.7,885.7
2026-10-30,put,6920.0,10.7,11.2,10.95
2026-10-30,call,6925.0,868.9,892.9,880.9
2026-10-30,put,6925.0,10.9,11.2,11.05
2026-10-30,call,6930.0,863.9,887.9,875.9
2026-10-30,put,6930.0,10.9,11.4,11.15
2026-10-30,call,6935.0,859.0,883.0,871.0
2026-10-30,put,6935.0,11.0,11.5,11.25
2026-10-30,call,6940.0,854.2,878.2,866.2
2026-10-30,put,6940.0,11.1,11.6,11.35
2026-10-30,call,6945.0,849.3,873.3,861.3
2026-10-30,put,6945.0,11.2,11.7,11.45
2026-10-30,call,6950.0,844.4,868.4,856.4
2026-10-30,put,6950.0,11.4,11.7,11.55
2026-10-30,call,6955.0,839.7,863.7,851.7
2026-10-30,put,6955.0,11.4,12.0,11.7
2026-10-30,call,6960.0,834.5,858.5,846.5
2026-10-30,put,6960.0,11.5,12.1,11.8
2026-10-30,call,6965.0,829.9,853.9,841.9
2026-10-30,put,6965.0,11.6,12.2,11.899999999999999
2026-10-30,call,6970.0,825.1,849.1,837.1
2026-10-30,put,6970.0,11.8,12.3,12.05
2026-10-30,call,6975.0,820.0,844.0,832.0
2026-10-30,put,6975.0,11.9,12.4,12.15
2026-10-30,call,6980.0,815.2,839.2,827.2
2026-10-30,put,6980.0,12.0,12.5,12.25
2026-10-30,call,6985.0,810.4,834.4,822.4
2026-10-30,put,6985.0,12.1,12.6,12.35
2026-10-30,call,6990.0,805.6,829.6,817.6
2026-10-30,put,6990.0,12.2,12.7,12.45
2026-10-30,call,6995.0,800.7,824.7,812.7
2026-10-30,put,6995.0,12.3,12.9,12.600000000000001
2026-10-30,call,7000.0,795.9,819.9,807.9
2026-10-30,put,7000.0,12.5,12.9,12.7
2026-10-30,call,7005.0,791.0,815.0,803.0
2026-10-30,put,7005.0,12.6,13.1,12.85
2026-10-30,call,7010.0,786.2,810.2,798.2
2026-10-30,put,7010.0,12.7,13.2,12.95
2026-10-30,call,7015.0,781.3,805.3,793.3
2026-10-30,put,7015.0,12.8,13.4,13.100000000000001
2026-10-30,call,7020.0,776.4,800.4,788.4
2026-10-30,put,7020.0,12.9,13.5,13.2
2026-10-30,call,7025.0,771.6,795.6,783.6
2026-10-30,put,7025.0,13.1,13.6,13.35
2026-10-30,call,7030.0,766.8,790.8,778.8
2026-10-30,put,7030.0,13.2,13.7,13.45
2026-10-30,call,7035.0,761.9,785.9,773.9
2026-10-30,put,7035.0,13.3,13.9,13.600000000000001
2026-10-30,call,7040.0,757.1,781.1,769.1
2026-10-30,put,7040.0,13.5,14.0,13.75
2026-10-30,call,7045.0,752.2,776.2,764.2
2026-10-30,put,7045.0,13.6,14.2,13.899999999999999
2026-10-30,call,7050.0,747.4,771.4,759.4
2026-10-30,put,7050.0,13.8,14.2,14.0
2026-10-30,call,7055.0,742.6,766.6,754.6
2026-10-30,put,7055.0,13.9,14.4,14.15
2026-10-30,call,7060.0,737.7,761.7,749.7
2026-10-30,put,7060.0,14.0,14.6,14.3
2026-10-30,call,7065.0,732.9,756.9,744.9
2026-10-30,put,7065.0,14.2,14.7,14.45
2026-10-30,call,7070.0,728.0,752.0,740.0
2026-10-30,put,7070.0,14.3,14.9,14.600000000000001
2026-10-30,call,7075.0,723.3,747.3,735.3
2026-10-30,put,7075.0,14.5,15.0,14.75
2026-10-30,call,7080.0,718.4,742.4,730.4
2026-10-30,put,7080.0,14.6,15.2,14.899999999999999
2026-10-30,call,7085.0,713.6,737.6,725.6
2026-10-30,put,7085.0,14.8,15.3,15.05
2026-10-30,call,7090.0,708.7,732.7,720.7
2026-10-30,put,7090.0,14.9,15.5,15.2
2026-10-30,call,7095.0,704.0,728.0,716.0
2026-10-30,put,7095.0,15.1,15.6,15.35
2026-10-30,call,7100.0,699.1,723.1,711.1
2026-10-30,put,7100.0,15.3,15.7,15.5
2026-10-30,call,7105.0,694.3,718.3,706.3
2026-10-30,put,7105.0,15.4,16.0,15.7
2026-10-30,call,7110.0,689.6,713.6,701.6
2026-10-30,put,7110.0,15.6,16.1,15.850000000000001
2026-10-30,call,7115.0,684.8,708.8,696.8
2026-10-30,put,7115.0,15.7,16.3,16.0
2026-10-30,call,7120.0,679.9,703.9,691.9
2026-10-30,put,7120.0,15.9,16.5,16.2
2026-10-30,call,7125.0,675.1,699.1,687.1
2026-10-30,put,7125.0,16.1,16.7,16.4
2026-10-30,call,7130.0,670.4,694.4,682.4
2026-10-30,put,7130.0,16.2,16.8,16.5
2026-10-30,call,7135.0,665.5,689.5,677.5
2026-10-30,put,7135.0,16.4,17.0,16.7
2026-10-30,call,7140.0,660.7,684.7,672.7
2026-10-30,put,7140.0,16.6,17.2,16.9
2026-10-30,call,7145.0,655.8,679.8,667.8
2026-10-30,put,7145.0,16.8,17.4,17.1
2026-10-30,call,7150.0,651.2,675.2,663.2
2026-10-30,put,7150.0,17.1,17.4,17.25
2026-10-30,call,7155.0,646.5,670.5,658.5
2026-10-30,put,7155.0,17.2,17.8,17.5
2026-10-30,call,7160.0,641.6,665.6,653.6
2026-10-30,put,7160.0,17.4,18.0,17.7
2026-10-30,call,7165.0,636.8,660.8,648.8
2026-10-30,put,7165.0,17.5,18.1,17.8
2026-10-30,call,7170.0,632.1,656.1,644.1
2026-10-30,put,7170.0,17.7,18.3,18.0
2026-10-30,call,7175.0,627.3,651.3,639.3
2026-10-30,put,7175.0,17.9,18.5,18.2
2026-10-30,call,7180.0,622.7,646.6,634.6500000000001
2026-10-30,put,7180.0,18.1,18.7,18.4
2026-10-30,call,7185.0,617.8,641.8,629.8
2026-10-30,put,7185.0,18.4,19.0,18.7
2026-10-30,call,7190.0,613.0,637.0,625.0
2026-10-30,put,7190.0,18.6,19.2,18.9
2026-10-30,call,7195.0,608.3,632.3,620.3
2026-10-30,put,7195.0,18.8,19.4,19.1
2026-10-30,call,7200.0,603.6,627.6,615.6
2026-10-30,put,7200.0,19.1,19.5,19.3
2026-10-30,call,7205.0,598.8,622.8,610.8
2026-10-30,put,7205.0,19.2,19.8,19.5
2026-10-30,call,7210.0,594.0,618.0,606.0
2026-10-30,put,7210.0,19.5,20.1,19.8
2026-10-30,call,7215.0,589.3,613.3,601.3
2026-10-30,put,7215.0,19.7,20.3,20.0
2026-10-30,call,7220.0,584.5,608.5,596.5
2026-10-30,put,7220.0,19.9,20.5,20.2
2026-10-30,call,7225.0,579.9,603.9,591.9
2026-10-30,put,7225.0,20.2,20.8,20.5
2026-10-30,call,7230.0,575.0,599.0,587.0
2026-10-30,put,7230.0,20.4,21.0,20.7
2026-10-30,call,7235.0,570.2,594.2,582.2
2026-10-30,put,7235.0,20.7,21.3,21.0
2026-10-30,call,7240.0,565.6,589.6,577.6
2026-10-30,put,7240.0,20.9,21.5,21.2
2026-10-30,call,7245.0,561.0,585.0,573.0
2026-10-30,put,7245.0,21.2,21.8,21.5
2026-10-30,call,7250.0,556.2,580.2,568.2
2026-10-30,put,7250.0,21.5,21.9,21.7
2026-10-30,call,7255.0,551.4,575.4,563.4
2026-10-30,put,7255.0,21.7,22.3,22.0
2026-10-30,call,7260.0,546.8,570.8,558.8
2026-10-30,put,7260.0,22.0,22.6,22.3
2026-10-30,call,7265.0,542.1,566.1,554.1
2026-10-30,put,7265.0,22.2,22.9,22.549999999999997
2026-10-30,call,7270.0,537.4,561.4,549.4
2026-10-30,put,7270.0,22.5,23.2,22.85
2026-10-30,call,7275.0,532.6,556.6,544.6
2026-10-30,put,7275.0,22.8,23.4,23.1
2026-10-30,call,7280.0,528.0,552.0,540.0
2026-10-30,put,7280.0,23.1,23.7,23.4
2026-10-30,call,7285.0,523.4,547.4,535.4
2026-10-30,put,7285.0,23.4,24.0,23.7
2026-10-30,call,7290.0,518.7,542.7,530.7
2026-10-30,put,7290.0,23.7,24.3,24.0
2026-10-30,call,7295.0,514.1,538.1,526.1
2026-10-30,put,7295.0,24.0,24.6,24.3
2026-10-30,call,7300.0,509.3,533.3,521.3
2026-10-30,put,7300.0,24.4,24.8,24.6
2026-10-30,call,7305.0,504.8,528.8,516.8
2026-10-30,put,7305.0,24.6,25.3,24.950000000000003
2026-10-30,call,7310.0,500.1,524.1,512.1
2026-10-30,put,7310.0,25.0,25.6,25.3
2026-10-30,call,7315.0,495.4,519.4,507.4
2026-10-30,put,7315.0,25.3,25.9,25.6
2026-10-30,call,7320.0,490.8,514.8,502.79999999999995
2026-10-30,put,7320.0,25.6,26.3,25.950000000000003
2026-10-30,call,7325.0,486.1,510.1,498.1
2026-10-30,put,7325.0,25.9,26.6,26.25
2026-10-30,call,7330.0,481.6,505.6,493.6
2026-10-30,put,7330.0,26.3,27.0,26.65
2026-10-30,call,7335.0,476.9,500.9,488.9
2026-10-30,put,7335.0,26.7,27.3,27.0
2026-10-30,call,7340.0,472.3,496.3,484.3
2026-10-30,put,7340.0,27.0,27.7,27.35
2026-10-30,call,7345.0,467.8,491.8,479.8
2026-10-30,put,7345.0,27.4,28.1,27.75
2026-10-30,call,7350.0,463.1,487.1,475.1
2026-10-30,put,7350.0,27.8,28.3,28.05
2026-10-30,call,7355.0,458.5,482.5,470.5
2026-10-30,put,7355.0,28.1,28.8,28.450000000000003
2026-10-30,call,7360.0,454.0,478.0,466.0
2026-10-30,put,7360.0,28.5,29.2,28.85
2026-10-30,call,7365.0,449.4,473.4,461.4
2026-10-30,put,7365.0,28.9,29.6,29.25
2026-10-30,call,7370.0,444.8,468.8,456.8
2026-10-30,put,7370.0,29.3,30.0,29.65
2026-10-30,call,7375.0,440.2,464.2,452.2
2026-10-30,put,7375.0,29.7,30.4,30.049999999999997
2026-10-30,call,7380.0,435.7,459.7,447.7
2026-10-30,put,7380.0,30.1,30.8,30.450000000000003
2026-10-30,call,7385.0,431.1,455.1,443.1
2026-10-30,put,7385.0,30.6,31.3,30.950000000000003
2026-10-30,call,7390.0,426.6,450.6,438.6
2026-10-30,put,7390.0,31.0,31.7,31.35
2026-10-30,call,7395.0,422.2,446.2,434.2
2026-10-30,put,7395.0,31.4,32.1,31.75
2026-10-30,call,7400.0,417.6,441.6,429.6
2026-10-30,put,7400.0,32.0,32.5,32.25
2026-10-30,call,7405.0,413.2,437.2,425.2
2026-10-30,put,7405.0,32.5,32.9,32.7
2026-10-30,call,7410.0,408.6,432.6,420.6
2026-10-30,put,7410.0,32.8,33.5,33.15
2026-10-30,call,7415.0,404.0,428.0,416.0
2026-10-30,put,7415.0,33.3,34.0,33.65
2026-10-30,call,7420.0,399.7,423.7,411.7
2026-10-30,put,7420.0,33.8,34.5,34.15
2026-10-30,call,7425.0,395.2,419.2,407.2
2026-10-30,put,7425.0,34.4,34.9,34.65
2026-10-30,call,7430.0,390.6,414.6,402.6
2026-10-30,put,7430.0,34.8,35.5,35.15
2026-10-30,call,7435.0,386.2,410.2,398.2
2026-10-30,put,7435.0,35.3,36.0,35.65
2026-10-30,call,7440.0,381.6,405.6,393.6
2026-10-30,put,7440.0,35.9,36.4,36.15
2026-10-30,call,7445.0,377.3,401.3,389.3
2026-10-30,put,7445.0,36.4,37.1,36.75
2026-10-30,call,7450.0,373.0,397.0,385.0
2026-10-30,put,7450.0,37.0,37.5,37.25
2026-10-30,call,7455.0,368.5,392.5,380.5
2026-10-30,put,7455.0,37.4,38.2,37.8
2026-10-30,call,7460.0,364.1,388.1,376.1
2026-10-30,put,7460.0,38.0,38.8,38.4
2026-10-30,call,7465.0,359.7,383.7,371.7
2026-10-30,put,7465.0,38.6,39.4,39.0
2026-10-30,call,7470.0,355.3,379.3,367.3
2026-10-30,put,7470.0,39.2,39.9,39.55
2026-10-30,call,7475.0,351.0,375.0,363.0
2026-10-30,put,7475.0,39.9,40.4,40.15
2026-10-30,call,7480.0,346.6,370.6,358.6
2026-10-30,put,7480.0,40.4,41.2,40.8
2026-10-30,call,7485.0,342.2,366.2,354.2
2026-10-30,put,7485.0,41.0,41.8,41.4
2026-10-30,call,7490.0,337.9,361.9,349.9
2026-10-30,put,7490.0,41.7,42.4,42.05
2026-10-30,call,7495.0,333.7,357.7,345.7
2026-10-30,put,7495.0,42.3,43.1,42.7
2026-10-30,call,7500.0,329.4,353.4,341.4
2026-10-30,put,7500.0,43.1,43.6,43.35
2026-10-30,call,7505.0,325.0,349.0,337.0
2026-10-30,put,7505.0,43.6,44.4,44.0
2026-10-30,call,7510.0,320.7,344.7,332.7
2026-10-30,put,7510.0,44.3,45.1,44.7
2026-10-30,call,7515.0,316.4,340.4,328.4
2026-10-30,put,7515.0,45.0,45.8,45.4
2026-10-30,call,7520.0,312.3,336.3,324.3
2026-10-30,put,7520.0,45.7,46.6,46.150000000000006
2026-10-30,call,7525.0,307.9,331.9,319.9
2026-10-30,put,7525.0,46.6,47.2,46.900000000000006
2026-10-30,call,7530.0,303.8,327.8,315.8
2026-10-30,put,7530.0,47.2,48.0,47.6
2026-10-30,call,7535.0,299.6,323.6,311.6
2026-10-30,put,7535.0,48.2,48.7,48.45
2026-10-30,call,7540.0,295.4,319.4,307.4
2026-10-30,put,7540.0,48.9,49.5,49.2
2026-10-30,call,7545.0,291.2,315.2,303.2
2026-10-30,put,7545.0,49.6,50.4,50.0
2026-10-30,call,7550.0,300.1,302.6,301.35
2026-10-30,put,7550.0,50.6,51.1,50.85
2026-10-30,call,7555.0,282.8,306.8,294.8
2026-10-30,put,7555.0,51.2,52.0,51.6
2026-10-30,call,7560.0,278.8,302.8,290.8
2026-10-30,put,7560.0,52.0,52.9,52.45
2026-10-30,call,7565.0,274.5,298.5,286.5
2026-10-30,put,7565.0,52.9,53.7,53.3
2026-10-30,call,7570.0,270.6,294.6,282.6
2026-10-30,put,7570.0,53.8,54.6,54.2
2026-10-30,call,7575.0,266.5,290.5,278.5
2026-10-30,put,7575.0,54.8,55.4,55.099999999999994
2026-10-30,call,7580.0,262.5,286.5,274.5
2026-10-30,put,7580.0,55.8,56.3,56.05
2026-10-30,call,7585.0,258.4,282.4,270.4
2026-10-30,put,7585.0,56.5,57.4,56.95
2026-10-30,call,7590.0,254.4,278.4,266.4
2026-10-30,put,7590.0,57.5,58.3,57.9
2026-10-30,call,7595.0,250.5,274.5,262.5
2026-10-30,put,7595.0,58.4,59.3,58.849999999999994
2026-10-30,call,7600.0,259.4,261.9,260.65
2026-10-30,put,7600.0,59.6,60.2,59.900000000000006
2026-10-30,call,7605.0,242.5,266.5,254.5
2026-10-30,put,7605.0,60.4,61.3,60.849999999999994
2026-10-30,call,7610.0,238.4,262.4,250.39999999999998
2026-10-30,put,7610.0,61.5,62.3,61.9
2026-10-30,call,7615.0,234.7,258.7,246.7
2026-10-30,put,7615.0,62.5,63.4,62.95
2026-10-30,call,7620.0,230.7,254.7,242.7
2026-10-30,put,7620.0,63.8,64.3,64.05
2026-10-30,call,7625.0,227.0,251.0,239.0
2026-10-30,put,7625.0,64.9,65.4,65.15
2026-10-30,call,7630.0,225.2,249.1,237.14999999999998
2026-10-30,put,7630.0,65.8,66.7,66.25
2026-10-30,call,7635.0,232.7,233.7,233.2
2026-10-30,put,7635.0,67.1,67.7,67.4
2026-10-30,call,7640.0,228.9,229.9,229.4
2026-10-30,put,7640.0,68.1,69.0,68.55
2026-10-30,call,7645.0,225.1,226.1,225.6
2026-10-30,put,7645.0,69.3,70.2,69.75
2026-10-30,call,7650.0,221.3,222.3,221.8
2026-10-30,put,7650.0,70.7,71.3,71.0
2026-10-30,call,7655.0,217.6,218.6,218.1
2026-10-30,put,7655.0,71.7,72.6,72.15
2026-10-30,call,7660.0,213.9,214.9,214.4
2026-10-30,put,7660.0,73.0,73.9,73.45
2026-10-30,call,7665.0,210.2,211.2,210.7
2026-10-30,put,7665.0,74.3,75.2,74.75
2026-10-30,call,7670.0,206.5,207.5,207.0
2026-10-30,put,7670.0,75.7,76.3,76.0
2026-10-30,call,7675.0,202.9,203.9,203.4
2026-10-30,put,7675.0,77.1,77.7,77.4
2026-10-30,call,7680.0,199.2,200.3,199.75
2026-10-30,put,7680.0,78.2,79.2,78.7
2026-10-30,call,7685.0,195.7,196.7,196.2
2026-10-30,put,7685.0,79.6,80.6,80.1
2026-10-30,call,7690.0,192.1,193.2,192.64999999999998
2026-10-30,put,7690.0,81.1,82.0,81.55
2026-10-30,call,7695.0,188.6,189.6,189.1
2026-10-30,put,7695.0,82.5,83.5,83.0
2026-10-30,call,7700.0,185.1,186.1,185.6
2026-10-30,put,7700.0,84.2,84.8,84.5
2026-10-30,call,7705.0,181.6,182.7,182.14999999999998
2026-10-30,put,7705.0,85.5,86.5,86.0
2026-10-30,call,7710.0,178.1,179.2,178.64999999999998
2026-10-30,put,7710.0,87.0,88.0,87.5
2026-10-30,call,7715.0,174.7,175.8,175.25
2026-10-30,put,7715.0,88.6,89.6,89.1
2026-10-30,call,7720.0,171.3,172.4,171.85000000000002
2026-10-30,put,7720.0,90.1,91.2,90.65
2026-10-30,call,7725.0,168.0,169.1,168.55
2026-10-30,put,7725.0,92.0,92.7,92.35
2026-10-30,call,7730.0,164.7,165.8,165.25
2026-10-30,put,7730.0,93.4,94.5,93.95
2026-10-30,call,7735.0,161.4,162.5,161.95
2026-10-30,put,7735.0,95.1,96.2,95.65
2026-10-30,call,7740.0,158.1,159.2,158.64999999999998
2026-10-30,put,7740.0,97.1,97.8,97.44999999999999
2026-10-30,call,7745.0,154.9,156.0,155.45
2026-10-30,put,7745.0,98.6,99.6,99.1
2026-10-30,call,7750.0,151.7,152.8,152.25
2026-10-30,put,7750.0,100.6,101.3,100.94999999999999
2026-10-30,call,7755.0,148.6,149.7,149.14999999999998
2026-10-30,put,7755.0,102.2,103.3,102.75
2026-10-30,call,7760.0,145.4,146.6,146.0
2026-10-30,put,7760.0,104.3,105.0,104.65
2026-10-30,call,7765.0,142.3,143.5,142.9
2026-10-30,put,7765.0,106.0,107.0,106.5
2026-10-30,call,7770.0,139.3,140.4,139.85000000000002
2026-10-30,put,7770.0,107.9,108.9,108.4
2026-10-30,call,7775.0,136.4,137.4,136.9
2026-10-30,put,7775.0,110.1,110.8,110.44999999999999
2026-10-30,call,7780.0,133.3,134.4,133.85000000000002
2026-10-30,put,7780.0,111.8,112.9,112.35
2026-10-30,call,7785.0,130.6,131.5,131.05
2026-10-30,put,7785.0,113.9,115.0,114.45
2026-10-30,call,7790.0,127.4,128.6,128.0
2026-10-30,put,7790.0,115.9,117.0,116.45
2026-10-30,call,7795.0,124.6,125.7,125.15
2026-10-30,put,7795.0,118.0,119.1,118.55
2026-10-30,call,7800.0,122.0,122.8,122.4
2026-10-30,put,7800.0,120.5,121.2,120.85
2026-10-30,call,7805.0,119.0,120.1,119.55
2026-10-30,put,7805.0,122.4,123.5,122.95
2026-10-30,call,7810.0,116.2,117.3,116.75
2026-10-30,put,7810.0,124.6,125.7,125.15
2026-10-30,call,7815.0,113.5,114.6,114.05
2026-10-30,put,7815.0,126.9,128.0,127.45
2026-10-30,call,7820.0,110.8,111.9,111.35
2026-10-30,put,7820.0,129.1,130.3,129.7
2026-10-30,call,7825.0,108.5,109.2,108.85
2026-10-30,put,7825.0,131.8,132.5,132.15
2026-10-30,call,7830.0,105.6,106.7,106.15
2026-10-30,put,7830.0,133.9,135.0,134.45
2026-10-30,call,7835.0,103.0,104.1,103.55
2026-10-30,put,7835.0,136.3,137.4,136.85000000000002
2026-10-30,call,7840.0,100.5,101.6,101.05
2026-10-30,put,7840.0,138.7,139.8,139.25
2026-10-30,call,7845.0,98.0,99.1,98.55
2026-10-30,put,7845.0,141.2,142.3,141.75
2026-10-30,call,7850.0,95.8,96.6,96.19999999999999
2026-10-30,put,7850.0,144.0,144.7,144.35
2026-10-30,call,7855.0,93.2,94.3,93.75
2026-10-30,put,7855.0,146.3,147.4,146.85000000000002
2026-10-30,call,7860.0,90.8,91.9,91.35
2026-10-30,put,7860.0,149.0,150.0,149.5
2026-10-30,call,7865.0,88.5,89.6,89.05
2026-10-30,put,7865.0,151.6,152.7,152.14999999999998
2026-10-30,call,7870.0,86.2,87.3,86.75
2026-10-30,put,7870.0,154.3,155.4,154.85000000000002
2026-10-30,call,7875.0,84.2,84.9,84.55000000000001
2026-10-30,put,7875.0,157.1,158.1,157.6
2026-10-30,call,7880.0,81.8,82.8,82.3
2026-10-30,put,7880.0,159.8,160.9,160.35000000000002
2026-10-30,call,7885.0,79.6,80.6,80.1
2026-10-30,put,7885.0,162.6,163.7,163.14999999999998
2026-10-30,call,7890.0,77.7,78.4,78.05000000000001
2026-10-30,put,7890.0,165.5,166.7,166.1
2026-10-30,call,7895.0,75.4,76.4,75.9
2026-10-30,put,7895.0,168.4,169.4,168.9
2026-10-30,call,7900.0,73.6,74.2,73.9
2026-10-30,put,7900.0,171.3,172.5,171.9
2026-10-30,call,7905.0,71.3,72.4,71.85
2026-10-30,put,7905.0,174.3,175.3,174.8
2026-10-30,call,7910.0,69.4,70.4,69.9
2026-10-30,put,7910.0,177.3,178.3,177.8
2026-10-30,call,7915.0,67.7,68.3,68.0
2026-10-30,put,7915.0,180.3,181.5,180.9
2026-10-30,call,7920.0,65.8,66.4,66.1
2026-10-30,put,7920.0,183.4,184.6,184.0
2026-10-30,call,7925.0,63.9,64.6,64.25
2026-10-30,put,7925.0,186.5,187.7,187.1
2026-10-30,call,7930.0,62.1,62.8,62.45
2026-10-30,put,7930.0,189.7,190.7,190.2
2026-10-30,call,7935.0,60.3,61.0,60.65
2026-10-30,put,7935.0,192.9,193.9,193.4
2026-10-30,call,7940.0,58.6,59.3,58.95
2026-10-30,put,7940.0,196.2,197.1,196.64999999999998
2026-10-30,call,7945.0,56.7,57.6,57.150000000000006
2026-10-30,put,7945.0,199.5,200.4,199.95
2026-10-30,call,7950.0,55.2,55.9,55.55
2026-10-30,put,7950.0,202.8,203.7,203.25
2026-10-30,call,7955.0,53.6,54.3,53.95
2026-10-30,put,7955.0,200.2,219.1,209.64999999999998
2026-10-30,call,7960.0,52.0,52.7,52.35
2026-10-30,put,7960.0,200.2,224.2,212.2
2026-10-30,call,7965.0,50.3,51.2,50.75
2026-10-30,put,7965.0,203.4,227.4,215.4
2026-10-30,call,7970.0,49.0,49.6,49.3
2026-10-30,put,7970.0,206.9,230.9,218.9
2026-10-30,call,7975.0,47.5,48.1,47.8
2026-10-30,put,7975.0,210.5,234.5,222.5
2026-10-30,call,7980.0,45.8,46.7,46.25
2026-10-30,put,7980.0,214.0,238.0,226.0
2026-10-30,call,7985.0,44.4,45.3,44.849999999999994
2026-10-30,put,7985.0,217.6,241.6,229.6
2026-10-30,call,7990.0,43.2,43.8,43.5
2026-10-30,put,7990.0,221.1,245.1,233.1
2026-10-30,call,7995.0,41.7,42.6,42.150000000000006
2026-10-30,put,7995.0,224.8,248.8,236.8
2026-10-30,call,8000.0,40.6,41.2,40.900000000000006
2026-10-30,put,8000.0,237.2,239.6,238.39999999999998
2026-10-30,call,8005.0,39.3,39.9,39.599999999999994
2026-10-30,put,8005.0,232.2,256.2,244.2
2026-10-30,call,8010.0,37.9,38.7,38.3
2026-10-30,put,8010.0,235.9,259.9,247.89999999999998
2026-10-30,call,8015.0,36.9,37.4,37.15
2026-10-30,put,8015.0,239.7,263.7,251.7
2026-10-30,call,8020.0,35.7,36.2,35.95
2026-10-30,put,8020.0,243.5,267.5,255.5
2026-10-30,call,8025.0,34.5,35.1,34.8
2026-10-30,put,8025.0,247.4,271.4,259.4
2026-10-30,call,8030.0,33.2,34.0,33.6
2026-10-30,put,8030.0,251.3,275.3,263.3
2026-10-30,call,8035.0,32.3,32.8,32.55
2026-10-30,put,8035.0,255.1,279.1,267.1
2026-10-30,call,8040.0,31.1,31.9,31.5
2026-10-30,put,8040.0,259.0,283.0,271.0
2026-10-30,call,8045.0,30.0,30.8,30.4
2026-10-30,put,8045.0,263.0,287.0,275.0
2026-10-30,call,8050.0,29.2,29.7,29.45
2026-10-30,put,8050.0,267.0,291.0,279.0
2026-10-30,call,8055.0,28.1,28.8,28.450000000000003
2026-10-30,put,8055.0,271.0,295.0,283.0
2026-10-30,call,8060.0,27.1,27.9,27.5
2026-10-30,put,8060.0,275.1,299.1,287.1
2026-10-30,call,8065.0,26.2,27.0,26.6
2026-10-30,put,8065.0,279.1,303.1,291.1
2026-10-30,call,8070.0,25.3,26.1,25.700000000000003
2026-10-30,put,8070.0,283.3,307.3,295.3
2026-10-30,call,8075.0,24.6,25.1,24.85
2026-10-30,put,8075.0,287.4,311.4,299.4
2026-10-30,call,8080.0,23.6,24.3,23.950000000000003
2026-10-30,put,8080.0,291.5,315.5,303.5
2026-10-30,call,8085.0,22.8,23.5,23.15
2026-10-30,put,8085.0,295.7,319.7,307.7
2026-10-30,call,8090.0,22.0,22.7,22.35
2026-10-30,put,8090.0,299.9,323.9,311.9
2026-10-30,call,8095.0,21.2,22.0,21.6
2026-10-30,put,8095.0,304.1,328.1,316.1
2026-10-30,call,8100.0,20.7,21.1,20.9
2026-10-30,put,8100.0,308.4,332.4,320.4
2026-10-30,call,8105.0,19.8,20.5,20.15
2026-10-30,put,8105.0,312.8,336.8,324.8
2026-10-30,call,8110.0,19.1,19.8,19.450000000000003
2026-10-30,put,8110.0,317.0,341.0,329.0
2026-10-30,call,8115.0,18.4,19.1,18.75
2026-10-30,put,8115.0,321.2,345.2,333.2
2026-10-30,call,8120.0,17.8,18.5,18.15
2026-10-30,put,8120.0,325.6,349.6,337.6
2026-10-30,call,8125.0,17.3,17.7,17.5
2026-10-30,put,8125.0,330.0,354.0,342.0
2026-10-30,call,8130.0,16.5,17.2,16.85
2026-10-30,put,8130.0,334.5,358.5,346.5
2026-10-30,call,8135.0,16.0,16.6,16.3
2026-10-30,put,8135.0,338.6,362.6,350.6
2026-10-30,call,8140.0,15.4,16.1,15.75
2026-10-30,put,8140.0,343.2,367.2,355.2
2026-10-30,call,8145.0,14.8,15.5,15.15
2026-10-30,put,8145.0,347.6,371.6,359.6
2026-10-30,call,8150.0,14.4,14.8,14.600000000000001
2026-10-30,put,8150.0,352.1,376.1,364.1
2026-10-30,call,8155.0,13.8,14.4,14.100000000000001
2026-10-30,put,8155.0,356.6,380.6,368.6
2026-10-30,call,8160.0,13.3,13.9,13.600000000000001
2026-10-30,put,8160.0,361.1,385.1,373.1
2026-10-30,call,8165.0,12.8,13.5,13.15
2026-10-30,put,8165.0,365.5,389.5,377.5
2026-10-30,call,8170.0,12.5,12.9,12.7
2026-10-30,put,8170.0,370.0,394.0,382.0
2026-10-30,call,8175.0,11.9,12.5,12.2
2026-10-30,put,8175.0,374.7,398.7,386.7
2026-10-30,call,8180.0,11.5,12.1,11.8
2026-10-30,put,8180.0,379.2,403.2,391.2
2026-10-30,call,8185.0,11.1,11.7,11.399999999999999
2026-10-30,put,8185.0,383.7,407.7,395.7
2026-10-30,call,8190.0,10.7,11.3,11.0
2026-10-30,put,8190.0,388.5,412.5,400.5
2026-10-30,call,8195.0,10.3,10.9,10.600000000000001
2026-10-30,put,8195.0,393.1,417.1,405.1
2026-10-30,call,8200.0,10.1,10.4,10.25
2026-10-30,put,8200.0,397.5,421.5,409.5
2026-10-30,call,8205.0,9.6,10.2,9.899999999999999
2026-10-30,put,8205.0,402.1,426.1,414.1
2026-10-30,call,8210.0,9.3,9.8,9.55
2026-10-30,put,8210.0,406.8,430.8,418.8
2026-10-30,call,8220.0,8.6,9.2,8.899999999999999
2026-10-30,put,8220.0,416.1,440.1,428.1
2026-10-30,call,8225.0,8.3,8.9,8.600000000000001
2026-10-30,put,8225.0,420.8,444.8,432.8
2026-10-30,call,8230.0,8.0,8.6,8.3
2026-10-30,put,8230.0,425.6,449.6,437.6
2026-10-30,call,8240.0,7.5,8.0,7.75
2026-10-30,put,8240.0,434.9,458.9,446.9
2026-10-30,call,8250.0,7.1,7.4,7.25
2026-10-30,put,8250.0,444.5,468.5,456.5
2026-10-30,call,8260.0,6.5,7.0,6.75
2026-10-30,put,8260.0,453.9,477.9,465.9
2026-10-30,call,8270.0,6.1,6.6,6.35
2026-10-30,put,8270.0,463.5,487.5,475.5
2026-10-30,call,8275.0,5.9,6.4,6.15
2026-10-30,put,8275.0,468.2,492.2,480.2
2026-10-30,call,8280.0,5.7,6.2,5.95
2026-10-30,put,8280.0,473.0,497.0,485.0
2026-10-30,call,8290.0,5.3,5.8,5.55
2026-10-30,put,8290.0,482.5,506.5,494.5
2026-10-30,call,8300.0,5.1,5.4,5.25
2026-10-30,put,8300.0,492.2,516.2,504.20000000000005
2026-10-30,call,8310.0,4.7,5.2,4.95
2026-10-30,put,8310.0,501.8,525.8,513.8
2026-10-30,call,8320.0,4.4,4.9,4.65
2026-10-30,put,8320.0,511.5,535.5,523.5
2026-10-30,call,8325.0,4.3,4.8,4.55
2026-10-30,put,8325.0,516.4,540.4,528.4
2026-10-30,call,8330.0,4.2,4.6,4.4
2026-10-30,put,8330.0,521.3,545.3,533.3
2026-10-30,call,8340.0,3.9,4.4,4.15
2026-10-30,put,8340.0,530.9,554.9,542.9
2026-10-30,call,8350.0,3.8,4.1,3.9499999999999997
2026-10-30,put,8350.0,540.8,564.8,552.8
2026-10-30,call,8360.0,3.5,4.0,3.75
2026-10-30,put,8360.0,550.7,574.7,562.7
2026-10-30,call,8370.0,3.3,3.8,3.55
2026-10-30,put,8370.0,560.2,584.2,572.2
2026-10-30,call,8375.0,3.2,3.7,3.45
2026-10-30,put,8375.0,565.3,589.3,577.3
2026-10-30,call,8380.0,3.2,3.6,3.4000000000000004
2026-10-30,put,8380.0,570.2,594.2,582.2
2026-10-30,call,8390.0,3.0,3.4,3.2
2026-10-30,put,8390.0,580.0,604.0,592.0
2026-10-30,call,8400.0,2.95,3.2,3.075
2026-10-30,put,8400.0,589.6,613.6,601.6
2026-10-30,call,8410.0,2.8,3.0,2.9
2026-10-30,put,8410.0,599.4,623.4,611.4
2026-10-30,call,8420.0,2.6,2.95,2.7750000000000004
2026-10-30,put,8420.0,609.3,633.3,621.3
2026-10-30,call,8425.0,2.55,2.85,2.7
2026-10-30,put,8425.0,614.2,638.2,626.2
2026-10-30,call,8430.0,2.5,2.8,2.65
2026-10-30,put,8430.0,619.1,643.1,631.1
2026-10-30,call,8440.0,2.35,2.7,2.5250000000000004
2026-10-30,put,8440.0,629.2,653.2,641.2
2026-10-30,call,8450.0,2.3,2.5,2.4
2026-10-30,put,8450.0,638.8,662.8,650.8
2026-10-30,call,8460.0,2.15,2.45,2.3
2026-10-30,put,8460.0,648.7,672.7,660.7
2026-10-30,call,8470.0,2.05,2.35,2.2
2026-10-30,put,8470.0,658.5,682.5,670.5
2026-10-30,call,8475.0,2.0,2.3,2.15
2026-10-30,put,8475.0,663.4,687.4,675.4
2026-10-30,call,8480.0,1.95,2.25,2.1
2026-10-30,put,8480.0,668.4,692.4,680.4
2026-10-30,call,8490.0,1.9,2.1,2.0
2026-10-30,put,8490.0,678.2,702.2,690.2
2026-10-30,call,8500.0,1.8,2.05,1.9249999999999998
2026-10-30,put,8500.0,688.0,712.0,700.0
2026-10-30,call,8510.0,1.7,2.0,1.85
2026-10-30,put,8510.0,697.9,721.9,709.9
2026-10-30,call,8520.0,1.6,1.95,1.775
2026-10-30,put,8520.0,707.8,731.8,719.8
2026-10-30,call,8525.0,1.6,1.9,1.75
2026-10-30,put,8525.0,712.7,736.7,724.7
2026-10-30,call,8530.0,1.55,1.85,1.7000000000000002
2026-10-30,put,8530.0,717.7,741.7,729.7
2026-10-30,call,8540.0,1.55,1.7,1.625
2026-10-30,put,8540.0,727.6,751.6,739.6
2026-10-30,call,8550.0,1.45,1.65,1.5499999999999998
2026-10-30,put,8550.0,737.5,761.5,749.5
2026-10-30,call,8560.0,1.4,1.6,1.5
2026-10-30,put,8560.0,747.3,771.3,759.3
2026-10-30,call,8570.0,1.35,1.55,1.4500000000000002
2026-10-30,put,8570.0,757.3,781.3,769.3
2026-10-30,call,8575.0,1.3,1.5,1.4
2026-10-30,put,8575.0,762.4,786.4,774.4
2026-10-30,call,8580.0,1.2,1.55,1.375
2026-10-30,put,8580.0,767.1,791.1,779.1
2026-10-30,call,8600.0,1.2,1.4,1.2999999999999998
2026-10-30,put,8600.0,786.9,810.9,798.9
2026-10-30,call,8625.0,1.0,1.3,1.15
2026-10-30,put,8625.0,811.7,835.7,823.7
2026-10-30,call,8650.0,0.85,1.2,1.025
2026-10-30,put,8650.0,836.7,860.7,848.7
2026-10-30,call,8700.0,0.7,1.0,0.85
2026-10-30,put,8700.0,886.0,910.0,898.0
2026-10-30,call,8800.0,0.4,0.7,0.55
2026-10-30,put,8800.0,985.3,1009.3,997.3
2026-10-30,call,8900.0,0.25,0.5,0.375
2026-10-30,put,8900.0,1084.8,1108.7,1096.75
2026-10-30,call,9000.0,0.15,0.4,0.275
2026-10-30,put,9000.0,1184.2,1208.2,1196.2
2026-10-30,call,9100.0,0.1,0.35,0.22499999999999998
2026-10-30,put,9100.0,1283.7,1307.7,1295.7
2026-10-30,call,9200.0,0.05,0.3,0.175
2026-10-30,put,9200.0,1383.2,1407.2,1395.2
2026-10-30,call,9400.0,0.05,0.15,0.1
2026-10-30,put,9400.0,1582.2,1606.2,1594.2
2026-10-30,put,9600.0,1781.2,1805.2,1793.2
2026-10-30,put,9800.0,1980.4,2004.4,1992.4
2026-10-30,put,10000.0,2179.5,2203.5,2191.5
2026-11-03,call,3200.0,4566.6,4590.6,4578.6
2026-11-03,call,3400.0,4367.6,4391.6,4379.6
2026-11-03,put,3400.0,0.05,0.3,0.175
2026-11-03,call,3600.0,4168.7,4192.7,4180.7
2026-11-03,put,3600.0,0.1,0.35,0.22499999999999998
2026-11-03,call,3800.0,3969.6,3993.6,3981.6
2026-11-03,put,3800.0,0.15,0.4,0.275
2026-11-03,call,4000.0,3770.6,3794.6,3782.6
2026-11-03,put,4000.0,0.2,0.45,0.325
2026-11-03,call,4200.0,3571.7,3595.7,3583.7
2026-11-03,put,4200.0,0.25,0.55,0.4
2026-11-03,call,4400.0,3372.6,3396.6,3384.6
2026-11-03,put,4400.0,0.4,0.65,0.525
2026-11-03,call,4600.0,3173.7,3197.7,3185.7
2026-11-03,put,4600.0,0.55,0.85,0.7
2026-11-03,call,4800.0,2975.1,2999.1,2987.1
2026-11-03,put,4800.0,0.7,1.0,0.85
2026-11-03,call,5000.0,2776.2,2800.2,2788.2
2026-11-03,put,5000.0,0.95,1.25,1.1
2026-11-03,call,5200.0,2577.6,2601.6,2589.6
2026-11-03,put,5200.0,1.25,1.6,1.425
2026-11-03,call,5400.0,2378.9,2402.9,2390.9
2026-11-03,put,5400.0,1.6,2.0,1.8
2026-11-03,call,5600.0,2180.2,2204.2,2192.2
2026-11-03,put,5600.0,2.05,2.45,2.25
2026-11-03,call,5800.0,1981.8,2005.8,1993.8
2026-11-03,put,5800.0,2.65,3.1,2.875
2026-11-03,call,6000.0,1783.6,1807.6,1795.6
2026-11-03,put,6000.0,3.4,3.8,3.5999999999999996
2026-11-03,call,6200.0,1585.3,1609.3,1597.3
2026-11-03,put,6200.0,4.3,4.8,4.55
2026-11-03,call,6300.0,1486.6,1510.6,1498.6
2026-11-03,put,6300.0,5.0,5.4,5.2
2026-11-03,call,6400.0,1387.8,1411.8,1399.8
2026-11-03,put,6400.0,5.5,6.1,5.8
2026-11-03,call,6500.0,1289.1,1313.1,1301.1
2026-11-03,put,6500.0,6.5,6.8,6.65
2026-11-03,call,6600.0,1190.5,1214.5,1202.5
2026-11-03,put,6600.0,7.3,7.9,7.6
2026-11-03,call,6700.0,1092.2,1116.2,1104.2
2026-11-03,put,6700.0,8.4,9.1,8.75
2026-11-03,call,6725.0,1067.7,1091.7,1079.7
2026-11-03,put,6725.0,8.8,9.4,9.100000000000001
2026-11-03,call,6750.0,1043.1,1067.1,1055.1
2026-11-03,put,6750.0,9.1,9.8,9.45
2026-11-03,call,6775.0,1018.7,1042.7,1030.7
2026-11-03,put,6775.0,9.5,10.2,9.85
2026-11-03,call,6800.0,994.2,1018.2,1006.2
2026-11-03,put,6800.0,9.9,10.6,10.25
2026-11-03,call,6825.0,969.8,993.8,981.8
2026-11-03,put,6825.0,10.3,11.0,10.65
2026-11-03,call,6850.0,945.3,969.3,957.3
2026-11-03,put,6850.0,10.7,11.5,11.1
2026-11-03,call,6875.0,921.0,945.0,933.0
2026-11-03,put,6875.0,11.2,12.0,11.6
2026-11-03,call,6900.0,896.5,920.5,908.5
2026-11-03,put,6900.0,11.7,12.5,12.1
2026-11-03,call,6925.0,872.2,896.2,884.2
2026-11-03,put,6925.0,12.2,13.0,12.6
2026-11-03,call,6950.0,847.9,871.9,859.9
2026-11-03,put,6950.0,12.8,13.6,13.2
2026-11-03,call,6975.0,823.7,847.7,835.7
2026-11-03,put,6975.0,13.4,14.2,13.8
2026-11-03,call,7000.0,799.5,823.5,811.5
2026-11-03,put,7000.0,14.0,14.9,14.45
2026-11-03,call,7025.0,775.1,799.1,787.1
2026-11-03,put,7025.0,14.7,15.6,15.149999999999999
2026-11-03,call,7050.0,751.1,775.1,763.1
2026-11-03,put,7050.0,15.5,16.3,15.9
2026-11-03,call,7075.0,726.9,750.9,738.9
2026-11-03,put,7075.0,16.3,17.1,16.700000000000003
2026-11-03,call,7100.0,703.1,727.1,715.1
2026-11-03,put,7100.0,17.1,18.0,17.55
2026-11-03,call,7125.0,679.1,703.1,691.1
2026-11-03,put,7125.0,18.0,19.0,18.5
2026-11-03,call,7150.0,655.3,679.3,667.3
2026-11-03,put,7150.0,19.0,20.0,19.5
2026-11-03,call,7175.0,631.4,655.4,643.4
2026-11-03,put,7175.0,20.1,21.1,20.6
2026-11-03,call,7200.0,607.8,631.8,619.8
2026-11-03,put,7200.0,21.3,22.2,21.75
2026-11-03,call,7225.0,584.2,608.2,596.2
2026-11-03,put,7225.0,22.5,23.5,23.0
2026-11-03,call,7250.0,560.8,584.8,572.8
2026-11-03,put,7250.0,23.9,24.9,24.4
2026-11-03,call,7275.0,537.4,561.4,549.4
2026-11-03,put,7275.0,25.4,26.4,25.9
2026-11-03,call,7300.0,514.2,538.2,526.2
2026-11-03,put,7300.0,27.3,27.7,27.5
2026-11-03,call,7325.0,491.1,515.1,503.1
2026-11-03,put,7325.0,28.7,29.8,29.25
2026-11-03,call,7350.0,468.2,492.2,480.2
2026-11-03,put,7350.0,30.6,31.8,31.200000000000003
2026-11-03,call,7375.0,445.4,469.4,457.4
2026-11-03,put,7375.0,32.8,34.0,33.4
2026-11-03,call,7400.0,422.8,446.8,434.8
2026-11-03,put,7400.0,35.0,36.3,35.65
2026-11-03,call,7425.0,400.5,424.5,412.5
2026-11-03,put,7425.0,37.6,38.8,38.2
2026-11-03,call,7450.0,378.3,402.3,390.3
2026-11-03,put,7450.0,40.7,41.2,40.95
2026-11-03,call,7475.0,356.7,380.7,368.7
2026-11-03,put,7475.0,43.3,44.7,44.0
2026-11-03,call,7500.0,335.2,359.2,347.2
2026-11-03,put,7500.0,46.5,48.0,47.25
2026-11-03,call,7525.0,314.0,338.0,326.0
2026-11-03,put,7525.0,50.3,51.7,51.0
2026-11-03,call,7550.0,293.2,317.2,305.2
2026-11-03,put,7550.0,54.2,55.7,54.95
2026-11-03,call,7575.0,272.9,296.9,284.9
2026-11-03,put,7575.0,58.6,60.2,59.400000000000006
2026-11-03,call,7600.0,252.9,276.9,264.9
2026-11-03,put,7600.0,64.0,64.6,64.3
2026-11-03,call,7625.0,235.6,259.5,247.55
2026-11-03,put,7625.0,68.8,70.5,69.65
2026-11-03,call,7650.0,227.4,229.5,228.45
2026-11-03,put,7650.0,75.3,75.9,75.6
2026-11-03,call,7675.0,209.0,211.2,210.1
2026-11-03,put,7675.0,81.8,82.4,82.1
2026-11-03,call,7700.0,191.2,193.5,192.35
2026-11-03,put,7700.0,89.0,89.6,89.3
2026-11-03,call,7725.0,174.1,176.5,175.3
2026-11-03,put,7725.0,96.3,97.9,97.1
2026-11-03,call,7750.0,157.8,160.2,159.0
2026-11-03,put,7750.0,105.4,106.1,105.75
2026-11-03,call,7775.0,143.0,144.0,143.5
2026-11-03,put,7775.0,114.8,115.5,115.15
2026-11-03,call,7800.0,128.5,129.3,128.9
2026-11-03,put,7800.0,125.0,126.3,125.65
2026-11-03,call,7825.0,114.0,116.5,115.25
2026-11-03,put,7825.0,135.7,137.4,136.55
2026-11-03,call,7850.0,101.5,103.2,102.35
2026-11-03,put,7850.0,147.6,149.5,148.55
2026-11-03,call,7875.0,89.6,91.3,90.44999999999999
2026-11-03,put,7875.0,160.7,162.5,161.6
2026-11-03,call,7900.0,78.7,80.4,79.55000000000001
2026-11-03,put,7900.0,174.7,176.5,175.6
2026-11-03,call,7925.0,68.8,70.5,69.65
2026-11-03,put,7925.0,189.5,191.7,190.6
2026-11-03,call,7950.0,60.4,61.0,60.7
2026-11-03,put,7950.0,205.5,207.5,206.5
2026-11-03,call,7975.0,51.8,53.3,52.55
2026-11-03,put,7975.0,213.5,237.5,225.5
2026-11-03,call,8000.0,45.0,45.6,45.3
2026-11-03,put,8000.0,231.1,255.1,243.1
2026-11-03,call,8025.0,38.2,39.8,39.0
2026-11-03,put,8025.0,249.6,273.5,261.55
2026-11-03,call,8050.0,32.9,33.5,33.2
2026-11-03,put,8050.0,268.8,292.8,280.8
2026-11-03,call,8075.0,27.7,29.0,28.35
2026-11-03,put,8075.0,288.8,312.8,300.8
2026-11-03,call,8100.0,23.7,24.2,23.95
2026-11-03,put,8100.0,309.5,333.5,321.5
2026-11-03,call,8200.0,11.9,12.3,12.100000000000001
2026-11-03,put,8200.0,397.4,421.4,409.4
2026-11-03,call,8300.0,6.0,6.8,6.4
2026-11-03,put,8300.0,491.2,515.2,503.20000000000005
2026-11-03,call,8400.0,3.3,3.9,3.5999999999999996
2026-11-03,put,8400.0,588.1,612.1,600.1
2026-11-03,call,8500.0,2.15,2.35,2.25
2026-11-03,put,8500.0,686.5,710.5,698.5
2026-11-03,call,8600.0,1.3,1.7,1.5
2026-11-03,put,8600.0,785.1,809.1,797.1
2026-11-03,call,8800.0,0.45,0.85,0.65
2026-11-03,put,8800.0,983.3,1007.3,995.3
2026-11-03,call,9000.0,0.15,0.45,0.3
2026-11-03,put,9000.0,1181.9,1205.9,1193.9
2026-11-03,call,9200.0,0.05,0.35,0.19999999999999998
2026-11-03,put,9200.0,1380.9,1404.9,1392.9
2026-11-03,call,9400.0,0.05,0.25,0.15
2026-11-03,put,9400.0,1580.0,1604.0,1592.0
2026-11-03,put,9600.0,1778.9,1802.9,1790.9
2026-11-03,put,9800.0,1977.8,2001.8,1989.8
2026-11-03,put,10000.0,2176.9,2200.9,2188.9
2026-11-04,call,3200.0,4566.8,4590.8,4578.8
2026-11-04,put,3200.0,0.05,0.25,0.15
2026-11-04,call,3400.0,4368.0,4392.0,4380.0
2026-11-04,put,3400.0,0.05,0.3,0.175
2026-11-04,call,3600.0,4169.0,4193.0,4181.0
2026-11-04,put,3600.0,0.1,0.35,0.22499999999999998
2026-11-04,call,3800.0,3970.1,3994.1,3982.1
2026-11-04,put,3800.0,0.2,0.4,0.30000000000000004
2026-11-04,call,4000.0,3771.1,3795.1,3783.1
2026-11-04,put,4000.0,0.25,0.5,0.375
2026-11-04,call,4200.0,3572.1,3596.1,3584.1
2026-11-04,put,4200.0,0.3,0.6,0.44999999999999996
2026-11-04,call,4400.0,3373.3,3397.3,3385.3
2026-11-04,put,4400.0,0.45,0.75,0.6
2026-11-04,call,4600.0,3174.5,3198.5,3186.5
2026-11-04,put,4600.0,0.6,0.9,0.75
2026-11-04,call,4800.0,2975.6,2999.6,2987.6
2026-11-04,put,4800.0,0.8,1.1,0.9500000000000001
2026-11-04,call,5000.0,2776.8,2800.8,2788.8
2026-11-04,put,5000.0,1.05,1.4,1.225
2026-11-04,call,5200.0,2578.1,2602.1,2590.1
2026-11-04,put,5200.0,1.35,1.7,1.525
2026-11-04,call,5400.0,2379.4,2403.4,2391.4
2026-11-04,put,5400.0,1.8,2.15,1.975
2026-11-04,call,5600.0,2180.9,2204.9,2192.9
2026-11-04,put,5600.0,2.25,2.65,2.45
2026-11-04,call,5800.0,1982.7,2006.7,1994.7
2026-11-04,put,5800.0,2.9,3.3,3.0999999999999996
2026-11-04,call,6000.0,1784.3,1808.3,1796.3
2026-11-04,put,6000.0,3.7,4.0,3.85
2026-11-04,call,6200.0,1586.5,1610.5,1598.5
2026-11-04,put,6200.0,4.7,5.2,4.95
2026-11-04,call,6300.0,1487.7,1511.7,1499.7
2026-11-04,put,6300.0,5.3,5.8,5.55
2026-11-04,call,6400.0,1388.9,1412.9,1400.9
2026-11-04,put,6400.0,6.0,6.6,6.3
2026-11-04,call,6500.0,1290.3,1314.3,1302.3
2026-11-04,put,6500.0,6.9,7.5,7.2
2026-11-04,call,6600.0,1191.9,1215.9,1203.9
2026-11-04,put,6600.0,7.9,8.6,8.25
2026-11-04,call,6700.0,1093.8,1117.8,1105.8
2026-11-04,put,6700.0,9.2,9.9,9.55
2026-11-04,call,6725.0,1069.2,1093.2,1081.2
2026-11-04,put,6725.0,9.6,10.2,9.899999999999999
2026-11-04,call,6750.0,1044.8,1068.8,1056.8
2026-11-04,put,6750.0,9.9,10.6,10.25
2026-11-04,call,6775.0,1020.2,1044.2,1032.2
2026-11-04,put,6775.0,10.3,11.0,10.65
2026-11-04,call,6800.0,995.8,1019.8,1007.8
2026-11-04,put,6800.0,10.8,11.5,11.15
2026-11-04,call,6825.0,971.3,995.3,983.3
2026-11-04,put,6825.0,11.2,11.9,11.55
2026-11-04,call,6850.0,947.0,971.0,959.0
2026-11-04,put,6850.0,11.7,12.4,12.05
2026-11-04,call,6875.0,922.7,946.7,934.7
2026-11-04,put,6875.0,12.2,13.0,12.6
2026-11-04,call,6900.0,898.3,922.3,910.3
2026-11-04,put,6900.0,12.7,13.5,13.1
2026-11-04,call,6925.0,874.1,898.1,886.1
2026-11-04,put,6925.0,13.3,14.1,13.7
2026-11-04,call,6950.0,849.7,873.7,861.7
2026-11-04,put,6950.0,13.9,14.7,14.3
2026-11-04,call,6975.0,825.4,849.4,837.4
2026-11-04,put,6975.0,14.6,15.4,15.0
2026-11-04,call,7000.0,801.4,825.4,813.4
2026-11-04,put,7000.0,15.3,16.1,15.700000000000001
2026-11-04,call,7025.0,777.3,801.3,789.3
2026-11-04,put,7025.0,16.0,16.8,16.4
2026-11-04,call,7050.0,753.1,777.1,765.1
2026-11-04,put,7050.0,16.8,17.7,17.25
2026-11-04,call,7075.0,729.1,753.1,741.1
2026-11-04,put,7075.0,17.7,18.5,18.1
2026-11-04,call,7100.0,705.2,729.2,717.2
2026-11-04,put,7100.0,18.6,19.5,19.05
2026-11-04,call,7125.0,681.3,705.3,693.3
2026-11-04,put,7125.0,19.5,20.5,20.0
2026-11-04,call,7150.0,657.6,681.6,669.6
2026-11-04,put,7150.0,20.6,21.5,21.05
2026-11-04,call,7175.0,633.9,657.9,645.9
2026-11-04,put,7175.0,21.7,22.7,22.2
2026-11-04,call,7200.0,610.1,634.1,622.1
2026-11-04,put,7200.0,23.0,24.0,23.5
2026-11-04,call,7225.0,586.8,610.8,598.8
2026-11-04,put,7225.0,24.3,25.3,24.8
2026-11-04,call,7250.0,563.3,587.3,575.3
2026-11-04,put,7250.0,25.8,26.8,26.3
2026-11-04,call,7275.0,540.1,564.1,552.1
2026-11-04,put,7275.0,27.3,28.4,27.85
2026-11-04,call,7300.0,517.0,541.0,529.0
2026-11-04,put,7300.0,29.0,30.1,29.55
2026-11-04,call,7325.0,494.0,518.0,506.0
2026-11-04,put,7325.0,30.9,32.0,31.45
2026-11-04,call,7350.0,471.1,495.1,483.1
2026-11-04,put,7350.0,32.9,34.0,33.45
2026-11-04,call,7375.0,448.5,472.5,460.5
2026-11-04,put,7375.0,35.1,36.3,35.7
2026-11-04,call,7400.0,426.1,450.1,438.1
2026-11-04,put,7400.0,37.7,38.2,37.95
2026-11-04,call,7425.0,403.8,427.8,415.8
2026-11-04,put,7425.0,40.1,41.4,40.75
2026-11-04,call,7450.0,381.8,405.8,393.8
2026-11-04,put,7450.0,43.0,44.3,43.65
2026-11-04,call,7475.0,360.2,384.2,372.2
2026-11-04,put,7475.0,46.0,47.5,46.75
2026-11-04,call,7500.0,338.7,362.7,350.7
2026-11-04,put,7500.0,49.8,50.4,50.099999999999994
2026-11-04,call,7525.0,317.7,341.7,329.7
2026-11-04,put,7525.0,53.2,54.7,53.95
2026-11-04,call,7550.0,296.9,320.9,308.9
2026-11-04,put,7550.0,57.5,58.9,58.2
2026-11-04,call,7575.0,276.7,300.7,288.7
2026-11-04,put,7575.0,61.9,63.5,62.7
2026-11-04,call,7600.0,256.8,280.8,268.8
2026-11-04,put,7600.0,67.2,67.9,67.55000000000001
2026-11-04,call,7625.0,244.2,258.7,251.45
2026-11-04,put,7625.0,72.4,74.0,73.2
2026-11-04,call,7650.0,225.0,240.2,232.6
2026-11-04,put,7650.0,78.6,79.4,79.0
2026-11-04,call,7675.0,206.3,222.3,214.3
2026-11-04,put,7675.0,85.2,86.0,85.6
2026-11-04,call,7700.0,188.4,204.9,196.65
2026-11-04,put,7700.0,92.5,93.2,92.85
2026-11-04,call,7725.0,171.1,188.2,179.64999999999998
2026-11-04,put,7725.0,100.1,101.7,100.9
2026-11-04,call,7750.0,154.7,172.0,163.35
2026-11-04,put,7750.0,108.6,110.4,109.5
2026-11-04,call,7775.0,139.1,156.7,147.89999999999998
2026-11-04,put,7775.0,118.0,119.9,118.95
2026-11-04,call,7800.0,132.8,133.8,133.3
2026-11-04,put,7800.0,128.3,130.0,129.15
2026-11-04,call,7825.0,110.6,127.4,119.0
2026-11-04,put,7825.0,139.3,141.1,140.2
2026-11-04,call,7850.0,106.0,107.7,106.85
2026-11-04,put,7850.0,151.3,153.1,152.2
2026-11-04,call,7875.0,94.0,95.6,94.8
2026-11-04,put,7875.0,164.2,166.0,165.1
2026-11-04,call,7900.0,83.2,84.1,83.65
2026-11-04,put,7900.0,178.1,179.9,179.0
2026-11-04,call,7925.0,72.8,74.5,73.65
2026-11-04,put,7925.0,185.4,201.4,193.4
2026-11-04,call,7950.0,64.1,64.8,64.44999999999999
2026-11-04,put,7950.0,201.6,216.8,209.2
2026-11-04,call,7975.0,55.4,56.9,56.15
2026-11-04,put,7975.0,215.9,239.9,227.9
2026-11-04,call,8000.0,48.3,49.0,48.65
2026-11-04,put,8000.0,233.4,257.4,245.39999999999998
2026-11-04,call,8025.0,41.3,42.8,42.05
2026-11-04,put,8025.0,251.6,275.6,263.6
2026-11-04,call,8050.0,35.5,36.8,36.15
2026-11-04,put,8050.0,270.5,294.5,282.5
2026-11-04,call,8075.0,30.3,31.7,31.0
2026-11-04,put,8075.0,290.4,314.4,302.4
2026-11-04,call,8100.0,26.0,26.5,26.25
2026-11-04,put,8100.0,310.7,334.7,322.7
2026-11-04,call,8125.0,21.8,23.0,22.4
2026-11-04,put,8125.0,331.7,355.7,343.7
2026-11-04,call,8150.0,18.5,19.7,19.1
2026-11-04,put,8150.0,353.3,377.3,365.3
2026-11-04,call,8175.0,15.6,16.6,16.1
2026-11-04,put,8175.0,375.2,399.2,387.2
2026-11-04,call,8200.0,13.1,14.1,13.6
2026-11-04,put,8200.0,397.8,421.8,409.8
2026-11-04,call,8300.0,6.8,7.5,7.15
2026-11-04,put,8300.0,490.9,514.9,502.9
2026-11-04,call,8400.0,3.7,4.4,4.050000000000001
2026-11-04,put,8400.0,587.5,611.5,599.5
2026-11-04,call,8500.0,2.4,2.65,2.525
2026-11-04,put,8500.0,685.6,709.6,697.6
2026-11-04,call,8600.0,1.55,1.75,1.65
2026-11-04,put,8600.0,784.3,808.3,796.3
2026-11-04,call,8800.0,0.55,0.9,0.7250000000000001
2026-11-04,put,8800.0,982.2,1006.2,994.2
2026-11-04,call,9000.0,0.15,0.5,0.325
2026-11-04,put,9000.0,1181.0,1205.0,1193.0
2026-11-04,call,9200.0,0.05,0.35,0.19999999999999998
2026-11-04,put,9200.0,1379.8,1403.8,1391.8
2026-11-04,call,9400.0,0.05,0.25,0.15
2026-11-04,put,9400.0,1578.8,1602.8,1590.8
2026-11-04,put,9600.0,1777.7,1801.7,1789.7
2026-11-04,put,9800.0,1976.9,2000.9,1988.9
2026-11-04,put,10000.0,2176.0,2200.0,2188.0
2026-11-06,call,3200.0,4568.0,4592.0,4580.0
2026-11-06,put,3200.0,0.1,0.25,0.175
2026-11-06,call,3400.0,4369.0,4393.0,4381.0
2026-11-06,put,3400.0,0.15,0.3,0.22499999999999998
2026-11-06,call,3600.0,4170.3,4194.3,4182.3
2026-11-06,put,3600.0,0.15,0.4,0.275
2026-11-06,call,3800.0,3971.5,3995.5,3983.5
2026-11-06,put,3800.0,0.2,0.45,0.325
2026-11-06,call,4000.0,3772.4,3796.4,3784.4
2026-11-06,put,4000.0,0.3,0.55,0.42500000000000004
2026-11-06,call,4200.0,3573.8,3597.8,3585.8
2026-11-06,put,4200.0,0.4,0.65,0.525
2026-11-06,call,4400.0,3375.0,3399.0,3387.0
2026-11-06,put,4400.0,0.55,0.8,0.675
2026-11-06,call,4600.0,3176.1,3200.1,3188.1
2026-11-06,put,4600.0,0.7,1.0,0.85
2026-11-06,call,4800.0,2977.3,3001.3,2989.3
2026-11-06,put,4800.0,0.95,1.25,1.1
2026-11-06,call,5000.0,2779.0,2803.0,2791.0
2026-11-06,put,5000.0,1.25,1.55,1.4
2026-11-06,call,5200.0,2580.5,2604.5,2592.5
2026-11-06,put,5200.0,1.6,1.9,1.75
2026-11-06,call,5400.0,2381.9,2405.9,2393.9
2026-11-06,put,5400.0,2.05,2.4,2.2249999999999996
2026-11-06,call,5600.0,2183.7,2207.7,2195.7
2026-11-06,put,5600.0,2.6,2.95,2.7750000000000004
2026-11-06,call,5700.0,2084.4,2108.4,2096.4
2026-11-06,put,5700.0,2.95,3.3,3.125
2026-11-06,call,5800.0,1985.4,2009.4,1997.4
2026-11-06,put,5800.0,3.3,3.7,3.5
2026-11-06,call,5900.0,1886.4,1910.4,1898.4
2026-11-06,put,5900.0,3.7,4.1,3.9
2026-11-06,call,6000.0,1787.4,1811.4,1799.4
2026-11-06,put,6000.0,4.2,4.6,4.4
2026-11-06,call,6100.0,1688.3,1712.3,1700.3
2026-11-06,put,6100.0,4.7,5.2,4.95
2026-11-06,call,6150.0,1639.0,1663.0,1651.0
2026-11-06,put,6150.0,5.0,5.5,5.25
2026-11-06,call,6200.0,1589.5,1613.5,1601.5
2026-11-06,put,6200.0,5.3,5.8,5.55
2026-11-06,call,6250.0,1540.3,1564.3,1552.3
2026-11-06,put,6250.0,5.6,6.2,5.9
2026-11-06,call,6300.0,1490.9,1514.9,1502.9
2026-11-06,put,6300.0,6.0,6.5,6.25
2026-11-06,call,6350.0,1441.6,1465.6,1453.6
2026-11-06,put,6350.0,6.4,6.9,6.65
2026-11-06,call,6400.0,1392.2,1416.2,1404.2
2026-11-06,put,6400.0,6.8,7.4,7.1
2026-11-06,call,6450.0,1343.1,1367.1,1355.1
2026-11-06,put,6450.0,7.3,7.8,7.55
2026-11-06,call,6500.0,1293.8,1317.8,1305.8
2026-11-06,put,6500.0,7.8,8.4,8.1
2026-11-06,call,6550.0,1244.7,1268.7,1256.7
2026-11-06,put,6550.0,8.3,8.9,8.600000000000001
2026-11-06,call,6600.0,1195.5,1219.5,1207.5
2026-11-06,put,6600.0,8.9,9.5,9.2
2026-11-06,call,6650.0,1146.5,1170.5,1158.5
2026-11-06,put,6650.0,9.6,10.2,9.899999999999999
2026-11-06,call,6700.0,1097.4,1121.4,1109.4
2026-11-06,put,6700.0,10.3,11.0,10.65
2026-11-06,call,6750.0,1048.7,1072.7,1060.7
2026-11-06,put,6750.0,11.1,11.8,11.45
2026-11-06,call,6800.0,999.8,1023.8,1011.8
2026-11-06,put,6800.0,12.0,12.7,12.35
2026-11-06,call,6850.0,951.1,975.1,963.1
2026-11-06,put,6850.0,13.1,13.7,13.399999999999999
2026-11-06,call,6900.0,902.5,926.5,914.5
2026-11-06,put,6900.0,14.2,14.9,14.55
2026-11-06,call,6950.0,854.1,878.1,866.1
2026-11-06,put,6950.0,15.5,16.2,15.85
2026-11-06,call,6975.0,830.0,854.0,842.0
2026-11-06,put,6975.0,16.2,16.9,16.549999999999997
2026-11-06,call,7000.0,805.9,829.9,817.9
2026-11-06,put,7000.0,16.9,17.6,17.25
2026-11-06,call,7025.0,781.7,805.7,793.7
2026-11-06,put,7025.0,17.7,18.4,18.049999999999997
2026-11-06,call,7050.0,757.9,781.9,769.9
2026-11-06,put,7050.0,18.7,19.1,18.9
2026-11-06,call,7075.0,734.0,758.0,746.0
2026-11-06,put,7075.0,19.5,20.2,19.85
2026-11-06,call,7100.0,710.1,734.1,722.1
2026-11-06,put,7100.0,20.5,21.2,20.85
2026-11-06,call,7125.0,686.3,710.3,698.3
2026-11-06,put,7125.0,21.5,22.3,21.9
2026-11-06,call,7150.0,662.6,686.6,674.6
2026-11-06,put,7150.0,22.7,23.3,23.0
2026-11-06,call,7175.0,639.1,663.1,651.1
2026-11-06,put,7175.0,23.9,24.6,24.25
2026-11-06,call,7200.0,615.5,639.5,627.5
2026-11-06,put,7200.0,25.2,25.9,25.549999999999997
2026-11-06,call,7225.0,592.1,616.1,604.1
2026-11-06,put,7225.0,26.6,27.3,26.950000000000003
2026-11-06,call,7250.0,568.9,592.9,580.9
2026-11-06,put,7250.0,28.4,28.8,28.6
2026-11-06,call,7275.0,545.7,569.7,557.7
2026-11-06,put,7275.0,29.8,30.6,30.200000000000003
2026-11-06,call,7300.0,522.5,546.5,534.5
2026-11-06,put,7300.0,31.6,32.4,32.0
2026-11-06,call,7325.0,499.8,523.8,511.79999999999995
2026-11-06,put,7325.0,33.6,34.4,34.0
2026-11-06,call,7350.0,477.1,501.1,489.1
2026-11-06,put,7350.0,35.8,36.5,36.15
2026-11-06,call,7375.0,454.5,478.5,466.5
2026-11-06,put,7375.0,38.1,38.9,38.5
2026-11-06,call,7400.0,432.2,456.2,444.2
2026-11-06,put,7400.0,40.6,41.4,41.0
2026-11-06,call,7425.0,410.1,434.1,422.1
2026-11-06,put,7425.0,43.3,44.2,43.75
2026-11-06,call,7430.0,405.8,429.8,417.8
2026-11-06,put,7430.0,43.9,44.7,44.3
2026-11-06,call,7440.0,396.9,420.9,408.9
2026-11-06,put,7440.0,45.1,45.9,45.5
2026-11-06,call,7450.0,388.3,412.3,400.3
2026-11-06,put,7450.0,46.3,47.2,46.75
2026-11-06,call,7460.0,379.5,403.5,391.5
2026-11-06,put,7460.0,47.6,48.5,48.05
2026-11-06,call,7470.0,371.0,395.0,383.0
2026-11-06,put,7470.0,48.9,49.8,49.349999999999994
2026-11-06,call,7475.0,366.8,390.8,378.8
2026-11-06,put,7475.0,49.6,50.5,50.05
2026-11-06,call,7480.0,362.5,386.5,374.5
2026-11-06,put,7480.0,50.3,51.1,50.7
2026-11-06,call,7490.0,354.0,378.0,366.0
2026-11-06,put,7490.0,51.7,52.6,52.150000000000006
2026-11-06,call,7500.0,345.5,369.5,357.5
2026-11-06,put,7500.0,53.1,54.0,53.55
2026-11-06,call,7510.0,337.0,361.0,349.0
2026-11-06,put,7510.0,54.6,55.6,55.1
2026-11-06,call,7520.0,328.6,352.6,340.6
2026-11-06,put,7520.0,56.2,57.1,56.650000000000006
2026-11-06,call,7525.0,324.5,348.5,336.5
2026-11-06,put,7525.0,57.0,58.0,57.5
2026-11-06,call,7530.0,320.4,344.4,332.4
2026-11-06,put,7530.0,57.8,58.8,58.3
2026-11-06,call,7540.0,312.2,336.2,324.2
2026-11-06,put,7540.0,59.4,60.5,59.95
2026-11-06,call,7550.0,304.0,328.0,316.0
2026-11-06,put,7550.0,61.2,62.2,61.7
2026-11-06,call,7560.0,295.9,319.9,307.9
2026-11-06,put,7560.0,63.1,64.0,63.55
2026-11-06,call,7570.0,287.8,311.8,299.8
2026-11-06,put,7570.0,64.8,65.9,65.35
2026-11-06,call,7575.0,283.8,307.8,295.8
2026-11-06,put,7575.0,65.8,66.9,66.35
2026-11-06,call,7580.0,279.8,303.8,291.8
2026-11-06,put,7580.0,66.8,67.9,67.35
2026-11-06,call,7590.0,271.8,295.8,283.8
2026-11-06,put,7590.0,68.8,69.9,69.35
2026-11-06,call,7600.0,264.1,288.1,276.1
2026-11-06,put,7600.0,71.2,71.8,71.5
2026-11-06,call,7610.0,256.3,280.3,268.3
2026-11-06,put,7610.0,73.0,74.1,73.55
2026-11-06,call,7620.0,260.2,265.0,262.6
2026-11-06,put,7620.0,75.3,76.4,75.85
2026-11-06,call,7625.0,256.4,261.2,258.79999999999995
2026-11-06,put,7625.0,76.4,77.6,77.0
2026-11-06,call,7630.0,252.5,257.4,254.95
2026-11-06,put,7630.0,77.6,78.7,78.15
2026-11-06,call,7640.0,244.9,249.9,247.4
2026-11-06,put,7640.0,80.0,81.2,80.6
2026-11-06,call,7650.0,237.4,242.5,239.95
2026-11-06,put,7650.0,82.8,83.5,83.15
2026-11-06,call,7660.0,230.0,235.2,232.6
2026-11-06,put,7660.0,85.1,86.2,85.65
2026-11-06,call,7670.0,222.7,227.9,225.3
2026-11-06,put,7670.0,87.8,88.9,88.35
2026-11-06,call,7675.0,219.1,224.3,221.7
2026-11-06,put,7675.0,89.2,90.3,89.75
2026-11-06,call,7680.0,215.5,220.7,218.1
2026-11-06,put,7680.0,90.6,91.7,91.15
2026-11-06,call,7690.0,208.4,213.7,211.05
2026-11-06,put,7690.0,93.4,94.6,94.0
2026-11-06,call,7700.0,201.4,206.8,204.10000000000002
2026-11-06,put,7700.0,96.4,97.6,97.0
2026-11-06,call,7710.0,194.4,199.9,197.15
2026-11-06,put,7710.0,99.5,100.7,100.1
2026-11-06,call,7720.0,187.7,193.2,190.45
2026-11-06,put,7720.0,102.7,103.9,103.30000000000001
2026-11-06,call,7725.0,184.3,189.9,187.10000000000002
2026-11-06,put,7725.0,104.2,105.5,104.85
2026-11-06,call,7730.0,181.0,186.6,183.8
2026-11-06,put,7730.0,106.0,107.2,106.6
2026-11-06,call,7740.0,174.4,180.1,177.25
2026-11-06,put,7740.0,109.3,110.6,109.94999999999999
2026-11-06,call,7750.0,168.0,173.6,170.8
2026-11-06,put,7750.0,112.8,114.1,113.44999999999999
2026-11-06,call,7775.0,152.4,158.2,155.3
2026-11-06,put,7775.0,122.2,123.5,122.85
2026-11-06,call,7800.0,137.6,143.5,140.55
2026-11-06,put,7800.0,132.3,133.7,133.0
2026-11-06,call,7825.0,125.4,127.4,126.4
2026-11-06,put,7825.0,143.3,144.7,144.0
2026-11-06,call,7850.0,113.1,114.4,113.75
2026-11-06,put,7850.0,155.0,156.5,155.75
2026-11-06,call,7875.0,100.9,102.2,101.55000000000001
2026-11-06,put,7875.0,167.7,169.3,168.5
2026-11-06,call,7900.0,89.7,90.9,90.30000000000001
2026-11-06,put,7900.0,181.3,183.1,182.2
2026-11-06,call,7925.0,79.4,80.5,79.95
2026-11-06,put,7925.0,193.8,199.1,196.45
2026-11-06,call,7950.0,69.8,71.0,70.4
2026-11-06,put,7950.0,209.3,214.4,211.85000000000002
2026-11-06,call,7975.0,61.2,62.3,61.75
2026-11-06,put,7975.0,225.6,230.4,228.0
2026-11-06,call,8000.0,53.5,54.5,54.0
2026-11-06,put,8000.0,235.3,259.3,247.3
2026-11-06,call,8025.0,46.4,47.4,46.9
2026-11-06,put,8025.0,253.0,277.0,265.0
2026-11-06,call,8050.0,40.3,41.0,40.65
2026-11-06,put,8050.0,271.7,295.7,283.7
2026-11-06,call,8075.0,34.5,35.5,35.0
2026-11-06,put,8075.0,291.1,315.1,303.1
2026-11-06,call,8100.0,29.6,30.6,30.1
2026-11-06,put,8100.0,311.1,335.1,323.1
2026-11-06,call,8125.0,25.4,26.2,25.799999999999997
2026-11-06,put,8125.0,331.7,355.7,343.7
2026-11-06,call,8150.0,21.8,22.2,22.0
2026-11-06,put,8150.0,352.8,376.8,364.8
2026-11-06,call,8175.0,18.4,19.2,18.799999999999997
2026-11-06,put,8175.0,374.5,398.5,386.5
2026-11-06,call,8200.0,15.6,16.4,16.0
2026-11-06,put,8200.0,396.7,420.7,408.7
2026-11-06,call,8250.0,11.3,11.9,11.600000000000001
2026-11-06,put,8250.0,442.1,466.1,454.1
2026-11-06,call,8300.0,8.2,8.8,8.5
2026-11-06,put,8300.0,488.8,512.8,500.79999999999995
2026-11-06,call,8350.0,6.0,6.6,6.3
2026-11-06,put,8350.0,536.4,560.4,548.4
2026-11-06,call,8400.0,4.7,5.0,4.85
2026-11-06,put,8400.0,584.6,608.6,596.6
2026-11-06,call,8500.0,2.9,3.1,3.0
2026-11-06,put,8500.0,682.3,706.3,694.3
2026-11-06,call,8600.0,1.75,2.2,1.975
2026-11-06,put,8600.0,780.9,804.9,792.9
2026-11-06,call,8800.0,0.7,0.95,0.825
2026-11-06,put,8800.0,978.6,1002.6,990.6
2026-11-06,call,9000.0,0.25,0.55,0.4
2026-11-06,put,9000.0,1177.1,1201.1,1189.1
2026-11-06,call,9200.0,0.1,0.35,0.22499999999999998
2026-11-06,put,9200.0,1375.9,1399.9,1387.9
2026-11-06,call,9400.0,0.05,0.25,0.15
2026-11-06,put,9400.0,1574.7,1598.7,1586.7
2026-11-06,put,9600.0,1773.6,1797.6,1785.6
2026-11-06,put,9800.0,1972.5,1996.5,1984.5
2026-11-20,call,3200.0,4568.3,4592.3,4580.3
2026-11-20,put,3200.0,0.2,0.4,0.30000000000000004
2026-11-20,call,3400.0,4369.7,4393.7,4381.7
2026-11-20,put,3400.0,0.3,0.5,0.4
2026-11-20,call,3600.0,4171.3,4195.3,4183.3
2026-11-20,put,3600.0,0.4,0.6,0.5
2026-11-20,call,3800.0,3973.0,3997.0,3985.0
2026-11-20,put,3800.0,0.5,0.7,0.6
2026-11-20,call,3900.0,3873.6,3897.6,3885.6
2026-11-20,put,3900.0,0.55,0.8,0.675
2026-11-20,call,4000.0,3774.3,3798.3,3786.3
2026-11-20,put,4000.0,0.65,0.85,0.75
2026-11-20,call,4100.0,3675.4,3699.4,3687.4
2026-11-20,put,4100.0,0.7,0.95,0.825
2026-11-20,call,4200.0,3576.1,3600.1,3588.1
2026-11-20,put,4200.0,0.8,1.05,0.925
2026-11-20,call,4300.0,3476.9,3500.9,3488.9
2026-11-20,put,4300.0,0.95,1.15,1.0499999999999998
2026-11-20,call,4400.0,3377.8,3401.8,3389.8
2026-11-20,put,4400.0,1.05,1.3,1.175
2026-11-20,call,4500.0,3278.5,3302.5,3290.5
2026-11-20,put,4500.0,1.2,1.45,1.325
2026-11-20,call,4600.0,3179.5,3203.5,3191.5
2026-11-20,put,4600.0,1.35,1.6,1.475
2026-11-20,call,4650.0,3129.9,3153.9,3141.9
2026-11-20,put,4650.0,1.45,1.7,1.575
2026-11-20,call,4700.0,3080.5,3104.5,3092.5
2026-11-20,put,4700.0,1.55,1.8,1.675
2026-11-20,call,4750.0,3030.7,3054.7,3042.7
2026-11-20,put,4750.0,1.65,1.9,1.775
2026-11-20,call,4800.0,2981.4,3005.4,2993.4
2026-11-20,put,4800.0,1.75,2.0,1.875
2026-11-20,call,4850.0,2931.8,2955.8,2943.8
2026-11-20,put,4850.0,1.85,2.1,1.975
2026-11-20,call,4900.0,2882.2,2906.2,2894.2
2026-11-20,put,4900.0,2.0,2.25,2.125
2026-11-20,call,4950.0,2832.8,2856.8,2844.8
2026-11-20,put,4950.0,2.1,2.35,2.225
2026-11-20,call,5000.0,2783.3,2807.3,2795.3
2026-11-20,put,5000.0,2.3,2.5,2.4
2026-11-20,call,5050.0,2733.8,2757.8,2745.8
2026-11-20,put,5050.0,2.35,2.65,2.5
2026-11-20,call,5100.0,2684.1,2708.1,2696.1
2026-11-20,put,5100.0,2.5,2.8,2.65
2026-11-20,call,5150.0,2634.8,2658.8,2646.8
2026-11-20,put,5150.0,2.65,2.95,2.8
2026-11-20,call,5200.0,2585.3,2609.3,2597.3
2026-11-20,put,5200.0,2.85,3.1,2.975
2026-11-20,call,5250.0,2535.9,2559.9,2547.9
2026-11-20,put,5250.0,3.0,3.3,3.15
2026-11-20,call,5300.0,2486.4,2510.4,2498.4
2026-11-20,put,5300.0,3.2,3.5,3.35
2026-11-20,call,5350.0,2437.0,2461.0,2449.0
2026-11-20,put,5350.0,3.3,3.7,3.5
2026-11-20,call,5400.0,2387.5,2411.5,2399.5
2026-11-20,put,5400.0,3.5,3.8,3.65
2026-11-20,call,5450.0,2338.0,2362.0,2350.0
2026-11-20,put,5450.0,3.7,4.1,3.9
2026-11-20,call,5500.0,2288.5,2312.4,2300.45
2026-11-20,put,5500.0,4.0,4.3,4.15
2026-11-20,call,5550.0,2239.2,2263.2,2251.2
2026-11-20,put,5550.0,4.2,4.5,4.35
2026-11-20,call,5600.0,2189.6,2213.6,2201.6
2026-11-20,put,5600.0,4.4,4.7,4.550000000000001
2026-11-20,call,5650.0,2140.4,2164.4,2152.4
2026-11-20,put,5650.0,4.7,5.0,4.85
2026-11-20,call,5700.0,2090.9,2114.9,2102.9
2026-11-20,put,5700.0,5.0,5.3,5.15
2026-11-20,call,5750.0,2041.8,2065.8,2053.8
2026-11-20,put,5750.0,5.2,5.6,5.4
2026-11-20,call,5800.0,1992.3,2016.3,2004.3
2026-11-20,put,5800.0,5.5,5.9,5.7
2026-11-20,call,5850.0,1943.0,1967.0,1955.0
2026-11-20,put,5850.0,5.9,6.2,6.050000000000001
2026-11-20,call,5900.0,1893.8,1917.8,1905.8
2026-11-20,put,5900.0,6.2,6.5,6.35
2026-11-20,call,5950.0,1844.5,1868.5,1856.5
2026-11-20,put,5950.0,6.6,6.9,6.75
2026-11-20,call,6000.0,1795.2,1819.2,1807.2
2026-11-20,put,6000.0,7.0,7.3,7.15
2026-11-20,call,6050.0,1746.0,1770.0,1758.0
2026-11-20,put,6050.0,7.4,7.7,7.550000000000001
2026-11-20,call,6100.0,1696.7,1720.7,1708.7
2026-11-20,put,6100.0,7.8,8.1,7.949999999999999
2026-11-20,call,6125.0,1672.3,1696.3,1684.3
2026-11-20,put,6125.0,8.0,8.4,8.2
2026-11-20,call,6150.0,1647.6,1671.6,1659.6
2026-11-20,put,6150.0,8.3,8.6,8.45
2026-11-20,call,6175.0,1623.0,1647.0,1635.0
2026-11-20,put,6175.0,8.5,8.9,8.7
2026-11-20,call,6200.0,1598.5,1622.5,1610.5
2026-11-20,put,6200.0,8.8,9.1,8.95
2026-11-20,call,6225.0,1573.9,1597.9,1585.9
2026-11-20,put,6225.0,9.0,9.4,9.2
2026-11-20,call,6250.0,1549.3,1573.3,1561.3
2026-11-20,put,6250.0,9.3,9.7,9.5
2026-11-20,call,6260.0,1539.6,1563.6,1551.6
2026-11-20,put,6260.0,9.4,9.8,9.600000000000001
2026-11-20,call,6270.0,1529.7,1553.7,1541.7
2026-11-20,put,6270.0,9.5,9.9,9.7
2026-11-20,call,6275.0,1524.8,1548.8,1536.8
2026-11-20,put,6275.0,9.6,10.0,9.8
2026-11-20,call,6280.0,1519.9,1543.9,1531.9
2026-11-20,put,6280.0,9.6,10.0,9.8
2026-11-20,call,6290.0,1510.1,1534.1,1522.1
2026-11-20,put,6290.0,9.7,10.1,9.899999999999999
2026-11-20,call,6300.0,1500.2,1524.2,1512.2
2026-11-20,put,6300.0,9.9,10.3,10.100000000000001
2026-11-20,call,6310.0,1490.5,1514.5,1502.5
2026-11-20,put,6310.0,10.0,10.4,10.2
2026-11-20,call,6320.0,1480.7,1504.7,1492.7
2026-11-20,put,6320.0,10.1,10.5,10.3
2026-11-20,call,6325.0,1475.8,1499.8,1487.8
2026-11-20,put,6325.0,10.2,10.6,10.399999999999999
2026-11-20,call,6330.0,1470.8,1494.8,1482.8
2026-11-20,put,6330.0,10.2,10.6,10.399999999999999
2026-11-20,call,6340.0,1461.1,1485.1,1473.1
2026-11-20,put,6340.0,10.3,10.7,10.5
2026-11-20,call,6350.0,1451.3,1475.2,1463.25
2026-11-20,put,6350.0,10.5,10.9,10.7
2026-11-20,call,6360.0,1441.3,1465.3,1453.3
2026-11-20,put,6360.0,10.6,11.0,10.8
2026-11-20,call,6370.0,1431.5,1455.5,1443.5
2026-11-20,put,6370.0,10.7,11.1,10.899999999999999
2026-11-20,call,6375.0,1426.8,1450.8,1438.8
2026-11-20,put,6375.0,10.8,11.2,11.0
2026-11-20,call,6380.0,1421.8,1445.8,1433.8
2026-11-20,put,6380.0,10.9,11.3,11.100000000000001
2026-11-20,call,6390.0,1412.1,1436.1,1424.1
2026-11-20,put,6390.0,11.0,11.4,11.2
2026-11-20,call,6400.0,1402.3,1426.3,1414.3
2026-11-20,put,6400.0,11.1,11.5,11.3
2026-11-20,call,6410.0,1392.4,1416.4,1404.4
2026-11-20,put,6410.0,11.3,11.7,11.5
2026-11-20,call,6420.0,1382.5,1406.5,1394.5
2026-11-20,put,6420.0,11.4,11.8,11.600000000000001
2026-11-20,call,6425.0,1377.9,1401.9,1389.9
2026-11-20,put,6425.0,11.5,11.9,11.7
2026-11-20,call,6430.0,1372.9,1396.9,1384.9
2026-11-20,put,6430.0,11.5,12.0,11.75
2026-11-20,call,6440.0,1363.1,1387.1,1375.1
2026-11-20,put,6440.0,11.7,12.1,11.899999999999999
2026-11-20,call,6450.0,1353.4,1377.4,1365.4
2026-11-20,put,6450.0,11.8,12.3,12.05
2026-11-20,call,6460.0,1343.7,1367.6,1355.65
2026-11-20,put,6460.0,12.0,12.4,12.2
2026-11-20,call,6470.0,1333.8,1357.8,1345.8
2026-11-20,put,6470.0,12.1,12.6,12.35
2026-11-20,call,6475.0,1328.9,1352.9,1340.9
2026-11-20,put,6475.0,12.2,12.7,12.45
2026-11-20,call,6480.0,1324.0,1348.0,1336.0
2026-11-20,put,6480.0,12.3,12.7,12.5
2026-11-20,call,6490.0,1314.3,1338.3,1326.3
2026-11-20,put,6490.0,12.4,12.9,12.65
2026-11-20,call,6500.0,1304.5,1328.5,1316.5
2026-11-20,put,6500.0,12.6,13.1,12.85
2026-11-20,call,6510.0,1294.8,1318.8,1306.8
2026-11-20,put,6510.0,12.8,13.2,13.0
2026-11-20,call,6520.0,1285.0,1309.0,1297.0
2026-11-20,put,6520.0,12.9,13.4,13.15
2026-11-20,call,6525.0,1279.9,1303.9,1291.9
2026-11-20,put,6525.0,13.0,13.5,13.25
2026-11-20,call,6530.0,1275.3,1299.3,1287.3
2026-11-20,put,6530.0,13.1,13.6,13.35
2026-11-20,call,6540.0,1265.5,1289.5,1277.5
2026-11-20,put,6540.0,13.3,13.7,13.5
2026-11-20,call,6550.0,1255.7,1279.7,1267.7
2026-11-20,put,6550.0,13.4,13.9,13.65
2026-11-20,call,6560.0,1246.0,1270.0,1258.0
2026-11-20,put,6560.0,13.6,14.1,13.85
2026-11-20,call,6570.0,1236.1,1260.1,1248.1
2026-11-20,put,6570.0,13.8,14.3,14.05
2026-11-20,call,6575.0,1231.3,1255.3,1243.3
2026-11-20,put,6575.0,13.9,14.4,14.15
2026-11-20,call,6580.0,1226.5,1250.5,1238.5
2026-11-20,put,6580.0,14.0,14.5,14.25
2026-11-20,call,6590.0,1216.7,1240.7,1228.7
2026-11-20,put,6590.0,14.2,14.7,14.45
2026-11-20,call,6600.0,1206.8,1230.8,1218.8
2026-11-20,put,6600.0,14.4,14.9,14.65
2026-11-20,call,6610.0,1197.3,1221.3,1209.3
2026-11-20,put,6610.0,14.5,15.1,14.8
2026-11-20,call,6620.0,1187.6,1211.6,1199.6
2026-11-20,put,6620.0,14.7,15.3,15.0
2026-11-20,call,6625.0,1182.5,1206.5,1194.5
2026-11-20,put,6625.0,14.8,15.4,15.100000000000001
2026-11-20,call,6630.0,1177.8,1201.8,1189.8
2026-11-20,put,6630.0,14.9,15.5,15.2
2026-11-20,call,6640.0,1168.0,1192.0,1180.0
2026-11-20,put,6640.0,15.1,15.7,15.399999999999999
2026-11-20,call,6650.0,1158.3,1182.3,1170.3
2026-11-20,put,6650.0,15.4,15.9,15.65
2026-11-20,call,6660.0,1148.6,1172.6,1160.6
2026-11-20,put,6660.0,15.6,16.1,15.850000000000001
2026-11-20,call,6670.0,1138.8,1162.8,1150.8
2026-11-20,put,6670.0,15.8,16.3,16.05
2026-11-20,call,6675.0,1134.2,1158.2,1146.2
2026-11-20,put,6675.0,15.9,16.4,16.15
2026-11-20,call,6680.0,1129.2,1153.2,1141.2
2026-11-20,put,6680.0,16.0,16.5,16.25
2026-11-20,call,6690.0,1119.5,1143.5,1131.5
2026-11-20,put,6690.0,16.2,16.8,16.5
2026-11-20,call,6700.0,1109.9,1133.9,1121.9
2026-11-20,put,6700.0,16.4,17.0,16.7
2026-11-20,call,6710.0,1100.2,1124.2,1112.2
2026-11-20,put,6710.0,16.7,17.2,16.95
2026-11-20,call,6720.0,1090.5,1114.5,1102.5
2026-11-20,put,6720.0,16.9,17.5,17.2
2026-11-20,call,6725.0,1085.5,1109.5,1097.5
2026-11-20,put,6725.0,17.0,17.6,17.3
2026-11-20,call,6730.0,1080.8,1104.8,1092.8
2026-11-20,put,6730.0,17.2,17.7,17.45
2026-11-20,call,6740.0,1071.1,1095.1,1083.1
2026-11-20,put,6740.0,17.4,18.0,17.7
2026-11-20,call,6750.0,1061.3,1085.3,1073.3
2026-11-20,put,6750.0,17.7,18.2,17.95
2026-11-20,call,6760.0,1051.8,1075.8,1063.8
2026-11-20,put,6760.0,17.9,18.5,18.2
2026-11-20,call,6770.0,1042.0,1066.0,1054.0
2026-11-20,put,6770.0,18.2,18.7,18.45
2026-11-20,call,6775.0,1037.3,1061.3,1049.3
2026-11-20,put,6775.0,18.3,18.9,18.6
2026-11-20,call,6780.0,1032.4,1056.4,1044.4
2026-11-20,put,6780.0,18.4,19.0,18.7
2026-11-20,call,6790.0,1022.8,1046.8,1034.8
2026-11-20,put,6790.0,18.7,19.3,19.0
2026-11-20,call,6800.0,1013.3,1037.3,1025.3
2026-11-20,put,6800.0,19.0,19.6,19.3
2026-11-20,call,6810.0,1003.5,1027.5,1015.5
2026-11-20,put,6810.0,19.3,19.8,19.55
2026-11-20,call,6820.0,994.0,1018.0,1006.0
2026-11-20,put,6820.0,19.6,20.1,19.85
2026-11-20,call,6825.0,989.0,1013.0,1001.0
2026-11-20,put,6825.0,19.7,20.3,20.0
2026-11-20,call,6830.0,984.3,1008.3,996.3
2026-11-20,put,6830.0,19.9,20.4,20.15
2026-11-20,call,6840.0,974.7,998.7,986.7
2026-11-20,put,6840.0,20.2,20.7,20.45
2026-11-20,call,6850.0,965.0,989.0,977.0
2026-11-20,put,6850.0,20.5,21.0,20.75
2026-11-20,call,6860.0,955.4,979.4,967.4
2026-11-20,put,6860.0,20.8,21.4,21.1
2026-11-20,call,6870.0,945.9,969.9,957.9
2026-11-20,put,6870.0,21.1,21.7,21.4
2026-11-20,call,6875.0,941.1,965.1,953.1
2026-11-20,put,6875.0,21.3,21.9,21.6
2026-11-20,call,6880.0,936.2,960.2,948.2
2026-11-20,put,6880.0,21.4,22.0,21.7
2026-11-20,call,6890.0,926.6,950.6,938.6
2026-11-20,put,6890.0,21.8,22.4,22.1
2026-11-20,call,6900.0,917.0,941.0,929.0
2026-11-20,put,6900.0,22.1,22.7,22.4
2026-11-20,call,6910.0,907.4,931.4,919.4
2026-11-20,put,6910.0,22.5,23.1,22.8
2026-11-20,call,6920.0,897.9,921.9,909.9
2026-11-20,put,6920.0,22.8,23.4,23.1
2026-11-20,call,6925.0,893.2,917.2,905.2
2026-11-20,put,6925.0,23.0,23.6,23.3
2026-11-20,call,6930.0,888.4,912.4,900.4
2026-11-20,put,6930.0,23.2,23.8,23.5
2026-11-20,call,6940.0,878.8,902.8,890.8
2026-11-20,put,6940.0,23.6,24.2,23.9
2026-11-20,call,6950.0,869.2,893.2,881.2
2026-11-20,put,6950.0,24.0,24.6,24.3
2026-11-20,call,6960.0,859.8,883.8,871.8
2026-11-20,put,6960.0,24.3,24.9,24.6
2026-11-20,call,6970.0,850.2,874.2,862.2
2026-11-20,put,6970.0,24.7,25.3,25.0
2026-11-20,call,6975.0,845.5,869.5,857.5
2026-11-20,put,6975.0,24.9,25.5,25.2
2026-11-20,call,6980.0,840.7,864.7,852.7
2026-11-20,put,6980.0,25.1,25.8,25.450000000000003
2026-11-20,call,6990.0,831.2,855.2,843.2
2026-11-20,put,6990.0,25.6,26.2,25.9
2026-11-20,call,7000.0,821.7,845.7,833.7
2026-11-20,put,7000.0,26.0,26.5,26.25
2026-11-20,call,7010.0,812.2,836.2,824.2
2026-11-20,put,7010.0,26.4,27.1,26.75
2026-11-20,call,7015.0,807.5,831.5,819.5
2026-11-20,put,7015.0,26.7,27.3,27.0
2026-11-20,call,7020.0,802.8,826.8,814.8
2026-11-20,put,7020.0,26.9,27.5,27.2
2026-11-20,call,7025.0,798.1,822.1,810.1
2026-11-20,put,7025.0,27.1,27.7,27.4
2026-11-20,call,7030.0,793.3,817.3,805.3
2026-11-20,put,7030.0,27.4,28.0,27.7
2026-11-20,call,7035.0,788.5,812.5,800.5
2026-11-20,put,7035.0,27.6,28.2,27.9
2026-11-20,call,7040.0,783.9,807.9,795.9
2026-11-20,put,7040.0,27.8,28.5,28.15
2026-11-20,call,7045.0,779.1,803.1,791.1
2026-11-20,put,7045.0,28.1,28.7,28.4
2026-11-20,call,7050.0,774.4,798.4,786.4
2026-11-20,put,7050.0,28.3,28.9,28.6
2026-11-20,call,7055.0,769.8,793.8,781.8
2026-11-20,put,7055.0,28.6,29.2,28.9
2026-11-20,call,7060.0,765.0,789.0,777.0
2026-11-20,put,7060.0,28.8,29.5,29.15
2026-11-20,call,7065.0,760.3,784.3,772.3
2026-11-20,put,7065.0,29.1,29.7,29.4
2026-11-20,call,7070.0,755.6,779.6,767.6
2026-11-20,put,7070.0,29.3,30.0,29.65
2026-11-20,call,7075.0,750.9,774.9,762.9
2026-11-20,put,7075.0,29.6,30.2,29.9
2026-11-20,call,7080.0,746.1,770.1,758.1
2026-11-20,put,7080.0,29.8,30.5,30.15
2026-11-20,call,7085.0,741.4,765.4,753.4
2026-11-20,put,7085.0,30.1,30.8,30.450000000000003
2026-11-20,call,7090.0,736.9,760.9,748.9
2026-11-20,put,7090.0,30.4,31.0,30.7
2026-11-20,call,7095.0,732.1,756.1,744.1
2026-11-20,put,7095.0,30.7,31.3,31.0
2026-11-20,call,7100.0,727.4,751.4,739.4
2026-11-20,put,7100.0,30.9,31.4,31.15
2026-11-20,call,7105.0,722.7,746.7,734.7
2026-11-20,put,7105.0,31.2,31.9,31.549999999999997
2026-11-20,call,7110.0,718.1,742.1,730.1
2026-11-20,put,7110.0,31.5,32.2,31.85
2026-11-20,call,7115.0,713.4,737.4,725.4
2026-11-20,put,7115.0,31.8,32.4,32.1
2026-11-20,call,7120.0,708.8,732.8,720.8
2026-11-20,put,7120.0,32.1,32.7,32.400000000000006
2026-11-20,call,7125.0,704.1,728.1,716.1
2026-11-20,put,7125.0,32.4,33.0,32.7
2026-11-20,call,7130.0,699.3,723.3,711.3
2026-11-20,put,7130.0,32.7,33.3,33.0
2026-11-20,call,7135.0,694.9,718.9,706.9
2026-11-20,put,7135.0,33.0,33.6,33.3
2026-11-20,call,7140.0,690.0,714.0,702.0
2026-11-20,put,7140.0,33.3,33.9,33.599999999999994
2026-11-20,call,7145.0,685.5,709.5,697.5
2026-11-20,put,7145.0,33.6,34.3,33.95
2026-11-20,call,7150.0,680.6,704.6,692.6
2026-11-20,put,7150.0,33.9,34.6,34.25
2026-11-20,call,7155.0,676.2,700.2,688.2
2026-11-20,put,7155.0,34.2,34.9,34.55
2026-11-20,call,7160.0,671.3,695.3,683.3
2026-11-20,put,7160.0,34.5,35.2,34.85
2026-11-20,call,7165.0,666.7,690.7,678.7
2026-11-20,put,7165.0,34.9,35.5,35.2
2026-11-20,call,7170.0,662.2,686.2,674.2
2026-11-20,put,7170.0,35.2,35.9,35.55
2026-11-20,call,7175.0,657.5,681.5,669.5
2026-11-20,put,7175.0,35.5,36.2,35.85
2026-11-20,call,7180.0,652.9,676.9,664.9
2026-11-20,put,7180.0,35.9,36.6,36.25
2026-11-20,call,7185.0,648.4,672.4,660.4
2026-11-20,put,7185.0,36.2,36.9,36.55
2026-11-20,call,7190.0,643.8,667.8,655.8
2026-11-20,put,7190.0,36.6,37.2,36.900000000000006
2026-11-20,call,7195.0,639.2,663.2,651.2
2026-11-20,put,7195.0,36.9,37.6,37.25
2026-11-20,call,7200.0,634.6,658.6,646.6
2026-11-20,put,7200.0,37.3,37.8,37.55
2026-11-20,call,7205.0,630.0,654.0,642.0
2026-11-20,put,7205.0,37.6,38.3,37.95
2026-11-20,call,7210.0,625.5,649.5,637.5
2026-11-20,put,7210.0,38.0,38.7,38.35
2026-11-20,call,7215.0,620.7,644.7,632.7
2026-11-20,put,7215.0,38.4,39.1,38.75
2026-11-20,call,7220.0,616.3,640.3,628.3
2026-11-20,put,7220.0,38.7,39.5,39.1
2026-11-20,call,7225.0,611.6,635.6,623.6
2026-11-20,put,7225.0,39.1,39.8,39.45
2026-11-20,call,7230.0,607.1,631.1,619.1
2026-11-20,put,7230.0,39.5,40.2,39.85
2026-11-20,call,7235.0,602.4,626.4,614.4
2026-11-20,put,7235.0,39.9,40.6,40.25
2026-11-20,call,7240.0,597.9,621.9,609.9
2026-11-20,put,7240.0,40.3,41.0,40.65
2026-11-20,call,7245.0,593.4,617.4,605.4
2026-11-20,put,7245.0,40.7,41.4,41.05
2026-11-20,call,7250.0,588.9,612.9,600.9
2026-11-20,put,7250.0,41.1,41.8,41.45
2026-11-20,call,7255.0,584.3,608.3,596.3
2026-11-20,put,7255.0,41.5,42.3,41.9
2026-11-20,call,7260.0,579.8,603.8,591.8
2026-11-20,put,7260.0,42.0,42.7,42.35
2026-11-20,call,7265.0,575.2,599.2,587.2
2026-11-20,put,7265.0,42.4,43.1,42.75
2026-11-20,call,7270.0,570.5,594.5,582.5
2026-11-20,put,7270.0,42.8,43.5,43.15
2026-11-20,call,7275.0,566.1,590.1,578.1
2026-11-20,put,7275.0,43.2,44.0,43.6
2026-11-20,call,7280.0,561.6,585.6,573.6
2026-11-20,put,7280.0,43.7,44.4,44.05
2026-11-20,call,7285.0,557.2,581.2,569.2
2026-11-20,put,7285.0,44.1,44.9,44.5
2026-11-20,call,7290.0,552.6,576.6,564.6
2026-11-20,put,7290.0,44.6,45.3,44.95
2026-11-20,call,7295.0,548.2,572.2,560.2
2026-11-20,put,7295.0,45.1,45.8,45.45
2026-11-20,call,7300.0,543.7,567.7,555.7
2026-11-20,put,7300.0,45.6,46.1,45.85
2026-11-20,call,7305.0,539.2,563.2,551.2
2026-11-20,put,7305.0,46.0,46.7,46.35
2026-11-20,call,7310.0,534.6,558.6,546.6
2026-11-20,put,7310.0,46.5,47.2,46.85
2026-11-20,call,7315.0,530.2,554.2,542.2
2026-11-20,put,7315.0,47.0,47.7,47.35
2026-11-20,call,7320.0,525.7,549.7,537.7
2026-11-20,put,7320.0,47.5,48.2,47.85
2026-11-20,call,7325.0,521.3,545.3,533.3
2026-11-20,put,7325.0,48.0,48.7,48.35
2026-11-20,call,7330.0,516.9,540.9,528.9
2026-11-20,put,7330.0,48.5,49.2,48.85
2026-11-20,call,7335.0,512.4,536.4,524.4
2026-11-20,put,7335.0,49.0,49.8,49.4
2026-11-20,call,7340.0,508.0,532.0,520.0
2026-11-20,put,7340.0,49.5,50.3,49.9
2026-11-20,call,7345.0,503.6,527.6,515.6
2026-11-20,put,7345.0,50.0,50.8,50.4
2026-11-20,call,7350.0,499.2,523.2,511.20000000000005
2026-11-20,put,7350.0,50.7,51.2,50.95
2026-11-20,call,7355.0,494.7,518.7,506.70000000000005
2026-11-20,put,7355.0,51.1,51.9,51.5
2026-11-20,call,7360.0,490.3,514.3,502.29999999999995
2026-11-20,put,7360.0,51.7,52.5,52.1
2026-11-20,call,7365.0,485.8,509.8,497.8
2026-11-20,put,7365.0,52.3,53.0,52.65
2026-11-20,call,7370.0,481.4,505.4,493.4
2026-11-20,put,7370.0,52.8,53.6,53.2
2026-11-20,call,7375.0,477.2,501.2,489.2
2026-11-20,put,7375.0,53.4,54.2,53.8
2026-11-20,call,7380.0,472.8,496.8,484.8
2026-11-20,put,7380.0,54.0,54.8,54.4
2026-11-20,call,7385.0,468.5,492.5,480.5
2026-11-20,put,7385.0,54.6,55.4,55.0
2026-11-20,call,7390.0,464.1,488.1,476.1
2026-11-20,put,7390.0,55.2,56.0,55.6
2026-11-20,call,7395.0,459.8,483.8,471.8
2026-11-20,put,7395.0,55.8,56.6,56.2
2026-11-20,call,7400.0,455.4,479.4,467.4
2026-11-20,put,7400.0,56.5,57.1,56.8
2026-11-20,call,7405.0,451.1,475.1,463.1
2026-11-20,put,7405.0,57.1,57.9,57.5
2026-11-20,call,7410.0,446.7,470.7,458.7
2026-11-20,put,7410.0,57.7,58.5,58.1
2026-11-20,call,7415.0,442.5,466.5,454.5
2026-11-20,put,7415.0,58.4,59.2,58.8
2026-11-20,call,7420.0,438.0,462.0,450.0
2026-11-20,put,7420.0,59.0,59.8,59.4
2026-11-20,call,7425.0,433.8,457.8,445.8
2026-11-20,put,7425.0,59.7,60.5,60.1
2026-11-20,call,7430.0,429.6,453.6,441.6
2026-11-20,put,7430.0,60.4,61.2,60.8
2026-11-20,call,7435.0,425.4,449.4,437.4
2026-11-20,put,7435.0,61.1,61.9,61.5
2026-11-20,call,7440.0,421.1,445.1,433.1
2026-11-20,put,7440.0,61.8,62.6,62.2
2026-11-20,call,7445.0,416.8,440.8,428.8
2026-11-20,put,7445.0,62.5,63.3,62.9
2026-11-20,call,7450.0,412.6,436.6,424.6
2026-11-20,put,7450.0,63.3,63.9,63.599999999999994
2026-11-20,call,7455.0,408.4,432.4,420.4
2026-11-20,put,7455.0,63.9,64.7,64.3
2026-11-20,call,7460.0,404.2,428.2,416.2
2026-11-20,put,7460.0,64.7,65.5,65.1
2026-11-20,call,7465.0,399.9,423.9,411.9
2026-11-20,put,7465.0,65.4,66.3,65.85
2026-11-20,call,7470.0,395.8,419.8,407.8
2026-11-20,put,7470.0,66.2,67.0,66.6
2026-11-20,call,7475.0,391.5,415.5,403.5
2026-11-20,put,7475.0,67.0,67.8,67.4
2026-11-20,call,7480.0,387.4,411.3,399.35
2026-11-20,put,7480.0,67.8,68.6,68.19999999999999
2026-11-20,call,7485.0,383.2,407.2,395.2
2026-11-20,put,7485.0,68.6,69.4,69.0
2026-11-20,call,7490.0,379.2,403.2,391.2
2026-11-20,put,7490.0,69.4,70.2,69.80000000000001
2026-11-20,call,7495.0,374.9,398.9,386.9
2026-11-20,put,7495.0,70.2,71.0,70.6
2026-11-20,call,7500.0,370.9,394.9,382.9
2026-11-20,put,7500.0,71.1,71.7,71.4
2026-11-20,call,7505.0,366.8,390.8,378.8
2026-11-20,put,7505.0,71.9,72.7,72.30000000000001
2026-11-20,call,7510.0,362.7,386.7,374.7
2026-11-20,put,7510.0,72.8,73.6,73.19999999999999
2026-11-20,call,7515.0,358.6,382.6,370.6
2026-11-20,put,7515.0,73.6,74.5,74.05
2026-11-20,call,7520.0,354.4,378.4,366.4
2026-11-20,put,7520.0,74.5,75.4,74.95
2026-11-20,call,7525.0,350.5,374.5,362.5
2026-11-20,put,7525.0,75.4,76.3,75.85
2026-11-20,call,7530.0,346.4,370.4,358.4
2026-11-20,put,7530.0,76.3,77.2,76.75
2026-11-20,call,7535.0,342.5,366.5,354.5
2026-11-20,put,7535.0,77.3,78.1,77.69999999999999
2026-11-20,call,7540.0,338.4,362.4,350.4
2026-11-20,put,7540.0,78.2,79.1,78.65
2026-11-20,call,7545.0,334.5,358.5,346.5
2026-11-20,put,7545.0,79.2,80.0,79.6
2026-11-20,call,7550.0,330.5,354.5,342.5
2026-11-20,put,7550.0,80.2,80.8,80.5
2026-11-20,call,7555.0,326.5,350.5,338.5
2026-11-20,put,7555.0,81.1,82.0,81.55
2026-11-20,call,7560.0,322.5,346.5,334.5
2026-11-20,put,7560.0,82.1,83.0,82.55
2026-11-20,call,7565.0,318.6,342.6,330.6
2026-11-20,put,7565.0,83.1,84.0,83.55
2026-11-20,call,7570.0,314.6,338.6,326.6
2026-11-20,put,7570.0,84.2,85.1,84.65
2026-11-20,call,7575.0,310.7,334.7,322.7
2026-11-20,put,7575.0,85.2,86.1,85.65
2026-11-20,call,7580.0,306.9,330.9,318.9
2026-11-20,put,7580.0,86.3,87.2,86.75
2026-11-20,call,7585.0,302.8,326.8,314.8
2026-11-20,put,7585.0,87.4,88.3,87.85
2026-11-20,call,7590.0,301.3,325.2,313.25
2026-11-20,put,7590.0,88.5,89.4,88.95
2026-11-20,call,7595.0,308.8,309.8,309.3
2026-11-20,put,7595.0,89.6,90.5,90.05
2026-11-20,call,7600.0,305.0,306.0,305.5
2026-11-20,put,7600.0,90.8,91.5,91.15
2026-11-20,call,7605.0,301.2,302.2,301.7
2026-11-20,put,7605.0,91.9,92.8,92.35
2026-11-20,call,7610.0,297.4,298.4,297.9
2026-11-20,put,7610.0,93.0,94.0,93.5
2026-11-20,call,7615.0,293.6,294.6,294.1
2026-11-20,put,7615.0,94.2,95.1,94.65
2026-11-20,call,7620.0,289.8,290.9,290.35
2026-11-20,put,7620.0,95.4,96.4,95.9
2026-11-20,call,7625.0,286.1,287.1,286.6
2026-11-20,put,7625.0,96.7,97.6,97.15
2026-11-20,call,7630.0,282.4,283.4,282.9
2026-11-20,put,7630.0,97.8,98.8,98.3
2026-11-20,call,7635.0,278.7,279.7,279.2
2026-11-20,put,7635.0,99.1,100.1,99.6
2026-11-20,call,7640.0,275.0,276.0,275.5
2026-11-20,put,7640.0,100.4,101.4,100.9
2026-11-20,call,7645.0,271.3,272.4,271.85
2026-11-20,put,7645.0,101.7,102.7,102.2
2026-11-20,call,7650.0,267.6,268.7,268.15
2026-11-20,put,7650.0,103.1,103.8,103.44999999999999
2026-11-20,call,7655.0,264.0,265.1,264.55
2026-11-20,put,7655.0,104.3,105.3,104.8
2026-11-20,call,7660.0,260.4,261.5,260.95
2026-11-20,put,7660.0,105.7,106.7,106.2
2026-11-20,call,7665.0,256.8,257.9,257.35
2026-11-20,put,7665.0,107.1,108.1,107.6
2026-11-20,call,7670.0,253.2,254.3,253.75
2026-11-20,put,7670.0,108.5,109.5,109.0
2026-11-20,call,7675.0,249.7,250.8,250.25
2026-11-20,put,7675.0,109.9,110.9,110.4
2026-11-20,call,7680.0,246.2,247.3,246.75
2026-11-20,put,7680.0,111.3,112.3,111.8
2026-11-20,call,7685.0,242.7,243.8,243.25
2026-11-20,put,7685.0,112.8,113.8,113.3
2026-11-20,call,7690.0,239.2,240.3,239.75
2026-11-20,put,7690.0,114.2,115.3,114.75
2026-11-20,call,7695.0,235.7,236.8,236.25
2026-11-20,put,7695.0,115.7,116.8,116.25
2026-11-20,call,7700.0,232.3,233.4,232.85000000000002
2026-11-20,put,7700.0,117.4,118.1,117.75
2026-11-20,call,7705.0,228.9,230.0,229.45
2026-11-20,put,7705.0,118.9,119.9,119.4
2026-11-20,call,7710.0,225.5,226.6,226.05
2026-11-20,put,7710.0,120.5,121.4,120.95
2026-11-20,call,7715.0,222.1,223.2,222.64999999999998
2026-11-20,put,7715.0,122.1,123.0,122.55
2026-11-20,call,7720.0,218.8,219.9,219.35000000000002
2026-11-20,put,7720.0,123.7,124.7,124.2
2026-11-20,call,7725.0,215.5,216.6,216.05
2026-11-20,put,7725.0,125.5,126.2,125.85
2026-11-20,call,7730.0,212.2,213.3,212.75
2026-11-20,put,7730.0,127.0,128.0,127.5
2026-11-20,call,7735.0,208.9,210.0,209.45
2026-11-20,put,7735.0,128.7,129.7,129.2
2026-11-20,call,7740.0,205.6,206.8,206.2
2026-11-20,put,7740.0,130.4,131.4,130.9
2026-11-20,call,7745.0,202.4,203.6,203.0
2026-11-20,put,7745.0,132.2,133.2,132.7
2026-11-20,call,7750.0,199.2,200.4,199.8
2026-11-20,put,7750.0,134.1,134.8,134.45
2026-11-20,call,7755.0,196.1,197.2,196.64999999999998
2026-11-20,put,7755.0,135.6,136.7,136.14999999999998
2026-11-20,call,7760.0,192.9,194.1,193.5
2026-11-20,put,7760.0,137.5,138.6,138.05
2026-11-20,call,7765.0,189.8,190.9,190.35000000000002
2026-11-20,put,7765.0,139.3,140.4,139.85000000000002
2026-11-20,call,7770.0,186.7,187.9,187.3
2026-11-20,put,7770.0,141.3,142.3,141.8
2026-11-20,call,7775.0,183.6,184.8,184.2
2026-11-20,put,7775.0,143.2,144.2,143.7
2026-11-20,call,7780.0,180.6,181.8,181.2
2026-11-20,put,7780.0,145.0,146.1,145.55
2026-11-20,call,7785.0,177.6,178.7,178.14999999999998
2026-11-20,put,7785.0,147.0,148.1,147.55
2026-11-20,call,7790.0,174.6,175.8,175.2
2026-11-20,put,7790.0,149.0,150.1,149.55
2026-11-20,call,7795.0,171.7,172.8,172.25
2026-11-20,put,7795.0,150.9,152.1,151.5
2026-11-20,call,7800.0,168.9,169.9,169.4
2026-11-20,put,7800.0,153.1,154.1,153.6
2026-11-20,call,7805.0,165.8,167.0,166.4
2026-11-20,put,7805.0,155.0,156.2,155.6
2026-11-20,call,7810.0,163.0,164.1,163.55
2026-11-20,put,7810.0,157.1,158.3,157.7
2026-11-20,call,7815.0,160.1,161.3,160.7
2026-11-20,put,7815.0,159.3,160.4,159.85000000000002
2026-11-20,call,7820.0,157.3,158.5,157.9
2026-11-20,put,7820.0,161.4,162.8,162.10000000000002
2026-11-20,call,7825.0,154.5,155.7,155.1
2026-11-20,put,7825.0,163.6,164.7,164.14999999999998
2026-11-20,call,7830.0,151.8,152.9,152.35000000000002
2026-11-20,put,7830.0,165.9,166.9,166.4
2026-11-20,call,7835.0,149.0,150.2,149.6
2026-11-20,put,7835.0,168.1,169.2,168.64999999999998
2026-11-20,call,7840.0,146.3,147.5,146.9
2026-11-20,put,7840.0,170.3,171.5,170.9
2026-11-20,call,7845.0,143.7,144.9,144.3
2026-11-20,put,7845.0,172.6,173.8,173.2
2026-11-20,call,7850.0,141.3,142.1,141.7
2026-11-20,put,7850.0,175.0,176.1,175.55
2026-11-20,call,7855.0,138.4,139.6,139.0
2026-11-20,put,7855.0,177.3,178.4,177.85000000000002
2026-11-20,call,7860.0,135.9,137.0,136.45
2026-11-20,put,7860.0,179.7,180.8,180.25
2026-11-20,call,7865.0,133.3,134.5,133.9
2026-11-20,put,7865.0,182.1,183.2,182.64999999999998
2026-11-20,call,7870.0,130.8,132.0,131.4
2026-11-20,put,7870.0,184.6,185.7,185.14999999999998
2026-11-20,call,7875.0,128.3,129.5,128.9
2026-11-20,put,7875.0,187.0,188.2,187.6
2026-11-20,call,7880.0,125.9,127.0,126.45
2026-11-20,put,7880.0,189.6,190.7,190.14999999999998
2026-11-20,call,7885.0,123.5,124.6,124.05
2026-11-20,put,7885.0,192.1,193.2,192.64999999999998
2026-11-20,call,7890.0,121.1,122.2,121.65
2026-11-20,put,7890.0,194.7,195.8,195.25
2026-11-20,call,7895.0,118.7,119.8,119.25
2026-11-20,put,7895.0,197.3,198.4,197.85000000000002
2026-11-20,call,7900.0,116.4,117.5,116.95
2026-11-20,put,7900.0,199.9,201.0,200.45
2026-11-20,call,7905.0,114.1,115.2,114.65
2026-11-20,put,7905.0,202.6,203.7,203.14999999999998
2026-11-20,call,7910.0,111.8,112.9,112.35
2026-11-20,put,7910.0,205.3,206.4,205.85000000000002
2026-11-20,call,7915.0,109.6,110.7,110.15
2026-11-20,put,7915.0,208.0,209.1,208.55
2026-11-20,call,7920.0,107.4,108.4,107.9
2026-11-20,put,7920.0,210.7,212.0,211.35
2026-11-20,call,7925.0,105.2,106.3,105.75
2026-11-20,put,7925.0,213.5,214.6,214.05
2026-11-20,call,7930.0,103.0,104.1,103.55
2026-11-20,put,7930.0,216.3,217.4,216.85000000000002
2026-11-20,call,7935.0,100.9,102.0,101.45
2026-11-20,put,7935.0,219.2,220.3,219.75
2026-11-20,call,7940.0,98.8,99.9,99.35
2026-11-20,put,7940.0,222.1,223.1,222.6
2026-11-20,call,7945.0,96.8,97.8,97.3
2026-11-20,put,7945.0,225.0,226.0,225.5
2026-11-20,call,7950.0,94.7,95.8,95.25
2026-11-20,put,7950.0,227.9,229.0,228.45
2026-11-20,call,7955.0,92.7,93.8,93.25
2026-11-20,put,7955.0,230.9,231.9,231.4
2026-11-20,call,7960.0,90.8,91.8,91.3
2026-11-20,put,7960.0,233.9,234.9,234.4
2026-11-20,call,7965.0,88.8,89.9,89.35
2026-11-20,put,7965.0,236.9,237.9,237.4
2026-11-20,call,7970.0,86.9,87.9,87.4
2026-11-20,put,7970.0,239.9,241.0,240.45
2026-11-20,call,7975.0,85.0,86.1,85.55
2026-11-20,put,7975.0,243.0,244.1,243.55
2026-11-20,call,7980.0,83.2,84.2,83.7
2026-11-20,put,7980.0,246.1,247.2,246.64999999999998
2026-11-20,call,7985.0,81.4,82.4,81.9
2026-11-20,put,7985.0,249.3,250.3,249.8
2026-11-20,call,7990.0,79.6,80.6,80.1
2026-11-20,put,7990.0,252.5,253.5,253.0
2026-11-20,call,7995.0,77.8,78.8,78.3
2026-11-20,put,7995.0,255.7,256.7,256.2
2026-11-20,call,8000.0,76.3,77.0,76.65
2026-11-20,put,8000.0,258.9,259.9,259.4
2026-11-20,call,8005.0,74.4,75.3,74.85
2026-11-20,put,8005.0,262.1,263.3,262.70000000000005
2026-11-20,call,8010.0,72.7,73.7,73.2
2026-11-20,put,8010.0,265.4,266.6,266.0
2026-11-20,call,8015.0,71.1,72.0,71.55
2026-11-20,put,8015.0,268.7,269.9,269.29999999999995
2026-11-20,call,8020.0,69.4,70.4,69.9
2026-11-20,put,8020.0,260.6,284.6,272.6
2026-11-20,call,8025.0,67.8,68.8,68.3
2026-11-20,put,8025.0,266.0,290.0,278.0
2026-11-20,call,8030.0,66.3,67.2,66.75
2026-11-20,put,8030.0,269.4,293.4,281.4
2026-11-20,call,8035.0,64.7,65.7,65.2
2026-11-20,put,8035.0,272.8,296.8,284.8
2026-11-20,call,8040.0,63.2,64.2,63.7
2026-11-20,put,8040.0,276.3,300.3,288.3
2026-11-20,call,8045.0,61.7,62.7,62.2
2026-11-20,put,8045.0,279.8,303.8,291.8
2026-11-20,call,8050.0,60.5,61.2,60.85
2026-11-20,put,8050.0,283.3,307.3,295.3
2026-11-20,call,8055.0,58.9,59.8,59.349999999999994
2026-11-20,put,8055.0,287.0,311.0,299.0
2026-11-20,call,8060.0,57.5,58.4,57.95
2026-11-20,put,8060.0,290.4,314.4,302.4
2026-11-20,call,8065.0,56.1,57.0,56.55
2026-11-20,put,8065.0,294.2,318.2,306.2
2026-11-20,call,8070.0,54.7,55.6,55.150000000000006
2026-11-20,put,8070.0,297.7,321.7,309.7
2026-11-20,call,8075.0,53.4,54.3,53.849999999999994
2026-11-20,put,8075.0,301.5,325.5,313.5
2026-11-20,call,8080.0,52.1,53.0,52.55
2026-11-20,put,8080.0,305.1,329.1,317.1
2026-11-20,call,8090.0,49.6,50.5,50.05
2026-11-20,put,8090.0,312.4,336.4,324.4
2026-11-20,call,8100.0,47.3,47.9,47.599999999999994
2026-11-20,put,8100.0,320.0,344.0,332.0
2026-11-20,call,8110.0,44.8,45.7,45.25
2026-11-20,put,8110.0,327.6,351.6,339.6
2026-11-20,call,8120.0,42.6,43.4,43.0
2026-11-20,put,8120.0,335.2,359.2,347.2
2026-11-20,call,8125.0,41.5,42.4,41.95
2026-11-20,put,8125.0,339.2,363.2,351.2
2026-11-20,call,8130.0,40.5,41.3,40.9
2026-11-20,put,8130.0,343.1,367.1,355.1
2026-11-20,call,8140.0,38.4,39.2,38.8
2026-11-20,put,8140.0,351.1,375.1,363.1
2026-11-20,call,8150.0,36.6,37.1,36.85
2026-11-20,put,8150.0,359.0,383.0,371.0
2026-11-20,call,8160.0,34.6,35.4,35.0
2026-11-20,put,8160.0,367.1,391.1,379.1
2026-11-20,call,8170.0,32.8,33.6,33.2
2026-11-20,put,8170.0,375.2,399.2,387.2
2026-11-20,call,8175.0,31.9,32.7,32.3
2026-11-20,put,8175.0,379.3,403.3,391.3
2026-11-20,call,8180.0,31.1,31.8,31.450000000000003
2026-11-20,put,8180.0,383.4,407.4,395.4
2026-11-20,call,8190.0,29.4,30.2,29.799999999999997
2026-11-20,put,8190.0,391.7,415.7,403.7
2026-11-20,call,8200.0,27.9,28.6,28.25
2026-11-20,put,8200.0,400.3,424.3,412.3
2026-11-20,call,8210.0,26.4,27.1,26.75
2026-11-20,put,8210.0,408.6,432.6,420.6
2026-11-20,call,8220.0,25.0,25.7,25.35
2026-11-20,put,8220.0,417.1,441.1,429.1
2026-11-20,call,8225.0,24.3,25.0,24.65
2026-11-20,put,8225.0,421.4,445.4,433.4
2026-11-20,call,8230.0,23.6,24.3,23.950000000000003
2026-11-20,put,8230.0,425.9,449.9,437.9
2026-11-20,call,8240.0,22.3,23.0,22.65
2026-11-20,put,8240.0,434.5,458.5,446.5
2026-11-20,call,8250.0,21.2,21.7,21.45
2026-11-20,put,8250.0,443.1,467.1,455.1
2026-11-20,call,8260.0,19.9,20.6,20.25
2026-11-20,put,8260.0,452.0,476.0,464.0
2026-11-20,call,8270.0,18.8,19.5,19.15
2026-11-20,put,8270.0,460.7,484.7,472.7
2026-11-20,call,8275.0,18.3,19.0,18.65
2026-11-20,put,8275.0,465.1,489.1,477.1
2026-11-20,call,8280.0,17.8,18.5,18.15
2026-11-20,put,8280.0,469.6,493.6,481.6
2026-11-20,call,8290.0,16.8,17.5,17.15
2026-11-20,put,8290.0,478.7,502.7,490.7
2026-11-20,call,8300.0,16.0,16.4,16.2
2026-11-20,put,8300.0,487.6,511.6,499.6
2026-11-20,call,8310.0,15.0,15.6,15.3
2026-11-20,put,8310.0,496.6,520.6,508.6
2026-11-20,call,8320.0,14.2,14.8,14.5
2026-11-20,put,8320.0,505.7,529.7,517.7
2026-11-20,call,8325.0,13.8,14.4,14.100000000000001
2026-11-20,put,8325.0,510.3,534.3,522.3
2026-11-20,call,8330.0,13.4,14.0,13.7
2026-11-20,put,8330.0,514.9,538.9,526.9
2026-11-20,call,8340.0,12.7,13.2,12.95
2026-11-20,put,8340.0,524.0,548.0,536.0
2026-11-20,call,8350.0,12.0,12.5,12.25
2026-11-20,put,8350.0,533.3,557.3,545.3
2026-11-20,call,8360.0,11.4,11.9,11.65
2026-11-20,put,8360.0,542.6,566.6,554.6
2026-11-20,call,8370.0,10.7,11.2,10.95
2026-11-20,put,8370.0,551.9,575.9,563.9
2026-11-20,call,8375.0,10.4,10.9,10.65
2026-11-20,put,8375.0,556.6,580.6,568.6
2026-11-20,call,8380.0,10.2,10.6,10.399999999999999
2026-11-20,put,8380.0,561.4,585.4,573.4
2026-11-20,call,8390.0,9.6,10.1,9.85
2026-11-20,put,8390.0,570.6,594.6,582.6
2026-11-20,call,8400.0,9.1,9.6,9.35
2026-11-20,put,8400.0,580.1,604.1,592.1
2026-11-20,call,8410.0,8.6,9.1,8.85
2026-11-20,put,8410.0,589.6,613.6,601.6
2026-11-20,call,8420.0,8.2,8.6,8.399999999999999
2026-11-20,put,8420.0,599.0,623.0,611.0
2026-11-20,call,8430.0,7.7,8.2,7.949999999999999
2026-11-20,put,8430.0,608.5,632.5,620.5
2026-11-20,call,8440.0,7.3,7.8,7.55
2026-11-20,put,8440.0,618.1,642.1,630.1
2026-11-20,call,8450.0,7.0,7.4,7.2
2026-11-20,put,8450.0,627.6,651.6,639.6
2026-11-20,call,8460.0,6.6,7.1,6.85
2026-11-20,put,8460.0,637.1,661.1,649.1
2026-11-20,call,8470.0,6.3,6.7,6.5
2026-11-20,put,8470.0,646.9,670.9,658.9
2026-11-20,call,8500.0,5.4,5.8,5.6
2026-11-20,put,8500.0,675.7,699.7,687.7
2026-11-20,call,8550.0,4.3,4.7,4.5
2026-11-20,put,8550.0,724.4,748.4,736.4
2026-11-20,call,8600.0,3.4,3.8,3.5999999999999996
2026-11-20,put,8600.0,773.0,797.0,785.0
2026-11-20,call,8650.0,2.8,3.1,2.95
2026-11-20,put,8650.0,822.1,846.1,834.1
2026-11-20,call,8700.0,2.25,2.6,2.425
2026-11-20,put,8700.0,871.3,895.3,883.3
2026-11-20,call,8750.0,1.85,2.15,2.0
2026-11-20,put,8750.0,920.4,944.4,932.4
2026-11-20,call,8800.0,1.5,1.8,1.65
2026-11-20,put,8800.0,969.8,993.8,981.8
2026-11-20,call,8850.0,1.25,1.55,1.4
2026-11-20,put,8850.0,1019.2,1043.2,1031.2
2026-11-20,call,8900.0,1.0,1.3,1.15
2026-11-20,put,8900.0,1068.6,1092.6,1080.6
2026-11-20,call,9000.0,0.65,0.95,0.8
2026-11-20,put,9000.0,1167.6,1191.6,1179.6
2026-11-20,call,9100.0,0.45,0.75,0.6
2026-11-20,put,9100.0,1266.5,1290.5,1278.5
2026-11-20,call,9200.0,0.3,0.55,0.42500000000000004
2026-11-20,put,9200.0,1365.8,1389.7,1377.75
2026-11-20,call,9300.0,0.2,0.45,0.325
2026-11-20,put,9300.0,1464.9,1488.9,1476.9
2026-11-20,call,9400.0,0.15,0.3,0.22499999999999998
2026-11-20,put,9400.0,1564.2,1588.2,1576.2
2026-11-20,call,9500.0,0.1,0.35,0.22499999999999998
2026-11-20,put,9500.0,1663.4,1687.4,1675.4
2026-11-20,call,9600.0,0.05,0.3,0.175
2026-11-20,put,9600.0,1762.8,1786.8,1774.8
2026-11-20,call,9800.0,0.05,0.2,0.125
2026-11-20,put,9800.0,1961.3,1985.3,1973.3
2026-11-20,call,10000.0,0.05,0.15,0.1
2026-11-20,put,10000.0,2159.9,2183.9,2171.9
2026-11-20,put,10200.0,2358.3,2382.3,2370.3
2026-11-20,put,10400.0,2557.0,2581.0,2569.0
2026-11-20,put,10600.0,2755.5,2779.5,2767.5
2026-11-20,put,10800.0,2954.0,2978.0,2966.0
2026-11-30,call,3200.0,4570.3,4594.3,4582.3
2026-11-30,put,3200.0,0.35,0.55,0.45
2026-11-30,call,3400.0,4372.2,4396.2,4384.2
2026-11-30,put,3400.0,0.45,0.65,0.55
2026-11-30,call,3600.0,4173.9,4197.9,4185.9
2026-11-30,put,3600.0,0.55,0.75,0.65
2026-11-30,call,3800.0,3975.8,3999.8,3987.8
2026-11-30,put,3800.0,0.75,0.95,0.85
2026-11-30,call,4000.0,3777.6,3801.6,3789.6
2026-11-30,put,4000.0,0.9,1.15,1.025
2026-11-30,call,4200.0,3579.3,3603.3,3591.3
2026-11-30,put,4200.0,1.15,1.4,1.275
2026-11-30,call,4400.0,3381.3,3405.3,3393.3
2026-11-30,put,4400.0,1.5,1.7,1.6
2026-11-30,call,4600.0,3183.2,3207.2,3195.2
2026-11-30,put,4600.0,1.85,2.1,1.975
2026-11-30,call,4700.0,3084.4,3108.4,3096.4
2026-11-30,put,4700.0,2.1,2.3,2.2
2026-11-30,call,4800.0,2985.4,3009.4,2997.4
2026-11-30,put,4800.0,2.35,2.6,2.475
2026-11-30,call,4900.0,2886.5,2910.5,2898.5
2026-11-30,put,4900.0,2.6,2.85,2.725
2026-11-30,call,5000.0,2787.7,2811.7,2799.7
2026-11-30,put,5000.0,2.95,3.2,3.075
2026-11-30,call,5100.0,2688.8,2712.8,2700.8
2026-11-30,put,5100.0,3.2,3.5,3.35
2026-11-30,call,5200.0,2590.0,2614.0,2602.0
2026-11-30,put,5200.0,3.6,3.9,3.75
2026-11-30,call,5300.0,2491.3,2515.3,2503.3
2026-11-30,put,5300.0,4.0,4.4,4.2
2026-11-30,call,5400.0,2392.6,2416.6,2404.6
2026-11-30,put,5400.0,4.5,4.8,4.65
2026-11-30,call,5500.0,2293.9,2317.9,2305.9
2026-11-30,put,5500.0,5.0,5.3,5.15
2026-11-30,call,5600.0,2195.3,2219.3,2207.3
2026-11-30,put,5600.0,5.6,5.9,5.75
2026-11-30,call,5700.0,2096.7,2120.7,2108.7
2026-11-30,put,5700.0,6.2,6.6,6.4
2026-11-30,call,5750.0,2047.6,2071.6,2059.6
2026-11-30,put,5750.0,6.6,6.9,6.75
2026-11-30,call,5800.0,1998.3,2022.3,2010.3
2026-11-30,put,5800.0,6.9,7.3,7.1
2026-11-30,call,5850.0,1949.1,1973.1,1961.1
2026-11-30,put,5850.0,7.3,7.7,7.5
2026-11-30,call,5900.0,1899.9,1923.9,1911.9
2026-11-30,put,5900.0,7.8,8.1,7.949999999999999
2026-11-30,call,5910.0,1890.1,1914.1,1902.1
2026-11-30,put,5910.0,7.8,8.2,8.0
2026-11-30,call,5920.0,1880.3,1904.3,1892.3
2026-11-30,put,5920.0,7.9,8.3,8.100000000000001
2026-11-30,call,5930.0,1870.4,1894.4,1882.4
2026-11-30,put,5930.0,8.0,8.4,8.2
2026-11-30,call,5940.0,1860.6,1884.6,1872.6
2026-11-30,put,5940.0,8.1,8.4,8.25
2026-11-30,call,5950.0,1850.7,1874.7,1862.7
2026-11-30,put,5950.0,8.2,8.5,8.35
2026-11-30,call,5960.0,1841.0,1865.0,1853.0
2026-11-30,put,5960.0,8.3,8.6,8.45
2026-11-30,call,5970.0,1830.9,1854.9,1842.9
2026-11-30,put,5970.0,8.4,8.7,8.55
2026-11-30,call,5980.0,1821.3,1845.3,1833.3
2026-11-30,put,5980.0,8.5,8.8,8.65
2026-11-30,call,5990.0,1811.5,1835.5,1823.5
2026-11-30,put,5990.0,8.6,8.9,8.75
2026-11-30,call,6000.0,1801.6,1825.6,1813.6
2026-11-30,put,6000.0,8.7,9.0,8.85
2026-11-30,call,6010.0,1791.6,1815.6,1803.6
2026-11-30,put,6010.0,8.7,9.1,8.899999999999999
2026-11-30,call,6020.0,1782.0,1806.0,1794.0
2026-11-30,put,6020.0,8.8,9.2,9.0
2026-11-30,call,6030.0,1772.1,1796.1,1784.1
2026-11-30,put,6030.0,8.9,9.3,9.100000000000001
2026-11-30,call,6040.0,1762.4,1786.4,1774.4
2026-11-30,put,6040.0,9.0,9.4,9.2
2026-11-30,call,6050.0,1752.3,1776.3,1764.3
2026-11-30,put,6050.0,9.1,9.5,9.3
2026-11-30,call,6060.0,1742.8,1766.8,1754.8
2026-11-30,put,6060.0,9.2,9.6,9.399999999999999
2026-11-30,call,6070.0,1732.7,1756.7,1744.7
2026-11-30,put,6070.0,9.3,9.7,9.5
2026-11-30,call,6080.0,1723.1,1747.1,1735.1
2026-11-30,put,6080.0,9.4,9.8,9.600000000000001
2026-11-30,call,6090.0,1713.3,1737.3,1725.3
2026-11-30,put,6090.0,9.6,9.9,9.75
2026-11-30,call,6100.0,1703.5,1727.5,1715.5
2026-11-30,put,6100.0,9.7,10.0,9.85
2026-11-30,call,6110.0,1693.7,1717.7,1705.7
2026-11-30,put,6110.0,9.8,10.2,10.0
2026-11-30,call,6120.0,1683.9,1707.9,1695.9
2026-11-30,put,6120.0,9.9,10.3,10.100000000000001
2026-11-30,call,6130.0,1674.0,1698.0,1686.0
2026-11-30,put,6130.0,10.0,10.4,10.2
2026-11-30,call,6140.0,1664.0,1688.0,1676.0
2026-11-30,put,6140.0,10.1,10.5,10.3
2026-11-30,call,6150.0,1654.2,1678.2,1666.2
2026-11-30,put,6150.0,10.2,10.6,10.399999999999999
2026-11-30,call,6160.0,1644.6,1668.6,1656.6
2026-11-30,put,6160.0,10.3,10.7,10.5
2026-11-30,call,6170.0,1634.8,1658.8,1646.8
2026-11-30,put,6170.0,10.4,10.8,10.600000000000001
2026-11-30,call,6180.0,1625.1,1649.1,1637.1
2026-11-30,put,6180.0,10.6,11.0,10.8
2026-11-30,call,6190.0,1615.2,1639.2,1627.2
2026-11-30,put,6190.0,10.7,11.1,10.899999999999999
2026-11-30,call,6200.0,1605.4,1629.4,1617.4
2026-11-30,put,6200.0,10.8,11.2,11.0
2026-11-30,call,6210.0,1595.6,1619.6,1607.6
2026-11-30,put,6210.0,10.9,11.3,11.100000000000001
2026-11-30,call,6220.0,1585.8,1609.8,1597.8
2026-11-30,put,6220.0,11.0,11.5,11.25
2026-11-30,call,6230.0,1576.1,1600.1,1588.1
2026-11-30,put,6230.0,11.2,11.6,11.399999999999999
2026-11-30,call,6240.0,1566.3,1590.3,1578.3
2026-11-30,put,6240.0,11.3,11.7,11.5
2026-11-30,call,6250.0,1556.5,1580.5,1568.5
2026-11-30,put,6250.0,11.4,11.9,11.65
2026-11-30,call,6260.0,1546.7,1570.7,1558.7
2026-11-30,put,6260.0,11.6,12.0,11.8
2026-11-30,call,6270.0,1536.9,1560.9,1548.9
2026-11-30,put,6270.0,11.7,12.1,11.899999999999999
2026-11-30,call,6275.0,1532.0,1556.0,1544.0
2026-11-30,put,6275.0,11.8,12.2,12.0
2026-11-30,call,6280.0,1527.1,1551.1,1539.1
2026-11-30,put,6280.0,11.8,12.3,12.05
2026-11-30,call,6290.0,1517.4,1541.4,1529.4
2026-11-30,put,6290.0,12.0,12.4,12.2
2026-11-30,call,6300.0,1507.4,1531.4,1519.4
2026-11-30,put,6300.0,12.1,12.5,12.3
2026-11-30,call,6310.0,1497.6,1521.6,1509.6
2026-11-30,put,6310.0,12.2,12.7,12.45
2026-11-30,call,6320.0,1487.9,1511.9,1499.9
2026-11-30,put,6320.0,12.4,12.8,12.600000000000001
2026-11-30,call,6325.0,1483.1,1507.1,1495.1
2026-11-30,put,6325.0,12.5,12.9,12.7
2026-11-30,call,6330.0,1478.2,1502.2,1490.2
2026-11-30,put,6330.0,12.5,13.0,12.75
2026-11-30,call,6340.0,1468.5,1492.5,1480.5
2026-11-30,put,6340.0,12.7,13.1,12.899999999999999
2026-11-30,call,6350.0,1458.6,1482.6,1470.6
2026-11-30,put,6350.0,12.8,13.3,13.05
2026-11-30,call,6360.0,1449.0,1473.0,1461.0
2026-11-30,put,6360.0,13.0,13.4,13.2
2026-11-30,call,6370.0,1439.0,1463.0,1451.0
2026-11-30,put,6370.0,13.1,13.6,13.35
2026-11-30,call,6375.0,1434.4,1458.3,1446.35
2026-11-30,put,6375.0,13.2,13.7,13.45
2026-11-30,call,6380.0,1429.4,1453.4,1441.4
2026-11-30,put,6380.0,13.3,13.8,13.55
2026-11-30,call,6390.0,1419.7,1443.7,1431.7
2026-11-30,put,6390.0,13.5,13.9,13.7
2026-11-30,call,6400.0,1409.9,1433.9,1421.9
2026-11-30,put,6400.0,13.6,14.1,13.85
2026-11-30,call,6410.0,1400.1,1424.1,1412.1
2026-11-30,put,6410.0,13.8,14.3,14.05
2026-11-30,call,6420.0,1390.4,1414.4,1402.4
2026-11-30,put,6420.0,13.9,14.4,14.15
2026-11-30,call,6425.0,1385.6,1409.6,1397.6
2026-11-30,put,6425.0,14.0,14.5,14.25
2026-11-30,call,6430.0,1380.7,1404.7,1392.7
2026-11-30,put,6430.0,14.1,14.6,14.35
2026-11-30,call,6440.0,1371.0,1395.0,1383.0
2026-11-30,put,6440.0,14.3,14.8,14.55
2026-11-30,call,6450.0,1361.2,1385.2,1373.2
2026-11-30,put,6450.0,14.5,15.0,14.75
2026-11-30,call,6460.0,1351.5,1375.5,1363.5
2026-11-30,put,6460.0,14.6,15.1,14.85
2026-11-30,call,6470.0,1341.8,1365.8,1353.8
2026-11-30,put,6470.0,14.8,15.3,15.05
2026-11-30,call,6475.0,1336.8,1360.8,1348.8
2026-11-30,put,6475.0,14.9,15.4,15.15
2026-11-30,call,6480.0,1332.0,1356.0,1344.0
2026-11-30,put,6480.0,15.0,15.5,15.25
2026-11-30,call,6490.0,1322.2,1346.2,1334.2
2026-11-30,put,6490.0,15.2,15.7,15.45
2026-11-30,call,6500.0,1312.4,1336.4,1324.4
2026-11-30,put,6500.0,15.4,15.8,15.600000000000001
2026-11-30,call,6510.0,1302.8,1326.8,1314.8
2026-11-30,put,6510.0,15.6,16.1,15.850000000000001
2026-11-30,call,6520.0,1293.1,1317.1,1305.1
2026-11-30,put,6520.0,15.8,16.3,16.05
2026-11-30,call,6525.0,1288.2,1312.2,1300.2
2026-11-30,put,6525.0,15.9,16.4,16.15
2026-11-30,call,6530.0,1283.4,1307.4,1295.4
2026-11-30,put,6530.0,16.0,16.5,16.25
2026-11-30,call,6540.0,1273.7,1297.7,1285.7
2026-11-30,put,6540.0,16.2,16.7,16.45
2026-11-30,call,6550.0,1264.0,1288.0,1276.0
2026-11-30,put,6550.0,16.4,16.9,16.65
2026-11-30,call,6560.0,1254.2,1278.2,1266.2
2026-11-30,put,6560.0,16.6,17.1,16.85
2026-11-30,call,6570.0,1244.5,1268.5,1256.5
2026-11-30,put,6570.0,16.8,17.3,17.05
2026-11-30,call,6575.0,1239.6,1263.6,1251.6
2026-11-30,put,6575.0,16.9,17.4,17.15
2026-11-30,call,6580.0,1234.9,1258.9,1246.9
2026-11-30,put,6580.0,17.0,17.6,17.3
2026-11-30,call,6590.0,1225.1,1249.1,1237.1
2026-11-30,put,6590.0,17.2,17.8,17.5
2026-11-30,call,6600.0,1215.2,1239.2,1227.2
2026-11-30,put,6600.0,17.4,18.0,17.7
2026-11-30,call,6610.0,1205.7,1229.6,1217.65
2026-11-30,put,6610.0,17.7,18.2,17.95
2026-11-30,call,6620.0,1196.1,1220.1,1208.1
2026-11-30,put,6620.0,17.9,18.5,18.2
2026-11-30,call,6625.0,1191.0,1215.0,1203.0
2026-11-30,put,6625.0,18.0,18.6,18.3
2026-11-30,call,6630.0,1186.2,1210.2,1198.2
2026-11-30,put,6630.0,18.1,18.7,18.4
2026-11-30,call,6640.0,1176.7,1200.7,1188.7
2026-11-30,put,6640.0,18.4,19.0,18.7
2026-11-30,call,6650.0,1167.0,1191.0,1179.0
2026-11-30,put,6650.0,18.6,19.2,18.9
2026-11-30,call,6660.0,1157.3,1181.3,1169.3
2026-11-30,put,6660.0,18.9,19.5,19.2
2026-11-30,call,6670.0,1147.7,1171.7,1159.7
2026-11-30,put,6670.0,19.1,19.7,19.4
2026-11-30,call,6675.0,1142.7,1166.7,1154.7
2026-11-30,put,6675.0,19.3,19.8,19.55
2026-11-30,call,6680.0,1137.9,1161.9,1149.9
2026-11-30,put,6680.0,19.4,20.0,19.7
2026-11-30,call,6690.0,1128.2,1152.2,1140.2
2026-11-30,put,6690.0,19.7,20.2,19.95
2026-11-30,call,6700.0,1118.8,1142.8,1130.8
2026-11-30,put,6700.0,19.9,20.5,20.2
2026-11-30,call,6710.0,1109.2,1133.2,1121.2
2026-11-30,put,6710.0,20.2,20.8,20.5
2026-11-30,call,6720.0,1099.5,1123.5,1111.5
2026-11-30,put,6720.0,20.5,21.1,20.8
2026-11-30,call,6725.0,1094.7,1118.7,1106.7
2026-11-30,put,6725.0,20.6,21.2,20.9
2026-11-30,call,6730.0,1089.8,1113.8,1101.8
2026-11-30,put,6730.0,20.8,21.4,21.1
2026-11-30,call,6740.0,1080.2,1104.2,1092.2
2026-11-30,put,6740.0,21.0,21.6,21.3
2026-11-30,call,6750.0,1070.6,1094.6,1082.6
2026-11-30,put,6750.0,21.3,21.9,21.6
2026-11-30,call,6760.0,1060.8,1084.8,1072.8
2026-11-30,put,6760.0,21.6,22.2,21.9
2026-11-30,call,6770.0,1051.3,1075.3,1063.3
2026-11-30,put,6770.0,21.9,22.5,22.2
2026-11-30,call,6775.0,1046.4,1070.4,1058.4
2026-11-30,put,6775.0,22.1,22.7,22.4
2026-11-30,call,6780.0,1041.7,1065.7,1053.7
2026-11-30,put,6780.0,22.3,22.9,22.6
2026-11-30,call,6790.0,1032.0,1056.0,1044.0
2026-11-30,put,6790.0,22.6,23.2,22.9
2026-11-30,call,6800.0,1022.6,1046.6,1034.6
2026-11-30,put,6800.0,22.9,23.5,23.2
2026-11-30,call,6810.0,1013.0,1037.0,1025.0
2026-11-30,put,6810.0,23.2,23.8,23.5
2026-11-30,call,6820.0,1003.5,1027.4,1015.45
2026-11-30,put,6820.0,23.6,24.2,23.9
2026-11-30,call,6825.0,998.6,1022.6,1010.6
2026-11-30,put,6825.0,23.7,24.3,24.0
2026-11-30,call,6830.0,993.9,1017.9,1005.9
2026-11-30,put,6830.0,23.9,24.5,24.2
2026-11-30,call,6840.0,984.3,1008.3,996.3
2026-11-30,put,6840.0,24.3,24.9,24.6
2026-11-30,call,6850.0,974.8,998.8,986.8
2026-11-30,put,6850.0,24.6,25.2,24.9
2026-11-30,call,6860.0,965.1,989.1,977.1
2026-11-30,put,6860.0,25.0,25.6,25.3
2026-11-30,call,6870.0,955.7,979.7,967.7
2026-11-30,put,6870.0,25.4,26.0,25.7
2026-11-30,call,6875.0,950.8,974.8,962.8
2026-11-30,put,6875.0,25.5,26.2,25.85
2026-11-30,call,6880.0,946.1,970.1,958.1
2026-11-30,put,6880.0,25.7,26.4,26.049999999999997
2026-11-30,call,6890.0,936.6,960.6,948.6
2026-11-30,put,6890.0,26.1,26.8,26.450000000000003
2026-11-30,call,6900.0,926.9,950.9,938.9
2026-11-30,put,6900.0,26.5,27.1,26.8
2026-11-30,call,6910.0,917.6,941.6,929.6
2026-11-30,put,6910.0,26.9,27.5,27.2
2026-11-30,call,6920.0,908.1,932.1,920.1
2026-11-30,put,6920.0,27.3,28.0,27.65
2026-11-30,call,6925.0,903.4,927.4,915.4
2026-11-30,put,6925.0,27.5,28.2,27.85
2026-11-30,call,6930.0,898.5,922.5,910.5
2026-11-30,put,6930.0,27.8,28.4,28.1
2026-11-30,call,6940.0,889.0,913.0,901.0
2026-11-30,put,6940.0,28.2,28.8,28.5
2026-11-30,call,6950.0,879.6,903.5,891.55
2026-11-30,put,6950.0,28.6,29.3,28.950000000000003
2026-11-30,call,6960.0,870.1,894.1,882.1
2026-11-30,put,6960.0,29.1,29.7,29.4
2026-11-30,call,6970.0,860.7,884.7,872.7
2026-11-30,put,6970.0,29.5,30.2,29.85
2026-11-30,call,6975.0,855.9,879.9,867.9
2026-11-30,put,6975.0,29.8,30.4,30.1
2026-11-30,call,6980.0,851.2,875.2,863.2
2026-11-30,put,6980.0,30.0,30.7,30.35
2026-11-30,call,6990.0,841.8,865.8,853.8
2026-11-30,put,6990.0,30.5,31.1,30.8
2026-11-30,call,7000.0,832.3,856.3,844.3
2026-11-30,put,7000.0,31.1,31.5,31.3
2026-11-30,call,7010.0,823.0,847.0,835.0
2026-11-30,put,7010.0,31.5,32.1,31.8
2026-11-30,call,7020.0,813.4,837.4,825.4
2026-11-30,put,7020.0,32.0,32.7,32.35
2026-11-30,call,7025.0,809.0,833.0,821.0
2026-11-30,put,7025.0,32.2,32.9,32.55
2026-11-30,call,7030.0,804.2,828.2,816.2
2026-11-30,put,7030.0,32.5,33.2,32.85
2026-11-30,call,7040.0,794.9,818.9,806.9
2026-11-30,put,7040.0,33.0,33.7,33.35
2026-11-30,call,7050.0,785.6,809.6,797.6
2026-11-30,put,7050.0,33.7,34.2,33.95
2026-11-30,call,7060.0,776.0,800.0,788.0
2026-11-30,put,7060.0,34.1,34.8,34.45
2026-11-30,call,7065.0,771.5,795.5,783.5
2026-11-30,put,7065.0,34.4,35.1,34.75
2026-11-30,call,7070.0,766.8,790.8,778.8
2026-11-30,put,7070.0,34.7,35.4,35.05
2026-11-30,call,7075.0,762.0,786.0,774.0
2026-11-30,put,7075.0,35.0,35.7,35.35
2026-11-30,call,7080.0,757.5,781.5,769.5
2026-11-30,put,7080.0,35.3,36.0,35.65
2026-11-30,call,7085.0,752.8,776.8,764.8
2026-11-30,put,7085.0,35.6,36.3,35.95
2026-11-30,call,7090.0,748.1,772.1,760.1
2026-11-30,put,7090.0,35.9,36.6,36.25
2026-11-30,call,7095.0,743.5,767.5,755.5
2026-11-30,put,7095.0,36.2,36.9,36.55
2026-11-30,call,7100.0,738.8,762.8,750.8
2026-11-30,put,7100.0,36.5,37.2,36.85
2026-11-30,call,7105.0,734.1,758.1,746.1
2026-11-30,put,7105.0,36.8,37.5,37.15
2026-11-30,call,7110.0,729.6,753.6,741.6
2026-11-30,put,7110.0,37.1,37.9,37.5
2026-11-30,call,7115.0,725.0,749.0,737.0
2026-11-30,put,7115.0,37.5,38.2,37.85
2026-11-30,call,7120.0,720.3,744.3,732.3
2026-11-30,put,7120.0,37.8,38.5,38.15
2026-11-30,call,7125.0,715.6,739.6,727.6
2026-11-30,put,7125.0,38.1,38.8,38.45
2026-11-30,call,7130.0,710.9,734.9,722.9
2026-11-30,put,7130.0,38.5,39.2,38.85
2026-11-30,call,7135.0,706.5,730.5,718.5
2026-11-30,put,7135.0,38.8,39.5,39.15
2026-11-30,call,7140.0,701.8,725.8,713.8
2026-11-30,put,7140.0,39.1,39.9,39.5
2026-11-30,call,7145.0,697.0,721.0,709.0
2026-11-30,put,7145.0,39.5,40.2,39.85
2026-11-30,call,7150.0,692.4,716.4,704.4
2026-11-30,put,7150.0,39.8,40.6,40.2
2026-11-30,call,7155.0,687.9,711.9,699.9
2026-11-30,put,7155.0,40.2,40.9,40.55
2026-11-30,call,7160.0,683.3,707.3,695.3
2026-11-30,put,7160.0,40.5,41.3,40.9
2026-11-30,call,7165.0,678.9,702.9,690.9
2026-11-30,put,7165.0,40.9,41.6,41.25
2026-11-30,call,7170.0,674.2,698.2,686.2
2026-11-30,put,7170.0,41.3,42.0,41.65
2026-11-30,call,7175.0,669.6,693.6,681.6
2026-11-30,put,7175.0,41.6,42.4,42.0
2026-11-30,call,7180.0,665.0,689.0,677.0
2026-11-30,put,7180.0,42.0,42.7,42.35
2026-11-30,call,7185.0,660.4,684.4,672.4
2026-11-30,put,7185.0,42.4,43.1,42.75
2026-11-30,call,7190.0,655.9,679.9,667.9
2026-11-30,put,7190.0,42.8,43.5,43.15
2026-11-30,call,7195.0,651.3,675.3,663.3
2026-11-30,put,7195.0,43.2,43.9,43.55
2026-11-30,call,7200.0,646.6,670.6,658.6
2026-11-30,put,7200.0,43.5,44.3,43.9
2026-11-30,call,7205.0,642.3,666.3,654.3
2026-11-30,put,7205.0,43.9,44.7,44.3
2026-11-30,call,7210.0,637.6,661.6,649.6
2026-11-30,put,7210.0,44.3,45.1,44.7
2026-11-30,call,7215.0,632.9,656.9,644.9
2026-11-30,put,7215.0,44.7,45.5,45.1
2026-11-30,call,7220.0,628.4,652.4,640.4
2026-11-30,put,7220.0,45.2,45.9,45.55
2026-11-30,call,7225.0,624.2,648.2,636.2
2026-11-30,put,7225.0,45.6,46.3,45.95
2026-11-30,call,7230.0,619.4,643.4,631.4
2026-11-30,put,7230.0,46.0,46.8,46.4
2026-11-30,call,7235.0,615.0,639.0,627.0
2026-11-30,put,7235.0,46.4,47.2,46.8
2026-11-30,call,7240.0,610.3,634.3,622.3
2026-11-30,put,7240.0,46.9,47.6,47.25
2026-11-30,call,7245.0,606.0,630.0,618.0
2026-11-30,put,7245.0,47.3,48.1,47.7
2026-11-30,call,7250.0,601.5,625.5,613.5
2026-11-30,put,7250.0,47.9,48.4,48.15
2026-11-30,call,7255.0,597.0,621.0,609.0
2026-11-30,put,7255.0,48.2,49.0,48.6
2026-11-30,call,7260.0,592.4,616.4,604.4
2026-11-30,put,7260.0,48.6,49.4,49.0
2026-11-30,call,7265.0,587.9,611.9,599.9
2026-11-30,put,7265.0,49.1,49.9,49.5
2026-11-30,call,7270.0,583.3,607.3,595.3
2026-11-30,put,7270.0,49.6,50.4,50.0
2026-11-30,call,7275.0,578.9,602.9,590.9
2026-11-30,put,7275.0,50.1,50.8,50.45
2026-11-30,call,7280.0,574.6,598.5,586.55
2026-11-30,put,7280.0,50.5,51.3,50.9
2026-11-30,call,7285.0,570.0,594.0,582.0
2026-11-30,put,7285.0,51.0,51.8,51.4
2026-11-30,call,7290.0,565.5,589.5,577.5
2026-11-30,put,7290.0,51.5,52.3,51.9
2026-11-30,call,7295.0,560.9,584.9,572.9
2026-11-30,put,7295.0,52.0,52.8,52.4
2026-11-30,call,7300.0,556.6,580.6,568.6
2026-11-30,put,7300.0,52.7,53.2,52.95
2026-11-30,call,7305.0,552.2,576.2,564.2
2026-11-30,put,7305.0,53.0,53.8,53.4
2026-11-30,call,7310.0,547.8,571.8,559.8
2026-11-30,put,7310.0,53.5,54.3,53.9
2026-11-30,call,7315.0,543.3,567.3,555.3
2026-11-30,put,7315.0,54.1,54.9,54.5
2026-11-30,call,7320.0,538.8,562.8,550.8
2026-11-30,put,7320.0,54.6,55.4,55.0
2026-11-30,call,7325.0,534.6,558.6,546.6
2026-11-30,put,7325.0,55.1,55.9,55.5
2026-11-30,call,7330.0,530.2,554.2,542.2
2026-11-30,put,7330.0,55.7,56.5,56.1
2026-11-30,call,7335.0,525.7,549.7,537.7
2026-11-30,put,7335.0,56.2,57.0,56.6
2026-11-30,call,7340.0,521.2,545.2,533.2
2026-11-30,put,7340.0,56.8,57.6,57.2
2026-11-30,call,7345.0,516.9,540.9,528.9
2026-11-30,put,7345.0,57.3,58.2,57.75
2026-11-30,call,7350.0,512.5,536.5,524.5
2026-11-30,put,7350.0,58.1,58.6,58.35
2026-11-30,call,7355.0,508.2,532.2,520.2
2026-11-30,put,7355.0,58.5,59.3,58.9
2026-11-30,call,7360.0,503.6,527.6,515.6
2026-11-30,put,7360.0,59.1,59.9,59.5
2026-11-30,call,7365.0,499.4,523.4,511.4
2026-11-30,put,7365.0,59.7,60.5,60.1
2026-11-30,call,7370.0,495.2,519.2,507.20000000000005
2026-11-30,put,7370.0,60.3,61.1,60.7
2026-11-30,call,7375.0,490.7,514.7,502.70000000000005
2026-11-30,put,7375.0,60.9,61.8,61.349999999999994
2026-11-30,call,7380.0,486.3,510.3,498.3
2026-11-30,put,7380.0,61.5,62.4,61.95
2026-11-30,call,7385.0,482.1,506.1,494.1
2026-11-30,put,7385.0,62.2,63.0,62.6
2026-11-30,call,7390.0,477.8,501.8,489.8
2026-11-30,put,7390.0,62.8,63.7,63.25
2026-11-30,call,7395.0,473.5,497.5,485.5
2026-11-30,put,7395.0,63.4,64.3,63.849999999999994
2026-11-30,call,7400.0,469.2,493.2,481.2
2026-11-30,put,7400.0,64.3,64.9,64.6
2026-11-30,call,7405.0,464.9,488.9,476.9
2026-11-30,put,7405.0,64.8,65.6,65.19999999999999
2026-11-30,call,7410.0,460.7,484.7,472.7
2026-11-30,put,7410.0,65.4,66.3,65.85
2026-11-30,call,7415.0,456.4,480.4,468.4
2026-11-30,put,7415.0,66.1,67.0,66.55
2026-11-30,call,7420.0,452.2,476.2,464.2
2026-11-30,put,7420.0,66.8,67.7,67.25
2026-11-30,call,7425.0,447.9,471.9,459.9
2026-11-30,put,7425.0,67.5,68.4,67.95
2026-11-30,call,7430.0,443.7,467.7,455.7
2026-11-30,put,7430.0,68.2,69.1,68.65
2026-11-30,call,7435.0,439.4,463.4,451.4
2026-11-30,put,7435.0,69.0,69.8,69.4
2026-11-30,call,7440.0,435.2,459.2,447.2
2026-11-30,put,7440.0,69.7,70.6,70.15
2026-11-30,call,7445.0,430.9,454.9,442.9
2026-11-30,put,7445.0,70.4,71.3,70.85
2026-11-30,call,7450.0,426.7,450.7,438.7
2026-11-30,put,7450.0,71.4,72.0,71.7
2026-11-30,call,7455.0,422.6,446.6,434.6
2026-11-30,put,7455.0,71.9,72.8,72.35
2026-11-30,call,7460.0,418.4,442.4,430.4
2026-11-30,put,7460.0,72.7,73.6,73.15
2026-11-30,call,7465.0,414.3,438.3,426.3
2026-11-30,put,7465.0,73.5,74.4,73.95
2026-11-30,call,7470.0,410.1,434.1,422.1
2026-11-30,put,7470.0,74.3,75.2,74.75
2026-11-30,call,7475.0,406.0,430.0,418.0
2026-11-30,put,7475.0,75.1,76.0,75.55
2026-11-30,call,7480.0,401.8,425.8,413.8
2026-11-30,put,7480.0,75.9,76.8,76.35
2026-11-30,call,7485.0,397.6,421.6,409.6
2026-11-30,put,7485.0,76.7,77.7,77.2
2026-11-30,call,7490.0,393.6,417.6,405.6
2026-11-30,put,7490.0,77.6,78.5,78.05
2026-11-30,call,7495.0,389.5,413.5,401.5
2026-11-30,put,7495.0,78.4,79.4,78.9
2026-11-30,call,7500.0,385.3,409.3,397.3
2026-11-30,put,7500.0,79.5,80.1,79.8
2026-11-30,call,7505.0,381.4,405.4,393.4
2026-11-30,put,7505.0,80.2,81.1,80.65
2026-11-30,call,7510.0,377.2,401.2,389.2
2026-11-30,put,7510.0,81.1,82.0,81.55
2026-11-30,call,7515.0,373.2,397.2,385.2
2026-11-30,put,7515.0,82.0,82.9,82.45
2026-11-30,call,7520.0,369.1,393.1,381.1
2026-11-30,put,7520.0,82.9,83.8,83.35
2026-11-30,call,7525.0,365.1,389.1,377.1
2026-11-30,put,7525.0,83.8,84.8,84.3
2026-11-30,call,7530.0,361.1,385.1,373.1
2026-11-30,put,7530.0,84.8,85.7,85.25
2026-11-30,call,7535.0,357.0,381.0,369.0
2026-11-30,put,7535.0,85.7,86.7,86.2
2026-11-30,call,7540.0,353.1,377.1,365.1
2026-11-30,put,7540.0,86.7,87.6,87.15
2026-11-30,call,7545.0,349.2,373.2,361.2
2026-11-30,put,7545.0,87.7,88.6,88.15
2026-11-30,call,7550.0,345.1,369.1,357.1
2026-11-30,put,7550.0,88.7,89.6,89.15
2026-11-30,call,7555.0,341.3,365.3,353.3
2026-11-30,put,7555.0,89.7,90.6,90.15
2026-11-30,call,7560.0,337.4,361.4,349.4
2026-11-30,put,7560.0,90.7,91.7,91.2
2026-11-30,call,7565.0,333.4,357.4,345.4
2026-11-30,put,7565.0,91.7,92.7,92.2
2026-11-30,call,7570.0,329.6,353.6,341.6
2026-11-30,put,7570.0,92.8,93.8,93.3
2026-11-30,call,7575.0,325.7,349.7,337.7
2026-11-30,put,7575.0,93.9,94.8,94.35
2026-11-30,call,7580.0,324.0,347.9,335.95
2026-11-30,put,7580.0,94.9,95.9,95.4
2026-11-30,call,7585.0,331.5,332.5,332.0
2026-11-30,put,7585.0,96.0,97.0,96.5
2026-11-30,call,7590.0,327.6,328.7,328.15
2026-11-30,put,7590.0,97.1,98.1,97.6
2026-11-30,call,7595.0,323.8,324.9,324.35
2026-11-30,put,7595.0,98.3,99.3,98.8
2026-11-30,call,7600.0,320.0,321.1,320.55
2026-11-30,put,7600.0,99.6,100.3,99.94999999999999
2026-11-30,call,7605.0,316.2,317.3,316.75
2026-11-30,put,7605.0,100.6,101.6,101.1
2026-11-30,call,7610.0,312.4,313.5,312.95
2026-11-30,put,7610.0,101.7,102.8,102.25
2026-11-30,call,7615.0,308.6,309.7,309.15
2026-11-30,put,7615.0,102.9,104.0,103.45
2026-11-30,call,7620.0,304.9,306.0,305.45
2026-11-30,put,7620.0,104.2,105.2,104.7
2026-11-30,call,7625.0,301.2,302.3,301.75
2026-11-30,put,7625.0,105.4,106.4,105.9
2026-11-30,call,7630.0,297.3,298.6,297.95000000000005
2026-11-30,put,7630.0,106.6,107.7,107.15
2026-11-30,call,7635.0,293.8,294.9,294.35
2026-11-30,put,7635.0,107.9,108.9,108.4
2026-11-30,call,7640.0,290.1,291.2,290.65
2026-11-30,put,7640.0,109.2,110.2,109.7
2026-11-30,call,7645.0,286.4,287.5,286.95
2026-11-30,put,7645.0,110.5,111.5,111.0
2026-11-30,call,7650.0,282.8,283.9,283.35
2026-11-30,put,7650.0,112.0,112.7,112.35
2026-11-30,call,7655.0,279.1,280.3,279.70000000000005
2026-11-30,put,7655.0,113.1,114.2,113.65
2026-11-30,call,7660.0,275.5,276.7,276.1
2026-11-30,put,7660.0,114.5,115.6,115.05
2026-11-30,call,7665.0,272.0,273.1,272.55
2026-11-30,put,7665.0,115.8,116.9,116.35
2026-11-30,call,7670.0,268.4,269.5,268.95
2026-11-30,put,7670.0,117.2,118.3,117.75
2026-11-30,call,7675.0,264.8,266.0,265.4
2026-11-30,put,7675.0,118.7,119.8,119.25
2026-11-30,call,7680.0,261.3,262.5,261.9
2026-11-30,put,7680.0,120.1,121.2,120.65
2026-11-30,call,7685.0,257.8,259.0,258.4
2026-11-30,put,7685.0,121.5,122.6,122.05
2026-11-30,call,7690.0,254.3,255.5,254.9
2026-11-30,put,7690.0,123.0,124.1,123.55
2026-11-30,call,7695.0,250.9,252.0,251.45
2026-11-30,put,7695.0,124.5,125.6,125.05
2026-11-30,call,7700.0,247.4,248.6,248.0
2026-11-30,put,7700.0,126.3,127.0,126.65
2026-11-30,call,7705.0,244.0,245.2,244.6
2026-11-30,put,7705.0,127.6,128.7,128.14999999999998
2026-11-30,call,7710.0,240.6,241.8,241.2
2026-11-30,put,7710.0,129.1,130.3,129.7
2026-11-30,call,7715.0,237.2,238.4,237.8
2026-11-30,put,7715.0,130.7,131.8,131.25
2026-11-30,call,7720.0,233.9,235.1,234.5
2026-11-30,put,7720.0,132.3,133.5,132.9
2026-11-30,call,7725.0,230.5,231.7,231.1
2026-11-30,put,7725.0,134.0,135.1,134.55
2026-11-30,call,7730.0,227.2,228.4,227.8
2026-11-30,put,7730.0,135.6,136.7,136.14999999999998
2026-11-30,call,7735.0,223.9,225.1,224.5
2026-11-30,put,7735.0,137.3,138.4,137.85000000000002
2026-11-30,call,7740.0,220.7,221.9,221.3
2026-11-30,put,7740.0,139.0,140.1,139.55
2026-11-30,call,7745.0,217.4,218.7,218.05
2026-11-30,put,7745.0,140.7,141.8,141.25
2026-11-30,call,7750.0,214.2,215.4,214.8
2026-11-30,put,7750.0,142.7,143.5,143.1
2026-11-30,call,7755.0,211.0,212.2,211.6
2026-11-30,put,7755.0,144.2,145.4,144.8
2026-11-30,call,7760.0,207.9,209.1,208.5
2026-11-30,put,7760.0,146.0,147.1,146.55
2026-11-30,call,7765.0,204.7,205.9,205.3
2026-11-30,put,7765.0,147.8,149.0,148.4
2026-11-30,call,7770.0,201.6,202.8,202.2
2026-11-30,put,7770.0,149.7,150.8,150.25
2026-11-30,call,7775.0,198.5,199.7,199.1
2026-11-30,put,7775.0,151.5,152.7,152.1
2026-11-30,call,7780.0,195.4,196.7,196.05
2026-11-30,put,7780.0,153.4,154.6,154.0
2026-11-30,call,7785.0,192.4,193.6,193.0
2026-11-30,put,7785.0,155.3,156.5,155.9
2026-11-30,call,7790.0,189.4,190.6,190.0
2026-11-30,put,7790.0,157.2,158.4,157.8
2026-11-30,call,7795.0,186.4,187.6,187.0
2026-11-30,put,7795.0,159.2,160.4,159.8
2026-11-30,call,7800.0,183.5,184.6,184.05
2026-11-30,put,7800.0,161.5,162.3,161.9
2026-11-30,call,7805.0,180.5,181.7,181.1
2026-11-30,put,7805.0,163.2,164.4,163.8
2026-11-30,call,7810.0,177.6,178.8,178.2
2026-11-30,put,7810.0,165.3,166.5,165.9
2026-11-30,call,7815.0,174.7,175.9,175.3
2026-11-30,put,7815.0,167.3,168.5,167.9
2026-11-30,call,7820.0,171.8,173.1,172.45
2026-11-30,put,7820.0,169.4,170.6,170.0
2026-11-30,call,7825.0,169.0,170.2,169.6
2026-11-30,put,7825.0,171.6,172.8,172.2
2026-11-30,call,7830.0,166.2,167.4,166.8
2026-11-30,put,7830.0,173.7,174.9,174.3
2026-11-30,call,7835.0,163.4,164.7,164.05
2026-11-30,put,7835.0,175.9,177.1,176.5
2026-11-30,call,7840.0,160.7,161.9,161.3
2026-11-30,put,7840.0,178.1,179.3,178.7
2026-11-30,call,7845.0,157.9,159.2,158.55
2026-11-30,put,7845.0,180.4,181.6,181.0
2026-11-30,call,7850.0,155.5,156.5,156.0
2026-11-30,put,7850.0,182.6,183.8,183.2
2026-11-30,call,7855.0,152.6,153.8,153.2
2026-11-30,put,7855.0,184.9,186.1,185.5
2026-11-30,call,7860.0,149.9,151.2,150.55
2026-11-30,put,7860.0,187.2,188.5,187.85
2026-11-30,call,7865.0,147.3,148.6,147.95
2026-11-30,put,7865.0,189.6,190.8,190.2
2026-11-30,call,7870.0,144.8,146.0,145.4
2026-11-30,put,7870.0,192.0,193.2,192.6
2026-11-30,call,7875.0,142.2,143.4,142.8
2026-11-30,put,7875.0,194.4,195.6,195.0
2026-11-30,call,7880.0,139.7,140.9,140.3
2026-11-30,put,7880.0,196.8,198.0,197.4
2026-11-30,call,7885.0,137.2,138.4,137.8
2026-11-30,put,7885.0,199.3,200.5,199.9
2026-11-30,call,7890.0,134.7,135.9,135.3
2026-11-30,put,7890.0,201.8,203.0,202.4
2026-11-30,call,7895.0,132.3,133.5,132.9
2026-11-30,put,7895.0,204.3,205.5,204.9
2026-11-30,call,7900.0,129.9,131.1,130.5
2026-11-30,put,7900.0,206.9,208.2,207.55
2026-11-30,call,7905.0,127.5,128.7,128.1
2026-11-30,put,7905.0,209.4,210.6,210.0
2026-11-30,call,7910.0,125.1,126.4,125.75
2026-11-30,put,7910.0,212.0,213.2,212.6
2026-11-30,call,7915.0,122.8,124.0,123.4
2026-11-30,put,7915.0,214.7,215.9,215.3
2026-11-30,call,7920.0,120.5,121.7,121.1
2026-11-30,put,7920.0,217.3,218.5,217.9
2026-11-30,call,7925.0,118.3,119.4,118.85
2026-11-30,put,7925.0,220.0,221.2,220.6
2026-11-30,call,7930.0,116.0,117.2,116.6
2026-11-30,put,7930.0,222.8,223.9,223.35000000000002
2026-11-30,call,7935.0,113.8,115.0,114.4
2026-11-30,put,7935.0,225.5,226.7,226.1
2026-11-30,call,7940.0,111.7,112.8,112.25
2026-11-30,put,7940.0,228.3,229.5,228.9
2026-11-30,call,7945.0,109.5,110.7,110.1
2026-11-30,put,7945.0,231.1,232.3,231.7
2026-11-30,call,7950.0,107.7,108.5,108.1
2026-11-30,put,7950.0,233.9,235.1,234.5
2026-11-30,call,7955.0,105.3,106.4,105.85
2026-11-30,put,7955.0,236.8,238.0,237.4
2026-11-30,call,7960.0,103.2,104.4,103.80000000000001
2026-11-30,put,7960.0,239.7,241.0,240.35
2026-11-30,call,7965.0,101.2,102.3,101.75
2026-11-30,put,7965.0,242.6,243.8,243.2
2026-11-30,call,7970.0,99.2,100.3,99.75
2026-11-30,put,7970.0,245.6,246.7,246.14999999999998
2026-11-30,call,7975.0,97.2,98.3,97.75
2026-11-30,put,7975.0,248.6,249.7,249.14999999999998
2026-11-30,call,7980.0,95.3,96.4,95.85
2026-11-30,put,7980.0,251.6,252.7,252.14999999999998
2026-11-30,call,7985.0,93.3,94.4,93.85
2026-11-30,put,7985.0,254.6,255.7,255.14999999999998
2026-11-30,call,7990.0,91.4,92.5,91.95
2026-11-30,put,7990.0,257.7,258.8,258.25
2026-11-30,call,7995.0,89.6,90.7,90.15
2026-11-30,put,7995.0,260.8,261.9,261.35
2026-11-30,call,8000.0,88.0,88.8,88.4
2026-11-30,put,8000.0,263.9,265.0,264.45
2026-11-30,call,8005.0,85.9,87.0,86.45
2026-11-30,put,8005.0,267.0,268.3,267.65
2026-11-30,call,8010.0,84.2,85.2,84.7
2026-11-30,put,8010.0,270.2,271.3,270.75
2026-11-30,call,8015.0,82.4,83.4,82.9
2026-11-30,put,8015.0,273.4,274.5,273.95
2026-11-30,call,8020.0,80.7,81.7,81.2
2026-11-30,put,8020.0,276.7,277.7,277.2
2026-11-30,call,8025.0,79.0,80.0,79.5
2026-11-30,put,8025.0,279.9,281.0,280.45
2026-11-30,call,8030.0,77.3,78.3,77.8
2026-11-30,put,8030.0,283.2,284.4,283.79999999999995
2026-11-30,call,8035.0,75.7,76.7,76.2
2026-11-30,put,8035.0,286.5,287.7,287.1
2026-11-30,call,8040.0,74.0,75.0,74.5
2026-11-30,put,8040.0,279.0,302.3,290.65
2026-11-30,call,8045.0,72.4,73.4,72.9
2026-11-30,put,8045.0,283.8,307.8,295.8
2026-11-30,call,8050.0,71.1,71.9,71.5
2026-11-30,put,8050.0,287.1,311.1,299.1
2026-11-30,call,8055.0,69.3,70.3,69.8
2026-11-30,put,8055.0,290.6,314.6,302.6
2026-11-30,call,8060.0,67.8,68.8,68.3
2026-11-30,put,8060.0,294.0,318.0,306.0
2026-11-30,call,8065.0,66.3,67.3,66.8
2026-11-30,put,8065.0,297.5,321.5,309.5
2026-11-30,call,8070.0,64.9,65.8,65.35
2026-11-30,put,8070.0,301.1,325.1,313.1
2026-11-30,call,8075.0,63.4,64.4,63.900000000000006
2026-11-30,put,8075.0,304.6,328.6,316.6
2026-11-30,call,8080.0,62.0,63.0,62.5
2026-11-30,put,8080.0,308.2,332.2,320.2
2026-11-30,call,8085.0,60.6,61.6,61.1
2026-11-30,put,8085.0,311.7,335.7,323.7
2026-11-30,call,8090.0,59.2,60.2,59.7
2026-11-30,put,8090.0,315.3,339.3,327.3
2026-11-30,call,8095.0,57.9,58.8,58.349999999999994
2026-11-30,put,8095.0,319.0,343.0,331.0
2026-11-30,call,8100.0,56.8,57.5,57.15
2026-11-30,put,8100.0,322.6,346.6,334.6
2026-11-30,call,8105.0,55.3,56.2,55.75
2026-11-30,put,8105.0,326.2,350.2,338.2
2026-11-30,call,8110.0,54.0,54.9,54.45
2026-11-30,put,8110.0,330.0,354.0,342.0
2026-11-30,call,8115.0,52.8,53.7,53.25
2026-11-30,put,8115.0,333.7,357.7,345.7
2026-11-30,call,8120.0,51.6,52.5,52.05
2026-11-30,put,8120.0,337.4,361.4,349.4
2026-11-30,call,8125.0,50.4,51.3,50.849999999999994
2026-11-30,put,8125.0,341.2,365.2,353.2
2026-11-30,call,8130.0,49.2,50.1,49.650000000000006
2026-11-30,put,8130.0,345.0,369.0,357.0
2026-11-30,call,8135.0,48.0,48.9,48.45
2026-11-30,put,8135.0,348.8,372.8,360.8
2026-11-30,call,8140.0,46.9,47.8,47.349999999999994
2026-11-30,put,8140.0,352.7,376.7,364.7
2026-11-30,call,8145.0,45.8,46.7,46.25
2026-11-30,put,8145.0,356.5,380.5,368.5
2026-11-30,call,8150.0,44.9,45.6,45.25
2026-11-30,put,8150.0,360.3,384.3,372.3
2026-11-30,call,8155.0,43.6,44.5,44.05
2026-11-30,put,8155.0,364.3,388.3,376.3
2026-11-30,call,8160.0,42.6,43.5,43.05
2026-11-30,put,8160.0,368.2,392.2,380.2
2026-11-30,call,8165.0,41.6,42.5,42.05
2026-11-30,put,8165.0,372.1,396.1,384.1
2026-11-30,call,8170.0,40.6,41.4,41.0
2026-11-30,put,8170.0,376.2,400.2,388.2
2026-11-30,call,8175.0,39.6,40.5,40.05
2026-11-30,put,8175.0,380.1,404.1,392.1
2026-11-30,call,8180.0,38.6,39.5,39.05
2026-11-30,put,8180.0,384.2,408.2,396.2
2026-11-30,call,8185.0,37.7,38.5,38.1
2026-11-30,put,8185.0,388.2,412.2,400.2
2026-11-30,call,8190.0,36.8,37.6,37.2
2026-11-30,put,8190.0,392.2,416.2,404.2
2026-11-30,call,8195.0,35.9,36.7,36.3
2026-11-30,put,8195.0,396.3,420.3,408.3
2026-11-30,call,8200.0,35.2,35.8,35.5
2026-11-30,put,8200.0,400.4,424.4,412.4
2026-11-30,call,8205.0,34.1,35.0,34.55
2026-11-30,put,8205.0,404.5,428.4,416.45
2026-11-30,call,8210.0,33.3,34.1,33.7
2026-11-30,put,8210.0,408.6,432.6,420.6
2026-11-30,call,8215.0,32.5,33.3,32.9
2026-11-30,put,8215.0,412.8,436.8,424.8
2026-11-30,call,8220.0,31.7,32.5,32.1
2026-11-30,put,8220.0,416.9,440.9,428.9
2026-11-30,call,8225.0,30.9,31.7,31.299999999999997
2026-11-30,put,8225.0,421.1,445.1,433.1
2026-11-30,call,8230.0,30.1,30.9,30.5
2026-11-30,put,8230.0,425.4,449.4,437.4
2026-11-30,call,8235.0,29.3,30.1,29.700000000000003
2026-11-30,put,8235.0,429.5,453.5,441.5
2026-11-30,call,8240.0,28.6,29.4,29.0
2026-11-30,put,8240.0,433.7,457.7,445.7
2026-11-30,call,8245.0,27.9,28.7,28.299999999999997
2026-11-30,put,8245.0,438.1,462.1,450.1
2026-11-30,call,8250.0,27.2,27.9,27.549999999999997
2026-11-30,put,8250.0,442.3,466.3,454.3
2026-11-30,call,8255.0,26.5,27.2,26.85
2026-11-30,put,8255.0,446.5,470.5,458.5
2026-11-30,call,8260.0,25.8,26.6,26.200000000000003
2026-11-30,put,8260.0,450.8,474.8,462.8
2026-11-30,call,8265.0,25.1,25.9,25.5
2026-11-30,put,8265.0,455.1,479.1,467.1
2026-11-30,call,8270.0,24.5,25.2,24.85
2026-11-30,put,8270.0,459.4,483.4,471.4
2026-11-30,call,8275.0,23.9,24.6,24.25
2026-11-30,put,8275.0,463.7,487.7,475.7
2026-11-30,call,8280.0,23.2,24.0,23.6
2026-11-30,put,8280.0,468.3,492.3,480.3
2026-11-30,call,8285.0,22.6,23.4,23.0
2026-11-30,put,8285.0,472.5,496.5,484.5
2026-11-30,call,8290.0,22.1,22.8,22.450000000000003
2026-11-30,put,8290.0,477.0,501.0,489.0
2026-11-30,call,8295.0,21.5,22.2,21.85
2026-11-30,put,8295.0,481.2,505.2,493.2
2026-11-30,call,8300.0,21.1,21.6,21.35
2026-11-30,put,8300.0,485.6,509.6,497.6
2026-11-30,call,8305.0,20.4,21.1,20.75
2026-11-30,put,8305.0,490.1,514.1,502.1
2026-11-30,call,8310.0,19.9,20.6,20.25
2026-11-30,put,8310.0,494.5,518.5,506.5
2026-11-30,call,8315.0,19.3,20.0,19.65
2026-11-30,put,8315.0,498.8,522.8,510.79999999999995
2026-11-30,call,8320.0,18.8,19.5,19.15
2026-11-30,put,8320.0,503.4,527.4,515.4
2026-11-30,call,8325.0,18.3,19.0,18.65
2026-11-30,put,8325.0,507.9,531.9,519.9
2026-11-30,call,8330.0,17.9,18.6,18.25
2026-11-30,put,8330.0,512.3,536.3,524.3
2026-11-30,call,8335.0,17.4,18.1,17.75
2026-11-30,put,8335.0,516.9,540.9,528.9
2026-11-30,call,8340.0,16.9,17.6,17.25
2026-11-30,put,8340.0,521.4,545.4,533.4
2026-11-30,call,8345.0,16.5,17.2,16.85
2026-11-30,put,8345.0,525.8,549.8,537.8
2026-11-30,call,8350.0,16.2,16.6,16.4
2026-11-30,put,8350.0,530.5,554.5,542.5
2026-11-30,call,8355.0,15.7,16.3,16.0
2026-11-30,put,8355.0,535.0,559.0,547.0
2026-11-30,call,8360.0,15.3,15.9,15.600000000000001
2026-11-30,put,8360.0,539.4,563.4,551.4
2026-11-30,call,8365.0,14.9,15.5,15.2
2026-11-30,put,8365.0,544.1,568.1,556.1
2026-11-30,call,8370.0,14.5,15.1,14.8
2026-11-30,put,8370.0,548.7,572.6,560.6500000000001
2026-11-30,call,8375.0,14.1,14.7,14.399999999999999
2026-11-30,put,8375.0,553.4,577.4,565.4
2026-11-30,call,8380.0,13.7,14.4,14.05
2026-11-30,put,8380.0,557.8,581.8,569.8
2026-11-30,call,8385.0,13.4,14.0,13.7
2026-11-30,put,8385.0,562.5,586.5,574.5
2026-11-30,call,8390.0,13.0,13.6,13.3
2026-11-30,put,8390.0,567.1,591.1,579.1
2026-11-30,call,8395.0,12.7,13.3,13.0
2026-11-30,put,8395.0,571.8,595.8,583.8
2026-11-30,call,8400.0,12.5,12.9,12.7
2026-11-30,put,8400.0,576.3,600.3,588.3
2026-11-30,call,8405.0,12.0,12.6,12.3
2026-11-30,put,8405.0,580.9,604.9,592.9
2026-11-30,call,8410.0,11.8,12.3,12.05
2026-11-30,put,8410.0,585.7,609.7,597.7
2026-11-30,call,8415.0,11.5,12.0,11.75
2026-11-30,put,8415.0,590.3,614.3,602.3
2026-11-30,call,8420.0,11.2,11.7,11.45
2026-11-30,put,8420.0,594.9,618.9,606.9
2026-11-30,call,8425.0,10.9,11.4,11.15
2026-11-30,put,8425.0,599.7,623.7,611.7
2026-11-30,call,8430.0,10.6,11.2,10.899999999999999
2026-11-30,put,8430.0,604.3,628.3,616.3
2026-11-30,call,8435.0,10.3,10.9,10.600000000000001
2026-11-30,put,8435.0,609.0,633.0,621.0
2026-11-30,call,8440.0,10.1,10.6,10.35
2026-11-30,put,8440.0,613.8,637.8,625.8
2026-11-30,call,8445.0,9.8,10.4,10.100000000000001
2026-11-30,put,8445.0,618.6,642.6,630.6
2026-11-30,call,8450.0,9.6,10.1,9.85
2026-11-30,put,8450.0,623.3,647.3,635.3
2026-11-30,call,8460.0,9.1,9.6,9.35
2026-11-30,put,8460.0,632.8,656.8,644.8
2026-11-30,call,8470.0,8.6,9.2,8.899999999999999
2026-11-30,put,8470.0,642.1,666.1,654.1
2026-11-30,call,8475.0,8.4,9.0,8.7
2026-11-30,put,8475.0,646.9,670.9,658.9
2026-11-30,call,8480.0,8.2,8.7,8.45
2026-11-30,put,8480.0,651.7,675.7,663.7
2026-11-30,call,8490.0,7.8,8.3,8.05
2026-11-30,put,8490.0,661.1,685.1,673.1
2026-11-30,call,8500.0,7.4,8.0,7.7
2026-11-30,put,8500.0,670.7,694.7,682.7
2026-11-30,call,8510.0,7.1,7.6,7.35
2026-11-30,put,8510.0,680.2,704.2,692.2
2026-11-30,call,8520.0,6.7,7.3,7.0
2026-11-30,put,8520.0,689.8,713.8,701.8
2026-11-30,call,8525.0,6.6,7.1,6.85
2026-11-30,put,8525.0,694.7,718.7,706.7
2026-11-30,call,8530.0,6.4,6.9,6.65
2026-11-30,put,8530.0,699.4,723.4,711.4
2026-11-30,call,8540.0,6.1,6.6,6.35
2026-11-30,put,8540.0,709.3,733.3,721.3
2026-11-30,call,8550.0,5.8,6.4,6.1
2026-11-30,put,8550.0,718.7,742.7,730.7
2026-11-30,call,8560.0,5.6,6.1,5.85
2026-11-30,put,8560.0,728.4,752.4,740.4
2026-11-30,call,8570.0,5.3,5.8,5.55
2026-11-30,put,8570.0,738.0,762.0,750.0
2026-11-30,call,8575.0,5.2,5.7,5.45
2026-11-30,put,8575.0,743.0,767.0,755.0
2026-11-30,call,8580.0,5.1,5.6,5.35
2026-11-30,put,8580.0,747.7,771.7,759.7
2026-11-30,call,8590.0,4.9,5.4,5.15
2026-11-30,put,8590.0,757.5,781.5,769.5
2026-11-30,call,8600.0,4.7,5.1,4.9
2026-11-30,put,8600.0,767.2,791.2,779.2
2026-11-30,call,8610.0,4.5,4.9,4.7
2026-11-30,put,8610.0,776.9,800.9,788.9
2026-11-30,call,8620.0,4.3,4.7,4.5
2026-11-30,put,8620.0,786.7,810.7,798.7
2026-11-30,call,8630.0,4.1,4.6,4.35
2026-11-30,put,8630.0,796.4,820.4,808.4
2026-11-30,call,8640.0,4.0,4.4,4.2
2026-11-30,put,8640.0,806.1,830.1,818.1
2026-11-30,call,8650.0,3.8,4.2,4.0
2026-11-30,put,8650.0,815.9,839.9,827.9
2026-11-30,call,8660.0,3.6,4.1,3.8499999999999996
2026-11-30,put,8660.0,825.7,849.7,837.7
2026-11-30,call,8670.0,3.5,3.9,3.7
2026-11-30,put,8670.0,835.4,859.4,847.4
2026-11-30,call,8680.0,3.4,3.8,3.5999999999999996
2026-11-30,put,8680.0,845.1,869.1,857.1
2026-11-30,call,8690.0,3.2,3.6,3.4000000000000004
2026-11-30,put,8690.0,855.0,879.0,867.0
2026-11-30,call,8700.0,3.1,3.5,3.3
2026-11-30,put,8700.0,865.0,889.0,877.0
2026-11-30,call,8710.0,3.0,3.4,3.2
2026-11-30,put,8710.0,874.6,898.6,886.6
2026-11-30,call,8720.0,2.9,3.3,3.0999999999999996
2026-11-30,put,8720.0,884.4,908.4,896.4
2026-11-30,call,8730.0,2.8,3.2,3.0
2026-11-30,put,8730.0,894.2,918.2,906.2
2026-11-30,call,8740.0,2.7,3.0,2.85
2026-11-30,put,8740.0,904.0,928.0,916.0
2026-11-30,call,8750.0,2.6,2.9,2.75
2026-11-30,put,8750.0,913.8,937.8,925.8
2026-11-30,call,8760.0,2.5,2.8,2.65
2026-11-30,put,8760.0,923.7,947.7,935.7
2026-11-30,call,8770.0,2.4,2.7,2.55
2026-11-30,put,8770.0,933.4,957.4,945.4
2026-11-30,call,8780.0,2.3,2.65,2.4749999999999996
2026-11-30,put,8780.0,943.3,967.3,955.3
2026-11-30,call,8790.0,2.2,2.55,2.375
2026-11-30,put,8790.0,953.2,977.2,965.2
2026-11-30,call,8800.0,2.15,2.45,2.3
2026-11-30,put,8800.0,962.9,986.9,974.9
2026-11-30,call,8810.0,2.05,2.4,2.2249999999999996
2026-11-30,put,8810.0,972.9,996.9,984.9
2026-11-30,call,8820.0,1.95,2.3,2.125
2026-11-30,put,8820.0,982.6,1006.6,994.6
2026-11-30,call,8830.0,1.9,2.2,2.05
2026-11-30,put,8830.0,992.5,1016.5,1004.5
2026-11-30,call,8900.0,1.45,1.8,1.625
2026-11-30,put,8900.0,1061.4,1085.4,1073.4
2026-11-30,call,9000.0,1.0,1.3,1.15
2026-11-30,put,9000.0,1160.2,1184.2,1172.2
2026-11-30,call,9100.0,0.7,1.0,0.85
2026-11-30,put,9100.0,1259.3,1283.3,1271.3
2026-11-30,call,9200.0,0.5,0.8,0.65
2026-11-30,put,9200.0,1358.1,1382.1,1370.1
2026-11-30,call,9400.0,0.2,0.5,0.35
2026-11-30,put,9400.0,1556.2,1580.2,1568.2
2026-11-30,call,9600.0,0.1,0.35,0.22499999999999998
2026-11-30,put,9600.0,1754.6,1778.6,1766.6
2026-11-30,put,9800.0,1952.8,1976.8,1964.8
2026-11-30,put,10000.0,2151.4,2175.4,2163.4
2026-12-18,call,3200.0,4573.1,4597.1,4585.1
2026-12-18,put,3200.0,0.75,1.0,0.875
2026-12-18,call,3400.0,4375.4,4399.4,4387.4
2026-12-18,put,3400.0,1.0,1.2,1.1
2026-12-18,call,3600.0,4177.7,4201.7,4189.7
2026-12-18,put,3600.0,1.25,1.45,1.35
2026-12-18,call,3800.0,3980.3,4004.3,3992.3
2026-12-18,put,3800.0,1.55,1.75,1.65
2026-12-18,call,3900.0,3881.5,3905.5,3893.5
2026-12-18,put,3900.0,1.75,1.95,1.85
2026-12-18,call,4000.0,3782.8,3806.8,3794.8
2026-12-18,put,4000.0,2.0,2.15,2.075
2026-12-18,call,4100.0,3684.1,3708.1,3696.1
2026-12-18,put,4100.0,2.15,2.35,2.25
2026-12-18,call,4200.0,3585.3,3609.3,3597.3
2026-12-18,put,4200.0,2.4,2.6,2.5
2026-12-18,call,4300.0,3486.7,3510.7,3498.7
2026-12-18,put,4300.0,2.65,2.85,2.75
2026-12-18,call,4400.0,3388.0,3412.0,3400.0
2026-12-18,put,4400.0,2.95,3.2,3.075
2026-12-18,call,4500.0,3289.5,3313.5,3301.5
2026-12-18,put,4500.0,3.2,3.5,3.35
2026-12-18,call,4600.0,3190.7,3214.7,3202.7
2026-12-18,put,4600.0,3.6,3.8,3.7
2026-12-18,call,4700.0,3092.2,3116.2,3104.2
2026-12-18,put,4700.0,4.0,4.2,4.1
2026-12-18,call,4800.0,2994.0,3017.9,3005.95
2026-12-18,put,4800.0,4.4,4.6,4.5
2026-12-18,call,4900.0,2895.3,2919.3,2907.3
2026-12-18,put,4900.0,4.8,5.1,4.949999999999999
2026-12-18,call,5000.0,2796.9,2820.9,2808.9
2026-12-18,put,5000.0,5.3,5.6,5.449999999999999
2026-12-18,call,5100.0,2698.6,2722.6,2710.6
2026-12-18,put,5100.0,5.9,6.1,6.0
2026-12-18,call,5200.0,2600.2,2624.2,2612.2
2026-12-18,put,5200.0,6.5,6.7,6.6
2026-12-18,call,5300.0,2502.1,2526.0,2514.05
2026-12-18,put,5300.0,7.1,7.4,7.25
2026-12-18,call,5350.0,2452.8,2476.8,2464.8
2026-12-18,put,5350.0,7.5,7.8,7.65
2026-12-18,call,5400.0,2403.7,2427.7,2415.7
2026-12-18,put,5400.0,7.9,8.1,8.0
2026-12-18,call,5450.0,2354.4,2378.4,2366.4
2026-12-18,put,5450.0,8.2,8.5,8.35
2026-12-18,call,5500.0,2305.6,2329.6,2317.6
2026-12-18,put,5500.0,8.6,8.9,8.75
2026-12-18,call,5550.0,2256.5,2280.5,2268.5
2026-12-18,put,5550.0,9.1,9.4,9.25
2026-12-18,call,5600.0,2207.5,2231.5,2219.5
2026-12-18,put,5600.0,9.5,9.8,9.65
2026-12-18,call,5650.0,2158.5,2182.5,2170.5
2026-12-18,put,5650.0,10.0,10.3,10.15
2026-12-18,call,5700.0,2109.6,2133.6,2121.6
2026-12-18,put,5700.0,10.5,10.8,10.65
2026-12-18,call,5750.0,2060.4,2084.4,2072.4
2026-12-18,put,5750.0,11.0,11.3,11.15
2026-12-18,call,5800.0,2011.6,2035.6,2023.6
2026-12-18,put,5800.0,11.5,11.9,11.7
2026-12-18,call,5850.0,1962.8,1986.8,1974.8
2026-12-18,put,5850.0,12.1,12.4,12.25
2026-12-18,call,5900.0,1913.9,1937.9,1925.9
2026-12-18,put,5900.0,12.7,13.1,12.899999999999999
2026-12-18,call,5950.0,1865.1,1889.1,1877.1
2026-12-18,put,5950.0,13.4,13.7,13.55
2026-12-18,call,6000.0,1816.3,1840.3,1828.3
2026-12-18,put,6000.0,14.0,14.4,14.2
2026-12-18,call,6050.0,1767.6,1791.6,1779.6
2026-12-18,put,6050.0,14.8,15.1,14.95
2026-12-18,call,6100.0,1718.9,1742.9,1730.9
2026-12-18,put,6100.0,15.5,15.9,15.7
2026-12-18,call,6150.0,1670.2,1694.2,1682.2
2026-12-18,put,6150.0,16.4,16.8,16.6
2026-12-18,call,6200.0,1621.7,1645.7,1633.7
2026-12-18,put,6200.0,17.2,17.7,17.45
2026-12-18,call,6250.0,1573.2,1597.2,1585.2
2026-12-18,put,6250.0,18.2,18.6,18.4
2026-12-18,call,6275.0,1548.9,1572.9,1560.9
2026-12-18,put,6275.0,18.7,19.1,18.9
2026-12-18,call,6300.0,1524.8,1548.8,1536.8
2026-12-18,put,6300.0,19.2,19.6,19.4
2026-12-18,call,6325.0,1500.5,1524.5,1512.5
2026-12-18,put,6325.0,19.7,20.2,19.95
2026-12-18,call,6350.0,1476.3,1500.3,1488.3
2026-12-18,put,6350.0,20.2,20.7,20.45
2026-12-18,call,6375.0,1452.1,1476.1,1464.1
2026-12-18,put,6375.0,20.8,21.3,21.05
2026-12-18,call,6400.0,1428.0,1452.0,1440.0
2026-12-18,put,6400.0,21.4,21.9,21.65
2026-12-18,call,6410.0,1418.4,1442.4,1430.4
2026-12-18,put,6410.0,21.6,22.1,21.85
2026-12-18,call,6420.0,1408.7,1432.7,1420.7
2026-12-18,put,6420.0,21.9,22.4,22.15
2026-12-18,call,6425.0,1403.9,1427.9,1415.9
2026-12-18,put,6425.0,22.0,22.5,22.25
2026-12-18,call,6430.0,1399.0,1423.0,1411.0
2026-12-18,put,6430.0,22.1,22.6,22.35
2026-12-18,call,6440.0,1389.2,1413.2,1401.2
2026-12-18,put,6440.0,22.4,22.9,22.65
2026-12-18,call,6450.0,1379.8,1403.8,1391.8
2026-12-18,put,6450.0,22.6,23.1,22.85
2026-12-18,call,6460.0,1370.1,1394.1,1382.1
2026-12-18,put,6460.0,22.9,23.4,23.15
2026-12-18,call,6470.0,1360.6,1384.6,1372.6
2026-12-18,put,6470.0,23.1,23.7,23.4
2026-12-18,call,6475.0,1355.7,1379.7,1367.7
2026-12-18,put,6475.0,23.3,23.8,23.55
2026-12-18,call,6480.0,1350.9,1374.9,1362.9
2026-12-18,put,6480.0,23.4,23.9,23.65
2026-12-18,call,6490.0,1341.3,1365.3,1353.3
2026-12-18,put,6490.0,23.7,24.2,23.95
2026-12-18,call,6500.0,1331.7,1355.7,1343.7
2026-12-18,put,6500.0,24.0,24.5,24.25
2026-12-18,call,6510.0,1322.1,1346.1,1334.1
2026-12-18,put,6510.0,24.2,24.8,24.5
2026-12-18,call,6520.0,1312.3,1336.3,1324.3
2026-12-18,put,6520.0,24.5,25.1,24.8
2026-12-18,call,6525.0,1307.6,1331.6,1319.6
2026-12-18,put,6525.0,24.7,25.2,24.95
2026-12-18,call,6530.0,1302.7,1326.7,1314.7
2026-12-18,put,6530.0,24.8,25.3,25.05
2026-12-18,call,6540.0,1293.2,1317.2,1305.2
2026-12-18,put,6540.0,25.1,25.6,25.35
2026-12-18,call,6550.0,1283.7,1307.7,1295.7
2026-12-18,put,6550.0,25.4,25.9,25.65
2026-12-18,call,6560.0,1273.9,1297.9,1285.9
2026-12-18,put,6560.0,25.7,26.2,25.95
2026-12-18,call,6570.0,1264.5,1288.5,1276.5
2026-12-18,put,6570.0,26.0,26.5,26.25
2026-12-18,call,6575.0,1259.8,1283.8,1271.8
2026-12-18,put,6575.0,26.2,26.7,26.45
2026-12-18,call,6580.0,1255.0,1279.0,1267.0
2026-12-18,put,6580.0,26.3,26.9,26.6
2026-12-18,call,6590.0,1245.3,1269.3,1257.3
2026-12-18,put,6590.0,26.6,27.2,26.9
2026-12-18,call,6600.0,1235.6,1259.6,1247.6
2026-12-18,put,6600.0,27.0,27.5,27.25
2026-12-18,call,6610.0,1226.0,1250.0,1238.0
2026-12-18,put,6610.0,27.3,27.8,27.55
2026-12-18,call,6620.0,1216.7,1240.7,1228.7
2026-12-18,put,6620.0,27.6,28.2,27.9
2026-12-18,call,6625.0,1211.8,1235.8,1223.8
2026-12-18,put,6625.0,27.8,28.3,28.05
2026-12-18,call,6630.0,1207.2,1231.2,1219.2
2026-12-18,put,6630.0,28.0,28.5,28.25
2026-12-18,call,6640.0,1197.6,1221.6,1209.6
2026-12-18,put,6640.0,28.3,28.8,28.55
2026-12-18,call,6650.0,1188.0,1212.0,1200.0
2026-12-18,put,6650.0,28.6,29.2,28.9
2026-12-18,call,6660.0,1178.3,1202.3,1190.3
2026-12-18,put,6660.0,29.0,29.6,29.3
2026-12-18,call,6670.0,1168.9,1192.9,1180.9
2026-12-18,put,6670.0,29.4,29.9,29.65
2026-12-18,call,6675.0,1164.2,1188.2,1176.2
2026-12-18,put,6675.0,29.5,30.1,29.8
2026-12-18,call,6680.0,1159.3,1183.3,1171.3
2026-12-18,put,6680.0,29.7,30.3,30.0
2026-12-18,call,6690.0,1149.9,1173.9,1161.9
2026-12-18,put,6690.0,30.1,30.7,30.4
2026-12-18,call,6700.0,1140.5,1164.5,1152.5
2026-12-18,put,6700.0,30.5,31.1,30.8
2026-12-18,call,6710.0,1130.9,1154.9,1142.9
2026-12-18,put,6710.0,30.9,31.4,31.15
2026-12-18,call,6720.0,1121.5,1145.5,1133.5
2026-12-18,put,6720.0,31.3,31.8,31.55
2026-12-18,call,6725.0,1116.7,1140.7,1128.7
2026-12-18,put,6725.0,31.5,32.0,31.75
2026-12-18,call,6730.0,1112.0,1136.0,1124.0
2026-12-18,put,6730.0,31.7,32.2,31.950000000000003
2026-12-18,call,6740.0,1102.4,1126.4,1114.4
2026-12-18,put,6740.0,32.1,32.7,32.400000000000006
2026-12-18,call,6750.0,1093.0,1117.0,1105.0
2026-12-18,put,6750.0,32.5,33.0,32.75
2026-12-18,call,6760.0,1083.5,1107.5,1095.5
2026-12-18,put,6760.0,32.9,33.5,33.2
2026-12-18,call,6770.0,1074.0,1098.0,1086.0
2026-12-18,put,6770.0,33.3,33.9,33.599999999999994
2026-12-18,call,6775.0,1069.4,1093.4,1081.4
2026-12-18,put,6775.0,33.5,34.1,33.8
2026-12-18,call,6780.0,1064.5,1088.5,1076.5
2026-12-18,put,6780.0,33.8,34.3,34.05
2026-12-18,call,6790.0,1055.0,1079.0,1067.0
2026-12-18,put,6790.0,34.2,34.8,34.5
2026-12-18,call,6800.0,1045.5,1069.5,1057.5
2026-12-18,put,6800.0,34.6,35.2,34.900000000000006
2026-12-18,call,6810.0,1036.2,1060.2,1048.2
2026-12-18,put,6810.0,35.1,35.7,35.400000000000006
2026-12-18,call,6820.0,1026.8,1050.8,1038.8
2026-12-18,put,6820.0,35.6,36.2,35.900000000000006
2026-12-18,call,6825.0,1022.2,1046.2,1034.2
2026-12-18,put,6825.0,35.8,36.4,36.099999999999994
2026-12-18,call,6830.0,1017.5,1041.5,1029.5
2026-12-18,put,6830.0,36.0,36.6,36.3
2026-12-18,call,6840.0,1008.1,1032.0,1020.05
2026-12-18,put,6840.0,36.5,37.1,36.8
2026-12-18,call,6850.0,998.7,1022.7,1010.7
2026-12-18,put,6850.0,37.0,37.6,37.3
2026-12-18,call,6860.0,989.2,1013.2,1001.2
2026-12-18,put,6860.0,37.5,38.1,37.8
2026-12-18,call,6870.0,979.7,1003.7,991.7
2026-12-18,put,6870.0,38.0,38.6,38.3
2026-12-18,call,6875.0,975.2,999.2,987.2
2026-12-18,put,6875.0,38.3,38.9,38.599999999999994
2026-12-18,call,6880.0,970.5,994.5,982.5
2026-12-18,put,6880.0,38.5,39.2,38.85
2026-12-18,call,6890.0,961.2,985.2,973.2
2026-12-18,put,6890.0,39.1,39.7,39.400000000000006
2026-12-18,call,6900.0,951.7,975.7,963.7
2026-12-18,put,6900.0,39.6,40.2,39.900000000000006
2026-12-18,call,6910.0,942.5,966.5,954.5
2026-12-18,put,6910.0,40.1,40.8,40.45
2026-12-18,call,6920.0,933.0,957.0,945.0
2026-12-18,put,6920.0,40.7,41.3,41.0
2026-12-18,call,6925.0,928.5,952.5,940.5
2026-12-18,put,6925.0,41.0,41.6,41.3
2026-12-18,call,6930.0,923.8,947.8,935.8
2026-12-18,put,6930.0,41.3,41.9,41.599999999999994
2026-12-18,call,6940.0,914.5,938.5,926.5
2026-12-18,put,6940.0,41.8,42.5,42.15
2026-12-18,call,6950.0,905.2,929.2,917.2
2026-12-18,put,6950.0,42.4,43.1,42.75
2026-12-18,call,6960.0,896.0,920.0,908.0
2026-12-18,put,6960.0,43.0,43.7,43.35
2026-12-18,call,6970.0,886.7,910.7,898.7
2026-12-18,put,6970.0,43.6,44.3,43.95
2026-12-18,call,6975.0,882.0,906.0,894.0
2026-12-18,put,6975.0,43.9,44.6,44.25
2026-12-18,call,6980.0,877.3,901.3,889.3
2026-12-18,put,6980.0,44.2,44.9,44.55
2026-12-18,call,6990.0,868.1,892.1,880.1
2026-12-18,put,6990.0,44.9,45.6,45.25
2026-12-18,call,7000.0,858.9,882.9,870.9
2026-12-18,put,7000.0,45.5,46.2,45.85
2026-12-18,call,7010.0,849.7,873.7,861.7
2026-12-18,put,7010.0,46.2,46.9,46.55
2026-12-18,call,7020.0,840.4,864.4,852.4
2026-12-18,put,7020.0,46.9,47.6,47.25
2026-12-18,call,7025.0,835.8,859.8,847.8
2026-12-18,put,7025.0,47.2,47.9,47.55
2026-12-18,call,7030.0,831.2,855.2,843.2
2026-12-18,put,7030.0,47.6,48.3,47.95
2026-12-18,call,7040.0,822.2,846.2,834.2
2026-12-18,put,7040.0,48.2,49.0,48.6
2026-12-18,call,7050.0,813.0,837.0,825.0
2026-12-18,put,7050.0,49.0,49.7,49.35
2026-12-18,call,7060.0,803.9,827.9,815.9
2026-12-18,put,7060.0,49.7,50.4,50.05
2026-12-18,call,7070.0,794.6,818.6,806.6
2026-12-18,put,7070.0,50.4,51.2,50.8
2026-12-18,call,7075.0,790.0,814.0,802.0
2026-12-18,put,7075.0,50.8,51.6,51.2
2026-12-18,call,7080.0,785.4,809.4,797.4
2026-12-18,put,7080.0,51.2,51.9,51.55
2026-12-18,call,7090.0,776.3,800.3,788.3
2026-12-18,put,7090.0,52.0,52.7,52.35
2026-12-18,call,7100.0,767.3,791.3,779.3
2026-12-18,put,7100.0,52.8,53.5,53.15
2026-12-18,call,7110.0,758.2,782.2,770.2
2026-12-18,put,7110.0,53.6,54.3,53.95
2026-12-18,call,7120.0,749.2,773.2,761.2
2026-12-18,put,7120.0,54.4,55.1,54.75
2026-12-18,call,7125.0,744.6,768.6,756.6
2026-12-18,put,7125.0,54.8,55.5,55.15
2026-12-18,call,7130.0,740.0,764.0,752.0
2026-12-18,put,7130.0,55.2,56.0,55.6
2026-12-18,call,7140.0,731.0,755.0,743.0
2026-12-18,put,7140.0,56.1,56.8,56.45
2026-12-18,call,7150.0,722.0,746.0,734.0
2026-12-18,put,7150.0,56.9,57.7,57.3
2026-12-18,call,7160.0,713.0,737.0,725.0
2026-12-18,put,7160.0,57.8,58.6,58.2
2026-12-18,call,7165.0,708.5,732.5,720.5
2026-12-18,put,7165.0,58.3,59.1,58.7
2026-12-18,call,7170.0,704.1,728.1,716.1
2026-12-18,put,7170.0,58.7,59.5,59.1
2026-12-18,call,7175.0,699.6,723.6,711.6
2026-12-18,put,7175.0,59.2,60.0,59.6
2026-12-18,call,7180.0,695.1,719.1,707.1
2026-12-18,put,7180.0,59.7,60.4,60.05
2026-12-18,call,7185.0,690.6,714.6,702.6
2026-12-18,put,7185.0,60.1,60.9,60.5
2026-12-18,call,7190.0,686.2,710.2,698.2
2026-12-18,put,7190.0,60.6,61.4,61.0
2026-12-18,call,7195.0,681.7,705.7,693.7
2026-12-18,put,7195.0,61.1,61.9,61.5
2026-12-18,call,7200.0,677.2,701.2,689.2
2026-12-18,put,7200.0,61.6,62.4,62.0
2026-12-18,call,7205.0,672.8,696.8,684.8
2026-12-18,put,7205.0,62.1,62.9,62.5
2026-12-18,call,7210.0,668.4,692.4,680.4
2026-12-18,put,7210.0,62.6,63.3,62.95
2026-12-18,call,7215.0,663.8,687.8,675.8
2026-12-18,put,7215.0,63.1,63.8,63.45
2026-12-18,call,7220.0,659.4,683.4,671.4
2026-12-18,put,7220.0,63.6,64.4,64.0
2026-12-18,call,7225.0,655.0,679.0,667.0
2026-12-18,put,7225.0,64.1,64.9,64.5
2026-12-18,call,7230.0,650.5,674.5,662.5
2026-12-18,put,7230.0,64.6,65.4,65.0
2026-12-18,call,7235.0,646.0,670.0,658.0
2026-12-18,put,7235.0,65.1,65.9,65.5
2026-12-18,call,7240.0,641.8,665.8,653.8
2026-12-18,put,7240.0,65.6,66.4,66.0
2026-12-18,call,7245.0,637.3,661.3,649.3
2026-12-18,put,7245.0,66.2,67.0,66.6
2026-12-18,call,7250.0,633.0,657.0,645.0
2026-12-18,put,7250.0,66.7,67.5,67.1
2026-12-18,call,7255.0,628.6,652.6,640.6
2026-12-18,put,7255.0,67.2,68.1,67.65
2026-12-18,call,7260.0,624.1,648.1,636.1
2026-12-18,put,7260.0,67.8,68.6,68.19999999999999
2026-12-18,call,7265.0,619.9,643.9,631.9
2026-12-18,put,7265.0,68.3,69.2,68.75
2026-12-18,call,7270.0,615.3,639.3,627.3
2026-12-18,put,7270.0,68.9,69.7,69.30000000000001
2026-12-18,call,7275.0,611.0,635.0,623.0
2026-12-18,put,7275.0,69.5,70.3,69.9
2026-12-18,call,7280.0,606.7,630.7,618.7
2026-12-18,put,7280.0,70.0,70.9,70.45
2026-12-18,call,7285.0,602.2,626.2,614.2
2026-12-18,put,7285.0,70.6,71.5,71.05
2026-12-18,call,7290.0,597.9,621.9,609.9
2026-12-18,put,7290.0,71.2,72.1,71.65
2026-12-18,call,7295.0,593.5,617.5,605.5
2026-12-18,put,7295.0,71.8,72.6,72.19999999999999
2026-12-18,call,7300.0,589.3,613.3,601.3
2026-12-18,put,7300.0,72.4,73.2,72.80000000000001
2026-12-18,call,7305.0,584.9,608.9,596.9
2026-12-18,put,7305.0,73.0,73.9,73.45
2026-12-18,call,7310.0,580.4,604.4,592.4
2026-12-18,put,7310.0,73.6,74.5,74.05
2026-12-18,call,7315.0,576.2,600.2,588.2
2026-12-18,put,7315.0,74.2,75.1,74.65
2026-12-18,call,7320.0,571.8,595.8,583.8
2026-12-18,put,7320.0,74.9,75.7,75.30000000000001
2026-12-18,call,7325.0,567.4,591.4,579.4
2026-12-18,put,7325.0,75.5,76.3,75.9
2026-12-18,call,7330.0,563.3,587.3,575.3
2026-12-18,put,7330.0,76.1,77.0,76.55
2026-12-18,call,7335.0,558.9,582.9,570.9
2026-12-18,put,7335.0,76.8,77.6,77.19999999999999
2026-12-18,call,7340.0,554.8,578.8,566.8
2026-12-18,put,7340.0,77.4,78.3,77.85
2026-12-18,call,7345.0,550.4,574.4,562.4
2026-12-18,put,7345.0,78.1,79.0,78.55
2026-12-18,call,7350.0,546.2,570.2,558.2
2026-12-18,put,7350.0,78.8,79.6,79.19999999999999
2026-12-18,call,7355.0,541.8,565.8,553.8
2026-12-18,put,7355.0,79.4,80.3,79.85
2026-12-18,call,7360.0,537.7,561.7,549.7
2026-12-18,put,7360.0,80.1,81.0,80.55
2026-12-18,call,7365.0,533.4,557.4,545.4
2026-12-18,put,7365.0,80.8,81.7,81.25
2026-12-18,call,7370.0,529.1,553.1,541.1
2026-12-18,put,7370.0,81.5,82.4,81.95
2026-12-18,call,7375.0,524.9,548.9,536.9
2026-12-18,put,7375.0,82.2,83.1,82.65
2026-12-18,call,7380.0,520.7,544.7,532.7
2026-12-18,put,7380.0,82.9,83.8,83.35
2026-12-18,call,7385.0,516.5,540.5,528.5
2026-12-18,put,7385.0,83.7,84.6,84.15
2026-12-18,call,7390.0,512.2,536.2,524.2
2026-12-18,put,7390.0,84.4,85.3,84.85
2026-12-18,call,7395.0,508.0,532.0,520.0
2026-12-18,put,7395.0,85.1,86.0,85.55
2026-12-18,call,7400.0,503.9,527.9,515.9
2026-12-18,put,7400.0,85.9,86.8,86.35
2026-12-18,call,7405.0,499.7,523.7,511.70000000000005
2026-12-18,put,7405.0,86.7,87.5,87.1
2026-12-18,call,7410.0,495.6,519.6,507.6
2026-12-18,put,7410.0,87.4,88.3,87.85
2026-12-18,call,7415.0,491.3,515.3,503.29999999999995
2026-12-18,put,7415.0,88.2,89.1,88.65
2026-12-18,call,7420.0,487.2,511.2,499.2
2026-12-18,put,7420.0,89.0,89.9,89.45
2026-12-18,call,7425.0,483.0,507.0,495.0
2026-12-18,put,7425.0,89.8,90.7,90.25
2026-12-18,call,7430.0,478.9,502.9,490.9
2026-12-18,put,7430.0,90.6,91.5,91.05
2026-12-18,call,7435.0,474.9,498.9,486.9
2026-12-18,put,7435.0,91.4,92.3,91.85
2026-12-18,call,7440.0,470.7,494.7,482.7
2026-12-18,put,7440.0,92.2,93.1,92.65
2026-12-18,call,7445.0,466.6,490.6,478.6
2026-12-18,put,7445.0,93.1,94.0,93.55
2026-12-18,call,7450.0,462.4,486.3,474.35
2026-12-18,put,7450.0,93.9,94.8,94.35
2026-12-18,call,7455.0,458.4,482.4,470.4
2026-12-18,put,7455.0,94.8,95.7,95.25
2026-12-18,call,7460.0,454.3,478.3,466.3
2026-12-18,put,7460.0,95.6,96.5,96.05
2026-12-18,call,7465.0,450.3,474.3,462.3
2026-12-18,put,7465.0,96.5,97.4,96.95
2026-12-18,call,7470.0,446.3,470.3,458.3
2026-12-18,put,7470.0,97.4,98.3,97.85
2026-12-18,call,7475.0,442.1,466.1,454.1
2026-12-18,put,7475.0,98.3,99.2,98.75
2026-12-18,call,7480.0,438.2,462.2,450.2
2026-12-18,put,7480.0,99.2,100.1,99.65
2026-12-18,call,7485.0,434.1,458.1,446.1
2026-12-18,put,7485.0,100.1,101.0,100.55
2026-12-18,call,7490.0,430.1,454.1,442.1
2026-12-18,put,7490.0,101.0,102.0,101.5
2026-12-18,call,7495.0,426.1,450.1,438.1
2026-12-18,put,7495.0,101.9,102.9,102.4
2026-12-18,call,7500.0,422.1,446.1,434.1
2026-12-18,put,7500.0,102.9,103.9,103.4
2026-12-18,call,7505.0,418.1,442.1,430.1
2026-12-18,put,7505.0,103.9,104.8,104.35
2026-12-18,call,7510.0,414.2,438.2,426.2
2026-12-18,put,7510.0,104.8,105.8,105.3
2026-12-18,call,7515.0,410.2,434.2,422.2
2026-12-18,put,7515.0,105.8,106.8,106.3
2026-12-18,call,7520.0,406.3,430.3,418.3
2026-12-18,put,7520.0,106.8,107.8,107.3
2026-12-18,call,7525.0,402.3,426.3,414.3
2026-12-18,put,7525.0,107.8,108.8,108.3
2026-12-18,call,7530.0,398.2,422.2,410.2
2026-12-18,put,7530.0,108.8,109.8,109.3
2026-12-18,call,7535.0,394.5,418.5,406.5
2026-12-18,put,7535.0,109.9,110.8,110.35
2026-12-18,call,7540.0,390.6,414.6,402.6
2026-12-18,put,7540.0,110.9,111.9,111.4
2026-12-18,call,7545.0,386.7,410.7,398.7
2026-12-18,put,7545.0,112.0,112.9,112.45
2026-12-18,call,7550.0,382.8,406.8,394.8
2026-12-18,put,7550.0,113.0,114.0,113.5
2026-12-18,call,7555.0,381.2,405.1,393.15
2026-12-18,put,7555.0,114.1,115.1,114.6
2026-12-18,call,7560.0,388.7,389.7,389.2
2026-12-18,put,7560.0,115.2,116.2,115.7
2026-12-18,call,7565.0,384.8,385.9,385.35
2026-12-18,put,7565.0,116.3,117.3,116.8
2026-12-18,call,7570.0,381.0,382.1,381.55
2026-12-18,put,7570.0,117.4,118.4,117.9
2026-12-18,call,7575.0,377.2,378.3,377.75
2026-12-18,put,7575.0,118.5,119.5,119.0
2026-12-18,call,7580.0,373.4,374.5,373.95
2026-12-18,put,7580.0,119.7,120.7,120.2
2026-12-18,call,7585.0,369.6,370.7,370.15
2026-12-18,put,7585.0,120.8,121.9,121.35
2026-12-18,call,7590.0,365.8,366.9,366.35
2026-12-18,put,7590.0,122.0,123.0,122.5
2026-12-18,call,7595.0,362.1,363.1,362.6
2026-12-18,put,7595.0,123.2,124.2,123.7
2026-12-18,call,7600.0,358.3,359.4,358.85
2026-12-18,put,7600.0,124.4,125.4,124.9
2026-12-18,call,7605.0,354.6,355.7,355.15
2026-12-18,put,7605.0,125.6,126.6,126.1
2026-12-18,call,7610.0,350.9,352.0,351.45
2026-12-18,put,7610.0,126.8,127.9,127.35
2026-12-18,call,7615.0,347.2,348.3,347.75
2026-12-18,put,7615.0,128.1,129.1,128.6
2026-12-18,call,7620.0,343.5,344.6,344.05
2026-12-18,put,7620.0,129.3,130.4,129.85000000000002
2026-12-18,call,7625.0,339.8,340.9,340.35
2026-12-18,put,7625.0,130.6,131.7,131.14999999999998
2026-12-18,call,7630.0,336.1,337.2,336.65
2026-12-18,put,7630.0,131.9,133.0,132.45
2026-12-18,call,7635.0,332.5,333.6,333.05
2026-12-18,put,7635.0,133.2,134.3,133.75
2026-12-18,call,7640.0,328.9,330.0,329.45
2026-12-18,put,7640.0,134.5,135.6,135.05
2026-12-18,call,7645.0,325.3,326.4,325.85
2026-12-18,put,7645.0,135.9,136.9,136.4
2026-12-18,call,7650.0,321.7,322.8,322.25
2026-12-18,put,7650.0,137.2,138.3,137.75
2026-12-18,call,7655.0,318.1,319.2,318.65
2026-12-18,put,7655.0,138.6,139.7,139.14999999999998
2026-12-18,call,7660.0,314.5,315.6,315.05
2026-12-18,put,7660.0,140.0,141.0,140.5
2026-12-18,call,7665.0,311.0,312.1,311.55
2026-12-18,put,7665.0,141.4,142.4,141.9
2026-12-18,call,7670.0,307.2,308.6,307.9
2026-12-18,put,7670.0,142.8,143.9,143.35000000000002
2026-12-18,call,7675.0,303.9,305.1,304.5
2026-12-18,put,7675.0,144.2,145.3,144.75
2026-12-18,call,7680.0,300.4,301.6,301.0
2026-12-18,put,7680.0,145.7,146.8,146.25
2026-12-18,call,7685.0,297.0,298.1,297.55
2026-12-18,put,7685.0,147.1,148.2,147.64999999999998
2026-12-18,call,7690.0,293.5,294.6,294.05
2026-12-18,put,7690.0,148.6,149.7,149.14999999999998
2026-12-18,call,7695.0,290.0,291.2,290.6
2026-12-18,put,7695.0,150.1,151.2,150.64999999999998
2026-12-18,call,7700.0,286.6,287.8,287.20000000000005
2026-12-18,put,7700.0,151.6,152.7,152.14999999999998
2026-12-18,call,7705.0,283.2,284.4,283.79999999999995
2026-12-18,put,7705.0,153.2,154.3,153.75
2026-12-18,call,7710.0,279.8,281.0,280.4
2026-12-18,put,7710.0,154.7,155.9,155.3
2026-12-18,call,7715.0,276.5,277.6,277.05
2026-12-18,put,7715.0,156.3,157.4,156.85000000000002
2026-12-18,call,7720.0,273.1,274.3,273.70000000000005
2026-12-18,put,7720.0,157.9,159.0,158.45
2026-12-18,call,7725.0,269.8,271.0,270.4
2026-12-18,put,7725.0,159.5,160.7,160.1
2026-12-18,call,7730.0,266.5,267.6,267.05
2026-12-18,put,7730.0,161.2,162.3,161.75
2026-12-18,call,7735.0,263.2,264.4,263.79999999999995
2026-12-18,put,7735.0,162.8,164.0,163.4
2026-12-18,call,7740.0,259.9,261.1,260.5
2026-12-18,put,7740.0,164.5,165.6,165.05
2026-12-18,call,7745.0,256.6,257.8,257.20000000000005
2026-12-18,put,7745.0,166.2,167.3,166.75
2026-12-18,call,7750.0,253.4,254.6,254.0
2026-12-18,put,7750.0,167.9,169.0,168.45
2026-12-18,call,7755.0,250.2,251.4,250.8
2026-12-18,put,7755.0,169.7,170.8,170.25
2026-12-18,call,7760.0,247.0,248.2,247.6
2026-12-18,put,7760.0,171.4,172.5,171.95
2026-12-18,call,7765.0,243.8,245.0,244.4
2026-12-18,put,7765.0,173.2,174.3,173.75
2026-12-18,call,7770.0,240.7,241.9,241.3
2026-12-18,put,7770.0,175.0,176.1,175.55
2026-12-18,call,7775.0,237.6,238.8,238.2
2026-12-18,put,7775.0,176.8,177.9,177.35000000000002
2026-12-18,call,7780.0,234.4,235.7,235.05
2026-12-18,put,7780.0,178.7,179.8,179.25
2026-12-18,call,7785.0,231.4,232.6,232.0
2026-12-18,put,7785.0,180.5,181.6,181.05
2026-12-18,call,7790.0,228.3,229.5,228.9
2026-12-18,put,7790.0,182.4,183.5,182.95
2026-12-18,call,7795.0,225.3,226.5,225.9
2026-12-18,put,7795.0,184.3,185.4,184.85000000000002
2026-12-18,call,7800.0,222.2,223.4,222.8
2026-12-18,put,7800.0,186.2,187.4,186.8
2026-12-18,call,7805.0,219.2,220.4,219.8
2026-12-18,put,7805.0,188.1,189.3,188.7
2026-12-18,call,7810.0,216.3,217.5,216.9
2026-12-18,put,7810.0,190.2,191.3,190.75
2026-12-18,call,7815.0,213.3,214.5,213.9
2026-12-18,put,7815.0,192.2,193.3,192.75
2026-12-18,call,7820.0,210.4,211.6,211.0
2026-12-18,put,7820.0,194.2,195.3,194.75
2026-12-18,call,7825.0,207.5,208.7,208.1
2026-12-18,put,7825.0,196.1,197.3,196.7
2026-12-18,call,7830.0,204.6,205.8,205.2
2026-12-18,put,7830.0,198.3,199.4,198.85000000000002
2026-12-18,call,7835.0,201.7,202.9,202.3
2026-12-18,put,7835.0,200.3,201.5,200.9
2026-12-18,call,7840.0,198.9,200.1,199.5
2026-12-18,put,7840.0,202.5,203.6,203.05
2026-12-18,call,7845.0,196.1,197.3,196.7
2026-12-18,put,7845.0,204.5,205.7,205.1
2026-12-18,call,7850.0,193.3,194.5,193.9
2026-12-18,put,7850.0,206.7,207.9,207.3
2026-12-18,call,7855.0,190.5,191.7,191.1
2026-12-18,put,7855.0,208.9,210.0,209.45
2026-12-18,call,7860.0,187.8,189.0,188.4
2026-12-18,put,7860.0,211.1,212.2,211.64999999999998
2026-12-18,call,7865.0,185.0,186.3,185.65
2026-12-18,put,7865.0,213.3,214.5,213.9
2026-12-18,call,7870.0,182.3,183.6,182.95
2026-12-18,put,7870.0,215.6,216.7,216.14999999999998
2026-12-18,call,7875.0,179.7,180.9,180.3
2026-12-18,put,7875.0,217.8,219.0,218.4
2026-12-18,call,7880.0,177.0,178.2,177.6
2026-12-18,put,7880.0,220.1,221.3,220.7
2026-12-18,call,7885.0,174.4,175.6,175.0
2026-12-18,put,7885.0,222.5,223.6,223.05
2026-12-18,call,7890.0,171.8,173.0,172.4
2026-12-18,put,7890.0,224.8,226.0,225.4
2026-12-18,call,7895.0,169.2,170.4,169.8
2026-12-18,put,7895.0,227.2,228.3,227.75
2026-12-18,call,7900.0,166.7,167.9,167.3
2026-12-18,put,7900.0,229.6,230.7,230.14999999999998
2026-12-18,call,7905.0,164.1,165.3,164.7
2026-12-18,put,7905.0,232.0,233.1,232.55
2026-12-18,call,7910.0,161.6,162.8,162.2
2026-12-18,put,7910.0,234.4,235.6,235.0
2026-12-18,call,7915.0,159.2,160.4,159.8
2026-12-18,put,7915.0,236.9,238.1,237.5
2026-12-18,call,7920.0,156.7,157.9,157.3
2026-12-18,put,7920.0,239.4,240.6,240.0
2026-12-18,call,7925.0,154.3,155.5,154.9
2026-12-18,put,7925.0,241.9,243.1,242.5
2026-12-18,call,7930.0,151.9,153.1,152.5
2026-12-18,put,7930.0,244.4,245.6,245.0
2026-12-18,call,7935.0,149.5,150.7,150.1
2026-12-18,put,7935.0,247.0,248.2,247.6
2026-12-18,call,7940.0,147.1,148.3,147.7
2026-12-18,put,7940.0,249.6,250.8,250.2
2026-12-18,call,7945.0,144.8,146.0,145.4
2026-12-18,put,7945.0,252.2,253.4,252.8
2026-12-18,call,7950.0,142.5,143.7,143.1
2026-12-18,put,7950.0,254.9,256.0,255.45
2026-12-18,call,7955.0,140.2,141.4,140.8
2026-12-18,put,7955.0,257.5,258.7,258.1
2026-12-18,call,7960.0,138.0,139.1,138.55
2026-12-18,put,7960.0,260.2,261.4,260.79999999999995
2026-12-18,call,7965.0,135.7,136.9,136.3
2026-12-18,put,7965.0,262.9,264.1,263.5
2026-12-18,call,7970.0,133.5,134.7,134.1
2026-12-18,put,7970.0,265.7,266.8,266.25
2026-12-18,call,7975.0,131.4,132.5,131.95
2026-12-18,put,7975.0,268.4,269.6,269.0
2026-12-18,call,7980.0,129.2,130.3,129.75
2026-12-18,put,7980.0,271.2,272.4,271.79999999999995
2026-12-18,call,7985.0,127.1,128.2,127.64999999999999
2026-12-18,put,7985.0,274.0,275.2,274.6
2026-12-18,call,7990.0,125.0,126.1,125.55
2026-12-18,put,7990.0,276.9,278.0,277.45
2026-12-18,call,7995.0,122.9,124.0,123.45
2026-12-18,put,7995.0,279.7,280.9,280.29999999999995
2026-12-18,call,8000.0,120.8,121.9,121.35
2026-12-18,put,8000.0,282.6,283.9,283.25
2026-12-18,call,8010.0,116.8,117.9,117.35
2026-12-18,put,8010.0,288.5,289.6,289.05
2026-12-18,call,8020.0,112.8,113.9,113.35
2026-12-18,put,8020.0,294.4,295.5,294.95
2026-12-18,call,8025.0,110.9,112.0,111.45
2026-12-18,put,8025.0,297.4,298.5,297.95
2026-12-18,call,8030.0,109.0,110.1,109.55
2026-12-18,put,8030.0,300.4,301.7,301.04999999999995
2026-12-18,call,8040.0,105.2,106.3,105.75
2026-12-18,put,8040.0,306.6,307.7,307.15
2026-12-18,call,8050.0,101.6,102.6,102.1
2026-12-18,put,8050.0,312.8,313.9,313.35
2026-12-18,call,8060.0,98.0,99.0,98.5
2026-12-18,put,8060.0,319.2,320.2,319.7
2026-12-18,call,8070.0,94.5,95.6,95.05
2026-12-18,put,8070.0,325.6,326.8,326.20000000000005
2026-12-18,call,8075.0,92.8,93.9,93.35
2026-12-18,put,8075.0,328.9,329.9,329.4
2026-12-18,call,8080.0,91.2,92.2,91.7
2026-12-18,put,8080.0,332.1,333.2,332.65
2026-12-18,call,8090.0,87.9,88.9,88.4
2026-12-18,put,8090.0,338.7,339.8,339.25
2026-12-18,call,8100.0,84.7,85.7,85.2
2026-12-18,put,8100.0,336.0,360.0,348.0
2026-12-18,call,8110.0,81.6,82.6,82.1
2026-12-18,put,8110.0,342.8,366.8,354.8
2026-12-18,call,8120.0,78.6,79.6,79.1
2026-12-18,put,8120.0,349.8,373.8,361.8
2026-12-18,call,8125.0,77.1,78.1,77.6
2026-12-18,put,8125.0,353.2,377.2,365.2
2026-12-18,call,8130.0,75.7,76.6,76.15
2026-12-18,put,8130.0,356.9,380.9,368.9
2026-12-18,call,8140.0,72.8,73.8,73.3
2026-12-18,put,8140.0,363.8,387.8,375.8
2026-12-18,call,8150.0,70.1,71.0,70.55
2026-12-18,put,8150.0,370.9,394.9,382.9
2026-12-18,call,8160.0,67.4,68.3,67.85
2026-12-18,put,8160.0,378.2,402.2,390.2
2026-12-18,call,8170.0,64.8,65.7,65.25
2026-12-18,put,8170.0,385.5,409.5,397.5
2026-12-18,call,8175.0,63.6,64.5,64.05
2026-12-18,put,8175.0,389.2,413.2,401.2
2026-12-18,call,8180.0,62.3,63.2,62.75
2026-12-18,put,8180.0,392.9,416.9,404.9
2026-12-18,call,8190.0,59.9,60.8,60.349999999999994
2026-12-18,put,8190.0,400.4,424.4,412.4
2026-12-18,call,8200.0,57.6,58.5,58.05
2026-12-18,put,8200.0,408.0,432.0,420.0
2026-12-18,call,8210.0,55.3,56.2,55.75
2026-12-18,put,8210.0,415.6,439.6,427.6
2026-12-18,call,8220.0,53.1,54.0,53.55
2026-12-18,put,8220.0,423.3,447.3,435.3
2026-12-18,call,8250.0,47.0,47.8,47.4
2026-12-18,put,8250.0,447.0,471.0,459.0
2026-12-18,call,8300.0,38.1,38.9,38.5
2026-12-18,put,8300.0,487.6,511.6,499.6
2026-12-18,call,8350.0,30.8,31.5,31.15
2026-12-18,put,8350.0,529.8,553.8,541.8
2026-12-18,call,8400.0,24.7,25.5,25.1
2026-12-18,put,8400.0,573.3,597.3,585.3
2026-12-18,call,8450.0,19.8,20.5,20.15
2026-12-18,put,8450.0,618.0,642.0,630.0
2026-12-18,call,8500.0,15.9,16.5,16.2
2026-12-18,put,8500.0,663.5,687.4,675.45
2026-12-18,call,8550.0,12.7,13.4,13.05
2026-12-18,put,8550.0,709.9,733.9,721.9
2026-12-18,call,8600.0,10.3,10.8,10.55
2026-12-18,put,8600.0,756.8,780.8,768.8
2026-12-18,call,8650.0,8.3,8.9,8.600000000000001
2026-12-18,put,8650.0,804.5,828.5,816.5
2026-12-18,call,8700.0,6.8,7.3,7.05
2026-12-18,put,8700.0,852.6,876.6,864.6
2026-12-18,call,8750.0,5.7,6.1,5.9
2026-12-18,put,8750.0,900.7,924.7,912.7
2026-12-18,call,8800.0,4.7,5.2,4.95
2026-12-18,put,8800.0,949.2,973.2,961.2
2026-12-18,call,8900.0,3.4,3.7,3.55
2026-12-18,put,8900.0,1046.8,1070.8,1058.8
2026-12-18,call,9000.0,2.45,2.8,2.625
2026-12-18,put,9000.0,1144.8,1168.8,1156.8
2026-12-18,call,9100.0,1.8,2.15,1.975
2026-12-18,put,9100.0,1243.1,1267.1,1255.1
2026-12-18,call,9200.0,1.35,1.7,1.525
2026-12-18,put,9200.0,1341.7,1365.7,1353.7
2026-12-18,call,9300.0,1.05,1.35,1.2000000000000002
2026-12-18,put,9300.0,1440.3,1464.3,1452.3
2026-12-18,call,9400.0,0.8,1.1,0.9500000000000001
2026-12-18,put,9400.0,1539.0,1563.0,1551.0
2026-12-18,call,9500.0,0.6,0.9,0.75
2026-12-18,put,9500.0,1637.7,1661.7,1649.7
2026-12-18,call,9600.0,0.45,0.75,0.6
2026-12-18,put,9600.0,1736.5,1760.5,1748.5
2026-12-18,call,9800.0,0.25,0.55,0.4
2026-12-18,put,9800.0,1934.1,1958.1,1946.1
2026-12-18,call,10000.0,0.15,0.4,0.275
2026-12-18,put,10000.0,2132.2,2156.2,2144.2
2026-12-18,call,10200.0,0.1,0.35,0.22499999999999998
2026-12-18,put,10200.0,2329.8,2353.8,2341.8
2026-12-18,call,10400.0,0.05,0.25,0.15
2026-12-18,put,10400.0,2527.6,2551.6,2539.6
2026-12-31,call,2600.0,5169.7,5193.7,5181.7
2026-12-31,put,2600.0,0.5,0.75,0.625
2026-12-31,call,2800.0,4972.5,4996.5,4984.5
2026-12-31,put,2800.0,0.65,0.9,0.775
2026-12-31,call,3000.0,4775.1,4799.1,4787.1
2026-12-31,put,3000.0,0.85,1.1,0.9750000000000001
2026-12-31,call,3200.0,4577.8,4601.8,4589.8
2026-12-31,put,3200.0,1.1,1.35,1.225
2026-12-31,call,3300.0,4479.2,4503.2,4491.2
2026-12-31,put,3300.0,1.3,1.45,1.375
2026-12-31,call,3400.0,4380.6,4404.6,4392.6
2026-12-31,put,3400.0,1.4,1.6,1.5
2026-12-31,call,3500.0,4282.0,4306.0,4294.0
2026-12-31,put,3500.0,1.55,1.75,1.65
2026-12-31,call,3600.0,4183.4,4207.4,4195.4
2026-12-31,put,3600.0,1.75,1.95,1.85
2026-12-31,call,3700.0,4084.9,4108.9,4096.9
2026-12-31,put,3700.0,1.9,2.15,2.025
2026-12-31,call,3800.0,3986.3,4010.3,3998.3
2026-12-31,put,3800.0,2.1,2.35,2.225
2026-12-31,call,3900.0,3887.7,3911.7,3899.7
2026-12-31,put,3900.0,2.35,2.6,2.475
2026-12-31,call,4000.0,3789.3,3813.3,3801.3
2026-12-31,put,4000.0,2.6,2.85,2.725
2026-12-31,call,4100.0,3690.8,3714.8,3702.8
2026-12-31,put,4100.0,2.85,3.1,2.975
2026-12-31,call,4200.0,3592.3,3616.3,3604.3
2026-12-31,put,4200.0,3.1,3.4,3.25
2026-12-31,call,4300.0,3493.9,3517.9,3505.9
2026-12-31,put,4300.0,3.5,3.8,3.65
2026-12-31,call,4400.0,3395.6,3419.6,3407.6
2026-12-31,put,4400.0,3.8,4.1,3.9499999999999997
2026-12-31,call,4500.0,3297.2,3321.2,3309.2
2026-12-31,put,4500.0,4.2,4.5,4.35
2026-12-31,call,4550.0,3248.1,3272.1,3260.1
2026-12-31,put,4550.0,4.4,4.7,4.550000000000001
2026-12-31,call,4600.0,3198.9,3222.9,3210.9
2026-12-31,put,4600.0,4.6,4.9,4.75
2026-12-31,call,4650.0,3149.8,3173.8,3161.8
2026-12-31,put,4650.0,4.8,5.2,5.0
2026-12-31,call,4700.0,3100.8,3124.8,3112.8
2026-12-31,put,4700.0,5.1,5.4,5.25
2026-12-31,call,4750.0,3051.5,3075.5,3063.5
2026-12-31,put,4750.0,5.3,5.6,5.449999999999999
2026-12-31,call,4800.0,3002.4,3026.4,3014.4
2026-12-31,put,4800.0,5.6,5.9,5.75
2026-12-31,call,4850.0,2953.3,2977.3,2965.3
2026-12-31,put,4850.0,5.8,6.2,6.0
2026-12-31,call,4900.0,2903.9,2927.9,2915.9
2026-12-31,put,4900.0,6.1,6.4,6.25
2026-12-31,call,4950.0,2855.1,2879.1,2867.1
2026-12-31,put,4950.0,6.4,6.7,6.550000000000001
2026-12-31,call,5000.0,2805.8,2829.8,2817.8
2026-12-31,put,5000.0,6.7,7.0,6.85
2026-12-31,call,5050.0,2756.9,2780.9,2768.9
2026-12-31,put,5050.0,7.0,7.3,7.15
2026-12-31,call,5100.0,2707.8,2731.8,2719.8
2026-12-31,put,5100.0,7.4,7.7,7.550000000000001
2026-12-31,call,5150.0,2658.9,2682.9,2670.9
2026-12-31,put,5150.0,7.7,8.0,7.85
2026-12-31,call,5200.0,2609.9,2633.9,2621.9
2026-12-31,put,5200.0,8.1,8.4,8.25
2026-12-31,call,5250.0,2560.9,2584.9,2572.9
2026-12-31,put,5250.0,8.4,8.8,8.600000000000001
2026-12-31,call,5275.0,2536.3,2560.3,2548.3
2026-12-31,put,5275.0,8.6,9.0,8.8
2026-12-31,call,5300.0,2511.9,2535.9,2523.9
2026-12-31,put,5300.0,8.8,9.2,9.0
2026-12-31,call,5325.0,2487.4,2511.4,2499.4
2026-12-31,put,5325.0,9.0,9.4,9.2
2026-12-31,call,5350.0,2463.1,2487.0,2475.05
2026-12-31,put,5350.0,9.2,9.6,9.399999999999999
2026-12-31,call,5375.0,2438.4,2462.4,2450.4
2026-12-31,put,5375.0,9.4,9.8,9.600000000000001
2026-12-31,call,5400.0,2413.9,2437.9,2425.9
2026-12-31,put,5400.0,9.7,10.0,9.85
2026-12-31,call,5425.0,2389.5,2413.5,2401.5
2026-12-31,put,5425.0,9.9,10.2,10.05
2026-12-31,call,5450.0,2365.1,2389.1,2377.1
2026-12-31,put,5450.0,10.1,10.5,10.3
2026-12-31,call,5475.0,2340.6,2364.6,2352.6
2026-12-31,put,5475.0,10.3,10.7,10.5
2026-12-31,call,5500.0,2315.9,2339.9,2327.9
2026-12-31,put,5500.0,10.6,10.9,10.75
2026-12-31,call,5525.0,2291.6,2315.6,2303.6
2026-12-31,put,5525.0,10.8,11.2,11.0
2026-12-31,call,5550.0,2267.2,2291.2,2279.2
2026-12-31,put,5550.0,11.1,11.4,11.25
2026-12-31,call,5575.0,2242.8,2266.8,2254.8
2026-12-31,put,5575.0,11.3,11.7,11.5
2026-12-31,call,5600.0,2218.4,2242.4,2230.4
2026-12-31,put,5600.0,11.6,12.0,11.8
2026-12-31,call,5625.0,2194.0,2218.0,2206.0
2026-12-31,put,5625.0,11.8,12.2,12.0
2026-12-31,call,5650.0,2169.5,2193.5,2181.5
2026-12-31,put,5650.0,12.1,12.5,12.3
2026-12-31,call,5675.0,2145.2,2169.2,2157.2
2026-12-31,put,5675.0,12.4,12.8,12.600000000000001
2026-12-31,call,5700.0,2120.8,2144.8,2132.8
2026-12-31,put,5700.0,12.7,13.1,12.899999999999999
2026-12-31,call,5710.0,2111.0,2135.0,2123.0
2026-12-31,put,5710.0,12.8,13.2,13.0
2026-12-31,call,5720.0,2101.1,2125.1,2113.1
2026-12-31,put,5720.0,12.9,13.3,13.100000000000001
2026-12-31,call,5725.0,2096.4,2120.4,2108.4
2026-12-31,put,5725.0,13.0,13.4,13.2
2026-12-31,call,5730.0,2091.5,2115.5,2103.5
2026-12-31,put,5730.0,13.1,13.5,13.3
2026-12-31,call,5740.0,2081.7,2105.7,2093.7
2026-12-31,put,5740.0,13.2,13.6,13.399999999999999
2026-12-31,call,5750.0,2072.0,2096.0,2084.0
2026-12-31,put,5750.0,13.3,13.7,13.5
2026-12-31,call,5760.0,2062.2,2086.2,2074.2
2026-12-31,put,5760.0,13.4,13.8,13.600000000000001
2026-12-31,call,5770.0,2052.5,2076.5,2064.5
2026-12-31,put,5770.0,13.5,14.0,13.75
2026-12-31,call,5775.0,2047.4,2071.4,2059.4
2026-12-31,put,5775.0,13.6,14.0,13.8
2026-12-31,call,5780.0,2042.8,2066.8,2054.8
2026-12-31,put,5780.0,13.7,14.1,13.899999999999999
2026-12-31,call,5790.0,2033.0,2057.0,2045.0
2026-12-31,put,5790.0,13.8,14.2,14.0
2026-12-31,call,5800.0,2023.3,2047.3,2035.3
2026-12-31,put,5800.0,13.9,14.3,14.100000000000001
2026-12-31,call,5810.0,2013.3,2037.3,2025.3
2026-12-31,put,5810.0,14.1,14.5,14.3
2026-12-31,call,5820.0,2003.8,2027.8,2015.8
2026-12-31,put,5820.0,14.2,14.6,14.399999999999999
2026-12-31,call,5825.0,1999.2,2023.0,2011.1
2026-12-31,put,5825.0,14.3,14.7,14.5
2026-12-31,call,5830.0,1994.0,2018.0,2006.0
2026-12-31,put,5830.0,14.3,14.8,14.55
2026-12-31,call,5840.0,1984.2,2008.2,1996.2
2026-12-31,put,5840.0,14.5,14.9,14.7
2026-12-31,call,5850.0,1974.6,1998.6,1986.6
2026-12-31,put,5850.0,14.6,15.0,14.8
2026-12-31,call,5860.0,1964.9,1988.9,1976.9
2026-12-31,put,5860.0,14.7,15.2,14.95
2026-12-31,call,5870.0,1955.1,1979.1,1967.1
2026-12-31,put,5870.0,14.9,15.3,15.100000000000001
2026-12-31,call,5875.0,1950.3,1974.3,1962.3
2026-12-31,put,5875.0,14.9,15.4,15.15
2026-12-31,call,5880.0,1945.4,1969.4,1957.4
2026-12-31,put,5880.0,15.0,15.5,15.25
2026-12-31,call,5890.0,1935.7,1959.7,1947.7
2026-12-31,put,5890.0,15.2,15.6,15.399999999999999
2026-12-31,call,5900.0,1925.9,1949.9,1937.9
2026-12-31,put,5900.0,15.3,15.7,15.5
2026-12-31,call,5910.0,1916.3,1940.3,1928.3
2026-12-31,put,5910.0,15.4,15.9,15.65
2026-12-31,call,5920.0,1906.3,1930.3,1918.3
2026-12-31,put,5920.0,15.6,16.0,15.8
2026-12-31,call,5925.0,1901.6,1925.6,1913.6
2026-12-31,put,5925.0,15.7,16.1,15.9
2026-12-31,call,5930.0,1896.8,1920.8,1908.8
2026-12-31,put,5930.0,15.7,16.2,15.95
2026-12-31,call,5940.0,1886.8,1910.8,1898.8
2026-12-31,put,5940.0,15.9,16.4,16.15
2026-12-31,call,5950.0,1877.1,1901.1,1889.1
2026-12-31,put,5950.0,16.0,16.5,16.25
2026-12-31,call,5960.0,1867.5,1891.5,1879.5
2026-12-31,put,5960.0,16.2,16.7,16.45
2026-12-31,call,5970.0,1857.8,1881.8,1869.8
2026-12-31,put,5970.0,16.4,16.8,16.6
2026-12-31,call,5975.0,1853.0,1877.0,1865.0
2026-12-31,put,5975.0,16.4,16.9,16.65
2026-12-31,call,5980.0,1848.2,1872.2,1860.2
2026-12-31,put,5980.0,16.5,17.0,16.75
2026-12-31,call,5990.0,1838.4,1862.4,1850.4
2026-12-31,put,5990.0,16.7,17.2,16.95
2026-12-31,call,6000.0,1828.7,1852.7,1840.7
2026-12-31,put,6000.0,16.8,17.3,17.05
2026-12-31,call,6005.0,1823.8,1847.8,1835.8
2026-12-31,put,6005.0,16.9,17.4,17.15
2026-12-31,call,6010.0,1819.0,1843.0,1831.0
2026-12-31,put,6010.0,17.0,17.5,17.25
2026-12-31,call,6015.0,1814.2,1838.2,1826.2
2026-12-31,put,6015.0,17.1,17.6,17.35
2026-12-31,call,6020.0,1809.3,1833.3,1821.3
2026-12-31,put,6020.0,17.2,17.7,17.45
2026-12-31,call,6025.0,1804.5,1828.5,1816.5
2026-12-31,put,6025.0,17.3,17.7,17.5
2026-12-31,call,6030.0,1799.5,1823.5,1811.5
2026-12-31,put,6030.0,17.3,17.8,17.55
2026-12-31,call,6035.0,1794.7,1818.7,1806.7
2026-12-31,put,6035.0,17.4,17.9,17.65
2026-12-31,call,6040.0,1790.0,1814.0,1802.0
2026-12-31,put,6040.0,17.5,18.0,17.75
2026-12-31,call,6045.0,1785.0,1809.0,1797.0
2026-12-31,put,6045.0,17.6,18.1,17.85
2026-12-31,call,6050.0,1780.2,1804.2,1792.2
2026-12-31,put,6050.0,17.7,18.2,17.95
2026-12-31,call,6055.0,1775.3,1799.3,1787.3
2026-12-31,put,6055.0,17.8,18.3,18.05
2026-12-31,call,6060.0,1770.5,1794.5,1782.5
2026-12-31,put,6060.0,17.9,18.4,18.15
2026-12-31,call,6065.0,1765.6,1789.6,1777.6
2026-12-31,put,6065.0,17.9,18.4,18.15
2026-12-31,call,6070.0,1760.8,1784.8,1772.8
2026-12-31,put,6070.0,18.0,18.5,18.25
2026-12-31,call,6075.0,1756.0,1780.0,1768.0
2026-12-31,put,6075.0,18.1,18.6,18.35
2026-12-31,call,6080.0,1751.1,1775.1,1763.1
2026-12-31,put,6080.0,18.2,18.7,18.45
2026-12-31,call,6085.0,1746.3,1770.3,1758.3
2026-12-31,put,6085.0,18.3,18.8,18.55
2026-12-31,call,6090.0,1741.3,1765.3,1753.3
2026-12-31,put,6090.0,18.4,18.9,18.65
2026-12-31,call,6095.0,1736.6,1760.6,1748.6
2026-12-31,put,6095.0,18.5,19.0,18.75
2026-12-31,call,6100.0,1731.8,1755.8,1743.8
2026-12-31,put,6100.0,18.6,19.1,18.85
2026-12-31,call,6105.0,1726.8,1750.8,1738.8
2026-12-31,put,6105.0,18.7,19.2,18.95
2026-12-31,call,6110.0,1722.0,1746.0,1734.0
2026-12-31,put,6110.0,18.8,19.3,19.05
2026-12-31,call,6115.0,1717.2,1741.2,1729.2
2026-12-31,put,6115.0,18.8,19.4,19.1
2026-12-31,call,6120.0,1712.3,1736.3,1724.3
2026-12-31,put,6120.0,18.9,19.5,19.2
2026-12-31,call,6125.0,1707.6,1731.6,1719.6
2026-12-31,put,6125.0,19.0,19.6,19.3
2026-12-31,call,6130.0,1702.5,1726.5,1714.5
2026-12-31,put,6130.0,19.1,19.7,19.4
2026-12-31,call,6135.0,1697.8,1721.8,1709.8
2026-12-31,put,6135.0,19.2,19.8,19.5
2026-12-31,call,6140.0,1693.0,1717.0,1705.0
2026-12-31,put,6140.0,19.3,19.9,19.6
2026-12-31,call,6145.0,1688.2,1712.2,1700.2
2026-12-31,put,6145.0,19.4,20.0,19.7
2026-12-31,call,6150.0,1683.3,1707.3,1695.3
2026-12-31,put,6150.0,19.5,20.1,19.8
2026-12-31,call,6155.0,1678.5,1702.5,1690.5
2026-12-31,put,6155.0,19.6,20.2,19.9
2026-12-31,call,6160.0,1673.7,1697.7,1685.7
2026-12-31,put,6160.0,19.7,20.3,20.0
2026-12-31,call,6165.0,1668.8,1692.8,1680.8
2026-12-31,put,6165.0,19.8,20.4,20.1
2026-12-31,call,6170.0,1663.9,1687.9,1675.9
2026-12-31,put,6170.0,19.9,20.5,20.2
2026-12-31,call,6175.0,1659.1,1683.1,1671.1
2026-12-31,put,6175.0,20.0,20.6,20.3
2026-12-31,call,6180.0,1654.3,1678.3,1666.3
2026-12-31,put,6180.0,20.1,20.7,20.4
2026-12-31,call,6185.0,1649.4,1673.4,1661.4
2026-12-31,put,6185.0,20.2,20.8,20.5
2026-12-31,call,6190.0,1644.6,1668.6,1656.6
2026-12-31,put,6190.0,20.3,20.9,20.6
2026-12-31,call,6195.0,1639.7,1663.7,1651.7
2026-12-31,put,6195.0,20.4,21.0,20.7
2026-12-31,call,6200.0,1634.9,1658.9,1646.9
2026-12-31,put,6200.0,20.7,21.1,20.9
2026-12-31,call,6205.0,1630.1,1654.1,1642.1
2026-12-31,put,6205.0,20.6,21.2,20.9
2026-12-31,call,6210.0,1625.3,1649.3,1637.3
2026-12-31,put,6210.0,20.7,21.3,21.0
2026-12-31,call,6215.0,1620.5,1644.5,1632.5
2026-12-31,put,6215.0,20.8,21.4,21.1
2026-12-31,call,6220.0,1615.6,1639.6,1627.6
2026-12-31,put,6220.0,21.0,21.5,21.25
2026-12-31,call,6225.0,1610.9,1634.9,1622.9
2026-12-31,put,6225.0,21.1,21.6,21.35
2026-12-31,call,6230.0,1606.0,1630.0,1618.0
2026-12-31,put,6230.0,21.2,21.8,21.5
2026-12-31,call,6235.0,1601.0,1625.0,1613.0
2026-12-31,put,6235.0,21.3,21.9,21.6
2026-12-31,call,6240.0,1596.2,1620.2,1608.2
2026-12-31,put,6240.0,21.4,22.0,21.7
2026-12-31,call,6245.0,1591.5,1615.5,1603.5
2026-12-31,put,6245.0,21.5,22.1,21.8
2026-12-31,call,6250.0,1586.7,1610.7,1598.7
2026-12-31,put,6250.0,21.6,22.2,21.9
2026-12-31,call,6255.0,1581.6,1605.6,1593.6
2026-12-31,put,6255.0,21.7,22.3,22.0
2026-12-31,call,6260.0,1577.0,1601.0,1589.0
2026-12-31,put,6260.0,21.8,22.4,22.1
2026-12-31,call,6265.0,1572.2,1596.2,1584.2
2026-12-31,put,6265.0,22.0,22.5,22.25
2026-12-31,call,6270.0,1567.3,1591.3,1579.3
2026-12-31,put,6270.0,22.1,22.7,22.4
2026-12-31,call,6275.0,1562.5,1586.5,1574.5
2026-12-31,put,6275.0,22.2,22.8,22.5
2026-12-31,call,6280.0,1557.7,1581.7,1569.7
2026-12-31,put,6280.0,22.3,22.9,22.6
2026-12-31,call,6285.0,1552.9,1576.9,1564.9
2026-12-31,put,6285.0,22.4,23.0,22.7
2026-12-31,call,6290.0,1548.1,1572.1,1560.1
2026-12-31,put,6290.0,22.5,23.1,22.8
2026-12-31,call,6295.0,1543.3,1567.3,1555.3
2026-12-31,put,6295.0,22.7,23.3,23.0
2026-12-31,call,6300.0,1538.4,1562.4,1550.4
2026-12-31,put,6300.0,22.8,23.4,23.1
2026-12-31,call,6305.0,1533.5,1557.5,1545.5
2026-12-31,put,6305.0,22.9,23.5,23.2
2026-12-31,call,6310.0,1528.8,1552.8,1540.8
2026-12-31,put,6310.0,23.0,23.6,23.3
2026-12-31,call,6315.0,1524.0,1548.0,1536.0
2026-12-31,put,6315.0,23.1,23.8,23.450000000000003
2026-12-31,call,6320.0,1519.2,1543.2,1531.2
2026-12-31,put,6320.0,23.3,23.9,23.6
2026-12-31,call,6325.0,1514.4,1538.4,1526.4
2026-12-31,put,6325.0,23.4,24.0,23.7
2026-12-31,call,6330.0,1509.6,1533.6,1521.6
2026-12-31,put,6330.0,23.5,24.1,23.8
2026-12-31,call,6335.0,1504.8,1528.8,1516.8
2026-12-31,put,6335.0,23.6,24.3,23.950000000000003
2026-12-31,call,6340.0,1500.0,1524.0,1512.0
2026-12-31,put,6340.0,23.8,24.4,24.1
2026-12-31,call,6345.0,1495.1,1519.1,1507.1
2026-12-31,put,6345.0,23.9,24.5,24.2
2026-12-31,call,6350.0,1490.3,1514.3,1502.3
2026-12-31,put,6350.0,24.0,24.6,24.3
2026-12-31,call,6355.0,1485.5,1509.5,1497.5
2026-12-31,put,6355.0,24.1,24.8,24.450000000000003
2026-12-31,call,6360.0,1480.8,1504.8,1492.8
2026-12-31,put,6360.0,24.3,24.9,24.6
2026-12-31,call,6365.0,1476.0,1500.0,1488.0
2026-12-31,put,6365.0,24.4,25.0,24.7
2026-12-31,call,6370.0,1471.1,1495.1,1483.1
2026-12-31,put,6370.0,24.5,25.2,24.85
2026-12-31,call,6375.0,1466.3,1490.3,1478.3
2026-12-31,put,6375.0,24.7,25.3,25.0
2026-12-31,call,6380.0,1461.5,1485.5,1473.5
2026-12-31,put,6380.0,24.8,25.4,25.1
2026-12-31,call,6385.0,1456.5,1480.5,1468.5
2026-12-31,put,6385.0,24.9,25.6,25.25
2026-12-31,call,6390.0,1451.8,1475.8,1463.8
2026-12-31,put,6390.0,25.1,25.7,25.4
2026-12-31,call,6395.0,1447.1,1471.1,1459.1
2026-12-31,put,6395.0,25.2,25.9,25.549999999999997
2026-12-31,call,6400.0,1442.3,1466.3,1454.3
2026-12-31,put,6400.0,25.5,26.0,25.75
2026-12-31,call,6405.0,1437.7,1461.6,1449.65
2026-12-31,put,6405.0,25.5,26.1,25.8
2026-12-31,call,6410.0,1432.8,1456.8,1444.8
2026-12-31,put,6410.0,25.6,26.3,25.950000000000003
2026-12-31,call,6415.0,1428.0,1452.0,1440.0
2026-12-31,put,6415.0,25.8,26.4,26.1
2026-12-31,call,6420.0,1423.1,1447.1,1435.1
2026-12-31,put,6420.0,25.9,26.6,26.25
2026-12-31,call,6425.0,1418.3,1442.3,1430.3
2026-12-31,put,6425.0,26.0,26.7,26.35
2026-12-31,call,6430.0,1413.6,1437.6,1425.6
2026-12-31,put,6430.0,26.2,26.8,26.5
2026-12-31,call,6435.0,1408.8,1432.8,1420.8
2026-12-31,put,6435.0,26.3,27.0,26.65
2026-12-31,call,6440.0,1404.0,1428.0,1416.0
2026-12-31,put,6440.0,26.5,27.1,26.8
2026-12-31,call,6445.0,1399.2,1423.2,1411.2
2026-12-31,put,6445.0,26.6,27.3,26.950000000000003
2026-12-31,call,6450.0,1394.2,1418.2,1406.2
2026-12-31,put,6450.0,26.8,27.4,27.1
2026-12-31,call,6455.0,1389.5,1413.4,1401.45
2026-12-31,put,6455.0,26.9,27.6,27.25
2026-12-31,call,6460.0,1384.8,1408.8,1396.8
2026-12-31,put,6460.0,27.1,27.7,27.4
2026-12-31,call,6465.0,1380.1,1404.1,1392.1
2026-12-31,put,6465.0,27.2,27.9,27.549999999999997
2026-12-31,call,6470.0,1375.2,1399.2,1387.2
2026-12-31,put,6470.0,27.4,28.0,27.7
2026-12-31,call,6475.0,1370.5,1394.5,1382.5
2026-12-31,put,6475.0,27.5,28.2,27.85
2026-12-31,call,6480.0,1365.7,1389.7,1377.7
2026-12-31,put,6480.0,27.7,28.4,28.049999999999997
2026-12-31,call,6485.0,1360.9,1384.9,1372.9
2026-12-31,put,6485.0,27.8,28.5,28.15
2026-12-31,call,6490.0,1356.1,1380.1,1368.1
2026-12-31,put,6490.0,28.0,28.7,28.35
2026-12-31,call,6495.0,1351.3,1375.3,1363.3
2026-12-31,put,6495.0,28.2,28.8,28.5
2026-12-31,call,6500.0,1346.3,1370.3,1358.3
2026-12-31,put,6500.0,28.5,29.0,28.75
2026-12-31,call,6505.0,1341.8,1365.8,1353.8
2026-12-31,put,6505.0,28.5,29.2,28.85
2026-12-31,call,6510.0,1336.9,1360.9,1348.9
2026-12-31,put,6510.0,28.6,29.3,28.950000000000003
2026-12-31,call,6515.0,1332.3,1356.3,1344.3
2026-12-31,put,6515.0,28.8,29.5,29.15
2026-12-31,call,6520.0,1327.5,1351.5,1339.5
2026-12-31,put,6520.0,29.0,29.6,29.3
2026-12-31,call,6525.0,1322.7,1346.7,1334.7
2026-12-31,put,6525.0,29.1,29.8,29.450000000000003
2026-12-31,call,6530.0,1318.0,1342.0,1330.0
2026-12-31,put,6530.0,29.3,30.0,29.65
2026-12-31,call,6535.0,1313.0,1337.0,1325.0
2026-12-31,put,6535.0,29.5,30.1,29.8
2026-12-31,call,6540.0,1308.4,1332.4,1320.4
2026-12-31,put,6540.0,29.6,30.3,29.950000000000003
2026-12-31,call,6545.0,1303.7,1327.7,1315.7
2026-12-31,put,6545.0,29.8,30.5,30.15
2026-12-31,call,6550.0,1298.9,1322.9,1310.9
2026-12-31,put,6550.0,30.0,30.7,30.35
2026-12-31,call,6555.0,1294.1,1318.1,1306.1
2026-12-31,put,6555.0,30.2,30.8,30.5
2026-12-31,call,6560.0,1289.3,1313.3,1301.3
2026-12-31,put,6560.0,30.3,31.0,30.65
2026-12-31,call,6565.0,1284.7,1308.7,1296.7
2026-12-31,put,6565.0,30.5,31.2,30.85
2026-12-31,call,6570.0,1279.9,1303.9,1291.9
2026-12-31,put,6570.0,30.7,31.4,31.049999999999997
2026-12-31,call,6575.0,1275.2,1299.2,1287.2
2026-12-31,put,6575.0,30.9,31.5,31.2
2026-12-31,call,6580.0,1270.3,1294.3,1282.3
2026-12-31,put,6580.0,31.0,31.7,31.35
2026-12-31,call,6585.0,1265.6,1289.6,1277.6
2026-12-31,put,6585.0,31.2,31.9,31.549999999999997
2026-12-31,call,6590.0,1260.8,1284.8,1272.8
2026-12-31,put,6590.0,31.4,32.1,31.75
2026-12-31,call,6595.0,1256.0,1280.0,1268.0
2026-12-31,put,6595.0,31.6,32.3,31.95
2026-12-31,call,6600.0,1251.3,1275.3,1263.3
2026-12-31,put,6600.0,31.8,32.5,32.15
2026-12-31,call,6605.0,1246.7,1270.7,1258.7
2026-12-31,put,6605.0,32.0,32.7,32.35
2026-12-31,call,6610.0,1241.8,1265.8,1253.8
2026-12-31,put,6610.0,32.1,32.9,32.5
2026-12-31,call,6615.0,1236.9,1260.9,1248.9
2026-12-31,put,6615.0,32.3,33.0,32.65
2026-12-31,call,6620.0,1232.1,1256.1,1244.1
2026-12-31,put,6620.0,32.5,33.2,32.85
2026-12-31,call,6625.0,1227.7,1251.7,1239.7
2026-12-31,put,6625.0,32.7,33.4,33.05
2026-12-31,call,6630.0,1222.9,1246.9,1234.9
2026-12-31,put,6630.0,32.9,33.6,33.25
2026-12-31,call,6635.0,1218.1,1242.1,1230.1
2026-12-31,put,6635.0,33.1,33.8,33.45
2026-12-31,call,6640.0,1213.4,1237.4,1225.4
2026-12-31,put,6640.0,33.3,34.0,33.65
2026-12-31,call,6645.0,1208.7,1232.7,1220.7
2026-12-31,put,6645.0,33.5,34.2,33.85
2026-12-31,call,6650.0,1204.0,1228.0,1216.0
2026-12-31,put,6650.0,33.7,34.4,34.05
2026-12-31,call,6655.0,1199.1,1223.1,1211.1
2026-12-31,put,6655.0,33.9,34.6,34.25
2026-12-31,call,6660.0,1194.4,1218.4,1206.4
2026-12-31,put,6660.0,34.1,34.8,34.45
2026-12-31,call,6665.0,1189.7,1213.7,1201.7
2026-12-31,put,6665.0,34.3,35.0,34.65
2026-12-31,call,6670.0,1185.0,1209.0,1197.0
2026-12-31,put,6670.0,34.5,35.2,34.85
2026-12-31,call,6675.0,1180.2,1204.2,1192.2
2026-12-31,put,6675.0,34.7,35.5,35.1
2026-12-31,call,6680.0,1175.5,1199.5,1187.5
2026-12-31,put,6680.0,34.9,35.6,35.25
2026-12-31,call,6685.0,1170.9,1194.9,1182.9
2026-12-31,put,6685.0,35.2,35.8,35.5
2026-12-31,call,6690.0,1166.1,1190.1,1178.1
2026-12-31,put,6690.0,35.4,36.1,35.75
2026-12-31,call,6695.0,1161.3,1185.3,1173.3
2026-12-31,put,6695.0,35.6,36.3,35.95
2026-12-31,call,6700.0,1156.6,1180.6,1168.6
2026-12-31,put,6700.0,36.0,36.5,36.25
2026-12-31,call,6705.0,1152.0,1176.0,1164.0
2026-12-31,put,6705.0,36.0,36.7,36.35
2026-12-31,call,6710.0,1147.3,1171.3,1159.3
2026-12-31,put,6710.0,36.2,36.9,36.55
2026-12-31,call,6715.0,1142.5,1166.5,1154.5
2026-12-31,put,6715.0,36.5,37.2,36.85
2026-12-31,call,6720.0,1137.8,1161.8,1149.8
2026-12-31,put,6720.0,36.7,37.4,37.05
2026-12-31,call,6725.0,1133.1,1157.1,1145.1
2026-12-31,put,6725.0,36.9,37.6,37.25
2026-12-31,call,6730.0,1128.4,1152.4,1140.4
2026-12-31,put,6730.0,37.1,37.8,37.45
2026-12-31,call,6735.0,1123.6,1147.6,1135.6
2026-12-31,put,6735.0,37.4,38.1,37.75
2026-12-31,call,6740.0,1118.9,1142.9,1130.9
2026-12-31,put,6740.0,37.6,38.3,37.95
2026-12-31,call,6745.0,1114.3,1138.3,1126.3
2026-12-31,put,6745.0,37.8,38.5,38.15
2026-12-31,call,6750.0,1109.5,1133.5,1121.5
2026-12-31,put,6750.0,38.1,38.8,38.45
2026-12-31,call,6755.0,1104.8,1128.8,1116.8
2026-12-31,put,6755.0,38.3,39.0,38.65
2026-12-31,call,6760.0,1100.0,1124.0,1112.0
2026-12-31,put,6760.0,38.5,39.3,38.9
2026-12-31,call,6765.0,1095.5,1119.5,1107.5
2026-12-31,put,6765.0,38.8,39.5,39.15
2026-12-31,call,6770.0,1090.8,1114.8,1102.8
2026-12-31,put,6770.0,39.0,39.8,39.4
2026-12-31,call,6775.0,1086.2,1110.2,1098.2
2026-12-31,put,6775.0,39.3,40.0,39.65
2026-12-31,call,6780.0,1081.5,1105.5,1093.5
2026-12-31,put,6780.0,39.5,40.2,39.85
2026-12-31,call,6785.0,1076.6,1100.6,1088.6
2026-12-31,put,6785.0,39.8,40.5,40.15
2026-12-31,call,6790.0,1072.0,1096.0,1084.0
2026-12-31,put,6790.0,40.0,40.8,40.4
2026-12-31,call,6795.0,1067.3,1091.3,1079.3
2026-12-31,put,6795.0,40.3,41.0,40.65
2026-12-31,call,6800.0,1062.6,1086.6,1074.6
2026-12-31,put,6800.0,40.5,41.3,40.9
2026-12-31,call,6805.0,1058.1,1082.1,1070.1
2026-12-31,put,6805.0,40.8,41.5,41.15
2026-12-31,call,6810.0,1053.3,1077.3,1065.3
2026-12-31,put,6810.0,41.0,41.8,41.4
2026-12-31,call,6815.0,1048.6,1072.6,1060.6
2026-12-31,put,6815.0,41.3,42.1,41.7
2026-12-31,call,6820.0,1043.8,1067.8,1055.8
2026-12-31,put,6820.0,41.6,42.3,41.95
2026-12-31,call,6825.0,1039.3,1063.3,1051.3
2026-12-31,put,6825.0,41.8,42.6,42.2
2026-12-31,call,6830.0,1034.5,1058.5,1046.5
2026-12-31,put,6830.0,42.1,42.9,42.5
2026-12-31,call,6835.0,1030.0,1054.0,1042.0
2026-12-31,put,6835.0,42.4,43.1,42.75
2026-12-31,call,6840.0,1025.3,1049.3,1037.3
2026-12-31,put,6840.0,42.6,43.4,43.0
2026-12-31,call,6845.0,1020.6,1044.6,1032.6
2026-12-31,put,6845.0,42.9,43.7,43.3
2026-12-31,call,6850.0,1016.0,1040.0,1028.0
2026-12-31,put,6850.0,43.2,44.0,43.6
2026-12-31,call,6855.0,1011.4,1035.4,1023.4000000000001
2026-12-31,put,6855.0,43.5,44.2,43.85
2026-12-31,call,6860.0,1006.8,1030.8,1018.8
2026-12-31,put,6860.0,43.7,44.5,44.1
2026-12-31,call,6865.0,1002.1,1026.1,1014.0999999999999
2026-12-31,put,6865.0,44.0,44.8,44.4
2026-12-31,call,6870.0,997.4,1021.4,1009.4
2026-12-31,put,6870.0,44.3,45.1,44.7
2026-12-31,call,6875.0,992.7,1016.7,1004.7
2026-12-31,put,6875.0,44.6,45.4,45.0
2026-12-31,call,6880.0,988.1,1012.1,1000.1
2026-12-31,put,6880.0,44.9,45.7,45.3
2026-12-31,call,6885.0,983.5,1007.5,995.5
2026-12-31,put,6885.0,45.2,46.0,45.6
2026-12-31,call,6890.0,978.8,1002.8,990.8
2026-12-31,put,6890.0,45.5,46.3,45.9
2026-12-31,call,6895.0,974.2,998.2,986.2
2026-12-31,put,6895.0,45.8,46.6,46.2
2026-12-31,call,6900.0,969.5,993.5,981.5
2026-12-31,put,6900.0,46.1,46.9,46.5
2026-12-31,call,6905.0,964.9,988.9,976.9
2026-12-31,put,6905.0,46.4,47.2,46.8
2026-12-31,call,6910.0,960.1,984.1,972.1
2026-12-31,put,6910.0,46.7,47.5,47.1
2026-12-31,call,6915.0,955.7,979.7,967.7
2026-12-31,put,6915.0,47.0,47.8,47.4
2026-12-31,call,6920.0,951.1,975.1,963.1
2026-12-31,put,6920.0,47.3,48.1,47.7
2026-12-31,call,6925.0,946.5,970.5,958.5
2026-12-31,put,6925.0,47.6,48.4,48.0
2026-12-31,call,6930.0,941.7,965.7,953.7
2026-12-31,put,6930.0,47.9,48.8,48.349999999999994
2026-12-31,call,6935.0,937.2,961.2,949.2
2026-12-31,put,6935.0,48.3,49.1,48.7
2026-12-31,call,6940.0,932.6,956.6,944.6
2026-12-31,put,6940.0,48.6,49.4,49.0
2026-12-31,call,6945.0,928.0,952.0,940.0
2026-12-31,put,6945.0,48.9,49.7,49.3
2026-12-31,call,6950.0,923.5,947.5,935.5
2026-12-31,put,6950.0,49.3,50.1,49.7
2026-12-31,call,6955.0,918.7,942.7,930.7
2026-12-31,put,6955.0,49.6,50.4,50.0
2026-12-31,call,6960.0,914.2,938.2,926.2
2026-12-31,put,6960.0,49.9,50.8,50.349999999999994
2026-12-31,call,6965.0,909.7,933.7,921.7
2026-12-31,put,6965.0,50.3,51.1,50.7
2026-12-31,call,6970.0,905.0,929.0,917.0
2026-12-31,put,6970.0,50.6,51.4,51.0
2026-12-31,call,6975.0,900.4,924.4,912.4
2026-12-31,put,6975.0,50.9,51.8,51.349999999999994
2026-12-31,call,6980.0,895.9,919.9,907.9
2026-12-31,put,6980.0,51.3,52.1,51.7
2026-12-31,call,6985.0,891.3,915.3,903.3
2026-12-31,put,6985.0,51.6,52.5,52.05
2026-12-31,call,6990.0,886.7,910.7,898.7
2026-12-31,put,6990.0,52.0,52.8,52.4
2026-12-31,call,6995.0,881.9,905.9,893.9
2026-12-31,put,6995.0,52.4,53.2,52.8
2026-12-31,call,7000.0,877.6,901.6,889.6
2026-12-31,put,7000.0,53.0,53.6,53.3
2026-12-31,call,7005.0,873.0,897.0,885.0
2026-12-31,put,7005.0,53.1,53.9,53.5
2026-12-31,call,7010.0,868.3,892.3,880.3
2026-12-31,put,7010.0,53.4,54.3,53.849999999999994
2026-12-31,call,7015.0,863.9,887.9,875.9
2026-12-31,put,7015.0,53.8,54.7,54.25
2026-12-31,call,7020.0,859.2,883.2,871.2
2026-12-31,put,7020.0,54.2,55.0,54.6
2026-12-31,call,7025.0,854.5,878.5,866.5
2026-12-31,put,7025.0,54.6,55.4,55.0
2026-12-31,call,7030.0,850.1,874.1,862.1
2026-12-31,put,7030.0,54.9,55.8,55.349999999999994
2026-12-31,call,7035.0,845.6,869.6,857.6
2026-12-31,put,7035.0,55.3,56.2,55.75
2026-12-31,call,7040.0,841.0,865.0,853.0
2026-12-31,put,7040.0,55.7,56.6,56.150000000000006
2026-12-31,call,7045.0,836.3,860.3,848.3
2026-12-31,put,7045.0,56.1,57.0,56.55
2026-12-31,call,7050.0,831.9,855.9,843.9
2026-12-31,put,7050.0,56.5,57.4,56.95
2026-12-31,call,7055.0,827.4,851.4,839.4
2026-12-31,put,7055.0,56.9,57.8,57.349999999999994
2026-12-31,call,7060.0,823.0,847.0,835.0
2026-12-31,put,7060.0,57.3,58.2,57.75
2026-12-31,call,7065.0,818.4,842.4,830.4
2026-12-31,put,7065.0,57.7,58.6,58.150000000000006
2026-12-31,call,7070.0,813.8,837.8,825.8
2026-12-31,put,7070.0,58.1,59.0,58.55
2026-12-31,call,7075.0,809.3,833.3,821.3
2026-12-31,put,7075.0,58.5,59.4,58.95
2026-12-31,call,7080.0,804.9,828.9,816.9
2026-12-31,put,7080.0,58.9,59.8,59.349999999999994
2026-12-31,call,7085.0,800.3,824.3,812.3
2026-12-31,put,7085.0,59.3,60.2,59.75
2026-12-31,call,7090.0,795.7,819.7,807.7
2026-12-31,put,7090.0,59.8,60.7,60.25
2026-12-31,call,7095.0,791.3,815.3,803.3
2026-12-31,put,7095.0,60.2,61.1,60.650000000000006
2026-12-31,call,7100.0,786.7,810.7,798.7
2026-12-31,put,7100.0,60.9,61.5,61.2
2026-12-31,call,7105.0,782.3,806.3,794.3
2026-12-31,put,7105.0,61.1,62.0,61.55
2026-12-31,call,7110.0,777.7,801.7,789.7
2026-12-31,put,7110.0,61.5,62.4,61.95
2026-12-31,call,7115.0,773.3,797.3,785.3
2026-12-31,put,7115.0,61.9,62.8,62.349999999999994
2026-12-31,call,7120.0,768.8,792.8,780.8
2026-12-31,put,7120.0,62.4,63.3,62.849999999999994
2026-12-31,call,7125.0,764.3,788.3,776.3
2026-12-31,put,7125.0,62.8,63.7,63.25
2026-12-31,call,7130.0,759.8,783.8,771.8
2026-12-31,put,7130.0,63.3,64.2,63.75
2026-12-31,call,7135.0,755.3,779.3,767.3
2026-12-31,put,7135.0,63.8,64.7,64.25
2026-12-31,call,7140.0,750.9,774.9,762.9
2026-12-31,put,7140.0,64.2,65.1,64.65
2026-12-31,call,7145.0,746.5,770.5,758.5
2026-12-31,put,7145.0,64.7,65.6,65.15
2026-12-31,call,7150.0,742.1,766.1,754.1
2026-12-31,put,7150.0,65.5,66.1,65.8
2026-12-31,call,7155.0,737.5,761.5,749.5
2026-12-31,put,7155.0,65.6,66.6,66.1
2026-12-31,call,7160.0,733.0,757.0,745.0
2026-12-31,put,7160.0,66.1,67.0,66.55
2026-12-31,call,7165.0,728.7,752.7,740.7
2026-12-31,put,7165.0,66.6,67.5,67.05
2026-12-31,call,7170.0,724.2,748.2,736.2
2026-12-31,put,7170.0,67.1,68.0,67.55
2026-12-31,call,7175.0,719.7,743.7,731.7
2026-12-31,put,7175.0,67.6,68.5,68.05
2026-12-31,call,7180.0,715.3,739.3,727.3
2026-12-31,put,7180.0,68.1,69.0,68.55
2026-12-31,call,7185.0,710.9,734.9,722.9
2026-12-31,put,7185.0,68.6,69.5,69.05
2026-12-31,call,7190.0,706.4,730.4,718.4
2026-12-31,put,7190.0,69.1,70.0,69.55
2026-12-31,call,7195.0,702.1,726.1,714.1
2026-12-31,put,7195.0,69.6,70.6,70.1
2026-12-31,call,7200.0,697.5,721.5,709.5
2026-12-31,put,7200.0,70.4,71.1,70.75
2026-12-31,call,7205.0,693.2,717.2,705.2
2026-12-31,put,7205.0,70.7,71.6,71.15
2026-12-31,call,7210.0,688.8,712.8,700.8
2026-12-31,put,7210.0,71.2,72.1,71.65
2026-12-31,call,7215.0,684.4,708.4,696.4
2026-12-31,put,7215.0,71.7,72.7,72.2
2026-12-31,call,7220.0,680.0,704.0,692.0
2026-12-31,put,7220.0,72.3,73.2,72.75
2026-12-31,call,7225.0,675.7,699.7,687.7
2026-12-31,put,7225.0,72.8,73.8,73.3
2026-12-31,call,7230.0,671.2,695.2,683.2
2026-12-31,put,7230.0,73.3,74.3,73.8
2026-12-31,call,7235.0,666.8,690.8,678.8
2026-12-31,put,7235.0,73.9,74.9,74.4
2026-12-31,call,7240.0,662.3,686.3,674.3
2026-12-31,put,7240.0,74.4,75.4,74.9
2026-12-31,call,7245.0,658.0,682.0,670.0
2026-12-31,put,7245.0,75.0,76.0,75.5
2026-12-31,call,7250.0,653.8,677.8,665.8
2026-12-31,put,7250.0,75.9,76.6,76.25
2026-12-31,call,7255.0,649.4,673.4,661.4
2026-12-31,put,7255.0,76.2,77.2,76.7
2026-12-31,call,7260.0,645.1,669.1,657.1
2026-12-31,put,7260.0,76.7,77.7,77.2
2026-12-31,call,7265.0,640.6,664.6,652.6
2026-12-31,put,7265.0,77.3,78.3,77.8
2026-12-31,call,7270.0,636.4,660.4,648.4
2026-12-31,put,7270.0,77.9,78.9,78.4
2026-12-31,call,7275.0,632.0,656.0,644.0
2026-12-31,put,7275.0,78.5,79.5,79.0
2026-12-31,call,7280.0,627.7,651.7,639.7
2026-12-31,put,7280.0,79.1,80.1,79.6
2026-12-31,call,7285.0,623.3,647.3,635.3
2026-12-31,put,7285.0,79.7,80.8,80.25
2026-12-31,call,7290.0,618.9,642.9,630.9
2026-12-31,put,7290.0,80.4,81.4,80.9
2026-12-31,call,7295.0,614.8,638.8,626.8
2026-12-31,put,7295.0,81.0,82.0,81.5
2026-12-31,call,7300.0,610.5,634.5,622.5
2026-12-31,put,7300.0,81.9,82.6,82.25
2026-12-31,call,7305.0,606.2,630.2,618.2
2026-12-31,put,7305.0,82.3,83.3,82.8
2026-12-31,call,7310.0,601.9,625.9,613.9
2026-12-31,put,7310.0,82.9,83.9,83.4
2026-12-31,call,7315.0,597.5,621.5,609.5
2026-12-31,put,7315.0,83.6,84.6,84.1
2026-12-31,call,7320.0,593.2,617.2,605.2
2026-12-31,put,7320.0,84.2,85.2,84.7
2026-12-31,call,7325.0,589.0,613.0,601.0
2026-12-31,put,7325.0,84.9,85.9,85.4
2026-12-31,call,7330.0,584.9,608.9,596.9
2026-12-31,put,7330.0,85.6,86.6,86.1
2026-12-31,call,7335.0,580.5,604.5,592.5
2026-12-31,put,7335.0,86.2,87.3,86.75
2026-12-31,call,7340.0,576.3,600.3,588.3
2026-12-31,put,7340.0,86.9,87.9,87.4
2026-12-31,call,7345.0,572.1,596.1,584.1
2026-12-31,put,7345.0,87.6,88.6,88.1
2026-12-31,call,7350.0,567.8,591.8,579.8
2026-12-31,put,7350.0,88.3,89.3,88.8
2026-12-31,call,7355.0,563.6,587.6,575.6
2026-12-31,put,7355.0,89.1,90.1,89.6
2026-12-31,call,7360.0,559.4,583.4,571.4
2026-12-31,put,7360.0,89.8,90.8,90.3
2026-12-31,call,7365.0,555.1,579.1,567.1
2026-12-31,put,7365.0,90.5,91.5,91.0
2026-12-31,call,7370.0,551.0,575.0,563.0
2026-12-31,put,7370.0,91.2,92.2,91.7
2026-12-31,call,7375.0,546.8,570.8,558.8
2026-12-31,put,7375.0,92.0,93.0,92.5
2026-12-31,call,7380.0,542.6,566.6,554.6
2026-12-31,put,7380.0,92.7,93.7,93.2
2026-12-31,call,7385.0,538.3,562.3,550.3
2026-12-31,put,7385.0,93.5,94.5,94.0
2026-12-31,call,7390.0,534.3,558.3,546.3
2026-12-31,put,7390.0,94.2,95.2,94.7
2026-12-31,call,7395.0,530.0,554.0,542.0
2026-12-31,put,7395.0,95.0,96.0,95.5
2026-12-31,call,7400.0,525.9,549.9,537.9
2026-12-31,put,7400.0,96.1,96.8,96.44999999999999
2026-12-31,call,7405.0,521.8,545.8,533.8
2026-12-31,put,7405.0,96.5,97.6,97.05
2026-12-31,call,7410.0,517.7,541.7,529.7
2026-12-31,put,7410.0,97.3,98.4,97.85
2026-12-31,call,7415.0,513.4,537.4,525.4
2026-12-31,put,7415.0,98.1,99.2,98.65
2026-12-31,call,7420.0,509.5,533.5,521.5
2026-12-31,put,7420.0,98.9,100.0,99.45
2026-12-31,call,7425.0,505.3,529.3,517.3
2026-12-31,put,7425.0,99.8,100.8,100.3
2026-12-31,call,7430.0,501.2,525.2,513.2
2026-12-31,put,7430.0,100.6,101.7,101.15
2026-12-31,call,7435.0,497.1,521.1,509.1
2026-12-31,put,7435.0,101.4,102.5,101.95
2026-12-31,call,7440.0,493.0,517.0,505.0
2026-12-31,put,7440.0,102.3,103.4,102.85
2026-12-31,call,7445.0,488.9,512.9,500.9
2026-12-31,put,7445.0,103.2,104.2,103.7
2026-12-31,call,7450.0,484.9,508.9,496.9
2026-12-31,put,7450.0,104.4,105.1,104.75
2026-12-31,call,7455.0,480.9,504.9,492.9
2026-12-31,put,7455.0,104.9,106.0,105.45
2026-12-31,call,7460.0,476.7,500.7,488.7
2026-12-31,put,7460.0,105.8,106.9,106.35
2026-12-31,call,7465.0,472.7,496.7,484.7
2026-12-31,put,7465.0,106.7,107.8,107.25
2026-12-31,call,7470.0,468.7,492.7,480.7
2026-12-31,put,7470.0,107.6,108.7,108.15
2026-12-31,call,7475.0,464.8,488.8,476.8
2026-12-31,put,7475.0,108.5,109.6,109.05
2026-12-31,call,7480.0,460.7,484.7,472.7
2026-12-31,put,7480.0,109.5,110.6,110.05
2026-12-31,call,7485.0,456.7,480.7,468.7
2026-12-31,put,7485.0,110.4,111.5,110.95
2026-12-31,call,7490.0,452.6,476.6,464.6
2026-12-31,put,7490.0,111.4,112.4,111.9
2026-12-31,call,7495.0,448.7,472.7,460.7
2026-12-31,put,7495.0,112.3,113.4,112.85
2026-12-31,call,7500.0,457.4,460.9,459.15
2026-12-31,put,7500.0,113.6,114.4,114.0
2026-12-31,call,7505.0,440.8,464.8,452.8
2026-12-31,put,7505.0,114.2,115.4,114.80000000000001
2026-12-31,call,7510.0,436.9,460.9,448.9
2026-12-31,put,7510.0,115.2,116.4,115.80000000000001
2026-12-31,call,7515.0,432.8,456.8,444.8
2026-12-31,put,7515.0,116.2,117.4,116.80000000000001
2026-12-31,call,7520.0,428.9,452.9,440.9
2026-12-31,put,7520.0,117.2,118.4,117.80000000000001
2026-12-31,call,7525.0,425.2,449.2,437.2
2026-12-31,put,7525.0,118.3,119.4,118.85
2026-12-31,call,7530.0,421.3,445.3,433.3
2026-12-31,put,7530.0,119.3,120.4,119.85
2026-12-31,call,7535.0,417.4,441.4,429.4
2026-12-31,put,7535.0,120.3,121.5,120.9
2026-12-31,call,7540.0,413.4,437.4,425.4
2026-12-31,put,7540.0,121.4,122.5,121.95
2026-12-31,call,7545.0,409.6,433.6,421.6
2026-12-31,put,7545.0,122.5,123.6,123.05
2026-12-31,call,7550.0,419.3,420.5,419.9
2026-12-31,put,7550.0,123.9,124.7,124.30000000000001
2026-12-31,call,7555.0,415.4,416.7,416.04999999999995
2026-12-31,put,7555.0,124.6,125.8,125.19999999999999
2026-12-31,call,7560.0,411.6,412.8,412.20000000000005
2026-12-31,put,7560.0,125.7,126.9,126.30000000000001
2026-12-31,call,7565.0,407.8,409.0,408.4
2026-12-31,put,7565.0,126.8,128.0,127.4
2026-12-31,call,7570.0,404.0,405.2,404.6
2026-12-31,put,7570.0,128.0,129.2,128.6
2026-12-31,call,7575.0,400.2,401.4,400.79999999999995
2026-12-31,put,7575.0,129.1,130.3,129.7
2026-12-31,call,7580.0,396.4,397.6,397.0
2026-12-31,put,7580.0,130.3,131.5,130.9
2026-12-31,call,7585.0,392.6,393.9,393.25
2026-12-31,put,7585.0,131.4,132.6,132.0
2026-12-31,call,7590.0,388.8,390.1,389.45000000000005
2026-12-31,put,7590.0,132.6,133.8,133.2
2026-12-31,call,7595.0,385.1,386.4,385.75
2026-12-31,put,7595.0,133.8,135.0,134.4
2026-12-31,call,7600.0,381.4,382.6,382.0
2026-12-31,put,7600.0,135.4,136.2,135.8
2026-12-31,call,7605.0,377.6,378.9,378.25
2026-12-31,put,7605.0,136.2,137.4,136.8
2026-12-31,call,7610.0,373.9,375.2,374.54999999999995
2026-12-31,put,7610.0,137.4,138.7,138.05
2026-12-31,call,7615.0,370.2,371.5,370.85
2026-12-31,put,7615.0,138.7,139.9,139.3
2026-12-31,call,7620.0,366.5,367.9,367.2
2026-12-31,put,7620.0,139.9,141.2,140.55
2026-12-31,call,7625.0,362.9,364.2,363.54999999999995
2026-12-31,put,7625.0,141.2,142.5,141.85
2026-12-31,call,7630.0,359.2,360.5,359.85
2026-12-31,put,7630.0,142.5,143.8,143.15
2026-12-31,call,7635.0,355.6,356.9,356.25
2026-12-31,put,7635.0,143.8,145.1,144.45
2026-12-31,call,7640.0,352.0,353.3,352.65
2026-12-31,put,7640.0,145.1,146.4,145.75
2026-12-31,call,7645.0,348.4,349.7,349.04999999999995
2026-12-31,put,7645.0,146.4,147.7,147.05
2026-12-31,call,7650.0,344.8,346.1,345.45000000000005
2026-12-31,put,7650.0,148.2,149.0,148.6
2026-12-31,call,7655.0,341.2,342.5,341.85
2026-12-31,put,7655.0,149.1,150.4,149.75
2026-12-31,call,7660.0,337.6,339.0,338.3
2026-12-31,put,7660.0,150.5,151.8,151.15
2026-12-31,call,7665.0,334.1,335.4,334.75
2026-12-31,put,7665.0,151.9,153.2,152.55
2026-12-31,call,7670.0,330.6,331.9,331.25
2026-12-31,put,7670.0,153.3,154.6,153.95
2026-12-31,call,7675.0,327.0,328.4,327.7
2026-12-31,put,7675.0,154.7,156.0,155.35
2026-12-31,call,7680.0,323.5,324.9,324.2
2026-12-31,put,7680.0,156.2,157.5,156.85
2026-12-31,call,7685.0,320.0,321.4,320.7
2026-12-31,put,7685.0,157.6,158.9,158.25
2026-12-31,call,7690.0,316.6,317.9,317.25
2026-12-31,put,7690.0,159.1,160.4,159.75
2026-12-31,call,7695.0,313.1,314.5,313.8
2026-12-31,put,7695.0,160.6,161.9,161.25
2026-12-31,call,7700.0,309.7,311.1,310.4
2026-12-31,put,7700.0,162.5,163.3,162.9
2026-12-31,call,7705.0,306.3,307.7,307.0
2026-12-31,put,7705.0,163.6,164.9,164.25
2026-12-31,call,7710.0,302.9,304.3,303.6
2026-12-31,put,7710.0,165.1,166.5,165.8
2026-12-31,call,7715.0,299.5,300.9,300.2
2026-12-31,put,7715.0,166.7,168.0,167.35
2026-12-31,call,7720.0,296.1,297.5,296.8
2026-12-31,put,7720.0,168.3,169.6,168.95
2026-12-31,call,7725.0,292.8,294.2,293.5
2026-12-31,put,7725.0,169.8,171.2,170.5
2026-12-31,call,7730.0,289.4,290.8,290.1
2026-12-31,put,7730.0,171.5,172.8,172.15
2026-12-31,call,7735.0,286.1,287.5,286.8
2026-12-31,put,7735.0,173.1,174.4,173.75
2026-12-31,call,7740.0,282.8,284.2,283.5
2026-12-31,put,7740.0,174.7,176.1,175.39999999999998
2026-12-31,call,7745.0,279.5,280.9,280.2
2026-12-31,put,7745.0,176.4,177.7,177.05
2026-12-31,call,7750.0,276.3,277.7,277.0
2026-12-31,put,7750.0,178.5,179.3,178.9
2026-12-31,call,7755.0,273.0,274.5,273.75
2026-12-31,put,7755.0,179.8,181.1,180.45
2026-12-31,call,7760.0,269.8,271.2,270.5
2026-12-31,put,7760.0,181.5,182.8,182.15
2026-12-31,call,7765.0,266.6,268.0,267.3
2026-12-31,put,7765.0,183.2,184.6,183.89999999999998
2026-12-31,call,7770.0,263.4,264.8,264.1
2026-12-31,put,7770.0,185.0,186.3,185.65
2026-12-31,call,7775.0,260.3,261.7,261.0
2026-12-31,put,7775.0,186.7,188.1,187.39999999999998
2026-12-31,call,7780.0,257.1,258.6,257.85
2026-12-31,put,7780.0,188.5,189.9,189.2
2026-12-31,call,7785.0,254.0,255.4,254.7
2026-12-31,put,7785.0,190.3,191.7,191.0
2026-12-31,call,7790.0,250.9,252.3,251.60000000000002
2026-12-31,put,7790.0,192.1,193.5,192.8
2026-12-31,call,7795.0,247.8,249.2,248.5
2026-12-31,put,7795.0,194.0,195.4,194.7
2026-12-31,call,7800.0,244.7,246.2,245.45
2026-12-31,put,7800.0,196.3,197.2,196.75
2026-12-31,call,7805.0,241.7,243.1,242.39999999999998
2026-12-31,put,7805.0,197.8,199.2,198.5
2026-12-31,call,7810.0,238.7,240.1,239.39999999999998
2026-12-31,put,7810.0,199.7,201.1,200.39999999999998
2026-12-31,call,7815.0,235.7,237.1,236.39999999999998
2026-12-31,put,7815.0,201.6,203.0,202.3
2026-12-31,call,7820.0,232.7,234.1,233.39999999999998
2026-12-31,put,7820.0,203.6,205.0,204.3
2026-12-31,call,7825.0,229.7,231.1,230.39999999999998
2026-12-31,put,7825.0,205.5,206.9,206.2
2026-12-31,call,7830.0,226.7,228.2,227.45
2026-12-31,put,7830.0,207.5,208.9,208.2
2026-12-31,call,7835.0,223.8,225.3,224.55
2026-12-31,put,7835.0,209.5,210.9,210.2
2026-12-31,call,7840.0,220.9,222.4,221.65
2026-12-31,put,7840.0,211.6,213.0,212.3
2026-12-31,call,7845.0,218.0,219.5,218.75
2026-12-31,put,7845.0,213.6,215.0,214.3
2026-12-31,call,7850.0,215.2,216.7,215.95
2026-12-31,put,7850.0,215.7,217.1,216.39999999999998
2026-12-31,call,7855.0,212.4,213.8,213.10000000000002
2026-12-31,put,7855.0,217.8,219.2,218.5
2026-12-31,call,7860.0,209.5,211.0,210.25
2026-12-31,put,7860.0,219.9,221.4,220.65
2026-12-31,call,7865.0,206.8,208.2,207.5
2026-12-31,put,7865.0,222.1,223.5,222.8
2026-12-31,call,7870.0,204.0,205.4,204.7
2026-12-31,put,7870.0,224.3,225.7,225.0
2026-12-31,call,7875.0,201.2,202.7,201.95
2026-12-31,put,7875.0,226.5,227.9,227.2
2026-12-31,call,7880.0,198.5,200.0,199.25
2026-12-31,put,7880.0,228.7,230.1,229.39999999999998
2026-12-31,call,7885.0,195.8,197.3,196.55
2026-12-31,put,7885.0,230.9,232.3,231.60000000000002
2026-12-31,call,7890.0,193.1,194.6,193.85
2026-12-31,put,7890.0,233.2,234.6,233.89999999999998
2026-12-31,call,7895.0,190.5,191.9,191.2
2026-12-31,put,7895.0,235.5,236.9,236.2
2026-12-31,call,7900.0,188.2,189.3,188.75
2026-12-31,put,7900.0,238.2,239.1,238.64999999999998
2026-12-31,call,7905.0,185.2,186.7,185.95
2026-12-31,put,7905.0,240.1,241.5,240.8
2026-12-31,call,7910.0,182.6,184.1,183.35
2026-12-31,put,7910.0,242.4,243.8,243.10000000000002
2026-12-31,call,7915.0,180.1,181.5,180.8
2026-12-31,put,7915.0,244.8,246.2,245.5
2026-12-31,call,7920.0,177.5,179.0,178.25
2026-12-31,put,7920.0,247.2,248.6,247.89999999999998
2026-12-31,call,7925.0,175.0,176.5,175.75
2026-12-31,put,7925.0,249.6,251.0,250.3
2026-12-31,call,7930.0,172.5,173.9,173.2
2026-12-31,put,7930.0,252.0,253.4,252.7
2026-12-31,call,7935.0,170.1,171.5,170.8
2026-12-31,put,7935.0,254.5,255.9,255.2
2026-12-31,call,7940.0,167.6,169.0,168.3
2026-12-31,put,7940.0,257.0,258.4,257.7
2026-12-31,call,7945.0,165.1,166.6,165.85
2026-12-31,put,7945.0,259.5,260.9,260.2
2026-12-31,call,7950.0,163.1,164.2,163.64999999999998
2026-12-31,put,7950.0,262.4,263.4,262.9
2026-12-31,call,7955.0,160.4,161.8,161.10000000000002
2026-12-31,put,7955.0,264.6,266.0,265.3
2026-12-31,call,7960.0,158.0,159.4,158.7
2026-12-31,put,7960.0,267.1,268.5,267.8
2026-12-31,call,7965.0,155.7,157.1,156.39999999999998
2026-12-31,put,7965.0,269.7,271.1,270.4
2026-12-31,call,7970.0,153.4,154.7,154.05
2026-12-31,put,7970.0,272.4,273.8,273.1
2026-12-31,call,7975.0,151.1,152.4,151.75
2026-12-31,put,7975.0,275.0,276.4,275.7
2026-12-31,call,7980.0,149.1,150.2,149.64999999999998
2026-12-31,put,7980.0,277.7,279.1,278.4
2026-12-31,call,7985.0,146.6,147.9,147.25
2026-12-31,put,7985.0,280.4,281.7,281.04999999999995
2026-12-31,call,7990.0,144.6,145.7,145.14999999999998
2026-12-31,put,7990.0,283.1,284.5,283.8
2026-12-31,call,7995.0,142.1,143.5,142.8
2026-12-31,put,7995.0,285.8,287.2,286.5
2026-12-31,call,8000.0,140.2,141.3,140.75
2026-12-31,put,8000.0,288.9,289.8,289.35
2026-12-31,call,8005.0,137.8,139.2,138.5
2026-12-31,put,8005.0,291.4,292.7,292.04999999999995
2026-12-31,call,8010.0,136.0,137.0,136.5
2026-12-31,put,8010.0,294.2,295.5,294.85
2026-12-31,call,8015.0,133.6,134.9,134.25
2026-12-31,put,8015.0,297.0,298.3,297.65
2026-12-31,call,8020.0,131.7,132.8,132.25
2026-12-31,put,8020.0,299.9,301.2,300.54999999999995
2026-12-31,call,8025.0,129.4,130.7,130.05
2026-12-31,put,8025.0,302.7,304.1,303.4
2026-12-31,call,8030.0,127.7,128.7,128.2
2026-12-31,put,8030.0,305.6,307.0,306.3
2026-12-31,call,8035.0,125.4,126.7,126.05000000000001
2026-12-31,put,8035.0,308.6,309.9,309.25
2026-12-31,call,8040.0,123.6,124.7,124.15
2026-12-31,put,8040.0,311.5,312.8,312.15
2026-12-31,call,8045.0,121.4,122.7,122.05000000000001
2026-12-31,put,8045.0,314.5,315.8,315.15
2026-12-31,call,8050.0,119.8,120.8,120.3
2026-12-31,put,8050.0,317.6,318.8,318.20000000000005
2026-12-31,call,8055.0,117.5,118.8,118.15
2026-12-31,put,8055.0,320.5,321.8,321.15
2026-12-31,call,8060.0,116.0,116.9,116.45
2026-12-31,put,8060.0,323.5,324.8,324.15
2026-12-31,call,8065.0,113.8,115.0,114.4
2026-12-31,put,8065.0,326.6,327.9,327.25
2026-12-31,call,8070.0,112.2,113.2,112.7
2026-12-31,put,8070.0,329.7,330.9,330.29999999999995
2026-12-31,call,8075.0,110.1,111.3,110.69999999999999
2026-12-31,put,8075.0,332.8,334.0,333.4
2026-12-31,call,8080.0,108.6,109.5,109.05
2026-12-31,put,8080.0,335.9,337.2,336.54999999999995
2026-12-31,call,8085.0,106.5,107.7,107.1
2026-12-31,put,8085.0,339.1,340.3,339.70000000000005
2026-12-31,call,8090.0,105.0,105.9,105.45
2026-12-31,put,8090.0,342.2,343.5,342.85
2026-12-31,call,8095.0,103.0,104.2,103.6
2026-12-31,put,8095.0,345.4,346.7,346.04999999999995
2026-12-31,call,8100.0,101.6,102.5,102.05
2026-12-31,put,8100.0,348.6,349.9,349.25
2026-12-31,call,8105.0,99.6,100.8,100.19999999999999
2026-12-31,put,8105.0,351.9,353.1,352.5
2026-12-31,call,8110.0,98.1,99.1,98.6
2026-12-31,put,8110.0,355.1,356.4,355.75
2026-12-31,call,8115.0,96.2,97.4,96.80000000000001
2026-12-31,put,8115.0,358.4,359.8,359.1
2026-12-31,call,8120.0,94.8,95.8,95.3
2026-12-31,put,8120.0,361.7,363.1,362.4
2026-12-31,call,8125.0,93.0,94.2,93.6
2026-12-31,put,8125.0,353.7,377.6,365.65
2026-12-31,call,8130.0,91.6,92.6,92.1
2026-12-31,put,8130.0,357.1,381.0,369.05
2026-12-31,call,8135.0,89.8,91.0,90.4
2026-12-31,put,8135.0,362.6,386.6,374.6
2026-12-31,call,8140.0,88.6,89.4,89.0
2026-12-31,put,8140.0,365.8,389.8,377.8
2026-12-31,call,8145.0,86.8,87.9,87.35
2026-12-31,put,8145.0,369.2,393.2,381.2
2026-12-31,call,8150.0,85.4,86.4,85.9
2026-12-31,put,8150.0,372.6,396.6,384.6
2026-12-31,call,8155.0,83.8,84.9,84.35
2026-12-31,put,8155.0,376.3,400.3,388.3
2026-12-31,call,8160.0,82.5,83.4,82.95
2026-12-31,put,8160.0,379.6,403.6,391.6
2026-12-31,call,8165.0,80.8,82.0,81.4
2026-12-31,put,8165.0,383.2,407.2,395.2
2026-12-31,call,8170.0,79.7,80.6,80.15
2026-12-31,put,8170.0,386.6,410.6,398.6
2026-12-31,call,8175.0,78.0,79.2,78.6
2026-12-31,put,8175.0,390.2,414.2,402.2
2026-12-31,call,8180.0,76.8,77.8,77.3
2026-12-31,put,8180.0,393.8,417.8,405.8
2026-12-31,call,8185.0,75.3,76.4,75.85
2026-12-31,put,8185.0,397.3,421.3,409.3
2026-12-31,call,8190.0,74.1,75.0,74.55
2026-12-31,put,8190.0,400.9,424.9,412.9
2026-12-31,call,8195.0,72.6,73.7,73.15
2026-12-31,put,8195.0,404.6,428.6,416.6
2026-12-31,call,8200.0,71.6,72.4,72.0
2026-12-31,put,8200.0,408.2,432.2,420.2
2026-12-31,call,8205.0,70.0,71.1,70.55
2026-12-31,put,8205.0,412.0,436.0,424.0
2026-12-31,call,8210.0,68.9,69.8,69.35
2026-12-31,put,8210.0,415.5,439.5,427.5
2026-12-31,call,8215.0,67.5,68.6,68.05
2026-12-31,put,8215.0,419.2,443.2,431.2
2026-12-31,call,8220.0,66.3,67.3,66.8
2026-12-31,put,8220.0,422.9,446.9,434.9
2026-12-31,call,8225.0,65.1,66.1,65.6
2026-12-31,put,8225.0,426.7,450.7,438.7
2026-12-31,call,8230.0,63.9,64.9,64.4
2026-12-31,put,8230.0,430.4,454.4,442.4
2026-12-31,call,8235.0,62.7,63.8,63.25
2026-12-31,put,8235.0,434.2,458.2,446.2
2026-12-31,call,8240.0,61.5,62.6,62.05
2026-12-31,put,8240.0,437.9,461.9,449.9
2026-12-31,call,8245.0,60.4,61.5,60.95
2026-12-31,put,8245.0,441.9,465.9,453.9
2026-12-31,call,8250.0,59.3,60.3,59.8
2026-12-31,put,8250.0,445.6,469.6,457.6
2026-12-31,call,8255.0,58.2,59.2,58.7
2026-12-31,put,8255.0,449.6,473.6,461.6
2026-12-31,call,8260.0,57.1,58.1,57.6
2026-12-31,put,8260.0,453.3,477.3,465.3
2026-12-31,call,8265.0,56.0,57.1,56.55
2026-12-31,put,8265.0,457.2,481.1,469.15
2026-12-31,call,8270.0,55.0,56.0,55.5
2026-12-31,put,8270.0,461.0,485.0,473.0
2026-12-31,call,8275.0,53.9,55.0,54.45
2026-12-31,put,8275.0,465.0,489.0,477.0
2026-12-31,call,8280.0,52.9,53.9,53.4
2026-12-31,put,8280.0,469.1,493.1,481.1
2026-12-31,call,8285.0,51.9,52.9,52.4
2026-12-31,put,8285.0,472.9,496.9,484.9
2026-12-31,call,8290.0,50.9,52.0,51.45
2026-12-31,put,8290.0,476.8,500.8,488.8
2026-12-31,call,8295.0,50.0,51.0,50.5
2026-12-31,put,8295.0,480.7,504.7,492.7
2026-12-31,call,8300.0,49.0,50.0,49.5
2026-12-31,put,8300.0,484.8,508.8,496.8
2026-12-31,call,8305.0,48.1,49.1,48.6
2026-12-31,put,8305.0,488.8,512.8,500.79999999999995
2026-12-31,call,8310.0,47.2,48.1,47.650000000000006
2026-12-31,put,8310.0,492.8,516.8,504.79999999999995
2026-12-31,call,8315.0,46.2,47.2,46.7
2026-12-31,put,8315.0,496.9,520.9,508.9
2026-12-31,call,8320.0,45.4,46.3,45.849999999999994
2026-12-31,put,8320.0,501.0,525.0,513.0
2026-12-31,call,8325.0,44.5,45.4,44.95
2026-12-31,put,8325.0,504.9,528.9,516.9
2026-12-31,call,8330.0,43.6,44.6,44.1
2026-12-31,put,8330.0,509.1,533.1,521.1
2026-12-31,call,8335.0,42.8,43.7,43.25
2026-12-31,put,8335.0,513.1,537.1,525.1
2026-12-31,call,8340.0,42.0,42.9,42.45
2026-12-31,put,8340.0,517.3,541.3,529.3
2026-12-31,call,8345.0,41.1,42.1,41.6
2026-12-31,put,8345.0,521.3,545.3,533.3
2026-12-31,call,8350.0,40.3,41.3,40.8
2026-12-31,put,8350.0,525.6,549.6,537.6
2026-12-31,call,8355.0,39.5,40.5,40.0
2026-12-31,put,8355.0,529.7,553.7,541.7
2026-12-31,call,8360.0,38.8,39.7,39.25
2026-12-31,put,8360.0,533.8,557.8,545.8
2026-12-31,call,8365.0,38.0,38.9,38.45
2026-12-31,put,8365.0,538.1,562.1,550.1
2026-12-31,call,8370.0,37.3,38.2,37.75
2026-12-31,put,8370.0,542.3,566.3,554.3
2026-12-31,call,8375.0,36.5,37.4,36.95
2026-12-31,put,8375.0,546.6,570.6,558.6
2026-12-31,call,8380.0,35.8,36.7,36.25
2026-12-31,put,8380.0,550.7,574.7,562.7
2026-12-31,call,8390.0,34.4,35.3,34.849999999999994
2026-12-31,put,8390.0,559.2,583.2,571.2
2026-12-31,call,8400.0,33.2,33.7,33.45
2026-12-31,put,8400.0,567.7,591.7,579.7
2026-12-31,call,8410.0,31.7,32.6,32.15
2026-12-31,put,8410.0,576.4,600.4,588.4
2026-12-31,call,8420.0,30.4,31.3,30.85
2026-12-31,put,8420.0,584.9,608.9,596.9
2026-12-31,call,8425.0,29.8,30.7,30.25
2026-12-31,put,8425.0,589.1,613.1,601.1
2026-12-31,call,8430.0,29.2,30.1,29.65
2026-12-31,put,8430.0,593.6,617.6,605.6
2026-12-31,call,8440.0,28.0,28.9,28.45
2026-12-31,put,8440.0,602.4,626.4,614.4
2026-12-31,call,8450.0,26.9,27.8,27.35
2026-12-31,put,8450.0,611.0,635.0,623.0
2026-12-31,call,8460.0,25.8,26.7,26.25
2026-12-31,put,8460.0,619.7,643.7,631.7
2026-12-31,call,8470.0,24.8,25.6,25.200000000000003
2026-12-31,put,8470.0,628.6,652.6,640.6
2026-12-31,call,8475.0,24.3,25.1,24.700000000000003
2026-12-31,put,8475.0,633.1,657.1,645.1
2026-12-31,call,8480.0,23.8,24.6,24.200000000000003
2026-12-31,put,8480.0,637.4,661.4,649.4
2026-12-31,call,8490.0,22.8,23.6,23.200000000000003
2026-12-31,put,8490.0,646.5,670.5,658.5
2026-12-31,call,8500.0,22.0,22.5,22.25
2026-12-31,put,8500.0,655.3,679.3,667.3
2026-12-31,call,8510.0,21.0,21.8,21.4
2026-12-31,put,8510.0,664.4,688.4,676.4
2026-12-31,call,8520.0,20.1,20.9,20.5
2026-12-31,put,8520.0,673.3,697.3,685.3
2026-12-31,call,8525.0,19.7,20.5,20.1
2026-12-31,put,8525.0,678.0,702.0,690.0
2026-12-31,call,8530.0,19.3,20.1,19.700000000000003
2026-12-31,put,8530.0,682.5,706.5,694.5
2026-12-31,call,8540.0,18.5,19.3,18.9
2026-12-31,put,8540.0,691.6,715.6,703.6
2026-12-31,call,8550.0,17.7,18.5,18.1
2026-12-31,put,8550.0,700.7,724.7,712.7
2026-12-31,call,8560.0,17.0,17.8,17.4
2026-12-31,put,8560.0,709.8,733.8,721.8
2026-12-31,call,8570.0,16.3,17.0,16.65
2026-12-31,put,8570.0,719.1,743.1,731.1
2026-12-31,call,8575.0,15.9,16.7,16.3
2026-12-31,put,8575.0,723.7,747.7,735.7
2026-12-31,call,8580.0,15.6,16.4,16.0
2026-12-31,put,8580.0,728.2,752.2,740.2
2026-12-31,call,8590.0,15.0,15.7,15.35
2026-12-31,put,8590.0,737.5,761.5,749.5
2026-12-31,call,8600.0,14.4,15.1,14.75
2026-12-31,put,8600.0,746.8,770.8,758.8
2026-12-31,call,8610.0,13.8,14.5,14.15
2026-12-31,put,8610.0,756.0,780.0,768.0
2026-12-31,call,8620.0,13.3,13.9,13.600000000000001
2026-12-31,put,8620.0,765.3,789.3,777.3
2026-12-31,call,8625.0,13.0,13.7,13.35
2026-12-31,put,8625.0,770.0,794.0,782.0
2026-12-31,call,8630.0,12.7,13.4,13.05
2026-12-31,put,8630.0,774.5,798.5,786.5
2026-12-31,call,8640.0,12.2,12.9,12.55
2026-12-31,put,8640.0,784.0,808.0,796.0
2026-12-31,call,8650.0,11.7,12.4,12.05
2026-12-31,put,8650.0,793.4,817.4,805.4
2026-12-31,call,8660.0,11.3,11.9,11.600000000000001
2026-12-31,put,8660.0,803.0,827.0,815.0
2026-12-31,call,8670.0,10.8,11.5,11.15
2026-12-31,put,8670.0,812.3,836.3,824.3
2026-12-31,call,8675.0,10.6,11.2,10.899999999999999
2026-12-31,put,8675.0,817.2,841.2,829.2
2026-12-31,call,8680.0,10.4,11.0,10.7
2026-12-31,put,8680.0,821.8,845.8,833.8
2026-12-31,call,8690.0,10.0,10.6,10.3
2026-12-31,put,8690.0,831.2,855.2,843.2
2026-12-31,call,8700.0,9.6,10.2,9.899999999999999
2026-12-31,put,8700.0,840.9,864.9,852.9
2026-12-31,call,8710.0,9.2,9.8,9.5
2026-12-31,put,8710.0,850.2,874.2,862.2
2026-12-31,call,8720.0,8.9,9.5,9.2
2026-12-31,put,8720.0,859.7,883.7,871.7
2026-12-31,call,8730.0,8.5,9.1,8.8
2026-12-31,put,8730.0,869.3,893.3,881.3
2026-12-31,call,8740.0,8.2,8.8,8.5
2026-12-31,put,8740.0,878.9,902.9,890.9
2026-12-31,call,8750.0,7.9,8.5,8.2
2026-12-31,put,8750.0,888.4,912.4,900.4
2026-12-31,call,8760.0,7.6,8.2,7.8999999999999995
2026-12-31,put,8760.0,898.0,922.0,910.0
2026-12-31,call,8800.0,6.6,7.1,6.85
2026-12-31,put,8800.0,936.3,960.3,948.3
2026-12-31,call,8850.0,5.5,6.0,5.75
2026-12-31,put,8850.0,984.7,1008.7,996.7
2026-12-31,call,8900.0,4.6,5.1,4.85
2026-12-31,put,8900.0,1033.3,1057.3,1045.3
2026-12-31,call,9000.0,3.4,3.8,3.5999999999999996
2026-12-31,put,9000.0,1130.8,1154.8,1142.8
2026-12-31,call,9100.0,2.5,2.9,2.7
2026-12-31,put,9100.0,1228.7,1252.7,1240.7
2026-12-31,call,9200.0,1.9,2.25,2.075
2026-12-31,put,9200.0,1326.8,1350.8,1338.8
2026-12-31,call,9300.0,1.45,1.85,1.65
2026-12-31,put,9300.0,1425.1,1449.1,1437.1
2026-12-31,call,9400.0,1.1,1.5,1.3
2026-12-31,put,9400.0,1523.5,1547.5,1535.5
2026-12-31,call,9500.0,0.85,1.25,1.05
2026-12-31,put,9500.0,1622.0,1646.0,1634.0
2026-12-31,call,9600.0,0.8,0.95,0.875
2026-12-31,put,9600.0,1720.6,1744.6,1732.6
2027-01-15,call,3200.0,4586.5,4610.5,4598.5
2027-01-15,put,3200.0,1.8,1.95,1.875
2027-01-15,call,3400.0,4389.9,4413.9,4401.9
2027-01-15,put,3400.0,2.1,2.35,2.225
2027-01-15,call,3600.0,4193.3,4217.3,4205.3
2027-01-15,put,3600.0,2.55,2.85,2.7
2027-01-15,call,3800.0,3996.6,4020.6,4008.6
2027-01-15,put,3800.0,3.1,3.4,3.25
2027-01-15,call,3900.0,3898.5,3922.5,3910.5
2027-01-15,put,3900.0,3.4,3.7,3.55
2027-01-15,call,4000.0,3800.4,3824.4,3812.4
2027-01-15,put,4000.0,3.7,4.0,3.85
2027-01-15,call,4100.0,3702.2,3726.2,3714.2
2027-01-15,put,4100.0,4.1,4.4,4.25
2027-01-15,call,4200.0,3604.1,3628.1,3616.1
2027-01-15,put,4200.0,4.5,4.8,4.65
2027-01-15,call,4300.0,3505.8,3529.8,3517.8
2027-01-15,put,4300.0,4.9,5.2,5.050000000000001
2027-01-15,call,4400.0,3407.8,3431.8,3419.8
2027-01-15,put,4400.0,5.4,5.7,5.550000000000001
2027-01-15,call,4500.0,3309.8,3333.8,3321.8
2027-01-15,put,4500.0,5.9,6.1,6.0
2027-01-15,call,4600.0,3212.0,3236.0,3224.0
2027-01-15,put,4600.0,6.4,6.7,6.550000000000001
2027-01-15,call,4700.0,3113.8,3137.8,3125.8
2027-01-15,put,4700.0,7.0,7.2,7.1
2027-01-15,call,4800.0,3015.9,3039.9,3027.9
2027-01-15,put,4800.0,7.6,7.9,7.75
2027-01-15,call,4900.0,2918.1,2942.1,2930.1
2027-01-15,put,4900.0,8.3,8.5,8.4
2027-01-15,call,5000.0,2820.3,2844.3,2832.3
2027-01-15,put,5000.0,9.0,9.3,9.15
2027-01-15,call,5100.0,2722.5,2746.5,2734.5
2027-01-15,put,5100.0,9.7,10.1,9.899999999999999
2027-01-15,call,5200.0,2624.9,2648.9,2636.9
2027-01-15,put,5200.0,10.6,10.9,10.75
2027-01-15,call,5300.0,2527.3,2551.3,2539.3
2027-01-15,put,5300.0,11.5,11.9,11.7
2027-01-15,call,5350.0,2478.4,2502.4,2490.4
2027-01-15,put,5350.0,12.0,12.4,12.2
2027-01-15,call,5400.0,2429.7,2453.7,2441.7
2027-01-15,put,5400.0,12.5,12.9,12.7
2027-01-15,call,5450.0,2381.0,2405.0,2393.0
2027-01-15,put,5450.0,13.0,13.4,13.2
2027-01-15,call,5500.0,2332.3,2356.3,2344.3
2027-01-15,put,5500.0,13.6,14.0,13.8
2027-01-15,call,5550.0,2283.6,2307.6,2295.6
2027-01-15,put,5550.0,14.2,14.6,14.399999999999999
2027-01-15,call,5600.0,2235.0,2259.0,2247.0
2027-01-15,put,5600.0,14.8,15.2,15.0
2027-01-15,call,5650.0,2186.4,2210.4,2198.4
2027-01-15,put,5650.0,15.4,15.9,15.65
2027-01-15,call,5700.0,2137.8,2161.8,2149.8
2027-01-15,put,5700.0,16.1,16.6,16.35
2027-01-15,call,5750.0,2089.2,2113.2,2101.2
2027-01-15,put,5750.0,16.8,17.3,17.05
2027-01-15,call,5800.0,2040.7,2064.7,2052.7
2027-01-15,put,5800.0,17.6,18.1,17.85
2027-01-15,call,5850.0,1992.3,2016.3,2004.3
2027-01-15,put,5850.0,18.4,18.9,18.65
2027-01-15,call,5900.0,1943.8,1967.8,1955.8
2027-01-15,put,5900.0,19.2,19.8,19.5
2027-01-15,call,5950.0,1895.5,1919.5,1907.5
2027-01-15,put,5950.0,20.1,20.7,20.4
2027-01-15,call,6000.0,1847.2,1871.2,1859.2
2027-01-15,put,6000.0,21.1,21.7,21.4
2027-01-15,call,6050.0,1799.0,1823.0,1811.0
2027-01-15,put,6050.0,22.1,22.7,22.4
2027-01-15,call,6100.0,1750.7,1774.7,1762.7
2027-01-15,put,6100.0,23.2,23.8,23.5
2027-01-15,call,6150.0,1702.6,1726.6,1714.6
2027-01-15,put,6150.0,24.3,24.9,24.6
2027-01-15,call,6200.0,1654.6,1678.6,1666.6
2027-01-15,put,6200.0,25.5,26.2,25.85
2027-01-15,call,6250.0,1606.6,1630.6,1618.6
2027-01-15,put,6250.0,26.8,27.5,27.15
2027-01-15,call,6300.0,1558.7,1582.7,1570.7
2027-01-15,put,6300.0,28.2,28.8,28.5
2027-01-15,call,6350.0,1510.8,1534.8,1522.8
2027-01-15,put,6350.0,29.6,30.3,29.950000000000003
2027-01-15,call,6400.0,1463.2,1487.2,1475.2
2027-01-15,put,6400.0,31.2,31.9,31.549999999999997
2027-01-15,call,6425.0,1439.3,1463.3,1451.3
2027-01-15,put,6425.0,32.1,32.8,32.45
2027-01-15,call,6450.0,1415.7,1439.7,1427.7
2027-01-15,put,6450.0,32.9,33.6,33.25
2027-01-15,call,6475.0,1392.0,1416.0,1404.0
2027-01-15,put,6475.0,33.8,34.5,34.15
2027-01-15,call,6500.0,1368.3,1392.3,1380.3
2027-01-15,put,6500.0,34.7,35.4,35.05
2027-01-15,call,6525.0,1344.6,1368.6,1356.6
2027-01-15,put,6525.0,35.7,36.4,36.05
2027-01-15,call,6550.0,1320.7,1344.7,1332.7
2027-01-15,put,6550.0,36.7,37.4,37.05
2027-01-15,call,6560.0,1311.5,1335.5,1323.5
2027-01-15,put,6560.0,37.1,37.8,37.45
2027-01-15,call,6570.0,1302.1,1326.1,1314.1
2027-01-15,put,6570.0,37.5,38.2,37.85
2027-01-15,call,6575.0,1297.4,1321.4,1309.4
2027-01-15,put,6575.0,37.7,38.4,38.05
2027-01-15,call,6580.0,1292.4,1316.4,1304.4
2027-01-15,put,6580.0,37.9,38.6,38.25
2027-01-15,call,6590.0,1283.2,1307.2,1295.2
2027-01-15,put,6590.0,38.3,39.1,38.7
2027-01-15,call,6600.0,1273.9,1297.9,1285.9
2027-01-15,put,6600.0,38.8,39.5,39.15
2027-01-15,call,6610.0,1264.4,1288.4,1276.4
2027-01-15,put,6610.0,39.2,39.9,39.55
2027-01-15,call,6620.0,1254.9,1278.9,1266.9
2027-01-15,put,6620.0,39.6,40.3,39.95
2027-01-15,call,6625.0,1250.2,1274.2,1262.2
2027-01-15,put,6625.0,39.9,40.6,40.25
2027-01-15,call,6630.0,1245.5,1269.5,1257.5
2027-01-15,put,6630.0,40.1,40.8,40.45
2027-01-15,call,6640.0,1236.2,1260.2,1248.2
2027-01-15,put,6640.0,40.5,41.2,40.85
2027-01-15,call,6650.0,1226.8,1250.8,1238.8
2027-01-15,put,6650.0,41.0,41.7,41.35
2027-01-15,call,6660.0,1217.4,1241.4,1229.4
2027-01-15,put,6660.0,41.5,42.2,41.85
2027-01-15,call,6670.0,1207.8,1231.8,1219.8
2027-01-15,put,6670.0,42.0,42.7,42.35
2027-01-15,call,6675.0,1203.2,1227.2,1215.2
2027-01-15,put,6675.0,42.2,42.9,42.55
2027-01-15,call,6680.0,1198.6,1222.6,1210.6
2027-01-15,put,6680.0,42.4,43.1,42.75
2027-01-15,call,6690.0,1189.3,1213.3,1201.3
2027-01-15,put,6690.0,42.9,43.6,43.25
2027-01-15,call,6700.0,1179.9,1203.9,1191.9
2027-01-15,put,6700.0,43.4,44.1,43.75
2027-01-15,call,6710.0,1170.5,1194.5,1182.5
2027-01-15,put,6710.0,43.9,44.6,44.25
2027-01-15,call,6720.0,1161.3,1185.3,1173.3
2027-01-15,put,6720.0,44.4,45.2,44.8
2027-01-15,call,6725.0,1156.6,1180.6,1168.6
2027-01-15,put,6725.0,44.7,45.4,45.05
2027-01-15,call,6730.0,1152.0,1176.0,1164.0
2027-01-15,put,6730.0,45.0,45.7,45.35
2027-01-15,call,6740.0,1142.6,1166.6,1154.6
2027-01-15,put,6740.0,45.5,46.2,45.85
2027-01-15,call,6750.0,1133.3,1157.3,1145.3
2027-01-15,put,6750.0,46.0,46.8,46.4
2027-01-15,call,6760.0,1124.1,1148.1,1136.1
2027-01-15,put,6760.0,46.6,47.3,46.95
2027-01-15,call,6770.0,1114.8,1138.8,1126.8
2027-01-15,put,6770.0,47.1,47.9,47.5
2027-01-15,call,6775.0,1110.0,1134.0,1122.0
2027-01-15,put,6775.0,47.4,48.1,47.75
2027-01-15,call,6780.0,1105.5,1129.5,1117.5
2027-01-15,put,6780.0,47.7,48.4,48.05
2027-01-15,call,6790.0,1096.1,1120.1,1108.1
2027-01-15,put,6790.0,48.2,49.0,48.6
2027-01-15,call,6800.0,1086.7,1110.7,1098.7
2027-01-15,put,6800.0,48.8,49.6,49.2
2027-01-15,call,6810.0,1077.6,1101.6,1089.6
2027-01-15,put,6810.0,49.4,50.2,49.8
2027-01-15,call,6820.0,1068.4,1092.4,1080.4
2027-01-15,put,6820.0,50.0,50.8,50.4
2027-01-15,call,6825.0,1063.7,1087.7,1075.7
2027-01-15,put,6825.0,50.3,51.1,50.7
2027-01-15,call,6830.0,1059.1,1083.1,1071.1
2027-01-15,put,6830.0,50.6,51.4,51.0
2027-01-15,call,6840.0,1050.0,1074.0,1062.0
2027-01-15,put,6840.0,51.2,52.0,51.6
2027-01-15,call,6850.0,1040.5,1064.5,1052.5
2027-01-15,put,6850.0,51.8,52.6,52.2
2027-01-15,call,6860.0,1031.4,1055.4,1043.4
2027-01-15,put,6860.0,52.5,53.3,52.9
2027-01-15,call,6870.0,1022.3,1046.3,1034.3
2027-01-15,put,6870.0,53.1,53.9,53.5
2027-01-15,call,6875.0,1017.6,1041.6,1029.6
2027-01-15,put,6875.0,53.4,54.3,53.849999999999994
2027-01-15,call,6880.0,1013.1,1037.1,1025.1
2027-01-15,put,6880.0,53.8,54.6,54.2
2027-01-15,call,6890.0,1003.9,1027.9,1015.9000000000001
2027-01-15,put,6890.0,54.4,55.3,54.849999999999994
2027-01-15,call,6900.0,994.7,1018.7,1006.7
2027-01-15,put,6900.0,55.1,55.9,55.5
2027-01-15,call,6910.0,985.4,1009.4,997.4
2027-01-15,put,6910.0,55.8,56.6,56.2
2027-01-15,call,6920.0,976.4,1000.4,988.4
2027-01-15,put,6920.0,56.5,57.3,56.9
2027-01-15,call,6925.0,971.8,995.8,983.8
2027-01-15,put,6925.0,56.8,57.7,57.25
2027-01-15,call,6930.0,967.3,991.3,979.3
2027-01-15,put,6930.0,57.2,58.0,57.6
2027-01-15,call,6940.0,958.2,982.2,970.2
2027-01-15,put,6940.0,57.9,58.8,58.349999999999994
2027-01-15,call,6950.0,948.9,972.9,960.9
2027-01-15,put,6950.0,58.6,59.5,59.05
2027-01-15,call,6960.0,939.9,963.9,951.9
2027-01-15,put,6960.0,59.4,60.3,59.849999999999994
2027-01-15,call,6970.0,930.8,954.8,942.8
2027-01-15,put,6970.0,60.1,61.0,60.55
2027-01-15,call,6975.0,926.2,950.2,938.2
2027-01-15,put,6975.0,60.5,61.4,60.95
2027-01-15,call,6980.0,921.8,945.8,933.8
2027-01-15,put,6980.0,60.9,61.8,61.349999999999994
2027-01-15,call,6990.0,912.8,936.8,924.8
2027-01-15,put,6990.0,61.7,62.6,62.150000000000006
2027-01-15,call,7000.0,903.5,927.5,915.5
2027-01-15,put,7000.0,62.5,63.4,62.95
2027-01-15,call,7010.0,894.6,918.6,906.6
2027-01-15,put,7010.0,63.3,64.2,63.75
2027-01-15,call,7020.0,885.6,909.6,897.6
2027-01-15,put,7020.0,64.1,65.0,64.55
2027-01-15,call,7025.0,881.1,905.1,893.1
2027-01-15,put,7025.0,64.5,65.4,64.95
2027-01-15,call,7030.0,876.6,900.6,888.6
2027-01-15,put,7030.0,64.9,65.8,65.35
2027-01-15,call,7040.0,867.4,891.4,879.4
2027-01-15,put,7040.0,65.8,66.7,66.25
2027-01-15,call,7050.0,858.5,882.5,870.5
2027-01-15,put,7050.0,66.6,67.6,67.1
2027-01-15,call,7060.0,849.6,873.6,861.6
2027-01-15,put,7060.0,67.5,68.4,67.95
2027-01-15,call,7070.0,840.7,864.7,852.7
2027-01-15,put,7070.0,68.4,69.3,68.85
2027-01-15,call,7075.0,836.2,860.2,848.2
2027-01-15,put,7075.0,68.9,69.8,69.35
2027-01-15,call,7080.0,831.6,855.6,843.6
2027-01-15,put,7080.0,69.3,70.2,69.75
2027-01-15,call,7090.0,822.8,846.8,834.8
2027-01-15,put,7090.0,70.2,71.2,70.7
2027-01-15,call,7100.0,813.8,837.8,825.8
2027-01-15,put,7100.0,71.2,72.1,71.65
2027-01-15,call,7110.0,804.9,828.9,816.9
2027-01-15,put,7110.0,72.1,73.1,72.6
2027-01-15,call,7120.0,796.1,820.1,808.1
2027-01-15,put,7120.0,73.1,74.0,73.55
2027-01-15,call,7125.0,791.7,815.7,803.7
2027-01-15,put,7125.0,73.6,74.5,74.05
2027-01-15,call,7130.0,787.3,811.3,799.3
2027-01-15,put,7130.0,74.1,75.0,74.55
2027-01-15,call,7140.0,778.3,802.3,790.3
2027-01-15,put,7140.0,75.1,76.0,75.55
2027-01-15,call,7150.0,769.6,793.6,781.6
2027-01-15,put,7150.0,76.1,77.0,76.55
2027-01-15,call,7160.0,760.7,784.7,772.7
2027-01-15,put,7160.0,77.1,78.1,77.6
2027-01-15,call,7170.0,752.0,776.0,764.0
2027-01-15,put,7170.0,78.2,79.1,78.65
2027-01-15,call,7175.0,747.6,771.6,759.6
2027-01-15,put,7175.0,78.7,79.7,79.2
2027-01-15,call,7180.0,743.1,767.1,755.1
2027-01-15,put,7180.0,79.3,80.2,79.75
2027-01-15,call,7190.0,734.4,758.4,746.4
2027-01-15,put,7190.0,80.4,81.3,80.85
2027-01-15,call,7200.0,725.7,749.7,737.7
2027-01-15,put,7200.0,81.4,82.4,81.9
2027-01-15,call,7210.0,716.9,740.9,728.9
2027-01-15,put,7210.0,82.6,83.6,83.1
2027-01-15,call,7220.0,708.3,732.3,720.3
2027-01-15,put,7220.0,83.7,84.7,84.2
2027-01-15,call,7225.0,704.0,728.0,716.0
2027-01-15,put,7225.0,84.3,85.3,84.8
2027-01-15,call,7230.0,699.6,723.6,711.6
2027-01-15,put,7230.0,84.9,85.9,85.4
2027-01-15,call,7240.0,690.9,714.9,702.9
2027-01-15,put,7240.0,86.1,87.1,86.6
2027-01-15,call,7250.0,682.4,706.4,694.4
2027-01-15,put,7250.0,87.3,88.3,87.8
2027-01-15,call,7260.0,673.7,697.7,685.7
2027-01-15,put,7260.0,88.5,89.6,89.05
2027-01-15,call,7270.0,665.2,689.2,677.2
2027-01-15,put,7270.0,89.8,90.8,90.3
2027-01-15,call,7275.0,660.8,684.8,672.8
2027-01-15,put,7275.0,90.5,91.5,91.0
2027-01-15,call,7280.0,656.5,680.5,668.5
2027-01-15,put,7280.0,91.1,92.1,91.6
2027-01-15,call,7290.0,648.0,672.0,660.0
2027-01-15,put,7290.0,92.4,93.4,92.9
2027-01-15,call,7300.0,639.3,663.3,651.3
2027-01-15,put,7300.0,93.8,94.8,94.3
2027-01-15,call,7310.0,631.0,655.0,643.0
2027-01-15,put,7310.0,95.1,96.1,95.6
2027-01-15,call,7320.0,622.5,646.5,634.5
2027-01-15,put,7320.0,96.5,97.5,97.0
2027-01-15,call,7325.0,618.4,642.4,630.4
2027-01-15,put,7325.0,97.3,98.2,97.75
2027-01-15,call,7330.0,614.0,638.0,626.0
2027-01-15,put,7330.0,98.0,98.9,98.45
2027-01-15,call,7340.0,605.8,629.8,617.8
2027-01-15,put,7340.0,99.4,100.4,99.9
2027-01-15,call,7350.0,597.4,621.4,609.4
2027-01-15,put,7350.0,100.9,101.8,101.35
2027-01-15,call,7360.0,588.9,612.9,600.9
2027-01-15,put,7360.0,102.4,103.3,102.85
2027-01-15,call,7370.0,580.6,604.6,592.6
2027-01-15,put,7370.0,103.9,104.9,104.4
2027-01-15,call,7375.0,576.5,600.5,588.5
2027-01-15,put,7375.0,104.7,105.6,105.15
2027-01-15,call,7380.0,572.4,596.4,584.4
2027-01-15,put,7380.0,105.3,106.4,105.85
2027-01-15,call,7390.0,564.1,588.1,576.1
2027-01-15,put,7390.0,106.9,108.0,107.45
2027-01-15,call,7400.0,555.7,579.7,567.7
2027-01-15,put,7400.0,108.5,109.6,109.05
2027-01-15,call,7410.0,547.7,571.7,559.7
2027-01-15,put,7410.0,110.2,111.3,110.75
2027-01-15,call,7420.0,539.5,563.5,551.5
2027-01-15,put,7420.0,111.9,113.0,112.45
2027-01-15,call,7425.0,535.5,559.5,547.5
2027-01-15,put,7425.0,112.7,113.8,113.25
2027-01-15,call,7430.0,531.4,555.4,543.4
2027-01-15,put,7430.0,113.6,114.7,114.15
2027-01-15,call,7440.0,523.4,547.4,535.4
2027-01-15,put,7440.0,115.4,116.4,115.9
2027-01-15,call,7450.0,515.2,539.2,527.2
2027-01-15,put,7450.0,117.5,118.2,117.85
2027-01-15,call,7460.0,507.1,531.1,519.1
2027-01-15,put,7460.0,119.0,120.1,119.55
2027-01-15,call,7470.0,499.3,523.3,511.29999999999995
2027-01-15,put,7470.0,120.8,121.9,121.35
2027-01-15,call,7475.0,495.4,519.4,507.4
2027-01-15,put,7475.0,121.8,122.9,122.35
2027-01-15,call,7480.0,491.3,515.3,503.29999999999995
2027-01-15,put,7480.0,122.7,123.8,123.25
2027-01-15,call,7490.0,483.5,507.5,495.5
2027-01-15,put,7490.0,124.7,125.8,125.25
2027-01-15,call,7500.0,475.5,499.5,487.5
2027-01-15,put,7500.0,126.6,127.7,127.15
2027-01-15,call,7510.0,467.7,491.7,479.7
2027-01-15,put,7510.0,128.6,129.8,129.2
2027-01-15,call,7520.0,460.0,484.0,472.0
2027-01-15,put,7520.0,130.7,131.8,131.25
2027-01-15,call,7525.0,456.0,480.0,468.0
2027-01-15,put,7525.0,131.7,132.9,132.3
2027-01-15,call,7530.0,452.1,476.1,464.1
2027-01-15,put,7530.0,132.7,133.9,133.3
2027-01-15,call,7540.0,446.7,470.6,458.65
2027-01-15,put,7540.0,134.9,136.0,135.45
2027-01-15,call,7550.0,450.3,451.5,450.9
2027-01-15,put,7550.0,137.4,138.2,137.8
2027-01-15,call,7560.0,442.6,443.9,443.25
2027-01-15,put,7560.0,139.3,140.5,139.9
2027-01-15,call,7570.0,435.0,436.3,435.65
2027-01-15,put,7570.0,141.5,142.7,142.1
2027-01-15,call,7575.0,431.2,432.5,431.85
2027-01-15,put,7575.0,142.7,143.9,143.3
2027-01-15,call,7580.0,427.5,428.8,428.15
2027-01-15,put,7580.0,143.8,145.0,144.4
2027-01-15,call,7590.0,420.0,421.3,420.65
2027-01-15,put,7590.0,146.2,147.4,146.8
2027-01-15,call,7600.0,412.5,413.8,413.15
2027-01-15,put,7600.0,148.9,149.7,149.3
2027-01-15,call,7610.0,405.1,406.4,405.75
2027-01-15,put,7610.0,151.0,152.3,151.65
2027-01-15,call,7620.0,397.7,399.1,398.4
2027-01-15,put,7620.0,153.5,154.8,154.15
2027-01-15,call,7625.0,394.1,395.4,394.75
2027-01-15,put,7625.0,154.8,156.1,155.45
2027-01-15,call,7630.0,390.5,391.8,391.15
2027-01-15,put,7630.0,156.1,157.4,156.75
2027-01-15,call,7640.0,383.2,384.6,383.9
2027-01-15,put,7640.0,158.7,160.0,159.35
2027-01-15,call,7650.0,376.0,377.4,376.7
2027-01-15,put,7650.0,161.4,162.6,162.0
2027-01-15,call,7660.0,368.9,370.2,369.54999999999995
2027-01-15,put,7660.0,164.0,165.4,164.7
2027-01-15,call,7670.0,361.8,363.2,362.5
2027-01-15,put,7670.0,166.8,168.1,167.45
2027-01-15,call,7675.0,358.3,359.6,358.95000000000005
2027-01-15,put,7675.0,168.2,169.5,168.85
2027-01-15,call,7680.0,354.7,356.1,355.4
2027-01-15,put,7680.0,169.6,171.0,170.3
2027-01-15,call,7690.0,347.8,349.2,348.5
2027-01-15,put,7690.0,172.5,173.8,173.15
2027-01-15,call,7700.0,340.9,342.3,341.6
2027-01-15,put,7700.0,175.4,176.8,176.10000000000002
2027-01-15,call,7710.0,334.0,335.4,334.7
2027-01-15,put,7710.0,178.4,179.8,179.10000000000002
2027-01-15,call,7720.0,327.2,328.6,327.9
2027-01-15,put,7720.0,181.5,182.9,182.2
2027-01-15,call,7725.0,323.8,325.3,324.55
2027-01-15,put,7725.0,183.1,184.4,183.75
2027-01-15,call,7730.0,320.5,321.9,321.2
2027-01-15,put,7730.0,184.6,186.0,185.3
2027-01-15,call,7740.0,313.8,315.3,314.55
2027-01-15,put,7740.0,187.8,189.2,188.5
2027-01-15,call,7750.0,307.2,308.7,307.95
2027-01-15,put,7750.0,191.1,192.5,191.8
2027-01-15,call,7760.0,300.7,302.2,301.45
2027-01-15,put,7760.0,194.4,195.8,195.10000000000002
2027-01-15,call,7770.0,294.2,295.7,294.95
2027-01-15,put,7770.0,197.9,199.2,198.55
2027-01-15,call,7775.0,291.0,292.5,291.75
2027-01-15,put,7775.0,199.6,200.9,200.25
2027-01-15,call,7780.0,287.8,289.3,288.55
2027-01-15,put,7780.0,201.2,202.7,201.95
2027-01-15,call,7790.0,281.5,283.0,282.25
2027-01-15,put,7790.0,204.8,206.2,205.5
2027-01-15,call,7800.0,275.3,276.7,276.0
2027-01-15,put,7800.0,208.5,209.8,209.15
2027-01-15,call,7810.0,269.1,270.6,269.85
2027-01-15,put,7810.0,212.1,213.5,212.8
2027-01-15,call,7820.0,263.0,264.5,263.75
2027-01-15,put,7820.0,215.8,217.2,216.5
2027-01-15,call,7825.0,260.0,261.4,260.7
2027-01-15,put,7825.0,217.7,219.2,218.45
2027-01-15,call,7830.0,257.0,258.4,257.7
2027-01-15,put,7830.0,219.6,221.1,220.35
2027-01-15,call,7840.0,251.0,252.5,251.75
2027-01-15,put,7840.0,223.5,225.0,224.25
2027-01-15,call,7850.0,245.1,246.6,245.85
2027-01-15,put,7850.0,227.5,228.9,228.2
2027-01-15,call,7860.0,239.3,240.8,240.05
2027-01-15,put,7860.0,231.6,233.0,232.3
2027-01-15,call,7870.0,233.6,235.1,234.35
2027-01-15,put,7870.0,235.7,237.1,236.39999999999998
2027-01-15,call,7875.0,230.8,232.3,231.55
2027-01-15,put,7875.0,237.8,239.2,238.5
2027-01-15,call,7880.0,227.9,229.5,228.7
2027-01-15,put,7880.0,239.9,241.4,240.65
2027-01-15,call,7890.0,222.4,223.9,223.15
2027-01-15,put,7890.0,244.2,245.7,244.95
2027-01-15,call,7900.0,216.9,218.4,217.65
2027-01-15,put,7900.0,248.6,250.0,249.3
2027-01-15,call,7910.0,211.5,213.0,212.25
2027-01-15,put,7910.0,253.0,254.5,253.75
2027-01-15,call,7920.0,206.2,207.7,206.95
2027-01-15,put,7920.0,257.6,259.0,258.3
2027-01-15,call,7925.0,203.6,205.1,204.35
2027-01-15,put,7925.0,259.9,261.3,260.6
2027-01-15,call,7930.0,201.0,202.5,201.75
2027-01-15,put,7930.0,262.2,263.7,262.95
2027-01-15,call,7940.0,195.8,197.3,196.55
2027-01-15,put,7940.0,266.9,268.3,267.6
2027-01-15,call,7950.0,190.8,192.3,191.55
2027-01-15,put,7950.0,271.7,273.1,272.4
2027-01-15,call,7960.0,185.8,187.3,186.55
2027-01-15,put,7960.0,276.6,278.0,277.3
2027-01-15,call,7970.0,180.9,182.4,181.65
2027-01-15,put,7970.0,281.5,283.0,282.25
2027-01-15,call,7975.0,178.5,180.0,179.25
2027-01-15,put,7975.0,284.0,285.5,284.75
2027-01-15,call,7980.0,176.1,177.6,176.85
2027-01-15,put,7980.0,286.6,288.0,287.3
2027-01-15,call,7990.0,171.4,172.8,172.10000000000002
2027-01-15,put,7990.0,291.7,293.1,292.4
2027-01-15,call,8000.0,166.7,168.2,167.45
2027-01-15,put,8000.0,296.9,298.3,297.6
2027-01-15,call,8010.0,162.2,163.6,162.89999999999998
2027-01-15,put,8010.0,302.2,303.6,302.9
2027-01-15,call,8020.0,157.7,159.1,158.39999999999998
2027-01-15,put,8020.0,307.6,309.0,308.3
2027-01-15,call,8025.0,155.5,156.9,156.2
2027-01-15,put,8025.0,310.3,311.7,311.0
2027-01-15,call,8030.0,153.3,154.7,154.0
2027-01-15,put,8030.0,313.0,314.5,313.75
2027-01-15,call,8040.0,149.0,150.4,149.7
2027-01-15,put,8040.0,318.6,320.0,319.3
2027-01-15,call,8050.0,144.8,146.2,145.5
2027-01-15,put,8050.0,324.2,325.6,324.9
2027-01-15,call,8060.0,140.7,142.0,141.35
2027-01-15,put,8060.0,330.0,331.3,330.65
2027-01-15,call,8070.0,136.6,138.0,137.3
2027-01-15,put,8070.0,335.8,337.1,336.45000000000005
2027-01-15,call,8075.0,134.6,136.0,135.3
2027-01-15,put,8075.0,338.7,340.1,339.4
2027-01-15,call,8080.0,132.6,134.0,133.3
2027-01-15,put,8080.0,341.7,343.0,342.35
2027-01-15,call,8090.0,128.8,130.1,129.45
2027-01-15,put,8090.0,347.6,349.0,348.3
2027-01-15,call,8100.0,125.0,126.3,125.65
2027-01-15,put,8100.0,353.7,355.0,354.35
2027-01-15,call,8110.0,121.3,122.6,121.94999999999999
2027-01-15,put,8110.0,359.8,361.1,360.45000000000005
2027-01-15,call,8120.0,117.6,118.9,118.25
2027-01-15,put,8120.0,366.1,367.4,366.75
2027-01-15,call,8125.0,115.9,117.1,116.5
2027-01-15,put,8125.0,369.2,370.5,369.85
2027-01-15,call,8130.0,114.1,115.4,114.75
2027-01-15,put,8130.0,372.4,373.7,373.04999999999995
2027-01-15,call,8140.0,110.6,111.9,111.25
2027-01-15,put,8140.0,378.8,380.0,379.4
2027-01-15,call,8150.0,107.2,108.5,107.85
2027-01-15,put,8150.0,385.2,386.5,385.85
2027-01-15,call,8175.0,99.1,100.3,99.69999999999999
2027-01-15,put,8175.0,390.4,414.3,402.35
2027-01-15,call,8200.0,91.5,92.7,92.1
2027-01-15,put,8200.0,409.4,433.4,421.4
2027-01-15,call,8225.0,84.4,85.5,84.95
2027-01-15,put,8225.0,427.1,451.1,439.1
2027-01-15,call,8250.0,77.7,78.8,78.25
2027-01-15,put,8250.0,444.9,468.9,456.9
2027-01-15,call,8275.0,71.4,72.5,71.95
2027-01-15,put,8275.0,463.3,487.3,475.3
2027-01-15,call,8300.0,65.6,66.7,66.15
2027-01-15,put,8300.0,482.2,506.2,494.2
2027-01-15,call,8350.0,55.2,56.2,55.7
2027-01-15,put,8350.0,521.0,545.0,533.0
2027-01-15,call,8400.0,46.2,47.2,46.7
2027-01-15,put,8400.0,561.4,585.4,573.4
2027-01-15,call,8450.0,38.5,39.4,38.95
2027-01-15,put,8450.0,603.1,627.1,615.1
2027-01-15,call,8500.0,32.0,32.9,32.45
2027-01-15,put,8500.0,645.9,669.9,657.9
2027-01-15,call,8550.0,26.5,27.3,26.9
2027-01-15,put,8550.0,689.8,713.8,701.8
2027-01-15,call,8600.0,21.9,22.7,22.299999999999997
2027-01-15,put,8600.0,734.4,758.4,746.4
2027-01-15,call,8650.0,18.1,18.8,18.450000000000003
2027-01-15,put,8650.0,779.9,803.9,791.9
2027-01-15,call,8700.0,14.9,15.6,15.25
2027-01-15,put,8700.0,826.0,850.0,838.0
2027-01-15,call,8750.0,12.3,13.0,12.65
2027-01-15,put,8750.0,872.8,896.8,884.8
2027-01-15,call,8800.0,10.3,10.9,10.600000000000001
2027-01-15,put,8800.0,920.0,944.0,932.0
2027-01-15,call,8850.0,8.6,9.2,8.899999999999999
2027-01-15,put,8850.0,967.4,991.4,979.4
2027-01-15,call,8900.0,7.2,7.8,7.5
2027-01-15,put,8900.0,1015.6,1039.6,1027.6
2027-01-15,call,9000.0,5.2,5.7,5.45
2027-01-15,put,9000.0,1112.1,1136.1,1124.1
2027-01-15,call,9100.0,3.8,4.3,4.05
2027-01-15,put,9100.0,1209.0,1233.0,1221.0
2027-01-15,call,9200.0,2.9,3.3,3.0999999999999996
2027-01-15,put,9200.0,1306.7,1330.7,1318.7
2027-01-15,call,9300.0,2.2,2.6,2.4000000000000004
2027-01-15,put,9300.0,1404.6,1428.6,1416.6
2027-01-15,call,9400.0,1.7,2.1,1.9
2027-01-15,put,9400.0,1502.6,1526.6,1514.6
2027-01-15,call,9500.0,1.35,1.75,1.55
2027-01-15,put,9500.0,1600.8,1624.8,1612.8
2027-01-15,call,9600.0,1.1,1.45,1.275
2027-01-15,put,9600.0,1699.0,1723.0,1711.0
2027-01-15,call,9800.0,0.7,1.05,0.875
2027-01-15,put,9800.0,1895.8,1919.8,1907.8
2027-01-15,call,10000.0,0.45,0.8,0.625
2027-01-15,put,10000.0,2092.7,2116.7,2104.7
2027-01-15,call,10200.0,0.3,0.6,0.44999999999999996
2027-01-15,put,10200.0,2289.5,2313.5,2301.5
2027-01-15,call,10400.0,0.2,0.45,0.325
2027-01-15,put,10400.0,2486.5,2510.5,2498.5
2027-01-15,call,10600.0,0.15,0.35,0.25
2027-01-15,put,10600.0,2683.4,2707.4,2695.4
2027-01-15,call,10800.0,0.05,0.3,0.175
2027-01-15,put,10800.0,2880.5,2904.5,2892.5
2027-01-29,call,3000.0,4787.3,4811.3,4799.3
2027-01-29,put,3000.0,1.8,2.05,1.9249999999999998
2027-01-29,call,3200.0,4591.1,4615.1,4603.1
2027-01-29,put,3200.0,2.25,2.45,2.35
2027-01-29,call,3400.0,4394.9,4418.9,4406.9
2027-01-29,put,3400.0,2.75,2.95,2.85
2027-01-29,call,3600.0,4198.5,4222.5,4210.5
2027-01-29,put,3600.0,3.3,3.6,3.45
2027-01-29,call,3800.0,4002.7,4026.7,4014.7
2027-01-29,put,3800.0,4.0,4.3,4.15
2027-01-29,call,4000.0,3806.5,3830.5,3818.5
2027-01-29,put,4000.0,4.8,5.0,4.9
2027-01-29,call,4200.0,3610.9,3634.9,3622.9
2027-01-29,put,4200.0,5.7,5.9,5.800000000000001
2027-01-29,call,4400.0,3415.2,3439.2,3427.2
2027-01-29,put,4400.0,6.7,7.0,6.85
2027-01-29,call,4500.0,3317.3,3341.3,3329.3
2027-01-29,put,4500.0,7.2,7.5,7.35
2027-01-29,call,4600.0,3219.5,3243.5,3231.5
2027-01-29,put,4600.0,7.8,8.2,8.0
2027-01-29,call,4700.0,3121.9,3145.9,3133.9
2027-01-29,put,4700.0,8.5,8.8,8.65
2027-01-29,call,4800.0,3024.3,3048.3,3036.3
2027-01-29,put,4800.0,9.2,9.6,9.399999999999999
2027-01-29,call,4900.0,2926.7,2950.7,2938.7
2027-01-29,put,4900.0,10.0,10.3,10.15
2027-01-29,call,5000.0,2829.2,2853.2,2841.2
2027-01-29,put,5000.0,10.8,11.2,11.0
2027-01-29,call,5100.0,2731.5,2755.5,2743.5
2027-01-29,put,5100.0,11.7,12.1,11.899999999999999
2027-01-29,call,5200.0,2634.4,2658.4,2646.4
2027-01-29,put,5200.0,12.7,13.1,12.899999999999999
2027-01-29,call,5300.0,2537.0,2561.0,2549.0
2027-01-29,put,5300.0,13.7,14.2,13.95
2027-01-29,call,5400.0,2439.9,2463.9,2451.9
2027-01-29,put,5400.0,14.9,15.4,15.15
2027-01-29,call,5500.0,2342.8,2366.8,2354.8
2027-01-29,put,5500.0,16.2,16.7,16.45
2027-01-29,call,5600.0,2245.8,2269.8,2257.8
2027-01-29,put,5600.0,17.6,18.1,17.85
2027-01-29,call,5650.0,2197.5,2221.5,2209.5
2027-01-29,put,5650.0,18.3,18.9,18.6
2027-01-29,call,5700.0,2149.1,2173.1,2161.1
2027-01-29,put,5700.0,19.1,19.7,19.4
2027-01-29,call,5750.0,2100.5,2124.5,2112.5
2027-01-29,put,5750.0,20.0,20.5,20.25
2027-01-29,call,5800.0,2052.4,2076.4,2064.4
2027-01-29,put,5800.0,20.9,21.4,21.15
2027-01-29,call,5850.0,2004.0,2028.0,2016.0
2027-01-29,put,5850.0,21.8,22.4,22.1
2027-01-29,call,5900.0,1956.0,1980.0,1968.0
2027-01-29,put,5900.0,22.8,23.4,23.1
2027-01-29,call,5950.0,1907.8,1931.8,1919.8
2027-01-29,put,5950.0,23.8,24.4,24.1
2027-01-29,call,6000.0,1859.7,1883.7,1871.7
2027-01-29,put,6000.0,24.9,25.5,25.2
2027-01-29,call,6050.0,1811.7,1835.7,1823.7
2027-01-29,put,6050.0,26.1,26.7,26.4
2027-01-29,call,6100.0,1763.6,1787.6,1775.6
2027-01-29,put,6100.0,27.3,28.0,27.65
2027-01-29,call,6125.0,1739.7,1763.7,1751.7
2027-01-29,put,6125.0,28.0,28.6,28.3
2027-01-29,call,6150.0,1715.8,1739.8,1727.8
2027-01-29,put,6150.0,28.7,29.3,29.0
2027-01-29,call,6175.0,1692.0,1716.0,1704.0
2027-01-29,put,6175.0,29.3,30.0,29.65
2027-01-29,call,6200.0,1668.1,1692.1,1680.1
2027-01-29,put,6200.0,30.1,30.7,30.4
2027-01-29,call,6225.0,1644.2,1668.2,1656.2
2027-01-29,put,6225.0,30.8,31.4,31.1
2027-01-29,call,6250.0,1620.4,1644.4,1632.4
2027-01-29,put,6250.0,31.5,32.2,31.85
2027-01-29,call,6275.0,1596.5,1620.5,1608.5
2027-01-29,put,6275.0,32.3,33.0,32.65
2027-01-29,call,6300.0,1572.8,1596.8,1584.8
2027-01-29,put,6300.0,33.1,33.8,33.45
2027-01-29,call,6325.0,1549.0,1573.0,1561.0
2027-01-29,put,6325.0,34.0,34.6,34.3
2027-01-29,call,6350.0,1525.4,1549.4,1537.4
2027-01-29,put,6350.0,34.8,35.5,35.15
2027-01-29,call,6375.0,1501.6,1525.6,1513.6
2027-01-29,put,6375.0,35.7,36.4,36.05
2027-01-29,call,6400.0,1478.0,1502.0,1490.0
2027-01-29,put,6400.0,36.6,37.3,36.95
2027-01-29,call,6425.0,1454.3,1478.3,1466.3
2027-01-29,put,6425.0,37.6,38.3,37.95
2027-01-29,call,6450.0,1430.7,1454.7,1442.7
2027-01-29,put,6450.0,38.5,39.2,38.85
2027-01-29,call,6475.0,1407.2,1431.2,1419.2
2027-01-29,put,6475.0,39.5,40.3,39.9
2027-01-29,call,6500.0,1383.5,1407.5,1395.5
2027-01-29,put,6500.0,40.6,41.3,40.95
2027-01-29,call,6525.0,1359.9,1383.9,1371.9
2027-01-29,put,6525.0,41.7,42.4,42.05
2027-01-29,call,6550.0,1336.7,1360.7,1348.7
2027-01-29,put,6550.0,42.8,43.5,43.15
2027-01-29,call,6575.0,1313.2,1337.2,1325.2
2027-01-29,put,6575.0,43.9,44.6,44.25
2027-01-29,call,6600.0,1289.9,1313.9,1301.9
2027-01-29,put,6600.0,45.1,45.9,45.5
2027-01-29,call,6625.0,1266.5,1290.5,1278.5
2027-01-29,put,6625.0,46.4,47.1,46.75
2027-01-29,call,6650.0,1243.2,1267.2,1255.2
2027-01-29,put,6650.0,47.6,48.4,48.0
2027-01-29,call,6675.0,1219.9,1243.9,1231.9
2027-01-29,put,6675.0,49.0,49.7,49.35
2027-01-29,call,6700.0,1196.8,1220.8,1208.8
2027-01-29,put,6700.0,50.3,51.1,50.7
2027-01-29,call,6725.0,1173.6,1197.6,1185.6
2027-01-29,put,6725.0,51.8,52.6,52.2
2027-01-29,call,6750.0,1150.6,1174.6,1162.6
2027-01-29,put,6750.0,53.2,54.1,53.650000000000006
2027-01-29,call,6775.0,1127.5,1151.5,1139.5
2027-01-29,put,6775.0,54.8,55.6,55.2
2027-01-29,call,6800.0,1104.5,1128.5,1116.5
2027-01-29,put,6800.0,56.4,57.2,56.8
2027-01-29,call,6825.0,1081.5,1105.5,1093.5
2027-01-29,put,6825.0,58.0,58.9,58.45
2027-01-29,call,6850.0,1058.6,1082.6,1070.6
2027-01-29,put,6850.0,59.7,60.6,60.150000000000006
2027-01-29,call,6875.0,1035.9,1059.9,1047.9
2027-01-29,put,6875.0,61.5,62.4,61.95
2027-01-29,call,6900.0,1013.2,1037.2,1025.2
2027-01-29,put,6900.0,63.3,64.3,63.8
2027-01-29,call,6925.0,990.5,1014.5,1002.5
2027-01-29,put,6925.0,65.2,66.2,65.7
2027-01-29,call,6950.0,967.9,991.9,979.9
2027-01-29,put,6950.0,67.2,68.2,67.7
2027-01-29,call,6975.0,945.4,969.4,957.4
2027-01-29,put,6975.0,69.3,70.3,69.8
2027-01-29,call,7000.0,922.9,946.9,934.9
2027-01-29,put,7000.0,71.4,72.4,71.9
2027-01-29,call,7025.0,900.7,924.7,912.7
2027-01-29,put,7025.0,73.7,74.7,74.2
2027-01-29,call,7050.0,878.4,902.4,890.4
2027-01-29,put,7050.0,76.0,77.0,76.5
2027-01-29,call,7075.0,856.2,880.2,868.2
2027-01-29,put,7075.0,78.3,79.4,78.85
2027-01-29,call,7100.0,834.2,858.2,846.2
2027-01-29,put,7100.0,80.8,81.9,81.35
2027-01-29,call,7125.0,812.1,836.1,824.1
2027-01-29,put,7125.0,83.6,84.5,84.05
2027-01-29,call,7150.0,790.4,814.4,802.4
2027-01-29,put,7150.0,86.3,87.2,86.75
2027-01-29,call,7160.0,781.6,805.6,793.6
2027-01-29,put,7160.0,87.3,88.4,87.85
2027-01-29,call,7170.0,772.9,796.9,784.9
2027-01-29,put,7170.0,88.4,89.5,88.95
2027-01-29,call,7175.0,768.4,792.4,780.4
2027-01-29,put,7175.0,89.0,90.1,89.55
2027-01-29,call,7180.0,764.2,788.2,776.2
2027-01-29,put,7180.0,89.6,90.7,90.15
2027-01-29,call,7190.0,755.5,779.5,767.5
2027-01-29,put,7190.0,90.8,91.8,91.3
2027-01-29,call,7200.0,746.9,770.9,758.9
2027-01-29,put,7200.0,92.0,93.0,92.5
2027-01-29,call,7210.0,738.4,762.4,750.4
2027-01-29,put,7210.0,93.2,94.3,93.75
2027-01-29,call,7220.0,729.7,753.7,741.7
2027-01-29,put,7220.0,94.5,95.5,95.0
2027-01-29,call,7225.0,725.4,749.4,737.4
2027-01-29,put,7225.0,95.0,96.1,95.55
2027-01-29,call,7230.0,721.1,745.1,733.1
2027-01-29,put,7230.0,95.7,96.7,96.2
2027-01-29,call,7240.0,712.6,736.6,724.6
2027-01-29,put,7240.0,96.9,98.0,97.45
2027-01-29,call,7250.0,704.0,728.0,716.0
2027-01-29,put,7250.0,98.2,99.3,98.75
2027-01-29,call,7260.0,695.5,719.5,707.5
2027-01-29,put,7260.0,99.6,100.6,100.1
2027-01-29,call,7270.0,687.1,711.1,699.1
2027-01-29,put,7270.0,101.0,102.0,101.5
2027-01-29,call,7275.0,682.8,706.8,694.8
2027-01-29,put,7275.0,101.6,102.7,102.15
2027-01-29,call,7280.0,678.5,702.5,690.5
2027-01-29,put,7280.0,102.3,103.3,102.8
2027-01-29,call,7290.0,670.1,694.1,682.1
2027-01-29,put,7290.0,103.7,104.7,104.2
2027-01-29,call,7300.0,661.8,685.8,673.8
2027-01-29,put,7300.0,105.1,106.2,105.65
2027-01-29,call,7310.0,653.1,677.1,665.1
2027-01-29,put,7310.0,106.6,107.6,107.1
2027-01-29,call,7320.0,645.0,669.0,657.0
2027-01-29,put,7320.0,108.1,109.1,108.6
2027-01-29,call,7325.0,640.8,664.8,652.8
2027-01-29,put,7325.0,108.8,109.8,109.3
2027-01-29,call,7330.0,636.6,660.6,648.6
2027-01-29,put,7330.0,109.5,110.6,110.05
2027-01-29,call,7340.0,628.4,652.4,640.4
2027-01-29,put,7340.0,111.1,112.1,111.6
2027-01-29,call,7350.0,620.0,644.0,632.0
2027-01-29,put,7350.0,112.5,113.6,113.05
2027-01-29,call,7360.0,611.8,635.7,623.75
2027-01-29,put,7360.0,114.2,115.2,114.7
2027-01-29,call,7370.0,603.6,627.6,615.6
2027-01-29,put,7370.0,115.8,116.8,116.3
2027-01-29,call,7375.0,599.5,623.5,611.5
2027-01-29,put,7375.0,116.6,117.6,117.1
2027-01-29,call,7380.0,595.3,619.3,607.3
2027-01-29,put,7380.0,117.3,118.4,117.85
2027-01-29,call,7390.0,587.2,611.2,599.2
2027-01-29,put,7390.0,118.9,120.1,119.5
2027-01-29,call,7400.0,579.0,603.0,591.0
2027-01-29,put,7400.0,120.7,121.8,121.25
2027-01-29,call,7410.0,570.9,594.9,582.9
2027-01-29,put,7410.0,122.3,123.5,122.9
2027-01-29,call,7420.0,562.8,586.8,574.8
2027-01-29,put,7420.0,124.1,125.3,124.69999999999999
2027-01-29,call,7425.0,558.8,582.8,570.8
2027-01-29,put,7425.0,125.1,126.2,125.65
2027-01-29,call,7430.0,554.8,578.8,566.8
2027-01-29,put,7430.0,126.0,127.1,126.55
2027-01-29,call,7440.0,546.8,570.8,558.8
2027-01-29,put,7440.0,127.7,128.9,128.3
2027-01-29,call,7450.0,538.7,562.7,550.7
2027-01-29,put,7450.0,129.5,130.8,130.15
2027-01-29,call,7460.0,530.8,554.8,542.8
2027-01-29,put,7460.0,131.4,132.7,132.05
2027-01-29,call,7470.0,523.0,547.0,535.0
2027-01-29,put,7470.0,133.4,134.6,134.0
2027-01-29,call,7475.0,519.0,543.0,531.0
2027-01-29,put,7475.0,134.3,135.6,134.95
2027-01-29,call,7480.0,515.1,539.1,527.1
2027-01-29,put,7480.0,135.3,136.6,135.95
2027-01-29,call,7490.0,507.3,531.3,519.3
2027-01-29,put,7490.0,137.3,138.6,137.95
2027-01-29,call,7500.0,499.5,523.5,511.5
2027-01-29,put,7500.0,139.3,140.6,139.95
2027-01-29,call,7510.0,491.6,515.6,503.6
2027-01-29,put,7510.0,141.4,142.7,142.05
2027-01-29,call,7520.0,484.0,508.0,496.0
2027-01-29,put,7520.0,143.4,144.8,144.10000000000002
2027-01-29,call,7525.0,480.2,504.2,492.2
2027-01-29,put,7525.0,144.6,145.8,145.2
2027-01-29,call,7530.0,478.5,502.5,490.5
2027-01-29,put,7530.0,145.7,146.9,146.3
2027-01-29,call,7540.0,482.1,483.5,482.8
2027-01-29,put,7540.0,147.9,149.1,148.5
2027-01-29,call,7550.0,474.5,475.9,475.2
2027-01-29,put,7550.0,150.0,151.3,150.65
2027-01-29,call,7560.0,466.9,468.3,467.6
2027-01-29,put,7560.0,152.3,153.6,152.95
2027-01-29,call,7570.0,459.3,460.8,460.05
2027-01-29,put,7570.0,154.6,155.9,155.25
2027-01-29,call,7575.0,455.6,457.0,456.3
2027-01-29,put,7575.0,155.8,157.1,156.45
2027-01-29,call,7580.0,451.8,453.3,452.55
2027-01-29,put,7580.0,157.0,158.3,157.65
2027-01-29,call,7590.0,444.4,445.9,445.15
2027-01-29,put,7590.0,159.4,160.7,160.05
2027-01-29,call,7600.0,437.0,438.5,437.75
2027-01-29,put,7600.0,161.8,163.1,162.45
2027-01-29,call,7610.0,429.6,431.1,430.35
2027-01-29,put,7610.0,164.3,165.6,164.95
2027-01-29,call,7620.0,422.3,423.8,423.05
2027-01-29,put,7620.0,166.8,168.2,167.5
2027-01-29,call,7625.0,418.7,420.2,419.45
2027-01-29,put,7625.0,168.1,169.5,168.8
2027-01-29,call,7630.0,415.1,416.6,415.85
2027-01-29,put,7630.0,169.4,170.8,170.10000000000002
2027-01-29,call,7640.0,407.8,409.4,408.6
2027-01-29,put,7640.0,171.9,173.4,172.65
2027-01-29,call,7650.0,400.7,402.2,401.45
2027-01-29,put,7650.0,174.6,176.1,175.35
2027-01-29,call,7660.0,393.6,395.1,394.35
2027-01-29,put,7660.0,177.3,178.8,178.05
2027-01-29,call,7670.0,386.5,388.1,387.3
2027-01-29,put,7670.0,180.1,181.6,180.85
2027-01-29,call,7675.0,383.0,384.6,383.8
2027-01-29,put,7675.0,181.5,183.0,182.25
2027-01-29,call,7680.0,379.5,381.1,380.3
2027-01-29,put,7680.0,183.0,184.4,183.7
2027-01-29,call,7690.0,372.5,374.1,373.3
2027-01-29,put,7690.0,185.9,187.3,186.60000000000002
2027-01-29,call,7700.0,365.7,367.2,366.45
2027-01-29,put,7700.0,188.8,190.3,189.55
2027-01-29,call,7710.0,358.8,360.4,359.6
2027-01-29,put,7710.0,191.8,193.3,192.55
2027-01-29,call,7720.0,352.0,353.6,352.8
2027-01-29,put,7720.0,194.9,196.3,195.60000000000002
2027-01-29,call,7725.0,348.7,350.3,349.5
2027-01-29,put,7725.0,196.4,197.9,197.15
2027-01-29,call,7730.0,345.3,346.9,346.1
2027-01-29,put,7730.0,198.0,199.4,198.7
2027-01-29,call,7740.0,338.6,340.3,339.45000000000005
2027-01-29,put,7740.0,201.2,202.6,201.89999999999998
2027-01-29,call,7750.0,332.0,333.6,332.8
2027-01-29,put,7750.0,204.4,205.9,205.15
2027-01-29,call,7760.0,325.5,327.1,326.3
2027-01-29,put,7760.0,207.7,209.2,208.45
2027-01-29,call,7770.0,319.0,320.6,319.8
2027-01-29,put,7770.0,211.1,212.5,211.8
2027-01-29,call,7775.0,315.8,317.4,316.6
2027-01-29,put,7775.0,212.8,214.2,213.5
2027-01-29,call,7780.0,312.6,314.2,313.4
2027-01-29,put,7780.0,214.3,215.9,215.10000000000002
2027-01-29,call,7790.0,306.2,307.9,307.04999999999995
2027-01-29,put,7790.0,217.9,219.4,218.65
2027-01-29,call,7800.0,299.9,301.6,300.75
2027-01-29,put,7800.0,221.6,223.0,222.3
2027-01-29,call,7810.0,293.7,295.4,294.54999999999995
2027-01-29,put,7810.0,225.2,226.6,225.89999999999998
2027-01-29,call,7820.0,287.5,289.2,288.35
2027-01-29,put,7820.0,228.8,230.3,229.55
2027-01-29,call,7825.0,284.5,286.1,285.3
2027-01-29,put,7825.0,230.6,232.1,231.35
2027-01-29,call,7830.0,281.4,283.1,282.25
2027-01-29,put,7830.0,232.5,234.0,233.25
2027-01-29,call,7840.0,275.4,277.1,276.25
2027-01-29,put,7840.0,236.3,237.9,237.10000000000002
2027-01-29,call,7850.0,269.5,271.1,270.3
2027-01-29,put,7850.0,240.2,241.7,240.95
2027-01-29,call,7860.0,263.6,265.3,264.45000000000005
2027-01-29,put,7860.0,244.1,245.7,244.89999999999998
2027-01-29,call,7870.0,257.8,259.5,258.65
2027-01-29,put,7870.0,248.2,249.7,248.95
2027-01-29,call,7875.0,254.9,256.6,255.75
2027-01-29,put,7875.0,250.2,251.8,251.0
2027-01-29,call,7880.0,252.0,253.7,252.85
2027-01-29,put,7880.0,252.3,253.8,253.05
2027-01-29,call,7890.0,246.4,248.1,247.25
2027-01-29,put,7890.0,256.5,258.0,257.25
2027-01-29,call,7900.0,240.8,242.5,241.65
2027-01-29,put,7900.0,260.7,262.3,261.5
2027-01-29,call,7910.0,235.3,237.0,236.15
2027-01-29,put,7910.0,265.1,266.6,265.85
2027-01-29,call,7920.0,229.8,231.5,230.65
2027-01-29,put,7920.0,269.5,271.0,270.25
2027-01-29,call,7925.0,227.2,228.9,228.05
2027-01-29,put,7925.0,271.6,273.2,272.4
2027-01-29,call,7930.0,224.5,226.2,225.35
2027-01-29,put,7930.0,274.0,275.5,274.75
2027-01-29,call,7940.0,219.2,220.9,220.05
2027-01-29,put,7940.0,278.4,280.0,279.2
2027-01-29,call,7950.0,214.0,215.7,214.85
2027-01-29,put,7950.0,283.1,284.7,283.9
2027-01-29,call,7960.0,208.9,210.6,209.75
2027-01-29,put,7960.0,287.8,289.4,288.6
2027-01-29,call,7970.0,204.0,205.5,204.75
2027-01-29,put,7970.0,292.6,294.2,293.4
2027-01-29,call,7975.0,201.5,203.0,202.25
2027-01-29,put,7975.0,295.0,296.6,295.8
2027-01-29,call,7980.0,199.0,200.5,199.75
2027-01-29,put,7980.0,297.5,299.0,298.25
2027-01-29,call,8000.0,189.3,190.8,190.05
2027-01-29,put,8000.0,307.4,309.0,308.2
2027-01-29,call,8025.0,177.5,179.1,178.3
2027-01-29,put,8025.0,320.3,321.9,321.1
2027-01-29,call,8050.0,166.3,167.9,167.10000000000002
2027-01-29,put,8050.0,333.7,335.3,334.5
2027-01-29,call,8075.0,155.6,157.2,156.39999999999998
2027-01-29,put,8075.0,347.6,349.1,348.35
2027-01-29,call,8100.0,145.4,146.9,146.15
2027-01-29,put,8100.0,362.0,363.5,362.75
2027-01-29,call,8125.0,135.7,137.2,136.45
2027-01-29,put,8125.0,376.8,378.3,377.55
2027-01-29,call,8150.0,126.5,127.9,127.2
2027-01-29,put,8150.0,392.2,393.7,392.95
2027-01-29,call,8175.0,117.7,119.2,118.45
2027-01-29,put,8175.0,408.1,409.5,408.8
2027-01-29,call,8200.0,109.5,110.9,110.2
2027-01-29,put,8200.0,424.4,425.8,425.1
2027-01-29,call,8225.0,101.7,103.0,102.35
2027-01-29,put,8225.0,431.9,455.9,443.9
2027-01-29,call,8250.0,94.3,95.7,95.0
2027-01-29,put,8250.0,449.2,473.2,461.2
2027-01-29,call,8275.0,87.4,88.7,88.05000000000001
2027-01-29,put,8275.0,466.9,490.9,478.9
2027-01-29,call,8300.0,80.9,82.2,81.55000000000001
2027-01-29,put,8300.0,485.0,509.0,497.0
2027-01-29,call,8325.0,74.8,76.1,75.44999999999999
2027-01-29,put,8325.0,503.5,527.5,515.5
2027-01-29,call,8350.0,69.1,70.3,69.69999999999999
2027-01-29,put,8350.0,522.4,546.4,534.4
2027-01-29,call,8375.0,63.8,65.0,64.4
2027-01-29,put,8375.0,541.7,565.7,553.7
2027-01-29,call,8400.0,58.8,59.9,59.349999999999994
2027-01-29,put,8400.0,561.3,585.3,573.3
2027-01-29,call,8425.0,54.1,55.3,54.7
2027-01-29,put,8425.0,581.3,605.3,593.3
2027-01-29,call,8450.0,49.8,50.9,50.349999999999994
2027-01-29,put,8450.0,601.7,625.7,613.7
2027-01-29,call,8475.0,45.8,46.9,46.349999999999994
2027-01-29,put,8475.0,622.2,646.2,634.2
2027-01-29,call,8500.0,42.1,43.1,42.6
2027-01-29,put,8500.0,643.1,667.1,655.1
2027-01-29,call,8550.0,35.4,36.4,35.9
2027-01-29,put,8550.0,685.7,709.7,697.7
2027-01-29,call,8600.0,29.7,30.6,30.15
2027-01-29,put,8600.0,729.1,753.1,741.1
2027-01-29,call,8650.0,24.8,25.7,25.25
2027-01-29,put,8650.0,773.6,797.6,785.6
2027-01-29,call,8700.0,20.8,21.6,21.200000000000003
2027-01-29,put,8700.0,818.7,842.7,830.7
2027-01-29,call,8800.0,14.7,15.3,15.0
2027-01-29,put,8800.0,910.9,934.9,922.9
2027-01-29,call,8900.0,10.4,10.9,10.65
2027-01-29,put,8900.0,1005.0,1029.0,1017.0
2027-01-29,call,9000.0,7.5,8.0,7.75
2027-01-29,put,9000.0,1100.4,1124.4,1112.4
2027-01-29,call,9100.0,5.5,6.0,5.75
2027-01-29,put,9100.0,1196.8,1220.8,1208.8
2027-01-29,call,9200.0,4.1,4.5,4.3
2027-01-29,put,9200.0,1293.9,1317.9,1305.9
2027-01-29,call,9400.0,2.45,2.85,2.6500000000000004
2027-01-29,put,9400.0,1488.9,1512.9,1500.9
2027-01-29,call,9600.0,1.5,1.9,1.7
2027-01-29,put,9600.0,1684.9,1708.9,1696.9
2027-01-29,call,9800.0,0.95,1.35,1.15
2027-01-29,put,9800.0,1881.1,1905.1,1893.1
2027-01-29,call,10000.0,0.65,1.0,0.825
2027-01-29,put,10000.0,2077.4,2101.4,2089.4
2027-02-19,call,3200.0,4596.0,4620.0,4608.0
2027-02-19,put,3200.0,3.1,3.4,3.25
2027-02-19,call,3400.0,4400.5,4424.5,4412.5
2027-02-19,put,3400.0,3.7,4.0,3.85
2027-02-19,call,3600.0,4205.0,4229.0,4217.0
2027-02-19,put,3600.0,4.5,4.8,4.65
2027-02-19,call,3800.0,4009.6,4033.6,4021.6
2027-02-19,put,3800.0,5.3,5.7,5.5
2027-02-19,call,3900.0,3911.9,3935.9,3923.9
2027-02-19,put,3900.0,5.8,6.1,5.949999999999999
2027-02-19,call,4000.0,3814.4,3838.4,3826.4
2027-02-19,put,4000.0,6.3,6.6,6.449999999999999
2027-02-19,call,4100.0,3716.9,3740.9,3728.9
2027-02-19,put,4100.0,6.9,7.2,7.050000000000001
2027-02-19,call,4200.0,3619.4,3643.4,3631.4
2027-02-19,put,4200.0,7.4,7.8,7.6
2027-02-19,call,4300.0,3522.1,3546.1,3534.1
2027-02-19,put,4300.0,8.1,8.4,8.25
2027-02-19,call,4400.0,3424.4,3448.4,3436.4
2027-02-19,put,4400.0,8.7,9.1,8.899999999999999
2027-02-19,call,4500.0,3327.1,3351.1,3339.1
2027-02-19,put,4500.0,9.4,9.8,9.600000000000001
2027-02-19,call,4600.0,3229.7,3253.7,3241.7
2027-02-19,put,4600.0,10.2,10.6,10.399999999999999
2027-02-19,call,4700.0,3132.7,3156.6,3144.6499999999996
2027-02-19,put,4700.0,11.0,11.4,11.2
2027-02-19,call,4800.0,3035.4,3059.3,3047.3500000000004
2027-02-19,put,4800.0,11.9,12.3,12.100000000000001
2027-02-19,call,4900.0,2938.2,2962.2,2950.2
2027-02-19,put,4900.0,12.8,13.2,13.0
2027-02-19,call,5000.0,2841.1,2865.1,2853.1
2027-02-19,put,5000.0,13.9,14.3,14.100000000000001
2027-02-19,call,5100.0,2744.2,2768.2,2756.2
2027-02-19,put,5100.0,15.0,15.4,15.2
2027-02-19,call,5200.0,2647.3,2671.3,2659.3
2027-02-19,put,5200.0,16.1,16.6,16.35
2027-02-19,call,5300.0,2550.3,2574.3,2562.3
2027-02-19,put,5300.0,17.4,17.9,17.65
2027-02-19,call,5350.0,2502.1,2526.1,2514.1
2027-02-19,put,5350.0,18.1,18.6,18.35
2027-02-19,call,5400.0,2453.8,2477.8,2465.8
2027-02-19,put,5400.0,18.8,19.3,19.05
2027-02-19,call,5450.0,2405.4,2429.4,2417.4
2027-02-19,put,5450.0,19.6,20.1,19.85
2027-02-19,call,5500.0,2357.3,2381.3,2369.3
2027-02-19,put,5500.0,20.3,20.9,20.6
2027-02-19,call,5550.0,2309.0,2333.0,2321.0
2027-02-19,put,5550.0,21.2,21.7,21.45
2027-02-19,call,5600.0,2260.6,2284.6,2272.6
2027-02-19,put,5600.0,22.0,22.6,22.3
2027-02-19,call,5650.0,2212.6,2236.6,2224.6
2027-02-19,put,5650.0,22.9,23.5,23.2
2027-02-19,call,5700.0,2164.6,2188.6,2176.6
2027-02-19,put,5700.0,23.9,24.5,24.2
2027-02-19,call,5750.0,2116.5,2140.5,2128.5
2027-02-19,put,5750.0,24.9,25.5,25.2
2027-02-19,call,5800.0,2068.6,2092.6,2080.6
2027-02-19,put,5800.0,25.9,26.6,26.25
2027-02-19,call,5850.0,2020.7,2044.7,2032.7
2027-02-19,put,5850.0,27.0,27.7,27.35
2027-02-19,call,5900.0,1972.7,1996.7,1984.7
2027-02-19,put,5900.0,28.2,28.9,28.549999999999997
2027-02-19,call,5950.0,1925.0,1949.0,1937.0
2027-02-19,put,5950.0,29.5,30.2,29.85
2027-02-19,call,6000.0,1877.3,1901.3,1889.3
2027-02-19,put,6000.0,30.8,31.5,31.15
2027-02-19,call,6050.0,1829.6,1853.6,1841.6
2027-02-19,put,6050.0,32.2,32.9,32.55
2027-02-19,call,6100.0,1782.0,1806.0,1794.0
2027-02-19,put,6100.0,33.7,34.4,34.05
2027-02-19,call,6150.0,1734.6,1758.6,1746.6
2027-02-19,put,6150.0,35.2,36.0,35.6
2027-02-19,call,6200.0,1687.3,1711.3,1699.3
2027-02-19,put,6200.0,36.9,37.7,37.3
2027-02-19,call,6250.0,1640.0,1664.0,1652.0
2027-02-19,put,6250.0,38.7,39.5,39.1
2027-02-19,call,6300.0,1592.8,1616.8,1604.8
2027-02-19,put,6300.0,40.6,41.4,41.0
2027-02-19,call,6350.0,1545.8,1569.8,1557.8
2027-02-19,put,6350.0,42.6,43.4,43.0
2027-02-19,call,6400.0,1498.9,1522.9,1510.9
2027-02-19,put,6400.0,44.7,45.5,45.1
2027-02-19,call,6450.0,1452.0,1476.0,1464.0
2027-02-19,put,6450.0,47.0,47.8,47.4
2027-02-19,call,6475.0,1428.9,1452.9,1440.9
2027-02-19,put,6475.0,48.2,49.0,48.6
2027-02-19,call,6500.0,1405.4,1429.4,1417.4
2027-02-19,put,6500.0,49.4,50.2,49.8
2027-02-19,call,6525.0,1382.3,1406.3,1394.3
2027-02-19,put,6525.0,50.6,51.5,51.05
2027-02-19,call,6550.0,1359.1,1383.1,1371.1
2027-02-19,put,6550.0,52.0,52.8,52.4
2027-02-19,call,6575.0,1336.0,1360.0,1348.0
2027-02-19,put,6575.0,53.3,54.2,53.75
2027-02-19,call,6600.0,1312.9,1336.9,1324.9
2027-02-19,put,6600.0,54.7,55.6,55.150000000000006
2027-02-19,call,6625.0,1289.8,1313.8,1301.8
2027-02-19,put,6625.0,56.1,57.0,56.55
2027-02-19,call,6650.0,1266.7,1290.7,1278.7
2027-02-19,put,6650.0,57.6,58.5,58.05
2027-02-19,call,6675.0,1243.7,1267.7,1255.7
2027-02-19,put,6675.0,59.2,60.1,59.650000000000006
2027-02-19,call,6700.0,1220.7,1244.7,1232.7
2027-02-19,put,6700.0,60.8,61.7,61.25
2027-02-19,call,6725.0,1197.9,1221.9,1209.9
2027-02-19,put,6725.0,62.4,63.3,62.849999999999994
2027-02-19,call,6750.0,1175.2,1199.2,1187.2
2027-02-19,put,6750.0,64.1,65.1,64.6
2027-02-19,call,6775.0,1152.5,1176.5,1164.5
2027-02-19,put,6775.0,65.9,66.8,66.35
2027-02-19,call,6800.0,1129.6,1153.6,1141.6
2027-02-19,put,6800.0,67.7,68.7,68.2
2027-02-19,call,6825.0,1107.2,1131.2,1119.2
2027-02-19,put,6825.0,69.6,70.6,70.1
2027-02-19,call,6850.0,1084.5,1108.5,1096.5
2027-02-19,put,6850.0,71.5,72.5,72.0
2027-02-19,call,6875.0,1062.1,1086.1,1074.1
2027-02-19,put,6875.0,73.5,74.6,74.05
2027-02-19,call,6900.0,1039.6,1063.6,1051.6
2027-02-19,put,6900.0,75.6,76.7,76.15
2027-02-19,call,6925.0,1017.3,1041.3,1029.3
2027-02-19,put,6925.0,77.8,78.8,78.3
2027-02-19,call,6950.0,995.1,1019.1,1007.1
2027-02-19,put,6950.0,80.0,81.1,80.55
2027-02-19,call,6975.0,972.8,996.8,984.8
2027-02-19,put,6975.0,82.3,83.4,82.85
2027-02-19,call,7000.0,950.7,974.7,962.7
2027-02-19,put,7000.0,84.8,85.8,85.3
2027-02-19,call,7025.0,928.7,952.7,940.7
2027-02-19,put,7025.0,87.2,88.3,87.75
2027-02-19,call,7050.0,906.7,930.7,918.7
2027-02-19,put,7050.0,89.7,90.9,90.30000000000001
2027-02-19,call,7075.0,884.9,908.9,896.9
2027-02-19,put,7075.0,92.5,93.6,93.05
2027-02-19,call,7100.0,863.2,887.2,875.2
2027-02-19,put,7100.0,95.3,96.3,95.8
2027-02-19,call,7125.0,841.5,865.5,853.5
2027-02-19,put,7125.0,98.0,99.2,98.6
2027-02-19,call,7150.0,819.9,843.9,831.9
2027-02-19,put,7150.0,101.0,102.2,101.6
2027-02-19,call,7175.0,798.5,822.5,810.5
2027-02-19,put,7175.0,104.1,105.3,104.69999999999999
2027-02-19,call,7200.0,777.2,801.2,789.2
2027-02-19,put,7200.0,107.4,108.5,107.95
2027-02-19,call,7225.0,756.1,780.1,768.1
2027-02-19,put,7225.0,110.7,111.9,111.30000000000001
2027-02-19,call,7250.0,735.0,759.0,747.0
2027-02-19,put,7250.0,114.2,115.3,114.75
2027-02-19,call,7275.0,714.2,738.2,726.2
2027-02-19,put,7275.0,117.8,118.9,118.35
2027-02-19,call,7300.0,693.3,717.3,705.3
2027-02-19,put,7300.0,121.6,122.7,122.15
2027-02-19,call,7325.0,672.8,696.8,684.8
2027-02-19,put,7325.0,125.5,126.6,126.05
2027-02-19,call,7350.0,652.3,676.2,664.25
2027-02-19,put,7350.0,129.4,130.7,130.05
2027-02-19,call,7375.0,632.1,656.1,644.1
2027-02-19,put,7375.0,133.6,134.9,134.25
2027-02-19,call,7400.0,612.0,636.0,624.0
2027-02-19,put,7400.0,138.1,139.4,138.75
2027-02-19,call,7425.0,592.1,616.1,604.1
2027-02-19,put,7425.0,142.7,144.0,143.35
2027-02-19,call,7450.0,572.5,596.5,584.5
2027-02-19,put,7450.0,147.5,148.8,148.15
2027-02-19,call,7475.0,552.9,576.9,564.9
2027-02-19,put,7475.0,152.4,153.8,153.10000000000002
2027-02-19,call,7500.0,533.6,557.6,545.6
2027-02-19,put,7500.0,157.6,159.0,158.3
2027-02-19,call,7525.0,527.8,529.3,528.55
2027-02-19,put,7525.0,163.0,164.4,163.7
2027-02-19,call,7550.0,508.9,510.4,509.65
2027-02-19,put,7550.0,168.6,170.1,169.35
2027-02-19,call,7575.0,490.3,491.8,491.05
2027-02-19,put,7575.0,174.5,176.0,175.25
2027-02-19,call,7600.0,471.9,473.4,472.65
2027-02-19,put,7600.0,180.6,182.1,181.35
2027-02-19,call,7625.0,453.7,455.3,454.5
2027-02-19,put,7625.0,187.0,188.5,187.75
2027-02-19,call,7650.0,435.8,437.4,436.6
2027-02-19,put,7650.0,193.7,195.2,194.45
2027-02-19,call,7675.0,418.3,419.9,419.1
2027-02-19,put,7675.0,200.6,202.2,201.39999999999998
2027-02-19,call,7700.0,401.0,402.6,401.8
2027-02-19,put,7700.0,207.8,209.4,208.60000000000002
2027-02-19,call,7725.0,384.0,385.7,384.85
2027-02-19,put,7725.0,215.4,217.0,216.2
2027-02-19,call,7750.0,367.4,369.1,368.25
2027-02-19,put,7750.0,223.3,224.9,224.10000000000002
2027-02-19,call,7775.0,351.1,352.8,351.95000000000005
2027-02-19,put,7775.0,231.6,233.1,232.35
2027-02-19,call,7800.0,335.1,336.9,336.0
2027-02-19,put,7800.0,240.1,241.8,240.95
2027-02-19,call,7825.0,319.6,321.3,320.45000000000005
2027-02-19,put,7825.0,249.1,250.7,249.89999999999998
2027-02-19,call,7850.0,304.4,306.1,305.25
2027-02-19,put,7850.0,258.4,260.1,259.25
2027-02-19,call,7875.0,289.6,291.3,290.45000000000005
2027-02-19,put,7875.0,268.1,269.8,268.95000000000005
2027-02-19,call,7900.0,275.2,277.0,276.1
2027-02-19,put,7900.0,278.3,280.0,279.15
2027-02-19,call,7925.0,261.2,263.0,262.1
2027-02-19,put,7925.0,288.8,290.5,289.65
2027-02-19,call,7950.0,247.7,249.4,248.55
2027-02-19,put,7950.0,299.8,301.5,300.65
2027-02-19,call,7975.0,234.6,236.3,235.45
2027-02-19,put,7975.0,311.2,312.9,312.04999999999995
2027-02-19,call,8000.0,221.9,223.7,222.8
2027-02-19,put,8000.0,323.1,324.8,323.95000000000005
2027-02-19,call,8025.0,209.7,211.4,210.55
2027-02-19,put,8025.0,335.4,337.1,336.25
2027-02-19,call,8050.0,197.9,199.6,198.75
2027-02-19,put,8050.0,348.1,349.8,348.95000000000005
2027-02-19,call,8075.0,186.6,188.3,187.45
2027-02-19,put,8075.0,361.3,363.0,362.15
2027-02-19,call,8100.0,175.7,177.4,176.55
2027-02-19,put,8100.0,374.9,376.6,375.75
2027-02-19,call,8125.0,165.3,166.9,166.10000000000002
2027-02-19,put,8125.0,389.0,390.7,389.85
2027-02-19,call,8150.0,155.3,156.9,156.10000000000002
2027-02-19,put,8150.0,403.6,405.2,404.4
2027-02-19,call,8200.0,136.7,138.2,137.45
2027-02-19,put,8200.0,434.0,435.5,434.75
2027-02-19,call,8250.0,119.8,121.3,120.55
2027-02-19,put,8250.0,466.2,467.8,467.0
2027-02-19,call,8300.0,104.6,106.0,105.3
2027-02-19,put,8300.0,490.9,514.9,502.9
2027-02-19,call,8350.0,91.0,92.4,91.7
2027-02-19,put,8350.0,526.4,550.4,538.4
2027-02-19,call,8400.0,78.9,80.2,79.55000000000001
2027-02-19,put,8400.0,563.4,587.4,575.4
2027-02-19,call,8450.0,68.2,69.4,68.80000000000001
2027-02-19,put,8450.0,601.7,625.7,613.7
2027-02-19,call,8500.0,58.7,59.9,59.3
2027-02-19,put,8500.0,641.3,665.3,653.3
2027-02-19,call,8550.0,50.4,51.6,51.0
2027-02-19,put,8550.0,682.3,706.3,694.3
2027-02-19,call,8600.0,43.2,44.2,43.7
2027-02-19,put,8600.0,723.9,747.9,735.9
2027-02-19,call,8650.0,36.8,37.9,37.349999999999994
2027-02-19,put,8650.0,766.7,790.7,778.7
2027-02-19,call,8700.0,31.4,32.3,31.849999999999998
2027-02-19,put,8700.0,810.3,834.3,822.3
2027-02-19,call,8800.0,22.6,23.5,23.05
2027-02-19,put,8800.0,899.7,923.7,911.7
2027-02-19,call,8900.0,16.3,17.1,16.700000000000003
2027-02-19,put,8900.0,991.7,1015.7,1003.7
2027-02-19,call,9000.0,11.8,12.5,12.15
2027-02-19,put,9000.0,1085.1,1109.1,1097.1
2027-02-19,call,9100.0,8.7,9.3,9.0
2027-02-19,put,9100.0,1180.1,1204.1,1192.1
2027-02-19,call,9200.0,6.5,7.0,6.75
2027-02-19,put,9200.0,1276.0,1300.0,1288.0
2027-02-19,call,9300.0,4.9,5.4,5.15
2027-02-19,put,9300.0,1372.6,1396.6,1384.6
2027-02-19,call,9400.0,3.8,4.3,4.05
2027-02-19,put,9400.0,1469.7,1493.7,1481.7
2027-02-19,call,9600.0,2.4,2.8,2.5999999999999996
2027-02-19,put,9600.0,1664.3,1688.3,1676.3
2027-02-19,call,9800.0,1.55,2.0,1.775
2027-02-19,put,9800.0,1859.7,1883.7,1871.7
2027-02-19,call,10000.0,1.05,1.45,1.25
2027-02-19,put,10000.0,2055.3,2079.3,2067.3
2027-02-19,call,10200.0,0.75,1.1,0.925
2027-02-19,put,10200.0,2251.2,2275.2,2263.2
2027-02-19,call,10400.0,0.55,0.9,0.7250000000000001
2027-02-19,put,10400.0,2447.2,2471.2,2459.2
2027-02-19,call,10600.0,0.4,0.7,0.55
2027-02-19,put,10600.0,2643.3,2667.3,2655.3
2027-02-26,call,3200.0,4597.9,4621.9,4609.9
2027-02-26,put,3200.0,3.4,3.7,3.55
2027-02-26,call,3400.0,4402.6,4426.6,4414.6
2027-02-26,put,3400.0,4.1,4.4,4.25
2027-02-26,call,3600.0,4207.5,4231.5,4219.5
2027-02-26,put,3600.0,4.9,5.2,5.050000000000001
2027-02-26,call,3800.0,4012.4,4036.4,4024.4
2027-02-26,put,3800.0,5.8,6.2,6.0
2027-02-26,call,4000.0,3817.4,3841.4,3829.4
2027-02-26,put,4000.0,6.9,7.2,7.050000000000001
2027-02-26,call,4200.0,3622.7,3646.7,3634.7
2027-02-26,put,4200.0,8.1,8.4,8.25
2027-02-26,call,4400.0,3428.2,3452.2,3440.2
2027-02-26,put,4400.0,9.5,9.8,9.65
2027-02-26,call,4600.0,3233.6,3257.6,3245.6
2027-02-26,put,4600.0,11.0,11.4,11.2
2027-02-26,call,4700.0,3136.4,3160.4,3148.4
2027-02-26,put,4700.0,11.9,12.3,12.100000000000001
2027-02-26,call,4800.0,3039.4,3063.4,3051.4
2027-02-26,put,4800.0,12.8,13.3,13.05
2027-02-26,call,4900.0,2942.4,2966.4,2954.4
2027-02-26,put,4900.0,13.8,14.3,14.05
2027-02-26,call,5000.0,2845.6,2869.6,2857.6
2027-02-26,put,5000.0,14.9,15.4,15.15
2027-02-26,call,5100.0,2748.8,2772.8,2760.8
2027-02-26,put,5100.0,16.1,16.6,16.35
2027-02-26,call,5200.0,2652.0,2676.0,2664.0
2027-02-26,put,5200.0,17.3,17.9,17.6
2027-02-26,call,5300.0,2555.2,2579.2,2567.2
2027-02-26,put,5300.0,18.7,19.3,19.0
2027-02-26,call,5400.0,2458.9,2482.9,2470.9
2027-02-26,put,5400.0,20.2,20.8,20.5
2027-02-26,call,5500.0,2362.3,2386.3,2374.3
2027-02-26,put,5500.0,21.8,22.4,22.1
2027-02-26,call,5600.0,2266.2,2290.2,2278.2
2027-02-26,put,5600.0,23.6,24.3,23.950000000000003
2027-02-26,call,5700.0,2170.3,2194.3,2182.3
2027-02-26,put,5700.0,25.6,26.3,25.950000000000003
2027-02-26,call,5800.0,2074.6,2098.6,2086.6
2027-02-26,put,5800.0,27.7,28.5,28.1
2027-02-26,call,5850.0,2026.7,2050.7,2038.6999999999998
2027-02-26,put,5850.0,28.9,29.7,29.299999999999997
2027-02-26,call,5900.0,1979.0,2003.0,1991.0
2027-02-26,put,5900.0,30.2,31.0,30.6
2027-02-26,call,5950.0,1931.2,1955.2,1943.2
2027-02-26,put,5950.0,31.5,32.3,31.9
2027-02-26,call,6000.0,1883.6,1907.6,1895.6
2027-02-26,put,6000.0,32.9,33.7,33.3
2027-02-26,call,6050.0,1836.2,1860.2,1848.2
2027-02-26,put,6050.0,34.4,35.2,34.8
2027-02-26,call,6100.0,1788.8,1812.8,1800.8
2027-02-26,put,6100.0,35.9,36.8,36.349999999999994
2027-02-26,call,6150.0,1741.5,1765.5,1753.5
2027-02-26,put,6150.0,37.6,38.5,38.05
2027-02-26,call,6200.0,1694.1,1718.1,1706.1
2027-02-26,put,6200.0,39.4,40.3,39.849999999999994
2027-02-26,call,6250.0,1647.2,1671.2,1659.2
2027-02-26,put,6250.0,41.2,42.2,41.7
2027-02-26,call,6300.0,1600.0,1624.0,1612.0
2027-02-26,put,6300.0,43.2,44.2,43.7
2027-02-26,call,6325.0,1576.6,1600.6,1588.6
2027-02-26,put,6325.0,44.3,45.2,44.75
2027-02-26,call,6350.0,1553.4,1577.4,1565.4
2027-02-26,put,6350.0,45.4,46.3,45.849999999999994
2027-02-26,call,6375.0,1529.8,1553.8,1541.8
2027-02-26,put,6375.0,46.5,47.4,46.95
2027-02-26,call,6400.0,1506.5,1530.5,1518.5
2027-02-26,put,6400.0,47.6,48.5,48.05
2027-02-26,call,6425.0,1483.1,1507.1,1495.1
2027-02-26,put,6425.0,48.8,49.7,49.25
2027-02-26,call,6450.0,1459.9,1483.9,1471.9
2027-02-26,put,6450.0,50.0,50.9,50.45
2027-02-26,call,6475.0,1436.7,1460.7,1448.7
2027-02-26,put,6475.0,51.3,52.2,51.75
2027-02-26,call,6500.0,1413.5,1437.5,1425.5
2027-02-26,put,6500.0,52.6,53.5,53.05
2027-02-26,call,6525.0,1390.2,1414.2,1402.2
2027-02-26,put,6525.0,53.9,54.8,54.349999999999994
2027-02-26,call,6550.0,1367.2,1391.2,1379.2
2027-02-26,put,6550.0,55.3,56.2,55.75
2027-02-26,call,6575.0,1344.1,1368.1,1356.1
2027-02-26,put,6575.0,56.7,57.7,57.2
2027-02-26,call,6600.0,1321.1,1345.1,1333.1
2027-02-26,put,6600.0,58.2,59.1,58.650000000000006
2027-02-26,call,6625.0,1298.1,1322.1,1310.1
2027-02-26,put,6625.0,59.7,60.7,60.2
2027-02-26,call,6650.0,1275.2,1299.2,1287.2
2027-02-26,put,6650.0,61.3,62.2,61.75
2027-02-26,call,6675.0,1252.3,1276.3,1264.3
2027-02-26,put,6675.0,62.9,63.9,63.4
2027-02-26,call,6700.0,1229.6,1253.6,1241.6
2027-02-26,put,6700.0,64.5,65.5,65.0
2027-02-26,call,6725.0,1206.7,1230.7,1218.7
2027-02-26,put,6725.0,66.3,67.3,66.8
2027-02-26,call,6750.0,1184.0,1208.0,1196.0
2027-02-26,put,6750.0,68.0,69.1,68.55
2027-02-26,call,6775.0,1161.4,1185.4,1173.4
2027-02-26,put,6775.0,69.9,70.9,70.4
2027-02-26,call,6800.0,1138.9,1162.9,1150.9
2027-02-26,put,6800.0,71.8,72.8,72.3
2027-02-26,call,6825.0,1116.1,1140.1,1128.1
2027-02-26,put,6825.0,73.7,74.8,74.25
2027-02-26,call,6850.0,1093.9,1117.9,1105.9
2027-02-26,put,6850.0,75.8,76.9,76.35
2027-02-26,call,6875.0,1071.4,1095.4,1083.4
2027-02-26,put,6875.0,77.9,79.0,78.45
2027-02-26,call,6900.0,1049.0,1073.0,1061.0
2027-02-26,put,6900.0,80.0,81.1,80.55
2027-02-26,call,6925.0,1026.9,1050.9,1038.9
2027-02-26,put,6925.0,82.3,83.4,82.85
2027-02-26,call,6950.0,1004.8,1028.8,1016.8
2027-02-26,put,6950.0,84.6,85.7,85.15
2027-02-26,call,6975.0,982.7,1006.7,994.7
2027-02-26,put,6975.0,87.1,88.2,87.65
2027-02-26,call,7000.0,960.6,984.6,972.6
2027-02-26,put,7000.0,89.6,90.6,90.1
2027-02-26,call,7025.0,938.8,962.8,950.8
2027-02-26,put,7025.0,92.0,93.2,92.6
2027-02-26,call,7050.0,916.9,940.9,928.9
2027-02-26,put,7050.0,94.8,95.9,95.35
2027-02-26,call,7075.0,895.2,919.2,907.2
2027-02-26,put,7075.0,97.6,98.7,98.15
2027-02-26,call,7100.0,873.5,897.5,885.5
2027-02-26,put,7100.0,100.3,101.5,100.9
2027-02-26,call,7125.0,852.0,876.0,864.0
2027-02-26,put,7125.0,103.3,104.5,103.9
2027-02-26,call,7150.0,830.7,854.7,842.7
2027-02-26,put,7150.0,106.4,107.6,107.0
2027-02-26,call,7175.0,809.3,833.3,821.3
2027-02-26,put,7175.0,109.6,110.8,110.19999999999999
2027-02-26,call,7200.0,788.1,812.1,800.1
2027-02-26,put,7200.0,113.0,114.1,113.55
2027-02-26,call,7225.0,767.1,791.1,779.1
2027-02-26,put,7225.0,116.3,117.5,116.9
2027-02-26,call,7250.0,746.1,770.1,758.1
2027-02-26,put,7250.0,120.0,121.1,120.55
2027-02-26,call,7275.0,725.4,749.4,737.4
2027-02-26,put,7275.0,123.7,124.8,124.25
2027-02-26,call,7300.0,704.7,728.7,716.7
2027-02-26,put,7300.0,127.5,128.6,128.05
2027-02-26,call,7325.0,684.3,708.3,696.3
2027-02-26,put,7325.0,131.5,132.6,132.05
2027-02-26,call,7350.0,663.9,687.9,675.9
2027-02-26,put,7350.0,135.6,136.8,136.2
2027-02-26,call,7370.0,647.8,671.8,659.8
2027-02-26,put,7370.0,139.0,140.2,139.6
2027-02-26,call,7375.0,643.5,667.5,655.5
2027-02-26,put,7375.0,140.0,141.1,140.55
2027-02-26,call,7380.0,639.7,663.7,651.7
2027-02-26,put,7380.0,140.8,142.0,141.4
2027-02-26,call,7390.0,631.7,655.7,643.7
2027-02-26,put,7390.0,142.7,143.8,143.25
2027-02-26,call,7400.0,623.7,647.7,635.7
2027-02-26,put,7400.0,144.5,145.6,145.05
2027-02-26,call,7410.0,615.8,639.8,627.8
2027-02-26,put,7410.0,146.2,147.4,146.8
2027-02-26,call,7420.0,607.9,631.8,619.8499999999999
2027-02-26,put,7420.0,148.1,149.3,148.7
2027-02-26,call,7425.0,603.8,627.8,615.8
2027-02-26,put,7425.0,149.0,150.3,149.65
2027-02-26,call,7430.0,600.0,624.0,612.0
2027-02-26,put,7430.0,150.0,151.2,150.6
2027-02-26,call,7440.0,592.1,616.1,604.1
2027-02-26,put,7440.0,151.9,153.2,152.55
2027-02-26,call,7450.0,584.3,608.3,596.3
2027-02-26,put,7450.0,153.9,155.2,154.55
2027-02-26,call,7460.0,576.5,600.5,588.5
2027-02-26,put,7460.0,155.9,157.2,156.55
2027-02-26,call,7470.0,568.7,592.7,580.7
2027-02-26,put,7470.0,158.0,159.2,158.6
2027-02-26,call,7475.0,564.8,588.8,576.8
2027-02-26,put,7475.0,159.0,160.2,159.6
2027-02-26,call,7480.0,560.9,584.9,572.9
2027-02-26,put,7480.0,160.1,161.3,160.7
2027-02-26,call,7490.0,553.4,577.4,565.4
2027-02-26,put,7490.0,162.2,163.4,162.8
2027-02-26,call,7500.0,545.6,569.6,557.6
2027-02-26,put,7500.0,164.2,165.5,164.85
2027-02-26,call,7510.0,540.2,564.1,552.1500000000001
2027-02-26,put,7510.0,166.3,167.6,166.95
2027-02-26,call,7520.0,543.7,545.3,544.5
2027-02-26,put,7520.0,168.5,169.9,169.2
2027-02-26,call,7525.0,539.9,541.5,540.7
2027-02-26,put,7525.0,169.6,171.0,170.3
2027-02-26,call,7530.0,536.1,537.7,536.9000000000001
2027-02-26,put,7530.0,170.8,172.1,171.45
2027-02-26,call,7540.0,528.6,530.2,529.4000000000001
2027-02-26,put,7540.0,173.1,174.4,173.75
2027-02-26,call,7550.0,521.1,522.7,521.9000000000001
2027-02-26,put,7550.0,175.4,176.7,176.05
2027-02-26,call,7560.0,513.6,515.3,514.45
2027-02-26,put,7560.0,177.6,179.0,178.3
2027-02-26,call,7570.0,506.2,507.8,507.0
2027-02-26,put,7570.0,180.0,181.4,180.7
2027-02-26,call,7575.0,502.5,504.1,503.3
2027-02-26,put,7575.0,181.3,182.6,181.95
2027-02-26,call,7580.0,498.8,500.5,499.65
2027-02-26,put,7580.0,182.4,183.8,183.10000000000002
2027-02-26,call,7590.0,491.5,493.1,492.3
2027-02-26,put,7590.0,184.9,186.3,185.60000000000002
2027-02-26,call,7600.0,484.1,485.8,484.95000000000005
2027-02-26,put,7600.0,187.4,188.8,188.10000000000002
2027-02-26,call,7610.0,476.9,478.6,477.75
2027-02-26,put,7610.0,190.0,191.3,190.65
2027-02-26,call,7620.0,469.6,471.3,470.45000000000005
2027-02-26,put,7620.0,192.5,193.9,193.2
2027-02-26,call,7625.0,466.0,467.7,466.85
2027-02-26,put,7625.0,193.8,195.2,194.5
2027-02-26,call,7630.0,462.4,464.2,463.29999999999995
2027-02-26,put,7630.0,195.2,196.5,195.85
2027-02-26,call,7640.0,455.3,457.0,456.15
2027-02-26,put,7640.0,197.8,199.2,198.5
2027-02-26,call,7650.0,448.2,449.9,449.04999999999995
2027-02-26,put,7650.0,200.5,201.9,201.2
2027-02-26,call,7660.0,441.1,442.9,442.0
2027-02-26,put,7660.0,203.2,204.7,203.95
2027-02-26,call,7670.0,434.1,435.9,435.0
2027-02-26,put,7670.0,206.0,207.5,206.75
2027-02-26,call,7675.0,430.7,432.4,431.54999999999995
2027-02-26,put,7675.0,207.5,208.9,208.2
2027-02-26,call,7680.0,427.2,429.0,428.1
2027-02-26,put,7680.0,208.8,210.3,209.55
2027-02-26,call,7690.0,420.3,422.0,421.15
2027-02-26,put,7690.0,211.8,213.2,212.5
2027-02-26,call,7700.0,413.4,415.2,414.29999999999995
2027-02-26,put,7700.0,214.7,216.2,215.45
2027-02-26,call,7710.0,406.6,408.4,407.5
2027-02-26,put,7710.0,217.6,219.1,218.35
2027-02-26,call,7720.0,399.8,401.6,400.70000000000005
2027-02-26,put,7720.0,220.7,222.2,221.45
2027-02-26,call,7725.0,396.4,398.2,397.29999999999995
2027-02-26,put,7725.0,222.2,223.7,222.95
2027-02-26,call,7730.0,393.1,394.9,394.0
2027-02-26,put,7730.0,223.8,225.3,224.55
2027-02-26,call,7740.0,386.4,388.2,387.29999999999995
2027-02-26,put,7740.0,226.9,228.4,227.65
2027-02-26,call,7750.0,379.8,381.6,380.70000000000005
2027-02-26,put,7750.0,230.0,231.6,230.8
2027-02-26,call,7760.0,373.2,375.1,374.15
2027-02-26,put,7760.0,233.4,234.8,234.10000000000002
2027-02-26,call,7770.0,366.7,368.6,367.65
2027-02-26,put,7770.0,236.7,238.1,237.39999999999998
2027-02-26,call,7775.0,363.5,365.3,364.4
2027-02-26,put,7775.0,238.1,239.8,238.95
2027-02-26,call,7780.0,360.2,362.1,361.15
2027-02-26,put,7780.0,239.9,241.5,240.7
2027-02-26,call,7790.0,353.8,355.7,354.75
2027-02-26,put,7790.0,243.3,244.9,244.10000000000002
2027-02-26,call,7800.0,347.5,349.4,348.45
2027-02-26,put,7800.0,246.9,248.4,247.65
2027-02-26,call,7810.0,341.2,343.1,342.15
2027-02-26,put,7810.0,250.3,251.9,251.10000000000002
2027-02-26,call,7820.0,335.0,336.9,335.95
2027-02-26,put,7820.0,253.7,255.5,254.6
2027-02-26,call,7825.0,331.9,333.8,332.85
2027-02-26,put,7825.0,255.5,257.3,256.4
2027-02-26,call,7850.0,316.6,318.5,317.55
2027-02-26,put,7850.0,265.0,266.5,265.75
2027-02-26,call,7875.0,301.8,303.7,302.75
2027-02-26,put,7875.0,274.5,276.2,275.35
2027-02-26,call,7900.0,287.3,289.2,288.25
2027-02-26,put,7900.0,284.6,286.2,285.4
2027-02-26,call,7925.0,273.2,275.1,274.15
2027-02-26,put,7925.0,295.0,296.7,295.85
2027-02-26,call,7950.0,259.6,261.5,260.55
2027-02-26,put,7950.0,305.7,307.5,306.6
2027-02-26,call,7975.0,246.3,248.2,247.25
2027-02-26,put,7975.0,316.9,318.7,317.79999999999995
2027-02-26,call,8000.0,233.5,235.4,234.45
2027-02-26,put,8000.0,328.7,330.4,329.54999999999995
2027-02-26,call,8025.0,221.4,223.0,222.2
2027-02-26,put,8025.0,340.7,342.5,341.6
2027-02-26,call,8050.0,209.4,211.0,210.2
2027-02-26,put,8050.0,353.3,355.0,354.15
2027-02-26,call,8075.0,197.7,199.5,198.6
2027-02-26,put,8075.0,366.2,368.0,367.1
2027-02-26,call,8100.0,186.7,188.3,187.5
2027-02-26,put,8100.0,379.6,381.4,380.5
2027-02-26,call,8125.0,176.0,177.7,176.85
2027-02-26,put,8125.0,393.4,395.2,394.29999999999995
2027-02-26,call,8150.0,165.7,167.4,166.55
2027-02-26,put,8150.0,407.7,409.5,408.6
2027-02-26,call,8175.0,155.9,157.6,156.75
2027-02-26,put,8175.0,422.4,424.2,423.29999999999995
2027-02-26,call,8200.0,146.5,148.2,147.35
2027-02-26,put,8200.0,437.6,439.3,438.45000000000005
2027-02-26,call,8225.0,137.6,139.3,138.45
2027-02-26,put,8225.0,453.2,454.8,454.0
2027-02-26,call,8250.0,129.1,130.7,129.89999999999998
2027-02-26,put,8250.0,469.2,470.8,470.0
2027-02-26,call,8275.0,121.1,122.6,121.85
2027-02-26,put,8275.0,485.6,487.2,486.4
2027-02-26,call,8300.0,113.4,114.9,114.15
2027-02-26,put,8300.0,493.2,517.2,505.20000000000005
2027-02-26,call,8325.0,106.2,107.6,106.9
2027-02-26,put,8325.0,510.6,534.6,522.6
2027-02-26,call,8350.0,99.3,100.7,100.0
2027-02-26,put,8350.0,528.2,552.2,540.2
2027-02-26,call,8400.0,86.6,88.0,87.3
2027-02-26,put,8400.0,564.6,588.6,576.6
2027-02-26,call,8450.0,75.3,76.7,76.0
2027-02-26,put,8450.0,602.3,626.3,614.3
2027-02-26,call,8500.0,65.3,66.6,65.94999999999999
2027-02-26,put,8500.0,641.4,665.4,653.4
2027-02-26,call,8550.0,56.4,57.7,57.05
2027-02-26,put,8550.0,681.6,705.6,693.6
2027-02-26,call,8600.0,48.6,49.8,49.2
2027-02-26,put,8600.0,722.7,746.7,734.7
2027-02-26,call,8700.0,35.8,36.9,36.349999999999994
2027-02-26,put,8700.0,808.0,832.0,820.0
2027-02-26,call,8800.0,26.1,27.1,26.6
2027-02-26,put,8800.0,896.4,920.4,908.4
2027-02-26,call,8900.0,18.9,19.8,19.35
2027-02-26,put,8900.0,987.3,1011.3,999.3
2027-02-26,call,9000.0,13.8,14.6,14.2
2027-02-26,put,9000.0,1080.0,1104.0,1092.0
2027-02-26,call,9100.0,10.1,10.8,10.45
2027-02-26,put,9100.0,1174.5,1198.5,1186.5
2027-02-26,call,9200.0,7.5,8.1,7.8
2027-02-26,put,9200.0,1269.9,1293.9,1281.9
2027-02-26,call,9400.0,4.4,4.9,4.65
2027-02-26,put,9400.0,1462.9,1486.9,1474.9
2027-02-26,call,9600.0,2.7,3.2,2.95
2027-02-26,put,9600.0,1657.0,1681.0,1669.0
2027-02-26,call,9800.0,1.8,2.2,2.0
2027-02-26,put,9800.0,1852.2,1876.2,1864.2
2027-03-31,call,2800.0,4992.6,5016.6,5004.6
2027-03-31,put,2800.0,3.2,3.6,3.4000000000000004
2027-03-31,call,3000.0,4798.2,4822.2,4810.2
2027-03-31,put,3000.0,4.0,4.3,4.15
2027-03-31,call,3200.0,4604.1,4628.1,4616.1
2027-03-31,put,3200.0,4.8,5.2,5.0
2027-03-31,call,3300.0,4506.9,4530.9,4518.9
2027-03-31,put,3300.0,5.2,5.6,5.4
2027-03-31,call,3400.0,4409.8,4433.8,4421.8
2027-03-31,put,3400.0,5.7,6.1,5.9
2027-03-31,call,3500.0,4312.8,4336.8,4324.8
2027-03-31,put,3500.0,6.2,6.7,6.45
2027-03-31,call,3600.0,4215.8,4239.8,4227.8
2027-03-31,put,3600.0,6.8,7.2,7.0
2027-03-31,call,3700.0,4118.7,4142.7,4130.7
2027-03-31,put,3700.0,7.4,7.8,7.6
2027-03-31,call,3800.0,4021.8,4045.8,4033.8
2027-03-31,put,3800.0,8.0,8.4,8.2
2027-03-31,call,3900.0,3924.8,3948.8,3936.8
2027-03-31,put,3900.0,8.6,9.1,8.85
2027-03-31,call,4000.0,3827.9,3851.9,3839.9
2027-03-31,put,4000.0,9.4,9.8,9.600000000000001
2027-03-31,call,4100.0,3730.9,3754.9,3742.9
2027-03-31,put,4100.0,10.1,10.5,10.3
2027-03-31,call,4200.0,3634.4,3658.4,3646.4
2027-03-31,put,4200.0,10.9,11.4,11.15
2027-03-31,call,4300.0,3537.8,3561.8,3549.8
2027-03-31,put,4300.0,11.8,12.2,12.0
2027-03-31,call,4400.0,3441.0,3465.0,3453.0
2027-03-31,put,4400.0,12.7,13.1,12.899999999999999
2027-03-31,call,4500.0,3344.4,3368.4,3356.4
2027-03-31,put,4500.0,13.7,14.1,13.899999999999999
2027-03-31,call,4600.0,3247.7,3271.7,3259.7
2027-03-31,put,4600.0,14.7,15.2,14.95
2027-03-31,call,4650.0,3199.8,3223.8,3211.8
2027-03-31,put,4650.0,15.2,15.7,15.45
2027-03-31,call,4700.0,3151.3,3175.3,3163.3
2027-03-31,put,4700.0,15.8,16.3,16.05
2027-03-31,call,4750.0,3103.0,3127.0,3115.0
2027-03-31,put,4750.0,16.4,16.9,16.65
2027-03-31,call,4800.0,3054.9,3078.9,3066.9
2027-03-31,put,4800.0,17.0,17.5,17.25
2027-03-31,call,4850.0,3007.0,3031.0,3019.0
2027-03-31,put,4850.0,17.6,18.2,17.9
2027-03-31,call,4900.0,2958.7,2982.7,2970.7
2027-03-31,put,4900.0,18.3,18.8,18.55
2027-03-31,call,4950.0,2910.6,2934.6,2922.6
2027-03-31,put,4950.0,18.9,19.5,19.2
2027-03-31,call,5000.0,2862.5,2886.5,2874.5
2027-03-31,put,5000.0,19.6,20.2,19.9
2027-03-31,call,5050.0,2814.4,2838.4,2826.4
2027-03-31,put,5050.0,20.4,21.0,20.7
2027-03-31,call,5100.0,2766.4,2790.4,2778.4
2027-03-31,put,5100.0,21.1,21.7,21.4
2027-03-31,call,5150.0,2718.4,2742.4,2730.4
2027-03-31,put,5150.0,21.9,22.5,22.2
2027-03-31,call,5200.0,2670.4,2694.4,2682.4
2027-03-31,put,5200.0,22.7,23.4,23.049999999999997
2027-03-31,call,5250.0,2622.5,2646.5,2634.5
2027-03-31,put,5250.0,23.6,24.2,23.9
2027-03-31,call,5300.0,2574.3,2598.3,2586.3
2027-03-31,put,5300.0,24.5,25.1,24.8
2027-03-31,call,5350.0,2526.7,2550.7,2538.7
2027-03-31,put,5350.0,25.4,26.1,25.75
2027-03-31,call,5400.0,2478.8,2502.8,2490.8
2027-03-31,put,5400.0,26.4,27.1,26.75
2027-03-31,call,5450.0,2431.1,2455.1,2443.1
2027-03-31,put,5450.0,27.4,28.1,27.75
2027-03-31,call,5500.0,2383.4,2407.4,2395.4
2027-03-31,put,5500.0,28.5,29.2,28.85
2027-03-31,call,5525.0,2359.6,2383.6,2371.6
2027-03-31,put,5525.0,29.0,29.7,29.35
2027-03-31,call,5550.0,2335.7,2359.7,2347.7
2027-03-31,put,5550.0,29.6,30.3,29.950000000000003
2027-03-31,call,5575.0,2311.9,2335.9,2323.9
2027-03-31,put,5575.0,30.2,30.9,30.549999999999997
2027-03-31,call,5600.0,2288.0,2312.0,2300.0
2027-03-31,put,5600.0,30.8,31.5,31.15
2027-03-31,call,5605.0,2283.3,2307.3,2295.3
2027-03-31,put,5605.0,30.9,31.6,31.25
2027-03-31,call,5610.0,2278.5,2302.5,2290.5
2027-03-31,put,5610.0,31.0,31.7,31.35
2027-03-31,call,5615.0,2273.8,2297.8,2285.8
2027-03-31,put,5615.0,31.1,31.9,31.5
2027-03-31,call,5620.0,2269.0,2293.0,2281.0
2027-03-31,put,5620.0,31.3,32.0,31.65
2027-03-31,call,5625.0,2264.2,2288.2,2276.2
2027-03-31,put,5625.0,31.4,32.1,31.75
2027-03-31,call,5630.0,2259.6,2283.6,2271.6
2027-03-31,put,5630.0,31.5,32.2,31.85
2027-03-31,call,5635.0,2254.8,2278.8,2266.8
2027-03-31,put,5635.0,31.6,32.4,32.0
2027-03-31,call,5640.0,2249.9,2273.9,2261.9
2027-03-31,put,5640.0,31.8,32.5,32.15
2027-03-31,call,5645.0,2245.2,2269.2,2257.2
2027-03-31,put,5645.0,31.9,32.6,32.25
2027-03-31,call,5650.0,2240.4,2264.4,2252.4
2027-03-31,put,5650.0,32.0,32.7,32.35
2027-03-31,call,5655.0,2235.6,2259.6,2247.6
2027-03-31,put,5655.0,32.1,32.9,32.5
2027-03-31,call,5660.0,2231.0,2255.0,2243.0
2027-03-31,put,5660.0,32.3,33.0,32.65
2027-03-31,call,5665.0,2226.3,2250.3,2238.3
2027-03-31,put,5665.0,32.4,33.1,32.75
2027-03-31,call,5670.0,2221.5,2245.5,2233.5
2027-03-31,put,5670.0,32.5,33.2,32.85
2027-03-31,call,5675.0,2216.7,2240.7,2228.7
2027-03-31,put,5675.0,32.7,33.4,33.05
2027-03-31,call,5680.0,2212.1,2236.1,2224.1
2027-03-31,put,5680.0,32.8,33.5,33.15
2027-03-31,call,5685.0,2207.2,2231.2,2219.2
2027-03-31,put,5685.0,32.9,33.6,33.25
2027-03-31,call,5690.0,2202.6,2226.6,2214.6
2027-03-31,put,5690.0,33.0,33.8,33.4
2027-03-31,call,5695.0,2197.8,2221.8,2209.8
2027-03-31,put,5695.0,33.2,33.9,33.55
2027-03-31,call,5700.0,2192.9,2216.9,2204.9
2027-03-31,put,5700.0,33.3,34.0,33.65
2027-03-31,call,5705.0,2188.2,2212.2,2200.2
2027-03-31,put,5705.0,33.4,34.2,33.8
2027-03-31,call,5710.0,2183.5,2207.5,2195.5
2027-03-31,put,5710.0,33.6,34.3,33.95
2027-03-31,call,5715.0,2178.7,2202.7,2190.7
2027-03-31,put,5715.0,33.7,34.5,34.1
2027-03-31,call,5720.0,2174.0,2198.0,2186.0
2027-03-31,put,5720.0,33.9,34.6,34.25
2027-03-31,call,5725.0,2169.3,2193.3,2181.3
2027-03-31,put,5725.0,34.0,34.7,34.35
2027-03-31,call,5730.0,2164.6,2188.6,2176.6
2027-03-31,put,5730.0,34.1,34.9,34.5
2027-03-31,call,5735.0,2159.9,2183.9,2171.9
2027-03-31,put,5735.0,34.3,35.0,34.65
2027-03-31,call,5740.0,2155.1,2179.1,2167.1
2027-03-31,put,5740.0,34.4,35.1,34.75
2027-03-31,call,5745.0,2150.4,2174.4,2162.4
2027-03-31,put,5745.0,34.5,35.3,34.9
2027-03-31,call,5750.0,2145.7,2169.7,2157.7
2027-03-31,put,5750.0,34.7,35.4,35.05
2027-03-31,call,5755.0,2140.6,2164.6,2152.6
2027-03-31,put,5755.0,34.8,35.6,35.2
2027-03-31,call,5760.0,2136.2,2160.2,2148.2
2027-03-31,put,5760.0,35.0,35.7,35.35
2027-03-31,call,5765.0,2131.3,2155.3,2143.3
2027-03-31,put,5765.0,35.1,35.9,35.5
2027-03-31,call,5770.0,2126.6,2150.6,2138.6
2027-03-31,put,5770.0,35.3,36.0,35.65
2027-03-31,call,5775.0,2121.8,2145.8,2133.8
2027-03-31,put,5775.0,35.4,36.1,35.75
2027-03-31,call,5780.0,2117.3,2141.3,2129.3
2027-03-31,put,5780.0,35.5,36.3,35.9
2027-03-31,call,5785.0,2112.4,2136.4,2124.4
2027-03-31,put,5785.0,35.7,36.4,36.05
2027-03-31,call,5790.0,2107.8,2131.8,2119.8
2027-03-31,put,5790.0,35.8,36.6,36.2
2027-03-31,call,5795.0,2102.8,2126.8,2114.8
2027-03-31,put,5795.0,36.0,36.7,36.35
2027-03-31,call,5800.0,2098.3,2122.3,2110.3
2027-03-31,put,5800.0,36.1,36.9,36.5
2027-03-31,call,5805.0,2093.6,2117.6,2105.6
2027-03-31,put,5805.0,36.3,37.0,36.65
2027-03-31,call,5810.0,2088.7,2112.7,2100.7
2027-03-31,put,5810.0,36.4,37.2,36.8
2027-03-31,call,5815.0,2084.0,2108.0,2096.0
2027-03-31,put,5815.0,36.6,37.3,36.95
2027-03-31,call,5820.0,2079.3,2103.3,2091.3
2027-03-31,put,5820.0,36.7,37.5,37.1
2027-03-31,call,5825.0,2074.6,2098.6,2086.6
2027-03-31,put,5825.0,36.9,37.6,37.25
2027-03-31,call,5830.0,2069.9,2093.9,2081.9
2027-03-31,put,5830.0,37.0,37.8,37.4
2027-03-31,call,5835.0,2065.1,2089.1,2077.1
2027-03-31,put,5835.0,37.2,37.9,37.55
2027-03-31,call,5840.0,2060.4,2084.4,2072.4
2027-03-31,put,5840.0,37.3,38.1,37.7
2027-03-31,call,5845.0,2055.7,2079.7,2067.7
2027-03-31,put,5845.0,37.5,38.2,37.85
2027-03-31,call,5850.0,2050.9,2074.9,2062.9
2027-03-31,put,5850.0,37.6,38.4,38.0
2027-03-31,call,5855.0,2046.2,2070.2,2058.2
2027-03-31,put,5855.0,37.8,38.6,38.2
2027-03-31,call,5860.0,2041.4,2065.4,2053.4
2027-03-31,put,5860.0,38.0,38.7,38.35
2027-03-31,call,5865.0,2036.6,2060.6,2048.6
2027-03-31,put,5865.0,38.1,38.9,38.5
2027-03-31,call,5870.0,2032.0,2056.0,2044.0
2027-03-31,put,5870.0,38.3,39.0,38.65
2027-03-31,call,5875.0,2027.3,2051.3,2039.3000000000002
2027-03-31,put,5875.0,38.4,39.2,38.8
2027-03-31,call,5880.0,2022.5,2046.5,2034.5
2027-03-31,put,5880.0,38.6,39.3,38.95
2027-03-31,call,5890.0,2013.2,2037.2,2025.2
2027-03-31,put,5890.0,38.9,39.7,39.3
2027-03-31,call,5900.0,2003.7,2027.7,2015.7
2027-03-31,put,5900.0,39.2,40.0,39.6
2027-03-31,call,5910.0,1994.4,2018.4,2006.4
2027-03-31,put,5910.0,39.6,40.3,39.95
2027-03-31,call,5920.0,1985.0,2009.0,1997.0
2027-03-31,put,5920.0,39.9,40.7,40.3
2027-03-31,call,5925.0,1980.2,2004.2,1992.2
2027-03-31,put,5925.0,40.1,40.8,40.45
2027-03-31,call,5930.0,1975.5,1999.5,1987.5
2027-03-31,put,5930.0,40.2,41.0,40.6
2027-03-31,call,5940.0,1966.0,1990.0,1978.0
2027-03-31,put,5940.0,40.6,41.3,40.95
2027-03-31,call,5950.0,1956.6,1980.6,1968.6
2027-03-31,put,5950.0,40.9,41.7,41.3
2027-03-31,call,5960.0,1947.3,1971.3,1959.3
2027-03-31,put,5960.0,41.3,42.0,41.65
2027-03-31,call,5970.0,1937.6,1961.6,1949.6
2027-03-31,put,5970.0,41.6,42.4,42.0
2027-03-31,call,5975.0,1933.2,1957.2,1945.2
2027-03-31,put,5975.0,41.8,42.6,42.2
2027-03-31,call,5980.0,1928.4,1952.4,1940.4
2027-03-31,put,5980.0,42.0,42.8,42.4
2027-03-31,call,5990.0,1919.1,1943.1,1931.1
2027-03-31,put,5990.0,42.3,43.1,42.7
2027-03-31,call,6000.0,1909.6,1933.6,1921.6
2027-03-31,put,6000.0,42.7,43.5,43.1
2027-03-31,call,6010.0,1900.2,1924.2,1912.2
2027-03-31,put,6010.0,43.1,43.8,43.45
2027-03-31,call,6020.0,1890.9,1914.9,1902.9
2027-03-31,put,6020.0,43.4,44.2,43.8
2027-03-31,call,6025.0,1886.1,1910.1,1898.1
2027-03-31,put,6025.0,43.6,44.4,44.0
2027-03-31,call,6030.0,1881.6,1905.6,1893.6
2027-03-31,put,6030.0,43.8,44.6,44.2
2027-03-31,call,6040.0,1872.1,1896.1,1884.1
2027-03-31,put,6040.0,44.2,45.0,44.6
2027-03-31,call,6050.0,1862.8,1886.8,1874.8
2027-03-31,put,6050.0,44.6,45.4,45.0
2027-03-31,call,6060.0,1853.4,1877.4,1865.4
2027-03-31,put,6060.0,45.0,45.8,45.4
2027-03-31,call,6070.0,1844.0,1868.0,1856.0
2027-03-31,put,6070.0,45.4,46.2,45.8
2027-03-31,call,6075.0,1839.4,1863.4,1851.4
2027-03-31,put,6075.0,45.6,46.3,45.95
2027-03-31,call,6080.0,1834.7,1858.7,1846.7
2027-03-31,put,6080.0,45.8,46.6,46.2
2027-03-31,call,6090.0,1825.3,1849.3,1837.3
2027-03-31,put,6090.0,46.2,47.0,46.6
2027-03-31,call,6100.0,1816.1,1840.1,1828.1
2027-03-31,put,6100.0,46.6,47.4,47.0
2027-03-31,call,6125.0,1792.4,1816.4,1804.4
2027-03-31,put,6125.0,47.6,48.4,48.0
2027-03-31,call,6150.0,1769.2,1793.2,1781.2
2027-03-31,put,6150.0,48.7,49.5,49.1
2027-03-31,call,6175.0,1745.9,1769.9,1757.9
2027-03-31,put,6175.0,49.7,50.6,50.150000000000006
2027-03-31,call,6200.0,1722.7,1746.7,1734.7
2027-03-31,put,6200.0,50.9,51.7,51.3
2027-03-31,call,6205.0,1718.0,1742.0,1730.0
2027-03-31,put,6205.0,51.1,51.9,51.5
2027-03-31,call,6210.0,1713.3,1737.3,1725.3
2027-03-31,put,6210.0,51.3,52.2,51.75
2027-03-31,call,6215.0,1708.8,1732.8,1720.8
2027-03-31,put,6215.0,51.5,52.4,51.95
2027-03-31,call,6220.0,1704.0,1728.0,1716.0
2027-03-31,put,6220.0,51.8,52.6,52.2
2027-03-31,call,6225.0,1699.4,1723.4,1711.4
2027-03-31,put,6225.0,52.0,52.9,52.45
2027-03-31,call,6230.0,1694.8,1718.8,1706.8
2027-03-31,put,6230.0,52.2,53.1,52.650000000000006
2027-03-31,call,6235.0,1690.1,1714.1,1702.1
2027-03-31,put,6235.0,52.5,53.3,52.9
2027-03-31,call,6240.0,1685.5,1709.5,1697.5
2027-03-31,put,6240.0,52.7,53.6,53.150000000000006
2027-03-31,call,6245.0,1680.9,1704.9,1692.9
2027-03-31,put,6245.0,53.0,53.8,53.4
2027-03-31,call,6250.0,1676.2,1700.2,1688.2
2027-03-31,put,6250.0,53.2,54.0,53.6
2027-03-31,call,6255.0,1671.6,1695.6,1683.6
2027-03-31,put,6255.0,53.4,54.3,53.849999999999994
2027-03-31,call,6260.0,1666.9,1690.9,1678.9
2027-03-31,put,6260.0,53.7,54.5,54.1
2027-03-31,call,6265.0,1662.3,1686.3,1674.3
2027-03-31,put,6265.0,53.9,54.7,54.3
2027-03-31,call,6270.0,1657.7,1681.7,1669.7
2027-03-31,put,6270.0,54.2,55.0,54.6
2027-03-31,call,6275.0,1653.1,1677.1,1665.1
2027-03-31,put,6275.0,54.4,55.2,54.8
2027-03-31,call,6280.0,1648.4,1672.4,1660.4
2027-03-31,put,6280.0,54.7,55.5,55.1
2027-03-31,call,6285.0,1643.7,1667.7,1655.7
2027-03-31,put,6285.0,54.9,55.7,55.3
2027-03-31,call,6290.0,1639.1,1663.1,1651.1
2027-03-31,put,6290.0,55.2,56.0,55.6
2027-03-31,call,6295.0,1634.5,1658.5,1646.5
2027-03-31,put,6295.0,55.4,56.2,55.8
2027-03-31,call,6300.0,1629.8,1653.8,1641.8
2027-03-31,put,6300.0,55.7,56.5,56.1
2027-03-31,call,6305.0,1625.1,1649.1,1637.1
2027-03-31,put,6305.0,55.9,56.7,56.3
2027-03-31,call,6310.0,1620.7,1644.7,1632.7
2027-03-31,put,6310.0,56.2,57.0,56.6
2027-03-31,call,6315.0,1616.1,1640.1,1628.1
2027-03-31,put,6315.0,56.4,57.3,56.849999999999994
2027-03-31,call,6320.0,1611.5,1635.5,1623.5
2027-03-31,put,6320.0,56.7,57.5,57.1
2027-03-31,call,6325.0,1606.8,1630.8,1618.8
2027-03-31,put,6325.0,56.9,57.8,57.349999999999994
2027-03-31,call,6330.0,1602.2,1626.2,1614.2
2027-03-31,put,6330.0,57.2,58.0,57.6
2027-03-31,call,6335.0,1597.4,1621.4,1609.4
2027-03-31,put,6335.0,57.5,58.3,57.9
2027-03-31,call,6340.0,1593.0,1617.0,1605.0
2027-03-31,put,6340.0,57.7,58.6,58.150000000000006
2027-03-31,call,6345.0,1588.2,1612.2,1600.2
2027-03-31,put,6345.0,58.0,58.8,58.4
2027-03-31,call,6350.0,1583.8,1607.8,1595.8
2027-03-31,put,6350.0,58.3,59.1,58.7
2027-03-31,call,6355.0,1579.1,1603.1,1591.1
2027-03-31,put,6355.0,58.5,59.4,58.95
2027-03-31,call,6360.0,1574.6,1598.6,1586.6
2027-03-31,put,6360.0,58.8,59.7,59.25
2027-03-31,call,6365.0,1569.9,1593.9,1581.9
2027-03-31,put,6365.0,59.1,59.9,59.5
2027-03-31,call,6370.0,1565.3,1589.3,1577.3
2027-03-31,put,6370.0,59.4,60.2,59.8
2027-03-31,call,6375.0,1560.7,1584.7,1572.7
2027-03-31,put,6375.0,59.6,60.5,60.05
2027-03-31,call,6380.0,1556.2,1580.2,1568.2
2027-03-31,put,6380.0,59.9,60.8,60.349999999999994
2027-03-31,call,6385.0,1551.5,1575.5,1563.5
2027-03-31,put,6385.0,60.2,61.0,60.6
2027-03-31,call,6390.0,1547.0,1571.0,1559.0
2027-03-31,put,6390.0,60.5,61.3,60.9
2027-03-31,call,6395.0,1542.4,1566.4,1554.4
2027-03-31,put,6395.0,60.7,61.6,61.150000000000006
2027-03-31,call,6400.0,1537.9,1561.9,1549.9
2027-03-31,put,6400.0,61.0,61.9,61.45
2027-03-31,call,6405.0,1533.0,1557.0,1545.0
2027-03-31,put,6405.0,61.3,62.2,61.75
2027-03-31,call,6410.0,1528.6,1552.6,1540.6
2027-03-31,put,6410.0,61.6,62.5,62.05
2027-03-31,call,6415.0,1524.0,1548.0,1536.0
2027-03-31,put,6415.0,61.9,62.8,62.349999999999994
2027-03-31,call,6420.0,1519.4,1543.4,1531.4
2027-03-31,put,6420.0,62.2,63.0,62.6
2027-03-31,call,6425.0,1514.6,1538.6,1526.6
2027-03-31,put,6425.0,62.5,63.3,62.9
2027-03-31,call,6430.0,1510.2,1534.2,1522.2
2027-03-31,put,6430.0,62.8,63.6,63.2
2027-03-31,call,6435.0,1505.7,1529.7,1517.7
2027-03-31,put,6435.0,63.1,63.9,63.5
2027-03-31,call,6440.0,1500.9,1524.9,1512.9
2027-03-31,put,6440.0,63.4,64.2,63.8
2027-03-31,call,6445.0,1496.5,1520.5,1508.5
2027-03-31,put,6445.0,63.6,64.5,64.05
2027-03-31,call,6450.0,1491.9,1515.9,1503.9
2027-03-31,put,6450.0,63.9,64.8,64.35
2027-03-31,call,6455.0,1487.3,1511.3,1499.3
2027-03-31,put,6455.0,64.3,65.1,64.69999999999999
2027-03-31,call,6460.0,1482.7,1506.7,1494.7
2027-03-31,put,6460.0,64.6,65.4,65.0
2027-03-31,call,6465.0,1478.2,1502.2,1490.2
2027-03-31,put,6465.0,64.9,65.8,65.35
2027-03-31,call,6470.0,1473.7,1497.7,1485.7
2027-03-31,put,6470.0,65.2,66.1,65.65
2027-03-31,call,6475.0,1469.0,1493.0,1481.0
2027-03-31,put,6475.0,65.5,66.4,65.95
2027-03-31,call,6480.0,1464.5,1488.5,1476.5
2027-03-31,put,6480.0,65.8,66.7,66.25
2027-03-31,call,6485.0,1459.9,1483.9,1471.9
2027-03-31,put,6485.0,66.1,67.0,66.55
2027-03-31,call,6490.0,1455.3,1479.3,1467.3
2027-03-31,put,6490.0,66.4,67.3,66.85
2027-03-31,call,6495.0,1450.8,1474.8,1462.8
2027-03-31,put,6495.0,66.7,67.6,67.15
2027-03-31,call,6500.0,1446.2,1470.2,1458.2
2027-03-31,put,6500.0,67.0,68.0,67.5
2027-03-31,call,6505.0,1441.7,1465.7,1453.7
2027-03-31,put,6505.0,67.4,68.3,67.85
2027-03-31,call,6510.0,1437.1,1461.1,1449.1
2027-03-31,put,6510.0,67.7,68.6,68.15
2027-03-31,call,6515.0,1432.6,1456.6,1444.6
2027-03-31,put,6515.0,68.0,68.9,68.45
2027-03-31,call,6520.0,1428.0,1452.0,1440.0
2027-03-31,put,6520.0,68.3,69.2,68.75
2027-03-31,call,6525.0,1423.4,1447.4,1435.4
2027-03-31,put,6525.0,68.7,69.6,69.15
2027-03-31,call,6530.0,1419.0,1443.0,1431.0
2027-03-31,put,6530.0,69.0,69.9,69.45
2027-03-31,call,6535.0,1414.4,1438.4,1426.4
2027-03-31,put,6535.0,69.3,70.2,69.75
2027-03-31,call,6540.0,1409.8,1433.8,1421.8
2027-03-31,put,6540.0,69.7,70.6,70.15
2027-03-31,call,6545.0,1405.1,1429.1,1417.1
2027-03-31,put,6545.0,70.0,70.9,70.45
2027-03-31,call,6550.0,1400.7,1424.7,1412.7
2027-03-31,put,6550.0,70.3,71.2,70.75
2027-03-31,call,6555.0,1396.2,1420.2,1408.2
2027-03-31,put,6555.0,70.7,71.6,71.15
2027-03-31,call,6560.0,1391.5,1415.5,1403.5
2027-03-31,put,6560.0,71.0,71.9,71.45
2027-03-31,call,6565.0,1387.1,1411.1,1399.1
2027-03-31,put,6565.0,71.3,72.3,71.8
2027-03-31,call,6570.0,1382.7,1406.7,1394.7
2027-03-31,put,6570.0,71.7,72.6,72.15
2027-03-31,call,6575.0,1378.1,1402.1,1390.1
2027-03-31,put,6575.0,72.0,73.0,72.5
2027-03-31,call,6580.0,1373.5,1397.5,1385.5
2027-03-31,put,6580.0,72.4,73.3,72.85
2027-03-31,call,6585.0,1369.0,1393.0,1381.0
2027-03-31,put,6585.0,72.7,73.7,73.2
2027-03-31,call,6590.0,1364.6,1388.6,1376.6
2027-03-31,put,6590.0,73.1,74.0,73.55
2027-03-31,call,6595.0,1360.0,1384.0,1372.0
2027-03-31,put,6595.0,73.4,74.4,73.9
2027-03-31,call,6600.0,1355.3,1379.3,1367.3
2027-03-31,put,6600.0,73.8,74.7,74.25
2027-03-31,call,6605.0,1351.0,1375.0,1363.0
2027-03-31,put,6605.0,74.2,75.1,74.65
2027-03-31,call,6610.0,1346.4,1370.4,1358.4
2027-03-31,put,6610.0,74.5,75.5,75.0
2027-03-31,call,6615.0,1341.8,1365.8,1353.8
2027-03-31,put,6615.0,74.9,75.8,75.35
2027-03-31,call,6620.0,1337.5,1361.5,1349.5
2027-03-31,put,6620.0,75.2,76.2,75.7
2027-03-31,call,6625.0,1332.9,1356.9,1344.9
2027-03-31,put,6625.0,75.6,76.6,76.1
2027-03-31,call,6630.0,1328.4,1352.4,1340.4
2027-03-31,put,6630.0,76.0,76.9,76.45
2027-03-31,call,6635.0,1323.9,1347.9,1335.9
2027-03-31,put,6635.0,76.4,77.3,76.85
2027-03-31,call,6640.0,1319.3,1343.3,1331.3
2027-03-31,put,6640.0,76.7,77.7,77.2
2027-03-31,call,6645.0,1314.9,1338.9,1326.9
2027-03-31,put,6645.0,77.1,78.1,77.6
2027-03-31,call,6650.0,1310.4,1334.4,1322.4
2027-03-31,put,6650.0,77.5,78.5,78.0
2027-03-31,call,6655.0,1305.9,1329.9,1317.9
2027-03-31,put,6655.0,77.9,78.9,78.4
2027-03-31,call,6660.0,1301.4,1325.4,1313.4
2027-03-31,put,6660.0,78.3,79.2,78.75
2027-03-31,call,6665.0,1296.7,1320.7,1308.7
2027-03-31,put,6665.0,78.6,79.6,79.1
2027-03-31,call,6670.0,1292.3,1316.3,1304.3
2027-03-31,put,6670.0,79.0,80.0,79.5
2027-03-31,call,6675.0,1287.9,1311.9,1299.9
2027-03-31,put,6675.0,79.4,80.4,79.9
2027-03-31,call,6680.0,1283.4,1307.4,1295.4
2027-03-31,put,6680.0,79.8,80.8,80.3
2027-03-31,call,6685.0,1278.9,1302.9,1290.9
2027-03-31,put,6685.0,80.2,81.2,80.7
2027-03-31,call,6690.0,1274.4,1298.4,1286.4
2027-03-31,put,6690.0,80.6,81.6,81.1
2027-03-31,call,6695.0,1270.0,1294.0,1282.0
2027-03-31,put,6695.0,81.0,82.0,81.5
2027-03-31,call,6700.0,1265.5,1289.5,1277.5
2027-03-31,put,6700.0,81.4,82.4,81.9
2027-03-31,call,6705.0,1261.2,1285.2,1273.2
2027-03-31,put,6705.0,81.8,82.8,82.3
2027-03-31,call,6710.0,1256.6,1280.6,1268.6
2027-03-31,put,6710.0,82.2,83.2,82.7
2027-03-31,call,6715.0,1252.1,1276.1,1264.1
2027-03-31,put,6715.0,82.6,83.6,83.1
2027-03-31,call,6720.0,1247.7,1271.7,1259.7
2027-03-31,put,6720.0,83.0,84.0,83.5
2027-03-31,call,6725.0,1243.2,1267.2,1255.2
2027-03-31,put,6725.0,83.4,84.5,83.95
2027-03-31,call,6730.0,1238.7,1262.7,1250.7
2027-03-31,put,6730.0,83.9,84.9,84.4
2027-03-31,call,6735.0,1234.2,1258.2,1246.2
2027-03-31,put,6735.0,84.3,85.3,84.8
2027-03-31,call,6740.0,1229.8,1253.8,1241.8
2027-03-31,put,6740.0,84.7,85.7,85.2
2027-03-31,call,6745.0,1225.4,1249.4,1237.4
2027-03-31,put,6745.0,85.1,86.2,85.65
2027-03-31,call,6750.0,1220.8,1244.8,1232.8
2027-03-31,put,6750.0,85.5,86.6,86.05
2027-03-31,call,6755.0,1216.4,1240.4,1228.4
2027-03-31,put,6755.0,86.0,87.0,86.5
2027-03-31,call,6760.0,1212.1,1236.1,1224.1
2027-03-31,put,6760.0,86.4,87.5,86.95
2027-03-31,call,6765.0,1207.5,1231.5,1219.5
2027-03-31,put,6765.0,86.8,87.9,87.35
2027-03-31,call,6770.0,1203.1,1227.1,1215.1
2027-03-31,put,6770.0,87.3,88.3,87.8
2027-03-31,call,6775.0,1198.7,1222.7,1210.7
2027-03-31,put,6775.0,87.7,88.8,88.25
2027-03-31,call,6780.0,1194.2,1218.2,1206.2
2027-03-31,put,6780.0,88.2,89.2,88.7
2027-03-31,call,6785.0,1189.9,1213.9,1201.9
2027-03-31,put,6785.0,88.6,89.7,89.15
2027-03-31,call,6790.0,1185.5,1209.5,1197.5
2027-03-31,put,6790.0,89.1,90.1,89.6
2027-03-31,call,6795.0,1181.0,1205.0,1193.0
2027-03-31,put,6795.0,89.5,90.6,90.05
2027-03-31,call,6800.0,1176.5,1200.5,1188.5
2027-03-31,put,6800.0,90.0,91.0,90.5
2027-03-31,call,6805.0,1172.1,1196.1,1184.1
2027-03-31,put,6805.0,90.4,91.5,90.95
2027-03-31,call,6810.0,1167.7,1191.7,1179.7
2027-03-31,put,6810.0,90.9,91.9,91.4
2027-03-31,call,6815.0,1163.3,1187.3,1175.3
2027-03-31,put,6815.0,91.3,92.4,91.85
2027-03-31,call,6820.0,1158.9,1182.9,1170.9
2027-03-31,put,6820.0,91.8,92.9,92.35
2027-03-31,call,6825.0,1154.5,1178.5,1166.5
2027-03-31,put,6825.0,92.3,93.3,92.8
2027-03-31,call,6830.0,1150.0,1174.0,1162.0
2027-03-31,put,6830.0,92.7,93.8,93.25
2027-03-31,call,6835.0,1145.7,1169.7,1157.7
2027-03-31,put,6835.0,93.2,94.3,93.75
2027-03-31,call,6840.0,1141.2,1165.2,1153.2
2027-03-31,put,6840.0,93.6,94.7,94.15
2027-03-31,call,6845.0,1136.9,1160.9,1148.9
2027-03-31,put,6845.0,94.2,95.2,94.7
2027-03-31,call,6850.0,1132.4,1156.4,1144.4
2027-03-31,put,6850.0,94.7,95.7,95.2
2027-03-31,call,6855.0,1128.0,1152.0,1140.0
2027-03-31,put,6855.0,95.2,96.2,95.7
2027-03-31,call,6860.0,1123.5,1147.5,1135.5
2027-03-31,put,6860.0,95.7,96.7,96.2
2027-03-31,call,6865.0,1119.3,1143.3,1131.3
2027-03-31,put,6865.0,96.2,97.2,96.7
2027-03-31,call,6870.0,1114.7,1138.7,1126.7
2027-03-31,put,6870.0,96.5,97.7,97.1
2027-03-31,call,6875.0,1110.5,1134.5,1122.5
2027-03-31,put,6875.0,97.0,98.2,97.6
2027-03-31,call,6880.0,1106.1,1130.1,1118.1
2027-03-31,put,6880.0,97.5,98.7,98.1
2027-03-31,call,6885.0,1101.6,1125.6,1113.6
2027-03-31,put,6885.0,98.0,99.2,98.6
2027-03-31,call,6890.0,1097.4,1121.4,1109.4
2027-03-31,put,6890.0,98.5,99.7,99.1
2027-03-31,call,6895.0,1093.0,1117.0,1105.0
2027-03-31,put,6895.0,99.2,100.2,99.7
2027-03-31,call,6900.0,1088.7,1112.7,1100.7
2027-03-31,put,6900.0,99.7,100.7,100.2
2027-03-31,call,6905.0,1084.3,1108.3,1096.3
2027-03-31,put,6905.0,100.2,101.2,100.7
2027-03-31,call,6910.0,1079.8,1103.8,1091.8
2027-03-31,put,6910.0,100.7,101.7,101.2
2027-03-31,call,6915.0,1075.6,1099.6,1087.6
2027-03-31,put,6915.0,101.1,102.2,101.65
2027-03-31,call,6920.0,1071.2,1095.2,1083.2
2027-03-31,put,6920.0,101.6,102.8,102.19999999999999
2027-03-31,call,6925.0,1066.7,1090.7,1078.7
2027-03-31,put,6925.0,102.3,103.3,102.8
2027-03-31,call,6930.0,1062.6,1086.6,1074.6
2027-03-31,put,6930.0,102.8,103.8,103.3
2027-03-31,call,6935.0,1058.3,1082.3,1070.3
2027-03-31,put,6935.0,103.2,104.4,103.80000000000001
2027-03-31,call,6940.0,1053.8,1077.8,1065.8
2027-03-31,put,6940.0,103.9,104.9,104.4
2027-03-31,call,6945.0,1049.6,1073.6,1061.6
2027-03-31,put,6945.0,104.3,105.4,104.85
2027-03-31,call,6950.0,1045.1,1069.1,1057.1
2027-03-31,put,6950.0,105.0,106.0,105.5
2027-03-31,call,6955.0,1040.9,1064.9,1052.9
2027-03-31,put,6955.0,105.4,106.5,105.95
2027-03-31,call,6960.0,1036.5,1060.5,1048.5
2027-03-31,put,6960.0,106.1,107.1,106.6
2027-03-31,call,6965.0,1032.2,1056.2,1044.2
2027-03-31,put,6965.0,106.5,107.6,107.05
2027-03-31,call,6970.0,1027.8,1051.8,1039.8
2027-03-31,put,6970.0,107.2,108.2,107.7
2027-03-31,call,6975.0,1023.5,1047.5,1035.5
2027-03-31,put,6975.0,107.6,108.8,108.19999999999999
2027-03-31,call,6980.0,1019.2,1043.2,1031.2
2027-03-31,put,6980.0,108.2,109.3,108.75
2027-03-31,call,6985.0,1014.9,1038.9,1026.9
2027-03-31,put,6985.0,108.9,109.9,109.4
2027-03-31,call,6990.0,1010.7,1034.7,1022.7
2027-03-31,put,6990.0,109.3,110.5,109.9
2027-03-31,call,6995.0,1006.3,1030.3,1018.3
2027-03-31,put,6995.0,109.9,111.0,110.45
2027-03-31,call,7000.0,1002.1,1026.1,1014.0999999999999
2027-03-31,put,7000.0,110.5,111.6,111.05
2027-03-31,call,7005.0,997.7,1021.7,1009.7
2027-03-31,put,7005.0,111.2,112.2,111.7
2027-03-31,call,7010.0,993.4,1017.4,1005.4
2027-03-31,put,7010.0,111.8,112.8,112.3
2027-03-31,call,7015.0,989.1,1013.1,1001.1
2027-03-31,put,7015.0,112.2,113.4,112.80000000000001
2027-03-31,call,7020.0,985.0,1008.9,996.95
2027-03-31,put,7020.0,112.8,114.0,113.4
2027-03-31,call,7025.0,980.6,1004.6,992.6
2027-03-31,put,7025.0,113.4,114.6,114.0
2027-03-31,call,7030.0,976.3,1000.3,988.3
2027-03-31,put,7030.0,114.0,115.2,114.6
2027-03-31,call,7040.0,967.8,991.8,979.8
2027-03-31,put,7040.0,115.3,116.4,115.85
2027-03-31,call,7050.0,959.2,983.2,971.2
2027-03-31,put,7050.0,116.5,117.6,117.05
2027-03-31,call,7060.0,950.7,974.7,962.7
2027-03-31,put,7060.0,117.7,118.8,118.25
2027-03-31,call,7070.0,942.1,966.1,954.1
2027-03-31,put,7070.0,119.0,120.1,119.55
2027-03-31,call,7080.0,933.7,957.7,945.7
2027-03-31,put,7080.0,120.2,121.4,120.80000000000001
2027-03-31,call,7090.0,925.2,949.2,937.2
2027-03-31,put,7090.0,121.6,122.7,122.15
2027-03-31,call,7100.0,916.8,940.8,928.8
2027-03-31,put,7100.0,122.8,124.0,123.4
2027-03-31,call,7110.0,908.4,932.4,920.4
2027-03-31,put,7110.0,124.2,125.3,124.75
2027-03-31,call,7120.0,899.9,923.9,911.9
2027-03-31,put,7120.0,125.6,126.6,126.1
2027-03-31,call,7130.0,891.6,915.6,903.6
2027-03-31,put,7130.0,126.9,128.0,127.45
2027-03-31,call,7140.0,883.1,907.1,895.1
2027-03-31,put,7140.0,128.3,129.4,128.85000000000002
2027-03-31,call,7150.0,874.8,898.8,886.8
2027-03-31,put,7150.0,129.6,130.8,130.2
2027-03-31,call,7160.0,866.4,890.4,878.4
2027-03-31,put,7160.0,131.1,132.2,131.64999999999998
2027-03-31,call,7170.0,858.1,882.1,870.1
2027-03-31,put,7170.0,132.6,133.6,133.1
2027-03-31,call,7180.0,849.8,873.8,861.8
2027-03-31,put,7180.0,133.9,135.1,134.5
2027-03-31,call,7190.0,841.5,865.5,853.5
2027-03-31,put,7190.0,135.5,136.5,136.0
2027-03-31,call,7200.0,833.2,857.2,845.2
2027-03-31,put,7200.0,137.0,138.0,137.5
2027-03-31,call,7210.0,824.9,848.9,836.9
2027-03-31,put,7210.0,138.4,139.5,138.95
2027-03-31,call,7220.0,816.7,840.7,828.7
2027-03-31,put,7220.0,140.0,141.1,140.55
2027-03-31,call,7230.0,808.6,832.6,820.6
2027-03-31,put,7230.0,141.5,142.6,142.05
2027-03-31,call,7240.0,800.4,824.4,812.4
2027-03-31,put,7240.0,143.0,144.2,143.6
2027-03-31,call,7250.0,792.2,816.2,804.2
2027-03-31,put,7250.0,144.7,145.8,145.25
2027-03-31,call,7260.0,784.1,808.1,796.1
2027-03-31,put,7260.0,146.2,147.4,146.8
2027-03-31,call,7270.0,775.9,799.9,787.9
2027-03-31,put,7270.0,147.9,149.0,148.45
2027-03-31,call,7280.0,767.9,791.9,779.9
2027-03-31,put,7280.0,149.5,150.7,150.1
2027-03-31,call,7290.0,759.8,783.8,771.8
2027-03-31,put,7290.0,151.3,152.4,151.85000000000002
2027-03-31,call,7300.0,751.7,775.7,763.7
2027-03-31,put,7300.0,152.9,154.1,153.5
2027-03-31,call,7305.0,747.8,771.8,759.8
2027-03-31,put,7305.0,153.7,154.9,154.3
2027-03-31,call,7310.0,743.7,767.7,755.7
2027-03-31,put,7310.0,154.7,155.8,155.25
2027-03-31,call,7315.0,739.7,763.7,751.7
2027-03-31,put,7315.0,155.4,156.7,156.05
2027-03-31,call,7320.0,735.7,759.7,747.7
2027-03-31,put,7320.0,156.4,157.5,156.95
2027-03-31,call,7325.0,731.6,755.6,743.6
2027-03-31,put,7325.0,157.3,158.4,157.85000000000002
2027-03-31,call,7330.0,727.6,751.6,739.6
2027-03-31,put,7330.0,158.2,159.3,158.75
2027-03-31,call,7335.0,723.7,747.7,735.7
2027-03-31,put,7335.0,159.0,160.2,159.6
2027-03-31,call,7340.0,719.7,743.7,731.7
2027-03-31,put,7340.0,160.0,161.1,160.55
2027-03-31,call,7345.0,715.8,739.8,727.8
2027-03-31,put,7345.0,160.9,162.0,161.45
2027-03-31,call,7350.0,711.8,735.8,723.8
2027-03-31,put,7350.0,161.8,162.9,162.35000000000002
2027-03-31,call,7355.0,707.9,731.9,719.9
2027-03-31,put,7355.0,162.6,163.8,163.2
2027-03-31,call,7360.0,704.0,728.0,716.0
2027-03-31,put,7360.0,163.6,164.8,164.2
2027-03-31,call,7365.0,699.9,723.9,711.9
2027-03-31,put,7365.0,164.4,165.7,165.05
2027-03-31,call,7370.0,696.1,720.1,708.1
2027-03-31,put,7370.0,165.5,166.6,166.05
2027-03-31,call,7375.0,692.0,716.0,704.0
2027-03-31,put,7375.0,166.4,167.6,167.0
2027-03-31,call,7380.0,688.2,712.2,700.2
2027-03-31,put,7380.0,167.2,168.5,167.85
2027-03-31,call,7385.0,684.2,708.2,696.2
2027-03-31,put,7385.0,168.3,169.5,168.9
2027-03-31,call,7390.0,680.3,704.3,692.3
2027-03-31,put,7390.0,169.1,170.5,169.8
2027-03-31,call,7395.0,676.5,700.5,688.5
2027-03-31,put,7395.0,170.1,171.4,170.75
2027-03-31,call,7400.0,672.6,696.6,684.6
2027-03-31,put,7400.0,171.1,172.4,171.75
2027-03-31,call,7405.0,668.6,692.6,680.6
2027-03-31,put,7405.0,172.1,173.4,172.75
2027-03-31,call,7410.0,664.8,688.8,676.8
2027-03-31,put,7410.0,173.1,174.4,173.75
2027-03-31,call,7415.0,660.8,684.8,672.8
2027-03-31,put,7415.0,174.1,175.4,174.75
2027-03-31,call,7420.0,657.0,681.0,669.0
2027-03-31,put,7420.0,175.1,176.4,175.75
2027-03-31,call,7425.0,653.1,677.1,665.1
2027-03-31,put,7425.0,176.0,177.4,176.7
2027-03-31,call,7430.0,649.3,673.3,661.3
2027-03-31,put,7430.0,177.0,178.4,177.7
2027-03-31,call,7435.0,645.2,669.2,657.2
2027-03-31,put,7435.0,178.1,179.4,178.75
2027-03-31,call,7440.0,641.6,665.6,653.6
2027-03-31,put,7440.0,179.2,180.5,179.85
2027-03-31,call,7445.0,637.6,661.6,649.6
2027-03-31,put,7445.0,180.1,181.5,180.8
2027-03-31,call,7450.0,633.9,657.9,645.9
2027-03-31,put,7450.0,181.1,182.6,181.85
2027-03-31,call,7455.0,630.0,654.0,642.0
2027-03-31,put,7455.0,182.3,183.6,182.95
2027-03-31,call,7460.0,626.3,650.3,638.3
2027-03-31,put,7460.0,183.3,184.7,184.0
2027-03-31,call,7465.0,622.4,646.4,634.4
2027-03-31,put,7465.0,184.3,185.7,185.0
2027-03-31,call,7470.0,618.7,642.7,630.7
2027-03-31,put,7470.0,185.4,186.8,186.10000000000002
2027-03-31,call,7475.0,614.8,638.8,626.8
2027-03-31,put,7475.0,186.5,187.9,187.2
2027-03-31,call,7480.0,611.0,635.0,623.0
2027-03-31,put,7480.0,187.6,189.0,188.3
2027-03-31,call,7485.0,607.3,631.3,619.3
2027-03-31,put,7485.0,188.6,190.1,189.35
2027-03-31,call,7490.0,605.6,629.6,617.6
2027-03-31,put,7490.0,189.7,191.2,190.45
2027-03-31,call,7495.0,612.9,614.6,613.75
2027-03-31,put,7495.0,190.9,192.3,191.60000000000002
2027-03-31,call,7500.0,609.1,610.9,610.0
2027-03-31,put,7500.0,191.9,193.4,192.65
2027-03-31,call,7505.0,605.4,607.1,606.25
2027-03-31,put,7505.0,193.0,194.5,193.75
2027-03-31,call,7510.0,601.6,603.4,602.5
2027-03-31,put,7510.0,194.1,195.7,194.89999999999998
2027-03-31,call,7515.0,597.9,599.6,598.75
2027-03-31,put,7515.0,195.3,196.8,196.05
2027-03-31,call,7520.0,594.1,595.9,595.0
2027-03-31,put,7520.0,196.4,198.0,197.2
2027-03-31,call,7525.0,590.4,592.2,591.3
2027-03-31,put,7525.0,197.7,199.1,198.39999999999998
2027-03-31,call,7530.0,586.7,588.5,587.6
2027-03-31,put,7530.0,198.7,200.3,199.5
2027-03-31,call,7535.0,583.0,584.8,583.9
2027-03-31,put,7535.0,199.9,201.4,200.65
2027-03-31,call,7540.0,579.2,581.1,580.1500000000001
2027-03-31,put,7540.0,201.1,202.6,201.85
2027-03-31,call,7545.0,575.6,577.4,576.5
2027-03-31,put,7545.0,202.3,203.8,203.05
2027-03-31,call,7550.0,571.9,573.7,572.8
2027-03-31,put,7550.0,203.4,205.0,204.2
2027-03-31,call,7555.0,568.2,570.0,569.1
2027-03-31,put,7555.0,204.6,206.2,205.39999999999998
2027-03-31,call,7560.0,564.5,566.3,565.4
2027-03-31,put,7560.0,205.9,207.4,206.65
2027-03-31,call,7565.0,560.8,562.7,561.75
2027-03-31,put,7565.0,207.1,208.6,207.85
2027-03-31,call,7570.0,557.2,559.0,558.1
2027-03-31,put,7570.0,208.3,209.9,209.10000000000002
2027-03-31,call,7575.0,553.5,555.4,554.45
2027-03-31,put,7575.0,209.5,211.1,210.3
2027-03-31,call,7580.0,549.9,551.8,550.8499999999999
2027-03-31,put,7580.0,210.7,212.4,211.55
2027-03-31,call,7585.0,546.3,548.1,547.2
2027-03-31,put,7585.0,212.0,213.6,212.8
2027-03-31,call,7590.0,542.6,544.5,543.55
2027-03-31,put,7590.0,213.3,214.9,214.10000000000002
2027-03-31,call,7595.0,539.0,540.9,539.95
2027-03-31,put,7595.0,214.6,216.2,215.39999999999998
2027-03-31,call,7600.0,535.4,537.3,536.3499999999999
2027-03-31,put,7600.0,215.9,217.4,216.65
2027-03-31,call,7605.0,531.8,533.7,532.75
2027-03-31,put,7605.0,217.1,218.7,217.89999999999998
2027-03-31,call,7610.0,528.2,530.1,529.1500000000001
2027-03-31,put,7610.0,218.4,220.0,219.2
2027-03-31,call,7615.0,524.7,526.6,525.6500000000001
2027-03-31,put,7615.0,219.7,221.3,220.5
2027-03-31,call,7620.0,521.1,523.0,522.05
2027-03-31,put,7620.0,221.1,222.6,221.85
2027-03-31,call,7625.0,517.5,519.5,518.5
2027-03-31,put,7625.0,222.4,224.0,223.2
2027-03-31,call,7630.0,514.0,515.9,514.95
2027-03-31,put,7630.0,223.7,225.3,224.5
2027-03-31,call,7635.0,510.4,512.4,511.4
2027-03-31,put,7635.0,225.0,226.7,225.85
2027-03-31,call,7640.0,506.9,508.8,507.85
2027-03-31,put,7640.0,226.4,228.0,227.2
2027-03-31,call,7645.0,503.4,505.3,504.35
2027-03-31,put,7645.0,227.8,229.4,228.60000000000002
2027-03-31,call,7650.0,499.9,501.8,500.85
2027-03-31,put,7650.0,229.1,230.7,229.89999999999998
2027-03-31,call,7655.0,496.4,498.4,497.4
2027-03-31,put,7655.0,230.5,232.1,231.3
2027-03-31,call,7660.0,492.9,494.9,493.9
2027-03-31,put,7660.0,231.8,233.5,232.65
2027-03-31,call,7665.0,489.4,491.4,490.4
2027-03-31,put,7665.0,233.2,234.9,234.05
2027-03-31,call,7670.0,485.9,487.9,486.9
2027-03-31,put,7670.0,234.6,236.4,235.5
2027-03-31,call,7675.0,482.5,484.5,483.5
2027-03-31,put,7675.0,236.1,237.8,236.95
2027-03-31,call,7680.0,479.0,481.0,480.0
2027-03-31,put,7680.0,237.6,239.2,238.39999999999998
2027-03-31,call,7685.0,475.6,477.6,476.6
2027-03-31,put,7685.0,239.0,240.7,239.85
2027-03-31,call,7690.0,472.2,474.2,473.2
2027-03-31,put,7690.0,240.4,242.1,241.25
2027-03-31,call,7695.0,468.7,470.7,469.7
2027-03-31,put,7695.0,241.8,243.6,242.7
2027-03-31,call,7700.0,465.3,467.3,466.3
2027-03-31,put,7700.0,243.3,245.1,244.2
2027-03-31,call,7705.0,461.9,463.9,462.9
2027-03-31,put,7705.0,244.8,246.5,245.65
2027-03-31,call,7710.0,458.6,460.5,459.55
2027-03-31,put,7710.0,246.2,248.0,247.1
2027-03-31,call,7715.0,455.2,457.2,456.2
2027-03-31,put,7715.0,247.7,249.5,248.6
2027-03-31,call,7720.0,451.8,453.8,452.8
2027-03-31,put,7720.0,249.2,251.1,250.14999999999998
2027-03-31,call,7725.0,448.4,450.5,449.45
2027-03-31,put,7725.0,250.8,252.6,251.7
2027-03-31,call,7730.0,445.1,447.1,446.1
2027-03-31,put,7730.0,252.4,254.1,253.25
2027-03-31,call,7735.0,441.8,443.8,442.8
2027-03-31,put,7735.0,253.8,255.7,254.75
2027-03-31,call,7740.0,438.5,440.5,439.5
2027-03-31,put,7740.0,255.5,257.2,256.35
2027-03-31,call,7745.0,435.2,437.2,436.2
2027-03-31,put,7745.0,257.1,258.8,257.95000000000005
2027-03-31,call,7750.0,431.8,433.9,432.85
2027-03-31,put,7750.0,258.5,260.4,259.45
2027-03-31,call,7755.0,428.5,430.6,429.55
2027-03-31,put,7755.0,260.1,262.0,261.05
2027-03-31,call,7760.0,425.3,427.3,426.3
2027-03-31,put,7760.0,261.7,263.6,262.65
2027-03-31,call,7765.0,422.0,424.1,423.05
2027-03-31,put,7765.0,263.3,265.2,264.25
2027-03-31,call,7770.0,418.8,420.8,419.8
2027-03-31,put,7770.0,265.1,266.9,266.0
2027-03-31,call,7775.0,415.5,417.6,416.55
2027-03-31,put,7775.0,266.6,268.5,267.55
2027-03-31,call,7780.0,412.3,414.3,413.3
2027-03-31,put,7780.0,268.2,270.1,269.15
2027-03-31,call,7785.0,409.1,411.1,410.1
2027-03-31,put,7785.0,270.0,271.8,270.9
2027-03-31,call,7790.0,405.8,407.9,406.85
2027-03-31,put,7790.0,271.7,273.5,272.6
2027-03-31,call,7795.0,402.7,404.7,403.7
2027-03-31,put,7795.0,273.3,275.2,274.25
2027-03-31,call,7800.0,399.5,401.6,400.55
2027-03-31,put,7800.0,274.9,276.9,275.9
2027-03-31,call,7805.0,396.3,398.4,397.35
2027-03-31,put,7805.0,276.8,278.6,277.70000000000005
2027-03-31,call,7810.0,393.1,395.2,394.15
2027-03-31,put,7810.0,278.5,280.3,279.4
2027-03-31,call,7815.0,390.0,392.1,391.05
2027-03-31,put,7815.0,280.1,282.0,281.05
2027-03-31,call,7820.0,386.9,389.0,387.95
2027-03-31,put,7820.0,281.8,283.8,282.8
2027-03-31,call,7825.0,383.8,385.8,384.8
2027-03-31,put,7825.0,283.6,285.6,284.6
2027-03-31,call,7830.0,380.6,382.7,381.65
2027-03-31,put,7830.0,285.5,287.3,286.4
2027-03-31,call,7835.0,377.6,379.6,378.6
2027-03-31,put,7835.0,287.3,289.1,288.20000000000005
2027-03-31,call,7840.0,374.4,376.6,375.5
2027-03-31,put,7840.0,288.9,290.9,289.9
2027-03-31,call,7845.0,371.4,373.5,372.45
2027-03-31,put,7845.0,290.9,292.7,291.79999999999995
2027-03-31,call,7850.0,368.3,370.5,369.4
2027-03-31,put,7850.0,292.7,294.6,293.65
2027-03-31,call,7855.0,365.3,367.4,366.35
2027-03-31,put,7855.0,294.5,296.4,295.45
2027-03-31,call,7860.0,362.3,364.4,363.35
2027-03-31,put,7860.0,296.4,298.2,297.29999999999995
2027-03-31,call,7870.0,356.2,358.4,357.29999999999995
2027-03-31,put,7870.0,300.0,302.0,301.0
2027-03-31,call,7875.0,353.2,355.4,354.29999999999995
2027-03-31,put,7875.0,302.0,303.9,302.95
2027-03-31,call,7880.0,350.3,352.4,351.35
2027-03-31,put,7880.0,303.8,305.8,304.8
2027-03-31,call,7890.0,344.4,346.5,345.45
2027-03-31,put,7890.0,307.6,309.6,308.6
2027-03-31,call,7900.0,338.5,340.6,339.55
2027-03-31,put,7900.0,311.5,313.5,312.5
2027-03-31,call,7910.0,332.7,334.8,333.75
2027-03-31,put,7910.0,315.6,317.5,316.55
2027-03-31,call,7920.0,326.9,329.1,328.0
2027-03-31,put,7920.0,319.6,321.5,320.55
2027-03-31,call,7925.0,324.1,326.2,325.15
2027-03-31,put,7925.0,321.4,323.5,322.45
2027-03-31,call,7930.0,321.2,323.4,322.29999999999995
2027-03-31,put,7930.0,323.5,325.6,324.55
2027-03-31,call,7940.0,315.6,317.7,316.65
2027-03-31,put,7940.0,327.6,329.7,328.65
2027-03-31,call,7950.0,310.0,312.1,311.05
2027-03-31,put,7950.0,331.8,333.9,332.85
2027-03-31,call,7960.0,304.5,306.6,305.55
2027-03-31,put,7960.0,336.0,338.1,337.05
2027-03-31,call,7970.0,299.0,301.2,300.1
2027-03-31,put,7970.0,340.3,342.4,341.35
2027-03-31,call,7975.0,296.3,298.4,297.35
2027-03-31,put,7975.0,342.5,344.5,343.5
2027-03-31,call,7980.0,293.6,295.7,294.65
2027-03-31,put,7980.0,344.6,346.7,345.65
2027-03-31,call,7990.0,288.2,290.4,289.29999999999995
2027-03-31,put,7990.0,349.0,351.1,350.05
2027-03-31,call,8000.0,282.9,285.1,284.0
2027-03-31,put,8000.0,353.6,355.6,354.6
2027-03-31,call,8010.0,277.7,279.9,278.79999999999995
2027-03-31,put,8010.0,358.1,360.1,359.1
2027-03-31,call,8020.0,272.5,274.7,273.6
2027-03-31,put,8020.0,362.7,364.7,363.7
2027-03-31,call,8025.0,270.0,272.1,271.05
2027-03-31,put,8025.0,364.9,367.0,365.95
2027-03-31,call,8030.0,267.4,269.6,268.5
2027-03-31,put,8030.0,367.3,369.3,368.3
2027-03-31,call,8040.0,262.4,264.5,263.45
2027-03-31,put,8040.0,372.0,374.0,373.0
2027-03-31,call,8050.0,257.4,259.5,258.45
2027-03-31,put,8050.0,376.8,378.8,377.8
2027-03-31,call,8060.0,252.5,254.6,253.55
2027-03-31,put,8060.0,381.6,383.6,382.6
2027-03-31,call,8070.0,248.1,249.7,248.89999999999998
2027-03-31,put,8070.0,386.5,388.5,387.5
2027-03-31,call,8075.0,245.7,247.3,246.5
2027-03-31,put,8075.0,388.9,391.0,389.95
2027-03-31,call,8080.0,243.3,244.9,244.10000000000002
2027-03-31,put,8080.0,391.4,393.5,392.45
2027-03-31,call,8090.0,238.5,240.1,239.3
2027-03-31,put,8090.0,396.4,398.5,397.45
2027-03-31,call,8100.0,234.1,235.4,234.75
2027-03-31,put,8100.0,401.5,403.5,402.5
2027-03-31,call,8125.0,222.3,224.0,223.15
2027-03-31,put,8125.0,414.4,416.5,415.45
2027-03-31,call,8150.0,211.5,212.8,212.15
2027-03-31,put,8150.0,427.8,429.8,428.8
2027-03-31,call,8175.0,200.5,202.2,201.35
2027-03-31,put,8175.0,441.5,443.5,442.5
2027-03-31,call,8200.0,190.0,191.8,190.9
2027-03-31,put,8200.0,455.6,457.6,456.6
2027-03-31,call,8225.0,180.1,181.9,181.0
2027-03-31,put,8225.0,470.1,472.0,471.05
2027-03-31,call,8250.0,170.5,172.3,171.4
2027-03-31,put,8250.0,485.0,486.9,485.95
2027-03-31,call,8275.0,161.4,163.2,162.3
2027-03-31,put,8275.0,500.2,502.1,501.15
2027-03-31,call,8300.0,153.0,154.4,153.7
2027-03-31,put,8300.0,515.9,517.7,516.8
2027-03-31,call,8325.0,144.3,146.0,145.15
2027-03-31,put,8325.0,531.9,533.7,532.8
2027-03-31,call,8350.0,136.2,137.9,137.05
2027-03-31,put,8350.0,548.3,550.0,549.15
2027-03-31,call,8375.0,128.5,130.2,129.35
2027-03-31,put,8375.0,555.9,579.9,567.9
2027-03-31,call,8400.0,121.6,122.9,122.25
2027-03-31,put,8400.0,573.0,597.0,585.0
2027-03-31,call,8425.0,114.3,115.9,115.1
2027-03-31,put,8425.0,590.4,614.4,602.4
2027-03-31,call,8450.0,107.7,109.3,108.5
2027-03-31,put,8450.0,608.3,632.3,620.3
2027-03-31,call,8475.0,101.3,102.9,102.1
2027-03-31,put,8475.0,626.5,650.5,638.5
2027-03-31,call,8500.0,95.4,96.9,96.15
2027-03-31,put,8500.0,644.8,668.8,656.8
2027-03-31,call,8550.0,84.2,85.7,84.95
2027-03-31,put,8550.0,682.5,706.5,694.5
2027-03-31,call,8600.0,74.2,75.7,74.95
2027-03-31,put,8600.0,721.3,745.3,733.3
2027-03-31,call,8650.0,65.3,66.7,66.0
2027-03-31,put,8650.0,761.2,785.2,773.2
2027-03-31,call,8700.0,57.3,58.6,57.95
2027-03-31,put,8700.0,802.0,826.0,814.0
2027-03-31,call,8750.0,50.1,51.4,50.75
2027-03-31,put,8750.0,843.9,867.9,855.9
2027-03-31,call,8800.0,43.8,45.0,44.4
2027-03-31,put,8800.0,886.3,910.3,898.3
2027-03-31,call,8850.0,38.1,39.3,38.7
2027-03-31,put,8850.0,929.4,953.4,941.4
2027-03-31,call,8900.0,33.2,34.3,33.75
2027-03-31,put,8900.0,973.3,997.3,985.3
2027-03-31,call,9000.0,25.0,26.1,25.55
2027-03-31,put,9000.0,1062.7,1086.7,1074.7
2027-03-31,call,9100.0,18.9,19.8,19.35
2027-03-31,put,9100.0,1154.1,1178.1,1166.1
2027-03-31,call,9200.0,14.3,15.1,14.7
2027-03-31,put,9200.0,1247.1,1271.1,1259.1
2027-03-31,call,9300.0,10.8,11.5,11.15
2027-03-31,put,9300.0,1341.2,1365.2,1353.2
2027-03-31,call,9400.0,8.3,8.9,8.600000000000001
2027-03-31,put,9400.0,1436.2,1460.2,1448.2
2027-03-31,call,9500.0,6.4,7.0,6.7
2027-03-31,put,9500.0,1532.1,1556.1,1544.1
2027-03-31,call,9600.0,5.0,5.6,5.3
2027-03-31,put,9600.0,1628.2,1652.2,1640.2
2027-06-30,call,3000.0,4769.1,4898.2,4833.65
2027-06-30,put,3000.0,7.7,8.2,7.949999999999999
2027-06-30,call,3200.0,4578.1,4706.9,4642.5
2027-06-30,put,3200.0,9.4,9.6,9.5
2027-06-30,call,3400.0,4387.2,4515.7,4451.45
2027-06-30,put,3400.0,10.8,11.4,11.100000000000001
2027-06-30,call,3600.0,4196.4,4325.0,4260.7
2027-06-30,put,3600.0,12.7,13.2,12.95
2027-06-30,call,3800.0,4005.9,4134.3,4070.1000000000004
2027-06-30,put,3800.0,14.7,15.3,15.0
2027-06-30,call,3900.0,3910.8,4039.0,3974.9
2027-06-30,put,3900.0,15.9,16.4,16.15
2027-06-30,call,4000.0,3815.7,3943.7,3879.7
2027-06-30,put,4000.0,17.1,17.6,17.35
2027-06-30,call,4100.0,3720.7,3848.7,3784.7
2027-06-30,put,4100.0,18.3,18.9,18.6
2027-06-30,call,4200.0,3625.9,3753.8,3689.8500000000004
2027-06-30,put,4200.0,19.7,20.3,20.0
2027-06-30,call,4300.0,3531.0,3658.9,3594.95
2027-06-30,put,4300.0,21.1,21.7,21.4
2027-06-30,call,4400.0,3436.3,3563.9,3500.1000000000004
2027-06-30,put,4400.0,22.6,23.3,22.950000000000003
2027-06-30,call,4500.0,3341.5,3469.2,3405.35
2027-06-30,put,4500.0,24.3,24.9,24.6
2027-06-30,call,4600.0,3247.0,3374.4,3310.7
2027-06-30,put,4600.0,26.0,26.7,26.35
2027-06-30,call,4700.0,3152.6,3280.0,3216.3
2027-06-30,put,4700.0,27.8,28.5,28.15
2027-06-30,call,4800.0,3058.3,3185.7,3122.0
2027-06-30,put,4800.0,29.8,30.5,30.15
2027-06-30,call,4900.0,2964.2,3091.4,3027.8
2027-06-30,put,4900.0,31.9,32.7,32.3
2027-06-30,call,5000.0,2870.3,2997.3,2933.8
2027-06-30,put,5000.0,34.2,35.0,34.6
2027-06-30,call,5100.0,2776.5,2903.5,2840.0
2027-06-30,put,5100.0,36.6,37.5,37.05
2027-06-30,call,5200.0,2683.0,2809.8,2746.4
2027-06-30,put,5200.0,39.3,40.2,39.75
2027-06-30,call,5250.0,2636.3,2763.1,2699.7
2027-06-30,put,5250.0,40.7,41.7,41.2
2027-06-30,call,5300.0,2589.7,2716.4,2653.05
2027-06-30,put,5300.0,42.2,43.2,42.7
2027-06-30,call,5350.0,2543.2,2669.8,2606.5
2027-06-30,put,5350.0,43.8,44.7,44.25
2027-06-30,call,5400.0,2496.7,2623.1,2559.8999999999996
2027-06-30,put,5400.0,45.4,46.4,45.9
2027-06-30,call,5450.0,2450.3,2576.6,2513.45
2027-06-30,put,5450.0,47.1,48.1,47.6
2027-06-30,call,5500.0,2403.7,2530.2,2466.95
2027-06-30,put,5500.0,48.9,49.8,49.349999999999994
2027-06-30,call,5550.0,2357.4,2483.9,2420.65
2027-06-30,put,5550.0,50.7,51.7,51.2
2027-06-30,call,5600.0,2311.2,2437.7,2374.45
2027-06-30,put,5600.0,52.6,53.6,53.1
2027-06-30,call,5650.0,2265.1,2391.5,2328.3
2027-06-30,put,5650.0,54.6,55.7,55.150000000000006
2027-06-30,call,5700.0,2219.1,2345.4,2282.25
2027-06-30,put,5700.0,56.7,57.8,57.25
2027-06-30,call,5750.0,2173.1,2299.3,2236.2
2027-06-30,put,5750.0,58.9,60.0,59.45
2027-06-30,call,5800.0,2127.2,2253.6,2190.3999999999996
2027-06-30,put,5800.0,61.2,62.3,61.75
2027-06-30,call,5850.0,2081.6,2207.8,2144.7
2027-06-30,put,5850.0,63.6,64.7,64.15
2027-06-30,call,5900.0,2036.0,2162.1,2099.05
2027-06-30,put,5900.0,66.1,67.3,66.69999999999999
2027-06-30,call,5950.0,1990.5,2116.5,2053.5
2027-06-30,put,5950.0,68.7,69.9,69.30000000000001
2027-06-30,call,6000.0,1945.2,2071.1,2008.15
2027-06-30,put,6000.0,71.5,72.6,72.05
2027-06-30,call,6050.0,1899.8,2025.7,1962.75
2027-06-30,put,6050.0,74.4,75.6,75.0
2027-06-30,call,6100.0,1854.9,1980.6,1917.75
2027-06-30,put,6100.0,77.4,78.6,78.0
2027-06-30,call,6150.0,1810.0,1935.7,1872.85
2027-06-30,put,6150.0,80.6,81.8,81.19999999999999
2027-06-30,call,6200.0,1765.1,1890.7,1827.9
2027-06-30,put,6200.0,83.9,85.2,84.55000000000001
2027-06-30,call,6250.0,1720.5,1846.1,1783.3
2027-06-30,put,6250.0,87.4,88.7,88.05000000000001
2027-06-30,call,6300.0,1676.0,1801.6,1738.8
2027-06-30,put,6300.0,91.0,92.4,91.7
2027-06-30,call,6325.0,1653.9,1779.4,1716.65
2027-06-30,put,6325.0,92.9,94.3,93.6
2027-06-30,call,6350.0,1631.8,1757.3,1694.55
2027-06-30,put,6350.0,94.8,96.2,95.5
2027-06-30,call,6375.0,1609.7,1735.1,1672.4
2027-06-30,put,6375.0,96.8,98.2,97.5
2027-06-30,call,6400.0,1587.7,1713.1,1650.4
2027-06-30,put,6400.0,98.9,100.3,99.6
2027-06-30,call,6425.0,1580.9,1675.9,1628.4
2027-06-30,put,6425.0,100.9,102.3,101.6
2027-06-30,call,6450.0,1558.7,1654.3,1606.5
2027-06-30,put,6450.0,103.1,104.5,103.8
2027-06-30,call,6455.0,1554.3,1650.0,1602.15
2027-06-30,put,6455.0,103.5,104.9,104.2
2027-06-30,call,6460.0,1549.9,1645.6,1597.75
2027-06-30,put,6460.0,103.9,105.4,104.65
2027-06-30,call,6465.0,1545.4,1641.4,1593.4
2027-06-30,put,6465.0,104.4,105.8,105.1
2027-06-30,call,6470.0,1541.0,1637.0,1589.0
2027-06-30,put,6470.0,104.8,106.2,105.5
2027-06-30,call,6475.0,1536.5,1632.6,1584.55
2027-06-30,put,6475.0,105.3,106.7,106.0
2027-06-30,call,6480.0,1532.1,1628.3,1580.1999999999998
2027-06-30,put,6480.0,105.7,107.1,106.4
2027-06-30,call,6485.0,1527.7,1624.2,1575.95
2027-06-30,put,6485.0,106.1,107.6,106.85
2027-06-30,call,6490.0,1523.2,1619.7,1571.45
2027-06-30,put,6490.0,106.6,108.0,107.3
2027-06-30,call,6495.0,1518.9,1615.3,1567.1
2027-06-30,put,6495.0,107.0,108.5,107.75
2027-06-30,call,6500.0,1514.5,1611.0,1562.75
2027-06-30,put,6500.0,107.5,108.9,108.2
2027-06-30,call,6505.0,1510.0,1606.9,1558.45
2027-06-30,put,6505.0,107.9,109.4,108.65
2027-06-30,call,6510.0,1505.6,1602.6,1554.1
2027-06-30,put,6510.0,108.4,109.8,109.1
2027-06-30,call,6515.0,1501.2,1598.3,1549.75
2027-06-30,put,6515.0,108.9,110.3,109.6
2027-06-30,call,6520.0,1496.8,1594.0,1545.4
2027-06-30,put,6520.0,109.3,110.8,110.05
2027-06-30,call,6525.0,1492.3,1589.8,1541.05
2027-06-30,put,6525.0,109.8,111.2,110.5
2027-06-30,call,6530.0,1487.9,1585.4,1536.65
2027-06-30,put,6530.0,110.2,111.7,110.95
2027-06-30,call,6535.0,1483.6,1581.1,1532.35
2027-06-30,put,6535.0,110.7,112.2,111.45
2027-06-30,call,6540.0,1479.2,1576.8,1528.0
2027-06-30,put,6540.0,111.2,112.6,111.9
2027-06-30,call,6545.0,1474.8,1572.6,1523.6999999999998
2027-06-30,put,6545.0,111.7,113.1,112.4
2027-06-30,call,6550.0,1470.4,1568.2,1519.3000000000002
2027-06-30,put,6550.0,112.1,113.6,112.85
2027-06-30,call,6555.0,1466.1,1563.9,1515.0
2027-06-30,put,6555.0,112.6,114.1,113.35
2027-06-30,call,6560.0,1461.7,1559.7,1510.7
2027-06-30,put,6560.0,113.1,114.6,113.85
2027-06-30,call,6565.0,1457.3,1555.4,1506.35
2027-06-30,put,6565.0,113.6,115.0,114.3
2027-06-30,call,6570.0,1452.9,1551.1,1502.0
2027-06-30,put,6570.0,114.1,115.5,114.8
2027-06-30,call,6575.0,1448.4,1546.9,1497.65
2027-06-30,put,6575.0,114.5,116.0,115.25
2027-06-30,call,6580.0,1444.2,1542.5,1493.35
2027-06-30,put,6580.0,115.0,116.5,115.75
2027-06-30,call,6585.0,1439.7,1538.3,1489.0
2027-06-30,put,6585.0,115.5,117.0,116.25
2027-06-30,call,6590.0,1435.5,1534.0,1484.75
2027-06-30,put,6590.0,116.0,117.5,116.75
2027-06-30,call,6595.0,1431.1,1529.8,1480.4499999999998
2027-06-30,put,6595.0,116.5,118.0,117.25
2027-06-30,call,6600.0,1426.6,1525.5,1476.05
2027-06-30,put,6600.0,117.0,118.5,117.75
2027-06-30,call,6605.0,1422.2,1521.3,1471.75
2027-06-30,put,6605.0,117.5,119.0,118.25
2027-06-30,call,6610.0,1417.9,1517.1,1467.5
2027-06-30,put,6610.0,118.0,119.5,118.75
2027-06-30,call,6615.0,1413.5,1512.8,1463.15
2027-06-30,put,6615.0,118.5,120.0,119.25
2027-06-30,call,6620.0,1409.2,1508.5,1458.85
2027-06-30,put,6620.0,119.0,120.5,119.75
2027-06-30,call,6625.0,1404.8,1504.3,1454.55
2027-06-30,put,6625.0,119.5,121.0,120.25
2027-06-30,call,6630.0,1400.5,1500.0,1450.25
2027-06-30,put,6630.0,120.0,121.5,120.75
2027-06-30,call,6635.0,1396.1,1495.8,1445.9499999999998
2027-06-30,put,6635.0,120.6,122.1,121.35
2027-06-30,call,6640.0,1391.7,1491.6,1441.65
2027-06-30,put,6640.0,121.1,122.6,121.85
2027-06-30,call,6645.0,1387.5,1487.4,1437.45
2027-06-30,put,6645.0,121.6,123.1,122.35
2027-06-30,call,6650.0,1383.0,1483.2,1433.1
2027-06-30,put,6650.0,122.1,123.6,122.85
2027-06-30,call,6655.0,1378.7,1478.9,1428.8000000000002
2027-06-30,put,6655.0,122.6,124.1,123.35
2027-06-30,call,6660.0,1374.5,1474.6,1424.55
2027-06-30,put,6660.0,123.2,124.7,123.95
2027-06-30,call,6665.0,1370.0,1470.4,1420.2
2027-06-30,put,6665.0,123.7,125.2,124.45
2027-06-30,call,6670.0,1365.7,1466.2,1415.95
2027-06-30,put,6670.0,124.2,125.7,124.95
2027-06-30,call,6675.0,1361.3,1462.0,1411.65
2027-06-30,put,6675.0,124.8,126.3,125.55
2027-06-30,call,6680.0,1357.2,1457.8,1407.5
2027-06-30,put,6680.0,125.3,126.8,126.05
2027-06-30,call,6685.0,1352.7,1453.5,1403.1
2027-06-30,put,6685.0,125.8,127.4,126.6
2027-06-30,call,6690.0,1348.4,1449.3,1398.85
2027-06-30,put,6690.0,126.4,127.9,127.15
2027-06-30,call,6695.0,1344.1,1445.1,1394.6
2027-06-30,put,6695.0,126.9,128.5,127.7
2027-06-30,call,6700.0,1339.8,1440.8,1390.3
2027-06-30,put,6700.0,127.5,129.0,128.25
2027-06-30,call,6705.0,1335.5,1436.6,1386.05
2027-06-30,put,6705.0,128.0,129.6,128.8
2027-06-30,call,6710.0,1331.0,1432.5,1381.75
2027-06-30,put,6710.0,128.6,130.1,129.35
2027-06-30,call,6715.0,1326.7,1428.3,1377.5
2027-06-30,put,6715.0,129.1,130.7,129.89999999999998
2027-06-30,call,6720.0,1322.4,1424.1,1373.25
2027-06-30,put,6720.0,129.7,131.2,130.45
2027-06-30,call,6725.0,1318.1,1419.9,1369.0
2027-06-30,put,6725.0,130.3,131.8,131.05
2027-06-30,call,6730.0,1313.8,1415.7,1364.75
2027-06-30,put,6730.0,130.8,132.4,131.60000000000002
2027-06-30,call,6735.0,1309.5,1411.5,1360.5
2027-06-30,put,6735.0,131.4,132.9,132.15
2027-06-30,call,6740.0,1305.2,1407.3,1356.25
2027-06-30,put,6740.0,132.0,133.5,132.75
2027-06-30,call,6745.0,1300.9,1403.1,1352.0
2027-06-30,put,6745.0,132.5,134.1,133.3
2027-06-30,call,6750.0,1296.7,1398.9,1347.8000000000002
2027-06-30,put,6750.0,133.1,134.7,133.89999999999998
2027-06-30,call,6755.0,1292.4,1394.8,1343.6
2027-06-30,put,6755.0,133.7,135.2,134.45
2027-06-30,call,6760.0,1288.1,1390.6,1339.35
2027-06-30,put,6760.0,134.3,135.8,135.05
2027-06-30,call,6765.0,1283.8,1386.5,1335.15
2027-06-30,put,6765.0,134.9,136.4,135.65
2027-06-30,call,6770.0,1279.5,1382.3,1330.9
2027-06-30,put,6770.0,135.5,137.0,136.25
2027-06-30,call,6775.0,1275.2,1378.0,1326.6
2027-06-30,put,6775.0,136.0,137.6,136.8
2027-06-30,call,6780.0,1270.9,1374.0,1322.45
2027-06-30,put,6780.0,136.6,138.2,137.39999999999998
2027-06-30,call,6785.0,1266.6,1369.7,1318.15
2027-06-30,put,6785.0,137.2,138.8,138.0
2027-06-30,call,6790.0,1262.3,1365.6,1313.9499999999998
2027-06-30,put,6790.0,137.8,139.4,138.60000000000002
2027-06-30,call,6795.0,1258.1,1361.5,1309.8
2027-06-30,put,6795.0,138.4,140.0,139.2
2027-06-30,call,6800.0,1253.9,1357.3,1305.6
2027-06-30,put,6800.0,139.0,140.6,139.8
2027-06-30,call,6805.0,1249.6,1353.1,1301.35
2027-06-30,put,6805.0,139.6,141.2,140.39999999999998
2027-06-30,call,6810.0,1245.3,1349.0,1297.15
2027-06-30,put,6810.0,140.3,141.8,141.05
2027-06-30,call,6815.0,1241.0,1344.8,1292.9
2027-06-30,put,6815.0,140.9,142.4,141.65
2027-06-30,call,6820.0,1236.8,1340.7,1288.75
2027-06-30,put,6820.0,141.5,143.0,142.25
2027-06-30,call,6825.0,1232.5,1336.5,1284.5
2027-06-30,put,6825.0,142.1,143.6,142.85
2027-06-30,call,6830.0,1228.3,1332.4,1280.35
2027-06-30,put,6830.0,142.7,144.3,143.5
2027-06-30,call,6835.0,1224.1,1328.2,1276.15
2027-06-30,put,6835.0,143.4,144.9,144.15
2027-06-30,call,6840.0,1219.8,1324.1,1271.9499999999998
2027-06-30,put,6840.0,144.0,145.5,144.75
2027-06-30,call,6845.0,1215.6,1319.9,1267.75
2027-06-30,put,6845.0,144.6,146.2,145.39999999999998
2027-06-30,call,6850.0,1211.3,1315.8,1263.55
2027-06-30,put,6850.0,145.2,146.8,146.0
2027-06-30,call,6855.0,1207.1,1311.9,1259.5
2027-06-30,put,6855.0,145.9,147.4,146.65
2027-06-30,call,6860.0,1202.9,1307.8,1255.35
2027-06-30,put,6860.0,146.4,148.1,147.25
2027-06-30,call,6870.0,1194.3,1299.6,1246.9499999999998
2027-06-30,put,6870.0,147.8,149.4,148.60000000000002
2027-06-30,call,6875.0,1190.3,1295.5,1242.9
2027-06-30,put,6875.0,148.5,150.0,149.25
2027-06-30,call,6880.0,1185.9,1291.2,1238.5500000000002
2027-06-30,put,6880.0,149.0,150.7,149.85
2027-06-30,call,6890.0,1177.5,1283.1,1230.3
2027-06-30,put,6890.0,150.3,152.0,151.15
2027-06-30,call,6900.0,1169.1,1275.0,1222.05
2027-06-30,put,6900.0,151.8,153.3,152.55
2027-06-30,call,6910.0,1160.6,1266.8,1213.6999999999998
2027-06-30,put,6910.0,153.0,154.6,153.8
2027-06-30,call,6920.0,1152.3,1258.6,1205.4499999999998
2027-06-30,put,6920.0,154.3,156.0,155.15
2027-06-30,call,6925.0,1148.1,1254.5,1201.3
2027-06-30,put,6925.0,155.0,156.7,155.85
2027-06-30,call,6930.0,1144.0,1250.4,1197.2
2027-06-30,put,6930.0,155.7,157.4,156.55
2027-06-30,call,6940.0,1135.6,1242.2,1188.9
2027-06-30,put,6940.0,157.1,158.7,157.89999999999998
2027-06-30,call,6950.0,1127.3,1234.1,1180.6999999999998
2027-06-30,put,6950.0,158.5,160.1,159.3
2027-06-30,call,6960.0,1119.0,1226.0,1172.5
2027-06-30,put,6960.0,159.9,161.5,160.7
2027-06-30,call,6970.0,1110.6,1217.8,1164.1999999999998
2027-06-30,put,6970.0,161.3,163.0,162.15
2027-06-30,call,6975.0,1106.5,1213.9,1160.2
2027-06-30,put,6975.0,162.0,163.7,162.85
2027-06-30,call,6980.0,1102.3,1209.9,1156.1
2027-06-30,put,6980.0,162.7,164.4,163.55
2027-06-30,call,6990.0,1094.0,1201.9,1147.95
2027-06-30,put,6990.0,164.2,165.8,165.0
2027-06-30,call,7000.0,1085.8,1193.7,1139.75
2027-06-30,put,7000.0,165.7,167.3,166.5
2027-06-30,call,7010.0,1077.5,1185.7,1131.6
2027-06-30,put,7010.0,167.1,168.8,167.95
2027-06-30,call,7020.0,1069.2,1177.7,1123.45
2027-06-30,put,7020.0,168.6,170.3,169.45
2027-06-30,call,7025.0,1065.1,1173.7,1119.4
2027-06-30,put,7025.0,169.4,171.0,170.2
2027-06-30,call,7030.0,1061.0,1169.6,1115.3
2027-06-30,put,7030.0,170.1,171.8,170.95
2027-06-30,call,7040.0,1052.8,1161.6,1107.1999999999998
2027-06-30,put,7040.0,171.7,173.3,172.5
2027-06-30,call,7050.0,1044.6,1153.7,1099.15
2027-06-30,put,7050.0,173.2,174.8,174.0
2027-06-30,call,7060.0,1036.5,1145.7,1091.1
2027-06-30,put,7060.0,174.8,176.4,175.60000000000002
2027-06-30,call,7070.0,1028.3,1137.8,1083.05
2027-06-30,put,7070.0,176.3,177.9,177.10000000000002
2027-06-30,call,7075.0,1024.3,1133.8,1079.05
2027-06-30,put,7075.0,177.1,178.7,177.89999999999998
2027-06-30,call,7080.0,1020.0,1129.7,1074.85
2027-06-30,put,7080.0,177.9,179.5,178.7
2027-06-30,call,7090.0,1011.9,1121.9,1066.9
2027-06-30,put,7090.0,179.5,181.1,180.3
2027-06-30,call,7100.0,1003.8,1113.9,1058.85
2027-06-30,put,7100.0,181.1,182.7,181.89999999999998
2027-06-30,call,7110.0,995.7,1106.2,1050.95
2027-06-30,put,7110.0,182.7,184.3,183.5
2027-06-30,call,7120.0,987.6,1098.3,1042.95
2027-06-30,put,7120.0,184.4,186.0,185.2
2027-06-30,call,7125.0,983.5,1094.3,1038.9
2027-06-30,put,7125.0,185.2,186.8,186.0
2027-06-30,call,7130.0,979.5,1090.4,1034.95
2027-06-30,put,7130.0,186.0,187.6,186.8
2027-06-30,call,7140.0,971.5,1082.5,1027.0
2027-06-30,put,7140.0,187.7,189.3,188.5
2027-06-30,call,7150.0,963.4,1074.7,1019.05
2027-06-30,put,7150.0,189.4,191.0,190.2
2027-06-30,call,7160.0,955.4,1066.8,1011.0999999999999
2027-06-30,put,7160.0,191.1,192.7,191.89999999999998
2027-06-30,call,7170.0,947.3,1059.1,1003.1999999999999
2027-06-30,put,7170.0,192.8,194.4,193.60000000000002
2027-06-30,call,7175.0,943.3,1055.2,999.25
2027-06-30,put,7175.0,193.7,195.3,194.5
2027-06-30,call,7180.0,939.4,1051.1,995.25
2027-06-30,put,7180.0,194.6,196.2,195.39999999999998
2027-06-30,call,7190.0,931.4,1043.5,987.45
2027-06-30,put,7190.0,196.3,197.9,197.10000000000002
2027-06-30,call,7200.0,923.4,1035.7,979.55
2027-06-30,put,7200.0,198.1,199.7,198.89999999999998
2027-06-30,call,7210.0,915.5,1028.0,971.75
2027-06-30,put,7210.0,199.9,201.5,200.7
2027-06-30,call,7220.0,907.6,1020.2,963.9000000000001
2027-06-30,put,7220.0,201.7,203.3,202.5
2027-06-30,call,7225.0,903.7,1016.4,960.05
2027-06-30,put,7225.0,202.6,204.2,203.39999999999998
2027-06-30,call,7230.0,899.7,1012.5,956.1
2027-06-30,put,7230.0,203.5,205.1,204.3
2027-06-30,call,7240.0,891.7,1004.9,948.3
2027-06-30,put,7240.0,205.2,207.0,206.1
2027-06-30,call,7250.0,883.9,997.2,940.55
2027-06-30,put,7250.0,207.2,208.8,208.0
2027-06-30,call,7255.0,879.9,993.4,936.65
2027-06-30,put,7255.0,208.0,209.8,208.9
2027-06-30,call,7260.0,876.0,989.6,932.8
2027-06-30,put,7260.0,209.1,210.7,209.89999999999998
2027-06-30,call,7265.0,872.1,985.7,928.9000000000001
2027-06-30,put,7265.0,210.0,211.6,210.8
2027-06-30,call,7270.0,868.1,981.9,925.0
2027-06-30,put,7270.0,210.8,212.6,211.7
2027-06-30,call,7275.0,864.2,978.0,921.1
2027-06-30,put,7275.0,211.9,213.5,212.7
2027-06-30,call,7280.0,860.4,974.2,917.3
2027-06-30,put,7280.0,212.7,214.5,213.6
2027-06-30,call,7285.0,856.5,970.4,913.45
2027-06-30,put,7285.0,213.7,215.5,214.6
2027-06-30,call,7290.0,852.6,966.6,909.6
2027-06-30,put,7290.0,214.8,216.4,215.60000000000002
2027-06-30,call,7295.0,848.7,962.8,905.75
2027-06-30,put,7295.0,215.6,217.4,216.5
2027-06-30,call,7300.0,844.8,959.0,901.9
2027-06-30,put,7300.0,216.6,218.4,217.5
2027-06-30,call,7305.0,840.9,955.2,898.05
2027-06-30,put,7305.0,217.6,219.4,218.5
2027-06-30,call,7310.0,837.0,951.4,894.2
2027-06-30,put,7310.0,218.6,220.4,219.5
2027-06-30,call,7315.0,833.2,947.6,890.4000000000001
2027-06-30,put,7315.0,219.7,221.4,220.55
2027-06-30,call,7320.0,829.3,943.8,886.55
2027-06-30,put,7320.0,220.5,222.3,221.4
2027-06-30,call,7325.0,825.5,940.0,882.75
2027-06-30,put,7325.0,221.5,223.3,222.4
2027-06-30,call,7330.0,821.6,936.3,878.95
2027-06-30,put,7330.0,222.5,224.4,223.45
2027-06-30,call,7335.0,817.8,932.5,875.15
2027-06-30,put,7335.0,223.5,225.4,224.45
2027-06-30,call,7340.0,813.9,928.7,871.3
2027-06-30,put,7340.0,224.7,226.4,225.55
2027-06-30,call,7345.0,810.0,924.9,867.45
2027-06-30,put,7345.0,225.7,227.4,226.55
2027-06-30,call,7350.0,806.2,921.2,863.7
2027-06-30,put,7350.0,226.6,228.4,227.5
2027-06-30,call,7355.0,802.3,917.4,859.8499999999999
2027-06-30,put,7355.0,227.6,229.5,228.55
2027-06-30,call,7360.0,798.5,913.7,856.1
2027-06-30,put,7360.0,228.7,230.5,229.6
2027-06-30,call,7365.0,794.7,909.9,852.3
2027-06-30,put,7365.0,229.7,231.5,230.6
2027-06-30,call,7370.0,790.9,906.2,848.55
2027-06-30,put,7370.0,230.7,232.6,231.64999999999998
2027-06-30,call,7375.0,787.0,902.4,844.7
2027-06-30,put,7375.0,231.9,233.6,232.75
2027-06-30,call,7380.0,783.3,898.7,841.0
2027-06-30,put,7380.0,232.7,234.7,233.7
2027-06-30,call,7385.0,779.5,895.0,837.25
2027-06-30,put,7385.0,233.9,235.7,234.8
2027-06-30,call,7390.0,775.7,891.3,833.5
2027-06-30,put,7390.0,234.9,236.8,235.85000000000002
2027-06-30,call,7395.0,771.9,887.5,829.7
2027-06-30,put,7395.0,236.0,237.9,236.95
2027-06-30,call,7400.0,768.1,883.8,825.95
2027-06-30,put,7400.0,237.0,238.9,237.95
2027-06-30,call,7405.0,764.3,880.1,822.2
2027-06-30,put,7405.0,238.2,240.0,239.1
2027-06-30,call,7410.0,760.6,876.4,818.5
2027-06-30,put,7410.0,239.2,241.1,240.14999999999998
2027-06-30,call,7415.0,756.8,872.7,814.75
2027-06-30,put,7415.0,240.3,242.2,241.25
2027-06-30,call,7420.0,753.1,869.0,811.05
2027-06-30,put,7420.0,241.4,243.3,242.35000000000002
2027-06-30,call,7425.0,749.3,865.3,807.3
2027-06-30,put,7425.0,242.5,244.4,243.45
2027-06-30,call,7430.0,745.6,861.7,803.6500000000001
2027-06-30,put,7430.0,243.6,245.5,244.55
2027-06-30,call,7435.0,741.8,858.0,799.9
2027-06-30,put,7435.0,244.7,246.6,245.64999999999998
2027-06-30,call,7440.0,738.1,854.3,796.2
2027-06-30,put,7440.0,245.8,247.7,246.75
2027-06-30,call,7445.0,734.4,850.6,792.5
2027-06-30,put,7445.0,246.9,248.8,247.85000000000002
2027-06-30,call,7450.0,730.7,847.0,788.85
2027-06-30,put,7450.0,248.1,249.9,249.0
2027-06-30,call,7455.0,727.0,843.3,785.15
2027-06-30,put,7455.0,249.1,251.1,250.1
2027-06-30,call,7460.0,723.3,839.7,781.5
2027-06-30,put,7460.0,250.3,252.2,251.25
2027-06-30,call,7465.0,719.5,836.0,777.75
2027-06-30,put,7465.0,251.4,253.4,252.4
2027-06-30,call,7470.0,775.9,777.9,776.9
2027-06-30,put,7470.0,252.6,254.5,253.55
2027-06-30,call,7475.0,772.2,774.3,773.25
2027-06-30,put,7475.0,253.7,255.7,254.7
2027-06-30,call,7480.0,768.5,770.6,769.55
2027-06-30,put,7480.0,254.9,256.8,255.85000000000002
2027-06-30,call,7485.0,764.9,767.0,765.95
2027-06-30,put,7485.0,256.1,258.0,257.05
2027-06-30,call,7490.0,761.2,763.3,762.25
2027-06-30,put,7490.0,257.2,259.2,258.2
2027-06-30,call,7495.0,757.6,759.7,758.6500000000001
2027-06-30,put,7495.0,258.4,260.3,259.35
2027-06-30,call,7500.0,753.9,756.0,754.95
2027-06-30,put,7500.0,259.5,261.5,260.5
2027-06-30,call,7505.0,750.3,752.4,751.3499999999999
2027-06-30,put,7505.0,260.7,262.7,261.7
2027-06-30,call,7510.0,746.7,748.8,747.75
2027-06-30,put,7510.0,262.0,263.9,262.95
2027-06-30,call,7515.0,743.0,745.2,744.1
2027-06-30,put,7515.0,263.1,265.1,264.1
2027-06-30,call,7520.0,739.4,741.5,740.45
2027-06-30,put,7520.0,264.3,266.3,265.3
2027-06-30,call,7525.0,735.8,737.9,736.8499999999999
2027-06-30,put,7525.0,265.6,267.5,266.55
2027-06-30,call,7530.0,732.2,734.3,733.25
2027-06-30,put,7530.0,266.7,268.7,267.7
2027-06-30,call,7535.0,728.6,730.7,729.6500000000001
2027-06-30,put,7535.0,267.8,269.9,268.85
2027-06-30,call,7540.0,725.0,727.1,726.05
2027-06-30,put,7540.0,269.2,271.1,270.15
2027-06-30,call,7545.0,721.4,723.6,722.5
2027-06-30,put,7545.0,270.3,272.4,271.35
2027-06-30,call,7550.0,717.8,720.0,718.9
2027-06-30,put,7550.0,271.6,273.6,272.6
2027-06-30,call,7560.0,710.7,712.8,711.75
2027-06-30,put,7560.0,274.1,276.1,275.1
2027-06-30,call,7570.0,703.5,705.7,704.6
2027-06-30,put,7570.0,276.6,278.6,277.6
2027-06-30,call,7575.0,700.0,702.2,701.1
2027-06-30,put,7575.0,277.9,279.9,278.9
2027-06-30,call,7580.0,696.4,698.6,697.5
2027-06-30,put,7580.0,279.2,281.1,280.15
2027-06-30,call,7590.0,689.3,691.6,690.45
2027-06-30,put,7590.0,281.7,283.7,282.7
2027-06-30,call,7600.0,682.3,684.5,683.4
2027-06-30,put,7600.0,284.3,286.3,285.3
2027-06-30,call,7625.0,664.8,667.0,665.9
2027-06-30,put,7625.0,290.9,292.9,291.9
2027-06-30,call,7650.0,647.4,649.7,648.55
2027-06-30,put,7650.0,297.6,299.6,298.6
2027-06-30,call,7675.0,630.2,632.5,631.35
2027-06-30,put,7675.0,304.5,306.5,305.5
2027-06-30,call,7700.0,613.2,615.5,614.35
2027-06-30,put,7700.0,311.6,313.6,312.6
2027-06-30,call,7725.0,596.4,598.7,597.55
2027-06-30,put,7725.0,318.9,320.9,319.9
2027-06-30,call,7750.0,579.8,582.1,580.95
2027-06-30,put,7750.0,326.3,328.4,327.35
2027-06-30,call,7775.0,563.3,565.7,564.5
2027-06-30,put,7775.0,333.8,336.0,334.9
2027-06-30,call,7800.0,547.1,549.5,548.3
2027-06-30,put,7800.0,341.8,343.9,342.85
2027-06-30,call,7825.0,531.0,533.5,532.25
2027-06-30,put,7825.0,349.7,352.0,350.85
2027-06-30,call,7850.0,515.2,517.7,516.45
2027-06-30,put,7850.0,358.2,360.3,359.25
2027-06-30,call,7855.0,512.1,514.6,513.35
2027-06-30,put,7855.0,359.9,362.0,360.95
2027-06-30,call,7860.0,509.0,511.4,510.2
2027-06-30,put,7860.0,361.4,363.7,362.54999999999995
2027-06-30,call,7865.0,505.8,508.3,507.05
2027-06-30,put,7865.0,363.1,365.4,364.25
2027-06-30,call,7870.0,502.7,505.2,503.95
2027-06-30,put,7870.0,364.8,367.1,365.95000000000005
2027-06-30,call,7875.0,499.6,502.1,500.85
2027-06-30,put,7875.0,366.5,368.8,367.65
2027-06-30,call,7880.0,496.5,499.0,497.75
2027-06-30,put,7880.0,368.2,370.5,369.35
2027-06-30,call,7885.0,493.5,495.9,494.7
2027-06-30,put,7885.0,370.0,372.2,371.1
2027-06-30,call,7890.0,490.4,492.9,491.65
2027-06-30,put,7890.0,371.7,374.0,372.85
2027-06-30,call,7895.0,487.3,489.8,488.55
2027-06-30,put,7895.0,373.5,375.7,374.6
2027-06-30,call,7900.0,484.3,486.7,485.5
2027-06-30,put,7900.0,375.2,377.5,376.35
2027-06-30,call,7905.0,481.2,483.7,482.45
2027-06-30,put,7905.0,376.9,379.3,378.1
2027-06-30,call,7910.0,478.2,480.7,479.45
2027-06-30,put,7910.0,378.8,381.1,379.95000000000005
2027-06-30,call,7915.0,475.2,477.7,476.45
2027-06-30,put,7915.0,380.6,382.9,381.75
2027-06-30,call,7920.0,472.1,474.7,473.4
2027-06-30,put,7920.0,382.4,384.7,383.54999999999995
2027-06-30,call,7925.0,469.1,471.6,470.35
2027-06-30,put,7925.0,384.1,386.5,385.3
2027-06-30,call,7930.0,466.1,468.6,467.35
2027-06-30,put,7930.0,385.9,388.3,387.1
2027-06-30,call,7935.0,463.2,465.7,464.45
2027-06-30,put,7935.0,387.8,390.1,388.95000000000005
2027-06-30,call,7940.0,460.2,462.7,461.45
2027-06-30,put,7940.0,389.8,392.0,390.9
2027-06-30,call,7945.0,457.2,459.7,458.45
2027-06-30,put,7945.0,391.5,393.8,392.65
2027-06-30,call,7950.0,454.2,456.8,455.5
2027-06-30,put,7950.0,393.3,395.7,394.5
2027-06-30,call,7955.0,451.3,453.8,452.55
2027-06-30,put,7955.0,395.2,397.5,396.35
2027-06-30,call,7960.0,448.4,450.9,449.65
2027-06-30,put,7960.0,397.1,399.4,398.25
2027-06-30,call,7965.0,445.4,447.9,446.65
2027-06-30,put,7965.0,399.0,401.3,400.15
2027-06-30,call,7970.0,442.5,445.0,443.75
2027-06-30,put,7970.0,401.1,403.2,402.15
2027-06-30,call,7975.0,439.6,442.1,440.85
2027-06-30,put,7975.0,402.8,405.1,403.95000000000005
2027-06-30,call,7980.0,436.7,439.2,437.95
2027-06-30,put,7980.0,404.8,407.0,405.9
2027-06-30,call,7985.0,433.8,436.3,435.05
2027-06-30,put,7985.0,406.7,409.0,407.85
2027-06-30,call,7990.0,430.9,433.4,432.15
2027-06-30,put,7990.0,408.8,410.9,409.85
2027-06-30,call,7995.0,428.1,430.6,429.35
2027-06-30,put,7995.0,410.6,412.8,411.70000000000005
2027-06-30,call,8000.0,425.2,427.7,426.45
2027-06-30,put,8000.0,412.7,414.8,413.75
2027-06-30,call,8005.0,422.4,424.9,423.65
2027-06-30,put,8005.0,414.5,416.8,415.65
2027-06-30,call,8010.0,419.5,422.0,420.75
2027-06-30,put,8010.0,416.5,418.7,417.6
2027-06-30,call,8015.0,416.7,419.2,417.95
2027-06-30,put,8015.0,418.5,420.7,419.6
2027-06-30,call,8020.0,413.8,416.4,415.1
2027-06-30,put,8020.0,420.5,422.7,421.6
2027-06-30,call,8025.0,411.0,413.6,412.3
2027-06-30,put,8025.0,422.5,424.7,423.6
2027-06-30,call,8030.0,408.2,410.8,409.5
2027-06-30,put,8030.0,424.5,426.8,425.65
2027-06-30,call,8035.0,405.5,408.0,406.75
2027-06-30,put,8035.0,426.4,428.8,427.6
2027-06-30,call,8040.0,402.7,405.2,403.95
2027-06-30,put,8040.0,428.5,430.8,429.65
2027-06-30,call,8045.0,399.9,402.4,401.15
2027-06-30,put,8045.0,430.5,432.9,431.7
2027-06-30,call,8050.0,397.1,399.7,398.4
2027-06-30,put,8050.0,432.7,434.9,433.79999999999995
2027-06-30,call,8055.0,394.4,396.9,395.65
2027-06-30,put,8055.0,434.8,437.0,435.9
2027-06-30,call,8060.0,391.7,394.2,392.95
2027-06-30,put,8060.0,436.7,439.1,437.9
2027-06-30,call,8065.0,388.9,391.5,390.2
2027-06-30,put,8065.0,438.8,441.2,440.0
2027-06-30,call,8070.0,386.2,388.8,387.5
2027-06-30,put,8070.0,440.9,443.3,442.1
2027-06-30,call,8075.0,383.5,386.1,384.8
2027-06-30,put,8075.0,443.1,445.4,444.25
2027-06-30,call,8080.0,380.8,383.4,382.1
2027-06-30,put,8080.0,445.3,447.5,446.4
2027-06-30,call,8085.0,378.2,380.7,379.45
2027-06-30,put,8085.0,447.4,449.7,448.54999999999995
2027-06-30,call,8090.0,375.5,378.0,376.75
2027-06-30,put,8090.0,449.5,451.8,450.65
2027-06-30,call,8095.0,372.8,375.4,374.1
2027-06-30,put,8095.0,451.7,454.0,452.85
2027-06-30,call,8100.0,370.2,372.7,371.45
2027-06-30,put,8100.0,453.8,456.1,454.95000000000005
2027-06-30,call,8105.0,367.5,370.1,368.8
2027-06-30,put,8105.0,455.9,458.3,457.1
2027-06-30,call,8110.0,364.9,367.4,366.15
2027-06-30,put,8110.0,458.1,460.5,459.3
2027-06-30,call,8115.0,362.3,364.8,363.55
2027-06-30,put,8115.0,460.4,462.7,461.54999999999995
2027-06-30,call,8120.0,359.7,362.2,360.95
2027-06-30,put,8120.0,462.5,464.9,463.7
2027-06-30,call,8125.0,357.1,359.6,358.35
2027-06-30,put,8125.0,464.8,467.1,465.95000000000005
2027-06-30,call,8130.0,354.5,357.0,355.75
2027-06-30,put,8130.0,467.0,469.4,468.2
2027-06-30,call,8135.0,351.9,354.5,353.2
2027-06-30,put,8135.0,469.2,471.6,470.4
2027-06-30,call,8140.0,349.4,351.9,350.65
2027-06-30,put,8140.0,471.6,473.9,472.75
2027-06-30,call,8145.0,346.8,349.4,348.1
2027-06-30,put,8145.0,473.7,476.1,474.9
2027-06-30,call,8150.0,344.3,346.8,345.55
2027-06-30,put,8150.0,476.0,478.4,477.2
2027-06-30,call,8155.0,341.8,344.3,343.05
2027-06-30,put,8155.0,478.4,480.7,479.54999999999995
2027-06-30,call,8160.0,339.3,341.8,340.55
2027-06-30,put,8160.0,480.6,483.0,481.8
2027-06-30,call,8165.0,336.8,339.3,338.05
2027-06-30,put,8165.0,483.0,485.3,484.15
2027-06-30,call,8170.0,334.3,336.8,335.55
2027-06-30,put,8170.0,485.3,487.6,486.45000000000005
2027-06-30,call,8175.0,331.8,334.3,333.05
2027-06-30,put,8175.0,487.5,489.9,488.7
2027-06-30,call,8180.0,329.3,331.8,330.55
2027-06-30,put,8180.0,489.9,492.3,491.1
2027-06-30,call,8185.0,326.9,329.4,328.15
2027-06-30,put,8185.0,492.2,494.6,493.4
2027-06-30,call,8190.0,324.4,326.9,325.65
2027-06-30,put,8190.0,494.7,497.0,495.85
2027-06-30,call,8195.0,322.0,324.5,323.25
2027-06-30,put,8195.0,497.0,499.4,498.2
2027-06-30,call,8200.0,319.5,322.0,320.75
2027-06-30,put,8200.0,499.4,501.8,500.6
2027-06-30,call,8225.0,308.1,310.1,309.1
2027-06-30,put,8225.0,511.5,513.9,512.7
2027-06-30,call,8250.0,296.4,298.4,297.4
2027-06-30,put,8250.0,523.9,526.3,525.0999999999999
2027-06-30,call,8275.0,285.2,287.0,286.1
2027-06-30,put,8275.0,536.6,539.0,537.8
2027-06-30,call,8300.0,274.0,275.9,274.95
2027-06-30,put,8300.0,549.6,552.0,550.8
2027-06-30,call,8325.0,263.3,265.1,264.20000000000005
2027-06-30,put,8325.0,562.9,565.3,564.0999999999999
2027-06-30,call,8350.0,252.8,254.6,253.7
2027-06-30,put,8350.0,576.6,578.9,577.75
2027-06-30,call,8375.0,242.5,244.4,243.45
2027-06-30,put,8375.0,590.4,592.8,591.5999999999999
2027-06-30,call,8400.0,232.6,234.5,233.55
2027-06-30,put,8400.0,604.7,607.0,605.85
2027-06-30,call,8425.0,223.2,224.9,224.05
2027-06-30,put,8425.0,619.2,621.4,620.3
2027-06-30,call,8450.0,213.8,215.6,214.7
2027-06-30,put,8450.0,634.0,636.2,635.1
2027-06-30,call,8475.0,204.8,206.7,205.75
2027-06-30,put,8475.0,649.2,651.3,650.25
2027-06-30,call,8500.0,196.3,198.0,197.15
2027-06-30,put,8500.0,664.6,666.7,665.6500000000001
2027-06-30,call,8525.0,187.8,189.6,188.7
2027-06-30,put,8525.0,680.3,682.4,681.3499999999999
2027-06-30,call,8550.0,179.7,181.5,180.6
2027-06-30,put,8550.0,696.3,698.4,697.3499999999999
2027-06-30,call,8575.0,171.9,173.6,172.75
2027-06-30,put,8575.0,712.6,714.7,713.6500000000001
2027-06-30,call,8600.0,164.4,166.1,165.25
2027-06-30,put,8600.0,677.1,789.3,733.2
2027-06-30,call,8625.0,157.1,158.9,158.0
2027-06-30,put,8625.0,694.3,805.8,750.05
2027-06-30,call,8650.0,150.2,151.9,151.05
2027-06-30,put,8650.0,711.8,822.5,767.15
2027-06-30,call,8675.0,143.4,145.2,144.3
2027-06-30,put,8675.0,729.6,839.5,784.55
2027-06-30,call,8700.0,137.0,138.7,137.85
2027-06-30,put,8700.0,747.6,856.8,802.2
2027-06-30,call,8725.0,130.8,132.5,131.65
2027-06-30,put,8725.0,765.9,874.1,820.0
2027-06-30,call,8750.0,124.8,126.5,125.65
2027-06-30,put,8750.0,784.5,891.7,838.1
2027-06-30,call,8755.0,123.7,125.3,124.5
2027-06-30,put,8755.0,788.2,895.2,841.7
2027-06-30,call,8760.0,122.5,124.2,123.35
2027-06-30,put,8760.0,792.0,898.7,845.35
2027-06-30,call,8765.0,121.4,123.0,122.2
2027-06-30,put,8765.0,795.8,902.2,849.0
2027-06-30,call,8770.0,120.2,121.9,121.05000000000001
2027-06-30,put,8770.0,799.5,905.8,852.65
2027-06-30,call,8775.0,119.0,120.8,119.9
2027-06-30,put,8775.0,803.4,909.3,856.3499999999999
2027-06-30,call,8780.0,118.0,119.7,118.85
2027-06-30,put,8780.0,807.2,912.9,860.05
2027-06-30,call,8785.0,116.8,118.5,117.65
2027-06-30,put,8785.0,811.1,916.6,863.85
2027-06-30,call,8790.0,115.8,117.4,116.6
2027-06-30,put,8790.0,814.8,920.2,867.5
2027-06-30,call,8795.0,114.6,116.3,115.44999999999999
2027-06-30,put,8795.0,818.7,923.7,871.2
2027-06-30,call,8800.0,113.5,115.3,114.4
2027-06-30,put,8800.0,822.6,927.3,874.95
2027-06-30,call,8805.0,112.5,114.2,113.35
2027-06-30,put,8805.0,826.4,931.0,878.7
2027-06-30,call,8810.0,111.5,113.1,112.3
2027-06-30,put,8810.0,830.3,934.5,882.4
2027-06-30,call,8815.0,110.4,112.1,111.25
2027-06-30,put,8815.0,834.3,938.1,886.2
2027-06-30,call,8820.0,109.3,111.0,110.15
2027-06-30,put,8820.0,838.2,941.8,890.0
2027-06-30,call,8825.0,108.2,110.0,109.1
2027-06-30,put,8825.0,842.1,945.5,893.8
2027-06-30,call,8830.0,107.2,108.9,108.05000000000001
2027-06-30,put,8830.0,846.0,949.1,897.55
2027-06-30,call,8835.0,106.2,107.9,107.05000000000001
2027-06-30,put,8835.0,849.9,952.8,901.3499999999999
2027-06-30,call,8840.0,105.2,106.9,106.05000000000001
2027-06-30,put,8840.0,853.9,956.5,905.2
2027-06-30,call,8845.0,104.3,105.9,105.1
2027-06-30,put,8845.0,857.9,960.2,909.05
2027-06-30,call,8850.0,103.2,104.9,104.05000000000001
2027-06-30,put,8850.0,861.9,963.8,912.8499999999999
2027-06-30,call,8855.0,102.3,103.9,103.1
2027-06-30,put,8855.0,865.8,967.6,916.7
2027-06-30,call,8860.0,101.3,102.9,102.1
2027-06-30,put,8860.0,869.9,971.1,920.5
2027-06-30,call,8865.0,100.2,101.9,101.05000000000001
2027-06-30,put,8865.0,873.9,974.8,924.3499999999999
2027-06-30,call,8870.0,99.3,101.0,100.15
2027-06-30,put,8870.0,877.7,978.8,928.25
2027-06-30,call,8875.0,98.3,100.0,99.15
2027-06-30,put,8875.0,881.8,982.4,932.0999999999999
2027-06-30,call,8880.0,97.4,99.1,98.25
2027-06-30,put,8880.0,885.8,986.1,935.95
2027-06-30,call,8885.0,96.5,98.1,97.3
2027-06-30,put,8885.0,889.8,989.9,939.8499999999999
2027-06-30,call,8890.0,95.6,97.2,96.4
2027-06-30,put,8890.0,893.9,993.7,943.8
2027-06-30,call,8895.0,94.6,96.2,95.4
2027-06-30,put,8895.0,897.9,997.4,947.65
2027-06-30,call,8900.0,93.7,95.3,94.5
2027-06-30,put,8900.0,901.9,1001.1,951.5
2027-06-30,call,8905.0,92.7,94.4,93.55000000000001
2027-06-30,put,8905.0,906.0,1005.0,955.5
2027-06-30,call,8910.0,91.8,93.5,92.65
2027-06-30,put,8910.0,910.1,1008.7,959.4000000000001
2027-06-30,call,8915.0,91.0,92.6,91.8
2027-06-30,put,8915.0,914.1,1012.5,963.3
2027-06-30,call,8920.0,90.1,91.7,90.9
2027-06-30,put,8920.0,918.3,1016.3,967.3
2027-06-30,call,8925.0,89.3,90.8,90.05
2027-06-30,put,8925.0,922.3,1020.1,971.2
2027-06-30,call,8930.0,88.4,90.0,89.2
2027-06-30,put,8930.0,926.3,1023.9,975.0999999999999
2027-06-30,call,8935.0,87.5,89.1,88.3
2027-06-30,put,8935.0,930.5,1027.8,979.15
2027-06-30,call,8940.0,86.7,88.2,87.45
2027-06-30,put,8940.0,934.6,1031.6,983.0999999999999
2027-06-30,call,8945.0,85.8,87.4,86.6
2027-06-30,put,8945.0,938.9,1035.4,987.1500000000001
2027-06-30,call,8950.0,85.0,86.5,85.75
2027-06-30,put,8950.0,943.0,1039.3,991.15
2027-06-30,call,8955.0,84.2,85.7,84.95
2027-06-30,put,8955.0,947.1,1043.0,995.05
2027-06-30,call,8960.0,83.2,84.9,84.05000000000001
2027-06-30,put,8960.0,951.2,1046.9,999.0500000000001
2027-06-30,call,8965.0,82.4,84.1,83.25
2027-06-30,put,8965.0,955.3,1050.7,1003.0
2027-06-30,call,8970.0,81.7,83.2,82.45
2027-06-30,put,8970.0,959.5,1054.7,1007.1
2027-06-30,call,8975.0,80.9,82.4,81.65
2027-06-30,put,8975.0,963.6,1058.5,1011.05
2027-06-30,call,8980.0,80.1,81.6,80.85
2027-06-30,put,8980.0,967.7,1062.3,1015.0
2027-06-30,call,8985.0,79.2,80.8,80.0
2027-06-30,put,8985.0,971.9,1066.3,1019.0999999999999
2027-06-30,call,8990.0,78.4,80.0,79.2
2027-06-30,put,8990.0,976.1,1069.9,1023.0
2027-06-30,call,8995.0,77.7,79.3,78.5
2027-06-30,put,8995.0,980.2,1073.9,1027.0500000000002
2027-06-30,call,9000.0,76.9,78.5,77.7
2027-06-30,put,9000.0,984.4,1078.0,1031.2
2027-06-30,call,9005.0,76.1,77.7,76.9
2027-06-30,put,9005.0,988.8,1081.7,1035.25
2027-06-30,call,9010.0,75.4,76.9,76.15
2027-06-30,put,9010.0,992.8,1085.7,1039.25
2027-06-30,call,9015.0,74.7,76.2,75.45
2027-06-30,put,9015.0,997.0,1089.6,1043.3
2027-06-30,call,9020.0,74.0,75.4,74.7
2027-06-30,put,9020.0,1001.2,1093.6,1047.4
2027-06-30,call,9025.0,73.1,74.7,73.9
2027-06-30,put,9025.0,1005.5,1097.5,1051.5
2027-06-30,call,9030.0,72.5,74.0,73.25
2027-06-30,put,9030.0,1009.7,1101.5,1055.6
2027-06-30,call,9035.0,71.7,73.2,72.45
2027-06-30,put,9035.0,1014.1,1105.4,1059.75
2027-06-30,call,9040.0,71.0,72.5,71.75
2027-06-30,put,9040.0,1018.2,1109.2,1063.7
2027-06-30,call,9045.0,70.2,71.8,71.0
2027-06-30,put,9045.0,1022.5,1113.2,1067.85
2027-06-30,call,9050.0,69.5,71.1,70.3
2027-06-30,put,9050.0,1026.8,1117.2,1072.0
2027-06-30,call,9075.0,66.2,67.6,66.9
2027-06-30,put,9075.0,1048.0,1137.2,1092.6
2027-06-30,call,9100.0,62.8,64.3,63.55
2027-06-30,put,9100.0,1069.5,1157.1,1113.3
2027-06-30,call,9125.0,59.7,61.1,60.400000000000006
2027-06-30,put,9125.0,1091.3,1177.4,1134.35
2027-06-30,call,9150.0,56.7,58.1,57.400000000000006
2027-06-30,put,9150.0,1113.2,1197.8,1155.5
2027-06-30,call,9175.0,53.9,55.2,54.55
2027-06-30,put,9175.0,1134.9,1218.3,1176.6
2027-06-30,call,9200.0,51.1,52.4,51.75
2027-06-30,put,9200.0,1157.0,1252.4,1204.7
2027-06-30,call,9225.0,48.5,49.8,49.15
2027-06-30,put,9225.0,1179.1,1273.1,1226.1
2027-06-30,call,9250.0,46.0,47.3,46.65
2027-06-30,put,9250.0,1188.2,1293.8,1241.0
2027-06-30,call,9275.0,43.6,44.9,44.25
2027-06-30,put,9275.0,1210.6,1314.8,1262.6999999999998
2027-06-30,call,9300.0,41.3,42.6,41.95
2027-06-30,put,9300.0,1233.2,1335.8,1284.5
2027-06-30,call,9400.0,33.3,34.4,33.849999999999994
2027-06-30,put,9400.0,1324.2,1421.5,1372.85
2027-06-30,call,9600.0,21.6,22.4,22.0
2027-06-30,put,9600.0,1491.4,1616.5,1553.95
2027-09-30,put,3200.0,13.7,14.3,14.0
2027-09-30,put,3400.0,16.0,16.6,16.3
2027-09-30,put,3600.0,18.6,19.2,18.9
2027-09-30,put,3800.0,21.5,22.2,21.85
2027-09-30,put,3900.0,23.1,23.8,23.450000000000003
2027-09-30,put,4000.0,24.8,25.4,25.1
2027-09-30,put,4100.0,26.6,27.2,26.9
2027-09-30,put,4200.0,28.4,29.1,28.75
2027-09-30,put,4300.0,30.4,31.2,30.799999999999997
2027-09-30,put,4400.0,32.5,33.3,32.9
2027-09-30,put,4500.0,34.8,35.6,35.2
2027-09-30,put,4600.0,37.2,38.1,37.650000000000006
2027-09-30,put,4700.0,39.8,40.7,40.25
2027-09-30,put,4800.0,42.5,43.5,43.0
2027-09-30,put,4900.0,45.5,46.5,46.0
2027-09-30,put,5000.0,48.7,49.7,49.2
2027-09-30,put,5100.0,52.1,53.2,52.650000000000006
2027-09-30,put,5200.0,55.8,57.0,56.4
2027-09-30,put,5300.0,59.9,61.1,60.5
2027-09-30,put,5350.0,62.0,63.3,62.65
2027-09-30,put,5400.0,64.3,65.5,64.9
2027-09-30,put,5450.0,66.6,67.8,67.19999999999999
2027-09-30,put,5500.0,69.0,70.3,69.65
2027-09-30,put,5550.0,71.5,72.8,72.15
2027-09-30,put,5600.0,74.1,75.4,74.75
2027-09-30,put,5650.0,76.9,78.2,77.55000000000001
2027-09-30,put,5700.0,79.7,81.1,80.4
2027-09-30,put,5750.0,82.7,84.0,83.35
2027-09-30,put,5800.0,85.7,87.1,86.4
2027-09-30,put,5850.0,88.9,90.3,89.6
2027-09-30,put,5900.0,92.3,93.6,92.94999999999999
2027-09-30,put,5950.0,95.7,97.1,96.4
2027-09-30,put,6000.0,99.4,100.8,100.1
2027-09-30,put,6050.0,103.1,104.6,103.85
2027-09-30,put,6100.0,107.1,108.5,107.8
2027-09-30,put,6150.0,111.1,112.6,111.85
2027-09-30,put,6200.0,115.4,116.9,116.15
2027-09-30,put,6250.0,119.8,121.3,120.55
2027-09-30,put,6300.0,124.4,126.0,125.2
2027-09-30,put,6350.0,129.2,130.8,130.0
2027-09-30,put,6400.0,134.2,135.8,135.0
2027-09-30,put,6425.0,136.8,138.4,137.60000000000002
2027-09-30,put,6450.0,139.4,141.0,140.2
2027-09-30,put,6475.0,142.1,143.7,142.89999999999998
2027-09-30,put,6500.0,144.8,146.5,145.65
2027-09-30,put,6525.0,147.6,149.3,148.45
2027-09-30,put,6550.0,150.5,152.1,151.3
2027-09-30,put,6575.0,153.4,155.1,154.25
2027-09-30,put,6600.0,156.3,158.0,157.15
2027-09-30,put,6625.0,159.4,161.1,160.25
2027-09-30,put,6650.0,162.4,164.2,163.3
2027-09-30,put,6675.0,165.6,167.3,166.45
2027-09-30,put,6700.0,168.8,170.6,169.7
2027-09-30,put,6725.0,172.1,173.8,172.95
2027-09-30,put,6750.0,175.4,177.2,176.3
2027-09-30,put,6775.0,178.8,180.6,179.7
2027-09-30,put,6800.0,182.3,184.1,183.2
2027-09-30,put,6825.0,185.8,187.7,186.75
2027-09-30,put,6850.0,189.4,191.3,190.35000000000002
2027-09-30,put,6875.0,193.1,195.0,194.05
2027-09-30,put,6900.0,196.9,198.7,197.8
2027-09-30,put,6925.0,200.7,202.6,201.64999999999998
2027-09-30,put,6950.0,204.6,206.5,205.55
2027-09-30,put,6975.0,208.6,210.5,209.55
2027-09-30,put,7000.0,212.7,214.6,213.64999999999998
2027-09-30,put,7025.0,216.8,218.8,217.8
2027-09-30,put,7050.0,221.1,223.0,222.05
2027-09-30,put,7075.0,225.4,227.3,226.35000000000002
2027-09-30,put,7100.0,229.8,231.7,230.75
2027-09-30,put,7125.0,234.2,236.3,235.25
2027-09-30,put,7150.0,238.8,240.8,239.8
2027-09-30,put,7175.0,243.5,245.5,244.5
2027-09-30,put,7200.0,248.3,250.3,249.3
2027-09-30,put,7225.0,253.1,255.2,254.14999999999998
2027-09-30,put,7250.0,258.1,260.1,259.1
2027-09-30,put,7275.0,263.1,265.2,264.15
2027-09-30,put,7300.0,268.3,270.4,269.35
2027-09-30,put,7325.0,273.5,275.6,274.55
2027-09-30,put,7350.0,278.9,281.0,279.95
2027-09-30,put,7375.0,284.3,286.5,285.4
2027-09-30,put,7400.0,289.9,292.0,290.95
2027-09-30,put,7425.0,295.5,297.7,296.6
2027-09-30,put,7450.0,301.3,303.5,302.4
2027-09-30,call,7475.0,904.1,906.4,905.25
2027-09-30,put,7475.0,307.2,309.4,308.29999999999995
2027-09-30,call,7500.0,886.3,888.6,887.45
2027-09-30,put,7500.0,313.2,315.4,314.29999999999995
2027-09-30,call,7525.0,868.7,871.0,869.85
2027-09-30,put,7525.0,319.3,321.5,320.4
2027-09-30,call,7550.0,851.1,853.5,852.3
2027-09-30,put,7550.0,325.5,327.7,326.6
2027-09-30,call,7575.0,833.7,836.1,834.9000000000001
2027-09-30,put,7575.0,331.8,334.1,332.95000000000005
2027-09-30,call,7600.0,816.4,818.8,817.5999999999999
2027-09-30,put,7600.0,338.3,340.6,339.45000000000005
2027-09-30,call,7625.0,799.2,801.6,800.4000000000001
2027-09-30,put,7625.0,344.8,347.2,346.0
2027-09-30,call,7650.0,782.1,784.6,783.35
2027-09-30,put,7650.0,351.6,353.9,352.75
2027-09-30,call,7675.0,765.2,767.7,766.45
2027-09-30,put,7675.0,358.4,360.8,359.6
2027-09-30,call,7700.0,748.4,751.0,749.7
2027-09-30,put,7700.0,365.4,367.8,366.6
2027-09-30,call,7725.0,731.8,734.4,733.0999999999999
2027-09-30,put,7725.0,372.5,375.0,373.75
2027-09-30,call,7750.0,715.3,717.9,716.5999999999999
2027-09-30,put,7750.0,379.8,382.3,381.05
2027-09-30,call,7775.0,699.0,701.6,700.3
2027-09-30,put,7775.0,387.3,389.7,388.5
2027-09-30,call,7800.0,682.8,685.4,684.0999999999999
2027-09-30,put,7800.0,394.8,397.3,396.05
2027-09-30,call,7825.0,666.8,669.5,668.15
2027-09-30,put,7825.0,402.6,405.1,403.85
2027-09-30,call,7850.0,651.0,653.6,652.3
2027-09-30,put,7850.0,410.5,413.0,411.75
2027-09-30,call,7875.0,635.3,638.0,636.65
2027-09-30,put,7875.0,418.6,421.1,419.85
2027-09-30,call,7900.0,619.8,622.4,621.0999999999999
2027-09-30,put,7900.0,426.8,429.4,428.1
2027-09-30,call,7925.0,604.4,607.2,605.8
2027-09-30,put,7925.0,435.3,437.8,436.55
2027-09-30,call,7950.0,589.3,592.0,590.65
2027-09-30,put,7950.0,443.9,446.5,445.2
2027-09-30,call,7975.0,574.3,577.0,575.65
2027-09-30,put,7975.0,452.6,455.3,453.95000000000005
2027-09-30,call,8000.0,559.5,562.3,560.9
2027-09-30,put,8000.0,461.6,464.3,462.95000000000005
2027-09-30,call,8025.0,544.9,547.7,546.3
2027-09-30,put,8025.0,470.8,473.4,472.1
2027-09-30,call,8050.0,530.5,533.3,531.9
2027-09-30,put,8050.0,480.2,482.8,481.5
2027-09-30,call,8075.0,516.3,519.0,517.65
2027-09-30,put,8075.0,489.7,492.4,491.04999999999995
2027-09-30,call,8100.0,502.3,505.0,503.65
2027-09-30,put,8100.0,499.4,502.1,500.75
2027-09-30,call,8125.0,488.4,491.3,489.85
2027-09-30,put,8125.0,509.4,512.1,510.75
2027-09-30,call,8150.0,474.9,477.7,476.29999999999995
2027-09-30,put,8150.0,519.6,522.3,520.95
2027-09-30,call,8175.0,461.5,464.3,462.9
2027-09-30,put,8175.0,529.9,532.7,531.3
2027-09-30,call,8200.0,448.3,451.1,449.70000000000005
2027-09-30,put,8200.0,540.5,543.2,541.85
2027-09-30,call,8225.0,435.3,438.1,436.70000000000005
2027-09-30,put,8225.0,551.3,554.1,552.7
2027-09-30,call,8250.0,422.6,425.4,424.0
2027-09-30,put,8250.0,562.4,565.1,563.75
2027-09-30,call,8300.0,397.8,400.6,399.20000000000005
2027-09-30,put,8300.0,585.1,587.8,586.45
2027-09-30,call,8350.0,373.9,376.7,375.29999999999995
2027-09-30,put,8350.0,608.7,611.4,610.05
2027-09-30,call,8400.0,350.9,353.7,352.29999999999995
2027-09-30,put,8400.0,633.3,636.0,634.65
2027-09-30,call,8450.0,328.9,331.6,330.25
2027-09-30,put,8450.0,658.8,661.4,660.0999999999999
2027-09-30,call,8500.0,307.8,310.5,309.15
2027-09-30,put,8500.0,685.2,687.8,686.5
2027-09-30,call,8550.0,287.7,290.3,289.0
2027-09-30,put,8550.0,712.6,715.2,713.9000000000001
2027-09-30,call,8600.0,268.6,271.1,269.85
2027-09-30,put,8600.0,741.0,743.6,742.3
2027-09-30,call,8650.0,250.4,252.9,251.65
2027-09-30,put,8650.0,770.4,772.8,771.5999999999999
2027-09-30,call,8700.0,233.2,235.7,234.45
2027-09-30,put,8700.0,800.7,803.1,801.9000000000001
2027-09-30,call,8750.0,217.0,219.4,218.2
2027-09-30,put,8750.0,832.0,834.4,833.2
2027-09-30,call,8800.0,201.7,204.0,202.85
2027-09-30,put,8800.0,864.3,866.5,865.4
2027-09-30,call,8900.0,173.8,176.0,174.9
2027-09-30,call,9000.0,149.3,151.3,150.3
2027-09-30,call,9100.0,127.8,129.7,128.75
2027-09-30,call,9200.0,109.0,110.9,109.95
2027-09-30,call,9300.0,92.8,94.6,93.69999999999999
2027-09-30,call,9400.0,78.7,80.4,79.55000000000001
2027-09-30,call,9500.0,66.6,68.2,67.4
2027-09-30,call,9600.0,56.1,57.7,56.900000000000006
2027-09-30,call,9800.0,39.6,41.0,40.3
