expiry,right,strike,bid,ask,mid
2026-09-28,call,3200.0,4469.3,4493.3,4481.3
2026-09-28,call,3400.0,4269.2,4293.2,4281.2
2026-09-28,call,3600.0,4069.0,4093.0,4081.0
2026-09-28,call,3800.0,3869.2,3893.2,3881.2
2026-09-28,call,4000.0,3669.3,3693.3,3681.3
2026-09-28,call,4200.0,3466.5,3490.5,3478.5
2026-09-28,call,4400.0,3269.3,3293.3,3281.3
2026-09-28,call,4600.0,3066.5,3090.5,3078.5
2026-09-28,call,4800.0,2867.8,2891.8,2879.8
2026-09-28,call,5000.0,2667.9,2691.8,2679.8500000000004
2026-09-28,call,5200.0,2473.4,2497.4,2485.4
2026-09-28,call,5400.0,2267.9,2291.8,2279.8500000000004
2026-09-28,call,5600.0,2067.9,2091.8,2079.8500000000004
2026-09-28,call,5800.0,1867.9,1891.8,1879.85
2026-09-28,call,6000.0,1666.5,1690.5,1678.5
2026-09-28,call,6100.0,1569.3,1593.3,1581.3
2026-09-28,call,6200.0,1469.3,1493.3,1481.3
2026-09-28,call,6300.0,1367.8,1391.8,1379.8
2026-09-28,call,6400.0,1266.7,1290.7,1278.7
2026-09-28,call,6500.0,1167.8,1191.8,1179.8
2026-09-28,call,6525.0,1148.4,1172.4,1160.4
2026-09-28,call,6550.0,1119.3,1143.3,1131.3
2026-09-28,call,6575.0,1094.4,1118.4,1106.4
2026-09-28,call,6600.0,1069.3,1093.3,1081.3
2026-09-28,call,6625.0,1041.7,1065.7,1053.7
2026-09-28,call,6650.0,1023.2,1047.2,1035.2
2026-09-28,call,6675.0,993.4,1017.4,1005.4
2026-09-28,call,6700.0,969.8,993.8,981.8
2026-09-28,call,6725.0,943.4,967.4,955.4
2026-09-28,call,6750.0,921.5,945.5,933.5
2026-09-28,call,6775.0,893.4,917.4,905.4
2026-09-28,call,6800.0,869.3,893.3,881.3
2026-09-28,call,6825.0,843.4,867.4,855.4
2026-09-28,call,6850.0,818.4,842.4,830.4
2026-09-28,call,6875.0,793.4,817.4,805.4
2026-09-28,call,6900.0,766.5,790.5,778.5
2026-09-28,call,6925.0,743.4,767.4,755.4
2026-09-28,call,6950.0,723.2,747.2,735.2
2026-09-28,call,6975.0,698.2,722.2,710.2
2026-09-28,call,7000.0,667.8,691.8,679.8
2026-09-28,call,7025.0,641.7,665.7,653.7
2026-09-28,call,7050.0,621.5,645.5,633.5
2026-09-28,call,7075.0,593.0,617.0,605.0
2026-09-28,call,7090.0,579.5,603.5,591.5
2026-09-28,call,7100.0,567.9,591.8,579.8499999999999
2026-09-28,call,7110.0,557.9,581.9,569.9
2026-09-28,call,7120.0,547.8,571.8,559.8
2026-09-28,call,7125.0,544.3,568.3,556.3
2026-09-28,call,7130.0,543.4,567.4,555.4
2026-09-28,call,7140.0,529.2,553.1,541.1500000000001
2026-09-28,call,7150.0,517.9,541.8,529.8499999999999
2026-09-28,call,7160.0,507.9,531.9,519.9
2026-09-28,call,7170.0,498.7,522.7,510.70000000000005
2026-09-28,call,7175.0,494.2,518.2,506.20000000000005
2026-09-28,call,7180.0,488.7,512.7,500.70000000000005
2026-09-28,call,7190.0,478.7,502.7,490.7
2026-09-28,call,7200.0,469.8,493.8,481.8
2026-09-28,call,7210.0,458.7,482.7,470.7
2026-09-28,call,7220.0,448.7,472.7,460.7
2026-09-28,call,7225.0,444.2,468.2,456.2
2026-09-28,call,7230.0,438.7,462.7,450.7
2026-09-28,call,7240.0,429.0,453.0,441.0
2026-09-28,call,7245.0,424.5,448.5,436.5
2026-09-28,call,7250.0,417.9,441.9,429.9
2026-09-28,call,7255.0,411.7,435.7,423.7
2026-09-28,call,7260.0,409.3,433.3,421.3
2026-09-28,call,7265.0,402.8,426.8,414.8
2026-09-28,call,7270.0,399.3,423.3,411.3
2026-09-28,call,7275.0,392.9,416.8,404.85
2026-09-28,call,7280.0,389.3,413.3,401.3
2026-09-28,call,7285.0,388.2,412.2,400.2
2026-09-28,call,7290.0,376.6,400.6,388.6
2026-09-28,call,7295.0,372.9,396.9,384.9
2026-09-28,call,7300.0,366.7,390.7,378.7
2026-09-28,call,7305.0,368.2,392.2,380.2
2026-09-28,call,7310.0,359.8,383.8,371.8
2026-09-28,call,7315.0,358.4,382.4,370.4
2026-09-28,call,7320.0,349.7,373.7,361.7
2026-09-28,call,7325.0,344.2,368.2,356.2
2026-09-28,call,7330.0,343.2,367.2,355.2
2026-09-28,call,7335.0,333.7,357.7,345.7
2026-09-28,call,7340.0,327.9,351.9,339.9
2026-09-28,call,7345.0,323.7,347.7,335.7
2026-09-28,call,7350.0,316.7,340.7,328.7
2026-09-28,call,7355.0,311.7,335.7,323.7
2026-09-28,call,7360.0,309.4,333.4,321.4
2026-09-28,call,7365.0,303.7,327.7,315.7
2026-09-28,call,7370.0,299.4,323.4,311.4
2026-09-28,call,7375.0,293.0,317.0,305.0
2026-09-28,call,7380.0,293.2,317.2,305.2
2026-09-28,call,7385.0,284.9,308.8,296.85
2026-09-28,call,7390.0,279.4,303.4,291.4
2026-09-28,call,7395.0,273.7,297.7,285.7
2026-09-28,call,7400.0,269.3,293.3,281.3
2026-09-28,call,7405.0,263.7,287.7,275.7
2026-09-28,call,7410.0,262.5,286.5,274.5
2026-09-28,call,7415.0,253.7,277.7,265.7
2026-09-28,call,7420.0,252.5,276.5,264.5
2026-09-28,call,7425.0,241.7,265.7,253.7
2026-09-28,call,7430.0,239.4,263.4,251.39999999999998
2026-09-28,call,7435.0,233.7,257.7,245.7
2026-09-28,call,7440.0,229.4,253.4,241.4
2026-09-28,call,7445.0,224.3,248.3,236.3
2026-09-28,call,7450.0,219.4,243.4,231.4
2026-09-28,call,7455.0,214.3,238.3,226.3
2026-09-28,call,7460.0,209.4,233.4,221.4
2026-09-28,call,7465.0,203.7,227.7,215.7
2026-09-28,call,7470.0,198.7,222.7,210.7
2026-09-28,call,7475.0,192.9,216.8,204.85000000000002
2026-09-28,call,7480.0,188.7,212.7,200.7
2026-09-28,call,7485.0,184.3,208.3,196.3
2026-09-28,call,7490.0,182.5,206.5,194.5
2026-09-28,call,7495.0,174.3,198.3,186.3
2026-09-28,call,7500.0,182.7,184.6,183.64999999999998
2026-09-28,call,7505.0,177.7,179.6,178.64999999999998
2026-09-28,call,7510.0,172.7,174.6,173.64999999999998
2026-09-28,call,7515.0,167.7,169.6,168.64999999999998
2026-09-28,call,7520.0,162.7,164.6,163.64999999999998
2026-09-28,call,7525.0,157.7,159.6,158.64999999999998
2026-09-28,call,7530.0,152.7,154.6,153.64999999999998
2026-09-28,call,7535.0,147.7,149.6,148.64999999999998
2026-09-28,call,7540.0,142.7,144.6,143.64999999999998
2026-09-28,call,7545.0,137.7,139.6,138.64999999999998
2026-09-28,call,7550.0,132.7,134.6,133.64999999999998
2026-09-28,call,7555.0,127.7,129.6,128.65
2026-09-28,call,7560.0,122.7,124.6,123.65
2026-09-28,call,7565.0,117.7,119.6,118.65
2026-09-28,call,7570.0,112.7,114.6,113.65
2026-09-28,call,7575.0,107.7,109.6,108.65
2026-09-28,call,7580.0,102.7,104.6,103.65
2026-09-28,call,7585.0,97.7,99.6,98.65
2026-09-28,call,7590.0,92.7,94.6,93.65
2026-09-28,call,7595.0,87.7,89.6,88.65
2026-09-28,call,7600.0,82.7,84.6,83.65
2026-09-28,call,7605.0,77.7,79.6,78.65
2026-09-28,call,7610.0,72.7,74.6,73.65
2026-09-28,call,7615.0,67.7,69.6,68.65
2026-09-28,call,7620.0,62.7,64.6,63.65
2026-09-28,call,7625.0,57.7,59.6,58.650000000000006
2026-09-28,call,7630.0,52.7,54.6,53.650000000000006
2026-09-28,call,7635.0,47.7,49.6,48.650000000000006
2026-09-28,call,7640.0,42.7,44.6,43.650000000000006
2026-09-28,call,7645.0,37.7,39.6,38.650000000000006
2026-09-28,call,7650.0,32.7,34.6,33.650000000000006
2026-09-28,call,7655.0,27.7,29.6,28.65
2026-09-28,call,7660.0,22.7,24.6,23.65
2026-09-28,call,7665.0,17.7,19.6,18.65
2026-09-28,call,7670.0,12.7,14.5,13.6
2026-09-28,call,7675.0,7.7,9.5,8.6
2026-09-28,call,7680.0,2.9,2.95,2.925
2026-09-28,put,7685.0,1.15,1.25,1.2
2026-09-28,put,7690.0,5.5,7.3,6.4
2026-09-28,put,7695.0,10.4,12.3,11.350000000000001
2026-09-28,put,7700.0,15.4,17.3,16.35
2026-09-28,put,7705.0,20.4,22.3,21.35
2026-09-28,put,7710.0,25.4,27.3,26.35
2026-09-28,put,7715.0,30.4,32.3,31.349999999999998
2026-09-28,put,7720.0,35.4,37.3,36.349999999999994
2026-09-28,put,7725.0,40.4,42.3,41.349999999999994
2026-09-28,put,7730.0,45.4,47.3,46.349999999999994
2026-09-28,put,7735.0,50.4,52.3,51.349999999999994
2026-09-28,put,7740.0,55.4,57.4,56.4
2026-09-28,put,7745.0,60.4,62.3,61.349999999999994
2026-09-28,put,7750.0,65.4,67.3,66.35
2026-09-28,put,7755.0,70.4,72.3,71.35
2026-09-28,put,7760.0,75.4,77.3,76.35
2026-09-28,put,7765.0,80.4,82.3,81.35
2026-09-28,put,7770.0,85.4,87.3,86.35
2026-09-28,put,7775.0,90.4,92.3,91.35
2026-09-28,put,7780.0,95.4,97.3,96.35
2026-09-28,put,7785.0,100.4,102.3,101.35
2026-09-28,put,7790.0,105.4,107.3,106.35
2026-09-28,put,7795.0,110.4,112.3,111.35
2026-09-28,put,7800.0,115.4,117.3,116.35
2026-09-28,put,7805.0,120.4,122.3,121.35
2026-09-28,put,7810.0,125.4,127.3,126.35
2026-09-28,put,7815.0,130.4,132.3,131.35000000000002
2026-09-28,put,7820.0,135.4,137.3,136.35000000000002
2026-09-28,put,7825.0,140.4,142.3,141.35000000000002
2026-09-28,put,7830.0,145.4,147.3,146.35000000000002
2026-09-28,put,7835.0,150.4,152.3,151.35000000000002
2026-09-28,put,7840.0,155.4,157.3,156.35000000000002
2026-09-28,put,7845.0,160.4,162.3,161.35000000000002
2026-09-28,put,7850.0,165.4,167.3,166.35000000000002
2026-09-28,put,7855.0,170.4,172.3,171.35000000000002
2026-09-28,put,7860.0,175.4,177.3,176.35000000000002
2026-09-28,put,7865.0,180.4,182.3,181.35000000000002
2026-09-28,put,7870.0,185.4,187.3,186.35000000000002
2026-09-28,put,7875.0,190.4,192.3,191.35000000000002
2026-09-28,put,7880.0,195.4,197.3,196.35000000000002
2026-09-28,put,7885.0,191.5,215.5,203.5
2026-09-28,put,7890.0,196.4,220.4,208.4
2026-09-28,put,7895.0,202.1,226.1,214.1
2026-09-28,put,7900.0,208.5,232.5,220.5
2026-09-28,put,7905.0,213.3,237.3,225.3
2026-09-28,put,7910.0,217.1,241.1,229.1
2026-09-28,put,7915.0,221.8,245.8,233.8
2026-09-28,put,7920.0,228.3,252.3,240.3
2026-09-28,put,7925.0,231.7,255.7,243.7
2026-09-28,put,7930.0,237.1,261.1,249.10000000000002
2026-09-28,put,7935.0,242.1,266.1,254.10000000000002
2026-09-28,put,7940.0,246.8,270.8,258.8
2026-09-28,put,7945.0,252.1,276.1,264.1
2026-09-28,put,7950.0,252.8,276.8,264.8
2026-09-28,put,7955.0,261.8,285.8,273.8
2026-09-28,put,7960.0,266.8,290.8,278.8
2026-09-28,put,7965.0,271.5,295.5,283.5
2026-09-28,put,7970.0,276.5,300.5,288.5
2026-09-28,put,7975.0,277.6,301.6,289.6
2026-09-28,put,7980.0,287.0,311.0,299.0
2026-09-28,put,7985.0,292.1,316.1,304.1
2026-09-28,put,7990.0,296.8,320.8,308.8
2026-09-28,put,7995.0,302.1,326.1,314.1
2026-09-28,put,8000.0,306.8,330.8,318.8
2026-09-28,put,8010.0,316.5,340.5,328.5
2026-09-28,put,8020.0,326.8,350.8,338.8
2026-09-28,put,8025.0,332.2,356.2,344.2
2026-09-28,put,8030.0,337.2,361.2,349.2
2026-09-28,put,8040.0,347.2,371.2,359.2
2026-09-28,put,8050.0,353.1,377.1,365.1
2026-09-28,put,8060.0,366.8,390.8,378.8
2026-09-28,put,8070.0,377.2,401.2,389.2
2026-09-28,put,8075.0,382.6,406.6,394.6
2026-09-28,put,8080.0,386.5,410.5,398.5
2026-09-28,put,8100.0,408.4,432.4,420.4
2026-09-28,put,8125.0,432.6,456.6,444.6
2026-09-28,put,8150.0,454.5,478.5,466.5
2026-09-28,put,8175.0,482.6,506.6,494.6
2026-09-28,put,8200.0,506.8,530.8,518.8
2026-09-28,put,8225.0,534.4,558.4,546.4
2026-09-28,put,8250.0,559.4,583.4,571.4
2026-09-28,put,8275.0,581.6,605.6,593.6
2026-09-28,put,8300.0,607.0,631.0,619.0
2026-09-28,put,8400.0,702.9,726.9,714.9
2026-09-28,put,8500.0,808.3,832.3,820.3
2026-09-28,put,8600.0,906.8,930.8,918.8
2026-09-28,put,8800.0,1102.9,1126.9,1114.9
2026-09-28,put,9000.0,1308.3,1332.3,1320.3
2026-09-28,put,9200.0,1506.8,1530.8,1518.8
2026-09-28,put,9400.0,1706.8,1730.8,1718.8
2026-09-28,put,9600.0,1908.3,1932.3,1920.3
2026-09-28,put,9800.0,2106.8,2130.8,2118.8
2026-09-28,put,10000.0,2306.8,2330.8,2318.8
2026-09-29,call,3200.0,4473.2,4487.0,4480.1
2026-09-29,call,3400.0,4272.8,4287.0,4279.9
2026-09-29,call,3600.0,4073.2,4087.0,4080.1
2026-09-29,call,3800.0,3873.2,3887.0,3880.1
2026-09-29,call,4000.0,3673.2,3687.0,3680.1
2026-09-29,call,4200.0,3473.2,3487.0,3480.1
2026-09-29,call,4400.0,3273.1,3287.0,3280.05
2026-09-29,call,4600.0,3073.2,3087.0,3080.1
2026-09-29,call,4800.0,2873.2,2887.0,2880.1
2026-09-29,call,5000.0,2673.2,2687.0,2680.1
2026-09-29,call,5200.0,2473.1,2487.0,2480.05
2026-09-29,call,5400.0,2273.2,2287.0,2280.1
2026-09-29,call,5600.0,2073.1,2087.0,2080.05
2026-09-29,call,5800.0,1873.2,1887.0,1880.1
2026-09-29,call,6000.0,1673.2,1687.0,1680.1
2026-09-29,call,6100.0,1573.2,1587.0,1580.1
2026-09-29,call,6200.0,1473.2,1487.0,1480.1
2026-09-29,call,6300.0,1373.2,1387.0,1380.1
2026-09-29,call,6400.0,1273.1,1287.0,1280.05
2026-09-29,call,6500.0,1173.2,1187.0,1180.1
2026-09-29,call,6525.0,1148.2,1162.0,1155.1
2026-09-29,call,6550.0,1123.2,1137.0,1130.1
2026-09-29,call,6575.0,1098.1,1112.0,1105.05
2026-09-29,call,6600.0,1073.2,1087.0,1080.1
2026-09-29,call,6625.0,1048.1,1062.0,1055.05
2026-09-29,call,6650.0,1023.1,1037.0,1030.05
2026-09-29,call,6675.0,998.2,1012.0,1005.1
2026-09-29,call,6700.0,973.2,987.0,980.1
2026-09-29,call,6725.0,948.1,962.0,955.05
2026-09-29,call,6750.0,923.1,937.0,930.05
2026-09-29,call,6775.0,898.1,912.0,905.05
2026-09-29,call,6800.0,873.1,887.0,880.05
2026-09-29,call,6825.0,848.1,862.0,855.05
2026-09-29,call,6850.0,823.2,837.0,830.1
2026-09-29,call,6875.0,798.1,812.0,805.05
2026-09-29,call,6900.0,773.2,787.0,780.1
2026-09-29,call,6925.0,748.2,762.0,755.1
2026-09-29,call,6950.0,723.1,737.0,730.05
2026-09-29,call,6975.0,698.1,712.0,705.05
2026-09-29,call,7000.0,673.2,687.0,680.1
2026-09-29,call,7025.0,648.1,662.0,655.05
2026-09-29,call,7050.0,623.1,637.0,630.05
2026-09-29,call,7070.0,602.0,617.0,609.5
2026-09-29,call,7075.0,598.2,612.0,605.1
2026-09-29,call,7080.0,592.0,607.0,599.5
2026-09-29,call,7090.0,583.2,597.0,590.1
2026-09-29,call,7100.0,573.1,587.0,580.05
2026-09-29,call,7110.0,563.2,577.0,570.1
2026-09-29,call,7120.0,553.2,567.0,560.1
2026-09-29,call,7125.0,548.2,562.0,555.1
2026-09-29,call,7130.0,543.2,557.0,550.1
2026-09-29,call,7140.0,533.2,547.0,540.1
2026-09-29,call,7150.0,523.2,537.0,530.1
2026-09-29,call,7160.0,513.2,527.0,520.1
2026-09-29,call,7170.0,503.2,517.0,510.1
2026-09-29,call,7175.0,498.2,512.0,505.1
2026-09-29,call,7180.0,493.2,507.0,500.1
2026-09-29,call,7190.0,483.2,497.0,490.1
2026-09-29,call,7200.0,473.2,487.0,480.1
2026-09-29,call,7210.0,463.2,477.0,470.1
2026-09-29,call,7220.0,453.2,467.0,460.1
2026-09-29,call,7225.0,447.8,462.0,454.9
2026-09-29,call,7230.0,443.2,457.0,450.1
2026-09-29,call,7235.0,437.1,452.1,444.6
2026-09-29,call,7240.0,433.2,447.1,440.15
2026-09-29,call,7245.0,427.8,442.1,434.95000000000005
2026-09-29,call,7250.0,423.2,437.1,430.15
2026-09-29,call,7255.0,418.2,432.1,425.15
2026-09-29,call,7260.0,413.1,427.1,420.1
2026-09-29,call,7265.0,408.2,422.1,415.15
2026-09-29,call,7270.0,403.1,417.1,410.1
2026-09-29,call,7275.0,398.2,412.1,405.15
2026-09-29,call,7280.0,393.1,407.1,400.1
2026-09-29,call,7285.0,388.1,402.1,395.1
2026-09-29,call,7290.0,383.1,397.1,390.1
2026-09-29,call,7295.0,378.1,392.1,385.1
2026-09-29,call,7300.0,373.2,387.1,380.15
2026-09-29,call,7305.0,368.2,382.1,375.15
2026-09-29,call,7310.0,363.2,377.1,370.15
2026-09-29,call,7315.0,358.1,372.1,365.1
2026-09-29,call,7320.0,353.1,367.1,360.1
2026-09-29,call,7325.0,348.2,362.1,355.15
2026-09-29,call,7330.0,343.1,357.1,350.1
2026-09-29,call,7335.0,338.1,352.1,345.1
2026-09-29,call,7340.0,333.1,347.1,340.1
2026-09-29,call,7345.0,328.1,342.1,335.1
2026-09-29,call,7350.0,323.2,337.1,330.15
2026-09-29,call,7355.0,318.2,332.1,325.15
2026-09-29,call,7360.0,313.2,327.1,320.15
2026-09-29,call,7365.0,308.1,322.1,315.1
2026-09-29,call,7370.0,303.1,317.1,310.1
2026-09-29,call,7375.0,297.8,312.1,304.95000000000005
2026-09-29,put,7375.0,0.05,0.1,0.07500000000000001
2026-09-29,call,7380.0,293.2,307.1,300.15
2026-09-29,put,7380.0,0.05,0.1,0.07500000000000001
2026-09-29,call,7385.0,288.2,302.1,295.15
2026-09-29,call,7390.0,283.2,297.1,290.15
2026-09-29,call,7395.0,278.1,292.1,285.1
2026-09-29,call,7400.0,279.3,280.1,279.70000000000005
2026-09-29,put,7400.0,0.05,0.1,0.07500000000000001
2026-09-29,call,7405.0,268.2,282.1,275.15
2026-09-29,put,7405.0,0.05,0.1,0.07500000000000001
2026-09-29,call,7410.0,263.4,277.1,270.25
2026-09-29,put,7410.0,0.05,0.1,0.07500000000000001
2026-09-29,call,7415.0,258.2,272.1,265.15
2026-09-29,put,7415.0,0.05,0.1,0.07500000000000001
2026-09-29,call,7420.0,259.2,260.1,259.65
2026-09-29,put,7420.0,0.05,0.1,0.07500000000000001
2026-09-29,call,7425.0,248.2,262.1,255.15
2026-09-29,put,7425.0,0.05,0.1,0.07500000000000001
2026-09-29,call,7430.0,243.2,257.1,250.15
2026-09-29,put,7430.0,0.05,0.15,0.1
2026-09-29,call,7435.0,238.3,252.1,245.2
2026-09-29,put,7435.0,0.05,0.15,0.1
2026-09-29,call,7440.0,233.2,247.1,240.14999999999998
2026-09-29,put,7440.0,0.05,0.15,0.1
2026-09-29,call,7445.0,228.2,242.1,235.14999999999998
2026-09-29,put,7445.0,0.05,0.15,0.1
2026-09-29,call,7450.0,229.3,230.1,229.7
2026-09-29,put,7450.0,0.05,0.15,0.1
2026-09-29,call,7455.0,218.2,232.1,225.14999999999998
2026-09-29,put,7455.0,0.1,0.15,0.125
2026-09-29,call,7460.0,213.2,227.1,220.14999999999998
2026-09-29,put,7460.0,0.1,0.15,0.125
2026-09-29,call,7465.0,208.2,222.2,215.2
2026-09-29,put,7465.0,0.1,0.15,0.125
2026-09-29,call,7470.0,209.3,210.2,209.75
2026-09-29,put,7470.0,0.1,0.15,0.125
2026-09-29,call,7475.0,204.3,205.2,204.75
2026-09-29,put,7475.0,0.1,0.2,0.15000000000000002
2026-09-29,call,7480.0,199.3,200.2,199.75
2026-09-29,put,7480.0,0.1,0.2,0.15000000000000002
2026-09-29,call,7485.0,194.3,195.3,194.8
2026-09-29,put,7485.0,0.1,0.2,0.15000000000000002
2026-09-29,call,7490.0,189.3,190.3,189.8
2026-09-29,put,7490.0,0.15,0.2,0.175
2026-09-29,call,7495.0,184.3,185.3,184.8
2026-09-29,put,7495.0,0.15,0.2,0.175
2026-09-29,call,7500.0,179.3,180.3,179.8
2026-09-29,put,7500.0,0.15,0.25,0.2
2026-09-29,call,7505.0,174.4,175.3,174.85000000000002
2026-09-29,put,7505.0,0.15,0.25,0.2
2026-09-29,call,7510.0,169.4,170.3,169.85000000000002
2026-09-29,put,7510.0,0.2,0.25,0.225
2026-09-29,call,7515.0,164.4,165.3,164.85000000000002
2026-09-29,put,7515.0,0.2,0.3,0.25
2026-09-29,call,7520.0,159.4,160.4,159.9
2026-09-29,put,7520.0,0.2,0.3,0.25
2026-09-29,call,7525.0,154.4,155.4,154.9
2026-09-29,put,7525.0,0.25,0.3,0.275
2026-09-29,call,7530.0,149.5,150.4,149.95
2026-09-29,put,7530.0,0.25,0.35,0.3
2026-09-29,call,7535.0,144.5,145.4,144.95
2026-09-29,put,7535.0,0.3,0.4,0.35
2026-09-29,call,7540.0,139.5,140.4,139.95
2026-09-29,put,7540.0,0.35,0.4,0.375
2026-09-29,call,7545.0,134.6,135.5,135.05
2026-09-29,put,7545.0,0.35,0.45,0.4
2026-09-29,call,7550.0,129.7,130.5,130.1
2026-09-29,put,7550.0,0.4,0.5,0.45
2026-09-29,call,7555.0,124.8,125.5,125.15
2026-09-29,put,7555.0,0.5,0.55,0.525
2026-09-29,call,7560.0,119.8,120.6,120.19999999999999
2026-09-29,put,7560.0,0.55,0.65,0.6000000000000001
2026-09-29,call,7565.0,114.9,115.7,115.30000000000001
2026-09-29,put,7565.0,0.65,0.7,0.675
2026-09-29,call,7570.0,110.0,110.8,110.4
2026-09-29,put,7570.0,0.75,0.8,0.775
2026-09-29,call,7575.0,105.1,105.9,105.5
2026-09-29,put,7575.0,0.85,0.95,0.8999999999999999
2026-09-29,call,7580.0,100.2,101.0,100.6
2026-09-29,put,7580.0,1.0,1.05,1.025
2026-09-29,call,7585.0,95.4,96.2,95.80000000000001
2026-09-29,put,7585.0,1.15,1.25,1.2
2026-09-29,call,7590.0,90.7,91.2,90.95
2026-09-29,put,7590.0,1.35,1.45,1.4
2026-09-29,call,7595.0,85.9,86.4,86.15
2026-09-29,put,7595.0,1.55,1.65,1.6
2026-09-29,call,7600.0,81.2,81.7,81.45
2026-09-29,put,7600.0,1.85,1.95,1.9
2026-09-29,call,7605.0,76.5,77.0,76.75
2026-09-29,put,7605.0,2.15,2.25,2.2
2026-09-29,call,7610.0,71.9,72.4,72.15
2026-09-29,put,7610.0,2.55,2.65,2.5999999999999996
2026-09-29,call,7615.0,67.3,67.8,67.55
2026-09-29,put,7615.0,3.0,3.1,3.05
2026-09-29,call,7620.0,62.8,63.3,63.05
2026-09-29,put,7620.0,3.5,3.6,3.55
2026-09-29,call,7625.0,58.4,58.9,58.65
2026-09-29,put,7625.0,4.0,4.2,4.1
2026-09-29,call,7630.0,54.1,54.6,54.35
2026-09-29,put,7630.0,4.7,4.8,4.75
2026-09-29,call,7635.0,49.8,50.3,50.05
2026-09-29,put,7635.0,5.5,5.6,5.55
2026-09-29,call,7640.0,45.7,46.2,45.95
2026-09-29,put,7640.0,6.3,6.5,6.4
2026-09-29,call,7645.0,41.7,42.2,41.95
2026-09-29,put,7645.0,7.2,7.5,7.35
2026-09-29,call,7650.0,37.8,38.3,38.05
2026-09-29,put,7650.0,8.3,8.6,8.45
2026-09-29,call,7655.0,34.1,34.5,34.3
2026-09-29,put,7655.0,9.6,9.9,9.75
2026-09-29,call,7660.0,30.6,31.0,30.8
2026-09-29,put,7660.0,11.0,11.3,11.15
2026-09-29,call,7665.0,27.2,27.5,27.35
2026-09-29,put,7665.0,12.6,12.9,12.75
2026-09-29,call,7670.0,24.0,24.4,24.2
2026-09-29,put,7670.0,14.5,14.7,14.6
2026-09-29,call,7675.0,21.0,21.3,21.15
2026-09-29,put,7675.0,16.4,16.7,16.549999999999997
2026-09-29,call,7680.0,18.2,18.6,18.4
2026-09-29,put,7680.0,18.7,19.0,18.85
2026-09-29,call,7685.0,15.7,16.0,15.85
2026-09-29,put,7685.0,21.1,21.4,21.25
2026-09-29,call,7690.0,13.4,13.7,13.55
2026-09-29,put,7690.0,23.7,24.1,23.9
2026-09-29,call,7695.0,11.3,11.6,11.45
2026-09-29,put,7695.0,26.7,27.0,26.85
2026-09-29,call,7700.0,9.4,9.6,9.5
2026-09-29,put,7700.0,29.7,30.1,29.9
2026-09-29,call,7705.0,7.8,8.1,7.949999999999999
2026-09-29,put,7705.0,33.1,33.6,33.35
2026-09-29,call,7710.0,6.4,6.6,6.5
2026-09-29,put,7710.0,36.7,37.2,36.95
2026-09-29,call,7715.0,5.2,5.4,5.300000000000001
2026-09-29,put,7715.0,40.5,41.0,40.75
2026-09-29,call,7720.0,4.2,4.4,4.300000000000001
2026-09-29,put,7720.0,44.5,44.9,44.7
2026-09-29,call,7725.0,3.4,3.5,3.45
2026-09-29,put,7725.0,48.7,49.1,48.900000000000006
2026-09-29,call,7730.0,2.7,2.8,2.75
2026-09-29,put,7730.0,52.9,53.4,53.15
2026-09-29,call,7735.0,2.15,2.25,2.2
2026-09-29,put,7735.0,57.4,57.9,57.65
2026-09-29,call,7740.0,1.75,1.8,1.775
2026-09-29,put,7740.0,62.0,62.5,62.25
2026-09-29,call,7745.0,1.4,1.45,1.4249999999999998
2026-09-29,put,7745.0,66.5,67.2,66.85
2026-09-29,call,7750.0,1.1,1.2,1.15
2026-09-29,put,7750.0,71.1,71.9,71.5
2026-09-29,call,7755.0,0.85,0.95,0.8999999999999999
2026-09-29,put,7755.0,76.0,76.7,76.35
2026-09-29,call,7760.0,0.7,0.8,0.75
2026-09-29,put,7760.0,80.7,81.5,81.1
2026-09-29,call,7765.0,0.55,0.65,0.6000000000000001
2026-09-29,put,7765.0,85.6,86.4,86.0
2026-09-29,call,7770.0,0.45,0.55,0.5
2026-09-29,put,7770.0,90.5,91.3,90.9
2026-09-29,call,7775.0,0.4,0.45,0.42500000000000004
2026-09-29,put,7775.0,95.3,96.3,95.8
2026-09-29,call,7780.0,0.3,0.4,0.35
2026-09-29,put,7780.0,100.2,101.2,100.7
2026-09-29,call,7785.0,0.25,0.3,0.275
2026-09-29,put,7785.0,105.2,106.1,105.65
2026-09-29,call,7790.0,0.2,0.25,0.225
2026-09-29,put,7790.0,110.1,111.1,110.6
2026-09-29,call,7795.0,0.15,0.25,0.2
2026-09-29,put,7795.0,115.1,116.0,115.55
2026-09-29,call,7800.0,0.15,0.2,0.175
2026-09-29,put,7800.0,120.1,121.0,120.55
2026-09-29,call,7805.0,0.1,0.2,0.15000000000000002
2026-09-29,put,7805.0,125.0,126.0,125.5
2026-09-29,call,7810.0,0.1,0.15,0.125
2026-09-29,put,7810.0,130.0,131.0,130.5
2026-09-29,call,7815.0,0.05,0.15,0.1
2026-09-29,put,7815.0,135.1,135.9,135.5
2026-09-29,call,7820.0,0.05,0.15,0.1
2026-09-29,put,7820.0,135.6,145.6,140.6
2026-09-29,call,7825.0,0.05,0.1,0.07500000000000001
2026-09-29,put,7825.0,145.0,145.9,145.45
2026-09-29,call,7830.0,0.05,0.1,0.07500000000000001
2026-09-29,put,7830.0,150.0,150.9,150.45
2026-09-29,call,7835.0,0.05,0.1,0.07500000000000001
2026-09-29,put,7835.0,155.0,155.9,155.45
2026-09-29,put,7840.0,160.0,160.9,160.45
2026-09-29,put,7845.0,165.0,165.9,165.45
2026-09-29,put,7850.0,170.0,170.9,170.45
2026-09-29,put,7855.0,175.0,175.9,175.45
2026-09-29,put,7860.0,180.0,180.9,180.45
2026-09-29,put,7865.0,185.0,185.9,185.45
2026-09-29,put,7870.0,190.0,190.8,190.4
2026-09-29,put,7875.0,195.0,195.8,195.4
2026-09-29,put,7880.0,200.0,200.8,200.4
2026-09-29,put,7885.0,205.0,205.8,205.4
2026-09-29,put,7890.0,210.0,210.8,210.4
2026-09-29,put,7895.0,215.0,215.8,215.4
2026-09-29,put,7900.0,220.0,220.8,220.4
2026-09-29,put,7905.0,225.0,225.8,225.4
2026-09-29,put,7910.0,230.0,230.9,230.45
2026-09-29,put,7915.0,235.0,235.9,235.45
2026-09-29,put,7920.0,240.0,240.9,240.45
2026-09-29,put,7925.0,245.0,245.9,245.45
2026-09-29,put,7930.0,250.0,250.9,250.45
2026-09-29,put,7935.0,255.0,255.9,255.45
2026-09-29,put,7940.0,260.0,260.9,260.45
2026-09-29,put,7945.0,265.0,265.9,265.45
2026-09-29,put,7950.0,270.0,270.9,270.45
2026-09-29,put,7955.0,275.0,275.9,275.45
2026-09-29,put,7960.0,280.0,280.9,280.45
2026-09-29,put,7965.0,278.0,291.7,284.85
2026-09-29,put,7970.0,283.0,296.7,289.85
2026-09-29,put,7975.0,295.0,295.9,295.45
2026-09-29,put,7980.0,293.0,307.1,300.05
2026-09-29,put,7985.0,298.0,311.7,304.85
2026-09-29,put,7990.0,303.0,316.9,309.95
2026-09-29,put,7995.0,308.0,321.7,314.85
2026-09-29,put,8000.0,320.0,320.8,320.4
2026-09-29,put,8010.0,323.0,336.7,329.85
2026-09-29,put,8020.0,333.0,346.7,339.85
2026-09-29,put,8025.0,345.0,345.8,345.4
2026-09-29,put,8030.0,343.0,356.7,349.85
2026-09-29,put,8040.0,353.0,366.7,359.85
2026-09-29,put,8050.0,370.0,370.8,370.4
2026-09-29,put,8060.0,373.0,386.8,379.9
2026-09-29,put,8070.0,383.0,396.8,389.9
2026-09-29,put,8075.0,388.0,401.8,394.9
2026-09-29,put,8080.0,393.0,406.8,399.9
2026-09-29,put,8100.0,420.0,420.8,420.4
2026-09-29,put,8125.0,438.0,451.9,444.95
2026-09-29,put,8150.0,470.0,470.8,470.4
2026-09-29,put,8175.0,488.0,501.9,494.95
2026-09-29,put,8200.0,520.0,520.8,520.4
2026-09-29,put,8225.0,538.0,551.8,544.9
2026-09-29,put,8250.0,570.0,570.8,570.4
2026-09-29,put,8275.0,588.0,601.9,594.95
2026-09-29,put,8300.0,620.0,620.8,620.4
2026-09-29,put,8400.0,720.0,720.8,720.4
2026-09-29,put,8500.0,820.0,820.8,820.4
2026-09-29,put,8600.0,920.0,920.8,920.4
2026-09-29,put,8800.0,1120.0,1120.8,1120.4
2026-09-29,put,9000.0,1320.0,1320.8,1320.4
2026-09-29,put,9200.0,1513.0,1526.9,1519.95
2026-09-29,put,9400.0,1713.0,1726.9,1719.95
2026-09-29,put,9600.0,1913.0,1926.8,1919.9
2026-09-29,put,9800.0,2113.0,2126.8,2119.9
2026-09-29,put,10000.0,2313.0,2326.8,2319.9
2026-09-30,call,2600.0,5073.0,5086.5,5079.75
2026-09-30,call,2800.0,4871.5,4886.5,4879.0
2026-09-30,call,3000.0,4673.0,4686.5,4679.75
2026-09-30,call,3200.0,4471.6,4486.6,4479.1
2026-09-30,call,3300.0,4373.1,4386.6,4379.85
2026-09-30,call,3400.0,4271.6,4286.6,4279.1
2026-09-30,call,3500.0,4171.6,4186.6,4179.1
2026-09-30,call,3600.0,4073.1,4086.6,4079.85
2026-09-30,call,3700.0,3972.6,3986.6,3979.6
2026-09-30,call,3800.0,3873.1,3886.6,3879.85
2026-09-30,call,3900.0,3771.6,3786.6,3779.1
2026-09-30,call,4000.0,3673.1,3686.7,3679.8999999999996
2026-09-30,call,4100.0,3571.7,3586.7,3579.2
2026-09-30,call,4200.0,3473.1,3486.7,3479.8999999999996
2026-09-30,call,4300.0,3373.2,3386.7,3379.95
2026-09-30,call,4400.0,3273.2,3286.7,3279.95
2026-09-30,call,4500.0,3173.2,3186.7,3179.95
2026-09-30,call,4550.0,3121.7,3136.7,3129.2
2026-09-30,call,4600.0,3073.0,3086.7,3079.85
2026-09-30,call,4650.0,3021.7,3036.7,3029.2
2026-09-30,call,4700.0,2971.7,2986.7,2979.2
2026-09-30,call,4750.0,2923.2,2936.7,2929.95
2026-09-30,call,4800.0,2871.8,2886.8,2879.3
2026-09-30,call,4850.0,2823.2,2836.8,2830.0
2026-09-30,call,4900.0,2773.3,2786.8,2780.05
2026-09-30,call,4950.0,2723.2,2736.8,2730.0
2026-09-30,call,5000.0,2673.3,2686.8,2680.05
2026-09-30,call,5050.0,2621.8,2636.8,2629.3
2026-09-30,call,5100.0,2573.2,2586.8,2580.0
2026-09-30,call,5125.0,2546.8,2561.8,2554.3
2026-09-30,call,5150.0,2523.2,2536.8,2530.0
2026-09-30,call,5175.0,2496.8,2511.8,2504.3
2026-09-30,call,5200.0,2473.2,2486.8,2480.0
2026-09-30,call,5225.0,2446.8,2461.8,2454.3
2026-09-30,call,5250.0,2423.2,2436.8,2430.0
2026-09-30,call,5275.0,2397.9,2411.8,2404.8500000000004
2026-09-30,call,5300.0,2373.3,2386.8,2380.05
2026-09-30,call,5325.0,2346.8,2361.8,2354.3
2026-09-30,call,5350.0,2323.3,2336.8,2330.05
2026-09-30,call,5375.0,2296.8,2311.8,2304.3
2026-09-30,call,5400.0,2273.3,2286.8,2280.05
2026-09-30,call,5425.0,2246.8,2261.8,2254.3
2026-09-30,call,5450.0,2223.3,2236.8,2230.05
2026-09-30,call,5475.0,2198.3,2211.8,2205.05
2026-09-30,call,5500.0,2171.8,2186.8,2179.3
2026-09-30,call,5525.0,2146.8,2161.8,2154.3
2026-09-30,call,5550.0,2121.8,2136.8,2129.3
2026-09-30,call,5575.0,2096.9,2111.9,2104.4
2026-09-30,call,5600.0,2078.3,2080.6,2079.45
2026-09-30,call,5625.0,2048.3,2061.9,2055.1000000000004
2026-09-30,call,5650.0,2023.3,2036.9,2030.1
2026-09-30,call,5675.0,1998.4,2011.9,2005.15
2026-09-30,call,5700.0,1973.3,1986.9,1980.1
2026-09-30,call,5725.0,1948.3,1961.9,1955.1
2026-09-30,call,5750.0,1923.4,1936.9,1930.15
2026-09-30,call,5775.0,1898.3,1911.9,1905.1
2026-09-30,call,5780.0,1893.3,1906.9,1900.1
2026-09-30,call,5790.0,1883.4,1896.9,1890.15
2026-09-30,call,5800.0,1873.4,1886.9,1880.15
2026-09-30,call,5805.0,1868.3,1881.9,1875.1
2026-09-30,call,5810.0,1863.3,1876.9,1870.1
2026-09-30,call,5815.0,1858.3,1871.9,1865.1
2026-09-30,call,5820.0,1853.3,1866.9,1860.1
2026-09-30,call,5825.0,1848.4,1861.9,1855.15
2026-09-30,call,5830.0,1841.9,1856.9,1849.4
2026-09-30,call,5835.0,1838.3,1851.9,1845.1
2026-09-30,call,5840.0,1833.3,1846.9,1840.1
2026-09-30,call,5845.0,1828.3,1841.9,1835.1
2026-09-30,call,5850.0,1823.3,1836.9,1830.1
2026-09-30,call,5855.0,1818.3,1831.9,1825.1
2026-09-30,call,5860.0,1813.3,1826.9,1820.1
2026-09-30,call,5865.0,1808.3,1821.9,1815.1
2026-09-30,call,5870.0,1803.3,1816.9,1810.1
2026-09-30,call,5875.0,1798.4,1811.9,1805.15
2026-09-30,call,5880.0,1793.3,1806.9,1800.1
2026-09-30,call,5885.0,1788.3,1801.9,1795.1
2026-09-30,call,5890.0,1781.9,1796.9,1789.4
2026-09-30,call,5895.0,1778.3,1791.9,1785.1
2026-09-30,call,5900.0,1773.4,1786.9,1780.15
2026-09-30,call,5905.0,1768.3,1781.9,1775.1
2026-09-30,call,5910.0,1761.9,1776.9,1769.4
2026-09-30,call,5915.0,1758.3,1771.9,1765.1
2026-09-30,call,5920.0,1751.9,1766.9,1759.4
2026-09-30,call,5925.0,1748.3,1761.9,1755.1
2026-09-30,call,5930.0,1741.9,1756.9,1749.4
2026-09-30,call,5935.0,1738.3,1751.9,1745.1
2026-09-30,call,5940.0,1731.9,1746.9,1739.4
2026-09-30,call,5945.0,1726.9,1741.9,1734.4
2026-09-30,call,5950.0,1723.4,1736.9,1730.15
2026-09-30,call,5955.0,1718.3,1731.9,1725.1
2026-09-30,call,5960.0,1713.4,1726.9,1720.15
2026-09-30,call,5965.0,1708.4,1721.9,1715.15
2026-09-30,call,5970.0,1701.9,1716.9,1709.4
2026-09-30,call,5975.0,1698.4,1711.9,1705.15
2026-09-30,call,5980.0,1691.9,1706.9,1699.4
2026-09-30,call,5985.0,1688.3,1701.9,1695.1
2026-09-30,call,5990.0,1683.4,1696.9,1690.15
2026-09-30,call,5995.0,1678.3,1691.9,1685.1
2026-09-30,call,6000.0,1678.5,1680.5,1679.5
2026-09-30,call,6005.0,1668.3,1681.9,1675.1
2026-09-30,call,6010.0,1663.4,1676.9,1670.15
2026-09-30,call,6015.0,1658.3,1671.9,1665.1
2026-09-30,call,6020.0,1653.4,1666.9,1660.15
2026-09-30,call,6025.0,1648.3,1661.9,1655.1
2026-09-30,call,6030.0,1643.4,1656.9,1650.15
2026-09-30,call,6035.0,1638.3,1651.9,1645.1
2026-09-30,call,6040.0,1633.4,1646.9,1640.15
2026-09-30,call,6045.0,1628.3,1641.9,1635.1
2026-09-30,call,6050.0,1623.4,1636.9,1630.15
2026-09-30,call,6055.0,1618.3,1631.9,1625.1
2026-09-30,call,6060.0,1613.4,1626.9,1620.15
2026-09-30,call,6065.0,1608.3,1621.9,1615.1
2026-09-30,call,6070.0,1603.4,1616.9,1610.15
2026-09-30,call,6075.0,1598.4,1611.9,1605.15
2026-09-30,call,6080.0,1593.4,1606.9,1600.15
2026-09-30,call,6085.0,1588.4,1601.9,1595.15
2026-09-30,call,6090.0,1583.4,1596.9,1590.15
2026-09-30,call,6095.0,1578.0,1591.9,1584.95
2026-09-30,call,6100.0,1573.4,1586.9,1580.15
2026-09-30,call,6110.0,1561.9,1576.9,1569.4
2026-09-30,call,6120.0,1551.9,1566.9,1559.4
2026-09-30,call,6125.0,1548.4,1561.9,1555.15
2026-09-30,call,6130.0,1541.9,1556.9,1549.4
2026-09-30,call,6140.0,1531.9,1546.9,1539.4
2026-09-30,call,6150.0,1521.9,1536.9,1529.4
2026-09-30,call,6160.0,1513.4,1526.9,1520.15
2026-09-30,call,6170.0,1501.9,1516.9,1509.4
2026-09-30,call,6175.0,1497.9,1511.9,1504.9
2026-09-30,call,6180.0,1491.9,1506.9,1499.4
2026-09-30,call,6190.0,1481.9,1496.9,1489.4
2026-09-30,call,6200.0,1473.4,1486.9,1480.15
2026-09-30,call,6210.0,1461.9,1476.9,1469.4
2026-09-30,call,6220.0,1451.9,1466.9,1459.4
2026-09-30,call,6225.0,1448.4,1461.9,1455.15
2026-09-30,call,6230.0,1441.9,1456.9,1449.4
2026-09-30,call,6240.0,1431.9,1446.9,1439.4
2026-09-30,call,6250.0,1423.4,1436.9,1430.15
2026-09-30,call,6260.0,1411.9,1426.9,1419.4
2026-09-30,call,6270.0,1402.0,1417.0,1409.5
2026-09-30,call,6275.0,1397.0,1412.0,1404.5
2026-09-30,call,6280.0,1392.0,1407.0,1399.5
2026-09-30,call,6290.0,1382.0,1397.0,1389.5
2026-09-30,call,6300.0,1373.4,1387.0,1380.2
2026-09-30,call,6305.0,1368.4,1382.0,1375.2
2026-09-30,call,6310.0,1362.0,1377.0,1369.5
2026-09-30,call,6315.0,1357.0,1372.0,1364.5
2026-09-30,call,6320.0,1352.0,1367.0,1359.5
2026-09-30,call,6325.0,1348.4,1362.0,1355.2
2026-09-30,call,6330.0,1342.0,1357.0,1349.5
2026-09-30,call,6335.0,1338.4,1352.0,1345.2
2026-09-30,call,6340.0,1332.0,1347.0,1339.5
2026-09-30,call,6345.0,1327.0,1342.0,1334.5
2026-09-30,call,6350.0,1323.4,1337.0,1330.2
2026-09-30,call,6355.0,1317.0,1332.0,1324.5
2026-09-30,call,6360.0,1313.4,1327.0,1320.2
2026-09-30,call,6365.0,1307.0,1322.0,1314.5
2026-09-30,call,6370.0,1302.0,1317.0,1309.5
2026-09-30,call,6375.0,1298.4,1312.0,1305.2
2026-09-30,call,6380.0,1292.0,1307.0,1299.5
2026-09-30,call,6385.0,1288.4,1302.0,1295.2
2026-09-30,call,6390.0,1282.0,1297.0,1289.5
2026-09-30,call,6395.0,1277.0,1292.0,1284.5
2026-09-30,call,6400.0,1273.5,1287.0,1280.25
2026-09-30,call,6405.0,1267.0,1282.0,1274.5
2026-09-30,call,6410.0,1263.5,1277.0,1270.25
2026-09-30,call,6415.0,1257.0,1272.0,1264.5
2026-09-30,call,6420.0,1252.0,1267.0,1259.5
2026-09-30,call,6425.0,1248.5,1262.0,1255.25
2026-09-30,call,6430.0,1242.0,1257.0,1249.5
2026-09-30,call,6435.0,1238.5,1252.0,1245.25
2026-09-30,call,6440.0,1232.0,1247.0,1239.5
2026-09-30,call,6445.0,1227.0,1242.0,1234.5
2026-09-30,call,6450.0,1223.5,1237.0,1230.25
2026-09-30,call,6455.0,1218.5,1232.0,1225.25
2026-09-30,call,6460.0,1212.0,1227.0,1219.5
2026-09-30,call,6465.0,1208.5,1222.0,1215.25
2026-09-30,call,6470.0,1202.0,1217.0,1209.5
2026-09-30,call,6475.0,1198.4,1212.0,1205.2
2026-09-30,call,6480.0,1193.5,1207.0,1200.25
2026-09-30,call,6485.0,1188.5,1202.0,1195.25
2026-09-30,call,6490.0,1183.5,1197.0,1190.25
2026-09-30,call,6495.0,1178.5,1192.0,1185.25
2026-09-30,call,6500.0,1178.8,1180.4,1179.6
2026-09-30,call,6505.0,1168.5,1182.0,1175.25
2026-09-30,call,6510.0,1163.5,1177.0,1170.25
2026-09-30,call,6515.0,1158.5,1172.0,1165.25
2026-09-30,call,6520.0,1153.5,1167.0,1160.25
2026-09-30,call,6525.0,1148.4,1162.0,1155.2
2026-09-30,call,6530.0,1142.0,1157.0,1149.5
2026-09-30,call,6535.0,1138.5,1152.0,1145.25
2026-09-30,call,6540.0,1133.5,1147.0,1140.25
2026-09-30,call,6545.0,1128.5,1142.0,1135.25
2026-09-30,call,6550.0,1123.4,1137.0,1130.2
2026-09-30,call,6555.0,1118.5,1132.0,1125.25
2026-09-30,call,6560.0,1113.5,1127.0,1120.25
2026-09-30,call,6565.0,1108.5,1122.0,1115.25
2026-09-30,call,6570.0,1103.5,1117.0,1110.25
2026-09-30,call,6575.0,1098.4,1112.0,1105.2
2026-09-30,call,6580.0,1093.5,1107.0,1100.25
2026-09-30,call,6585.0,1088.5,1102.0,1095.25
2026-09-30,call,6590.0,1083.5,1097.0,1090.25
2026-09-30,call,6595.0,1078.5,1092.0,1085.25
2026-09-30,call,6600.0,1078.9,1080.4,1079.65
2026-09-30,call,6605.0,1067.0,1082.0,1074.5
2026-09-30,call,6610.0,1063.5,1077.0,1070.25
2026-09-30,call,6615.0,1058.5,1072.0,1065.25
2026-09-30,call,6620.0,1053.5,1067.0,1060.25
2026-09-30,call,6625.0,1048.5,1062.0,1055.25
2026-09-30,call,6630.0,1043.5,1057.0,1050.25
2026-09-30,call,6635.0,1038.5,1052.0,1045.25
2026-09-30,call,6640.0,1032.0,1047.0,1039.5
2026-09-30,call,6645.0,1028.5,1042.0,1035.25
2026-09-30,call,6650.0,1023.4,1037.0,1030.2
2026-09-30,call,6655.0,1017.0,1032.0,1024.5
2026-09-30,call,6660.0,1012.0,1027.0,1019.5
2026-09-30,call,6665.0,1007.0,1022.0,1014.5
2026-09-30,call,6670.0,1002.0,1017.0,1009.5
2026-09-30,call,6675.0,998.5,1012.0,1005.25
2026-09-30,call,6680.0,992.0,1007.0,999.5
2026-09-30,call,6685.0,987.0,1002.0,994.5
2026-09-30,call,6690.0,982.0,997.0,989.5
2026-09-30,call,6695.0,977.0,992.0,984.5
2026-09-30,call,6700.0,978.9,980.3,979.5999999999999
2026-09-30,call,6705.0,968.5,982.0,975.25
2026-09-30,call,6710.0,962.0,977.0,969.5
2026-09-30,call,6715.0,957.0,972.0,964.5
2026-09-30,call,6720.0,952.0,967.0,959.5
2026-09-30,call,6725.0,948.0,962.0,955.0
2026-09-30,call,6730.0,942.0,957.0,949.5
2026-09-30,call,6735.0,937.0,952.0,944.5
2026-09-30,call,6740.0,932.0,947.0,939.5
2026-09-30,call,6745.0,927.0,942.0,934.5
2026-09-30,call,6750.0,923.5,937.0,930.25
2026-09-30,call,6755.0,918.3,932.0,925.15
2026-09-30,call,6760.0,912.0,927.0,919.5
2026-09-30,call,6765.0,907.0,922.0,914.5
2026-09-30,call,6770.0,902.1,917.1,909.6
2026-09-30,call,6775.0,898.5,912.1,905.3
2026-09-30,call,6780.0,892.1,907.1,899.6
2026-09-30,call,6785.0,887.1,902.1,894.6
2026-09-30,call,6790.0,882.1,897.1,889.6
2026-09-30,call,6795.0,877.1,892.1,884.6
2026-09-30,call,6800.0,879.0,880.3,879.65
2026-09-30,call,6805.0,867.1,882.1,874.6
2026-09-30,call,6810.0,862.1,877.1,869.6
2026-09-30,call,6815.0,857.1,872.1,864.6
2026-09-30,call,6820.0,853.5,867.1,860.3
2026-09-30,call,6825.0,848.5,862.1,855.3
2026-09-30,call,6830.0,842.1,857.1,849.6
2026-09-30,call,6835.0,837.1,852.1,844.6
2026-09-30,put,6835.0,0.05,0.1,0.07500000000000001
2026-09-30,call,6840.0,832.1,847.1,839.6
2026-09-30,put,6840.0,0.05,0.1,0.07500000000000001
2026-09-30,call,6845.0,827.1,842.1,834.6
2026-09-30,put,6845.0,0.05,0.1,0.07500000000000001
2026-09-30,call,6850.0,823.5,837.1,830.3
2026-09-30,put,6850.0,0.05,0.1,0.07500000000000001
2026-09-30,call,6855.0,817.1,832.1,824.6
2026-09-30,put,6855.0,0.05,0.1,0.07500000000000001
2026-09-30,call,6860.0,812.1,827.1,819.6
2026-09-30,put,6860.0,0.05,0.1,0.07500000000000001
2026-09-30,call,6865.0,808.6,822.1,815.35
2026-09-30,put,6865.0,0.05,0.1,0.07500000000000001
2026-09-30,call,6870.0,803.6,817.1,810.35
2026-09-30,put,6870.0,0.05,0.1,0.07500000000000001
2026-09-30,call,6875.0,798.6,812.1,805.35
2026-09-30,put,6875.0,0.05,0.1,0.07500000000000001
2026-09-30,call,6880.0,793.6,807.1,800.35
2026-09-30,put,6880.0,0.05,0.1,0.07500000000000001
2026-09-30,call,6885.0,788.6,802.1,795.35
2026-09-30,put,6885.0,0.05,0.1,0.07500000000000001
2026-09-30,call,6890.0,783.6,797.1,790.35
2026-09-30,put,6890.0,0.05,0.1,0.07500000000000001
2026-09-30,call,6895.0,778.6,792.1,785.35
2026-09-30,put,6895.0,0.05,0.1,0.07500000000000001
2026-09-30,call,6900.0,779.0,780.4,779.7
2026-09-30,put,6900.0,0.05,0.1,0.07500000000000001
2026-09-30,call,6905.0,768.6,782.1,775.35
2026-09-30,put,6905.0,0.05,0.1,0.07500000000000001
2026-09-30,call,6910.0,763.6,777.1,770.35
2026-09-30,put,6910.0,0.05,0.1,0.07500000000000001
2026-09-30,call,6915.0,758.6,772.1,765.35
2026-09-30,put,6915.0,0.05,0.1,0.07500000000000001
2026-09-30,call,6920.0,753.6,767.1,760.35
2026-09-30,put,6920.0,0.05,0.15,0.1
2026-09-30,call,6925.0,748.6,762.1,755.35
2026-09-30,put,6925.0,0.05,0.15,0.1
2026-09-30,call,6930.0,743.6,757.1,750.35
2026-09-30,put,6930.0,0.05,0.15,0.1
2026-09-30,call,6935.0,738.6,752.1,745.35
2026-09-30,put,6935.0,0.05,0.15,0.1
2026-09-30,call,6940.0,733.6,747.1,740.35
2026-09-30,put,6940.0,0.05,0.15,0.1
2026-09-30,call,6945.0,728.6,742.1,735.35
2026-09-30,put,6945.0,0.05,0.15,0.1
2026-09-30,call,6950.0,723.6,737.1,730.35
2026-09-30,put,6950.0,0.05,0.1,0.07500000000000001
2026-09-30,call,6955.0,718.6,732.1,725.35
2026-09-30,put,6955.0,0.05,0.15,0.1
2026-09-30,call,6960.0,713.6,727.1,720.35
2026-09-30,put,6960.0,0.05,0.15,0.1
2026-09-30,call,6965.0,708.6,722.1,715.35
2026-09-30,put,6965.0,0.05,0.15,0.1
2026-09-30,call,6970.0,702.1,717.1,709.6
2026-09-30,put,6970.0,0.05,0.15,0.1
2026-09-30,call,6975.0,698.6,712.1,705.35
2026-09-30,put,6975.0,0.05,0.15,0.1
2026-09-30,call,6980.0,692.1,707.1,699.6
2026-09-30,put,6980.0,0.05,0.15,0.1
2026-09-30,call,6985.0,687.1,702.1,694.6
2026-09-30,put,6985.0,0.05,0.15,0.1
2026-09-30,call,6990.0,682.1,697.1,689.6
2026-09-30,put,6990.0,0.05,0.15,0.1
2026-09-30,call,6995.0,677.1,692.1,684.6
2026-09-30,put,6995.0,0.05,0.15,0.1
2026-09-30,call,7000.0,679.1,680.4,679.75
2026-09-30,put,7000.0,0.05,0.15,0.1
2026-09-30,call,7005.0,668.1,682.1,675.1
2026-09-30,put,7005.0,0.05,0.15,0.1
2026-09-30,call,7010.0,663.6,677.1,670.35
2026-09-30,put,7010.0,0.05,0.15,0.1
2026-09-30,call,7015.0,658.6,672.1,665.35
2026-09-30,put,7015.0,0.05,0.15,0.1
2026-09-30,call,7020.0,653.6,667.1,660.35
2026-09-30,put,7020.0,0.05,0.15,0.1
2026-09-30,call,7025.0,648.6,662.1,655.35
2026-09-30,put,7025.0,0.05,0.15,0.1
2026-09-30,call,7030.0,643.6,657.1,650.35
2026-09-30,put,7030.0,0.05,0.15,0.1
2026-09-30,call,7035.0,638.6,652.1,645.35
2026-09-30,put,7035.0,0.1,0.15,0.125
2026-09-30,call,7040.0,633.6,647.1,640.35
2026-09-30,put,7040.0,0.1,0.15,0.125
2026-09-30,call,7045.0,627.1,642.1,634.6
2026-09-30,put,7045.0,0.1,0.15,0.125
2026-09-30,call,7050.0,629.1,630.4,629.75
2026-09-30,put,7050.0,0.1,0.15,0.125
2026-09-30,call,7055.0,618.6,632.1,625.35
2026-09-30,put,7055.0,0.1,0.15,0.125
2026-09-30,call,7060.0,613.6,627.1,620.35
2026-09-30,put,7060.0,0.1,0.15,0.125
2026-09-30,call,7065.0,607.2,622.2,614.7
2026-09-30,put,7065.0,0.1,0.15,0.125
2026-09-30,call,7070.0,602.2,617.2,609.7
2026-09-30,put,7070.0,0.1,0.2,0.15000000000000002
2026-09-30,call,7075.0,598.6,612.2,605.4000000000001
2026-09-30,put,7075.0,0.1,0.2,0.15000000000000002
2026-09-30,call,7080.0,593.6,607.2,600.4000000000001
2026-09-30,put,7080.0,0.1,0.2,0.15000000000000002
2026-09-30,call,7085.0,588.7,602.2,595.45
2026-09-30,put,7085.0,0.1,0.2,0.15000000000000002
2026-09-30,call,7090.0,583.7,597.2,590.45
2026-09-30,put,7090.0,0.1,0.2,0.15000000000000002
2026-09-30,call,7095.0,578.7,592.2,585.45
2026-09-30,put,7095.0,0.1,0.2,0.15000000000000002
2026-09-30,call,7100.0,579.2,580.4,579.8
2026-09-30,put,7100.0,0.1,0.2,0.15000000000000002
2026-09-30,call,7105.0,568.7,582.2,575.45
2026-09-30,put,7105.0,0.1,0.2,0.15000000000000002
2026-09-30,call,7110.0,563.7,577.2,570.45
2026-09-30,put,7110.0,0.1,0.2,0.15000000000000002
2026-09-30,call,7115.0,558.7,572.2,565.45
2026-09-30,put,7115.0,0.1,0.2,0.15000000000000002
2026-09-30,call,7120.0,553.7,567.2,560.45
2026-09-30,put,7120.0,0.1,0.2,0.15000000000000002
2026-09-30,call,7125.0,554.2,555.4,554.8
2026-09-30,put,7125.0,0.1,0.2,0.15000000000000002
2026-09-30,call,7130.0,543.6,557.2,550.4000000000001
2026-09-30,put,7130.0,0.1,0.2,0.15000000000000002
2026-09-30,call,7135.0,538.6,552.2,545.4000000000001
2026-09-30,put,7135.0,0.1,0.2,0.15000000000000002
2026-09-30,call,7140.0,532.2,547.2,539.7
2026-09-30,put,7140.0,0.15,0.2,0.175
2026-09-30,call,7145.0,527.2,542.2,534.7
2026-09-30,put,7145.0,0.15,0.2,0.175
2026-09-30,call,7150.0,523.7,537.2,530.45
2026-09-30,put,7150.0,0.15,0.2,0.175
2026-09-30,call,7155.0,518.6,532.2,525.4000000000001
2026-09-30,put,7155.0,0.15,0.2,0.175
2026-09-30,call,7160.0,512.2,527.2,519.7
2026-09-30,put,7160.0,0.15,0.25,0.2
2026-09-30,call,7165.0,507.2,522.2,514.7
2026-09-30,put,7165.0,0.15,0.25,0.2
2026-09-30,call,7170.0,502.2,517.2,509.70000000000005
2026-09-30,put,7170.0,0.15,0.25,0.2
2026-09-30,call,7175.0,498.7,512.2,505.45000000000005
2026-09-30,put,7175.0,0.15,0.25,0.2
2026-09-30,call,7180.0,492.2,507.2,499.7
2026-09-30,put,7180.0,0.15,0.25,0.2
2026-09-30,call,7185.0,487.2,502.2,494.7
2026-09-30,put,7185.0,0.15,0.25,0.2
2026-09-30,call,7190.0,482.2,497.2,489.7
2026-09-30,put,7190.0,0.15,0.25,0.2
2026-09-30,call,7195.0,477.2,492.2,484.7
2026-09-30,put,7195.0,0.15,0.25,0.2
2026-09-30,call,7200.0,479.2,480.5,479.85
2026-09-30,put,7200.0,0.15,0.25,0.2
2026-09-30,call,7205.0,467.3,482.3,474.8
2026-09-30,put,7205.0,0.15,0.25,0.2
2026-09-30,call,7210.0,462.3,477.3,469.8
2026-09-30,put,7210.0,0.2,0.25,0.225
2026-09-30,call,7215.0,457.3,472.3,464.8
2026-09-30,put,7215.0,0.2,0.25,0.225
2026-09-30,call,7220.0,452.3,467.3,459.8
2026-09-30,put,7220.0,0.2,0.25,0.225
2026-09-30,call,7225.0,448.7,462.3,455.5
2026-09-30,put,7225.0,0.2,0.3,0.25
2026-09-30,call,7230.0,443.8,457.3,450.55
2026-09-30,put,7230.0,0.2,0.3,0.25
2026-09-30,call,7235.0,438.8,452.3,445.55
2026-09-30,put,7235.0,0.2,0.3,0.25
2026-09-30,call,7240.0,432.3,447.3,439.8
2026-09-30,put,7240.0,0.2,0.3,0.25
2026-09-30,call,7245.0,427.3,442.3,434.8
2026-09-30,put,7245.0,0.2,0.3,0.25
2026-09-30,call,7250.0,422.3,437.3,429.8
2026-09-30,put,7250.0,0.2,0.3,0.25
2026-09-30,call,7255.0,417.3,432.3,424.8
2026-09-30,put,7255.0,0.2,0.3,0.25
2026-09-30,call,7260.0,412.3,427.3,419.8
2026-09-30,put,7260.0,0.2,0.3,0.25
2026-09-30,call,7265.0,408.8,422.3,415.55
2026-09-30,put,7265.0,0.25,0.3,0.275
2026-09-30,call,7270.0,402.3,417.3,409.8
2026-09-30,put,7270.0,0.25,0.3,0.275
2026-09-30,call,7275.0,397.3,412.3,404.8
2026-09-30,put,7275.0,0.25,0.3,0.275
2026-09-30,call,7280.0,392.3,407.3,399.8
2026-09-30,put,7280.0,0.25,0.35,0.3
2026-09-30,call,7285.0,387.3,402.3,394.8
2026-09-30,put,7285.0,0.25,0.35,0.3
2026-09-30,call,7290.0,382.4,397.4,389.9
2026-09-30,put,7290.0,0.25,0.35,0.3
2026-09-30,call,7295.0,378.8,392.4,385.6
2026-09-30,put,7295.0,0.25,0.35,0.3
2026-09-30,call,7300.0,379.4,380.6,380.0
2026-09-30,put,7300.0,0.25,0.35,0.3
2026-09-30,call,7305.0,367.4,382.4,374.9
2026-09-30,put,7305.0,0.25,0.35,0.3
2026-09-30,call,7310.0,369.4,370.6,370.0
2026-09-30,put,7310.0,0.3,0.35,0.32499999999999996
2026-09-30,call,7315.0,357.4,372.4,364.9
2026-09-30,put,7315.0,0.3,0.35,0.32499999999999996
2026-09-30,call,7320.0,359.4,360.6,360.0
2026-09-30,put,7320.0,0.3,0.4,0.35
2026-09-30,call,7325.0,354.4,355.6,355.0
2026-09-30,put,7325.0,0.3,0.4,0.35
2026-09-30,call,7330.0,342.4,357.4,349.9
2026-09-30,put,7330.0,0.3,0.4,0.35
2026-09-30,call,7335.0,337.4,352.4,344.9
2026-09-30,put,7335.0,0.3,0.4,0.35
2026-09-30,call,7340.0,332.4,347.4,339.9
2026-09-30,put,7340.0,0.3,0.4,0.35
2026-09-30,call,7345.0,327.4,342.4,334.9
2026-09-30,put,7345.0,0.35,0.4,0.375
2026-09-30,call,7350.0,329.5,330.6,330.05
2026-09-30,put,7350.0,0.35,0.4,0.375
2026-09-30,call,7355.0,317.5,332.5,325.0
2026-09-30,put,7355.0,0.35,0.45,0.4
2026-09-30,call,7360.0,312.5,327.5,320.0
2026-09-30,put,7360.0,0.35,0.45,0.4
2026-09-30,call,7365.0,307.5,322.5,315.0
2026-09-30,put,7365.0,0.35,0.45,0.4
2026-09-30,call,7370.0,302.5,317.5,310.0
2026-09-30,put,7370.0,0.35,0.45,0.4
2026-09-30,call,7375.0,297.5,312.5,305.0
2026-09-30,put,7375.0,0.4,0.45,0.42500000000000004
2026-09-30,call,7380.0,294.0,307.5,300.75
2026-09-30,put,7380.0,0.4,0.5,0.45
2026-09-30,call,7385.0,287.5,302.5,295.0
2026-09-30,put,7385.0,0.4,0.5,0.45
2026-09-30,call,7390.0,282.5,297.5,290.0
2026-09-30,put,7390.0,0.4,0.5,0.45
2026-09-30,call,7395.0,277.5,292.5,285.0
2026-09-30,put,7395.0,0.45,0.5,0.475
2026-09-30,call,7400.0,279.6,280.7,280.15
2026-09-30,put,7400.0,0.45,0.55,0.5
2026-09-30,call,7405.0,267.6,282.6,275.1
2026-09-30,put,7405.0,0.45,0.55,0.5
2026-09-30,call,7410.0,262.6,277.6,270.1
2026-09-30,put,7410.0,0.45,0.55,0.5
2026-09-30,call,7415.0,257.6,272.6,265.1
2026-09-30,put,7415.0,0.5,0.6,0.55
2026-09-30,call,7420.0,259.6,260.8,260.20000000000005
2026-09-30,put,7420.0,0.5,0.6,0.55
2026-09-30,call,7425.0,247.7,262.7,255.2
2026-09-30,put,7425.0,0.55,0.65,0.6000000000000001
2026-09-30,call,7430.0,242.7,257.7,250.2
2026-09-30,put,7430.0,0.55,0.65,0.6000000000000001
2026-09-30,call,7435.0,237.7,252.7,245.2
2026-09-30,put,7435.0,0.6,0.7,0.6499999999999999
2026-09-30,call,7440.0,232.7,247.7,240.2
2026-09-30,put,7440.0,0.6,0.7,0.6499999999999999
2026-09-30,call,7445.0,227.8,242.8,235.3
2026-09-30,put,7445.0,0.65,0.75,0.7
2026-09-30,call,7450.0,229.8,231.0,230.4
2026-09-30,put,7450.0,0.65,0.8,0.7250000000000001
2026-09-30,call,7455.0,217.8,232.8,225.3
2026-09-30,put,7455.0,0.7,0.8,0.75
2026-09-30,call,7460.0,213.3,227.9,220.60000000000002
2026-09-30,put,7460.0,0.75,0.85,0.8
2026-09-30,call,7465.0,207.9,222.9,215.4
2026-09-30,put,7465.0,0.8,0.9,0.8500000000000001
2026-09-30,call,7470.0,203.0,218.0,210.5
2026-09-30,put,7470.0,0.85,0.95,0.8999999999999999
2026-09-30,call,7475.0,200.5,210.5,205.5
2026-09-30,put,7475.0,0.9,1.0,0.95
2026-09-30,call,7480.0,195.6,205.6,200.6
2026-09-30,put,7480.0,0.95,1.05,1.0
2026-09-30,call,7485.0,190.6,200.6,195.6
2026-09-30,put,7485.0,1.0,1.1,1.05
2026-09-30,call,7490.0,185.7,195.7,190.7
2026-09-30,put,7490.0,1.1,1.2,1.15
2026-09-30,call,7495.0,180.8,190.8,185.8
2026-09-30,put,7495.0,1.15,1.3,1.225
2026-09-30,call,7500.0,180.5,181.5,181.0
2026-09-30,put,7500.0,1.25,1.35,1.3
2026-09-30,call,7505.0,171.0,181.0,176.0
2026-09-30,put,7505.0,1.35,1.45,1.4
2026-09-30,call,7510.0,166.1,176.1,171.1
2026-09-30,put,7510.0,1.45,1.6,1.525
2026-09-30,call,7515.0,165.8,166.9,166.35000000000002
2026-09-30,put,7515.0,1.6,1.7,1.65
2026-09-30,call,7520.0,156.4,166.4,161.4
2026-09-30,put,7520.0,1.7,1.85,1.775
2026-09-30,call,7525.0,156.0,157.2,156.6
2026-09-30,put,7525.0,1.85,2.0,1.925
2026-09-30,call,7530.0,151.2,152.3,151.75
2026-09-30,put,7530.0,2.05,2.15,2.0999999999999996
2026-09-30,call,7535.0,141.9,151.9,146.9
2026-09-30,put,7535.0,2.25,2.35,2.3
2026-09-30,call,7540.0,137.1,147.1,142.1
2026-09-30,put,7540.0,2.45,2.55,2.5
2026-09-30,call,7545.0,136.9,138.0,137.45
2026-09-30,put,7545.0,2.65,2.8,2.7249999999999996
2026-09-30,call,7550.0,132.1,133.2,132.64999999999998
2026-09-30,put,7550.0,2.95,3.1,3.0250000000000004
2026-09-30,call,7555.0,122.9,132.9,127.9
2026-09-30,put,7555.0,3.2,3.4,3.3
2026-09-30,call,7560.0,118.2,128.2,123.19999999999999
2026-09-30,put,7560.0,3.5,3.7,3.6
2026-09-30,call,7565.0,113.6,123.6,118.6
2026-09-30,put,7565.0,3.9,4.0,3.95
2026-09-30,call,7570.0,113.5,114.5,114.0
2026-09-30,put,7570.0,4.3,4.5,4.4
2026-09-30,call,7575.0,108.9,110.0,109.45
2026-09-30,put,7575.0,4.7,4.9,4.800000000000001
2026-09-30,call,7580.0,104.3,105.4,104.85
2026-09-30,put,7580.0,5.1,5.3,5.199999999999999
2026-09-30,call,7585.0,99.8,100.9,100.35
2026-09-30,put,7585.0,5.6,5.8,5.699999999999999
2026-09-30,call,7590.0,95.4,96.4,95.9
2026-09-30,put,7590.0,6.2,6.4,6.300000000000001
2026-09-30,call,7595.0,86.5,96.5,91.5
2026-09-30,put,7595.0,6.7,7.0,6.85
2026-09-30,call,7600.0,86.7,87.7,87.2
2026-09-30,put,7600.0,7.4,7.6,7.5
2026-09-30,call,7605.0,78.3,88.3,83.3
2026-09-30,put,7605.0,8.1,8.3,8.2
2026-09-30,call,7610.0,78.1,79.1,78.6
2026-09-30,put,7610.0,8.8,9.1,8.95
2026-09-30,call,7615.0,74.0,74.9,74.45
2026-09-30,put,7615.0,9.7,9.9,9.8
2026-09-30,call,7620.0,69.9,70.8,70.35
2026-09-30,put,7620.0,10.5,10.8,10.65
2026-09-30,call,7625.0,65.8,66.8,66.3
2026-09-30,put,7625.0,11.5,11.8,11.65
2026-09-30,call,7630.0,61.9,62.9,62.4
2026-09-30,put,7630.0,12.5,12.9,12.7
2026-09-30,call,7635.0,58.0,59.0,58.5
2026-09-30,put,7635.0,13.7,14.0,13.85
2026-09-30,call,7640.0,54.6,55.0,54.8
2026-09-30,put,7640.0,15.0,15.3,15.15
2026-09-30,call,7645.0,50.9,51.3,51.099999999999994
2026-09-30,put,7645.0,16.3,16.6,16.450000000000003
2026-09-30,call,7650.0,47.3,47.8,47.55
2026-09-30,put,7650.0,17.7,18.0,17.85
2026-09-30,call,7655.0,43.9,44.3,44.099999999999994
2026-09-30,put,7655.0,19.3,19.6,19.450000000000003
2026-09-30,call,7660.0,40.6,41.1,40.85
2026-09-30,put,7660.0,20.9,21.3,21.1
2026-09-30,call,7665.0,37.4,37.8,37.599999999999994
2026-09-30,put,7665.0,22.7,23.1,22.9
2026-09-30,call,7670.0,34.3,34.7,34.5
2026-09-30,put,7670.0,24.6,25.0,24.8
2026-09-30,call,7675.0,31.4,31.8,31.6
2026-09-30,put,7675.0,26.7,27.1,26.9
2026-09-30,call,7680.0,28.6,29.0,28.8
2026-09-30,put,7680.0,29.1,29.3,29.200000000000003
2026-09-30,call,7685.0,26.0,26.3,26.15
2026-09-30,put,7685.0,31.2,31.7,31.45
2026-09-30,call,7690.0,23.5,23.8,23.65
2026-09-30,put,7690.0,33.7,34.2,33.95
2026-09-30,call,7695.0,21.2,21.5,21.35
2026-09-30,put,7695.0,36.5,36.9,36.7
2026-09-30,call,7700.0,19.0,19.3,19.15
2026-09-30,put,7700.0,39.2,39.7,39.45
2026-09-30,call,7705.0,17.0,17.3,17.15
2026-09-30,put,7705.0,42.3,42.7,42.5
2026-09-30,call,7710.0,15.2,15.5,15.35
2026-09-30,put,7710.0,45.3,45.8,45.55
2026-09-30,call,7715.0,13.4,13.7,13.55
2026-09-30,put,7715.0,48.7,49.2,48.95
2026-09-30,call,7720.0,11.9,12.1,12.0
2026-09-30,put,7720.0,52.1,52.6,52.35
2026-09-30,call,7725.0,10.5,10.7,10.6
2026-09-30,put,7725.0,55.3,56.3,55.8
2026-09-30,call,7730.0,9.2,9.4,9.3
2026-09-30,put,7730.0,59.0,60.1,59.55
2026-09-30,call,7735.0,8.0,8.3,8.15
2026-09-30,put,7735.0,62.9,63.9,63.4
2026-09-30,call,7740.0,7.0,7.2,7.1
2026-09-30,put,7740.0,66.8,67.9,67.35
2026-09-30,call,7745.0,6.1,6.3,6.199999999999999
2026-09-30,put,7745.0,70.9,72.0,71.45
2026-09-30,call,7750.0,5.3,5.5,5.4
2026-09-30,put,7750.0,75.1,76.2,75.65
2026-09-30,call,7755.0,4.6,4.8,4.699999999999999
2026-09-30,put,7755.0,79.4,80.5,79.95
2026-09-30,call,7760.0,4.0,4.1,4.05
2026-09-30,put,7760.0,83.8,84.9,84.35
2026-09-30,call,7765.0,3.4,3.6,3.5
2026-09-30,put,7765.0,88.3,89.4,88.85
2026-09-30,call,7770.0,3.0,3.1,3.05
2026-09-30,put,7770.0,92.8,93.9,93.35
2026-09-30,call,7775.0,2.6,2.7,2.6500000000000004
2026-09-30,put,7775.0,97.4,98.5,97.95
2026-09-30,call,7780.0,2.25,2.35,2.3
2026-09-30,put,7780.0,102.0,103.1,102.55
2026-09-30,call,7785.0,1.95,2.05,2.0
2026-09-30,put,7785.0,106.8,107.8,107.3
2026-09-30,call,7790.0,1.7,1.8,1.75
2026-09-30,put,7790.0,111.5,112.6,112.05
2026-09-30,call,7795.0,1.5,1.6,1.55
2026-09-30,put,7795.0,116.3,117.4,116.85
2026-09-30,call,7800.0,1.3,1.4,1.35
2026-09-30,put,7800.0,121.1,122.2,121.65
2026-09-30,call,7805.0,1.1,1.25,1.175
2026-09-30,put,7805.0,125.9,127.0,126.45
2026-09-30,call,7810.0,1.0,1.1,1.05
2026-09-30,put,7810.0,130.8,131.9,131.35000000000002
2026-09-30,call,7815.0,0.85,1.0,0.925
2026-09-30,put,7815.0,135.7,136.8,136.25
2026-09-30,call,7820.0,0.75,0.9,0.825
2026-09-30,put,7820.0,140.6,141.7,141.14999999999998
2026-09-30,call,7825.0,0.7,0.8,0.75
2026-09-30,put,7825.0,145.5,146.6,146.05
2026-09-30,call,7830.0,0.6,0.75,0.675
2026-09-30,put,7830.0,150.4,151.5,150.95
2026-09-30,call,7835.0,0.55,0.65,0.6000000000000001
2026-09-30,put,7835.0,151.0,161.0,156.0
2026-09-30,call,7840.0,0.5,0.6,0.55
2026-09-30,put,7840.0,160.3,161.4,160.85000000000002
2026-09-30,call,7845.0,0.45,0.55,0.5
2026-09-30,put,7845.0,165.2,166.4,165.8
2026-09-30,call,7850.0,0.4,0.5,0.45
2026-09-30,put,7850.0,170.2,171.3,170.75
2026-09-30,call,7855.0,0.4,0.5,0.45
2026-09-30,put,7855.0,170.8,180.8,175.8
2026-09-30,call,7860.0,0.35,0.45,0.4
2026-09-30,put,7860.0,180.1,181.3,180.7
2026-09-30,call,7865.0,0.35,0.45,0.4
2026-09-30,put,7865.0,180.8,190.8,185.8
2026-09-30,call,7870.0,0.3,0.4,0.35
2026-09-30,put,7870.0,185.7,195.7,190.7
2026-09-30,call,7875.0,0.3,0.4,0.35
2026-09-30,put,7875.0,190.7,200.7,195.7
2026-09-30,call,7880.0,0.25,0.35,0.3
2026-09-30,put,7880.0,195.7,205.7,200.7
2026-09-30,call,7885.0,0.25,0.35,0.3
2026-09-30,put,7885.0,200.7,210.7,205.7
2026-09-30,call,7890.0,0.25,0.35,0.3
2026-09-30,put,7890.0,210.0,211.2,210.6
2026-09-30,call,7895.0,0.25,0.3,0.275
2026-09-30,put,7895.0,208.1,221.7,214.89999999999998
2026-09-30,call,7900.0,0.2,0.3,0.25
2026-09-30,put,7900.0,220.0,221.1,220.55
2026-09-30,call,7905.0,0.2,0.3,0.25
2026-09-30,put,7905.0,218.1,231.7,224.89999999999998
2026-09-30,call,7910.0,0.2,0.3,0.25
2026-09-30,put,7910.0,223.1,236.7,229.89999999999998
2026-09-30,call,7915.0,0.2,0.3,0.25
2026-09-30,put,7915.0,228.1,241.6,234.85
2026-09-30,call,7920.0,0.2,0.3,0.25
2026-09-30,put,7920.0,233.1,246.6,239.85
2026-09-30,call,7925.0,0.2,0.25,0.225
2026-09-30,put,7925.0,244.9,246.1,245.5
2026-09-30,call,7930.0,0.15,0.25,0.2
2026-09-30,put,7930.0,243.1,256.7,249.89999999999998
2026-09-30,call,7935.0,0.15,0.25,0.2
2026-09-30,put,7935.0,248.1,263.1,255.60000000000002
2026-09-30,call,7940.0,0.15,0.25,0.2
2026-09-30,put,7940.0,253.1,266.7,259.9
2026-09-30,call,7945.0,0.15,0.25,0.2
2026-09-30,put,7945.0,258.1,273.1,265.6
2026-09-30,call,7950.0,0.15,0.2,0.175
2026-09-30,put,7950.0,269.9,271.1,270.5
2026-09-30,call,7955.0,0.15,0.25,0.2
2026-09-30,put,7955.0,268.0,281.6,274.8
2026-09-30,call,7960.0,0.15,0.25,0.2
2026-09-30,put,7960.0,273.0,286.6,279.8
2026-09-30,call,7965.0,0.15,0.2,0.175
2026-09-30,put,7965.0,278.0,291.6,284.8
2026-09-30,call,7970.0,0.15,0.2,0.175
2026-09-30,put,7970.0,283.0,296.6,289.8
2026-09-30,call,7975.0,0.1,0.2,0.15000000000000002
2026-09-30,put,7975.0,288.0,301.5,294.75
2026-09-30,call,7980.0,0.1,0.2,0.15000000000000002
2026-09-30,put,7980.0,293.0,306.5,299.75
2026-09-30,call,7985.0,0.1,0.2,0.15000000000000002
2026-09-30,put,7985.0,298.0,311.6,304.8
2026-09-30,call,7990.0,0.1,0.2,0.15000000000000002
2026-09-30,put,7990.0,303.0,316.6,309.8
2026-09-30,call,7995.0,0.1,0.2,0.15000000000000002
2026-09-30,put,7995.0,308.0,321.6,314.8
2026-09-30,call,8000.0,0.1,0.2,0.15000000000000002
2026-09-30,put,8000.0,319.8,321.0,320.4
2026-09-30,call,8005.0,0.1,0.2,0.15000000000000002
2026-09-30,put,8005.0,318.0,333.0,325.5
2026-09-30,call,8010.0,0.1,0.2,0.15000000000000002
2026-09-30,put,8010.0,323.0,338.0,330.5
2026-09-30,call,8015.0,0.1,0.2,0.15000000000000002
2026-09-30,put,8015.0,328.0,341.5,334.75
2026-09-30,call,8020.0,0.1,0.2,0.15000000000000002
2026-09-30,put,8020.0,333.0,346.5,339.75
2026-09-30,call,8025.0,0.1,0.15,0.125
2026-09-30,put,8025.0,338.0,351.5,344.75
2026-09-30,call,8030.0,0.1,0.2,0.15000000000000002
2026-09-30,put,8030.0,343.0,356.5,349.75
2026-09-30,call,8035.0,0.1,0.2,0.15000000000000002
2026-09-30,put,8035.0,348.0,361.5,354.75
2026-09-30,call,8040.0,0.1,0.15,0.125
2026-09-30,put,8040.0,353.0,366.5,359.75
2026-09-30,call,8045.0,0.1,0.15,0.125
2026-09-30,put,8045.0,358.0,371.5,364.75
2026-09-30,call,8050.0,0.1,0.15,0.125
2026-09-30,put,8050.0,363.0,376.5,369.75
2026-09-30,call,8055.0,0.1,0.15,0.125
2026-09-30,put,8055.0,368.0,381.6,374.8
2026-09-30,call,8060.0,0.1,0.15,0.125
2026-09-30,put,8060.0,373.0,386.5,379.75
2026-09-30,call,8065.0,0.05,0.15,0.1
2026-09-30,put,8065.0,378.0,391.5,384.75
2026-09-30,call,8070.0,0.05,0.15,0.1
2026-09-30,put,8070.0,389.8,390.9,390.35
2026-09-30,call,8075.0,0.05,0.15,0.1
2026-09-30,put,8075.0,388.0,401.5,394.75
2026-09-30,call,8080.0,0.05,0.15,0.1
2026-09-30,put,8080.0,393.0,406.5,399.75
2026-09-30,call,8085.0,0.05,0.15,0.1
2026-09-30,put,8085.0,398.0,411.5,404.75
2026-09-30,call,8090.0,0.05,0.15,0.1
2026-09-30,put,8090.0,403.0,416.5,409.75
2026-09-30,call,8095.0,0.05,0.15,0.1
2026-09-30,put,8095.0,408.0,421.5,414.75
2026-09-30,call,8100.0,0.05,0.15,0.1
2026-09-30,put,8100.0,413.0,426.5,419.75
2026-09-30,call,8105.0,0.05,0.15,0.1
2026-09-30,put,8105.0,418.0,431.5,424.75
2026-09-30,call,8110.0,0.05,0.15,0.1
2026-09-30,put,8110.0,422.9,436.5,429.7
2026-09-30,call,8115.0,0.05,0.15,0.1
2026-09-30,put,8115.0,427.9,441.5,434.7
2026-09-30,call,8120.0,0.05,0.15,0.1
2026-09-30,put,8120.0,432.9,446.5,439.7
2026-09-30,call,8125.0,0.05,0.15,0.1
2026-09-30,put,8125.0,437.9,452.9,445.4
2026-09-30,call,8130.0,0.05,0.15,0.1
2026-09-30,put,8130.0,442.9,456.5,449.7
2026-09-30,call,8135.0,0.05,0.15,0.1
2026-09-30,put,8135.0,447.9,461.5,454.7
2026-09-30,call,8140.0,0.05,0.15,0.1
2026-09-30,put,8140.0,452.9,466.5,459.7
2026-09-30,call,8145.0,0.05,0.15,0.1
2026-09-30,put,8145.0,457.9,471.5,464.7
2026-09-30,call,8150.0,0.05,0.15,0.1
2026-09-30,put,8150.0,462.9,477.9,470.4
2026-09-30,call,8155.0,0.05,0.15,0.1
2026-09-30,put,8155.0,467.9,481.5,474.7
2026-09-30,call,8160.0,0.05,0.15,0.1
2026-09-30,put,8160.0,472.9,486.5,479.7
2026-09-30,call,8165.0,0.05,0.15,0.1
2026-09-30,put,8165.0,477.9,491.5,484.7
2026-09-30,call,8170.0,0.05,0.15,0.1
2026-09-30,put,8170.0,482.9,496.5,489.7
2026-09-30,call,8175.0,0.05,0.15,0.1
2026-09-30,put,8175.0,487.9,501.4,494.65
2026-09-30,call,8180.0,0.05,0.1,0.07500000000000001
2026-09-30,put,8180.0,492.9,506.5,499.7
2026-09-30,call,8185.0,0.05,0.1,0.07500000000000001
2026-09-30,put,8185.0,497.9,511.5,504.7
2026-09-30,call,8190.0,0.05,0.1,0.07500000000000001
2026-09-30,put,8190.0,502.9,516.5,509.7
2026-09-30,call,8195.0,0.05,0.1,0.07500000000000001
2026-09-30,put,8195.0,507.9,521.8,514.8499999999999
2026-09-30,call,8200.0,0.05,0.1,0.07500000000000001
2026-09-30,put,8200.0,512.9,526.4,519.65
2026-09-30,call,8205.0,0.05,0.1,0.07500000000000001
2026-09-30,put,8205.0,517.9,532.9,525.4
2026-09-30,call,8210.0,0.05,0.1,0.07500000000000001
2026-09-30,put,8210.0,522.9,536.5,529.7
2026-09-30,call,8215.0,0.05,0.1,0.07500000000000001
2026-09-30,put,8215.0,527.9,541.5,534.7
2026-09-30,call,8220.0,0.05,0.1,0.07500000000000001
2026-09-30,put,8220.0,532.9,547.9,540.4
2026-09-30,call,8225.0,0.05,0.1,0.07500000000000001
2026-09-30,put,8225.0,537.9,552.9,545.4
2026-09-30,call,8230.0,0.05,0.1,0.07500000000000001
2026-09-30,put,8230.0,542.9,556.5,549.7
2026-09-30,call,8235.0,0.05,0.1,0.07500000000000001
2026-09-30,put,8235.0,547.9,562.9,555.4
2026-09-30,call,8240.0,0.05,0.1,0.07500000000000001
2026-09-30,put,8240.0,552.9,566.4,559.65
2026-09-30,call,8245.0,0.05,0.1,0.07500000000000001
2026-09-30,put,8245.0,557.9,571.4,564.65
2026-09-30,call,8250.0,0.05,0.1,0.07500000000000001
2026-09-30,put,8250.0,562.9,576.4,569.65
2026-09-30,put,8255.0,567.9,581.4,574.65
2026-09-30,put,8260.0,572.9,586.4,579.65
2026-09-30,put,8270.0,582.9,596.5,589.7
2026-09-30,put,8275.0,587.9,601.4,594.65
2026-09-30,put,8280.0,592.9,606.4,599.65
2026-09-30,put,8290.0,602.9,616.4,609.65
2026-09-30,put,8300.0,612.9,626.4,619.65
2026-09-30,put,8310.0,622.9,636.5,629.7
2026-09-30,put,8320.0,632.9,646.5,639.7
2026-09-30,put,8325.0,637.9,651.4,644.65
2026-09-30,put,8330.0,642.9,657.9,650.4
2026-09-30,put,8340.0,652.9,666.5,659.7
2026-09-30,put,8350.0,662.9,676.4,669.65
2026-09-30,put,8360.0,672.9,686.5,679.7
2026-09-30,put,8370.0,682.9,697.9,690.4
2026-09-30,put,8375.0,687.9,701.4,694.65
2026-09-30,put,8380.0,692.9,706.4,699.65
2026-09-30,put,8390.0,702.9,716.4,709.65
2026-09-30,put,8400.0,712.9,727.9,720.4
2026-09-30,put,8410.0,722.9,736.4,729.65
2026-09-30,put,8420.0,732.9,746.4,739.65
2026-09-30,put,8425.0,737.9,752.9,745.4
2026-09-30,put,8430.0,742.9,756.4,749.65
2026-09-30,put,8440.0,752.9,766.4,759.65
2026-09-30,put,8450.0,762.8,777.8,770.3
2026-09-30,put,8460.0,772.8,786.4,779.5999999999999
2026-09-30,put,8470.0,782.8,796.4,789.5999999999999
2026-09-30,put,8475.0,787.8,801.4,794.5999999999999
2026-09-30,put,8480.0,792.8,806.4,799.5999999999999
2026-09-30,put,8490.0,802.8,816.4,809.5999999999999
2026-09-30,put,8500.0,812.8,826.3,819.55
2026-09-30,put,8510.0,822.8,836.4,829.5999999999999
2026-09-30,put,8520.0,832.8,846.4,839.5999999999999
2026-09-30,put,8525.0,837.8,851.4,844.5999999999999
2026-09-30,put,8530.0,842.8,856.3,849.55
2026-09-30,put,8540.0,852.8,866.4,859.5999999999999
2026-09-30,put,8550.0,862.8,876.3,869.55
2026-09-30,put,8560.0,872.8,886.4,879.5999999999999
2026-09-30,put,8570.0,882.8,896.4,889.5999999999999
2026-09-30,put,8575.0,887.8,901.4,894.5999999999999
2026-09-30,put,8580.0,892.8,906.4,899.5999999999999
2026-09-30,put,8590.0,902.8,916.4,909.5999999999999
2026-09-30,put,8600.0,912.8,926.3,919.55
2026-09-30,put,8610.0,922.8,936.4,929.5999999999999
2026-09-30,put,8620.0,932.8,946.4,939.5999999999999
2026-09-30,put,8625.0,937.8,951.4,944.5999999999999
2026-09-30,put,8630.0,942.8,957.8,950.3
2026-09-30,put,8650.0,962.8,976.4,969.5999999999999
2026-09-30,put,8675.0,987.8,1001.3,994.55
2026-09-30,put,8700.0,1012.8,1026.3,1019.55
2026-09-30,put,8725.0,1037.8,1051.4,1044.6
2026-09-30,put,8750.0,1062.8,1076.4,1069.6
2026-09-30,put,8775.0,1087.8,1101.4,1094.6
2026-09-30,put,8800.0,1112.8,1126.3,1119.55
2026-09-30,put,8825.0,1137.8,1151.4,1144.6
2026-09-30,put,8850.0,1162.8,1176.4,1169.6
2026-09-30,put,8875.0,1187.8,1201.4,1194.6
2026-09-30,put,8900.0,1212.8,1226.3,1219.55
2026-09-30,put,9000.0,1312.8,1326.3,1319.55
2026-09-30,put,9100.0,1412.7,1426.3,1419.5
2026-09-30,put,9200.0,1512.7,1526.3,1519.5
2026-09-30,put,9300.0,1612.7,1626.3,1619.5
2026-09-30,put,9400.0,1719.1,1721.2,1720.15
2026-09-30,put,9600.0,1912.7,1926.2,1919.45
2026-09-30,put,9800.0,2112.6,2126.2,2119.3999999999996
2026-09-30,put,10000.0,2312.6,2326.2,2319.3999999999996
2026-10-01,call,3200.0,4471.6,4486.6,4479.1
2026-10-01,call,3400.0,4271.7,4286.7,4279.2
2026-10-01,call,3600.0,4071.7,4086.7,4079.2
2026-10-01,call,3800.0,3871.8,3886.8,3879.3
2026-10-01,call,4000.0,3671.8,3686.8,3679.3
2026-10-01,call,4200.0,3471.9,3486.9,3479.4
2026-10-01,call,4400.0,3271.9,3286.9,3279.4
2026-10-01,call,4600.0,3072.0,3087.0,3079.5
2026-10-01,call,4800.0,2872.0,2887.0,2879.5
2026-10-01,call,5000.0,2672.0,2687.0,2679.5
2026-10-01,call,5200.0,2472.1,2487.1,2479.6
2026-10-01,call,5400.0,2272.1,2287.1,2279.6
2026-10-01,call,5600.0,2072.2,2087.2,2079.7
2026-10-01,call,5800.0,1872.3,1887.3,1879.8
2026-10-01,call,6000.0,1672.3,1687.3,1679.8
2026-10-01,call,6100.0,1572.3,1587.3,1579.8
2026-10-01,call,6200.0,1472.4,1487.4,1479.9
2026-10-01,call,6300.0,1372.4,1387.4,1379.9
2026-10-01,call,6400.0,1272.4,1287.4,1279.9
2026-10-01,put,6400.0,0.05,0.1,0.07500000000000001
2026-10-01,call,6500.0,1172.5,1187.5,1180.0
2026-10-01,put,6500.0,0.05,0.1,0.07500000000000001
2026-10-01,call,6525.0,1147.5,1162.5,1155.0
2026-10-01,put,6525.0,0.05,0.1,0.07500000000000001
2026-10-01,call,6550.0,1122.5,1137.5,1130.0
2026-10-01,put,6550.0,0.05,0.1,0.07500000000000001
2026-10-01,call,6575.0,1097.5,1112.5,1105.0
2026-10-01,put,6575.0,0.05,0.15,0.1
2026-10-01,call,6600.0,1072.5,1087.5,1080.0
2026-10-01,put,6600.0,0.05,0.15,0.1
2026-10-01,call,6625.0,1047.5,1062.5,1055.0
2026-10-01,put,6625.0,0.05,0.15,0.1
2026-10-01,call,6650.0,1022.5,1037.5,1030.0
2026-10-01,put,6650.0,0.05,0.15,0.1
2026-10-01,call,6675.0,997.5,1012.5,1005.0
2026-10-01,put,6675.0,0.05,0.15,0.1
2026-10-01,call,6700.0,972.6,987.6,980.1
2026-10-01,put,6700.0,0.05,0.15,0.1
2026-10-01,call,6725.0,947.6,962.6,955.1
2026-10-01,put,6725.0,0.05,0.15,0.1
2026-10-01,call,6750.0,922.6,937.6,930.1
2026-10-01,put,6750.0,0.05,0.15,0.1
2026-10-01,call,6775.0,897.6,912.6,905.1
2026-10-01,put,6775.0,0.05,0.15,0.1
2026-10-01,call,6800.0,872.6,887.6,880.1
2026-10-01,put,6800.0,0.1,0.15,0.125
2026-10-01,call,6825.0,847.6,862.6,855.1
2026-10-01,put,6825.0,0.1,0.2,0.15000000000000002
2026-10-01,call,6850.0,822.6,837.6,830.1
2026-10-01,put,6850.0,0.1,0.2,0.15000000000000002
2026-10-01,call,6875.0,797.6,812.6,805.1
2026-10-01,put,6875.0,0.1,0.2,0.15000000000000002
2026-10-01,call,6900.0,772.7,787.7,780.2
2026-10-01,put,6900.0,0.1,0.2,0.15000000000000002
2026-10-01,call,6925.0,747.7,762.7,755.2
2026-10-01,put,6925.0,0.1,0.2,0.15000000000000002
2026-10-01,call,6950.0,722.7,737.7,730.2
2026-10-01,put,6950.0,0.15,0.25,0.2
2026-10-01,call,6975.0,697.7,712.7,705.2
2026-10-01,put,6975.0,0.15,0.25,0.2
2026-10-01,call,7000.0,672.7,687.7,680.2
2026-10-01,put,7000.0,0.15,0.25,0.2
2026-10-01,call,7025.0,647.8,662.8,655.3
2026-10-01,put,7025.0,0.2,0.3,0.25
2026-10-01,call,7050.0,622.8,637.8,630.3
2026-10-01,put,7050.0,0.2,0.3,0.25
2026-10-01,call,7070.0,602.8,617.8,610.3
2026-10-01,put,7070.0,0.2,0.3,0.25
2026-10-01,call,7075.0,597.8,612.8,605.3
2026-10-01,put,7075.0,0.2,0.3,0.25
2026-10-01,call,7080.0,592.8,607.8,600.3
2026-10-01,put,7080.0,0.2,0.3,0.25
2026-10-01,call,7090.0,582.8,597.8,590.3
2026-10-01,put,7090.0,0.25,0.35,0.3
2026-10-01,call,7100.0,572.8,587.8,580.3
2026-10-01,put,7100.0,0.25,0.35,0.3
2026-10-01,call,7110.0,562.8,577.8,570.3
2026-10-01,put,7110.0,0.25,0.35,0.3
2026-10-01,call,7120.0,552.9,567.9,560.4
2026-10-01,put,7120.0,0.25,0.35,0.3
2026-10-01,call,7125.0,547.9,562.9,555.4
2026-10-01,put,7125.0,0.25,0.35,0.3
2026-10-01,call,7130.0,544.7,557.9,551.3
2026-10-01,put,7130.0,0.25,0.35,0.3
2026-10-01,call,7140.0,534.7,547.9,541.3
2026-10-01,put,7140.0,0.3,0.4,0.35
2026-10-01,call,7150.0,522.9,537.9,530.4
2026-10-01,put,7150.0,0.3,0.4,0.35
2026-10-01,call,7160.0,512.9,527.9,520.4
2026-10-01,put,7160.0,0.3,0.4,0.35
2026-10-01,call,7170.0,502.9,517.9,510.4
2026-10-01,put,7170.0,0.3,0.4,0.35
2026-10-01,call,7175.0,497.9,512.9,505.4
2026-10-01,put,7175.0,0.3,0.4,0.35
2026-10-01,call,7180.0,492.9,507.9,500.4
2026-10-01,put,7180.0,0.3,0.45,0.375
2026-10-01,call,7190.0,483.0,498.0,490.5
2026-10-01,put,7190.0,0.35,0.45,0.4
2026-10-01,call,7200.0,473.0,488.0,480.5
2026-10-01,put,7200.0,0.35,0.45,0.4
2026-10-01,call,7210.0,463.0,478.0,470.5
2026-10-01,put,7210.0,0.35,0.45,0.4
2026-10-01,call,7220.0,453.0,468.0,460.5
2026-10-01,put,7220.0,0.4,0.45,0.42500000000000004
2026-10-01,call,7225.0,448.0,463.0,455.5
2026-10-01,put,7225.0,0.4,0.5,0.45
2026-10-01,call,7230.0,443.0,458.0,450.5
2026-10-01,put,7230.0,0.4,0.5,0.45
2026-10-01,call,7235.0,438.0,453.0,445.5
2026-10-01,put,7235.0,0.4,0.5,0.45
2026-10-01,call,7240.0,433.0,448.0,440.5
2026-10-01,put,7240.0,0.4,0.5,0.45
2026-10-01,call,7245.0,428.0,443.0,435.5
2026-10-01,put,7245.0,0.4,0.5,0.45
2026-10-01,call,7250.0,423.1,438.1,430.6
2026-10-01,put,7250.0,0.4,0.5,0.45
2026-10-01,call,7255.0,418.1,433.1,425.6
2026-10-01,put,7255.0,0.45,0.55,0.5
2026-10-01,call,7260.0,413.1,428.1,420.6
2026-10-01,put,7260.0,0.45,0.55,0.5
2026-10-01,call,7265.0,408.1,423.1,415.6
2026-10-01,put,7265.0,0.45,0.55,0.5
2026-10-01,call,7270.0,403.1,418.1,410.6
2026-10-01,put,7270.0,0.45,0.55,0.5
2026-10-01,call,7275.0,398.1,413.1,405.6
2026-10-01,put,7275.0,0.45,0.55,0.5
2026-10-01,call,7280.0,393.1,408.1,400.6
2026-10-01,put,7280.0,0.45,0.55,0.5
2026-10-01,call,7285.0,388.1,403.1,395.6
2026-10-01,put,7285.0,0.5,0.6,0.55
2026-10-01,call,7290.0,383.1,398.1,390.6
2026-10-01,put,7290.0,0.5,0.6,0.55
2026-10-01,call,7295.0,378.2,393.2,385.7
2026-10-01,put,7295.0,0.5,0.6,0.55
2026-10-01,call,7300.0,373.2,388.2,380.7
2026-10-01,put,7300.0,0.5,0.6,0.55
2026-10-01,call,7305.0,368.2,383.2,375.7
2026-10-01,put,7305.0,0.55,0.65,0.6000000000000001
2026-10-01,call,7310.0,363.2,378.2,370.7
2026-10-01,put,7310.0,0.55,0.65,0.6000000000000001
2026-10-01,call,7315.0,358.2,373.2,365.7
2026-10-01,put,7315.0,0.55,0.65,0.6000000000000001
2026-10-01,call,7320.0,353.2,368.2,360.7
2026-10-01,put,7320.0,0.55,0.7,0.625
2026-10-01,call,7325.0,348.2,363.2,355.7
2026-10-01,put,7325.0,0.6,0.7,0.6499999999999999
2026-10-01,call,7330.0,343.3,358.3,350.8
2026-10-01,put,7330.0,0.6,0.7,0.6499999999999999
2026-10-01,call,7335.0,338.3,353.3,345.8
2026-10-01,put,7335.0,0.6,0.75,0.675
2026-10-01,call,7340.0,333.3,348.3,340.8
2026-10-01,put,7340.0,0.65,0.75,0.7
2026-10-01,call,7345.0,328.3,343.3,335.8
2026-10-01,put,7345.0,0.65,0.75,0.7
2026-10-01,call,7350.0,323.3,338.3,330.8
2026-10-01,put,7350.0,0.65,0.8,0.7250000000000001
2026-10-01,call,7355.0,318.4,333.4,325.9
2026-10-01,put,7355.0,0.7,0.8,0.75
2026-10-01,call,7360.0,313.4,328.4,320.9
2026-10-01,put,7360.0,0.7,0.85,0.7749999999999999
2026-10-01,call,7365.0,308.4,323.4,315.9
2026-10-01,put,7365.0,0.75,0.85,0.8
2026-10-01,call,7370.0,303.4,318.4,310.9
2026-10-01,put,7370.0,0.75,0.9,0.825
2026-10-01,call,7375.0,298.5,313.5,306.0
2026-10-01,put,7375.0,0.8,0.9,0.8500000000000001
2026-10-01,call,7380.0,293.5,308.5,301.0
2026-10-01,put,7380.0,0.8,0.95,0.875
2026-10-01,call,7385.0,288.5,303.5,296.0
2026-10-01,put,7385.0,0.85,0.95,0.8999999999999999
2026-10-01,call,7390.0,283.6,298.6,291.1
2026-10-01,put,7390.0,0.9,1.0,0.95
2026-10-01,call,7395.0,278.6,293.6,286.1
2026-10-01,put,7395.0,0.95,1.05,1.0
2026-10-01,call,7400.0,273.6,288.6,281.1
2026-10-01,put,7400.0,0.95,1.05,1.0
2026-10-01,call,7405.0,268.7,283.7,276.2
2026-10-01,put,7405.0,1.0,1.15,1.075
2026-10-01,call,7410.0,263.7,278.7,271.2
2026-10-01,put,7410.0,1.05,1.15,1.1
2026-10-01,call,7415.0,258.8,273.8,266.3
2026-10-01,put,7415.0,1.1,1.2,1.15
2026-10-01,call,7420.0,253.8,268.8,261.3
2026-10-01,put,7420.0,1.15,1.25,1.2
2026-10-01,call,7425.0,248.9,263.9,256.4
2026-10-01,put,7425.0,1.2,1.3,1.25
2026-10-01,call,7430.0,243.9,258.9,251.39999999999998
2026-10-01,put,7430.0,1.25,1.4,1.325
2026-10-01,call,7435.0,239.0,254.0,246.5
2026-10-01,put,7435.0,1.35,1.45,1.4
2026-10-01,call,7440.0,234.1,249.1,241.6
2026-10-01,put,7440.0,1.4,1.55,1.475
2026-10-01,call,7445.0,229.2,244.2,236.7
2026-10-01,put,7445.0,1.5,1.6,1.55
2026-10-01,call,7450.0,224.3,239.3,231.8
2026-10-01,put,7450.0,1.6,1.7,1.65
2026-10-01,call,7455.0,219.4,234.4,226.9
2026-10-01,put,7455.0,1.65,1.8,1.725
2026-10-01,call,7460.0,214.4,229.4,221.9
2026-10-01,put,7460.0,1.75,1.85,1.8
2026-10-01,call,7465.0,209.6,224.6,217.1
2026-10-01,put,7465.0,1.85,1.95,1.9
2026-10-01,call,7470.0,204.7,219.7,212.2
2026-10-01,put,7470.0,2.0,2.1,2.05
2026-10-01,call,7475.0,202.3,212.3,207.3
2026-10-01,put,7475.0,2.1,2.2,2.1500000000000004
2026-10-01,call,7480.0,197.4,207.4,202.4
2026-10-01,put,7480.0,2.25,2.35,2.3
2026-10-01,call,7485.0,192.6,202.6,197.6
2026-10-01,put,7485.0,2.4,2.5,2.45
2026-10-01,call,7490.0,187.8,197.8,192.8
2026-10-01,put,7490.0,2.55,2.7,2.625
2026-10-01,call,7495.0,183.0,193.0,188.0
2026-10-01,put,7495.0,2.75,2.85,2.8
2026-10-01,call,7500.0,178.2,188.2,183.2
2026-10-01,put,7500.0,2.95,3.1,3.0250000000000004
2026-10-01,call,7505.0,173.4,183.4,178.4
2026-10-01,put,7505.0,3.1,3.3,3.2
2026-10-01,call,7510.0,168.6,178.6,173.6
2026-10-01,put,7510.0,3.4,3.5,3.45
2026-10-01,call,7515.0,163.9,173.9,168.9
2026-10-01,put,7515.0,3.6,3.8,3.7
2026-10-01,call,7520.0,159.1,169.1,164.1
2026-10-01,put,7520.0,3.9,4.1,4.0
2026-10-01,call,7525.0,154.6,164.4,159.5
2026-10-01,put,7525.0,4.2,4.4,4.300000000000001
2026-10-01,call,7530.0,149.8,159.8,154.8
2026-10-01,put,7530.0,4.5,4.7,4.6
2026-10-01,call,7535.0,145.2,155.1,150.14999999999998
2026-10-01,put,7535.0,4.8,5.0,4.9
2026-10-01,call,7540.0,140.6,150.5,145.55
2026-10-01,put,7540.0,5.2,5.4,5.300000000000001
2026-10-01,call,7545.0,136.1,145.9,141.0
2026-10-01,put,7545.0,5.6,5.8,5.699999999999999
2026-10-01,call,7550.0,131.6,141.3,136.45
2026-10-01,put,7550.0,6.1,6.3,6.199999999999999
2026-10-01,call,7555.0,126.8,136.8,131.8
2026-10-01,put,7555.0,6.5,6.7,6.6
2026-10-01,call,7560.0,122.3,132.3,127.30000000000001
2026-10-01,put,7560.0,7.0,7.3,7.15
2026-10-01,call,7565.0,117.8,127.8,122.8
2026-10-01,put,7565.0,7.6,7.8,7.699999999999999
2026-10-01,call,7570.0,113.4,123.4,118.4
2026-10-01,put,7570.0,8.1,8.4,8.25
2026-10-01,call,7575.0,109.0,119.0,114.0
2026-10-01,put,7575.0,8.8,9.0,8.9
2026-10-01,call,7580.0,104.7,114.7,109.7
2026-10-01,put,7580.0,9.4,9.6,9.5
2026-10-01,call,7585.0,101.0,110.5,105.75
2026-10-01,put,7585.0,10.1,10.3,10.2
2026-10-01,call,7590.0,98.4,103.4,100.9
2026-10-01,put,7590.0,10.9,11.1,11.0
2026-10-01,call,7595.0,94.2,99.2,96.7
2026-10-01,put,7595.0,11.6,11.9,11.75
2026-10-01,call,7600.0,92.3,93.5,92.9
2026-10-01,put,7600.0,12.5,12.8,12.65
2026-10-01,call,7605.0,86.0,91.0,88.5
2026-10-01,put,7605.0,13.4,13.7,13.55
2026-10-01,call,7610.0,82.0,87.0,84.5
2026-10-01,put,7610.0,14.4,14.6,14.5
2026-10-01,call,7615.0,78.0,83.0,80.5
2026-10-01,put,7615.0,15.4,15.7,15.55
2026-10-01,call,7620.0,74.1,79.1,76.6
2026-10-01,put,7620.0,16.5,16.8,16.65
2026-10-01,call,7625.0,72.9,73.4,73.15
2026-10-01,put,7625.0,17.7,18.0,17.85
2026-10-01,call,7630.0,69.1,69.6,69.35
2026-10-01,put,7630.0,18.9,19.2,19.049999999999997
2026-10-01,call,7635.0,65.5,66.0,65.75
2026-10-01,put,7635.0,20.2,20.6,20.4
2026-10-01,call,7640.0,61.9,62.4,62.15
2026-10-01,put,7640.0,21.6,22.0,21.8
2026-10-01,call,7645.0,58.4,58.9,58.65
2026-10-01,put,7645.0,23.1,23.5,23.3
2026-10-01,call,7650.0,55.0,55.4,55.2
2026-10-01,put,7650.0,24.7,25.1,24.9
2026-10-01,call,7655.0,51.6,52.1,51.85
2026-10-01,put,7655.0,26.3,26.7,26.5
2026-10-01,call,7660.0,48.4,48.8,48.599999999999994
2026-10-01,put,7660.0,28.1,28.5,28.3
2026-10-01,call,7665.0,45.3,45.7,45.5
2026-10-01,put,7665.0,30.0,30.4,30.2
2026-10-01,call,7670.0,42.3,42.6,42.45
2026-10-01,put,7670.0,32.0,32.3,32.15
2026-10-01,call,7675.0,39.3,39.7,39.5
2026-10-01,put,7675.0,34.1,34.4,34.25
2026-10-01,call,7680.0,36.5,36.9,36.7
2026-10-01,put,7680.0,36.2,36.6,36.400000000000006
2026-10-01,call,7685.0,33.8,34.2,34.0
2026-10-01,put,7685.0,38.5,38.9,38.7
2026-10-01,call,7690.0,31.2,31.6,31.4
2026-10-01,put,7690.0,41.0,41.4,41.2
2026-10-01,call,7695.0,28.8,29.2,29.0
2026-10-01,put,7695.0,43.5,44.0,43.75
2026-10-01,call,7700.0,26.5,26.8,26.65
2026-10-01,put,7700.0,46.1,46.6,46.35
2026-10-01,call,7705.0,24.3,24.6,24.450000000000003
2026-10-01,put,7705.0,49.0,49.4,49.2
2026-10-01,call,7710.0,22.2,22.5,22.35
2026-10-01,put,7710.0,51.8,52.3,52.05
2026-10-01,call,7715.0,20.3,20.6,20.450000000000003
2026-10-01,put,7715.0,54.9,55.3,55.099999999999994
2026-10-01,call,7720.0,18.4,18.7,18.549999999999997
2026-10-01,put,7720.0,58.0,58.5,58.25
2026-10-01,call,7725.0,16.7,17.0,16.85
2026-10-01,put,7725.0,61.3,61.8,61.55
2026-10-01,call,7730.0,15.1,15.4,15.25
2026-10-01,put,7730.0,64.7,65.1,64.9
2026-10-01,call,7735.0,13.6,13.9,13.75
2026-10-01,put,7735.0,67.8,69.0,68.4
2026-10-01,call,7740.0,12.2,12.5,12.35
2026-10-01,put,7740.0,71.4,72.6,72.0
2026-10-01,call,7745.0,11.0,11.3,11.15
2026-10-01,put,7745.0,75.1,76.4,75.75
2026-10-01,call,7750.0,9.9,10.1,10.0
2026-10-01,put,7750.0,79.1,80.3,79.69999999999999
2026-10-01,call,7755.0,8.8,9.1,8.95
2026-10-01,put,7755.0,82.9,84.2,83.55000000000001
2026-10-01,call,7760.0,7.9,8.1,8.0
2026-10-01,put,7760.0,87.0,88.3,87.65
2026-10-01,call,7765.0,7.0,7.2,7.1
2026-10-01,put,7765.0,89.7,94.7,92.2
2026-10-01,call,7770.0,6.2,6.4,6.300000000000001
2026-10-01,put,7770.0,95.3,96.6,95.94999999999999
2026-10-01,call,7775.0,5.5,5.7,5.6
2026-10-01,put,7775.0,98.2,103.2,100.7
2026-10-01,call,7780.0,4.9,5.1,5.0
2026-10-01,put,7780.0,102.1,107.1,104.6
2026-10-01,call,7785.0,4.4,4.5,4.45
2026-10-01,put,7785.0,104.2,114.2,109.2
2026-10-01,call,7790.0,3.9,4.0,3.95
2026-10-01,put,7790.0,108.7,118.7,113.7
2026-10-01,call,7795.0,3.4,3.6,3.5
2026-10-01,put,7795.0,113.3,123.3,118.3
2026-10-01,call,7800.0,3.0,3.2,3.1
2026-10-01,put,7800.0,122.1,123.4,122.75
2026-10-01,call,7805.0,2.7,2.8,2.75
2026-10-01,put,7805.0,126.8,128.1,127.44999999999999
2026-10-01,call,7810.0,2.4,2.5,2.45
2026-10-01,put,7810.0,127.2,137.2,132.2
2026-10-01,call,7815.0,2.15,2.25,2.2
2026-10-01,put,7815.0,136.2,137.5,136.85
2026-10-01,call,7820.0,1.9,2.0,1.95
2026-10-01,put,7820.0,136.7,146.7,141.7
2026-10-01,call,7825.0,1.7,1.8,1.75
2026-10-01,put,7825.0,145.7,147.1,146.39999999999998
2026-10-01,call,7830.0,1.45,1.6,1.525
2026-10-01,put,7830.0,146.3,156.3,151.3
2026-10-01,call,7835.0,1.3,1.45,1.375
2026-10-01,put,7835.0,151.2,161.2,156.2
2026-10-01,call,7840.0,1.15,1.3,1.225
2026-10-01,put,7840.0,156.0,166.0,161.0
2026-10-01,call,7845.0,1.05,1.15,1.1
2026-10-01,put,7845.0,160.9,170.9,165.9
2026-10-01,call,7850.0,0.95,1.05,1.0
2026-10-01,put,7850.0,165.8,175.8,170.8
2026-10-01,call,7855.0,0.85,0.95,0.8999999999999999
2026-10-01,put,7855.0,170.7,180.7,175.7
2026-10-01,call,7860.0,0.75,0.9,0.825
2026-10-01,put,7860.0,175.6,185.6,180.6
2026-10-01,call,7865.0,0.7,0.8,0.75
2026-10-01,put,7865.0,180.5,190.5,185.5
2026-10-01,call,7870.0,0.65,0.75,0.7
2026-10-01,put,7870.0,185.5,195.5,190.5
2026-10-01,call,7875.0,0.6,0.7,0.6499999999999999
2026-10-01,put,7875.0,190.4,200.4,195.4
2026-10-01,call,7880.0,0.55,0.65,0.6000000000000001
2026-10-01,put,7880.0,195.4,205.4,200.4
2026-10-01,call,7885.0,0.5,0.6,0.55
2026-10-01,put,7885.0,200.3,210.3,205.3
2026-10-01,call,7890.0,0.45,0.55,0.5
2026-10-01,put,7890.0,202.8,217.8,210.3
2026-10-01,call,7895.0,0.4,0.55,0.47500000000000003
2026-10-01,put,7895.0,207.7,222.7,215.2
2026-10-01,call,7900.0,0.4,0.5,0.45
2026-10-01,put,7900.0,212.7,227.7,220.2
2026-10-01,call,7905.0,0.35,0.5,0.425
2026-10-01,put,7905.0,217.7,232.7,225.2
2026-10-01,call,7910.0,0.35,0.45,0.4
2026-10-01,put,7910.0,222.7,237.7,230.2
2026-10-01,call,7915.0,0.35,0.45,0.4
2026-10-01,put,7915.0,227.6,242.6,235.1
2026-10-01,call,7920.0,0.3,0.4,0.35
2026-10-01,put,7920.0,232.6,245.8,239.2
2026-10-01,call,7925.0,0.3,0.4,0.35
2026-10-01,put,7925.0,237.6,252.6,245.1
2026-10-01,call,7930.0,0.3,0.4,0.35
2026-10-01,put,7930.0,242.6,257.6,250.10000000000002
2026-10-01,call,7935.0,0.25,0.4,0.325
2026-10-01,put,7935.0,247.6,262.6,255.10000000000002
2026-10-01,call,7940.0,0.25,0.35,0.3
2026-10-01,put,7940.0,252.6,267.6,260.1
2026-10-01,call,7945.0,0.25,0.35,0.3
2026-10-01,put,7945.0,257.5,272.5,265.0
2026-10-01,call,7950.0,0.25,0.35,0.3
2026-10-01,put,7950.0,262.5,277.5,270.0
2026-10-01,call,7955.0,0.25,0.35,0.3
2026-10-01,put,7955.0,267.5,280.7,274.1
2026-10-01,call,7960.0,0.2,0.3,0.25
2026-10-01,put,7960.0,272.5,285.7,279.1
2026-10-01,call,7965.0,0.2,0.3,0.25
2026-10-01,put,7965.0,277.5,290.7,284.1
2026-10-01,call,7970.0,0.2,0.3,0.25
2026-10-01,put,7970.0,282.5,295.5,289.0
2026-10-01,call,7975.0,0.2,0.3,0.25
2026-10-01,put,7975.0,287.5,302.5,295.0
2026-10-01,call,7980.0,0.2,0.3,0.25
2026-10-01,put,7980.0,292.5,307.5,300.0
2026-10-01,call,7990.0,0.2,0.3,0.25
2026-10-01,put,7990.0,302.5,317.5,310.0
2026-10-01,call,8000.0,0.15,0.25,0.2
2026-10-01,put,8000.0,312.4,327.4,319.9
2026-10-01,call,8010.0,0.15,0.25,0.2
2026-10-01,put,8010.0,322.4,337.4,329.9
2026-10-01,call,8020.0,0.15,0.25,0.2
2026-10-01,put,8020.0,332.4,345.6,339.0
2026-10-01,call,8025.0,0.15,0.25,0.2
2026-10-01,put,8025.0,337.4,352.4,344.9
2026-10-01,call,8030.0,0.15,0.25,0.2
2026-10-01,put,8030.0,342.4,355.6,349.0
2026-10-01,call,8040.0,0.15,0.25,0.2
2026-10-01,put,8040.0,352.4,365.6,359.0
2026-10-01,call,8050.0,0.15,0.25,0.2
2026-10-01,put,8050.0,362.4,377.4,369.9
2026-10-01,call,8075.0,0.1,0.2,0.15000000000000002
2026-10-01,put,8075.0,387.4,402.4,394.9
2026-10-01,call,8100.0,0.1,0.2,0.15000000000000002
2026-10-01,put,8100.0,412.4,427.4,419.9
2026-10-01,call,8125.0,0.1,0.2,0.15000000000000002
2026-10-01,put,8125.0,437.3,452.3,444.8
2026-10-01,call,8150.0,0.1,0.15,0.125
2026-10-01,put,8150.0,462.3,477.3,469.8
2026-10-01,call,8175.0,0.05,0.15,0.1
2026-10-01,put,8175.0,487.3,502.3,494.8
2026-10-01,call,8200.0,0.05,0.15,0.1
2026-10-01,put,8200.0,512.3,527.3,519.8
2026-10-01,call,8225.0,0.05,0.15,0.1
2026-10-01,put,8225.0,537.3,552.3,544.8
2026-10-01,call,8250.0,0.05,0.15,0.1
2026-10-01,put,8250.0,562.3,577.3,569.8
2026-10-01,call,8275.0,0.05,0.15,0.1
2026-10-01,put,8275.0,587.3,602.3,594.8
2026-10-01,call,8300.0,0.05,0.15,0.1
2026-10-01,put,8300.0,612.3,627.3,619.8
2026-10-01,put,8400.0,712.2,727.2,719.7
2026-10-01,put,8500.0,812.2,827.2,819.7
2026-10-01,put,8600.0,912.1,927.1,919.6
2026-10-01,put,8800.0,1112.1,1127.1,1119.6
2026-10-01,put,9000.0,1312.0,1327.0,1319.5
2026-10-01,put,9200.0,1512.0,1527.0,1519.5
2026-10-01,put,9400.0,1711.9,1726.9,1719.4
2026-10-01,put,9600.0,1911.9,1926.9,1919.4
2026-10-01,put,9800.0,2111.8,2126.8,2119.3
2026-10-01,put,10000.0,2311.8,2326.8,2319.3
2026-10-02,call,3200.0,4471.9,4486.9,4479.4
2026-10-02,call,3400.0,4272.0,4287.0,4279.5
2026-10-02,call,3600.0,4072.1,4087.1,4079.6
2026-10-02,call,3800.0,3872.3,3887.3,3879.8
2026-10-02,call,4000.0,3672.4,3687.4,3679.9
2026-10-02,call,4200.0,3472.5,3487.5,3480.0
2026-10-02,call,4400.0,3272.6,3287.6,3280.1
2026-10-02,call,4600.0,3072.7,3087.7,3080.2
2026-10-02,call,4800.0,2872.9,2887.9,2880.4
2026-10-02,call,5000.0,2673.0,2688.0,2680.5
2026-10-02,call,5200.0,2473.1,2488.1,2480.6
2026-10-02,call,5400.0,2273.2,2288.2,2280.7
2026-10-02,call,5600.0,2073.4,2088.4,2080.9
2026-10-02,call,5700.0,1973.4,1988.4,1980.9
2026-10-02,call,5800.0,1873.5,1888.5,1881.0
2026-10-02,call,5900.0,1773.6,1788.6,1781.1
2026-10-02,call,6000.0,1673.6,1688.6,1681.1
2026-10-02,call,6050.0,1623.7,1638.7,1631.2
2026-10-02,call,6100.0,1573.7,1588.7,1581.2
2026-10-02,put,6100.0,0.05,0.1,0.07500000000000001
2026-10-02,call,6150.0,1523.7,1538.7,1531.2
2026-10-02,put,6150.0,0.05,0.1,0.07500000000000001
2026-10-02,call,6175.0,1498.8,1513.8,1506.3
2026-10-02,put,6175.0,0.05,0.15,0.1
2026-10-02,call,6200.0,1473.8,1488.8,1481.3
2026-10-02,put,6200.0,0.05,0.15,0.1
2026-10-02,call,6225.0,1448.8,1463.8,1456.3
2026-10-02,put,6225.0,0.05,0.15,0.1
2026-10-02,call,6250.0,1423.8,1438.8,1431.3
2026-10-02,put,6250.0,0.05,0.15,0.1
2026-10-02,call,6275.0,1398.8,1413.8,1406.3
2026-10-02,put,6275.0,0.05,0.15,0.1
2026-10-02,call,6300.0,1373.8,1388.8,1381.3
2026-10-02,put,6300.0,0.05,0.15,0.1
2026-10-02,call,6325.0,1348.9,1363.9,1356.4
2026-10-02,put,6325.0,0.05,0.15,0.1
2026-10-02,call,6350.0,1323.9,1338.9,1331.4
2026-10-02,put,6350.0,0.05,0.15,0.1
2026-10-02,call,6375.0,1298.9,1313.9,1306.4
2026-10-02,put,6375.0,0.05,0.15,0.1
2026-10-02,call,6400.0,1273.9,1288.9,1281.4
2026-10-02,put,6400.0,0.05,0.15,0.1
2026-10-02,call,6425.0,1248.9,1263.9,1256.4
2026-10-02,put,6425.0,0.05,0.15,0.1
2026-10-02,call,6450.0,1224.0,1239.0,1231.5
2026-10-02,put,6450.0,0.05,0.15,0.1
2026-10-02,call,6475.0,1199.0,1214.0,1206.5
2026-10-02,put,6475.0,0.1,0.15,0.125
2026-10-02,call,6500.0,1174.0,1189.0,1181.5
2026-10-02,put,6500.0,0.1,0.15,0.125
2026-10-02,call,6525.0,1149.0,1164.0,1156.5
2026-10-02,put,6525.0,0.1,0.2,0.15000000000000002
2026-10-02,call,6550.0,1124.0,1139.0,1131.5
2026-10-02,put,6550.0,0.1,0.2,0.15000000000000002
2026-10-02,call,6575.0,1099.1,1114.1,1106.6
2026-10-02,put,6575.0,0.1,0.2,0.15000000000000002
2026-10-02,call,6600.0,1074.1,1089.1,1081.6
2026-10-02,put,6600.0,0.1,0.2,0.15000000000000002
2026-10-02,call,6625.0,1049.1,1064.1,1056.6
2026-10-02,put,6625.0,0.1,0.2,0.15000000000000002
2026-10-02,call,6650.0,1024.1,1039.1,1031.6
2026-10-02,put,6650.0,0.1,0.2,0.15000000000000002
2026-10-02,call,6675.0,999.1,1014.1,1006.6
2026-10-02,put,6675.0,0.1,0.2,0.15000000000000002
2026-10-02,call,6700.0,974.2,989.2,981.7
2026-10-02,put,6700.0,0.15,0.2,0.175
2026-10-02,call,6725.0,949.2,964.2,956.7
2026-10-02,put,6725.0,0.15,0.25,0.2
2026-10-02,call,6750.0,924.2,939.2,931.7
2026-10-02,put,6750.0,0.15,0.25,0.2
2026-10-02,call,6760.0,914.2,929.2,921.7
2026-10-02,put,6760.0,0.15,0.25,0.2
2026-10-02,call,6770.0,904.2,919.2,911.7
2026-10-02,put,6770.0,0.15,0.25,0.2
2026-10-02,call,6775.0,899.2,914.2,906.7
2026-10-02,put,6775.0,0.15,0.25,0.2
2026-10-02,call,6780.0,894.3,909.3,901.8
2026-10-02,put,6780.0,0.15,0.25,0.2
2026-10-02,call,6790.0,884.3,899.3,891.8
2026-10-02,put,6790.0,0.15,0.25,0.2
2026-10-02,call,6800.0,874.3,889.3,881.8
2026-10-02,put,6800.0,0.15,0.25,0.2
2026-10-02,call,6810.0,864.3,879.3,871.8
2026-10-02,put,6810.0,0.2,0.25,0.225
2026-10-02,call,6820.0,854.3,869.3,861.8
2026-10-02,put,6820.0,0.2,0.3,0.25
2026-10-02,call,6825.0,849.3,864.3,856.8
2026-10-02,put,6825.0,0.2,0.3,0.25
2026-10-02,call,6830.0,844.3,859.3,851.8
2026-10-02,put,6830.0,0.2,0.3,0.25
2026-10-02,call,6840.0,834.3,849.3,841.8
2026-10-02,put,6840.0,0.2,0.3,0.25
2026-10-02,call,6850.0,824.3,839.3,831.8
2026-10-02,put,6850.0,0.2,0.3,0.25
2026-10-02,call,6860.0,814.3,829.3,821.8
2026-10-02,put,6860.0,0.2,0.3,0.25
2026-10-02,call,6870.0,804.4,819.4,811.9
2026-10-02,put,6870.0,0.2,0.3,0.25
2026-10-02,call,6875.0,799.4,814.4,806.9
2026-10-02,put,6875.0,0.2,0.3,0.25
2026-10-02,call,6880.0,794.4,809.4,801.9
2026-10-02,put,6880.0,0.2,0.3,0.25
2026-10-02,call,6890.0,784.4,799.4,791.9
2026-10-02,put,6890.0,0.25,0.35,0.3
2026-10-02,call,6900.0,774.4,789.4,781.9
2026-10-02,put,6900.0,0.25,0.35,0.3
2026-10-02,call,6910.0,764.4,779.4,771.9
2026-10-02,put,6910.0,0.25,0.35,0.3
2026-10-02,call,6920.0,754.4,769.4,761.9
2026-10-02,put,6920.0,0.25,0.35,0.3
2026-10-02,call,6925.0,749.4,764.4,756.9
2026-10-02,put,6925.0,0.25,0.35,0.3
2026-10-02,call,6930.0,744.4,759.4,751.9
2026-10-02,put,6930.0,0.25,0.35,0.3
2026-10-02,call,6940.0,734.5,749.5,742.0
2026-10-02,put,6940.0,0.25,0.35,0.3
2026-10-02,call,6950.0,724.5,739.5,732.0
2026-10-02,put,6950.0,0.3,0.4,0.35
2026-10-02,call,6960.0,714.5,729.5,722.0
2026-10-02,put,6960.0,0.3,0.4,0.35
2026-10-02,call,6970.0,704.5,719.5,712.0
2026-10-02,put,6970.0,0.3,0.4,0.35
2026-10-02,call,6975.0,699.5,714.5,707.0
2026-10-02,put,6975.0,0.3,0.4,0.35
2026-10-02,call,6980.0,694.5,709.5,702.0
2026-10-02,put,6980.0,0.3,0.4,0.35
2026-10-02,call,6990.0,684.5,699.5,692.0
2026-10-02,put,6990.0,0.3,0.4,0.35
2026-10-02,call,7000.0,674.5,689.5,682.0
2026-10-02,put,7000.0,0.35,0.45,0.4
2026-10-02,call,7010.0,664.6,679.6,672.1
2026-10-02,put,7010.0,0.35,0.45,0.4
2026-10-02,call,7020.0,654.6,669.6,662.1
2026-10-02,put,7020.0,0.35,0.45,0.4
2026-10-02,call,7025.0,649.6,664.6,657.1
2026-10-02,put,7025.0,0.35,0.45,0.4
2026-10-02,call,7030.0,644.6,659.6,652.1
2026-10-02,put,7030.0,0.35,0.45,0.4
2026-10-02,call,7040.0,634.6,649.6,642.1
2026-10-02,put,7040.0,0.35,0.5,0.425
2026-10-02,call,7050.0,624.6,639.6,632.1
2026-10-02,put,7050.0,0.4,0.5,0.45
2026-10-02,call,7060.0,614.7,629.7,622.2
2026-10-02,put,7060.0,0.4,0.5,0.45
2026-10-02,call,7070.0,604.7,619.7,612.2
2026-10-02,put,7070.0,0.4,0.5,0.45
2026-10-02,call,7075.0,599.7,614.7,607.2
2026-10-02,put,7075.0,0.4,0.5,0.45
2026-10-02,call,7080.0,594.7,609.7,602.2
2026-10-02,put,7080.0,0.4,0.55,0.47500000000000003
2026-10-02,call,7090.0,584.7,599.7,592.2
2026-10-02,put,7090.0,0.45,0.55,0.5
2026-10-02,call,7100.0,574.7,589.7,582.2
2026-10-02,put,7100.0,0.45,0.55,0.5
2026-10-02,call,7110.0,564.8,579.8,572.3
2026-10-02,put,7110.0,0.45,0.6,0.525
2026-10-02,call,7120.0,554.8,569.8,562.3
2026-10-02,put,7120.0,0.5,0.6,0.55
2026-10-02,call,7125.0,549.8,564.8,557.3
2026-10-02,put,7125.0,0.5,0.6,0.55
2026-10-02,call,7130.0,544.8,559.8,552.3
2026-10-02,put,7130.0,0.5,0.6,0.55
2026-10-02,call,7140.0,534.8,549.8,542.3
2026-10-02,put,7140.0,0.5,0.65,0.575
2026-10-02,call,7150.0,524.8,539.8,532.3
2026-10-02,put,7150.0,0.55,0.65,0.6000000000000001
2026-10-02,call,7160.0,514.9,529.9,522.4
2026-10-02,put,7160.0,0.55,0.65,0.6000000000000001
2026-10-02,call,7170.0,504.9,519.9,512.4
2026-10-02,put,7170.0,0.55,0.7,0.625
2026-10-02,call,7175.0,499.9,514.9,507.4
2026-10-02,put,7175.0,0.6,0.7,0.6499999999999999
2026-10-02,call,7180.0,494.9,509.9,502.4
2026-10-02,put,7180.0,0.6,0.7,0.6499999999999999
2026-10-02,call,7190.0,485.0,500.0,492.5
2026-10-02,put,7190.0,0.6,0.75,0.675
2026-10-02,call,7200.0,475.0,490.0,482.5
2026-10-02,put,7200.0,0.65,0.75,0.7
2026-10-02,call,7210.0,465.0,480.0,472.5
2026-10-02,put,7210.0,0.65,0.8,0.7250000000000001
2026-10-02,call,7220.0,455.1,470.1,462.6
2026-10-02,put,7220.0,0.7,0.8,0.75
2026-10-02,call,7225.0,450.1,465.1,457.6
2026-10-02,put,7225.0,0.7,0.8,0.75
2026-10-02,call,7230.0,445.1,460.1,452.6
2026-10-02,put,7230.0,0.7,0.85,0.7749999999999999
2026-10-02,call,7235.0,440.1,455.1,447.6
2026-10-02,put,7235.0,0.75,0.85,0.8
2026-10-02,call,7240.0,435.1,450.1,442.6
2026-10-02,put,7240.0,0.75,0.85,0.8
2026-10-02,call,7245.0,430.1,445.1,437.6
2026-10-02,put,7245.0,0.75,0.9,0.825
2026-10-02,call,7250.0,425.2,440.2,432.7
2026-10-02,put,7250.0,0.8,0.9,0.8500000000000001
2026-10-02,call,7255.0,420.2,435.2,427.7
2026-10-02,put,7255.0,0.8,0.9,0.8500000000000001
2026-10-02,call,7260.0,415.2,430.2,422.7
2026-10-02,put,7260.0,0.8,0.95,0.875
2026-10-02,call,7265.0,410.2,425.2,417.7
2026-10-02,put,7265.0,0.85,0.95,0.8999999999999999
2026-10-02,call,7270.0,405.3,420.3,412.8
2026-10-02,put,7270.0,0.85,1.0,0.925
2026-10-02,call,7275.0,400.3,415.3,407.8
2026-10-02,put,7275.0,0.9,1.0,0.95
2026-10-02,call,7280.0,395.3,410.3,402.8
2026-10-02,put,7280.0,0.9,1.0,0.95
2026-10-02,call,7285.0,390.3,405.3,397.8
2026-10-02,put,7285.0,0.9,1.05,0.9750000000000001
2026-10-02,call,7290.0,385.4,400.4,392.9
2026-10-02,put,7290.0,0.95,1.05,1.0
2026-10-02,call,7295.0,380.4,395.4,387.9
2026-10-02,put,7295.0,0.95,1.1,1.025
2026-10-02,call,7300.0,375.4,390.4,382.9
2026-10-02,put,7300.0,1.0,1.1,1.05
2026-10-02,call,7305.0,370.4,385.4,377.9
2026-10-02,put,7305.0,1.05,1.15,1.1
2026-10-02,call,7310.0,365.5,380.5,373.0
2026-10-02,put,7310.0,1.05,1.15,1.1
2026-10-02,call,7315.0,360.5,375.5,368.0
2026-10-02,put,7315.0,1.1,1.2,1.15
2026-10-02,call,7320.0,355.5,370.5,363.0
2026-10-02,put,7320.0,1.1,1.25,1.175
2026-10-02,call,7325.0,350.6,365.6,358.1
2026-10-02,put,7325.0,1.15,1.25,1.2
2026-10-02,call,7330.0,345.6,360.6,353.1
2026-10-02,put,7330.0,1.2,1.3,1.25
2026-10-02,call,7335.0,340.6,355.6,348.1
2026-10-02,put,7335.0,1.2,1.35,1.275
2026-10-02,call,7340.0,335.7,350.7,343.2
2026-10-02,put,7340.0,1.25,1.4,1.325
2026-10-02,call,7345.0,330.7,345.7,338.2
2026-10-02,put,7345.0,1.3,1.4,1.35
2026-10-02,call,7350.0,325.8,340.8,333.3
2026-10-02,put,7350.0,1.35,1.45,1.4
2026-10-02,call,7355.0,320.8,335.8,328.3
2026-10-02,put,7355.0,1.4,1.5,1.45
2026-10-02,call,7360.0,315.9,330.9,323.4
2026-10-02,put,7360.0,1.45,1.55,1.5
2026-10-02,call,7365.0,310.9,325.9,318.4
2026-10-02,put,7365.0,1.5,1.6,1.55
2026-10-02,call,7370.0,306.0,321.0,313.5
2026-10-02,put,7370.0,1.55,1.65,1.6
2026-10-02,call,7375.0,301.0,316.0,308.5
2026-10-02,put,7375.0,1.6,1.7,1.65
2026-10-02,call,7380.0,296.1,311.1,303.6
2026-10-02,put,7380.0,1.65,1.75,1.7
2026-10-02,call,7385.0,291.2,306.2,298.7
2026-10-02,put,7385.0,1.75,1.85,1.8
2026-10-02,call,7390.0,286.2,301.2,293.7
2026-10-02,put,7390.0,1.8,1.9,1.85
2026-10-02,call,7395.0,281.3,296.3,288.8
2026-10-02,put,7395.0,1.85,2.0,1.925
2026-10-02,call,7400.0,276.4,291.4,283.9
2026-10-02,put,7400.0,1.95,2.05,2.0
2026-10-02,call,7405.0,271.5,286.5,279.0
2026-10-02,put,7405.0,2.05,2.15,2.0999999999999996
2026-10-02,call,7410.0,266.6,281.6,274.1
2026-10-02,put,7410.0,2.1,2.25,2.175
2026-10-02,call,7415.0,261.7,276.7,269.2
2026-10-02,put,7415.0,2.2,2.3,2.25
2026-10-02,call,7420.0,256.8,271.8,264.3
2026-10-02,put,7420.0,2.3,2.4,2.3499999999999996
2026-10-02,call,7425.0,251.9,266.9,259.4
2026-10-02,put,7425.0,2.4,2.55,2.4749999999999996
2026-10-02,call,7430.0,247.0,262.0,254.5
2026-10-02,put,7430.0,2.55,2.65,2.5999999999999996
2026-10-02,call,7435.0,242.2,257.2,249.7
2026-10-02,put,7435.0,2.65,2.8,2.7249999999999996
2026-10-02,call,7440.0,237.3,252.3,244.8
2026-10-02,put,7440.0,2.8,2.9,2.8499999999999996
2026-10-02,call,7445.0,232.5,247.5,240.0
2026-10-02,put,7445.0,2.95,3.1,3.0250000000000004
2026-10-02,call,7450.0,227.6,242.6,235.1
2026-10-02,put,7450.0,3.1,3.2,3.1500000000000004
2026-10-02,call,7455.0,222.8,237.8,230.3
2026-10-02,put,7455.0,3.3,3.4,3.3499999999999996
2026-10-02,call,7460.0,218.3,233.0,225.65
2026-10-02,put,7460.0,3.4,3.6,3.5
2026-10-02,call,7465.0,213.2,228.2,220.7
2026-10-02,put,7465.0,3.6,3.8,3.7
2026-10-02,call,7470.0,208.4,223.4,215.9
2026-10-02,put,7470.0,3.8,4.0,3.9
2026-10-02,call,7475.0,203.6,218.6,211.1
2026-10-02,put,7475.0,4.1,4.2,4.15
2026-10-02,call,7480.0,201.3,211.3,206.3
2026-10-02,put,7480.0,4.3,4.5,4.4
2026-10-02,call,7485.0,196.6,206.6,201.6
2026-10-02,put,7485.0,4.6,4.7,4.65
2026-10-02,call,7490.0,191.9,201.9,196.9
2026-10-02,put,7490.0,4.8,5.0,4.9
2026-10-02,call,7495.0,187.2,197.2,192.2
2026-10-02,put,7495.0,5.1,5.3,5.199999999999999
2026-10-02,call,7500.0,182.5,192.5,187.5
2026-10-02,put,7500.0,5.4,5.6,5.5
2026-10-02,call,7505.0,177.9,187.8,182.85000000000002
2026-10-02,put,7505.0,5.8,6.0,5.9
2026-10-02,call,7510.0,173.3,183.2,178.25
2026-10-02,put,7510.0,6.1,6.3,6.199999999999999
2026-10-02,call,7515.0,168.6,178.6,173.6
2026-10-02,put,7515.0,6.5,6.7,6.6
2026-10-02,call,7520.0,164.1,174.0,169.05
2026-10-02,put,7520.0,6.9,7.1,7.0
2026-10-02,call,7525.0,159.4,169.4,164.4
2026-10-02,put,7525.0,7.3,7.5,7.4
2026-10-02,call,7530.0,154.9,164.9,159.9
2026-10-02,put,7530.0,7.8,8.0,7.9
2026-10-02,call,7535.0,150.4,160.4,155.4
2026-10-02,put,7535.0,8.3,8.5,8.4
2026-10-02,call,7540.0,145.9,155.9,150.9
2026-10-02,put,7540.0,8.8,9.0,8.9
2026-10-02,call,7545.0,141.5,151.5,146.5
2026-10-02,put,7545.0,9.3,9.6,9.45
2026-10-02,call,7550.0,137.0,147.0,142.0
2026-10-02,put,7550.0,9.9,10.2,10.05
2026-10-02,call,7555.0,132.7,142.7,137.7
2026-10-02,put,7555.0,10.5,10.8,10.65
2026-10-02,call,7560.0,128.3,138.3,133.3
2026-10-02,put,7560.0,11.2,11.4,11.3
2026-10-02,call,7565.0,124.0,134.0,129.0
2026-10-02,put,7565.0,11.9,12.1,12.0
2026-10-02,call,7570.0,119.8,129.8,124.80000000000001
2026-10-02,put,7570.0,12.6,12.9,12.75
2026-10-02,call,7575.0,115.5,125.5,120.5
2026-10-02,put,7575.0,13.4,13.6,13.5
2026-10-02,call,7580.0,111.4,121.4,116.4
2026-10-02,put,7580.0,14.2,14.5,14.35
2026-10-02,call,7585.0,107.2,117.2,112.2
2026-10-02,put,7585.0,15.1,15.3,15.2
2026-10-02,call,7590.0,103.1,113.1,108.1
2026-10-02,put,7590.0,16.0,16.2,16.1
2026-10-02,call,7595.0,101.4,106.4,103.9
2026-10-02,put,7595.0,16.9,17.2,17.049999999999997
2026-10-02,call,7600.0,99.5,100.8,100.15
2026-10-02,put,7600.0,17.9,18.2,18.049999999999997
2026-10-02,call,7605.0,93.4,98.4,95.9
2026-10-02,put,7605.0,19.0,19.3,19.15
2026-10-02,call,7610.0,92.2,92.7,92.45
2026-10-02,put,7610.0,20.1,20.4,20.25
2026-10-02,call,7615.0,88.3,88.8,88.55
2026-10-02,put,7615.0,21.2,21.6,21.4
2026-10-02,call,7620.0,84.5,85.0,84.75
2026-10-02,put,7620.0,22.5,22.8,22.65
2026-10-02,call,7625.0,80.9,81.4,81.15
2026-10-02,put,7625.0,23.8,24.1,23.950000000000003
2026-10-02,call,7630.0,77.3,77.7,77.5
2026-10-02,put,7630.0,25.1,25.5,25.3
2026-10-02,call,7635.0,73.7,74.2,73.95
2026-10-02,put,7635.0,26.6,26.9,26.75
2026-10-02,call,7640.0,70.2,70.7,70.45
2026-10-02,put,7640.0,28.1,28.4,28.25
2026-10-02,call,7645.0,66.8,67.2,67.0
2026-10-02,put,7645.0,29.6,30.0,29.8
2026-10-02,call,7650.0,63.4,63.9,63.65
2026-10-02,put,7650.0,31.3,31.6,31.450000000000003
2026-10-02,call,7655.0,60.1,60.6,60.35
2026-10-02,put,7655.0,33.0,33.4,33.2
2026-10-02,call,7660.0,56.9,57.4,57.15
2026-10-02,put,7660.0,34.8,35.2,35.0
2026-10-02,call,7665.0,53.8,54.2,54.0
2026-10-02,put,7665.0,36.7,37.1,36.900000000000006
2026-10-02,call,7670.0,50.8,51.2,51.0
2026-10-02,put,7670.0,38.7,39.1,38.900000000000006
2026-10-02,call,7675.0,47.9,48.3,48.099999999999994
2026-10-02,put,7675.0,40.8,41.1,40.95
2026-10-02,call,7680.0,45.1,45.5,45.3
2026-10-02,put,7680.0,42.9,43.3,43.099999999999994
2026-10-02,call,7685.0,42.4,42.7,42.55
2026-10-02,put,7685.0,45.1,45.6,45.35
2026-10-02,call,7690.0,39.7,40.1,39.900000000000006
2026-10-02,put,7690.0,47.5,47.9,47.7
2026-10-02,call,7695.0,37.2,37.5,37.35
2026-10-02,put,7695.0,49.9,50.4,50.15
2026-10-02,call,7700.0,34.7,35.1,34.900000000000006
2026-10-02,put,7700.0,52.5,53.0,52.75
2026-10-02,call,7705.0,32.4,32.7,32.55
2026-10-02,put,7705.0,55.1,55.6,55.35
2026-10-02,call,7710.0,30.1,30.5,30.3
2026-10-02,put,7710.0,57.9,58.4,58.15
2026-10-02,call,7715.0,28.0,28.3,28.15
2026-10-02,put,7715.0,60.7,61.2,60.95
2026-10-02,call,7720.0,26.0,26.3,26.15
2026-10-02,put,7720.0,63.7,64.1,63.9
2026-10-02,call,7725.0,24.1,24.4,24.25
2026-10-02,put,7725.0,66.7,67.2,66.95
2026-10-02,call,7730.0,22.2,22.5,22.35
2026-10-02,put,7730.0,69.9,70.4,70.15
2026-10-02,call,7735.0,20.5,20.8,20.65
2026-10-02,put,7735.0,73.2,73.6,73.4
2026-10-02,call,7740.0,18.8,19.1,18.950000000000003
2026-10-02,put,7740.0,76.5,77.0,76.75
2026-10-02,call,7745.0,17.3,17.6,17.450000000000003
2026-10-02,put,7745.0,79.8,80.8,80.3
2026-10-02,call,7750.0,15.9,16.2,16.05
2026-10-02,put,7750.0,83.1,84.4,83.75
2026-10-02,call,7755.0,14.6,14.8,14.7
2026-10-02,put,7755.0,86.8,88.1,87.44999999999999
2026-10-02,call,7760.0,13.3,13.6,13.45
2026-10-02,put,7760.0,90.5,91.8,91.15
2026-10-02,call,7765.0,12.2,12.4,12.3
2026-10-02,put,7765.0,94.4,95.7,95.05000000000001
2026-10-02,call,7770.0,11.1,11.3,11.2
2026-10-02,put,7770.0,98.3,99.6,98.94999999999999
2026-10-02,call,7775.0,10.1,10.3,10.2
2026-10-02,put,7775.0,102.3,103.6,102.94999999999999
2026-10-02,call,7780.0,9.2,9.4,9.3
2026-10-02,put,7780.0,106.4,107.7,107.05000000000001
2026-10-02,call,7785.0,8.4,8.6,8.5
2026-10-02,put,7785.0,110.5,111.9,111.2
2026-10-02,call,7790.0,7.6,7.8,7.699999999999999
2026-10-02,put,7790.0,114.7,116.1,115.4
2026-10-02,call,7795.0,6.9,7.1,7.0
2026-10-02,put,7795.0,114.8,124.8,119.8
2026-10-02,call,7800.0,6.2,6.4,6.300000000000001
2026-10-02,put,7800.0,123.4,124.8,124.1
2026-10-02,call,7805.0,5.6,5.8,5.699999999999999
2026-10-02,put,7805.0,123.6,133.6,128.6
2026-10-02,call,7810.0,5.1,5.3,5.199999999999999
2026-10-02,put,7810.0,132.3,133.6,132.95
2026-10-02,call,7815.0,4.6,4.8,4.699999999999999
2026-10-02,put,7815.0,132.6,142.6,137.6
2026-10-02,call,7820.0,4.2,4.4,4.300000000000001
2026-10-02,put,7820.0,137.1,147.1,142.1
2026-10-02,call,7825.0,3.8,4.0,3.9
2026-10-02,put,7825.0,141.7,151.7,146.7
2026-10-02,call,7830.0,3.4,3.6,3.5
2026-10-02,put,7830.0,150.6,151.9,151.25
2026-10-02,call,7835.0,3.1,3.3,3.2
2026-10-02,put,7835.0,151.0,161.0,156.0
2026-10-02,call,7840.0,2.85,2.95,2.9000000000000004
2026-10-02,put,7840.0,155.7,165.7,160.7
2026-10-02,call,7845.0,2.6,2.7,2.6500000000000004
2026-10-02,put,7845.0,160.5,170.5,165.5
2026-10-02,call,7850.0,2.35,2.45,2.4000000000000004
2026-10-02,put,7850.0,169.4,170.8,170.10000000000002
2026-10-02,call,7855.0,2.15,2.25,2.2
2026-10-02,put,7855.0,170.0,180.0,175.0
2026-10-02,call,7860.0,1.95,2.05,2.0
2026-10-02,put,7860.0,179.0,180.4,179.7
2026-10-02,call,7865.0,1.75,1.9,1.825
2026-10-02,put,7865.0,179.6,189.6,184.6
2026-10-02,call,7870.0,1.6,1.7,1.65
2026-10-02,put,7870.0,184.5,194.5,189.5
2026-10-02,call,7875.0,1.45,1.6,1.525
2026-10-02,put,7875.0,189.3,199.3,194.3
2026-10-02,call,7880.0,1.35,1.45,1.4
2026-10-02,put,7880.0,194.2,204.2,199.2
2026-10-02,call,7885.0,1.2,1.35,1.275
2026-10-02,put,7885.0,199.1,209.1,204.1
2026-10-02,call,7890.0,1.1,1.25,1.175
2026-10-02,put,7890.0,201.5,214.5,208.0
2026-10-02,call,7895.0,1.05,1.15,1.1
2026-10-02,put,7895.0,206.4,221.4,213.9
2026-10-02,call,7900.0,0.95,1.1,1.025
2026-10-02,put,7900.0,211.3,226.3,218.8
2026-10-02,call,7905.0,0.9,1.0,0.95
2026-10-02,put,7905.0,216.2,231.2,223.7
2026-10-02,call,7910.0,0.8,0.95,0.875
2026-10-02,put,7910.0,221.2,236.2,228.7
2026-10-02,call,7915.0,0.75,0.9,0.825
2026-10-02,put,7915.0,226.1,241.1,233.6
2026-10-02,call,7920.0,0.7,0.85,0.7749999999999999
2026-10-02,put,7920.0,231.1,246.1,238.6
2026-10-02,call,7925.0,0.65,0.8,0.7250000000000001
2026-10-02,put,7925.0,236.0,251.0,243.5
2026-10-02,call,7930.0,0.65,0.75,0.7
2026-10-02,put,7930.0,241.0,256.0,248.5
2026-10-02,call,7935.0,0.6,0.7,0.6499999999999999
2026-10-02,put,7935.0,245.9,260.9,253.39999999999998
2026-10-02,call,7940.0,0.55,0.65,0.6000000000000001
2026-10-02,put,7940.0,250.9,265.9,258.4
2026-10-02,call,7945.0,0.5,0.65,0.575
2026-10-02,put,7945.0,255.9,270.9,263.4
2026-10-02,call,7950.0,0.5,0.6,0.55
2026-10-02,put,7950.0,260.8,275.8,268.3
2026-10-02,call,7955.0,0.45,0.6,0.525
2026-10-02,put,7955.0,265.8,280.8,273.3
2026-10-02,call,7960.0,0.45,0.55,0.5
2026-10-02,put,7960.0,270.8,285.8,278.3
2026-10-02,call,7965.0,0.45,0.55,0.5
2026-10-02,put,7965.0,275.7,290.7,283.2
2026-10-02,call,7970.0,0.4,0.5,0.45
2026-10-02,put,7970.0,280.7,295.7,288.2
2026-10-02,call,7975.0,0.4,0.5,0.45
2026-10-02,put,7975.0,285.7,300.7,293.2
2026-10-02,call,7980.0,0.4,0.5,0.45
2026-10-02,put,7980.0,290.7,305.7,298.2
2026-10-02,call,7990.0,0.35,0.45,0.4
2026-10-02,put,7990.0,300.6,315.6,308.1
2026-10-02,call,8000.0,0.35,0.45,0.4
2026-10-02,put,8000.0,310.6,325.6,318.1
2026-10-02,call,8010.0,0.3,0.4,0.35
2026-10-02,put,8010.0,320.6,335.6,328.1
2026-10-02,call,8020.0,0.3,0.4,0.35
2026-10-02,put,8020.0,330.5,345.5,338.0
2026-10-02,call,8025.0,0.3,0.4,0.35
2026-10-02,put,8025.0,335.5,350.5,343.0
2026-10-02,call,8030.0,0.25,0.35,0.3
2026-10-02,put,8030.0,340.5,355.5,348.0
2026-10-02,call,8040.0,0.25,0.35,0.3
2026-10-02,put,8040.0,350.5,365.5,358.0
2026-10-02,call,8050.0,0.25,0.35,0.3
2026-10-02,put,8050.0,360.5,375.5,368.0
2026-10-02,call,8060.0,0.25,0.35,0.3
2026-10-02,put,8060.0,370.5,385.5,378.0
2026-10-02,call,8070.0,0.2,0.3,0.25
2026-10-02,put,8070.0,380.4,395.4,387.9
2026-10-02,call,8075.0,0.2,0.3,0.25
2026-10-02,put,8075.0,385.4,400.4,392.9
2026-10-02,call,8080.0,0.2,0.3,0.25
2026-10-02,put,8080.0,390.4,405.4,397.9
2026-10-02,call,8090.0,0.2,0.3,0.25
2026-10-02,put,8090.0,400.4,415.4,407.9
2026-10-02,call,8100.0,0.2,0.3,0.25
2026-10-02,put,8100.0,410.4,425.4,417.9
2026-10-02,call,8110.0,0.15,0.3,0.22499999999999998
2026-10-02,put,8110.0,420.4,435.4,427.9
2026-10-02,call,8120.0,0.15,0.25,0.2
2026-10-02,put,8120.0,430.4,445.4,437.9
2026-10-02,call,8125.0,0.15,0.25,0.2
2026-10-02,put,8125.0,435.4,450.4,442.9
2026-10-02,call,8130.0,0.15,0.25,0.2
2026-10-02,put,8130.0,440.4,455.4,447.9
2026-10-02,call,8140.0,0.15,0.25,0.2
2026-10-02,put,8140.0,450.3,465.3,457.8
2026-10-02,call,8150.0,0.15,0.25,0.2
2026-10-02,put,8150.0,460.3,475.3,467.8
2026-10-02,call,8160.0,0.15,0.25,0.2
2026-10-02,put,8160.0,470.3,485.3,477.8
2026-10-02,call,8170.0,0.15,0.25,0.2
2026-10-02,put,8170.0,480.3,495.3,487.8
2026-10-02,call,8175.0,0.15,0.25,0.2
2026-10-02,put,8175.0,485.3,500.3,492.8
2026-10-02,call,8180.0,0.15,0.25,0.2
2026-10-02,put,8180.0,490.3,505.3,497.8
2026-10-02,call,8190.0,0.1,0.2,0.15000000000000002
2026-10-02,put,8190.0,500.3,515.3,507.79999999999995
2026-10-02,call,8200.0,0.1,0.2,0.15000000000000002
2026-10-02,put,8200.0,510.3,525.3,517.8
2026-10-02,call,8210.0,0.1,0.2,0.15000000000000002
2026-10-02,put,8210.0,520.3,535.3,527.8
2026-10-02,call,8225.0,0.1,0.2,0.15000000000000002
2026-10-02,put,8225.0,535.3,550.3,542.8
2026-10-02,call,8250.0,0.1,0.2,0.15000000000000002
2026-10-02,put,8250.0,560.2,575.2,567.7
2026-10-02,call,8275.0,0.1,0.2,0.15000000000000002
2026-10-02,put,8275.0,585.2,600.2,592.7
2026-10-02,call,8300.0,0.1,0.2,0.15000000000000002
2026-10-02,put,8300.0,610.2,625.2,617.7
2026-10-02,call,8325.0,0.05,0.15,0.1
2026-10-02,put,8325.0,635.2,650.2,642.7
2026-10-02,call,8350.0,0.05,0.15,0.1
2026-10-02,put,8350.0,660.1,675.1,667.6
2026-10-02,call,8375.0,0.05,0.15,0.1
2026-10-02,put,8375.0,685.1,700.1,692.6
2026-10-02,call,8400.0,0.05,0.15,0.1
2026-10-02,put,8400.0,710.1,725.1,717.6
2026-10-02,call,8425.0,0.05,0.15,0.1
2026-10-02,put,8425.0,735.1,750.1,742.6
2026-10-02,call,8450.0,0.05,0.15,0.1
2026-10-02,put,8450.0,760.1,775.1,767.6
2026-10-02,call,8475.0,0.05,0.15,0.1
2026-10-02,put,8475.0,785.0,800.0,792.5
2026-10-02,call,8500.0,0.05,0.15,0.1
2026-10-02,put,8500.0,810.0,825.0,817.5
2026-10-02,put,8600.0,909.9,924.9,917.4
2026-10-02,put,8700.0,1009.9,1024.9,1017.4000000000001
2026-10-02,put,8800.0,1109.8,1124.8,1117.3
2026-10-02,put,9000.0,1309.6,1324.6,1317.1
2026-10-02,put,9200.0,1509.5,1524.5,1517.0
2026-10-02,put,9400.0,1709.4,1724.4,1716.9
2026-10-02,put,9600.0,1909.3,1924.3,1916.8
2026-10-02,put,9800.0,2109.2,2124.2,2116.7
2026-10-02,put,10000.0,2309.0,2324.0,2316.5
2026-10-05,call,3200.0,4472.0,4487.0,4479.5
2026-10-05,call,3400.0,4272.1,4287.1,4279.6
2026-10-05,call,3600.0,4072.3,4087.3,4079.8
2026-10-05,call,3800.0,3872.4,3887.4,3879.9
2026-10-05,call,4000.0,3672.5,3687.5,3680.0
2026-10-05,call,4200.0,3472.7,3487.7,3480.2
2026-10-05,call,4400.0,3272.8,3287.8,3280.3
2026-10-05,call,4600.0,3073.0,3088.0,3080.5
2026-10-05,call,4800.0,2873.1,2888.1,2880.6
2026-10-05,call,5000.0,2673.3,2688.3,2680.8
2026-10-05,call,5200.0,2473.4,2488.4,2480.9
2026-10-05,call,5400.0,2273.6,2288.6,2281.1
2026-10-05,call,5600.0,2073.7,2088.7,2081.2
2026-10-05,call,5800.0,1873.9,1888.9,1881.4
2026-10-05,put,5800.0,0.05,0.15,0.1
2026-10-05,call,6000.0,1674.1,1689.1,1681.6
2026-10-05,put,6000.0,0.05,0.15,0.1
2026-10-05,call,6100.0,1574.2,1589.2,1581.7
2026-10-05,put,6100.0,0.05,0.15,0.1
2026-10-05,call,6200.0,1474.2,1489.2,1481.7
2026-10-05,put,6200.0,0.1,0.2,0.15000000000000002
2026-10-05,call,6250.0,1424.3,1439.3,1431.8
2026-10-05,put,6250.0,0.1,0.2,0.15000000000000002
2026-10-05,call,6300.0,1374.3,1389.3,1381.8
2026-10-05,put,6300.0,0.1,0.2,0.15000000000000002
2026-10-05,call,6350.0,1324.4,1339.4,1331.9
2026-10-05,put,6350.0,0.1,0.2,0.15000000000000002
2026-10-05,call,6400.0,1274.4,1289.4,1281.9
2026-10-05,put,6400.0,0.15,0.25,0.2
2026-10-05,call,6500.0,1174.5,1189.5,1182.0
2026-10-05,put,6500.0,0.15,0.25,0.2
2026-10-05,call,6525.0,1149.6,1164.6,1157.1
2026-10-05,put,6525.0,0.15,0.25,0.2
2026-10-05,call,6550.0,1124.6,1139.6,1132.1
2026-10-05,put,6550.0,0.15,0.25,0.2
2026-10-05,call,6575.0,1099.6,1114.6,1107.1
2026-10-05,put,6575.0,0.15,0.3,0.22499999999999998
2026-10-05,call,6600.0,1074.7,1089.7,1082.2
2026-10-05,put,6600.0,0.2,0.3,0.25
2026-10-05,call,6625.0,1049.7,1064.7,1057.2
2026-10-05,put,6625.0,0.2,0.3,0.25
2026-10-05,call,6650.0,1024.7,1039.7,1032.2
2026-10-05,put,6650.0,0.2,0.3,0.25
2026-10-05,call,6675.0,999.7,1014.7,1007.2
2026-10-05,put,6675.0,0.25,0.35,0.3
2026-10-05,call,6700.0,974.8,989.8,982.3
2026-10-05,put,6700.0,0.25,0.35,0.3
2026-10-05,call,6725.0,949.8,964.8,957.3
2026-10-05,put,6725.0,0.25,0.35,0.3
2026-10-05,call,6750.0,924.9,939.9,932.4
2026-10-05,put,6750.0,0.3,0.4,0.35
2026-10-05,call,6775.0,899.9,914.9,907.4
2026-10-05,put,6775.0,0.3,0.4,0.35
2026-10-05,call,6800.0,874.9,889.9,882.4
2026-10-05,put,6800.0,0.3,0.45,0.375
2026-10-05,call,6825.0,850.0,865.0,857.5
2026-10-05,put,6825.0,0.35,0.45,0.4
2026-10-05,call,6850.0,825.0,840.0,832.5
2026-10-05,put,6850.0,0.35,0.5,0.425
2026-10-05,call,6875.0,800.1,815.1,807.6
2026-10-05,put,6875.0,0.4,0.5,0.45
2026-10-05,call,6900.0,775.1,790.1,782.6
2026-10-05,put,6900.0,0.45,0.55,0.5
2026-10-05,call,6925.0,750.2,765.2,757.7
2026-10-05,put,6925.0,0.45,0.6,0.525
2026-10-05,call,6950.0,725.2,740.2,732.7
2026-10-05,put,6950.0,0.5,0.6,0.55
2026-10-05,call,6975.0,700.3,715.3,707.8
2026-10-05,put,6975.0,0.55,0.65,0.6000000000000001
2026-10-05,call,7000.0,675.3,690.3,682.8
2026-10-05,put,7000.0,0.6,0.7,0.6499999999999999
2026-10-05,call,7025.0,650.4,665.4,657.9
2026-10-05,put,7025.0,0.65,0.75,0.7
2026-10-05,call,7050.0,625.5,640.5,633.0
2026-10-05,put,7050.0,0.7,0.8,0.75
2026-10-05,call,7070.0,605.5,620.5,613.0
2026-10-05,put,7070.0,0.75,0.85,0.8
2026-10-05,call,7075.0,600.5,615.5,608.0
2026-10-05,put,7075.0,0.75,0.85,0.8
2026-10-05,call,7080.0,595.6,610.6,603.1
2026-10-05,put,7080.0,0.75,0.85,0.8
2026-10-05,call,7090.0,585.6,600.6,593.1
2026-10-05,put,7090.0,0.75,0.9,0.825
2026-10-05,call,7100.0,575.6,590.6,583.1
2026-10-05,put,7100.0,0.8,0.9,0.8500000000000001
2026-10-05,call,7110.0,565.7,580.7,573.2
2026-10-05,put,7110.0,0.85,0.95,0.8999999999999999
2026-10-05,call,7120.0,555.7,570.7,563.2
2026-10-05,put,7120.0,0.85,1.0,0.925
2026-10-05,call,7125.0,550.7,565.7,558.2
2026-10-05,put,7125.0,0.85,1.0,0.925
2026-10-05,call,7130.0,545.7,560.7,553.2
2026-10-05,put,7130.0,0.9,1.0,0.95
2026-10-05,call,7140.0,535.8,550.8,543.3
2026-10-05,put,7140.0,0.9,1.05,0.9750000000000001
2026-10-05,call,7150.0,525.8,540.8,533.3
2026-10-05,put,7150.0,0.95,1.05,1.0
2026-10-05,call,7160.0,515.9,530.9,523.4
2026-10-05,put,7160.0,1.0,1.1,1.05
2026-10-05,call,7170.0,505.9,520.9,513.4
2026-10-05,put,7170.0,1.0,1.15,1.075
2026-10-05,call,7175.0,500.9,515.9,508.4
2026-10-05,put,7175.0,1.05,1.15,1.1
2026-10-05,call,7180.0,495.9,510.9,503.4
2026-10-05,put,7180.0,1.05,1.2,1.125
2026-10-05,call,7190.0,486.0,501.0,493.5
2026-10-05,put,7190.0,1.1,1.2,1.15
2026-10-05,call,7200.0,476.0,491.0,483.5
2026-10-05,put,7200.0,1.15,1.25,1.2
2026-10-05,call,7210.0,466.1,481.1,473.6
2026-10-05,put,7210.0,1.2,1.3,1.25
2026-10-05,call,7220.0,456.2,471.2,463.7
2026-10-05,put,7220.0,1.25,1.35,1.3
2026-10-05,call,7225.0,451.2,466.2,458.7
2026-10-05,put,7225.0,1.25,1.4,1.325
2026-10-05,call,7230.0,446.2,461.2,453.7
2026-10-05,put,7230.0,1.3,1.4,1.35
2026-10-05,call,7235.0,441.2,456.2,448.7
2026-10-05,put,7235.0,1.3,1.45,1.375
2026-10-05,call,7240.0,436.3,451.3,443.8
2026-10-05,put,7240.0,1.35,1.45,1.4
2026-10-05,call,7245.0,431.3,446.3,438.8
2026-10-05,put,7245.0,1.35,1.5,1.425
2026-10-05,call,7250.0,426.3,441.3,433.8
2026-10-05,put,7250.0,1.4,1.55,1.475
2026-10-05,call,7255.0,421.4,436.4,428.9
2026-10-05,put,7255.0,1.45,1.55,1.5
2026-10-05,call,7260.0,416.4,431.4,423.9
2026-10-05,put,7260.0,1.45,1.6,1.525
2026-10-05,call,7265.0,411.4,426.4,418.9
2026-10-05,put,7265.0,1.5,1.65,1.575
2026-10-05,call,7270.0,406.5,421.5,414.0
2026-10-05,put,7270.0,1.55,1.7,1.625
2026-10-05,call,7275.0,401.5,416.5,409.0
2026-10-05,put,7275.0,1.6,1.7,1.65
2026-10-05,call,7280.0,396.6,411.6,404.1
2026-10-05,put,7280.0,1.6,1.75,1.675
2026-10-05,call,7285.0,391.6,406.6,399.1
2026-10-05,put,7285.0,1.65,1.8,1.725
2026-10-05,call,7290.0,386.7,401.7,394.2
2026-10-05,put,7290.0,1.7,1.85,1.775
2026-10-05,call,7295.0,381.7,396.7,389.2
2026-10-05,put,7295.0,1.75,1.85,1.8
2026-10-05,call,7300.0,376.8,391.8,384.3
2026-10-05,put,7300.0,1.8,1.9,1.85
2026-10-05,call,7305.0,371.8,386.8,379.3
2026-10-05,put,7305.0,1.85,1.95,1.9
2026-10-05,call,7310.0,366.9,381.9,374.4
2026-10-05,put,7310.0,1.9,2.0,1.95
2026-10-05,call,7315.0,361.9,376.9,369.4
2026-10-05,put,7315.0,1.95,2.05,2.0
2026-10-05,call,7320.0,357.0,372.0,364.5
2026-10-05,put,7320.0,2.0,2.1,2.05
2026-10-05,call,7325.0,352.0,367.0,359.5
2026-10-05,put,7325.0,2.05,2.2,2.125
2026-10-05,call,7330.0,347.1,362.1,354.6
2026-10-05,put,7330.0,2.1,2.25,2.175
2026-10-05,call,7335.0,342.2,357.2,349.7
2026-10-05,put,7335.0,2.15,2.3,2.2249999999999996
2026-10-05,call,7340.0,337.2,352.2,344.7
2026-10-05,put,7340.0,2.25,2.4,2.325
2026-10-05,call,7345.0,332.3,347.3,339.8
2026-10-05,put,7345.0,2.3,2.45,2.375
2026-10-05,call,7350.0,327.4,342.4,334.9
2026-10-05,put,7350.0,2.4,2.5,2.45
2026-10-05,call,7355.0,322.5,337.5,330.0
2026-10-05,put,7355.0,2.45,2.6,2.5250000000000004
2026-10-05,call,7360.0,317.6,332.6,325.1
2026-10-05,put,7360.0,2.55,2.65,2.5999999999999996
2026-10-05,call,7365.0,312.7,327.7,320.2
2026-10-05,put,7365.0,2.6,2.75,2.675
2026-10-05,call,7370.0,307.7,322.7,315.2
2026-10-05,put,7370.0,2.7,2.85,2.7750000000000004
2026-10-05,call,7375.0,302.8,317.8,310.3
2026-10-05,put,7375.0,2.8,2.95,2.875
2026-10-05,call,7380.0,297.9,312.9,305.4
2026-10-05,put,7380.0,2.9,3.1,3.0
2026-10-05,call,7385.0,293.1,308.1,300.6
2026-10-05,put,7385.0,3.0,3.2,3.1
2026-10-05,call,7390.0,288.2,303.2,295.7
2026-10-05,put,7390.0,3.1,3.3,3.2
2026-10-05,call,7395.0,283.3,298.3,290.8
2026-10-05,put,7395.0,3.2,3.4,3.3
2026-10-05,call,7400.0,278.4,293.4,285.9
2026-10-05,put,7400.0,3.3,3.6,3.45
2026-10-05,call,7405.0,273.6,288.6,281.1
2026-10-05,put,7405.0,3.5,3.7,3.6
2026-10-05,call,7410.0,268.7,283.7,276.2
2026-10-05,put,7410.0,3.6,3.8,3.7
2026-10-05,call,7415.0,263.9,278.9,271.4
2026-10-05,put,7415.0,3.8,4.0,3.9
2026-10-05,call,7420.0,259.0,274.0,266.5
2026-10-05,put,7420.0,3.9,4.2,4.05
2026-10-05,call,7425.0,254.2,269.2,261.7
2026-10-05,put,7425.0,4.1,4.3,4.199999999999999
2026-10-05,call,7430.0,249.4,264.4,256.9
2026-10-05,put,7430.0,4.3,4.5,4.4
2026-10-05,call,7435.0,244.6,259.6,252.10000000000002
2026-10-05,put,7435.0,4.5,4.7,4.6
2026-10-05,call,7440.0,239.8,254.8,247.3
2026-10-05,put,7440.0,4.7,4.9,4.800000000000001
2026-10-05,call,7445.0,235.0,250.0,242.5
2026-10-05,put,7445.0,4.9,5.1,5.0
2026-10-05,call,7450.0,230.3,245.3,237.8
2026-10-05,put,7450.0,5.1,5.3,5.199999999999999
2026-10-05,call,7455.0,225.6,240.5,233.05
2026-10-05,put,7455.0,5.3,5.6,5.449999999999999
2026-10-05,call,7460.0,221.2,235.8,228.5
2026-10-05,put,7460.0,5.6,5.9,5.75
2026-10-05,call,7465.0,216.1,231.1,223.6
2026-10-05,put,7465.0,5.9,6.1,6.0
2026-10-05,call,7470.0,211.4,226.4,218.9
2026-10-05,put,7470.0,6.2,6.4,6.300000000000001
2026-10-05,call,7475.0,206.7,221.7,214.2
2026-10-05,put,7475.0,6.5,6.7,6.6
2026-10-05,call,7480.0,202.0,217.0,209.5
2026-10-05,put,7480.0,6.7,7.1,6.9
2026-10-05,call,7485.0,199.9,209.9,204.9
2026-10-05,put,7485.0,7.1,7.5,7.3
2026-10-05,call,7490.0,195.2,205.2,200.2
2026-10-05,put,7490.0,7.5,7.8,7.65
2026-10-05,call,7495.0,190.6,200.6,195.6
2026-10-05,put,7495.0,7.8,8.2,8.0
2026-10-05,call,7500.0,186.0,196.0,191.0
2026-10-05,put,7500.0,8.3,8.6,8.45
2026-10-05,call,7505.0,181.5,191.5,186.5
2026-10-05,put,7505.0,8.7,9.1,8.899999999999999
2026-10-05,call,7510.0,176.9,186.9,181.9
2026-10-05,put,7510.0,9.2,9.5,9.35
2026-10-05,call,7515.0,172.4,182.4,177.4
2026-10-05,put,7515.0,9.6,10.0,9.8
2026-10-05,call,7520.0,167.9,177.9,172.9
2026-10-05,put,7520.0,10.2,10.5,10.35
2026-10-05,call,7525.0,163.5,173.5,168.5
2026-10-05,put,7525.0,10.8,11.1,10.95
2026-10-05,call,7530.0,159.0,169.0,164.0
2026-10-05,put,7530.0,11.3,11.6,11.45
2026-10-05,call,7535.0,154.6,164.6,159.6
2026-10-05,put,7535.0,11.8,12.2,12.0
2026-10-05,call,7540.0,150.3,160.3,155.3
2026-10-05,put,7540.0,12.5,12.8,12.65
2026-10-05,call,7545.0,145.9,155.9,150.9
2026-10-05,put,7545.0,13.2,13.5,13.35
2026-10-05,call,7550.0,141.6,151.6,146.6
2026-10-05,put,7550.0,13.8,14.2,14.0
2026-10-05,call,7555.0,137.3,147.3,142.3
2026-10-05,put,7555.0,14.5,14.9,14.7
2026-10-05,call,7560.0,133.1,143.1,138.1
2026-10-05,put,7560.0,15.3,15.6,15.45
2026-10-05,call,7565.0,128.9,138.9,133.9
2026-10-05,put,7565.0,15.9,16.4,16.15
2026-10-05,call,7570.0,124.7,134.7,129.7
2026-10-05,put,7570.0,16.9,17.2,17.049999999999997
2026-10-05,call,7575.0,120.6,130.6,125.6
2026-10-05,put,7575.0,17.7,18.1,17.9
2026-10-05,call,7580.0,116.5,126.5,121.5
2026-10-05,put,7580.0,18.6,19.0,18.8
2026-10-05,call,7585.0,112.4,122.4,117.4
2026-10-05,put,7585.0,19.5,20.0,19.75
2026-10-05,call,7590.0,108.5,118.4,113.45
2026-10-05,put,7590.0,20.5,20.9,20.7
2026-10-05,call,7595.0,104.4,114.4,109.4
2026-10-05,put,7595.0,21.5,21.9,21.7
2026-10-05,call,7600.0,105.0,106.1,105.55
2026-10-05,put,7600.0,22.7,23.1,22.9
2026-10-05,call,7605.0,98.9,103.9,101.4
2026-10-05,put,7605.0,23.7,24.1,23.9
2026-10-05,call,7610.0,95.1,100.1,97.6
2026-10-05,put,7610.0,25.0,25.3,25.15
2026-10-05,call,7615.0,91.6,96.3,93.94999999999999
2026-10-05,put,7615.0,26.2,26.6,26.4
2026-10-05,call,7620.0,88.4,92.6,90.5
2026-10-05,put,7620.0,27.5,27.9,27.7
2026-10-05,call,7625.0,84.8,89.0,86.9
2026-10-05,put,7625.0,28.8,29.2,29.0
2026-10-05,call,7630.0,81.2,85.4,83.30000000000001
2026-10-05,put,7630.0,30.2,30.7,30.45
2026-10-05,call,7635.0,77.6,81.9,79.75
2026-10-05,put,7635.0,31.7,32.1,31.9
2026-10-05,call,7640.0,73.9,78.4,76.15
2026-10-05,put,7640.0,33.2,33.7,33.45
2026-10-05,call,7645.0,71.0,75.3,73.15
2026-10-05,put,7645.0,34.7,35.3,35.0
2026-10-05,call,7650.0,68.9,70.2,69.55000000000001
2026-10-05,put,7650.0,36.5,37.0,36.75
2026-10-05,call,7655.0,65.6,67.0,66.3
2026-10-05,put,7655.0,38.3,38.7,38.5
2026-10-05,call,7660.0,60.6,65.6,63.099999999999994
2026-10-05,put,7660.0,40.1,40.5,40.3
2026-10-05,call,7665.0,59.7,60.3,60.0
2026-10-05,put,7665.0,41.9,42.4,42.15
2026-10-05,call,7670.0,56.6,57.2,56.900000000000006
2026-10-05,put,7670.0,43.9,44.4,44.15
2026-10-05,call,7675.0,53.7,54.2,53.95
2026-10-05,put,7675.0,45.9,46.4,46.15
2026-10-05,call,7680.0,50.8,51.4,51.099999999999994
2026-10-05,put,7680.0,48.1,48.6,48.35
2026-10-05,call,7685.0,48.1,48.6,48.35
2026-10-05,put,7685.0,50.4,50.8,50.599999999999994
2026-10-05,call,7690.0,45.4,45.8,45.599999999999994
2026-10-05,put,7690.0,52.6,53.1,52.85
2026-10-05,call,7695.0,42.7,43.4,43.05
2026-10-05,put,7695.0,55.1,55.6,55.35
2026-10-05,call,7700.0,40.3,40.7,40.5
2026-10-05,put,7700.0,57.4,58.0,57.7
2026-10-05,call,7705.0,37.8,38.3,38.05
2026-10-05,put,7705.0,60.0,60.6,60.3
2026-10-05,call,7710.0,35.5,36.0,35.75
2026-10-05,put,7710.0,62.2,63.6,62.900000000000006
2026-10-05,call,7715.0,33.2,33.7,33.45
2026-10-05,put,7715.0,65.4,66.1,65.75
2026-10-05,call,7720.0,31.1,31.6,31.35
2026-10-05,put,7720.0,68.0,69.0,68.5
2026-10-05,call,7725.0,29.0,29.5,29.25
2026-10-05,put,7725.0,70.7,72.1,71.4
2026-10-05,call,7730.0,27.1,27.5,27.3
2026-10-05,put,7730.0,73.7,75.1,74.4
2026-10-05,call,7735.0,25.2,25.7,25.45
2026-10-05,put,7735.0,76.8,78.2,77.5
2026-10-05,call,7740.0,23.4,23.9,23.65
2026-10-05,put,7740.0,80.0,81.5,80.75
2026-10-05,call,7745.0,21.7,22.3,22.0
2026-10-05,put,7745.0,82.1,87.1,84.6
2026-10-05,call,7750.0,20.2,20.6,20.4
2026-10-05,put,7750.0,86.7,88.2,87.45
2026-10-05,call,7755.0,18.7,19.1,18.9
2026-10-05,put,7755.0,88.9,93.9,91.4
2026-10-05,call,7760.0,17.3,17.6,17.450000000000003
2026-10-05,put,7760.0,94.1,96.6,95.35
2026-10-05,call,7765.0,15.9,16.4,16.15
2026-10-05,put,7765.0,96.2,101.2,98.7
2026-10-05,call,7770.0,14.7,15.1,14.899999999999999
2026-10-05,put,7770.0,101.2,102.7,101.95
2026-10-05,call,7775.0,13.5,13.9,13.7
2026-10-05,put,7775.0,101.0,111.0,106.0
2026-10-05,call,7780.0,12.4,12.8,12.600000000000001
2026-10-05,put,7780.0,104.9,114.9,109.9
2026-10-05,call,7785.0,11.4,11.8,11.600000000000001
2026-10-05,put,7785.0,108.9,118.8,113.85
2026-10-05,call,7790.0,10.5,10.8,10.65
2026-10-05,put,7790.0,112.9,122.8,117.85
2026-10-05,call,7795.0,9.5,10.0,9.75
2026-10-05,put,7795.0,117.0,127.0,122.0
2026-10-05,call,7800.0,8.8,9.1,8.95
2026-10-05,put,7800.0,125.2,126.7,125.95
2026-10-05,call,7805.0,8.0,8.4,8.2
2026-10-05,put,7805.0,125.4,135.4,130.4
2026-10-05,call,7810.0,7.3,7.7,7.5
2026-10-05,put,7810.0,129.7,139.7,134.7
2026-10-05,call,7815.0,6.6,7.0,6.8
2026-10-05,put,7815.0,134.1,144.1,139.1
2026-10-05,call,7820.0,6.1,6.4,6.25
2026-10-05,put,7820.0,138.5,148.5,143.5
2026-10-05,call,7825.0,5.6,5.8,5.699999999999999
2026-10-05,put,7825.0,142.9,152.9,147.9
2026-10-05,call,7830.0,5.1,5.3,5.199999999999999
2026-10-05,put,7830.0,147.4,157.4,152.4
2026-10-05,call,7835.0,4.6,4.9,4.75
2026-10-05,put,7835.0,152.0,162.0,157.0
2026-10-05,call,7840.0,4.2,4.4,4.300000000000001
2026-10-05,put,7840.0,156.5,166.5,161.5
2026-10-05,call,7845.0,3.8,4.1,3.9499999999999997
2026-10-05,put,7845.0,161.2,171.2,166.2
2026-10-05,call,7850.0,3.5,3.7,3.6
2026-10-05,put,7850.0,165.8,175.8,170.8
2026-10-05,call,7855.0,3.2,3.4,3.3
2026-10-05,put,7855.0,170.5,180.5,175.5
2026-10-05,call,7860.0,2.9,3.1,3.0
2026-10-05,put,7860.0,175.2,185.2,180.2
2026-10-05,call,7865.0,2.65,2.8,2.7249999999999996
2026-10-05,put,7865.0,179.9,189.9,184.9
2026-10-05,call,7870.0,2.45,2.6,2.5250000000000004
2026-10-05,put,7870.0,184.7,194.7,189.7
2026-10-05,call,7875.0,2.2,2.35,2.2750000000000004
2026-10-05,put,7875.0,189.5,199.5,194.5
2026-10-05,call,7880.0,2.05,2.15,2.0999999999999996
2026-10-05,put,7880.0,194.3,204.3,199.3
2026-10-05,call,7885.0,1.85,2.0,1.925
2026-10-05,put,7885.0,199.1,209.1,204.1
2026-10-05,call,7890.0,1.7,1.85,1.775
2026-10-05,put,7890.0,201.4,214.4,207.9
2026-10-05,call,7895.0,1.55,1.7,1.625
2026-10-05,put,7895.0,206.3,221.3,213.8
2026-10-05,call,7900.0,1.45,1.55,1.5
2026-10-05,put,7900.0,211.2,226.2,218.7
2026-10-05,call,7905.0,1.3,1.45,1.375
2026-10-05,put,7905.0,216.0,231.0,223.5
2026-10-05,call,7910.0,1.2,1.35,1.275
2026-10-05,put,7910.0,220.9,235.9,228.4
2026-10-05,call,7915.0,1.1,1.25,1.175
2026-10-05,put,7915.0,225.8,240.8,233.3
2026-10-05,call,7920.0,1.0,1.15,1.075
2026-10-05,put,7920.0,230.7,245.7,238.2
2026-10-05,call,7925.0,0.95,1.1,1.025
2026-10-05,put,7925.0,235.7,250.7,243.2
2026-10-05,call,7930.0,0.85,1.0,0.925
2026-10-05,put,7930.0,240.6,255.6,248.1
2026-10-05,call,7940.0,0.75,0.9,0.825
2026-10-05,put,7940.0,250.5,265.5,258.0
2026-10-05,call,7950.0,0.65,0.8,0.7250000000000001
2026-10-05,put,7950.0,260.4,275.4,267.9
2026-10-05,call,7960.0,0.6,0.7,0.6499999999999999
2026-10-05,put,7960.0,270.3,285.3,277.8
2026-10-05,call,7970.0,0.5,0.65,0.575
2026-10-05,put,7970.0,280.2,295.2,287.7
2026-10-05,call,7975.0,0.5,0.6,0.55
2026-10-05,put,7975.0,285.2,300.2,292.7
2026-10-05,call,7980.0,0.45,0.6,0.525
2026-10-05,put,7980.0,290.1,305.1,297.6
2026-10-05,call,7990.0,0.45,0.55,0.5
2026-10-05,put,7990.0,300.1,315.1,307.6
2026-10-05,call,8000.0,0.4,0.5,0.45
2026-10-05,put,8000.0,310.0,325.0,317.5
2026-10-05,call,8025.0,0.3,0.45,0.375
2026-10-05,put,8025.0,334.9,349.9,342.4
2026-10-05,call,8050.0,0.25,0.35,0.3
2026-10-05,put,8050.0,359.9,374.9,367.4
2026-10-05,call,8075.0,0.25,0.35,0.3
2026-10-05,put,8075.0,384.8,399.8,392.3
2026-10-05,call,8100.0,0.2,0.3,0.25
2026-10-05,put,8100.0,409.8,424.8,417.3
2026-10-05,call,8125.0,0.15,0.3,0.22499999999999998
2026-10-05,put,8125.0,434.7,449.7,442.2
2026-10-05,call,8150.0,0.15,0.25,0.2
2026-10-05,put,8150.0,459.7,474.7,467.2
2026-10-05,call,8175.0,0.15,0.25,0.2
2026-10-05,put,8175.0,484.7,499.7,492.2
2026-10-05,call,8200.0,0.15,0.25,0.2
2026-10-05,put,8200.0,509.6,524.6,517.1
2026-10-05,call,8225.0,0.1,0.2,0.15000000000000002
2026-10-05,put,8225.0,534.6,549.6,542.1
2026-10-05,call,8250.0,0.1,0.2,0.15000000000000002
2026-10-05,put,8250.0,559.6,574.6,567.1
2026-10-05,call,8275.0,0.1,0.2,0.15000000000000002
2026-10-05,put,8275.0,584.5,599.5,592.0
2026-10-05,call,8300.0,0.1,0.2,0.15000000000000002
2026-10-05,put,8300.0,609.5,624.5,617.0
2026-10-05,call,8400.0,0.05,0.15,0.1
2026-10-05,put,8400.0,709.4,724.4,716.9
2026-10-05,call,8500.0,0.05,0.15,0.1
2026-10-05,put,8500.0,809.3,824.3,816.8
2026-10-05,call,8600.0,0.05,0.15,0.1
2026-10-05,put,8600.0,909.2,924.2,916.7
2026-10-05,put,8800.0,1109.1,1124.1,1116.6
2026-10-05,put,9000.0,1308.9,1323.9,1316.4
2026-10-05,put,9200.0,1508.7,1523.7,1516.2
2026-10-05,put,9400.0,1708.6,1723.6,1716.1
2026-10-05,put,9600.0,1908.4,1923.4,1915.9
2026-10-05,put,9800.0,2108.3,2123.3,2115.8
2026-10-05,put,10000.0,2308.2,2323.2,2315.7
2026-10-06,call,3200.0,4471.7,4486.7,4479.2
2026-10-06,call,3400.0,4271.9,4286.9,4279.4
2026-10-06,call,3600.0,4072.0,4087.0,4079.5
2026-10-06,call,3800.0,3872.2,3887.2,3879.7
2026-10-06,call,4000.0,3672.4,3687.4,3679.9
2026-10-06,call,4200.0,3474.4,3487.5,3480.95
2026-10-06,call,4400.0,3272.7,3287.7,3280.2
2026-10-06,call,4600.0,3072.9,3087.9,3080.4
2026-10-06,call,4800.0,2874.9,2888.0,2881.45
2026-10-06,call,5000.0,2673.2,2688.2,2680.7
2026-10-06,call,5200.0,2473.4,2488.4,2480.9
2026-10-06,call,5400.0,2273.6,2288.6,2281.1
2026-10-06,call,5600.0,2073.8,2088.8,2081.3
2026-10-06,call,5800.0,1874.0,1889.0,1881.5
2026-10-06,put,5800.0,0.05,0.2,0.125
2026-10-06,call,6000.0,1674.2,1689.2,1681.7
2026-10-06,put,6000.0,0.1,0.25,0.175
2026-10-06,call,6100.0,1574.3,1589.3,1581.8
2026-10-06,put,6100.0,0.1,0.25,0.175
2026-10-06,call,6200.0,1474.4,1489.4,1481.9
2026-10-06,put,6200.0,0.15,0.25,0.2
2026-10-06,call,6300.0,1374.5,1389.5,1382.0
2026-10-06,put,6300.0,0.15,0.3,0.22499999999999998
2026-10-06,call,6400.0,1274.6,1289.6,1282.1
2026-10-06,put,6400.0,0.2,0.35,0.275
2026-10-06,call,6500.0,1174.8,1189.8,1182.3
2026-10-06,put,6500.0,0.25,0.4,0.325
2026-10-06,call,6525.0,1149.8,1164.8,1157.3
2026-10-06,put,6525.0,0.25,0.4,0.325
2026-10-06,call,6550.0,1124.8,1139.8,1132.3
2026-10-06,put,6550.0,0.25,0.4,0.325
2026-10-06,call,6575.0,1099.9,1114.9,1107.4
2026-10-06,put,6575.0,0.3,0.45,0.375
2026-10-06,call,6600.0,1074.9,1089.9,1082.4
2026-10-06,put,6600.0,0.3,0.45,0.375
2026-10-06,call,6625.0,1049.9,1064.9,1057.4
2026-10-06,put,6625.0,0.3,0.45,0.375
2026-10-06,call,6650.0,1025.0,1040.0,1032.5
2026-10-06,put,6650.0,0.35,0.5,0.425
2026-10-06,call,6675.0,1000.0,1015.0,1007.5
2026-10-06,put,6675.0,0.35,0.5,0.425
2026-10-06,call,6700.0,975.1,990.1,982.6
2026-10-06,put,6700.0,0.4,0.55,0.47500000000000003
2026-10-06,call,6725.0,950.1,965.1,957.6
2026-10-06,put,6725.0,0.4,0.55,0.47500000000000003
2026-10-06,call,6750.0,925.2,940.2,932.7
2026-10-06,put,6750.0,0.45,0.6,0.525
2026-10-06,call,6775.0,900.2,915.2,907.7
2026-10-06,put,6775.0,0.45,0.6,0.525
2026-10-06,call,6800.0,875.3,890.3,882.8
2026-10-06,put,6800.0,0.5,0.65,0.575
2026-10-06,call,6825.0,850.3,865.3,857.8
2026-10-06,put,6825.0,0.5,0.7,0.6
2026-10-06,call,6850.0,825.4,840.4,832.9
2026-10-06,put,6850.0,0.55,0.7,0.625
2026-10-06,call,6875.0,800.4,815.4,807.9
2026-10-06,put,6875.0,0.6,0.75,0.675
2026-10-06,call,6900.0,775.5,790.5,783.0
2026-10-06,put,6900.0,0.65,0.8,0.7250000000000001
2026-10-06,call,6925.0,750.6,765.6,758.1
2026-10-06,put,6925.0,0.65,0.85,0.75
2026-10-06,call,6950.0,725.6,740.6,733.1
2026-10-06,put,6950.0,0.7,0.9,0.8
2026-10-06,call,6975.0,700.7,715.7,708.2
2026-10-06,put,6975.0,0.75,0.95,0.85
2026-10-06,call,7000.0,675.8,690.8,683.3
2026-10-06,put,7000.0,0.85,1.0,0.925
2026-10-06,call,7025.0,650.9,665.9,658.4
2026-10-06,put,7025.0,0.9,1.05,0.9750000000000001
2026-10-06,call,7050.0,626.0,641.0,633.5
2026-10-06,put,7050.0,0.95,1.15,1.0499999999999998
2026-10-06,call,7075.0,601.1,616.1,608.6
2026-10-06,put,7075.0,1.05,1.2,1.125
2026-10-06,call,7100.0,576.2,591.2,583.7
2026-10-06,put,7100.0,1.1,1.3,1.2000000000000002
2026-10-06,call,7125.0,551.3,566.3,558.8
2026-10-06,put,7125.0,1.2,1.4,1.2999999999999998
2026-10-06,call,7150.0,526.4,541.4,533.9
2026-10-06,put,7150.0,1.3,1.5,1.4
2026-10-06,call,7175.0,501.6,516.6,509.1
2026-10-06,put,7175.0,1.45,1.6,1.525
2026-10-06,call,7180.0,496.6,511.6,504.1
2026-10-06,put,7180.0,1.45,1.65,1.5499999999999998
2026-10-06,call,7190.0,486.6,501.6,494.1
2026-10-06,put,7190.0,1.5,1.7,1.6
2026-10-06,call,7200.0,476.7,491.7,484.2
2026-10-06,put,7200.0,1.55,1.75,1.65
2026-10-06,call,7210.0,466.8,481.8,474.3
2026-10-06,put,7210.0,1.65,1.8,1.725
2026-10-06,call,7220.0,456.8,471.8,464.3
2026-10-06,put,7220.0,1.7,1.9,1.7999999999999998
2026-10-06,call,7225.0,451.9,466.9,459.4
2026-10-06,put,7225.0,1.75,1.9,1.825
2026-10-06,call,7230.0,446.9,461.9,454.4
2026-10-06,put,7230.0,1.75,1.95,1.85
2026-10-06,call,7240.0,437.0,452.0,444.5
2026-10-06,put,7240.0,1.85,2.05,1.95
2026-10-06,call,7250.0,427.1,442.1,434.6
2026-10-06,put,7250.0,1.95,2.1,2.025
2026-10-06,call,7260.0,417.2,432.2,424.7
2026-10-06,put,7260.0,2.0,2.2,2.1
2026-10-06,call,7270.0,407.3,422.3,414.8
2026-10-06,put,7270.0,2.1,2.25,2.175
2026-10-06,call,7275.0,402.4,417.4,409.9
2026-10-06,put,7275.0,2.15,2.3,2.2249999999999996
2026-10-06,call,7280.0,397.4,412.4,404.9
2026-10-06,put,7280.0,2.2,2.4,2.3
2026-10-06,call,7290.0,387.5,402.5,395.0
2026-10-06,put,7290.0,2.35,2.5,2.425
2026-10-06,call,7300.0,377.7,392.7,385.2
2026-10-06,put,7300.0,2.45,2.6,2.5250000000000004
2026-10-06,call,7310.0,367.8,382.8,375.3
2026-10-06,put,7310.0,2.6,2.75,2.675
2026-10-06,call,7320.0,358.0,373.0,365.5
2026-10-06,put,7320.0,2.75,2.9,2.825
2026-10-06,call,7325.0,353.0,368.0,360.5
2026-10-06,put,7325.0,2.8,3.0,2.9
2026-10-06,call,7330.0,348.1,363.1,355.6
2026-10-06,put,7330.0,2.9,3.1,3.0
2026-10-06,call,7340.0,338.3,353.3,345.8
2026-10-06,put,7340.0,3.0,3.3,3.15
2026-10-06,call,7350.0,328.5,343.5,336.0
2026-10-06,put,7350.0,3.2,3.5,3.35
2026-10-06,call,7360.0,318.8,333.8,326.3
2026-10-06,put,7360.0,3.4,3.7,3.55
2026-10-06,call,7370.0,309.0,324.0,316.5
2026-10-06,put,7370.0,3.7,3.9,3.8
2026-10-06,call,7375.0,304.1,319.1,311.6
2026-10-06,put,7375.0,3.8,4.1,3.9499999999999997
2026-10-06,call,7380.0,299.3,314.3,306.8
2026-10-06,put,7380.0,4.0,4.2,4.1
2026-10-06,call,7385.0,294.4,309.4,301.9
2026-10-06,put,7385.0,4.1,4.4,4.25
2026-10-06,call,7390.0,289.6,304.6,297.1
2026-10-06,put,7390.0,4.3,4.6,4.449999999999999
2026-10-06,call,7395.0,284.8,299.8,292.3
2026-10-06,put,7395.0,4.3,4.8,4.55
2026-10-06,call,7400.0,279.9,294.9,287.4
2026-10-06,put,7400.0,4.5,5.0,4.75
2026-10-06,call,7405.0,275.1,290.1,282.6
2026-10-06,put,7405.0,4.7,5.1,4.9
2026-10-06,call,7410.0,270.3,285.3,277.8
2026-10-06,put,7410.0,4.9,5.3,5.1
2026-10-06,call,7415.0,265.5,280.5,273.0
2026-10-06,put,7415.0,5.1,5.5,5.3
2026-10-06,call,7420.0,260.8,275.7,268.25
2026-10-06,put,7420.0,5.3,5.7,5.5
2026-10-06,call,7425.0,256.3,271.0,263.65
2026-10-06,put,7425.0,5.5,6.0,5.75
2026-10-06,call,7430.0,251.3,266.2,258.75
2026-10-06,put,7430.0,5.7,6.2,5.95
2026-10-06,call,7435.0,246.8,261.4,254.1
2026-10-06,put,7435.0,6.0,6.4,6.2
2026-10-06,call,7440.0,242.0,256.7,249.35
2026-10-06,put,7440.0,6.2,6.7,6.45
2026-10-06,call,7445.0,237.4,252.0,244.7
2026-10-06,put,7445.0,6.5,7.0,6.75
2026-10-06,call,7450.0,232.7,247.3,240.0
2026-10-06,put,7450.0,6.8,7.3,7.05
2026-10-06,call,7455.0,231.7,238.3,235.0
2026-10-06,put,7455.0,7.1,7.6,7.35
2026-10-06,call,7460.0,226.5,233.7,230.1
2026-10-06,put,7460.0,7.4,7.9,7.65
2026-10-06,call,7465.0,222.4,228.9,225.65
2026-10-06,put,7465.0,7.8,8.3,8.05
2026-10-06,call,7470.0,217.2,224.4,220.8
2026-10-06,put,7470.0,8.1,8.6,8.35
2026-10-06,call,7475.0,212.6,219.8,216.2
2026-10-06,put,7475.0,8.6,8.9,8.75
2026-10-06,call,7480.0,208.0,215.2,211.6
2026-10-06,put,7480.0,8.9,9.4,9.15
2026-10-06,call,7485.0,204.1,210.5,207.3
2026-10-06,put,7485.0,9.4,9.7,9.55
2026-10-06,call,7490.0,199.4,206.0,202.7
2026-10-06,put,7490.0,9.7,10.2,9.95
2026-10-06,call,7495.0,194.4,201.4,197.9
2026-10-06,put,7495.0,10.3,10.6,10.45
2026-10-06,call,7500.0,190.4,196.9,193.65
2026-10-06,put,7500.0,10.7,11.0,10.85
2026-10-06,call,7505.0,185.9,192.3,189.10000000000002
2026-10-06,put,7505.0,11.2,11.7,11.45
2026-10-06,call,7510.0,181.4,187.8,184.60000000000002
2026-10-06,put,7510.0,11.7,12.1,11.899999999999999
2026-10-06,call,7515.0,176.5,183.4,179.95
2026-10-06,put,7515.0,12.2,12.7,12.45
2026-10-06,call,7520.0,172.5,178.8,175.65
2026-10-06,put,7520.0,12.9,13.2,13.05
2026-10-06,call,7525.0,168.2,173.9,171.05
2026-10-06,put,7525.0,13.4,13.8,13.600000000000001
2026-10-06,call,7530.0,164.0,169.5,166.75
2026-10-06,put,7530.0,14.0,14.5,14.25
2026-10-06,call,7535.0,159.5,165.7,162.6
2026-10-06,put,7535.0,14.7,15.0,14.85
2026-10-06,call,7540.0,155.2,161.4,158.3
2026-10-06,put,7540.0,15.3,15.7,15.5
2026-10-06,call,7545.0,150.9,157.1,154.0
2026-10-06,put,7545.0,16.1,16.4,16.25
2026-10-06,call,7550.0,146.5,152.7,149.6
2026-10-06,put,7550.0,16.8,17.2,17.0
2026-10-06,call,7555.0,142.5,148.5,145.5
2026-10-06,put,7555.0,17.4,18.2,17.799999999999997
2026-10-06,call,7560.0,138.1,144.2,141.14999999999998
2026-10-06,put,7560.0,18.4,18.8,18.6
2026-10-06,call,7565.0,134.2,140.2,137.2
2026-10-06,put,7565.0,19.1,19.8,19.450000000000003
2026-10-06,call,7570.0,129.7,135.5,132.6
2026-10-06,put,7570.0,20.1,20.5,20.3
2026-10-06,call,7575.0,126.1,131.9,129.0
2026-10-06,put,7575.0,21.1,21.4,21.25
2026-10-06,call,7580.0,122.1,127.3,124.69999999999999
2026-10-06,put,7580.0,22.0,22.4,22.2
2026-10-06,call,7585.0,117.9,123.7,120.80000000000001
2026-10-06,put,7585.0,23.0,23.4,23.2
2026-10-06,call,7590.0,114.1,119.7,116.9
2026-10-06,put,7590.0,24.0,24.4,24.2
2026-10-06,call,7595.0,110.1,115.8,112.94999999999999
2026-10-06,put,7595.0,25.0,25.7,25.35
2026-10-06,call,7600.0,106.3,111.9,109.1
2026-10-06,put,7600.0,26.2,26.7,26.45
2026-10-06,call,7605.0,104.1,107.3,105.69999999999999
2026-10-06,put,7605.0,27.4,27.8,27.6
2026-10-06,call,7610.0,100.5,103.6,102.05
2026-10-06,put,7610.0,28.7,29.1,28.9
2026-10-06,call,7615.0,96.7,99.8,98.25
2026-10-06,put,7615.0,29.7,30.5,30.1
2026-10-06,call,7620.0,93.1,96.2,94.65
2026-10-06,put,7620.0,31.2,31.7,31.45
2026-10-06,call,7625.0,89.2,92.6,90.9
2026-10-06,put,7625.0,32.7,33.1,32.900000000000006
2026-10-06,call,7630.0,85.8,89.0,87.4
2026-10-06,put,7630.0,34.0,34.5,34.25
2026-10-06,call,7635.0,82.3,85.5,83.9
2026-10-06,put,7635.0,35.5,36.0,35.75
2026-10-06,call,7640.0,78.8,82.1,80.44999999999999
2026-10-06,put,7640.0,36.9,37.9,37.4
2026-10-06,call,7645.0,75.5,78.8,77.15
2026-10-06,put,7645.0,38.5,39.5,39.0
2026-10-06,call,7650.0,73.0,74.3,73.65
2026-10-06,put,7650.0,40.5,41.0,40.75
2026-10-06,call,7655.0,70.1,70.7,70.4
2026-10-06,put,7655.0,42.0,42.9,42.45
2026-10-06,call,7660.0,66.7,67.6,67.15
2026-10-06,put,7660.0,44.1,44.5,44.3
2026-10-06,call,7665.0,63.9,64.5,64.2
2026-10-06,put,7665.0,45.7,46.7,46.2
2026-10-06,call,7670.0,60.8,61.4,61.099999999999994
2026-10-06,put,7670.0,48.0,48.4,48.2
2026-10-06,call,7675.0,57.6,58.5,58.05
2026-10-06,put,7675.0,49.7,50.7,50.2
2026-10-06,call,7680.0,54.7,55.6,55.150000000000006
2026-10-06,put,7680.0,52.0,52.6,52.3
2026-10-06,call,7685.0,52.3,52.8,52.55
2026-10-06,put,7685.0,54.1,54.8,54.45
2026-10-06,call,7690.0,49.5,50.1,49.8
2026-10-06,put,7690.0,56.4,57.2,56.8
2026-10-06,call,7695.0,46.9,47.4,47.15
2026-10-06,put,7695.0,58.8,59.4,59.099999999999994
2026-10-06,call,7700.0,44.2,44.8,44.5
2026-10-06,put,7700.0,61.2,61.9,61.55
2026-10-06,call,7705.0,41.6,42.5,42.05
2026-10-06,put,7705.0,63.0,66.1,64.55
2026-10-06,call,7710.0,39.5,39.9,39.7
2026-10-06,put,7710.0,65.6,68.7,67.15
2026-10-06,call,7715.0,36.9,37.7,37.3
2026-10-06,put,7715.0,68.3,71.4,69.85
2026-10-06,call,7720.0,34.6,35.5,35.05
2026-10-06,put,7720.0,71.6,72.6,72.1
2026-10-06,call,7725.0,32.6,33.3,32.95
2026-10-06,put,7725.0,74.5,75.5,75.0
2026-10-06,call,7730.0,30.8,31.2,31.0
2026-10-06,put,7730.0,76.9,80.0,78.45
2026-10-06,call,7735.0,28.6,29.3,28.950000000000003
2026-10-06,put,7735.0,79.9,82.0,80.95
2026-10-06,call,7740.0,26.9,27.4,27.15
2026-10-06,put,7740.0,83.0,85.2,84.1
2026-10-06,call,7745.0,25.1,25.6,25.35
2026-10-06,put,7745.0,86.2,88.4,87.30000000000001
2026-10-06,call,7750.0,23.4,23.9,23.65
2026-10-06,put,7750.0,89.6,91.2,90.4
2026-10-06,call,7755.0,21.6,22.4,22.0
2026-10-06,put,7755.0,91.8,96.8,94.3
2026-10-06,call,7760.0,20.3,20.7,20.5
2026-10-06,put,7760.0,95.3,100.3,97.8
2026-10-06,call,7765.0,18.6,19.4,19.0
2026-10-06,put,7765.0,98.8,103.8,101.3
2026-10-06,call,7770.0,17.5,17.8,17.65
2026-10-06,put,7770.0,102.5,107.4,104.95
2026-10-06,call,7775.0,16.0,16.7,16.35
2026-10-06,put,7775.0,107.3,109.0,108.15
2026-10-06,call,7780.0,14.9,15.4,15.15
2026-10-06,put,7780.0,109.6,115.4,112.5
2026-10-06,call,7785.0,13.8,14.2,14.0
2026-10-06,put,7785.0,112.9,119.3,116.1
2026-10-06,call,7790.0,12.7,13.1,12.899999999999999
2026-10-06,put,7790.0,116.7,123.3,120.0
2026-10-06,call,7795.0,11.7,12.1,11.899999999999999
2026-10-06,put,7795.0,120.8,126.7,123.75
2026-10-06,call,7800.0,10.8,11.1,10.95
2026-10-06,put,7800.0,124.7,131.4,128.05
2026-10-06,call,7805.0,9.9,10.4,10.15
2026-10-06,put,7805.0,128.9,135.0,131.95
2026-10-06,call,7810.0,9.1,9.5,9.3
2026-10-06,put,7810.0,133.0,139.2,136.1
2026-10-06,call,7815.0,8.4,8.7,8.55
2026-10-06,put,7815.0,137.4,143.5,140.45
2026-10-06,call,7820.0,7.6,8.1,7.85
2026-10-06,put,7820.0,141.5,147.8,144.65
2026-10-06,call,7825.0,7.1,7.3,7.199999999999999
2026-10-06,put,7825.0,145.8,152.8,149.3
2026-10-06,call,7830.0,6.4,6.7,6.550000000000001
2026-10-06,put,7830.0,150.2,156.8,153.5
2026-10-06,call,7835.0,5.8,6.3,6.05
2026-10-06,put,7835.0,154.6,161.0,157.8
2026-10-06,call,7840.0,5.3,5.8,5.55
2026-10-06,put,7840.0,159.1,165.5,162.3
2026-10-06,call,7845.0,4.8,5.3,5.05
2026-10-06,put,7845.0,163.6,170.1,166.85
2026-10-06,call,7850.0,4.3,4.8,4.55
2026-10-06,put,7850.0,166.6,176.6,171.6
2026-10-06,call,7855.0,4.0,4.5,4.25
2026-10-06,put,7855.0,171.2,181.2,176.2
2026-10-06,call,7860.0,3.6,4.1,3.8499999999999996
2026-10-06,put,7860.0,175.8,185.8,180.8
2026-10-06,call,7865.0,3.3,3.8,3.55
2026-10-06,put,7865.0,180.5,190.5,185.5
2026-10-06,call,7870.0,3.1,3.4,3.25
2026-10-06,put,7870.0,185.2,195.2,190.2
2026-10-06,call,7875.0,2.8,3.1,2.95
2026-10-06,put,7875.0,189.9,199.9,194.9
2026-10-06,call,7880.0,2.65,2.85,2.75
2026-10-06,put,7880.0,194.7,204.7,199.7
2026-10-06,call,7885.0,2.4,2.6,2.5
2026-10-06,put,7885.0,199.4,209.4,204.4
2026-10-06,call,7890.0,2.2,2.4,2.3
2026-10-06,put,7890.0,201.7,214.3,208.0
2026-10-06,call,7895.0,2.0,2.25,2.125
2026-10-06,put,7895.0,206.5,221.5,214.0
2026-10-06,call,7900.0,1.85,2.1,1.975
2026-10-06,put,7900.0,211.4,226.4,218.9
2026-10-06,call,7905.0,1.7,1.95,1.825
2026-10-06,put,7905.0,216.2,231.2,223.7
2026-10-06,call,7910.0,1.55,1.8,1.675
2026-10-06,put,7910.0,221.1,236.1,228.6
2026-10-06,call,7915.0,1.45,1.7,1.575
2026-10-06,put,7915.0,225.9,240.9,233.4
2026-10-06,call,7920.0,1.35,1.55,1.4500000000000002
2026-10-06,put,7920.0,230.8,245.8,238.3
2026-10-06,call,7925.0,1.2,1.45,1.325
2026-10-06,put,7925.0,235.7,250.7,243.2
2026-10-06,call,7930.0,1.15,1.35,1.25
2026-10-06,put,7930.0,240.6,255.6,248.1
2026-10-06,call,7940.0,0.95,1.2,1.075
2026-10-06,put,7940.0,250.4,265.4,257.9
2026-10-06,call,7950.0,0.85,1.0,0.925
2026-10-06,put,7950.0,260.3,275.3,267.8
2026-10-06,call,7960.0,0.75,0.95,0.85
2026-10-06,put,7960.0,270.2,285.2,277.7
2026-10-06,call,7970.0,0.65,0.85,0.75
2026-10-06,put,7970.0,280.1,295.1,287.6
2026-10-06,call,7975.0,0.6,0.75,0.675
2026-10-06,put,7975.0,285.0,300.0,292.5
2026-10-06,call,7980.0,0.55,0.8,0.675
2026-10-06,put,7980.0,290.0,305.0,297.5
2026-10-06,call,7990.0,0.5,0.7,0.6
2026-10-06,put,7990.0,299.9,314.9,307.4
2026-10-06,call,8000.0,0.45,0.65,0.55
2026-10-06,put,8000.0,309.8,324.8,317.3
2026-10-06,call,8025.0,0.35,0.55,0.45
2026-10-06,put,8025.0,334.7,349.7,342.2
2026-10-06,call,8050.0,0.3,0.45,0.375
2026-10-06,put,8050.0,359.6,374.6,367.1
2026-10-06,call,8075.0,0.25,0.4,0.325
2026-10-06,put,8075.0,384.5,399.5,392.0
2026-10-06,call,8100.0,0.2,0.35,0.275
2026-10-06,put,8100.0,409.5,424.5,417.0
2026-10-06,call,8125.0,0.15,0.35,0.25
2026-10-06,put,8125.0,434.4,449.4,441.9
2026-10-06,call,8150.0,0.15,0.3,0.22499999999999998
2026-10-06,put,8150.0,459.4,474.4,466.9
2026-10-06,call,8175.0,0.15,0.3,0.22499999999999998
2026-10-06,put,8175.0,484.4,499.4,491.9
2026-10-06,call,8200.0,0.1,0.3,0.2
2026-10-06,put,8200.0,509.3,524.3,516.8
2026-10-06,call,8225.0,0.1,0.25,0.175
2026-10-06,put,8225.0,534.3,549.3,541.8
2026-10-06,call,8250.0,0.1,0.25,0.175
2026-10-06,put,8250.0,559.3,574.3,566.8
2026-10-06,call,8275.0,0.1,0.25,0.175
2026-10-06,put,8275.0,584.2,599.2,591.7
2026-10-06,call,8300.0,0.1,0.25,0.175
2026-10-06,put,8300.0,609.2,624.2,616.7
2026-10-06,call,8400.0,0.05,0.2,0.125
2026-10-06,put,8400.0,709.1,724.1,716.6
2026-10-06,call,8500.0,0.05,0.2,0.125
2026-10-06,put,8500.0,809.0,824.0,816.5
2026-10-06,put,8600.0,908.9,923.9,916.4
2026-10-06,put,8800.0,1108.7,1123.7,1116.2
2026-10-06,put,9000.0,1308.5,1323.5,1316.0
2026-10-06,put,9200.0,1508.3,1523.3,1515.8
2026-10-06,put,9400.0,1708.1,1723.1,1715.6
2026-10-06,put,9600.0,1908.0,1923.0,1915.5
2026-10-06,put,9800.0,2107.8,2122.8,2115.3
2026-10-06,put,10000.0,2307.6,2322.6,2315.1
2026-10-07,call,3200.0,4475.3,4483.3,4479.3
2026-10-07,call,3400.0,4275.4,4283.4,4279.4
2026-10-07,call,3600.0,4075.6,4083.6,4079.6
2026-10-07,call,3800.0,3875.8,3883.8,3879.8
2026-10-07,call,4000.0,3676.0,3684.0,3680.0
2026-10-07,call,4200.0,3476.2,3484.2,3480.2
2026-10-07,call,4400.0,3276.4,3284.4,3280.4
2026-10-07,call,4600.0,3076.6,3084.6,3080.6
2026-10-07,call,4800.0,2876.8,2884.8,2880.8
2026-10-07,call,5000.0,2677.0,2685.0,2681.0
2026-10-07,call,5200.0,2477.2,2485.2,2481.2
2026-10-07,call,5400.0,2277.4,2285.4,2281.4
2026-10-07,call,5600.0,2077.7,2085.7,2081.7
2026-10-07,put,5600.0,0.05,0.2,0.125
2026-10-07,call,5800.0,1877.9,1885.9,1881.9
2026-10-07,put,5800.0,0.1,0.25,0.175
2026-10-07,call,6000.0,1678.1,1686.1,1682.1
2026-10-07,put,6000.0,0.1,0.3,0.2
2026-10-07,call,6100.0,1578.3,1586.3,1582.3
2026-10-07,put,6100.0,0.15,0.35,0.25
2026-10-07,call,6200.0,1478.4,1486.4,1482.4
2026-10-07,put,6200.0,0.2,0.4,0.30000000000000004
2026-10-07,call,6300.0,1378.5,1386.5,1382.5
2026-10-07,put,6300.0,0.25,0.4,0.325
2026-10-07,call,6400.0,1278.7,1286.7,1282.7
2026-10-07,put,6400.0,0.3,0.5,0.4
2026-10-07,call,6500.0,1178.9,1186.9,1182.9
2026-10-07,put,6500.0,0.35,0.55,0.45
2026-10-07,call,6525.0,1153.9,1161.9,1157.9
2026-10-07,put,6525.0,0.35,0.55,0.45
2026-10-07,call,6550.0,1128.9,1136.9,1132.9
2026-10-07,put,6550.0,0.4,0.6,0.5
2026-10-07,call,6575.0,1104.0,1112.0,1108.0
2026-10-07,put,6575.0,0.4,0.6,0.5
2026-10-07,call,6600.0,1079.0,1087.0,1083.0
2026-10-07,put,6600.0,0.45,0.65,0.55
2026-10-07,call,6625.0,1054.1,1062.1,1058.1
2026-10-07,put,6625.0,0.45,0.65,0.55
2026-10-07,call,6650.0,1029.1,1037.1,1033.1
2026-10-07,put,6650.0,0.5,0.7,0.6
2026-10-07,call,6675.0,1004.2,1012.2,1008.2
2026-10-07,put,6675.0,0.5,0.7,0.6
2026-10-07,call,6700.0,979.2,987.2,983.2
2026-10-07,put,6700.0,0.55,0.75,0.65
2026-10-07,call,6725.0,954.3,962.3,958.3
2026-10-07,put,6725.0,0.55,0.8,0.675
2026-10-07,call,6750.0,929.4,937.4,933.4
2026-10-07,put,6750.0,0.6,0.85,0.725
2026-10-07,call,6775.0,904.4,912.4,908.4
2026-10-07,put,6775.0,0.65,0.85,0.75
2026-10-07,call,6800.0,879.5,887.5,883.5
2026-10-07,put,6800.0,0.7,0.9,0.8
2026-10-07,call,6825.0,854.5,862.5,858.5
2026-10-07,put,6825.0,0.7,0.95,0.825
2026-10-07,call,6850.0,829.6,837.6,833.6
2026-10-07,put,6850.0,0.75,1.0,0.875
2026-10-07,call,6875.0,804.7,812.7,808.7
2026-10-07,put,6875.0,0.8,1.05,0.925
2026-10-07,call,6900.0,779.8,787.8,783.8
2026-10-07,put,6900.0,0.85,1.1,0.9750000000000001
2026-10-07,call,6925.0,754.9,762.9,758.9
2026-10-07,put,6925.0,0.9,1.15,1.025
2026-10-07,call,6950.0,730.0,738.0,734.0
2026-10-07,put,6950.0,1.0,1.25,1.125
2026-10-07,call,6975.0,705.0,713.0,709.0
2026-10-07,put,6975.0,1.05,1.3,1.175
2026-10-07,call,7000.0,680.1,688.1,684.1
2026-10-07,put,7000.0,1.1,1.35,1.225
2026-10-07,call,7025.0,655.3,663.3,659.3
2026-10-07,put,7025.0,1.2,1.45,1.325
2026-10-07,call,7050.0,630.4,638.4,634.4
2026-10-07,put,7050.0,1.3,1.55,1.425
2026-10-07,call,7075.0,605.5,613.5,609.5
2026-10-07,put,7075.0,1.4,1.65,1.525
2026-10-07,call,7100.0,580.6,588.6,584.6
2026-10-07,put,7100.0,1.5,1.75,1.625
2026-10-07,call,7125.0,555.8,563.8,559.8
2026-10-07,put,7125.0,1.65,1.9,1.775
2026-10-07,call,7150.0,530.9,538.9,534.9
2026-10-07,put,7150.0,1.75,2.05,1.9
2026-10-07,call,7175.0,506.1,514.1,510.1
2026-10-07,put,7175.0,1.95,2.2,2.075
2026-10-07,call,7180.0,501.2,509.2,505.2
2026-10-07,put,7180.0,1.95,2.25,2.1
2026-10-07,call,7190.0,491.3,499.3,495.3
2026-10-07,put,7190.0,2.05,2.35,2.2
2026-10-07,call,7200.0,481.3,489.3,485.3
2026-10-07,put,7200.0,2.15,2.4,2.275
2026-10-07,call,7210.0,471.4,479.4,475.4
2026-10-07,put,7210.0,2.2,2.5,2.35
2026-10-07,call,7220.0,461.5,469.5,465.5
2026-10-07,put,7220.0,2.3,2.6,2.45
2026-10-07,call,7225.0,456.6,464.6,460.6
2026-10-07,put,7225.0,2.35,2.65,2.5
2026-10-07,call,7230.0,451.6,459.6,455.6
2026-10-07,put,7230.0,2.4,2.7,2.55
2026-10-07,call,7240.0,441.7,449.7,445.7
2026-10-07,put,7240.0,2.5,2.8,2.65
2026-10-07,call,7250.0,431.9,439.9,435.9
2026-10-07,put,7250.0,2.6,2.95,2.7750000000000004
2026-10-07,call,7260.0,422.0,430.0,426.0
2026-10-07,put,7260.0,2.75,3.1,2.925
2026-10-07,call,7270.0,412.2,420.2,416.2
2026-10-07,put,7270.0,2.85,3.2,3.0250000000000004
2026-10-07,call,7275.0,407.2,415.2,411.2
2026-10-07,put,7275.0,2.95,3.3,3.125
2026-10-07,call,7280.0,402.3,410.3,406.3
2026-10-07,put,7280.0,3.0,3.3,3.15
2026-10-07,call,7290.0,392.5,400.5,396.5
2026-10-07,put,7290.0,3.1,3.5,3.3
2026-10-07,call,7300.0,382.6,390.6,386.6
2026-10-07,put,7300.0,3.3,3.6,3.45
2026-10-07,call,7310.0,372.8,380.8,376.8
2026-10-07,put,7310.0,3.5,3.9,3.7
2026-10-07,call,7320.0,363.0,371.0,367.0
2026-10-07,put,7320.0,3.7,4.0,3.85
2026-10-07,call,7325.0,358.1,366.1,362.1
2026-10-07,put,7325.0,3.8,4.2,4.0
2026-10-07,call,7330.0,353.3,361.3,357.3
2026-10-07,put,7330.0,3.9,4.3,4.1
2026-10-07,call,7340.0,343.5,351.5,347.5
2026-10-07,put,7340.0,4.1,4.5,4.3
2026-10-07,call,7350.0,333.8,341.8,337.8
2026-10-07,put,7350.0,4.4,4.8,4.6
2026-10-07,call,7360.0,324.1,332.1,328.1
2026-10-07,put,7360.0,4.6,5.0,4.8
2026-10-07,call,7370.0,314.4,322.4,318.4
2026-10-07,put,7370.0,5.0,5.4,5.2
2026-10-07,call,7375.0,309.6,317.6,313.6
2026-10-07,put,7375.0,5.1,5.6,5.35
2026-10-07,call,7380.0,304.7,312.7,308.7
2026-10-07,put,7380.0,5.3,5.7,5.5
2026-10-07,call,7385.0,299.9,307.9,303.9
2026-10-07,put,7385.0,5.5,5.9,5.7
2026-10-07,call,7390.0,295.1,303.1,299.1
2026-10-07,put,7390.0,5.7,6.1,5.9
2026-10-07,call,7395.0,290.3,298.3,294.3
2026-10-07,put,7395.0,5.8,6.3,6.05
2026-10-07,call,7400.0,285.6,293.6,289.6
2026-10-07,put,7400.0,6.1,6.5,6.3
2026-10-07,call,7405.0,280.8,288.8,284.8
2026-10-07,put,7405.0,6.3,6.8,6.55
2026-10-07,call,7410.0,276.0,284.0,280.0
2026-10-07,put,7410.0,6.5,7.0,6.75
2026-10-07,call,7415.0,271.3,279.3,275.3
2026-10-07,put,7415.0,6.7,7.2,6.95
2026-10-07,call,7420.0,266.5,274.5,270.5
2026-10-07,put,7420.0,7.0,7.5,7.25
2026-10-07,call,7425.0,261.8,269.8,265.8
2026-10-07,put,7425.0,7.3,7.8,7.55
2026-10-07,call,7430.0,257.1,265.1,261.1
2026-10-07,put,7430.0,7.5,8.0,7.75
2026-10-07,call,7435.0,252.8,259.4,256.1
2026-10-07,put,7435.0,7.8,8.3,8.05
2026-10-07,call,7440.0,247.9,254.5,251.2
2026-10-07,put,7440.0,8.2,8.7,8.45
2026-10-07,call,7445.0,243.8,249.8,246.8
2026-10-07,put,7445.0,8.5,9.0,8.75
2026-10-07,call,7450.0,238.6,245.1,241.85
2026-10-07,put,7450.0,9.0,9.3,9.15
2026-10-07,call,7455.0,234.4,240.9,237.65
2026-10-07,put,7455.0,9.2,9.7,9.45
2026-10-07,call,7460.0,229.9,236.5,233.2
2026-10-07,put,7460.0,9.6,10.1,9.85
2026-10-07,call,7465.0,225.3,231.8,228.55
2026-10-07,put,7465.0,10.0,10.5,10.25
2026-10-07,call,7470.0,220.7,227.2,223.95
2026-10-07,put,7470.0,10.4,10.9,10.65
2026-10-07,call,7475.0,215.6,222.7,219.14999999999998
2026-10-07,put,7475.0,10.9,11.2,11.05
2026-10-07,call,7480.0,211.6,217.5,214.55
2026-10-07,put,7480.0,11.3,11.8,11.55
2026-10-07,call,7485.0,207.0,213.5,210.25
2026-10-07,put,7485.0,11.7,12.2,11.95
2026-10-07,call,7490.0,202.6,208.4,205.5
2026-10-07,put,7490.0,12.2,12.7,12.45
2026-10-07,call,7495.0,198.6,203.6,201.1
2026-10-07,put,7495.0,12.7,13.2,12.95
2026-10-07,call,7500.0,194.1,199.1,196.6
2026-10-07,put,7500.0,13.4,13.7,13.55
2026-10-07,call,7505.0,189.7,194.7,192.2
2026-10-07,put,7505.0,13.8,14.3,14.05
2026-10-07,call,7510.0,185.3,190.3,187.8
2026-10-07,put,7510.0,14.5,15.0,14.75
2026-10-07,call,7515.0,180.9,185.9,183.4
2026-10-07,put,7515.0,15.0,15.5,15.25
2026-10-07,call,7520.0,176.5,181.5,179.0
2026-10-07,put,7520.0,15.4,16.2,15.8
2026-10-07,call,7525.0,172.2,177.2,174.7
2026-10-07,put,7525.0,16.1,16.8,16.450000000000003
2026-10-07,call,7530.0,167.8,172.8,170.3
2026-10-07,put,7530.0,16.8,17.5,17.15
2026-10-07,call,7535.0,163.6,168.6,166.1
2026-10-07,put,7535.0,17.4,18.2,17.799999999999997
2026-10-07,call,7540.0,159.3,164.3,161.8
2026-10-07,put,7540.0,18.2,19.0,18.6
2026-10-07,call,7545.0,155.0,160.0,157.5
2026-10-07,put,7545.0,18.9,19.7,19.299999999999997
2026-10-07,call,7550.0,150.9,155.9,153.4
2026-10-07,put,7550.0,19.9,20.3,20.1
2026-10-07,call,7555.0,146.7,151.7,149.2
2026-10-07,put,7555.0,20.5,21.4,20.95
2026-10-07,call,7560.0,142.5,147.5,145.0
2026-10-07,put,7560.0,21.5,22.2,21.85
2026-10-07,call,7565.0,138.4,143.4,140.9
2026-10-07,put,7565.0,22.3,23.1,22.700000000000003
2026-10-07,call,7570.0,134.4,139.4,136.9
2026-10-07,put,7570.0,23.2,24.1,23.65
2026-10-07,call,7575.0,130.3,135.3,132.8
2026-10-07,put,7575.0,24.2,25.0,24.6
2026-10-07,call,7580.0,126.3,131.3,128.8
2026-10-07,put,7580.0,25.2,26.1,25.65
2026-10-07,call,7585.0,122.4,127.4,124.9
2026-10-07,put,7585.0,26.4,26.8,26.6
2026-10-07,call,7590.0,118.5,123.5,121.0
2026-10-07,put,7590.0,27.3,28.2,27.75
2026-10-07,call,7595.0,114.6,119.5,117.05
2026-10-07,put,7595.0,28.6,29.0,28.8
2026-10-07,call,7600.0,111.9,115.3,113.6
2026-10-07,put,7600.0,29.8,30.2,30.0
2026-10-07,call,7605.0,108.1,111.5,109.8
2026-10-07,put,7605.0,30.8,31.7,31.25
2026-10-07,call,7610.0,104.4,107.7,106.05000000000001
2026-10-07,put,7610.0,32.2,32.7,32.45
2026-10-07,call,7615.0,101.5,103.2,102.35
2026-10-07,put,7615.0,33.5,34.3,33.9
2026-10-07,call,7620.0,97.9,99.5,98.7
2026-10-07,put,7620.0,35.0,35.4,35.2
2026-10-07,call,7625.0,94.3,95.9,95.1
2026-10-07,put,7625.0,36.4,36.8,36.599999999999994
2026-10-07,call,7630.0,90.7,92.4,91.55000000000001
2026-10-07,put,7630.0,37.8,38.3,38.05
2026-10-07,call,7635.0,87.3,88.9,88.1
2026-10-07,put,7635.0,39.4,39.8,39.599999999999994
2026-10-07,call,7640.0,83.9,85.5,84.7
2026-10-07,put,7640.0,40.9,41.4,41.15
2026-10-07,call,7645.0,80.7,82.0,81.35
2026-10-07,put,7645.0,42.6,43.0,42.8
2026-10-07,call,7650.0,77.4,78.9,78.15
2026-10-07,put,7650.0,44.3,44.7,44.5
2026-10-07,call,7655.0,74.4,75.4,74.9
2026-10-07,put,7655.0,46.0,46.5,46.25
2026-10-07,call,7660.0,71.1,72.1,71.6
2026-10-07,put,7660.0,47.6,48.5,48.05
2026-10-07,call,7665.0,68.0,69.1,68.55
2026-10-07,put,7665.0,49.5,50.4,49.95
2026-10-07,call,7670.0,65.0,66.0,65.5
2026-10-07,put,7670.0,51.3,52.3,51.8
2026-10-07,call,7675.0,62.3,62.9,62.599999999999994
2026-10-07,put,7675.0,53.6,54.2,53.900000000000006
2026-10-07,call,7680.0,59.1,60.2,59.650000000000006
2026-10-07,put,7680.0,55.4,56.4,55.9
2026-10-07,call,7685.0,56.3,57.3,56.8
2026-10-07,put,7685.0,57.6,58.6,58.1
2026-10-07,call,7690.0,53.6,54.6,54.1
2026-10-07,put,7690.0,59.8,60.8,60.3
2026-10-07,call,7695.0,50.8,51.9,51.349999999999994
2026-10-07,put,7695.0,62.2,63.4,62.8
2026-10-07,call,7700.0,48.6,49.1,48.85
2026-10-07,put,7700.0,64.8,65.4,65.1
2026-10-07,call,7705.0,45.7,46.7,46.2
2026-10-07,put,7705.0,66.7,68.2,67.45
2026-10-07,call,7710.0,43.4,44.3,43.849999999999994
2026-10-07,put,7710.0,69.5,70.8,70.15
2026-10-07,call,7715.0,41.1,41.9,41.5
2026-10-07,put,7715.0,71.9,73.4,72.65
2026-10-07,call,7720.0,38.8,39.6,39.2
2026-10-07,put,7720.0,74.5,76.5,75.5
2026-10-07,call,7725.0,36.5,37.4,36.95
2026-10-07,put,7725.0,77.3,79.3,78.3
2026-10-07,call,7730.0,34.6,35.1,34.85
2026-10-07,put,7730.0,80.2,81.7,80.95
2026-10-07,call,7735.0,32.4,33.2,32.8
2026-10-07,put,7735.0,83.2,84.7,83.95
2026-10-07,call,7740.0,30.6,31.0,30.8
2026-10-07,put,7740.0,86.1,87.8,86.94999999999999
2026-10-07,call,7745.0,28.7,29.1,28.9
2026-10-07,put,7745.0,89.2,91.2,90.2
2026-10-07,call,7750.0,26.9,27.3,27.1
2026-10-07,put,7750.0,92.4,94.4,93.4
2026-10-07,call,7755.0,25.2,25.6,25.4
2026-10-07,put,7755.0,95.7,97.7,96.7
2026-10-07,call,7760.0,23.5,24.0,23.75
2026-10-07,put,7760.0,99.0,101.0,100.0
2026-10-07,call,7765.0,21.7,22.6,22.15
2026-10-07,put,7765.0,101.4,106.4,103.9
2026-10-07,call,7770.0,20.5,20.9,20.7
2026-10-07,put,7770.0,104.9,109.9,107.4
2026-10-07,call,7775.0,18.8,19.7,19.25
2026-10-07,put,7775.0,108.5,113.5,111.0
2026-10-07,call,7780.0,17.8,18.2,18.0
2026-10-07,put,7780.0,112.1,117.1,114.6
2026-10-07,call,7785.0,16.3,17.1,16.700000000000003
2026-10-07,put,7785.0,115.9,120.9,118.4
2026-10-07,call,7790.0,15.3,15.8,15.55
2026-10-07,put,7790.0,119.7,124.7,122.2
2026-10-07,call,7795.0,14.2,14.7,14.45
2026-10-07,put,7795.0,123.6,128.6,126.1
2026-10-07,call,7800.0,13.2,13.5,13.35
2026-10-07,put,7800.0,127.5,132.5,130.0
2026-10-07,call,7805.0,12.2,12.7,12.45
2026-10-07,put,7805.0,131.5,136.5,134.0
2026-10-07,call,7810.0,11.3,11.8,11.55
2026-10-07,put,7810.0,135.6,140.6,138.1
2026-10-07,call,7815.0,10.4,10.9,10.65
2026-10-07,put,7815.0,139.8,144.8,142.3
2026-10-07,call,7820.0,9.6,10.1,9.85
2026-10-07,put,7820.0,144.0,149.0,146.5
2026-10-07,call,7825.0,8.9,9.2,9.05
2026-10-07,put,7825.0,148.2,153.2,150.7
2026-10-07,call,7830.0,8.1,8.6,8.35
2026-10-07,put,7830.0,152.5,157.5,155.0
2026-10-07,call,7835.0,7.5,8.0,7.75
2026-10-07,put,7835.0,156.8,161.8,159.3
2026-10-07,call,7840.0,6.9,7.3,7.1
2026-10-07,put,7840.0,161.2,166.2,163.7
2026-10-07,call,7845.0,6.3,6.8,6.55
2026-10-07,put,7845.0,165.7,170.7,168.2
2026-10-07,call,7850.0,5.8,6.3,6.05
2026-10-07,put,7850.0,170.1,175.1,172.6
2026-10-07,call,7855.0,5.3,5.8,5.55
2026-10-07,put,7855.0,174.7,179.7,177.2
2026-10-07,call,7860.0,4.9,5.3,5.1
2026-10-07,put,7860.0,179.2,184.2,181.7
2026-10-07,call,7865.0,4.5,4.9,4.7
2026-10-07,put,7865.0,183.8,188.8,186.3
2026-10-07,call,7870.0,4.1,4.5,4.3
2026-10-07,put,7870.0,188.4,193.4,190.9
2026-10-07,call,7875.0,3.8,4.2,4.0
2026-10-07,put,7875.0,193.1,198.1,195.6
2026-10-07,call,7880.0,3.5,3.9,3.7
2026-10-07,put,7880.0,197.7,202.7,200.2
2026-10-07,call,7885.0,3.2,3.6,3.4000000000000004
2026-10-07,put,7885.0,200.7,208.7,204.7
2026-10-07,call,7890.0,2.9,3.3,3.0999999999999996
2026-10-07,put,7890.0,205.4,213.4,209.4
2026-10-07,call,7895.0,2.65,3.0,2.825
2026-10-07,put,7895.0,210.1,218.1,214.1
2026-10-07,call,7900.0,2.5,2.8,2.65
2026-10-07,put,7900.0,214.9,222.9,218.9
2026-10-07,call,7910.0,2.05,2.4,2.2249999999999996
2026-10-07,put,7910.0,224.5,232.5,228.5
2026-10-07,call,7920.0,1.75,2.1,1.925
2026-10-07,put,7920.0,234.2,242.2,238.2
2026-10-07,call,7925.0,1.6,1.95,1.775
2026-10-07,put,7925.0,239.0,247.0,243.0
2026-10-07,call,7930.0,1.5,1.8,1.65
2026-10-07,put,7930.0,243.9,251.9,247.9
2026-10-07,call,7940.0,1.25,1.6,1.425
2026-10-07,put,7940.0,253.7,261.7,257.7
2026-10-07,call,7950.0,1.1,1.4,1.25
2026-10-07,put,7950.0,263.5,271.5,267.5
2026-10-07,call,7960.0,0.95,1.25,1.1
2026-10-07,put,7960.0,273.3,281.3,277.3
2026-10-07,call,7970.0,0.85,1.1,0.9750000000000001
2026-10-07,put,7970.0,283.1,291.1,287.1
2026-10-07,call,7975.0,0.8,1.05,0.925
2026-10-07,put,7975.0,288.1,296.1,292.1
2026-10-07,call,8000.0,0.6,0.85,0.725
2026-10-07,put,8000.0,312.8,320.8,316.8
2026-10-07,call,8025.0,0.45,0.7,0.575
2026-10-07,put,8025.0,337.7,345.7,341.7
2026-10-07,call,8050.0,0.35,0.6,0.475
2026-10-07,put,8050.0,362.6,370.6,366.6
2026-10-07,call,8075.0,0.3,0.55,0.42500000000000004
2026-10-07,put,8075.0,387.5,395.5,391.5
2026-10-07,call,8100.0,0.25,0.5,0.375
2026-10-07,put,8100.0,412.4,420.4,416.4
2026-10-07,call,8125.0,0.2,0.45,0.325
2026-10-07,put,8125.0,437.3,445.3,441.3
2026-10-07,call,8150.0,0.2,0.4,0.30000000000000004
2026-10-07,put,8150.0,462.3,470.3,466.3
2026-10-07,call,8175.0,0.15,0.35,0.25
2026-10-07,put,8175.0,487.2,495.2,491.2
2026-10-07,call,8200.0,0.15,0.35,0.25
2026-10-07,put,8200.0,512.2,520.2,516.2
2026-10-07,call,8225.0,0.2,0.35,0.275
2026-10-07,put,8225.0,537.2,545.2,541.2
2026-10-07,call,8250.0,0.1,0.3,0.2
2026-10-07,put,8250.0,562.1,570.1,566.1
2026-10-07,call,8275.0,0.1,0.3,0.2
2026-10-07,put,8275.0,587.1,595.1,591.1
2026-10-07,call,8300.0,0.1,0.3,0.2
2026-10-07,put,8300.0,612.1,620.1,616.1
2026-10-07,call,8400.0,0.1,0.25,0.175
2026-10-07,put,8400.0,711.9,719.9,715.9
2026-10-07,call,8500.0,0.05,0.2,0.125
2026-10-07,put,8500.0,811.8,819.8,815.8
2026-10-07,call,8600.0,0.05,0.2,0.125
2026-10-07,put,8600.0,911.7,919.7,915.7
2026-10-07,put,8800.0,1111.4,1119.4,1115.4
2026-10-07,put,9000.0,1311.2,1319.2,1315.2
2026-10-07,put,9200.0,1511.0,1519.0,1515.0
2026-10-07,put,9400.0,1710.8,1718.8,1714.8
2026-10-07,put,9600.0,1910.6,1918.6,1914.6
2026-10-07,put,9800.0,2110.4,2118.4,2114.4
2026-10-07,put,10000.0,2310.3,2318.3,2314.3
2026-10-08,call,3200.0,4474.9,4482.9,4478.9
2026-10-08,call,3400.0,4275.1,4283.1,4279.1
2026-10-08,call,3600.0,4075.3,4083.3,4079.3
2026-10-08,call,3800.0,3875.5,3883.5,3879.5
2026-10-08,call,4000.0,3675.8,3683.8,3679.8
2026-10-08,call,4200.0,3476.0,3484.0,3480.0
2026-10-08,call,4400.0,3276.2,3284.2,3280.2
2026-10-08,call,4600.0,3076.4,3084.4,3080.4
2026-10-08,call,4800.0,2876.7,2884.7,2880.7
2026-10-08,call,5000.0,2676.9,2684.9,2680.9
2026-10-08,call,5200.0,2477.1,2485.1,2481.1
2026-10-08,call,5400.0,2277.4,2285.4,2281.4
2026-10-08,put,5400.0,0.05,0.25,0.15
2026-10-08,call,5600.0,2077.6,2085.6,2081.6
2026-10-08,put,5600.0,0.1,0.25,0.175
2026-10-08,call,5800.0,1877.9,1885.9,1881.9
2026-10-08,put,5800.0,0.15,0.3,0.22499999999999998
2026-10-08,call,6000.0,1678.2,1686.2,1682.2
2026-10-08,put,6000.0,0.2,0.4,0.30000000000000004
2026-10-08,call,6100.0,1578.3,1586.3,1582.3
2026-10-08,put,6100.0,0.25,0.45,0.35
2026-10-08,call,6200.0,1478.5,1486.5,1482.5
2026-10-08,put,6200.0,0.3,0.5,0.4
2026-10-08,call,6300.0,1378.7,1386.7,1382.7
2026-10-08,put,6300.0,0.35,0.55,0.45
2026-10-08,call,6400.0,1278.8,1286.8,1282.8
2026-10-08,put,6400.0,0.4,0.65,0.525
2026-10-08,call,6500.0,1179.0,1187.0,1183.0
2026-10-08,put,6500.0,0.5,0.75,0.625
2026-10-08,call,6525.0,1154.1,1162.1,1158.1
2026-10-08,put,6525.0,0.55,0.75,0.65
2026-10-08,call,6550.0,1129.1,1137.1,1133.1
2026-10-08,put,6550.0,0.55,0.8,0.675
2026-10-08,call,6575.0,1104.2,1112.2,1108.2
2026-10-08,put,6575.0,0.6,0.8,0.7
2026-10-08,call,6600.0,1079.3,1087.3,1083.3
2026-10-08,put,6600.0,0.6,0.85,0.725
2026-10-08,call,6625.0,1054.3,1062.3,1058.3
2026-10-08,put,6625.0,0.65,0.9,0.775
2026-10-08,call,6650.0,1029.4,1037.4,1033.4
2026-10-08,put,6650.0,0.7,0.95,0.825
2026-10-08,call,6675.0,1004.5,1012.5,1008.5
2026-10-08,put,6675.0,0.7,0.95,0.825
2026-10-08,call,6700.0,979.5,987.5,983.5
2026-10-08,put,6700.0,0.75,1.0,0.875
2026-10-08,call,6725.0,954.6,962.6,958.6
2026-10-08,put,6725.0,0.8,1.05,0.925
2026-10-08,call,6750.0,929.7,937.7,933.7
2026-10-08,put,6750.0,0.85,1.1,0.9750000000000001
2026-10-08,call,6775.0,904.7,912.7,908.7
2026-10-08,put,6775.0,0.9,1.15,1.025
2026-10-08,call,6800.0,879.8,887.8,883.8
2026-10-08,put,6800.0,0.95,1.2,1.075
2026-10-08,call,6825.0,854.9,862.9,858.9
2026-10-08,put,6825.0,1.0,1.25,1.125
2026-10-08,call,6850.0,830.0,838.0,834.0
2026-10-08,put,6850.0,1.05,1.3,1.175
2026-10-08,call,6875.0,805.1,813.1,809.1
2026-10-08,put,6875.0,1.1,1.4,1.25
2026-10-08,call,6900.0,780.2,788.2,784.2
2026-10-08,put,6900.0,1.2,1.45,1.325
2026-10-08,call,6925.0,755.3,763.3,759.3
2026-10-08,put,6925.0,1.25,1.55,1.4
2026-10-08,call,6950.0,730.4,738.4,734.4
2026-10-08,put,6950.0,1.35,1.6,1.475
2026-10-08,call,6975.0,705.5,713.5,709.5
2026-10-08,put,6975.0,1.4,1.7,1.5499999999999998
2026-10-08,call,7000.0,680.6,688.6,684.6
2026-10-08,put,7000.0,1.5,1.8,1.65
2026-10-08,call,7025.0,655.8,663.8,659.8
2026-10-08,put,7025.0,1.6,1.9,1.75
2026-10-08,call,7050.0,631.3,639.3,635.3
2026-10-08,put,7050.0,1.75,2.0,1.875
2026-10-08,call,7075.0,606.5,614.5,610.5
2026-10-08,put,7075.0,1.85,2.15,2.0
2026-10-08,call,7100.0,581.6,589.6,585.6
2026-10-08,put,7100.0,2.0,2.3,2.15
2026-10-08,call,7125.0,556.8,564.8,560.8
2026-10-08,put,7125.0,2.15,2.45,2.3
2026-10-08,call,7150.0,532.0,540.0,536.0
2026-10-08,put,7150.0,2.35,2.65,2.5
2026-10-08,call,7175.0,507.3,515.3,511.29999999999995
2026-10-08,put,7175.0,2.55,2.85,2.7
2026-10-08,call,7200.0,482.5,490.5,486.5
2026-10-08,put,7200.0,2.8,3.1,2.95
2026-10-08,call,7220.0,462.8,470.8,466.8
2026-10-08,put,7220.0,3.0,3.3,3.15
2026-10-08,call,7225.0,457.8,465.8,461.8
2026-10-08,put,7225.0,3.1,3.4,3.25
2026-10-08,call,7230.0,452.9,460.9,456.9
2026-10-08,put,7230.0,3.1,3.5,3.3
2026-10-08,call,7240.0,443.0,451.0,447.0
2026-10-08,put,7240.0,3.3,3.6,3.45
2026-10-08,call,7250.0,433.2,441.2,437.2
2026-10-08,put,7250.0,3.4,3.7,3.55
2026-10-08,call,7260.0,423.4,431.4,427.4
2026-10-08,put,7260.0,3.6,3.9,3.75
2026-10-08,call,7270.0,413.5,421.5,417.5
2026-10-08,put,7270.0,3.7,4.1,3.9
2026-10-08,call,7275.0,408.6,416.6,412.6
2026-10-08,put,7275.0,3.8,4.1,3.9499999999999997
2026-10-08,call,7280.0,403.7,411.7,407.7
2026-10-08,put,7280.0,3.9,4.3,4.1
2026-10-08,call,7290.0,393.9,401.9,397.9
2026-10-08,put,7290.0,4.1,4.5,4.3
2026-10-08,call,7300.0,384.2,392.2,388.2
2026-10-08,put,7300.0,4.3,4.7,4.5
2026-10-08,call,7310.0,374.4,382.4,378.4
2026-10-08,put,7310.0,4.5,4.9,4.7
2026-10-08,call,7320.0,364.7,372.7,368.7
2026-10-08,put,7320.0,4.8,5.2,5.0
2026-10-08,call,7325.0,359.8,367.8,363.8
2026-10-08,put,7325.0,4.9,5.3,5.1
2026-10-08,call,7330.0,354.9,362.9,358.9
2026-10-08,put,7330.0,5.0,5.4,5.2
2026-10-08,call,7340.0,345.2,353.2,349.2
2026-10-08,put,7340.0,5.3,5.8,5.55
2026-10-08,call,7350.0,335.6,343.6,339.6
2026-10-08,put,7350.0,5.6,6.1,5.85
2026-10-08,call,7360.0,325.9,333.9,329.9
2026-10-08,put,7360.0,6.0,6.4,6.2
2026-10-08,call,7370.0,316.3,324.3,320.3
2026-10-08,put,7370.0,6.4,6.8,6.6
2026-10-08,call,7375.0,311.5,319.5,315.5
2026-10-08,put,7375.0,6.6,7.0,6.8
2026-10-08,call,7380.0,306.8,314.8,310.8
2026-10-08,put,7380.0,6.8,7.2,7.0
2026-10-08,call,7385.0,302.0,310.0,306.0
2026-10-08,put,7385.0,7.0,7.5,7.25
2026-10-08,call,7390.0,297.2,305.2,301.2
2026-10-08,put,7390.0,7.2,7.7,7.45
2026-10-08,call,7395.0,292.5,300.5,296.5
2026-10-08,put,7395.0,7.5,8.0,7.75
2026-10-08,call,7400.0,287.7,295.7,291.7
2026-10-08,put,7400.0,7.7,8.2,7.949999999999999
2026-10-08,call,7405.0,283.0,291.0,287.0
2026-10-08,put,7405.0,8.0,8.5,8.25
2026-10-08,call,7410.0,278.3,286.3,282.3
2026-10-08,put,7410.0,8.3,8.8,8.55
2026-10-08,call,7415.0,273.8,281.1,277.45000000000005
2026-10-08,put,7415.0,8.5,9.0,8.75
2026-10-08,call,7420.0,269.7,276.2,272.95
2026-10-08,put,7420.0,8.9,9.4,9.15
2026-10-08,call,7425.0,265.0,271.5,268.25
2026-10-08,put,7425.0,9.2,9.7,9.45
2026-10-08,call,7430.0,259.8,266.8,263.3
2026-10-08,put,7430.0,9.5,10.0,9.75
2026-10-08,call,7435.0,255.2,261.7,258.45
2026-10-08,put,7435.0,9.8,10.3,10.05
2026-10-08,call,7440.0,250.6,257.1,253.85000000000002
2026-10-08,put,7440.0,10.2,10.7,10.45
2026-10-08,call,7445.0,246.0,252.4,249.2
2026-10-08,put,7445.0,10.6,11.1,10.85
2026-10-08,call,7450.0,241.8,248.3,245.05
2026-10-08,put,7450.0,11.0,11.4,11.2
2026-10-08,call,7455.0,236.8,243.2,240.0
2026-10-08,put,7455.0,11.3,11.8,11.55
2026-10-08,call,7460.0,232.7,238.6,235.64999999999998
2026-10-08,put,7460.0,11.9,12.4,12.15
2026-10-08,call,7465.0,228.2,234.1,231.14999999999998
2026-10-08,put,7465.0,12.2,12.7,12.45
2026-10-08,call,7470.0,223.1,229.5,226.3
2026-10-08,put,7470.0,12.8,13.3,13.05
2026-10-08,call,7475.0,219.1,225.4,222.25
2026-10-08,put,7475.0,13.2,13.7,13.45
2026-10-08,call,7480.0,214.1,220.5,217.3
2026-10-08,put,7480.0,13.7,14.2,13.95
2026-10-08,call,7485.0,209.7,215.9,212.8
2026-10-08,put,7485.0,14.2,14.7,14.45
2026-10-08,call,7490.0,205.2,211.5,208.35
2026-10-08,put,7490.0,14.7,15.2,14.95
2026-10-08,call,7495.0,200.8,207.6,204.2
2026-10-08,put,7495.0,15.2,15.7,15.45
2026-10-08,call,7500.0,197.2,202.2,199.7
2026-10-08,put,7500.0,15.8,16.2,16.0
2026-10-08,call,7505.0,192.8,197.8,195.3
2026-10-08,put,7505.0,16.3,17.0,16.65
2026-10-08,call,7510.0,188.5,193.5,191.0
2026-10-08,put,7510.0,16.9,17.6,17.25
2026-10-08,call,7515.0,184.1,189.1,186.6
2026-10-08,put,7515.0,17.5,18.3,17.9
2026-10-08,call,7520.0,179.8,184.8,182.3
2026-10-08,put,7520.0,18.2,19.0,18.6
2026-10-08,call,7525.0,175.5,180.5,178.0
2026-10-08,put,7525.0,18.8,19.7,19.25
2026-10-08,call,7530.0,171.2,176.2,173.7
2026-10-08,put,7530.0,19.6,20.4,20.0
2026-10-08,call,7535.0,167.0,172.0,169.5
2026-10-08,put,7535.0,20.4,21.2,20.799999999999997
2026-10-08,call,7540.0,162.7,167.7,165.2
2026-10-08,put,7540.0,21.1,22.0,21.55
2026-10-08,call,7545.0,158.5,163.5,161.0
2026-10-08,put,7545.0,21.9,22.8,22.35
2026-10-08,call,7550.0,154.4,159.4,156.9
2026-10-08,put,7550.0,22.9,23.3,23.1
2026-10-08,call,7555.0,150.2,155.2,152.7
2026-10-08,put,7555.0,23.6,24.5,24.05
2026-10-08,call,7560.0,146.1,151.1,148.6
2026-10-08,put,7560.0,24.5,25.4,24.95
2026-10-08,call,7565.0,142.1,147.1,144.6
2026-10-08,put,7565.0,25.5,26.4,25.95
2026-10-08,call,7570.0,138.1,143.1,140.6
2026-10-08,put,7570.0,26.4,27.3,26.85
2026-10-08,call,7575.0,134.1,139.1,136.6
2026-10-08,put,7575.0,27.5,28.0,27.75
2026-10-08,call,7580.0,130.1,135.1,132.6
2026-10-08,put,7580.0,28.5,29.1,28.8
2026-10-08,call,7585.0,126.2,131.2,128.7
2026-10-08,put,7585.0,29.6,30.5,30.05
2026-10-08,call,7590.0,122.3,127.3,124.8
2026-10-08,put,7590.0,30.8,31.2,31.0
2026-10-08,call,7595.0,119.9,122.9,121.4
2026-10-08,put,7595.0,31.8,32.8,32.3
2026-10-08,call,7600.0,115.8,119.1,117.44999999999999
2026-10-08,put,7600.0,33.1,33.6,33.35
2026-10-08,call,7605.0,112.0,115.3,113.65
2026-10-08,put,7605.0,34.4,34.8,34.599999999999994
2026-10-08,call,7610.0,108.3,111.6,109.94999999999999
2026-10-08,put,7610.0,35.4,36.4,35.9
2026-10-08,call,7615.0,105.2,107.9,106.55000000000001
2026-10-08,put,7615.0,36.9,37.4,37.15
2026-10-08,call,7620.0,101.8,103.6,102.69999999999999
2026-10-08,put,7620.0,38.2,39.2,38.7
2026-10-08,call,7625.0,98.3,100.0,99.15
2026-10-08,put,7625.0,39.8,40.3,40.05
2026-10-08,call,7630.0,94.8,96.5,95.65
2026-10-08,put,7630.0,41.2,41.8,41.5
2026-10-08,call,7635.0,91.4,93.0,92.2
2026-10-08,put,7635.0,42.6,43.6,43.1
2026-10-08,call,7640.0,88.0,89.5,88.75
2026-10-08,put,7640.0,44.4,44.9,44.65
2026-10-08,call,7645.0,84.7,86.1,85.4
2026-10-08,put,7645.0,46.1,46.5,46.3
2026-10-08,call,7650.0,81.9,82.6,82.25
2026-10-08,put,7650.0,47.8,48.2,48.0
2026-10-08,call,7655.0,78.4,79.5,78.95
2026-10-08,put,7655.0,49.3,50.3,49.8
2026-10-08,call,7660.0,75.2,76.4,75.80000000000001
2026-10-08,put,7660.0,51.2,52.1,51.650000000000006
2026-10-08,call,7665.0,72.1,73.2,72.65
2026-10-08,put,7665.0,52.9,54.1,53.5
2026-10-08,call,7670.0,69.1,70.3,69.69999999999999
2026-10-08,put,7670.0,54.9,56.0,55.45
2026-10-08,call,7675.0,66.0,67.2,66.6
2026-10-08,put,7675.0,57.0,58.0,57.5
2026-10-08,call,7680.0,63.2,64.3,63.75
2026-10-08,put,7680.0,59.0,60.1,59.55
2026-10-08,call,7685.0,60.2,61.4,60.8
2026-10-08,put,7685.0,61.1,62.2,61.650000000000006
2026-10-08,call,7690.0,57.5,58.6,58.05
2026-10-08,put,7690.0,63.3,64.5,63.9
2026-10-08,call,7695.0,54.8,56.0,55.4
2026-10-08,put,7695.0,65.7,66.8,66.25
2026-10-08,call,7700.0,52.5,53.0,52.75
2026-10-08,put,7700.0,68.1,68.8,68.44999999999999
2026-10-08,call,7705.0,49.8,50.6,50.2
2026-10-08,put,7705.0,70.4,71.7,71.05000000000001
2026-10-08,call,7710.0,47.3,48.1,47.7
2026-10-08,put,7710.0,72.9,74.2,73.55000000000001
2026-10-08,call,7715.0,44.7,45.7,45.2
2026-10-08,put,7715.0,75.4,77.1,76.25
2026-10-08,call,7720.0,42.6,43.4,43.0
2026-10-08,put,7720.0,78.1,79.4,78.75
2026-10-08,call,7725.0,40.1,41.1,40.6
2026-10-08,put,7725.0,80.8,82.2,81.5
2026-10-08,call,7730.0,38.2,38.7,38.45
2026-10-08,put,7730.0,83.6,85.2,84.4
2026-10-08,call,7735.0,36.0,36.8,36.4
2026-10-08,put,7735.0,86.1,88.1,87.1
2026-10-08,call,7740.0,34.1,34.6,34.35
2026-10-08,put,7740.0,89.1,90.8,89.94999999999999
2026-10-08,call,7745.0,32.0,32.8,32.4
2026-10-08,put,7745.0,92.1,94.1,93.1
2026-10-08,call,7750.0,30.2,30.7,30.45
2026-10-08,put,7750.0,95.2,97.2,96.2
2026-10-08,call,7755.0,28.2,29.1,28.65
2026-10-08,put,7755.0,98.4,100.4,99.4
2026-10-08,call,7760.0,26.5,27.4,26.95
2026-10-08,put,7760.0,101.8,104.8,103.3
2026-10-08,call,7765.0,24.8,25.7,25.25
2026-10-08,put,7765.0,103.9,108.9,106.4
2026-10-08,call,7770.0,23.5,23.9,23.7
2026-10-08,put,7770.0,107.3,112.3,109.8
2026-10-08,call,7775.0,22.0,22.4,22.2
2026-10-08,put,7775.0,110.8,115.8,113.3
2026-10-08,call,7780.0,20.3,21.2,20.75
2026-10-08,put,7780.0,114.4,119.4,116.9
2026-10-08,call,7785.0,19.2,19.6,19.4
2026-10-08,put,7785.0,118.0,123.0,120.5
2026-10-08,call,7790.0,17.7,18.5,18.1
2026-10-08,put,7790.0,121.7,126.7,124.2
2026-10-08,call,7795.0,16.5,17.3,16.9
2026-10-08,put,7795.0,125.5,130.5,128.0
2026-10-08,call,7800.0,15.6,15.9,15.75
2026-10-08,put,7800.0,129.4,134.4,131.9
2026-10-08,call,7805.0,14.5,15.0,14.75
2026-10-08,put,7805.0,133.3,138.3,135.8
2026-10-08,call,7810.0,13.5,14.0,13.75
2026-10-08,put,7810.0,137.3,142.3,139.8
2026-10-08,call,7815.0,12.5,13.0,12.75
2026-10-08,put,7815.0,141.3,146.3,143.8
2026-10-08,call,7820.0,11.6,12.1,11.85
2026-10-08,put,7820.0,145.4,150.4,147.9
2026-10-08,call,7825.0,10.8,11.3,11.05
2026-10-08,put,7825.0,149.5,154.5,152.0
2026-10-08,call,7830.0,10.0,10.5,10.25
2026-10-08,put,7830.0,153.7,158.7,156.2
2026-10-08,call,7835.0,9.2,9.7,9.45
2026-10-08,put,7835.0,158.0,163.0,160.5
2026-10-08,call,7840.0,8.5,9.0,8.75
2026-10-08,put,7840.0,162.3,167.3,164.8
2026-10-08,call,7845.0,7.9,8.4,8.15
2026-10-08,put,7845.0,166.6,171.6,169.1
2026-10-08,call,7850.0,7.3,7.6,7.449999999999999
2026-10-08,put,7850.0,171.0,176.0,173.5
2026-10-08,call,7855.0,6.7,7.2,6.95
2026-10-08,put,7855.0,175.4,180.4,177.9
2026-10-08,call,7860.0,6.2,6.7,6.45
2026-10-08,put,7860.0,179.9,184.9,182.4
2026-10-08,call,7865.0,5.7,6.2,5.95
2026-10-08,put,7865.0,184.4,189.4,186.9
2026-10-08,call,7870.0,5.3,5.8,5.55
2026-10-08,put,7870.0,189.0,194.0,191.5
2026-10-08,call,7875.0,4.9,5.3,5.1
2026-10-08,put,7875.0,193.5,198.5,196.0
2026-10-08,call,7880.0,4.5,4.9,4.7
2026-10-08,put,7880.0,198.2,203.2,200.7
2026-10-08,call,7885.0,4.2,4.6,4.4
2026-10-08,put,7885.0,201.0,209.0,205.0
2026-10-08,call,7890.0,3.9,4.3,4.1
2026-10-08,put,7890.0,205.7,213.7,209.7
2026-10-08,call,7895.0,3.6,4.0,3.8
2026-10-08,put,7895.0,210.4,218.4,214.4
2026-10-08,call,7900.0,3.3,3.7,3.5
2026-10-08,put,7900.0,215.1,223.1,219.1
2026-10-08,call,7910.0,2.75,3.1,2.925
2026-10-08,put,7910.0,224.6,232.6,228.6
2026-10-08,call,7920.0,2.35,2.75,2.55
2026-10-08,put,7920.0,234.2,242.2,238.2
2026-10-08,call,7925.0,2.15,2.55,2.3499999999999996
2026-10-08,put,7925.0,239.0,247.0,243.0
2026-10-08,call,7930.0,2.05,2.4,2.2249999999999996
2026-10-08,put,7930.0,243.8,251.8,247.8
2026-10-08,call,7940.0,1.75,2.1,1.925
2026-10-08,put,7940.0,253.5,261.5,257.5
2026-10-08,call,7950.0,1.5,1.85,1.675
2026-10-08,put,7950.0,263.3,271.3,267.3
2026-10-08,call,7960.0,1.3,1.65,1.475
2026-10-08,put,7960.0,273.1,281.1,277.1
2026-10-08,call,7970.0,1.15,1.45,1.2999999999999998
2026-10-08,put,7970.0,282.9,290.9,286.9
2026-10-08,call,7975.0,1.05,1.4,1.225
2026-10-08,put,7975.0,287.8,295.8,291.8
2026-10-08,call,8000.0,0.8,1.1,0.9500000000000001
2026-10-08,put,8000.0,312.9,320.9,316.9
2026-10-08,call,8025.0,0.6,0.9,0.75
2026-10-08,put,8025.0,337.7,345.7,341.7
2026-10-08,call,8050.0,0.5,0.75,0.625
2026-10-08,put,8050.0,362.5,370.5,366.5
2026-10-08,call,8075.0,0.4,0.65,0.525
2026-10-08,put,8075.0,387.4,395.4,391.4
2026-10-08,call,8100.0,0.35,0.6,0.475
2026-10-08,put,8100.0,412.3,420.3,416.3
2026-10-08,call,8125.0,0.3,0.55,0.42500000000000004
2026-10-08,put,8125.0,437.2,445.2,441.2
2026-10-08,call,8150.0,0.25,0.5,0.375
2026-10-08,put,8150.0,462.1,470.1,466.1
2026-10-08,call,8175.0,0.2,0.45,0.325
2026-10-08,put,8175.0,487.1,495.1,491.1
2026-10-08,call,8200.0,0.2,0.45,0.325
2026-10-08,put,8200.0,512.0,520.0,516.0
2026-10-08,call,8225.0,0.15,0.4,0.275
2026-10-08,put,8225.0,537.0,545.0,541.0
2026-10-08,call,8250.0,0.15,0.35,0.25
2026-10-08,put,8250.0,561.9,569.9,565.9
2026-10-08,call,8275.0,0.1,0.35,0.22499999999999998
2026-10-08,put,8275.0,586.9,594.9,590.9
2026-10-08,call,8300.0,0.1,0.35,0.22499999999999998
2026-10-08,put,8300.0,611.9,619.9,615.9
2026-10-08,call,8400.0,0.05,0.25,0.15
2026-10-08,put,8400.0,711.7,719.7,715.7
2026-10-08,call,8500.0,0.05,0.25,0.15
2026-10-08,put,8500.0,811.6,819.6,815.6
2026-10-08,call,8600.0,0.05,0.2,0.125
2026-10-08,put,8600.0,911.4,919.4,915.4
2026-10-08,put,8800.0,1111.2,1119.2,1115.2
2026-10-08,put,9000.0,1310.9,1318.9,1314.9
2026-10-08,put,9200.0,1510.7,1518.7,1514.7
2026-10-08,put,9400.0,1710.5,1718.5,1714.5
2026-10-08,put,9600.0,1910.2,1918.2,1914.2
2026-10-08,put,9800.0,2110.0,2118.0,2114.0
2026-10-08,put,10000.0,2309.8,2317.8,2313.8
2026-10-09,call,3000.0,4675.0,4683.0,4679.0
2026-10-09,call,3200.0,4475.3,4483.3,4479.3
2026-10-09,call,3400.0,4275.6,4283.6,4279.6
2026-10-09,call,3600.0,4075.9,4083.9,4079.9
2026-10-09,call,3800.0,3876.3,3884.3,3880.3
2026-10-09,call,4000.0,3676.6,3684.6,3680.6
2026-10-09,call,4200.0,3476.9,3484.9,3480.9
2026-10-09,call,4400.0,3277.2,3285.2,3281.2
2026-10-09,call,4600.0,3077.5,3085.5,3081.5
2026-10-09,call,4800.0,2877.9,2885.9,2881.9
2026-10-09,call,5000.0,2678.2,2686.2,2682.2
2026-10-09,call,5200.0,2478.5,2486.5,2482.5
2026-10-09,put,5200.0,0.05,0.2,0.125
2026-10-09,call,5400.0,2278.9,2286.9,2282.9
2026-10-09,put,5400.0,0.1,0.25,0.175
2026-10-09,call,5600.0,2079.3,2087.3,2083.3
2026-10-09,put,5600.0,0.1,0.3,0.2
2026-10-09,call,5700.0,1979.4,1987.4,1983.4
2026-10-09,put,5700.0,0.15,0.35,0.25
2026-10-09,call,5800.0,1879.6,1887.6,1883.6
2026-10-09,put,5800.0,0.2,0.4,0.30000000000000004
2026-10-09,call,5900.0,1779.8,1787.8,1783.8
2026-10-09,put,5900.0,0.2,0.4,0.30000000000000004
2026-10-09,call,6000.0,1680.0,1688.0,1684.0
2026-10-09,put,6000.0,0.25,0.45,0.35
2026-10-09,call,6050.0,1630.1,1638.1,1634.1
2026-10-09,put,6050.0,0.3,0.5,0.4
2026-10-09,call,6100.0,1580.3,1588.3,1584.3
2026-10-09,put,6100.0,0.35,0.55,0.45
2026-10-09,call,6150.0,1530.4,1538.4,1534.4
2026-10-09,put,6150.0,0.35,0.55,0.45
2026-10-09,call,6200.0,1480.5,1488.5,1484.5
2026-10-09,put,6200.0,0.4,0.6,0.5
2026-10-09,call,6250.0,1430.6,1438.6,1434.6
2026-10-09,put,6250.0,0.45,0.65,0.55
2026-10-09,call,6300.0,1380.7,1388.7,1384.7
2026-10-09,put,6300.0,0.45,0.7,0.575
2026-10-09,call,6325.0,1355.8,1363.8,1359.8
2026-10-09,put,6325.0,0.5,0.7,0.6
2026-10-09,call,6350.0,1330.8,1338.8,1334.8
2026-10-09,put,6350.0,0.5,0.75,0.625
2026-10-09,call,6375.0,1305.9,1313.9,1309.9
2026-10-09,put,6375.0,0.55,0.75,0.65
2026-10-09,call,6400.0,1281.0,1289.0,1285.0
2026-10-09,put,6400.0,0.55,0.8,0.675
2026-10-09,call,6425.0,1256.0,1264.0,1260.0
2026-10-09,put,6425.0,0.6,0.8,0.7
2026-10-09,call,6450.0,1231.1,1239.1,1235.1
2026-10-09,put,6450.0,0.6,0.85,0.725
2026-10-09,call,6475.0,1206.2,1214.2,1210.2
2026-10-09,put,6475.0,0.65,0.85,0.75
2026-10-09,call,6500.0,1181.2,1189.2,1185.2
2026-10-09,put,6500.0,0.7,0.9,0.8
2026-10-09,call,6525.0,1156.3,1164.3,1160.3
2026-10-09,put,6525.0,0.7,0.95,0.825
2026-10-09,call,6550.0,1131.4,1139.4,1135.4
2026-10-09,put,6550.0,0.75,0.95,0.85
2026-10-09,call,6575.0,1106.4,1114.4,1110.4
2026-10-09,put,6575.0,0.8,1.0,0.9
2026-10-09,call,6600.0,1081.5,1089.5,1085.5
2026-10-09,put,6600.0,0.8,1.05,0.925
2026-10-09,call,6625.0,1056.6,1064.6,1060.6
2026-10-09,put,6625.0,0.85,1.1,0.9750000000000001
2026-10-09,call,6650.0,1031.7,1039.7,1035.7
2026-10-09,put,6650.0,0.9,1.15,1.025
2026-10-09,call,6675.0,1006.8,1014.8,1010.8
2026-10-09,put,6675.0,0.95,1.2,1.075
2026-10-09,call,6700.0,981.9,989.9,985.9
2026-10-09,put,6700.0,1.0,1.25,1.125
2026-10-09,call,6725.0,957.0,965.0,961.0
2026-10-09,put,6725.0,1.05,1.3,1.175
2026-10-09,call,6750.0,932.1,940.1,936.1
2026-10-09,put,6750.0,1.1,1.35,1.225
2026-10-09,call,6775.0,907.2,915.2,911.2
2026-10-09,put,6775.0,1.15,1.4,1.275
2026-10-09,call,6800.0,882.3,890.3,886.3
2026-10-09,put,6800.0,1.2,1.45,1.325
2026-10-09,call,6825.0,857.4,865.4,861.4
2026-10-09,put,6825.0,1.3,1.55,1.425
2026-10-09,call,6850.0,832.5,840.5,836.5
2026-10-09,put,6850.0,1.35,1.6,1.475
2026-10-09,call,6875.0,807.6,815.6,811.6
2026-10-09,put,6875.0,1.45,1.7,1.575
2026-10-09,call,6900.0,782.7,790.7,786.7
2026-10-09,put,6900.0,1.5,1.8,1.65
2026-10-09,call,6920.0,762.8,770.8,766.8
2026-10-09,put,6920.0,1.6,1.85,1.725
2026-10-09,call,6925.0,757.9,765.9,761.9
2026-10-09,put,6925.0,1.6,1.9,1.75
2026-10-09,call,6930.0,752.9,760.9,756.9
2026-10-09,put,6930.0,1.6,1.9,1.75
2026-10-09,call,6940.0,742.9,750.9,746.9
2026-10-09,put,6940.0,1.65,1.95,1.7999999999999998
2026-10-09,call,6950.0,733.0,741.0,737.0
2026-10-09,put,6950.0,1.7,2.0,1.85
2026-10-09,call,6960.0,723.1,731.1,727.1
2026-10-09,put,6960.0,1.75,2.0,1.875
2026-10-09,call,6970.0,713.1,721.1,717.1
2026-10-09,put,6970.0,1.8,2.05,1.9249999999999998
2026-10-09,call,6975.0,708.1,716.1,712.1
2026-10-09,put,6975.0,1.8,2.1,1.9500000000000002
2026-10-09,call,6980.0,703.2,711.2,707.2
2026-10-09,put,6980.0,1.8,2.1,1.9500000000000002
2026-10-09,call,6990.0,693.2,701.2,697.2
2026-10-09,put,6990.0,1.85,2.15,2.0
2026-10-09,call,7000.0,683.3,691.3,687.3
2026-10-09,put,7000.0,1.9,2.2,2.05
2026-10-09,call,7010.0,673.4,681.4,677.4
2026-10-09,put,7010.0,1.95,2.25,2.1
2026-10-09,call,7020.0,663.4,671.4,667.4
2026-10-09,put,7020.0,2.0,2.3,2.15
2026-10-09,call,7025.0,658.5,666.5,662.5
2026-10-09,put,7025.0,2.05,2.35,2.2
2026-10-09,call,7030.0,653.5,661.5,657.5
2026-10-09,put,7030.0,2.05,2.35,2.2
2026-10-09,call,7040.0,643.6,651.6,647.6
2026-10-09,put,7040.0,2.1,2.4,2.25
2026-10-09,call,7050.0,633.6,641.6,637.6
2026-10-09,put,7050.0,2.2,2.45,2.325
2026-10-09,call,7060.0,623.7,631.7,627.7
2026-10-09,put,7060.0,2.25,2.55,2.4
2026-10-09,call,7070.0,613.8,621.8,617.8
2026-10-09,put,7070.0,2.3,2.6,2.45
2026-10-09,call,7075.0,608.8,616.8,612.8
2026-10-09,put,7075.0,2.35,2.6,2.475
2026-10-09,call,7080.0,603.9,611.9,607.9
2026-10-09,put,7080.0,2.35,2.65,2.5
2026-10-09,call,7090.0,594.3,602.3,598.3
2026-10-09,put,7090.0,2.45,2.75,2.6
2026-10-09,call,7100.0,584.4,592.4,588.4
2026-10-09,put,7100.0,2.5,2.8,2.65
2026-10-09,call,7110.0,574.1,582.1,578.1
2026-10-09,put,7110.0,2.6,2.9,2.75
2026-10-09,call,7120.0,564.2,572.2,568.2
2026-10-09,put,7120.0,2.7,2.95,2.825
2026-10-09,call,7125.0,559.7,567.7,563.7
2026-10-09,put,7125.0,2.7,3.0,2.85
2026-10-09,call,7130.0,554.7,562.7,558.7
2026-10-09,put,7130.0,2.75,3.1,2.925
2026-10-09,call,7140.0,544.8,552.8,548.8
2026-10-09,put,7140.0,2.85,3.2,3.0250000000000004
2026-10-09,call,7150.0,534.9,542.9,538.9
2026-10-09,put,7150.0,2.95,3.3,3.125
2026-10-09,call,7160.0,525.0,533.0,529.0
2026-10-09,put,7160.0,3.0,3.4,3.2
2026-10-09,call,7170.0,514.8,522.8,518.8
2026-10-09,put,7170.0,3.1,3.4,3.25
2026-10-09,call,7175.0,510.2,518.2,514.2
2026-10-09,put,7175.0,3.2,3.5,3.35
2026-10-09,call,7180.0,505.3,513.3,509.29999999999995
2026-10-09,put,7180.0,3.3,3.6,3.45
2026-10-09,call,7190.0,495.4,503.4,499.4
2026-10-09,put,7190.0,3.4,3.7,3.55
2026-10-09,call,7200.0,485.6,493.6,489.6
2026-10-09,put,7200.0,3.5,3.8,3.65
2026-10-09,call,7210.0,475.7,483.7,479.7
2026-10-09,put,7210.0,3.6,3.9,3.75
2026-10-09,call,7220.0,465.5,473.5,469.5
2026-10-09,put,7220.0,3.8,4.0,3.9
2026-10-09,call,7225.0,460.6,468.6,464.6
2026-10-09,put,7225.0,3.9,4.1,4.0
2026-10-09,call,7230.0,455.7,463.7,459.7
2026-10-09,put,7230.0,4.0,4.1,4.05
2026-10-09,call,7240.0,445.8,453.8,449.8
2026-10-09,put,7240.0,4.1,4.3,4.199999999999999
2026-10-09,call,7250.0,436.4,444.4,440.4
2026-10-09,put,7250.0,4.3,4.5,4.4
2026-10-09,call,7260.0,426.6,434.6,430.6
2026-10-09,put,7260.0,4.5,4.7,4.6
2026-10-09,call,7270.0,416.9,424.9,420.9
2026-10-09,put,7270.0,4.7,4.9,4.800000000000001
2026-10-09,call,7275.0,412.0,420.0,416.0
2026-10-09,put,7275.0,4.8,5.0,4.9
2026-10-09,call,7280.0,407.1,415.1,411.1
2026-10-09,put,7280.0,4.9,5.1,5.0
2026-10-09,call,7290.0,397.3,405.3,401.3
2026-10-09,put,7290.0,5.2,5.4,5.300000000000001
2026-10-09,call,7300.0,387.6,395.6,391.6
2026-10-09,put,7300.0,5.5,5.6,5.55
2026-10-09,call,7310.0,377.9,385.9,381.9
2026-10-09,put,7310.0,5.7,5.9,5.800000000000001
2026-10-09,call,7320.0,368.2,376.2,372.2
2026-10-09,put,7320.0,6.0,6.2,6.1
2026-10-09,call,7325.0,363.4,371.4,367.4
2026-10-09,put,7325.0,6.2,6.4,6.300000000000001
2026-10-09,call,7330.0,358.6,366.6,362.6
2026-10-09,put,7330.0,6.4,6.6,6.5
2026-10-09,call,7340.0,349.0,357.0,353.0
2026-10-09,put,7340.0,6.7,6.9,6.800000000000001
2026-10-09,call,7350.0,339.4,347.4,343.4
2026-10-09,put,7350.0,7.1,7.3,7.199999999999999
2026-10-09,call,7360.0,329.8,337.8,333.8
2026-10-09,put,7360.0,7.5,7.7,7.6
2026-10-09,call,7370.0,320.3,328.3,324.3
2026-10-09,put,7370.0,8.0,8.2,8.1
2026-10-09,call,7375.0,315.5,323.5,319.5
2026-10-09,put,7375.0,8.2,8.4,8.3
2026-10-09,call,7380.0,310.8,318.8,314.8
2026-10-09,put,7380.0,8.5,8.7,8.6
2026-10-09,call,7385.0,306.1,314.1,310.1
2026-10-09,put,7385.0,8.7,9.1,8.899999999999999
2026-10-09,call,7390.0,301.3,309.3,305.3
2026-10-09,put,7390.0,9.0,9.2,9.1
2026-10-09,call,7395.0,297.0,303.6,300.3
2026-10-09,put,7395.0,9.2,9.6,9.399999999999999
2026-10-09,call,7400.0,292.6,299.2,295.9
2026-10-09,put,7400.0,9.6,9.8,9.7
2026-10-09,call,7405.0,288.1,294.6,291.35
2026-10-09,put,7405.0,9.9,10.1,10.0
2026-10-09,call,7410.0,283.4,289.9,286.65
2026-10-09,put,7410.0,10.2,10.4,10.3
2026-10-09,call,7415.0,278.6,285.2,281.9
2026-10-09,put,7415.0,10.5,10.7,10.6
2026-10-09,call,7420.0,274.1,280.6,277.35
2026-10-09,put,7420.0,10.8,11.1,10.95
2026-10-09,call,7425.0,269.5,275.9,272.7
2026-10-09,put,7425.0,11.2,11.4,11.3
2026-10-09,call,7430.0,264.4,271.2,267.79999999999995
2026-10-09,put,7430.0,11.6,11.8,11.7
2026-10-09,call,7435.0,260.0,266.5,263.25
2026-10-09,put,7435.0,11.9,12.2,12.05
2026-10-09,call,7440.0,255.4,261.9,258.65
2026-10-09,put,7440.0,12.3,12.6,12.45
2026-10-09,call,7445.0,250.7,257.3,254.0
2026-10-09,put,7445.0,12.7,13.0,12.85
2026-10-09,call,7450.0,246.5,252.9,249.7
2026-10-09,put,7450.0,13.2,13.4,13.3
2026-10-09,call,7455.0,241.8,248.2,245.0
2026-10-09,put,7455.0,13.6,13.8,13.7
2026-10-09,call,7460.0,237.3,243.8,240.55
2026-10-09,put,7460.0,14.1,14.3,14.2
2026-10-09,call,7465.0,232.8,239.2,236.0
2026-10-09,put,7465.0,14.5,14.8,14.65
2026-10-09,call,7470.0,228.3,234.7,231.5
2026-10-09,put,7470.0,15.0,15.2,15.1
2026-10-09,call,7475.0,223.8,230.1,226.95
2026-10-09,put,7475.0,15.5,15.7,15.6
2026-10-09,call,7480.0,219.4,225.6,222.5
2026-10-09,put,7480.0,16.0,16.3,16.15
2026-10-09,call,7485.0,214.7,221.0,217.85
2026-10-09,put,7485.0,16.6,16.8,16.700000000000003
2026-10-09,call,7490.0,210.5,216.7,213.6
2026-10-09,put,7490.0,17.1,17.4,17.25
2026-10-09,call,7495.0,205.9,212.1,209.0
2026-10-09,put,7495.0,17.7,18.0,17.85
2026-10-09,call,7500.0,201.5,207.7,204.6
2026-10-09,put,7500.0,18.3,18.6,18.450000000000003
2026-10-09,call,7505.0,197.8,202.8,200.3
2026-10-09,put,7505.0,19.0,19.2,19.1
2026-10-09,call,7510.0,193.4,198.4,195.9
2026-10-09,put,7510.0,19.6,19.9,19.75
2026-10-09,call,7515.0,189.1,194.1,191.6
2026-10-09,put,7515.0,20.3,20.5,20.4
2026-10-09,call,7520.0,184.8,189.8,187.3
2026-10-09,put,7520.0,21.0,21.2,21.1
2026-10-09,call,7525.0,180.6,185.6,183.1
2026-10-09,put,7525.0,21.7,22.0,21.85
2026-10-09,call,7530.0,176.3,181.3,178.8
2026-10-09,put,7530.0,22.5,22.7,22.6
2026-10-09,call,7535.0,172.1,177.1,174.6
2026-10-09,put,7535.0,23.3,23.5,23.4
2026-10-09,call,7540.0,167.9,172.9,170.4
2026-10-09,put,7540.0,24.1,24.3,24.200000000000003
2026-10-09,call,7545.0,163.8,168.8,166.3
2026-10-09,put,7545.0,24.9,25.2,25.049999999999997
2026-10-09,call,7550.0,159.7,164.7,162.2
2026-10-09,put,7550.0,25.8,26.0,25.9
2026-10-09,call,7555.0,155.5,160.5,158.0
2026-10-09,put,7555.0,26.7,27.0,26.85
2026-10-09,call,7560.0,151.5,156.5,154.0
2026-10-09,put,7560.0,27.6,27.9,27.75
2026-10-09,call,7565.0,149.2,151.0,150.1
2026-10-09,put,7565.0,28.6,28.9,28.75
2026-10-09,call,7570.0,146.1,146.6,146.35
2026-10-09,put,7570.0,29.6,29.9,29.75
2026-10-09,call,7575.0,142.1,142.6,142.35
2026-10-09,put,7575.0,30.6,30.9,30.75
2026-10-09,call,7580.0,138.2,138.7,138.45
2026-10-09,put,7580.0,31.7,32.0,31.85
2026-10-09,call,7585.0,134.4,134.8,134.60000000000002
2026-10-09,put,7585.0,32.7,33.1,32.900000000000006
2026-10-09,call,7590.0,130.4,130.9,130.65
2026-10-09,put,7590.0,33.9,34.2,34.05
2026-10-09,call,7595.0,126.6,127.1,126.85
2026-10-09,put,7595.0,35.1,35.4,35.25
2026-10-09,call,7600.0,122.9,123.3,123.1
2026-10-09,put,7600.0,36.3,36.6,36.45
2026-10-09,call,7605.0,119.1,119.6,119.35
2026-10-09,put,7605.0,37.5,37.9,37.7
2026-10-09,call,7610.0,115.5,115.9,115.7
2026-10-09,put,7610.0,38.8,39.2,39.0
2026-10-09,call,7615.0,111.8,112.3,112.05
2026-10-09,put,7615.0,40.1,40.5,40.3
2026-10-09,call,7620.0,108.2,108.7,108.45
2026-10-09,put,7620.0,41.6,41.9,41.75
2026-10-09,call,7625.0,104.6,105.1,104.85
2026-10-09,put,7625.0,43.0,43.3,43.15
2026-10-09,call,7630.0,101.1,101.6,101.35
2026-10-09,put,7630.0,44.4,44.8,44.599999999999994
2026-10-09,call,7635.0,97.7,98.1,97.9
2026-10-09,put,7635.0,46.0,46.3,46.15
2026-10-09,call,7640.0,94.3,94.7,94.5
2026-10-09,put,7640.0,47.5,47.9,47.7
2026-10-09,call,7645.0,90.9,91.4,91.15
2026-10-09,put,7645.0,49.2,49.5,49.35
2026-10-09,call,7650.0,87.6,88.0,87.8
2026-10-09,put,7650.0,50.8,51.2,51.0
2026-10-09,call,7655.0,84.3,84.8,84.55
2026-10-09,put,7655.0,52.6,53.0,52.8
2026-10-09,call,7660.0,81.1,81.6,81.35
2026-10-09,put,7660.0,54.4,54.8,54.599999999999994
2026-10-09,call,7665.0,78.0,78.4,78.2
2026-10-09,put,7665.0,56.2,56.6,56.400000000000006
2026-10-09,call,7670.0,74.9,75.3,75.1
2026-10-09,put,7670.0,58.1,58.5,58.3
2026-10-09,call,7675.0,71.8,72.3,72.05
2026-10-09,put,7675.0,60.1,60.5,60.3
2026-10-09,call,7680.0,68.9,69.3,69.1
2026-10-09,put,7680.0,62.1,62.5,62.3
2026-10-09,call,7685.0,66.0,66.4,66.2
2026-10-09,put,7685.0,64.2,64.6,64.4
2026-10-09,call,7690.0,63.2,63.6,63.400000000000006
2026-10-09,put,7690.0,66.3,66.8,66.55
2026-10-09,call,7695.0,60.4,60.8,60.599999999999994
2026-10-09,put,7695.0,68.6,69.0,68.8
2026-10-09,call,7700.0,57.7,58.1,57.900000000000006
2026-10-09,put,7700.0,70.9,71.3,71.1
2026-10-09,call,7705.0,55.1,55.4,55.25
2026-10-09,put,7705.0,73.2,73.7,73.45
2026-10-09,call,7710.0,52.5,52.8,52.65
2026-10-09,put,7710.0,75.6,76.0,75.8
2026-10-09,call,7715.0,50.0,50.4,50.2
2026-10-09,put,7715.0,78.1,78.5,78.3
2026-10-09,call,7720.0,47.6,47.9,47.75
2026-10-09,put,7720.0,80.7,81.1,80.9
2026-10-09,call,7725.0,45.2,45.6,45.400000000000006
2026-10-09,put,7725.0,83.3,83.7,83.5
2026-10-09,call,7730.0,42.9,43.3,43.099999999999994
2026-10-09,put,7730.0,86.1,86.5,86.3
2026-10-09,call,7735.0,40.8,41.1,40.95
2026-10-09,put,7735.0,88.8,89.2,89.0
2026-10-09,call,7740.0,38.6,38.9,38.75
2026-10-09,put,7740.0,91.7,92.2,91.95
2026-10-09,call,7745.0,36.6,36.9,36.75
2026-10-09,put,7745.0,94.6,95.0,94.8
2026-10-09,call,7750.0,34.6,34.9,34.75
2026-10-09,put,7750.0,97.6,98.1,97.85
2026-10-09,call,7755.0,32.7,33.0,32.85
2026-10-09,put,7755.0,100.7,101.2,100.95
2026-10-09,call,7760.0,30.9,31.2,31.049999999999997
2026-10-09,put,7760.0,103.9,104.3,104.1
2026-10-09,call,7765.0,29.1,29.4,29.25
2026-10-09,put,7765.0,107.1,107.6,107.35
2026-10-09,call,7770.0,27.4,27.7,27.549999999999997
2026-10-09,put,7770.0,108.5,113.5,111.0
2026-10-09,call,7775.0,25.8,26.1,25.950000000000003
2026-10-09,put,7775.0,113.4,115.1,114.25
2026-10-09,call,7780.0,24.3,24.5,24.4
2026-10-09,put,7780.0,115.3,120.3,117.8
2026-10-09,call,7785.0,22.8,23.0,22.9
2026-10-09,put,7785.0,118.8,123.8,121.3
2026-10-09,call,7790.0,21.4,21.6,21.5
2026-10-09,put,7790.0,123.9,125.7,124.80000000000001
2026-10-09,call,7795.0,20.1,20.3,20.200000000000003
2026-10-09,put,7795.0,126.1,131.1,128.6
2026-10-09,call,7800.0,18.8,19.0,18.9
2026-10-09,put,7800.0,131.3,133.1,132.2
2026-10-09,call,7805.0,17.6,17.8,17.700000000000003
2026-10-09,put,7805.0,133.6,138.6,136.1
2026-10-09,call,7810.0,16.5,16.7,16.6
2026-10-09,put,7810.0,137.5,142.5,140.0
2026-10-09,call,7815.0,15.4,15.6,15.5
2026-10-09,put,7815.0,141.4,146.4,143.9
2026-10-09,call,7820.0,14.4,14.6,14.5
2026-10-09,put,7820.0,145.3,150.3,147.8
2026-10-09,call,7825.0,13.4,13.6,13.5
2026-10-09,put,7825.0,149.3,154.3,151.8
2026-10-09,call,7830.0,12.5,12.7,12.6
2026-10-09,put,7830.0,153.5,158.5,156.0
2026-10-09,call,7835.0,11.6,11.9,11.75
2026-10-09,put,7835.0,157.6,162.6,160.1
2026-10-09,call,7840.0,10.8,11.0,10.9
2026-10-09,put,7840.0,161.7,166.7,164.2
2026-10-09,call,7845.0,10.1,10.3,10.2
2026-10-09,put,7845.0,166.0,171.0,168.5
2026-10-09,call,7850.0,9.4,9.6,9.5
2026-10-09,put,7850.0,170.3,175.3,172.8
2026-10-09,call,7855.0,8.7,8.9,8.8
2026-10-09,put,7855.0,174.6,179.6,177.1
2026-10-09,call,7860.0,8.1,8.3,8.2
2026-10-09,put,7860.0,179.0,184.0,181.5
2026-10-09,call,7865.0,7.5,7.7,7.6
2026-10-09,put,7865.0,183.4,188.4,185.9
2026-10-09,call,7870.0,6.9,7.1,7.0
2026-10-09,put,7870.0,187.8,192.8,190.3
2026-10-09,call,7875.0,6.4,6.6,6.5
2026-10-09,put,7875.0,192.3,197.3,194.8
2026-10-09,call,7880.0,5.9,6.1,6.0
2026-10-09,put,7880.0,196.8,201.8,199.3
2026-10-09,call,7885.0,5.5,5.7,5.6
2026-10-09,put,7885.0,201.2,206.2,203.7
2026-10-09,call,7890.0,5.1,5.3,5.199999999999999
2026-10-09,put,7890.0,204.2,212.2,208.2
2026-10-09,call,7895.0,4.7,4.9,4.800000000000001
2026-10-09,put,7895.0,208.8,216.8,212.8
2026-10-09,call,7900.0,4.4,4.6,4.5
2026-10-09,put,7900.0,213.5,221.5,217.5
2026-10-09,call,7910.0,3.8,4.0,3.9
2026-10-09,put,7910.0,223.3,231.3,227.3
2026-10-09,call,7920.0,3.3,3.4,3.3499999999999996
2026-10-09,put,7920.0,232.7,240.7,236.7
2026-10-09,call,7925.0,3.0,3.2,3.1
2026-10-09,put,7925.0,237.5,245.5,241.5
2026-10-09,call,7930.0,2.7,3.1,2.9000000000000004
2026-10-09,put,7930.0,242.2,250.2,246.2
2026-10-09,call,7940.0,2.35,2.7,2.5250000000000004
2026-10-09,put,7940.0,251.5,259.5,255.5
2026-10-09,call,7950.0,2.05,2.4,2.2249999999999996
2026-10-09,put,7950.0,261.5,269.5,265.5
2026-10-09,call,7960.0,1.75,2.1,1.925
2026-10-09,put,7960.0,271.2,279.2,275.2
2026-10-09,call,7970.0,1.55,1.9,1.725
2026-10-09,put,7970.0,281.0,289.0,285.0
2026-10-09,call,7975.0,1.45,1.75,1.6
2026-10-09,put,7975.0,285.9,293.9,289.9
2026-10-09,call,7980.0,1.35,1.7,1.525
2026-10-09,put,7980.0,290.8,298.8,294.8
2026-10-09,call,7990.0,1.2,1.5,1.35
2026-10-09,put,7990.0,300.6,308.6,304.6
2026-10-09,call,8000.0,1.05,1.35,1.2000000000000002
2026-10-09,put,8000.0,310.4,318.4,314.4
2026-10-09,call,8010.0,0.95,1.25,1.1
2026-10-09,put,8010.0,320.3,328.3,324.3
2026-10-09,call,8020.0,0.85,1.15,1.0
2026-10-09,put,8020.0,330.2,338.2,334.2
2026-10-09,call,8025.0,0.8,1.1,0.9500000000000001
2026-10-09,put,8025.0,335.1,343.1,339.1
2026-10-09,call,8030.0,0.75,1.05,0.9
2026-10-09,put,8030.0,340.1,348.1,344.1
2026-10-09,call,8040.0,0.7,1.0,0.85
2026-10-09,put,8040.0,350.0,358.0,354.0
2026-10-09,call,8050.0,0.65,0.9,0.775
2026-10-09,put,8050.0,359.9,367.9,363.9
2026-10-09,call,8060.0,0.6,0.85,0.725
2026-10-09,put,8060.0,369.8,377.8,373.8
2026-10-09,call,8070.0,0.55,0.8,0.675
2026-10-09,put,8070.0,379.8,387.8,383.8
2026-10-09,call,8075.0,0.5,0.8,0.65
2026-10-09,put,8075.0,384.7,392.7,388.7
2026-10-09,call,8080.0,0.5,0.75,0.625
2026-10-09,put,8080.0,389.7,397.7,393.7
2026-10-09,call,8090.0,0.45,0.75,0.6
2026-10-09,put,8090.0,399.7,407.7,403.7
2026-10-09,call,8100.0,0.45,0.7,0.575
2026-10-09,put,8100.0,409.6,417.6,413.6
2026-10-09,call,8110.0,0.4,0.65,0.525
2026-10-09,put,8110.0,419.6,427.6,423.6
2026-10-09,call,8120.0,0.4,0.65,0.525
2026-10-09,put,8120.0,429.5,437.5,433.5
2026-10-09,call,8125.0,0.4,0.65,0.525
2026-10-09,put,8125.0,434.5,442.5,438.5
2026-10-09,call,8130.0,0.35,0.6,0.475
2026-10-09,put,8130.0,439.5,447.5,443.5
2026-10-09,call,8150.0,0.35,0.6,0.475
2026-10-09,put,8150.0,459.4,467.4,463.4
2026-10-09,call,8175.0,0.3,0.55,0.42500000000000004
2026-10-09,put,8175.0,484.3,492.3,488.3
2026-10-09,call,8200.0,0.25,0.5,0.375
2026-10-09,put,8200.0,509.2,517.2,513.2
2026-10-09,call,8225.0,0.25,0.45,0.35
2026-10-09,put,8225.0,534.2,542.2,538.2
2026-10-09,call,8250.0,0.2,0.45,0.325
2026-10-09,put,8250.0,559.1,567.1,563.1
2026-10-09,call,8275.0,0.2,0.4,0.30000000000000004
2026-10-09,put,8275.0,584.1,592.1,588.1
2026-10-09,call,8300.0,0.15,0.4,0.275
2026-10-09,put,8300.0,609.0,617.0,613.0
2026-10-09,call,8325.0,0.15,0.35,0.25
2026-10-09,put,8325.0,633.9,641.9,637.9
2026-10-09,call,8350.0,0.1,0.35,0.22499999999999998
2026-10-09,put,8350.0,658.9,666.9,662.9
2026-10-09,call,8375.0,0.1,0.3,0.2
2026-10-09,put,8375.0,683.8,691.8,687.8
2026-10-09,call,8400.0,0.1,0.3,0.2
2026-10-09,put,8400.0,708.8,716.8,712.8
2026-10-09,call,8425.0,0.1,0.3,0.2
2026-10-09,put,8425.0,733.7,741.7,737.7
2026-10-09,call,8450.0,0.05,0.3,0.175
2026-10-09,put,8450.0,758.7,766.7,762.7
2026-10-09,call,8500.0,0.05,0.25,0.15
2026-10-09,put,8500.0,808.6,816.6,812.6
2026-10-09,call,8600.0,0.05,0.25,0.15
2026-10-09,put,8600.0,908.4,916.4,912.4
2026-10-09,call,8700.0,0.05,0.2,0.125
2026-10-09,put,8700.0,1008.2,1016.2,1012.2
2026-10-09,put,8800.0,1108.1,1116.1,1112.1
2026-10-09,put,9000.0,1310.6,1312.8,1311.6999999999998
2026-10-09,put,9200.0,1507.4,1515.4,1511.4
2026-10-09,put,9400.0,1707.1,1715.1,1711.1
2026-10-09,put,9600.0,1906.8,1914.8,1910.8
2026-10-09,put,9800.0,2106.4,2114.4,2110.4
2026-10-09,put,10000.0,2306.1,2314.1,2310.1
2026-10-12,call,3200.0,4475.0,4483.0,4479.0
2026-10-12,call,3400.0,4275.3,4283.3,4279.3
2026-10-12,call,3600.0,4075.6,4083.6,4079.6
2026-10-12,call,3800.0,3875.9,3883.9,3879.9
2026-10-12,call,4000.0,3676.2,3684.2,3680.2
2026-10-12,call,4200.0,3476.6,3484.6,3480.6
2026-10-12,call,4400.0,3276.9,3284.9,3280.9
2026-10-12,call,4600.0,3077.2,3085.2,3081.2
2026-10-12,call,4800.0,2877.6,2885.6,2881.6
2026-10-12,call,5000.0,2677.9,2685.9,2681.9
2026-10-12,put,5000.0,0.05,0.25,0.15
2026-10-12,call,5200.0,2478.3,2486.3,2482.3
2026-10-12,put,5200.0,0.05,0.25,0.15
2026-10-12,call,5400.0,2278.6,2286.6,2282.6
2026-10-12,put,5400.0,0.1,0.3,0.2
2026-10-12,call,5600.0,2079.0,2087.0,2083.0
2026-10-12,put,5600.0,0.2,0.4,0.30000000000000004
2026-10-12,call,5800.0,1879.4,1887.4,1883.4
2026-10-12,put,5800.0,0.25,0.5,0.375
2026-10-12,call,6000.0,1679.8,1687.8,1683.8
2026-10-12,put,6000.0,0.4,0.6,0.5
2026-10-12,call,6100.0,1580.1,1588.1,1584.1
2026-10-12,put,6100.0,0.45,0.7,0.575
2026-10-12,call,6200.0,1480.3,1488.3,1484.3
2026-10-12,put,6200.0,0.55,0.8,0.675
2026-10-12,call,6300.0,1380.6,1388.6,1384.6
2026-10-12,put,6300.0,0.65,0.9,0.775
2026-10-12,call,6400.0,1280.9,1288.9,1284.9
2026-10-12,put,6400.0,0.8,1.05,0.925
2026-10-12,call,6500.0,1181.2,1189.2,1185.2
2026-10-12,put,6500.0,0.95,1.2,1.075
2026-10-12,call,6525.0,1156.3,1164.3,1160.3
2026-10-12,put,6525.0,1.0,1.25,1.125
2026-10-12,call,6550.0,1131.4,1139.4,1135.4
2026-10-12,put,6550.0,1.05,1.3,1.175
2026-10-12,call,6575.0,1106.5,1114.5,1110.5
2026-10-12,put,6575.0,1.1,1.35,1.225
2026-10-12,call,6600.0,1081.5,1089.5,1085.5
2026-10-12,put,6600.0,1.15,1.4,1.275
2026-10-12,call,6625.0,1056.6,1064.6,1060.6
2026-10-12,put,6625.0,1.2,1.45,1.325
2026-10-12,call,6650.0,1031.7,1039.7,1035.7
2026-10-12,put,6650.0,1.25,1.5,1.375
2026-10-12,call,6675.0,1006.8,1014.8,1010.8
2026-10-12,put,6675.0,1.3,1.6,1.4500000000000002
2026-10-12,call,6700.0,982.0,990.0,986.0
2026-10-12,put,6700.0,1.35,1.65,1.5
2026-10-12,call,6725.0,957.1,965.1,961.1
2026-10-12,put,6725.0,1.45,1.7,1.575
2026-10-12,call,6750.0,932.2,940.2,936.2
2026-10-12,put,6750.0,1.5,1.8,1.65
2026-10-12,call,6775.0,907.3,915.3,911.3
2026-10-12,put,6775.0,1.6,1.9,1.75
2026-10-12,call,6800.0,882.4,890.4,886.4
2026-10-12,put,6800.0,1.65,1.95,1.7999999999999998
2026-10-12,call,6825.0,857.5,865.5,861.5
2026-10-12,put,6825.0,1.75,2.05,1.9
2026-10-12,call,6850.0,832.7,840.7,836.7
2026-10-12,put,6850.0,1.85,2.15,2.0
2026-10-12,call,6875.0,807.8,815.8,811.8
2026-10-12,put,6875.0,1.95,2.25,2.1
2026-10-12,call,6900.0,783.0,791.0,787.0
2026-10-12,put,6900.0,2.05,2.35,2.2
2026-10-12,call,6925.0,758.1,766.1,762.1
2026-10-12,put,6925.0,2.15,2.45,2.3
2026-10-12,call,6950.0,733.3,741.3,737.3
2026-10-12,put,6950.0,2.3,2.6,2.45
2026-10-12,call,6975.0,708.4,716.4,712.4
2026-10-12,put,6975.0,2.45,2.75,2.6
2026-10-12,call,7000.0,683.6,691.6,687.6
2026-10-12,put,7000.0,2.6,2.85,2.725
2026-10-12,call,7025.0,659.2,667.2,663.2
2026-10-12,put,7025.0,2.75,3.1,2.925
2026-10-12,call,7050.0,634.4,642.4,638.4
2026-10-12,put,7050.0,2.95,3.2,3.075
2026-10-12,call,7075.0,609.3,617.3,613.3
2026-10-12,put,7075.0,3.1,3.4,3.25
2026-10-12,call,7100.0,584.6,592.6,588.6
2026-10-12,put,7100.0,3.4,3.7,3.55
2026-10-12,call,7125.0,559.9,567.9,563.9
2026-10-12,put,7125.0,3.6,3.9,3.75
2026-10-12,call,7150.0,535.6,543.6,539.6
2026-10-12,put,7150.0,3.9,4.2,4.05
2026-10-12,call,7175.0,511.0,519.0,515.0
2026-10-12,put,7175.0,4.3,4.6,4.449999999999999
2026-10-12,call,7200.0,486.4,494.4,490.4
2026-10-12,put,7200.0,4.7,5.0,4.85
2026-10-12,call,7220.0,466.8,474.8,470.8
2026-10-12,put,7220.0,5.0,5.4,5.2
2026-10-12,call,7225.0,461.9,469.9,465.9
2026-10-12,put,7225.0,5.1,5.5,5.3
2026-10-12,call,7230.0,457.0,465.0,461.0
2026-10-12,put,7230.0,5.2,5.6,5.4
2026-10-12,call,7240.0,447.3,455.3,451.3
2026-10-12,put,7240.0,5.4,5.9,5.65
2026-10-12,call,7250.0,437.5,445.5,441.5
2026-10-12,put,7250.0,5.7,6.1,5.9
2026-10-12,call,7260.0,427.8,435.8,431.8
2026-10-12,put,7260.0,5.9,6.4,6.15
2026-10-12,call,7270.0,418.1,426.1,422.1
2026-10-12,put,7270.0,6.2,6.6,6.4
2026-10-12,call,7275.0,413.2,421.2,417.2
2026-10-12,put,7275.0,6.3,6.8,6.55
2026-10-12,call,7280.0,408.4,416.4,412.4
2026-10-12,put,7280.0,6.5,6.9,6.7
2026-10-12,call,7290.0,398.7,406.7,402.7
2026-10-12,put,7290.0,6.8,7.2,7.0
2026-10-12,call,7300.0,389.0,397.0,393.0
2026-10-12,put,7300.0,7.1,7.5,7.3
2026-10-12,call,7310.0,379.4,387.4,383.4
2026-10-12,put,7310.0,7.4,7.9,7.65
2026-10-12,call,7320.0,369.8,377.8,373.8
2026-10-12,put,7320.0,7.8,8.3,8.05
2026-10-12,call,7325.0,365.0,373.0,369.0
2026-10-12,put,7325.0,8.0,8.5,8.25
2026-10-12,call,7330.0,360.2,368.2,364.2
2026-10-12,put,7330.0,8.2,8.7,8.45
2026-10-12,call,7340.0,350.7,358.7,354.7
2026-10-12,put,7340.0,8.6,9.1,8.85
2026-10-12,call,7350.0,341.2,349.2,345.2
2026-10-12,put,7350.0,9.1,9.6,9.35
2026-10-12,call,7360.0,331.7,339.7,335.7
2026-10-12,put,7360.0,9.6,10.1,9.85
2026-10-12,call,7370.0,323.0,329.6,326.3
2026-10-12,put,7370.0,10.2,10.7,10.45
2026-10-12,call,7375.0,318.4,325.0,321.7
2026-10-12,put,7375.0,10.5,11.0,10.75
2026-10-12,call,7380.0,313.7,320.3,317.0
2026-10-12,put,7380.0,10.8,11.3,11.05
2026-10-12,call,7385.0,309.0,315.7,312.35
2026-10-12,put,7385.0,11.1,11.6,11.35
2026-10-12,call,7390.0,304.5,311.0,307.75
2026-10-12,put,7390.0,11.4,11.9,11.65
2026-10-12,call,7395.0,299.4,306.2,302.79999999999995
2026-10-12,put,7395.0,11.7,12.2,11.95
2026-10-12,call,7400.0,295.0,301.6,298.3
2026-10-12,put,7400.0,12.1,12.4,12.25
2026-10-12,call,7405.0,290.1,296.9,293.5
2026-10-12,put,7405.0,12.4,12.9,12.65
2026-10-12,call,7410.0,285.9,292.4,289.15
2026-10-12,put,7410.0,12.8,13.3,13.05
2026-10-12,call,7415.0,281.2,287.8,284.5
2026-10-12,put,7415.0,13.2,13.7,13.45
2026-10-12,call,7420.0,276.7,283.1,279.9
2026-10-12,put,7420.0,13.6,14.0,13.8
2026-10-12,call,7425.0,272.1,278.5,275.3
2026-10-12,put,7425.0,14.0,14.4,14.2
2026-10-12,call,7430.0,267.5,274.0,270.75
2026-10-12,put,7430.0,14.4,14.9,14.65
2026-10-12,call,7435.0,262.8,269.2,266.0
2026-10-12,put,7435.0,14.8,15.3,15.05
2026-10-12,call,7440.0,258.4,264.8,261.6
2026-10-12,put,7440.0,15.3,15.8,15.55
2026-10-12,call,7445.0,253.8,260.1,256.95000000000005
2026-10-12,put,7445.0,15.5,16.3,15.9
2026-10-12,call,7450.0,249.2,255.6,252.39999999999998
2026-10-12,put,7450.0,16.1,16.5,16.3
2026-10-12,call,7455.0,244.9,251.2,248.05
2026-10-12,put,7455.0,16.4,17.3,16.85
2026-10-12,call,7460.0,240.3,246.6,243.45
2026-10-12,put,7460.0,17.0,17.7,17.35
2026-10-12,call,7465.0,235.8,242.1,238.95
2026-10-12,put,7465.0,17.5,18.3,17.9
2026-10-12,call,7470.0,231.5,237.8,234.65
2026-10-12,put,7470.0,18.0,18.8,18.4
2026-10-12,call,7475.0,226.7,232.9,229.8
2026-10-12,put,7475.0,18.6,19.4,19.0
2026-10-12,call,7480.0,222.5,228.7,225.6
2026-10-12,put,7480.0,19.2,20.0,19.6
2026-10-12,call,7485.0,217.9,224.1,221.0
2026-10-12,put,7485.0,19.7,20.6,20.15
2026-10-12,call,7490.0,213.6,219.7,216.64999999999998
2026-10-12,put,7490.0,20.4,21.2,20.799999999999997
2026-10-12,call,7495.0,209.5,215.6,212.55
2026-10-12,put,7495.0,21.1,21.9,21.5
2026-10-12,call,7500.0,205.1,211.2,208.14999999999998
2026-10-12,put,7500.0,21.9,22.3,22.1
2026-10-12,call,7505.0,201.1,206.1,203.6
2026-10-12,put,7505.0,22.3,23.3,22.8
2026-10-12,call,7510.0,196.8,201.8,199.3
2026-10-12,put,7510.0,23.0,23.9,23.45
2026-10-12,call,7515.0,192.6,197.6,195.1
2026-10-12,put,7515.0,23.8,24.7,24.25
2026-10-12,call,7520.0,188.3,193.3,190.8
2026-10-12,put,7520.0,24.5,25.4,24.95
2026-10-12,call,7525.0,184.1,189.1,186.6
2026-10-12,put,7525.0,25.3,26.2,25.75
2026-10-12,call,7530.0,179.9,184.9,182.4
2026-10-12,put,7530.0,26.1,27.0,26.55
2026-10-12,call,7535.0,175.7,180.7,178.2
2026-10-12,put,7535.0,27.0,27.9,27.45
2026-10-12,call,7540.0,171.6,176.6,174.1
2026-10-12,put,7540.0,27.7,28.7,28.2
2026-10-12,call,7545.0,167.5,172.5,170.0
2026-10-12,put,7545.0,28.6,29.6,29.1
2026-10-12,call,7550.0,163.4,168.4,165.9
2026-10-12,put,7550.0,29.7,30.2,29.95
2026-10-12,call,7555.0,159.4,164.3,161.85000000000002
2026-10-12,put,7555.0,30.5,31.4,30.95
2026-10-12,call,7560.0,155.3,160.3,157.8
2026-10-12,put,7560.0,31.4,32.4,31.9
2026-10-12,call,7565.0,151.3,156.3,153.8
2026-10-12,put,7565.0,32.4,33.4,32.9
2026-10-12,call,7570.0,147.3,152.3,149.8
2026-10-12,put,7570.0,33.5,34.4,33.95
2026-10-12,call,7575.0,143.5,148.4,145.95
2026-10-12,put,7575.0,34.5,35.5,35.0
2026-10-12,call,7580.0,139.5,144.5,142.0
2026-10-12,put,7580.0,35.6,36.5,36.05
2026-10-12,call,7585.0,136.5,140.1,138.3
2026-10-12,put,7585.0,36.8,37.7,37.25
2026-10-12,call,7590.0,133.1,136.3,134.7
2026-10-12,put,7590.0,37.9,38.9,38.4
2026-10-12,call,7595.0,129.3,132.5,130.9
2026-10-12,put,7595.0,39.1,40.1,39.6
2026-10-12,call,7600.0,126.3,127.9,127.1
2026-10-12,put,7600.0,40.6,41.1,40.85
2026-10-12,call,7605.0,121.9,125.0,123.45
2026-10-12,put,7605.0,41.8,42.7,42.25
2026-10-12,call,7610.0,118.2,121.4,119.80000000000001
2026-10-12,put,7610.0,43.0,43.9,43.45
2026-10-12,call,7615.0,114.2,117.7,115.95
2026-10-12,put,7615.0,44.6,45.1,44.85
2026-10-12,call,7620.0,110.7,114.1,112.4
2026-10-12,put,7620.0,45.7,46.7,46.2
2026-10-12,call,7625.0,107.6,110.6,109.1
2026-10-12,put,7625.0,47.2,48.2,47.7
2026-10-12,call,7630.0,103.7,107.1,105.4
2026-10-12,put,7630.0,48.7,49.7,49.2
2026-10-12,call,7635.0,101.2,102.9,102.05000000000001
2026-10-12,put,7635.0,50.2,51.2,50.7
2026-10-12,call,7640.0,97.8,99.4,98.6
2026-10-12,put,7640.0,51.8,52.9,52.349999999999994
2026-10-12,call,7645.0,94.5,96.0,95.25
2026-10-12,put,7645.0,53.5,54.6,54.05
2026-10-12,call,7650.0,91.8,92.5,92.15
2026-10-12,put,7650.0,55.4,56.0,55.7
2026-10-12,call,7655.0,88.2,89.4,88.80000000000001
2026-10-12,put,7655.0,56.8,58.1,57.45
2026-10-12,call,7660.0,85.0,86.3,85.65
2026-10-12,put,7660.0,58.7,59.9,59.3
2026-10-12,call,7665.0,82.0,83.0,82.5
2026-10-12,put,7665.0,60.6,61.7,61.150000000000006
2026-10-12,call,7670.0,78.8,80.0,79.4
2026-10-12,put,7670.0,62.5,63.7,63.1
2026-10-12,call,7675.0,75.9,76.9,76.4
2026-10-12,put,7675.0,64.3,65.6,64.94999999999999
2026-10-12,call,7680.0,72.7,74.0,73.35
2026-10-12,put,7680.0,66.4,67.6,67.0
2026-10-12,call,7685.0,69.8,71.0,70.4
2026-10-12,put,7685.0,68.5,69.8,69.15
2026-10-12,call,7690.0,67.2,68.3,67.75
2026-10-12,put,7690.0,70.7,71.9,71.30000000000001
2026-10-12,call,7695.0,64.2,65.4,64.80000000000001
2026-10-12,put,7695.0,72.9,74.1,73.5
2026-10-12,call,7700.0,62.0,62.5,62.25
2026-10-12,put,7700.0,75.3,76.0,75.65
2026-10-12,call,7705.0,58.9,60.0,59.45
2026-10-12,put,7705.0,77.4,78.9,78.15
2026-10-12,call,7710.0,56.6,57.3,56.95
2026-10-12,put,7710.0,79.8,81.3,80.55
2026-10-12,call,7715.0,53.8,54.9,54.349999999999994
2026-10-12,put,7715.0,82.3,83.8,83.05
2026-10-12,call,7720.0,51.2,52.4,51.8
2026-10-12,put,7720.0,84.6,86.3,85.44999999999999
2026-10-12,call,7725.0,49.1,50.0,49.55
2026-10-12,put,7725.0,87.2,89.0,88.1
2026-10-12,call,7730.0,46.9,47.7,47.3
2026-10-12,put,7730.0,89.8,91.6,90.69999999999999
2026-10-12,call,7735.0,44.5,45.4,44.95
2026-10-12,put,7735.0,92.5,94.5,93.5
2026-10-12,call,7740.0,42.4,43.3,42.849999999999994
2026-10-12,put,7740.0,95.4,97.2,96.30000000000001
2026-10-12,call,7745.0,40.2,41.1,40.650000000000006
2026-10-12,put,7745.0,98.2,100.2,99.2
2026-10-12,call,7750.0,38.4,38.9,38.65
2026-10-12,put,7750.0,101.1,103.0,102.05
2026-10-12,call,7755.0,36.2,37.1,36.650000000000006
2026-10-12,put,7755.0,104.3,106.0,105.15
2026-10-12,call,7760.0,34.3,35.2,34.75
2026-10-12,put,7760.0,107.4,109.1,108.25
2026-10-12,call,7765.0,32.5,33.4,32.95
2026-10-12,put,7765.0,110.2,113.4,111.80000000000001
2026-10-12,call,7770.0,30.7,31.6,31.15
2026-10-12,put,7770.0,113.4,116.6,115.0
2026-10-12,call,7775.0,29.0,29.9,29.45
2026-10-12,put,7775.0,115.8,120.5,118.15
2026-10-12,call,7780.0,27.4,28.3,27.85
2026-10-12,put,7780.0,120.3,122.2,121.25
2026-10-12,call,7785.0,26.0,26.5,26.25
2026-10-12,put,7785.0,122.6,127.2,124.9
2026-10-12,call,7790.0,24.4,25.2,24.799999999999997
2026-10-12,put,7790.0,126.1,130.8,128.45
2026-10-12,call,7795.0,22.9,23.7,23.299999999999997
2026-10-12,put,7795.0,129.7,134.7,132.2
2026-10-12,call,7800.0,21.8,22.2,22.0
2026-10-12,put,7800.0,134.4,136.3,135.35000000000002
2026-10-12,call,7805.0,20.3,21.1,20.700000000000003
2026-10-12,put,7805.0,137.0,142.0,139.5
2026-10-12,call,7810.0,19.0,19.8,19.4
2026-10-12,put,7810.0,140.8,145.5,143.15
2026-10-12,call,7815.0,17.9,18.6,18.25
2026-10-12,put,7815.0,144.6,149.4,147.0
2026-10-12,call,7820.0,16.7,17.5,17.1
2026-10-12,put,7820.0,148.5,153.3,150.9
2026-10-12,call,7825.0,15.7,16.5,16.1
2026-10-12,put,7825.0,152.4,157.2,154.8
2026-10-12,call,7830.0,14.9,15.4,15.15
2026-10-12,put,7830.0,156.4,161.4,158.9
2026-10-12,call,7835.0,14.0,14.5,14.25
2026-10-12,put,7835.0,160.4,165.4,162.9
2026-10-12,call,7840.0,13.1,13.6,13.35
2026-10-12,put,7840.0,164.5,169.5,167.0
2026-10-12,call,7845.0,12.2,12.7,12.45
2026-10-12,put,7845.0,168.7,173.7,171.2
2026-10-12,call,7850.0,11.4,11.8,11.600000000000001
2026-10-12,put,7850.0,172.9,177.8,175.35000000000002
2026-10-12,call,7860.0,10.0,10.4,10.2
2026-10-12,put,7860.0,181.3,186.3,183.8
2026-10-12,call,7870.0,8.7,9.1,8.899999999999999
2026-10-12,put,7870.0,190.0,195.0,192.5
2026-10-12,call,7875.0,8.1,8.5,8.3
2026-10-12,put,7875.0,194.4,199.4,196.9
2026-10-12,call,7880.0,7.5,8.0,7.75
2026-10-12,put,7880.0,198.9,203.9,201.4
2026-10-12,call,7890.0,6.5,6.9,6.7
2026-10-12,put,7890.0,206.6,213.2,209.89999999999998
2026-10-12,call,7900.0,5.7,6.1,5.9
2026-10-12,put,7900.0,215.2,223.2,219.2
2026-10-12,call,7910.0,4.9,5.3,5.1
2026-10-12,put,7910.0,224.8,232.8,228.8
2026-10-12,call,7920.0,4.3,4.7,4.5
2026-10-12,put,7920.0,233.8,241.8,237.8
2026-10-12,call,7925.0,4.0,4.4,4.2
2026-10-12,put,7925.0,238.5,246.5,242.5
2026-10-12,call,7930.0,3.8,4.1,3.9499999999999997
2026-10-12,put,7930.0,243.6,251.6,247.6
2026-10-12,call,7940.0,3.3,3.6,3.45
2026-10-12,put,7940.0,253.1,261.1,257.1
2026-10-12,call,7950.0,2.8,3.2,3.0
2026-10-12,put,7950.0,262.7,270.7,266.7
2026-10-12,call,7960.0,2.45,2.8,2.625
2026-10-12,put,7960.0,272.3,280.3,276.3
2026-10-12,call,7975.0,2.0,2.35,2.175
2026-10-12,put,7975.0,286.8,294.8,290.8
2026-10-12,call,8000.0,1.45,1.8,1.625
2026-10-12,put,8000.0,311.2,319.2,315.2
2026-10-12,call,8025.0,1.1,1.45,1.275
2026-10-12,put,8025.0,335.8,343.8,339.8
2026-10-12,call,8050.0,0.85,1.2,1.025
2026-10-12,put,8050.0,360.5,368.5,364.5
2026-10-12,call,8075.0,0.7,1.0,0.85
2026-10-12,put,8075.0,385.3,393.3,389.3
2026-10-12,call,8100.0,0.6,0.85,0.725
2026-10-12,put,8100.0,410.1,418.1,414.1
2026-10-12,call,8125.0,0.5,0.75,0.625
2026-10-12,put,8125.0,435.0,443.0,439.0
2026-10-12,call,8150.0,0.45,0.7,0.575
2026-10-12,put,8150.0,459.9,467.9,463.9
2026-10-12,call,8175.0,0.35,0.65,0.5
2026-10-12,put,8175.0,484.8,492.8,488.8
2026-10-12,call,8200.0,0.3,0.6,0.44999999999999996
2026-10-12,put,8200.0,509.7,517.7,513.7
2026-10-12,call,8225.0,0.3,0.55,0.42500000000000004
2026-10-12,put,8225.0,534.6,542.6,538.6
2026-10-12,call,8250.0,0.25,0.5,0.375
2026-10-12,put,8250.0,559.5,567.5,563.5
2026-10-12,call,8275.0,0.2,0.45,0.325
2026-10-12,put,8275.0,584.5,592.5,588.5
2026-10-12,call,8300.0,0.2,0.45,0.325
2026-10-12,put,8300.0,609.4,617.4,613.4
2026-10-12,call,8400.0,0.1,0.35,0.22499999999999998
2026-10-12,put,8400.0,709.2,717.2,713.2
2026-10-12,call,8500.0,0.05,0.3,0.175
2026-10-12,put,8500.0,809.0,817.0,813.0
2026-10-12,call,8600.0,0.05,0.25,0.15
2026-10-12,put,8600.0,908.8,916.8,912.8
2026-10-12,put,8800.0,1108.4,1116.4,1112.4
2026-10-12,put,9000.0,1308.1,1316.1,1312.1
2026-10-12,put,9200.0,1507.7,1515.7,1511.7
2026-10-12,put,9400.0,1707.4,1715.4,1711.4
2026-10-12,put,9600.0,1907.1,1915.1,1911.1
2026-10-12,put,9800.0,2106.8,2114.8,2110.8
2026-10-12,put,10000.0,2306.5,2314.5,2310.5
2026-10-13,call,3200.0,4475.5,4483.5,4479.5
2026-10-13,call,3400.0,4275.8,4283.8,4279.8
2026-10-13,call,3600.0,4076.2,4084.2,4080.2
2026-10-13,call,3800.0,3876.5,3884.5,3880.5
2026-10-13,call,4000.0,3676.8,3684.8,3680.8
2026-10-13,call,4200.0,3477.2,3485.2,3481.2
2026-10-13,call,4400.0,3277.5,3285.5,3281.5
2026-10-13,call,4600.0,3077.9,3085.9,3081.9
2026-10-13,call,4800.0,2878.3,2886.3,2882.3
2026-10-13,put,4800.0,0.05,0.25,0.15
2026-10-13,call,5000.0,2678.6,2686.6,2682.6
2026-10-13,put,5000.0,0.05,0.25,0.15
2026-10-13,call,5200.0,2479.0,2487.0,2483.0
2026-10-13,put,5200.0,0.1,0.3,0.2
2026-10-13,call,5400.0,2279.4,2287.4,2283.4
2026-10-13,put,5400.0,0.15,0.4,0.275
2026-10-13,call,5600.0,2079.9,2087.9,2083.9
2026-10-13,put,5600.0,0.25,0.5,0.375
2026-10-13,call,5800.0,1880.3,1888.3,1884.3
2026-10-13,put,5800.0,0.35,0.6,0.475
2026-10-13,call,6000.0,1680.8,1688.8,1684.8
2026-10-13,put,6000.0,0.5,0.75,0.625
2026-10-13,call,6100.0,1581.1,1589.1,1585.1
2026-10-13,put,6100.0,0.6,0.85,0.725
2026-10-13,call,6200.0,1481.3,1489.3,1485.3
2026-10-13,put,6200.0,0.75,1.0,0.875
2026-10-13,call,6300.0,1381.6,1389.6,1385.6
2026-10-13,put,6300.0,0.85,1.15,1.0
2026-10-13,call,6400.0,1282.0,1290.0,1286.0
2026-10-13,put,6400.0,1.0,1.3,1.15
2026-10-13,call,6500.0,1182.3,1190.3,1186.3
2026-10-13,put,6500.0,1.2,1.5,1.35
2026-10-13,call,6525.0,1157.4,1165.4,1161.4
2026-10-13,put,6525.0,1.25,1.55,1.4
2026-10-13,call,6550.0,1132.5,1140.5,1136.5
2026-10-13,put,6550.0,1.3,1.6,1.4500000000000002
2026-10-13,call,6575.0,1107.7,1115.7,1111.7
2026-10-13,put,6575.0,1.35,1.65,1.5
2026-10-13,call,6600.0,1082.8,1090.8,1086.8
2026-10-13,put,6600.0,1.45,1.75,1.6
2026-10-13,call,6625.0,1057.9,1065.9,1061.9
2026-10-13,put,6625.0,1.5,1.8,1.65
2026-10-13,call,6650.0,1033.0,1041.0,1037.0
2026-10-13,put,6650.0,1.55,1.9,1.725
2026-10-13,call,6675.0,1008.1,1016.1,1012.1
2026-10-13,put,6675.0,1.65,1.95,1.7999999999999998
2026-10-13,call,6700.0,983.2,991.2,987.2
2026-10-13,put,6700.0,1.7,2.05,1.875
2026-10-13,call,6725.0,958.4,966.4,962.4
2026-10-13,put,6725.0,1.8,2.1,1.9500000000000002
2026-10-13,call,6750.0,933.5,941.5,937.5
2026-10-13,put,6750.0,1.9,2.2,2.05
2026-10-13,call,6775.0,908.6,916.6,912.6
2026-10-13,put,6775.0,2.0,2.3,2.15
2026-10-13,call,6800.0,883.8,891.8,887.8
2026-10-13,put,6800.0,2.05,2.4,2.2249999999999996
2026-10-13,call,6825.0,858.9,866.9,862.9
2026-10-13,put,6825.0,2.2,2.5,2.35
2026-10-13,call,6850.0,834.1,842.1,838.1
2026-10-13,put,6850.0,2.3,2.6,2.45
2026-10-13,call,6875.0,809.2,817.2,813.2
2026-10-13,put,6875.0,2.4,2.7,2.55
2026-10-13,call,6900.0,784.4,792.4,788.4
2026-10-13,put,6900.0,2.55,2.85,2.7
2026-10-13,call,6925.0,759.6,767.6,763.6
2026-10-13,put,6925.0,2.7,3.0,2.85
2026-10-13,call,6950.0,734.8,742.8,738.8
2026-10-13,put,6950.0,2.85,3.1,2.975
2026-10-13,call,6975.0,710.0,718.0,714.0
2026-10-13,put,6975.0,3.0,3.3,3.15
2026-10-13,call,7000.0,685.2,693.2,689.2
2026-10-13,put,7000.0,3.2,3.5,3.35
2026-10-13,call,7025.0,660.4,668.4,664.4
2026-10-13,put,7025.0,3.4,3.7,3.55
2026-10-13,call,7050.0,635.7,643.7,639.7
2026-10-13,put,7050.0,3.6,3.9,3.75
2026-10-13,call,7075.0,611.0,619.0,615.0
2026-10-13,put,7075.0,3.9,4.2,4.05
2026-10-13,call,7100.0,586.3,594.3,590.3
2026-10-13,put,7100.0,4.1,4.5,4.3
2026-10-13,call,7125.0,561.7,569.7,565.7
2026-10-13,put,7125.0,4.5,4.8,4.65
2026-10-13,call,7150.0,537.1,545.1,541.1
2026-10-13,put,7150.0,4.8,5.2,5.0
2026-10-13,call,7175.0,512.5,520.5,516.5
2026-10-13,put,7175.0,5.3,5.6,5.449999999999999
2026-10-13,call,7200.0,488.1,496.1,492.1
2026-10-13,put,7200.0,5.7,6.1,5.9
2026-10-13,call,7225.0,464.1,472.1,468.1
2026-10-13,put,7225.0,6.3,6.7,6.5
2026-10-13,call,7250.0,439.8,447.8,443.8
2026-10-13,put,7250.0,6.9,7.4,7.15
2026-10-13,call,7260.0,430.1,438.1,434.1
2026-10-13,put,7260.0,7.2,7.6,7.4
2026-10-13,call,7270.0,420.4,428.4,424.4
2026-10-13,put,7270.0,7.5,8.0,7.75
2026-10-13,call,7275.0,415.2,423.2,419.2
2026-10-13,put,7275.0,7.7,8.1,7.9
2026-10-13,call,7280.0,410.7,418.7,414.7
2026-10-13,put,7280.0,7.9,8.3,8.100000000000001
2026-10-13,call,7290.0,401.1,409.1,405.1
2026-10-13,put,7290.0,8.2,8.6,8.399999999999999
2026-10-13,call,7300.0,391.5,399.5,395.5
2026-10-13,put,7300.0,8.6,9.0,8.8
2026-10-13,call,7310.0,381.9,389.9,385.9
2026-10-13,put,7310.0,9.0,9.4,9.2
2026-10-13,call,7320.0,372.4,380.4,376.4
2026-10-13,put,7320.0,9.4,9.9,9.65
2026-10-13,call,7325.0,367.6,375.6,371.6
2026-10-13,put,7325.0,9.6,10.1,9.85
2026-10-13,call,7330.0,362.9,370.9,366.9
2026-10-13,put,7330.0,9.8,10.3,10.05
2026-10-13,call,7340.0,353.4,361.4,357.4
2026-10-13,put,7340.0,10.3,10.8,10.55
2026-10-13,call,7350.0,343.9,351.9,347.9
2026-10-13,put,7350.0,10.8,11.3,11.05
2026-10-13,call,7360.0,335.1,341.9,338.5
2026-10-13,put,7360.0,11.4,11.9,11.65
2026-10-13,call,7370.0,325.3,332.5,328.9
2026-10-13,put,7370.0,12.0,12.5,12.25
2026-10-13,call,7375.0,320.6,327.2,323.9
2026-10-13,put,7375.0,12.3,12.8,12.55
2026-10-13,call,7380.0,316.4,322.5,319.45
2026-10-13,put,7380.0,12.6,13.1,12.85
2026-10-13,call,7390.0,307.2,313.7,310.45
2026-10-13,put,7390.0,13.3,13.8,13.55
2026-10-13,call,7400.0,297.9,304.4,301.15
2026-10-13,put,7400.0,14.1,14.4,14.25
2026-10-13,call,7410.0,288.2,295.2,291.7
2026-10-13,put,7410.0,14.8,15.3,15.05
2026-10-13,call,7420.0,279.1,286.1,282.6
2026-10-13,put,7420.0,15.5,16.2,15.85
2026-10-13,call,7425.0,275.2,281.6,278.4
2026-10-13,put,7425.0,16.0,16.8,16.4
2026-10-13,call,7430.0,270.4,276.9,273.65
2026-10-13,put,7430.0,16.4,17.2,16.799999999999997
2026-10-13,call,7440.0,261.4,267.8,264.6
2026-10-13,put,7440.0,17.3,18.2,17.75
2026-10-13,call,7450.0,252.5,258.8,255.65
2026-10-13,put,7450.0,18.5,18.9,18.7
2026-10-13,call,7460.0,243.4,250.0,246.7
2026-10-13,put,7460.0,19.4,20.1,19.75
2026-10-13,call,7470.0,234.8,241.0,237.9
2026-10-13,put,7470.0,20.5,21.4,20.95
2026-10-13,call,7475.0,230.4,236.1,233.25
2026-10-13,put,7475.0,21.1,22.0,21.55
2026-10-13,call,7480.0,226.0,231.7,228.85
2026-10-13,put,7480.0,21.7,22.6,22.15
2026-10-13,call,7490.0,217.3,223.0,220.15
2026-10-13,put,7490.0,23.0,23.8,23.4
2026-10-13,call,7500.0,208.7,214.8,211.75
2026-10-13,put,7500.0,24.5,24.9,24.7
2026-10-13,call,7510.0,200.5,205.5,203.0
2026-10-13,put,7510.0,25.8,26.7,26.25
2026-10-13,call,7520.0,192.1,197.1,194.6
2026-10-13,put,7520.0,27.3,28.2,27.75
2026-10-13,call,7525.0,187.9,192.9,190.4
2026-10-13,put,7525.0,28.1,29.0,28.55
2026-10-13,call,7530.0,183.7,188.7,186.2
2026-10-13,put,7530.0,28.9,29.8,29.35
2026-10-13,call,7535.0,179.6,184.6,182.1
2026-10-13,put,7535.0,29.8,30.7,30.25
2026-10-13,call,7540.0,175.5,180.5,178.0
2026-10-13,put,7540.0,30.7,31.6,31.15
2026-10-13,call,7545.0,171.4,176.4,173.9
2026-10-13,put,7545.0,31.6,32.5,32.05
2026-10-13,call,7550.0,167.4,172.4,169.9
2026-10-13,put,7550.0,32.7,33.2,32.95
2026-10-13,call,7555.0,163.4,168.4,165.9
2026-10-13,put,7555.0,33.5,34.4,33.95
2026-10-13,call,7560.0,159.4,164.4,161.9
2026-10-13,put,7560.0,34.4,35.4,34.9
2026-10-13,call,7565.0,155.4,160.4,157.9
2026-10-13,put,7565.0,35.5,36.5,36.0
2026-10-13,call,7570.0,151.4,156.4,153.9
2026-10-13,put,7570.0,36.5,37.5,37.0
2026-10-13,call,7575.0,147.5,152.5,150.0
2026-10-13,put,7575.0,37.6,38.6,38.1
2026-10-13,call,7580.0,145.1,148.0,146.55
2026-10-13,put,7580.0,38.8,39.7,39.25
2026-10-13,call,7585.0,141.2,144.2,142.7
2026-10-13,put,7585.0,40.0,40.9,40.45
2026-10-13,call,7590.0,137.5,140.4,138.95
2026-10-13,put,7590.0,41.2,42.1,41.650000000000006
2026-10-13,call,7595.0,133.7,136.6,135.14999999999998
2026-10-13,put,7595.0,42.3,43.3,42.8
2026-10-13,call,7600.0,130.0,132.9,131.45
2026-10-13,put,7600.0,43.8,44.3,44.05
2026-10-13,call,7605.0,126.3,129.2,127.75
2026-10-13,put,7605.0,45.0,46.0,45.5
2026-10-13,call,7610.0,122.6,125.5,124.05
2026-10-13,put,7610.0,46.2,47.2,46.7
2026-10-13,call,7615.0,119.0,122.0,120.5
2026-10-13,put,7615.0,47.6,48.6,48.1
2026-10-13,call,7620.0,115.5,118.4,116.95
2026-10-13,put,7620.0,49.0,50.0,49.5
2026-10-13,call,7625.0,111.6,114.9,113.25
2026-10-13,put,7625.0,50.5,51.5,51.0
2026-10-13,call,7630.0,108.1,111.4,109.75
2026-10-13,put,7630.0,52.0,53.1,52.55
2026-10-13,call,7635.0,104.7,107.9,106.30000000000001
2026-10-13,put,7635.0,53.4,54.6,54.0
2026-10-13,call,7640.0,102.2,103.9,103.05000000000001
2026-10-13,put,7640.0,55.0,56.4,55.7
2026-10-13,call,7645.0,98.8,100.4,99.6
2026-10-13,put,7645.0,56.7,58.1,57.400000000000006
2026-10-13,call,7650.0,95.8,97.1,96.44999999999999
2026-10-13,put,7650.0,58.7,59.3,59.0
2026-10-13,call,7655.0,92.5,93.7,93.1
2026-10-13,put,7655.0,60.2,61.3,60.75
2026-10-13,call,7660.0,89.3,90.5,89.9
2026-10-13,put,7660.0,62.0,63.1,62.55
2026-10-13,call,7665.0,86.2,87.4,86.80000000000001
2026-10-13,put,7665.0,63.7,65.0,64.35
2026-10-13,call,7670.0,83.1,84.2,83.65
2026-10-13,put,7670.0,65.6,66.9,66.25
2026-10-13,call,7675.0,80.0,81.3,80.65
2026-10-13,put,7675.0,67.6,68.8,68.19999999999999
2026-10-13,call,7680.0,77.1,78.3,77.69999999999999
2026-10-13,put,7680.0,69.7,70.9,70.30000000000001
2026-10-13,call,7685.0,74.1,75.4,74.75
2026-10-13,put,7685.0,71.7,73.0,72.35
2026-10-13,call,7690.0,71.3,72.5,71.9
2026-10-13,put,7690.0,73.7,75.1,74.4
2026-10-13,call,7695.0,68.5,69.6,69.05
2026-10-13,put,7695.0,76.0,77.4,76.7
2026-10-13,call,7700.0,66.0,66.6,66.3
2026-10-13,put,7700.0,78.5,79.2,78.85
2026-10-13,call,7705.0,63.1,64.2,63.650000000000006
2026-10-13,put,7705.0,80.2,82.0,81.1
2026-10-13,call,7710.0,60.4,61.4,60.9
2026-10-13,put,7710.0,82.9,84.5,83.7
2026-10-13,call,7715.0,57.8,59.0,58.4
2026-10-13,put,7715.0,85.3,86.9,86.1
2026-10-13,call,7720.0,55.3,56.3,55.8
2026-10-13,put,7720.0,87.8,89.4,88.6
2026-10-13,call,7725.0,52.9,53.9,53.4
2026-10-13,put,7725.0,90.0,92.0,91.0
2026-10-13,call,7730.0,50.7,51.5,51.1
2026-10-13,put,7730.0,92.6,94.6,93.6
2026-10-13,call,7735.0,48.5,49.2,48.85
2026-10-13,put,7735.0,95.3,97.3,96.3
2026-10-13,call,7740.0,46.2,47.1,46.650000000000006
2026-10-13,put,7740.0,98.1,100.1,99.1
2026-10-13,call,7745.0,44.0,44.8,44.4
2026-10-13,put,7745.0,100.9,102.9,101.9
2026-10-13,call,7750.0,42.0,42.5,42.25
2026-10-13,put,7750.0,103.6,106.8,105.19999999999999
2026-10-13,call,7755.0,39.8,40.8,40.3
2026-10-13,put,7755.0,106.5,109.7,108.1
2026-10-13,call,7760.0,37.8,38.8,38.3
2026-10-13,put,7760.0,109.5,112.8,111.15
2026-10-13,call,7765.0,35.9,36.8,36.349999999999994
2026-10-13,put,7765.0,112.6,115.9,114.25
2026-10-13,call,7770.0,34.1,34.9,34.5
2026-10-13,put,7770.0,115.8,119.0,117.4
2026-10-13,call,7775.0,32.3,33.3,32.8
2026-10-13,put,7775.0,119.0,122.2,120.6
2026-10-13,call,7780.0,30.6,31.6,31.1
2026-10-13,put,7780.0,122.0,125.5,123.75
2026-10-13,call,7785.0,29.0,29.8,29.4
2026-10-13,put,7785.0,124.7,129.7,127.19999999999999
2026-10-13,call,7790.0,27.4,28.2,27.799999999999997
2026-10-13,put,7790.0,128.1,132.9,130.5
2026-10-13,call,7795.0,25.9,26.8,26.35
2026-10-13,put,7795.0,131.6,136.4,134.0
2026-10-13,call,7800.0,24.6,25.1,24.85
2026-10-13,put,7800.0,135.2,139.9,137.55
2026-10-13,call,7805.0,23.1,23.9,23.5
2026-10-13,put,7805.0,138.8,143.5,141.15
2026-10-13,call,7810.0,21.8,22.5,22.15
2026-10-13,put,7810.0,142.5,147.3,144.9
2026-10-13,call,7815.0,20.5,21.3,20.9
2026-10-13,put,7815.0,146.2,151.2,148.7
2026-10-13,call,7820.0,19.3,20.2,19.75
2026-10-13,put,7820.0,150.0,155.0,152.5
2026-10-13,call,7825.0,18.2,19.0,18.6
2026-10-13,put,7825.0,153.8,158.8,156.3
2026-10-13,call,7830.0,17.1,18.0,17.55
2026-10-13,put,7830.0,157.7,162.7,160.2
2026-10-13,call,7835.0,16.0,17.0,16.5
2026-10-13,put,7835.0,161.7,166.7,164.2
2026-10-13,call,7840.0,15.3,15.7,15.5
2026-10-13,put,7840.0,165.7,170.7,168.2
2026-10-13,call,7845.0,14.4,14.9,14.65
2026-10-13,put,7845.0,169.7,174.7,172.2
2026-10-13,call,7850.0,13.5,13.9,13.7
2026-10-13,put,7850.0,173.8,178.8,176.3
2026-10-13,call,7860.0,11.8,12.3,12.05
2026-10-13,put,7860.0,182.2,187.2,184.7
2026-10-13,call,7870.0,10.4,10.9,10.65
2026-10-13,put,7870.0,190.7,195.7,193.2
2026-10-13,call,7875.0,9.7,10.2,9.95
2026-10-13,put,7875.0,195.0,200.0,197.5
2026-10-13,call,7880.0,9.1,9.6,9.35
2026-10-13,put,7880.0,199.4,204.4,201.9
2026-10-13,call,7890.0,8.0,8.4,8.2
2026-10-13,put,7890.0,207.6,213.6,210.6
2026-10-13,call,7900.0,7.0,7.4,7.2
2026-10-13,put,7900.0,216.6,222.6,219.6
2026-10-13,call,7910.0,6.1,6.5,6.3
2026-10-13,put,7910.0,225.5,232.1,228.8
2026-10-13,call,7920.0,5.3,5.8,5.55
2026-10-13,put,7920.0,234.2,242.2,238.2
2026-10-13,call,7925.0,5.0,5.4,5.2
2026-10-13,put,7925.0,238.8,246.8,242.8
2026-10-13,call,7930.0,4.7,5.1,4.9
2026-10-13,put,7930.0,243.5,251.5,247.5
2026-10-13,call,7940.0,4.1,4.5,4.3
2026-10-13,put,7940.0,252.9,260.9,256.9
2026-10-13,call,7950.0,3.6,4.0,3.8
2026-10-13,put,7950.0,262.3,270.3,266.3
2026-10-13,call,7960.0,3.2,3.6,3.4000000000000004
2026-10-13,put,7960.0,271.9,279.9,275.9
2026-10-13,call,7975.0,2.6,2.95,2.7750000000000004
2026-10-13,put,7975.0,286.3,294.3,290.3
2026-10-13,call,8000.0,1.9,2.25,2.075
2026-10-13,put,8000.0,310.6,318.6,314.6
2026-10-13,call,8025.0,1.4,1.8,1.6
2026-10-13,put,8025.0,335.0,343.0,339.0
2026-10-13,call,8050.0,1.05,1.45,1.25
2026-10-13,put,8050.0,359.7,367.7,363.7
2026-10-13,call,8075.0,0.85,1.2,1.025
2026-10-13,put,8075.0,384.4,392.4,388.4
2026-10-13,call,8100.0,0.7,1.0,0.85
2026-10-13,put,8100.0,409.2,417.2,413.2
2026-10-13,call,8125.0,0.6,0.9,0.75
2026-10-13,put,8125.0,434.0,442.0,438.0
2026-10-13,call,8150.0,0.5,0.8,0.65
2026-10-13,put,8150.0,458.9,466.9,462.9
2026-10-13,call,8175.0,0.45,0.7,0.575
2026-10-13,put,8175.0,483.7,491.7,487.7
2026-10-13,call,8200.0,0.35,0.65,0.5
2026-10-13,put,8200.0,508.6,516.6,512.6
2026-10-13,call,8225.0,0.3,0.6,0.44999999999999996
2026-10-13,put,8225.0,533.5,541.5,537.5
2026-10-13,call,8250.0,0.3,0.55,0.42500000000000004
2026-10-13,put,8250.0,558.5,566.5,562.5
2026-10-13,call,8275.0,0.25,0.5,0.375
2026-10-13,put,8275.0,583.4,591.4,587.4
2026-10-13,call,8300.0,0.2,0.5,0.35
2026-10-13,put,8300.0,608.3,616.3,612.3
2026-10-13,call,8400.0,0.1,0.35,0.22499999999999998
2026-10-13,put,8400.0,708.1,716.1,712.1
2026-10-13,call,8500.0,0.05,0.3,0.175
2026-10-13,put,8500.0,807.9,815.9,811.9
2026-10-13,put,8600.0,907.7,915.7,911.7
2026-10-13,put,8800.0,1107.3,1115.3,1111.3
2026-10-13,put,9000.0,1306.9,1314.9,1310.9
2026-10-13,put,9200.0,1506.5,1514.5,1510.5
2026-10-13,put,9400.0,1706.2,1714.2,1710.2
2026-10-13,put,9600.0,1905.8,1913.8,1909.8
2026-10-13,put,9800.0,2105.5,2113.5,2109.5
2026-10-13,put,10000.0,2305.2,2313.2,2309.2
2026-10-14,call,3200.0,4475.8,4483.8,4479.8
2026-10-14,call,3400.0,4276.2,4284.2,4280.2
2026-10-14,call,3600.0,4076.6,4084.6,4080.6
2026-10-14,call,3800.0,3876.9,3884.9,3880.9
2026-10-14,call,4000.0,3677.3,3685.3,3681.3
2026-10-14,call,4200.0,3477.7,3485.7,3481.7
2026-10-14,call,4400.0,3278.1,3286.1,3282.1
2026-10-14,call,4600.0,3078.4,3086.4,3082.4
2026-10-14,call,4800.0,2878.8,2886.8,2882.8
2026-10-14,put,4800.0,0.05,0.25,0.15
2026-10-14,call,5000.0,2679.2,2687.2,2683.2
2026-10-14,put,5000.0,0.1,0.3,0.2
2026-10-14,call,5200.0,2479.7,2487.7,2483.7
2026-10-14,put,5200.0,0.15,0.4,0.275
2026-10-14,call,5400.0,2280.1,2288.1,2284.1
2026-10-14,put,5400.0,0.25,0.45,0.35
2026-10-14,call,5600.0,2080.6,2088.6,2084.6
2026-10-14,put,5600.0,0.35,0.6,0.475
2026-10-14,call,5800.0,1881.1,1889.1,1885.1
2026-10-14,put,5800.0,0.5,0.75,0.625
2026-10-14,call,6000.0,1681.6,1689.6,1685.6
2026-10-14,put,6000.0,0.7,0.95,0.825
2026-10-14,call,6100.0,1582.0,1590.0,1586.0
2026-10-14,put,6100.0,0.85,1.1,0.9750000000000001
2026-10-14,call,6200.0,1482.3,1490.3,1486.3
2026-10-14,put,6200.0,0.95,1.25,1.1
2026-10-14,call,6300.0,1382.6,1390.6,1386.6
2026-10-14,put,6300.0,1.15,1.4,1.275
2026-10-14,call,6400.0,1283.0,1291.0,1287.0
2026-10-14,put,6400.0,1.35,1.6,1.475
2026-10-14,call,6500.0,1183.5,1191.5,1187.5
2026-10-14,put,6500.0,1.55,1.85,1.7000000000000002
2026-10-14,call,6525.0,1158.6,1166.6,1162.6
2026-10-14,put,6525.0,1.65,1.9,1.775
2026-10-14,call,6550.0,1133.7,1141.7,1137.7
2026-10-14,put,6550.0,1.7,2.0,1.85
2026-10-14,call,6575.0,1108.8,1116.8,1112.8
2026-10-14,put,6575.0,1.75,2.05,1.9
2026-10-14,call,6600.0,1083.9,1091.9,1087.9
2026-10-14,put,6600.0,1.85,2.15,2.0
2026-10-14,call,6625.0,1059.0,1067.0,1063.0
2026-10-14,put,6625.0,1.9,2.2,2.05
2026-10-14,call,6650.0,1034.2,1042.2,1038.2
2026-10-14,put,6650.0,2.0,2.3,2.15
2026-10-14,call,6675.0,1009.3,1017.3,1013.3
2026-10-14,put,6675.0,2.1,2.4,2.25
2026-10-14,call,6700.0,984.5,992.5,988.5
2026-10-14,put,6700.0,2.2,2.5,2.35
2026-10-14,call,6725.0,959.6,967.6,963.6
2026-10-14,put,6725.0,2.3,2.6,2.45
2026-10-14,call,6750.0,934.7,942.7,938.7
2026-10-14,put,6750.0,2.4,2.7,2.55
2026-10-14,call,6775.0,909.9,917.9,913.9
2026-10-14,put,6775.0,2.5,2.8,2.65
2026-10-14,call,6800.0,885.1,893.1,889.1
2026-10-14,put,6800.0,2.6,2.9,2.75
2026-10-14,call,6825.0,860.2,868.2,864.2
2026-10-14,put,6825.0,2.75,3.1,2.925
2026-10-14,call,6850.0,835.4,843.4,839.4
2026-10-14,put,6850.0,2.9,3.2,3.05
2026-10-14,call,6875.0,810.6,818.6,814.6
2026-10-14,put,6875.0,3.0,3.3,3.15
2026-10-14,call,6900.0,785.8,793.8,789.8
2026-10-14,put,6900.0,3.2,3.5,3.35
2026-10-14,call,6925.0,761.0,769.0,765.0
2026-10-14,put,6925.0,3.3,3.7,3.5
2026-10-14,call,6950.0,736.3,744.3,740.3
2026-10-14,put,6950.0,3.5,3.8,3.65
2026-10-14,call,6975.0,711.5,719.5,715.5
2026-10-14,put,6975.0,3.7,4.1,3.9
2026-10-14,call,7000.0,686.8,694.8,690.8
2026-10-14,put,7000.0,4.0,4.3,4.15
2026-10-14,call,7025.0,662.1,670.1,666.1
2026-10-14,put,7025.0,4.2,4.6,4.4
2026-10-14,call,7050.0,637.4,645.4,641.4
2026-10-14,put,7050.0,4.5,4.8,4.65
2026-10-14,call,7075.0,612.8,620.8,616.8
2026-10-14,put,7075.0,4.8,5.2,5.0
2026-10-14,call,7100.0,588.2,596.2,592.2
2026-10-14,put,7100.0,5.2,5.5,5.35
2026-10-14,call,7125.0,563.6,571.6,567.6
2026-10-14,put,7125.0,5.6,6.0,5.8
2026-10-14,call,7150.0,539.1,547.1,543.1
2026-10-14,put,7150.0,6.0,6.4,6.2
2026-10-14,call,7175.0,514.7,522.7,518.7
2026-10-14,put,7175.0,6.6,6.9,6.75
2026-10-14,call,7200.0,490.3,498.3,494.3
2026-10-14,put,7200.0,7.1,7.6,7.35
2026-10-14,call,7225.0,466.0,474.0,470.0
2026-10-14,put,7225.0,7.8,8.2,8.0
2026-10-14,call,7250.0,441.9,449.9,445.9
2026-10-14,put,7250.0,8.6,9.0,8.8
2026-10-14,call,7260.0,432.6,440.6,436.6
2026-10-14,put,7260.0,9.0,9.4,9.2
2026-10-14,call,7270.0,423.0,431.0,427.0
2026-10-14,put,7270.0,9.3,9.8,9.55
2026-10-14,call,7275.0,418.2,426.2,422.2
2026-10-14,put,7275.0,9.5,9.9,9.7
2026-10-14,call,7280.0,413.4,421.4,417.4
2026-10-14,put,7280.0,9.7,10.2,9.95
2026-10-14,call,7290.0,403.9,411.9,407.9
2026-10-14,put,7290.0,10.1,10.6,10.35
2026-10-14,call,7300.0,394.4,402.4,398.4
2026-10-14,put,7300.0,10.6,11.0,10.8
2026-10-14,call,7310.0,384.8,392.8,388.8
2026-10-14,put,7310.0,11.0,11.5,11.25
2026-10-14,call,7320.0,375.4,383.4,379.4
2026-10-14,put,7320.0,11.5,12.0,11.75
2026-10-14,call,7325.0,370.6,378.6,374.6
2026-10-14,put,7325.0,11.8,12.3,12.05
2026-10-14,call,7330.0,366.5,372.7,369.6
2026-10-14,put,7330.0,12.1,12.5,12.3
2026-10-14,call,7340.0,356.6,363.3,359.95000000000005
2026-10-14,put,7340.0,12.6,13.1,12.85
2026-10-14,call,7350.0,347.3,353.9,350.6
2026-10-14,put,7350.0,13.3,13.6,13.45
2026-10-14,call,7360.0,338.5,344.5,341.5
2026-10-14,put,7360.0,13.9,14.4,14.15
2026-10-14,call,7370.0,329.2,335.8,332.5
2026-10-14,put,7370.0,14.5,15.0,14.75
2026-10-14,call,7375.0,324.6,331.2,327.9
2026-10-14,put,7375.0,14.9,15.4,15.15
2026-10-14,call,7380.0,319.4,325.9,322.65
2026-10-14,put,7380.0,15.2,15.7,15.45
2026-10-14,call,7390.0,310.2,316.7,313.45
2026-10-14,put,7390.0,16.0,16.7,16.35
2026-10-14,call,7400.0,301.2,307.6,304.4
2026-10-14,put,7400.0,16.9,17.3,17.1
2026-10-14,call,7410.0,292.5,298.4,295.45
2026-10-14,put,7410.0,17.7,18.4,18.049999999999997
2026-10-14,call,7420.0,283.4,289.9,286.65
2026-10-14,put,7420.0,18.6,19.2,18.9
2026-10-14,call,7425.0,278.5,284.8,281.65
2026-10-14,put,7425.0,19.0,19.8,19.4
2026-10-14,call,7430.0,274.0,280.3,277.15
2026-10-14,put,7430.0,19.5,20.3,19.9
2026-10-14,call,7440.0,265.5,271.9,268.7
2026-10-14,put,7440.0,20.5,21.2,20.85
2026-10-14,call,7450.0,256.2,262.4,259.29999999999995
2026-10-14,put,7450.0,21.7,22.1,21.9
2026-10-14,call,7460.0,247.8,254.0,250.9
2026-10-14,put,7460.0,22.9,23.3,23.1
2026-10-14,call,7470.0,238.7,244.8,241.75
2026-10-14,put,7470.0,24.0,24.7,24.35
2026-10-14,call,7475.0,234.9,241.0,237.95
2026-10-14,put,7475.0,24.6,25.4,25.0
2026-10-14,call,7480.0,230.4,236.5,233.45
2026-10-14,put,7480.0,25.3,26.0,25.65
2026-10-14,call,7490.0,221.4,227.5,224.45
2026-10-14,put,7490.0,26.7,27.5,27.1
2026-10-14,call,7500.0,213.0,218.9,215.95
2026-10-14,put,7500.0,28.2,28.7,28.45
2026-10-14,call,7510.0,204.6,210.9,207.75
2026-10-14,put,7510.0,29.7,30.5,30.1
2026-10-14,call,7520.0,196.9,201.9,199.4
2026-10-14,put,7520.0,31.4,31.9,31.65
2026-10-14,call,7525.0,192.7,197.7,195.2
2026-10-14,put,7525.0,32.1,33.0,32.55
2026-10-14,call,7530.0,188.6,193.6,191.1
2026-10-14,put,7530.0,33.0,33.9,33.45
2026-10-14,call,7535.0,184.5,189.5,187.0
2026-10-14,put,7535.0,33.9,34.8,34.349999999999994
2026-10-14,call,7540.0,180.5,185.5,183.0
2026-10-14,put,7540.0,34.8,35.6,35.2
2026-10-14,call,7545.0,176.4,181.4,178.9
2026-10-14,put,7545.0,35.8,36.7,36.25
2026-10-14,call,7550.0,172.4,177.4,174.9
2026-10-14,put,7550.0,36.9,37.4,37.15
2026-10-14,call,7555.0,168.4,173.4,170.9
2026-10-14,put,7555.0,37.8,38.7,38.25
2026-10-14,call,7560.0,164.5,169.5,167.0
2026-10-14,put,7560.0,38.8,39.6,39.2
2026-10-14,call,7565.0,160.5,165.5,163.0
2026-10-14,put,7565.0,39.9,40.8,40.349999999999994
2026-10-14,call,7570.0,156.7,161.7,159.2
2026-10-14,put,7570.0,41.0,41.8,41.4
2026-10-14,call,7575.0,153.7,157.2,155.45
2026-10-14,put,7575.0,42.1,43.0,42.55
2026-10-14,call,7580.0,150.3,153.4,151.85000000000002
2026-10-14,put,7580.0,43.3,44.1,43.7
2026-10-14,call,7585.0,146.5,149.6,148.05
2026-10-14,put,7585.0,44.5,45.3,44.9
2026-10-14,call,7590.0,142.8,145.8,144.3
2026-10-14,put,7590.0,45.7,46.6,46.150000000000006
2026-10-14,call,7595.0,138.6,142.1,140.35
2026-10-14,put,7595.0,46.9,47.8,47.349999999999994
2026-10-14,call,7600.0,135.3,138.4,136.85000000000002
2026-10-14,put,7600.0,48.4,48.9,48.65
2026-10-14,call,7605.0,131.7,134.7,133.2
2026-10-14,put,7605.0,49.7,50.5,50.1
2026-10-14,call,7610.0,128.1,131.1,129.6
2026-10-14,put,7610.0,50.9,52.0,51.45
2026-10-14,call,7615.0,124.5,127.5,126.0
2026-10-14,put,7615.0,52.3,53.5,52.9
2026-10-14,call,7620.0,120.6,124.0,122.3
2026-10-14,put,7620.0,53.6,54.9,54.25
2026-10-14,call,7625.0,117.1,120.5,118.8
2026-10-14,put,7625.0,55.2,56.4,55.8
2026-10-14,call,7630.0,114.0,117.0,115.5
2026-10-14,put,7630.0,56.6,57.9,57.25
2026-10-14,call,7635.0,110.7,113.6,112.15
2026-10-14,put,7635.0,58.3,59.5,58.9
2026-10-14,call,7640.0,107.0,110.2,108.6
2026-10-14,put,7640.0,59.9,61.1,60.5
2026-10-14,call,7645.0,104.0,106.9,105.45
2026-10-14,put,7645.0,61.5,62.8,62.15
2026-10-14,call,7650.0,101.7,102.4,102.05000000000001
2026-10-14,put,7650.0,63.4,64.1,63.75
2026-10-14,call,7655.0,98.2,99.4,98.80000000000001
2026-10-14,put,7655.0,65.0,66.0,65.5
2026-10-14,call,7660.0,95.1,96.2,95.65
2026-10-14,put,7660.0,66.8,67.8,67.3
2026-10-14,call,7665.0,92.0,93.0,92.5
2026-10-14,put,7665.0,68.6,69.6,69.1
2026-10-14,call,7670.0,88.9,89.9,89.4
2026-10-14,put,7670.0,70.4,71.6,71.0
2026-10-14,call,7675.0,85.8,86.9,86.35
2026-10-14,put,7675.0,72.5,73.8,73.15
2026-10-14,call,7680.0,82.8,83.8,83.3
2026-10-14,put,7680.0,74.5,75.5,75.0
2026-10-14,call,7685.0,79.8,80.9,80.35
2026-10-14,put,7685.0,76.4,77.6,77.0
2026-10-14,call,7690.0,76.9,77.9,77.4
2026-10-14,put,7690.0,78.5,79.9,79.2
2026-10-14,call,7695.0,74.2,75.2,74.7
2026-10-14,put,7695.0,80.7,81.9,81.30000000000001
2026-10-14,call,7700.0,71.6,72.2,71.9
2026-10-14,put,7700.0,83.2,83.8,83.5
2026-10-14,call,7705.0,68.6,69.7,69.15
2026-10-14,put,7705.0,84.9,86.4,85.65
2026-10-14,call,7710.0,66.0,67.1,66.55
2026-10-14,put,7710.0,87.1,89.1,88.1
2026-10-14,call,7715.0,63.4,64.5,63.95
2026-10-14,put,7715.0,89.5,91.5,90.5
2026-10-14,call,7720.0,60.8,62.0,61.4
2026-10-14,put,7720.0,92.0,94.0,93.0
2026-10-14,call,7725.0,58.3,59.4,58.849999999999994
2026-10-14,put,7725.0,94.5,96.5,95.5
2026-10-14,call,7730.0,55.9,56.9,56.4
2026-10-14,put,7730.0,97.0,99.0,98.0
2026-10-14,call,7735.0,53.6,54.5,54.05
2026-10-14,put,7735.0,99.7,101.7,100.7
2026-10-14,call,7740.0,51.3,52.2,51.75
2026-10-14,put,7740.0,102.3,104.8,103.55
2026-10-14,call,7745.0,49.0,49.9,49.45
2026-10-14,put,7745.0,105.0,108.1,106.55
2026-10-14,call,7750.0,47.1,47.7,47.400000000000006
2026-10-14,put,7750.0,107.8,110.7,109.25
2026-10-14,call,7755.0,44.8,45.6,45.2
2026-10-14,put,7755.0,110.7,113.4,112.05000000000001
2026-10-14,call,7760.0,42.7,43.6,43.150000000000006
2026-10-14,put,7760.0,113.6,116.5,115.05
2026-10-14,call,7765.0,40.7,41.6,41.150000000000006
2026-10-14,put,7765.0,116.6,119.4,118.0
2026-10-14,call,7770.0,38.9,39.6,39.25
2026-10-14,put,7770.0,119.7,122.4,121.05000000000001
2026-10-14,call,7775.0,37.0,37.8,37.4
2026-10-14,put,7775.0,122.8,125.6,124.19999999999999
2026-10-14,call,7780.0,35.2,36.0,35.6
2026-10-14,put,7780.0,126.0,128.7,127.35
2026-10-14,call,7785.0,33.5,34.2,33.85
2026-10-14,put,7785.0,129.2,132.0,130.6
2026-10-14,call,7790.0,31.8,32.6,32.2
2026-10-14,put,7790.0,131.6,136.6,134.1
2026-10-14,call,7795.0,30.2,31.1,30.65
2026-10-14,put,7795.0,135.0,140.0,137.5
2026-10-14,call,7800.0,28.9,29.3,29.1
2026-10-14,put,7800.0,138.5,143.5,141.0
2026-10-14,call,7805.0,27.2,28.0,27.6
2026-10-14,put,7805.0,142.0,147.0,144.5
2026-10-14,call,7810.0,25.8,26.8,26.3
2026-10-14,put,7810.0,145.5,150.4,147.95
2026-10-14,call,7815.0,24.4,25.1,24.75
2026-10-14,put,7815.0,149.1,154.1,151.6
2026-10-14,call,7820.0,23.1,24.0,23.55
2026-10-14,put,7820.0,152.8,157.8,155.3
2026-10-14,call,7825.0,21.8,22.5,22.15
2026-10-14,put,7825.0,156.6,161.6,159.1
2026-10-14,call,7830.0,20.6,21.3,20.950000000000003
2026-10-14,put,7830.0,160.4,165.4,162.9
2026-10-14,call,7840.0,18.4,19.3,18.85
2026-10-14,put,7840.0,168.1,173.1,170.6
2026-10-14,call,7850.0,16.5,16.9,16.7
2026-10-14,put,7850.0,176.0,181.0,178.5
2026-10-14,call,7860.0,14.7,15.1,14.899999999999999
2026-10-14,put,7860.0,184.1,189.1,186.6
2026-10-14,call,7870.0,13.1,13.6,13.35
2026-10-14,put,7870.0,192.5,197.5,195.0
2026-10-14,call,7875.0,12.3,12.8,12.55
2026-10-14,put,7875.0,196.7,201.7,199.2
2026-10-14,call,7880.0,11.6,12.1,11.85
2026-10-14,put,7880.0,201.0,206.0,203.5
2026-10-14,call,7890.0,10.2,10.7,10.45
2026-10-14,put,7890.0,209.1,215.4,212.25
2026-10-14,call,7900.0,9.0,9.5,9.25
2026-10-14,put,7900.0,217.8,224.3,221.05
2026-10-14,call,7910.0,8.0,8.4,8.2
2026-10-14,put,7910.0,226.1,233.3,229.7
2026-10-14,call,7920.0,7.0,7.5,7.25
2026-10-14,put,7920.0,235.1,241.7,238.39999999999998
2026-10-14,call,7925.0,6.6,7.1,6.85
2026-10-14,put,7925.0,240.2,246.9,243.55
2026-10-14,call,7930.0,6.2,6.7,6.45
2026-10-14,put,7930.0,244.1,252.1,248.1
2026-10-14,call,7940.0,5.5,6.0,5.75
2026-10-14,put,7940.0,253.4,261.4,257.4
2026-10-14,call,7950.0,4.9,5.3,5.1
2026-10-14,put,7950.0,262.7,270.7,266.7
2026-10-14,call,7975.0,3.6,4.0,3.8
2026-10-14,put,7975.0,286.4,294.4,290.4
2026-10-14,call,8000.0,2.6,3.0,2.8
2026-10-14,put,8000.0,310.4,318.4,314.4
2026-10-14,call,8025.0,2.0,2.4,2.2
2026-10-14,put,8025.0,334.7,342.7,338.7
2026-10-14,call,8050.0,1.55,1.9,1.725
2026-10-14,put,8050.0,359.2,367.2,363.2
2026-10-14,call,8075.0,1.2,1.55,1.375
2026-10-14,put,8075.0,383.8,391.8,387.8
2026-10-14,call,8100.0,1.0,1.3,1.15
2026-10-14,put,8100.0,408.5,416.5,412.5
2026-10-14,call,8125.0,0.8,1.15,0.975
2026-10-14,put,8125.0,433.3,441.3,437.3
2026-10-14,call,8150.0,0.7,1.0,0.85
2026-10-14,put,8150.0,458.1,466.1,462.1
2026-10-14,call,8175.0,0.6,0.9,0.75
2026-10-14,put,8175.0,483.0,491.0,487.0
2026-10-14,call,8200.0,0.5,0.8,0.65
2026-10-14,put,8200.0,507.8,515.8,511.79999999999995
2026-10-14,call,8225.0,0.45,0.7,0.575
2026-10-14,put,8225.0,532.7,540.7,536.7
2026-10-14,call,8250.0,0.35,0.65,0.5
2026-10-14,put,8250.0,557.6,565.6,561.6
2026-10-14,call,8275.0,0.3,0.6,0.44999999999999996
2026-10-14,put,8275.0,582.5,590.5,586.5
2026-10-14,call,8300.0,0.3,0.55,0.42500000000000004
2026-10-14,put,8300.0,607.4,615.4,611.4
2026-10-14,call,8400.0,0.15,0.4,0.275
2026-10-14,put,8400.0,707.1,715.1,711.1
2026-10-14,call,8500.0,0.05,0.3,0.175
2026-10-14,put,8500.0,806.9,814.9,810.9
2026-10-14,call,8600.0,0.05,0.25,0.15
2026-10-14,put,8600.0,906.7,914.7,910.7
2026-10-14,put,8800.0,1106.3,1114.3,1110.3
2026-10-14,put,9000.0,1305.9,1313.9,1309.9
2026-10-14,put,9200.0,1505.5,1513.5,1509.5
2026-10-14,put,9400.0,1705.1,1713.1,1709.1
2026-10-14,put,9600.0,1904.7,1912.7,1908.7
2026-10-14,put,9800.0,2104.4,2112.4,2108.4
2026-10-14,put,10000.0,2304.0,2312.0,2308.0
2026-10-15,call,3200.0,4475.6,4483.6,4479.6
2026-10-15,call,3400.0,4276.0,4284.0,4280.0
2026-10-15,call,3600.0,4076.4,4084.4,4080.4
2026-10-15,call,3800.0,3876.8,3884.8,3880.8
2026-10-15,call,4000.0,3677.2,3685.2,3681.2
2026-10-15,call,4200.0,3477.6,3485.6,3481.6
2026-10-15,call,4400.0,3278.0,3286.0,3282.0
2026-10-15,call,4600.0,3078.4,3086.4,3082.4
2026-10-15,put,4600.0,0.05,0.25,0.15
2026-10-15,call,4800.0,2878.8,2886.8,2882.8
2026-10-15,put,4800.0,0.05,0.3,0.175
2026-10-15,call,5000.0,2679.3,2687.3,2683.3
2026-10-15,put,5000.0,0.1,0.35,0.22499999999999998
2026-10-15,call,5200.0,2479.7,2487.7,2483.7
2026-10-15,put,5200.0,0.2,0.45,0.325
2026-10-15,call,5400.0,2280.2,2288.2,2284.2
2026-10-15,put,5400.0,0.3,0.55,0.42500000000000004
2026-10-15,call,5600.0,2080.7,2088.7,2084.7
2026-10-15,put,5600.0,0.4,0.65,0.525
2026-10-15,call,5800.0,1881.3,1889.3,1885.3
2026-10-15,put,5800.0,0.6,0.85,0.725
2026-10-15,call,6000.0,1681.9,1689.9,1685.9
2026-10-15,put,6000.0,0.85,1.1,0.9750000000000001
2026-10-15,call,6100.0,1582.2,1590.2,1586.2
2026-10-15,put,6100.0,0.95,1.25,1.1
2026-10-15,call,6200.0,1482.6,1490.6,1486.6
2026-10-15,put,6200.0,1.15,1.45,1.2999999999999998
2026-10-15,call,6300.0,1383.0,1391.0,1387.0
2026-10-15,put,6300.0,1.35,1.65,1.5
2026-10-15,call,6400.0,1283.4,1291.4,1287.4
2026-10-15,put,6400.0,1.55,1.85,1.7000000000000002
2026-10-15,call,6500.0,1183.9,1191.9,1187.9
2026-10-15,put,6500.0,1.8,2.15,1.975
2026-10-15,call,6525.0,1159.0,1167.0,1163.0
2026-10-15,put,6525.0,1.9,2.2,2.05
2026-10-15,call,6550.0,1134.2,1142.2,1138.2
2026-10-15,put,6550.0,1.95,2.3,2.125
2026-10-15,call,6575.0,1109.3,1117.3,1113.3
2026-10-15,put,6575.0,2.05,2.4,2.2249999999999996
2026-10-15,call,6600.0,1084.4,1092.4,1088.4
2026-10-15,put,6600.0,2.15,2.45,2.3
2026-10-15,call,6625.0,1059.6,1067.6,1063.6
2026-10-15,put,6625.0,2.25,2.55,2.4
2026-10-15,call,6650.0,1034.7,1042.7,1038.7
2026-10-15,put,6650.0,2.3,2.65,2.4749999999999996
2026-10-15,call,6675.0,1009.9,1017.9,1013.9
2026-10-15,put,6675.0,2.4,2.75,2.575
2026-10-15,call,6700.0,985.0,993.0,989.0
2026-10-15,put,6700.0,2.55,2.85,2.7
2026-10-15,call,6725.0,960.2,968.2,964.2
2026-10-15,put,6725.0,2.65,3.0,2.825
2026-10-15,call,6750.0,935.3,943.3,939.3
2026-10-15,put,6750.0,2.75,3.1,2.925
2026-10-15,call,6775.0,910.5,918.5,914.5
2026-10-15,put,6775.0,2.9,3.2,3.05
2026-10-15,call,6800.0,885.7,893.7,889.7
2026-10-15,put,6800.0,3.0,3.4,3.2
2026-10-15,call,6825.0,860.9,868.9,864.9
2026-10-15,put,6825.0,3.2,3.5,3.35
2026-10-15,call,6850.0,836.1,844.1,840.1
2026-10-15,put,6850.0,3.3,3.7,3.5
2026-10-15,call,6875.0,811.3,819.3,815.3
2026-10-15,put,6875.0,3.5,3.8,3.65
2026-10-15,call,6900.0,786.6,794.6,790.6
2026-10-15,put,6900.0,3.7,4.0,3.85
2026-10-15,call,6925.0,761.8,769.8,765.8
2026-10-15,put,6925.0,3.9,4.2,4.05
2026-10-15,call,6950.0,737.1,745.1,741.1
2026-10-15,put,6950.0,4.1,4.5,4.3
2026-10-15,call,6975.0,712.4,720.4,716.4
2026-10-15,put,6975.0,4.3,4.7,4.5
2026-10-15,call,7000.0,687.7,695.7,691.7
2026-10-15,put,7000.0,4.6,5.0,4.8
2026-10-15,call,7025.0,663.0,671.0,667.0
2026-10-15,put,7025.0,4.9,5.3,5.1
2026-10-15,call,7050.0,638.4,646.4,642.4
2026-10-15,put,7050.0,5.2,5.6,5.4
2026-10-15,call,7075.0,613.8,621.8,617.8
2026-10-15,put,7075.0,5.6,6.0,5.8
2026-10-15,call,7100.0,589.3,597.3,593.3
2026-10-15,put,7100.0,6.0,6.4,6.2
2026-10-15,call,7125.0,564.8,572.8,568.8
2026-10-15,put,7125.0,6.5,6.9,6.7
2026-10-15,call,7150.0,540.3,548.3,544.3
2026-10-15,put,7150.0,7.0,7.4,7.2
2026-10-15,call,7175.0,516.0,524.0,520.0
2026-10-15,put,7175.0,7.6,8.0,7.8
2026-10-15,call,7200.0,491.7,499.7,495.7
2026-10-15,put,7200.0,8.3,8.7,8.5
2026-10-15,call,7225.0,467.9,475.9,471.9
2026-10-15,put,7225.0,9.0,9.5,9.25
2026-10-15,call,7250.0,443.9,451.9,447.9
2026-10-15,put,7250.0,9.9,10.4,10.15
2026-10-15,call,7275.0,420.0,428.0,424.0
2026-10-15,put,7275.0,11.0,11.4,11.2
2026-10-15,call,7300.0,396.2,404.2,400.2
2026-10-15,put,7300.0,12.1,12.6,12.35
2026-10-15,call,7310.0,386.9,393.5,390.2
2026-10-15,put,7310.0,12.6,13.1,12.85
2026-10-15,call,7320.0,377.9,384.1,381.0
2026-10-15,put,7320.0,13.2,13.7,13.45
2026-10-15,call,7325.0,373.2,379.3,376.25
2026-10-15,put,7325.0,13.5,14.0,13.75
2026-10-15,call,7330.0,368.6,375.1,371.85
2026-10-15,put,7330.0,13.8,14.3,14.05
2026-10-15,call,7340.0,358.7,365.3,362.0
2026-10-15,put,7340.0,14.4,14.9,14.65
2026-10-15,call,7350.0,349.4,356.0,352.7
2026-10-15,put,7350.0,15.1,15.4,15.25
2026-10-15,call,7360.0,340.6,347.1,343.85
2026-10-15,put,7360.0,15.7,16.4,16.049999999999997
2026-10-15,call,7370.0,331.4,338.0,334.7
2026-10-15,put,7370.0,16.4,17.1,16.75
2026-10-15,call,7375.0,326.8,332.8,329.8
2026-10-15,put,7375.0,16.8,17.5,17.15
2026-10-15,call,7380.0,322.3,328.7,325.5
2026-10-15,put,7380.0,17.2,17.9,17.549999999999997
2026-10-15,call,7390.0,313.0,319.0,316.0
2026-10-15,put,7390.0,18.0,18.7,18.35
2026-10-15,call,7400.0,303.9,309.8,306.85
2026-10-15,put,7400.0,19.0,19.3,19.15
2026-10-15,call,7410.0,294.8,300.8,297.8
2026-10-15,put,7410.0,19.8,20.4,20.1
2026-10-15,call,7420.0,286.0,292.3,289.15
2026-10-15,put,7420.0,20.7,21.4,21.049999999999997
2026-10-15,call,7425.0,281.5,287.8,284.65
2026-10-15,put,7425.0,21.2,22.0,21.6
2026-10-15,call,7430.0,276.9,282.7,279.79999999999995
2026-10-15,put,7430.0,21.7,22.6,22.15
2026-10-15,call,7440.0,267.6,273.8,270.70000000000005
2026-10-15,put,7440.0,22.8,23.6,23.200000000000003
2026-10-15,call,7450.0,259.4,265.5,262.45
2026-10-15,put,7450.0,24.1,24.5,24.3
2026-10-15,call,7460.0,250.5,256.6,253.55
2026-10-15,put,7460.0,25.2,26.1,25.65
2026-10-15,call,7470.0,241.8,247.9,244.85000000000002
2026-10-15,put,7470.0,26.4,27.3,26.85
2026-10-15,call,7475.0,237.5,243.1,240.3
2026-10-15,put,7475.0,27.1,28.0,27.55
2026-10-15,call,7480.0,233.2,239.2,236.2
2026-10-15,put,7480.0,27.7,28.6,28.15
2026-10-15,call,7490.0,224.7,230.2,227.45
2026-10-15,put,7490.0,29.2,30.1,29.65
2026-10-15,call,7500.0,216.3,221.7,219.0
2026-10-15,put,7500.0,30.9,31.4,31.15
2026-10-15,call,7510.0,207.5,213.7,210.6
2026-10-15,put,7510.0,32.3,33.3,32.8
2026-10-15,call,7520.0,200.0,205.0,202.5
2026-10-15,put,7520.0,34.0,35.0,34.5
2026-10-15,call,7525.0,195.9,200.9,198.4
2026-10-15,put,7525.0,34.9,35.9,35.4
2026-10-15,call,7530.0,191.7,196.7,194.2
2026-10-15,put,7530.0,35.8,36.8,36.3
2026-10-15,call,7535.0,187.7,192.7,190.2
2026-10-15,put,7535.0,36.8,37.7,37.25
2026-10-15,call,7540.0,183.7,188.7,186.2
2026-10-15,put,7540.0,37.7,38.7,38.2
2026-10-15,call,7545.0,179.6,184.6,182.1
2026-10-15,put,7545.0,38.6,39.6,39.1
2026-10-15,call,7550.0,175.7,180.6,178.14999999999998
2026-10-15,put,7550.0,39.8,40.3,40.05
2026-10-15,call,7555.0,171.7,176.7,174.2
2026-10-15,put,7555.0,40.7,41.7,41.2
2026-10-15,call,7560.0,167.8,172.8,170.3
2026-10-15,put,7560.0,41.7,42.7,42.2
2026-10-15,call,7565.0,163.9,168.9,166.4
2026-10-15,put,7565.0,42.8,43.8,43.3
2026-10-15,call,7570.0,161.2,164.4,162.8
2026-10-15,put,7570.0,43.9,44.9,44.4
2026-10-15,call,7575.0,157.1,160.5,158.8
2026-10-15,put,7575.0,45.2,46.2,45.7
2026-10-15,call,7580.0,153.3,156.7,155.0
2026-10-15,put,7580.0,46.3,47.2,46.75
2026-10-15,call,7585.0,149.6,152.9,151.25
2026-10-15,put,7585.0,47.5,48.5,48.0
2026-10-15,call,7590.0,145.8,149.1,147.45
2026-10-15,put,7590.0,48.7,49.7,49.2
2026-10-15,call,7595.0,142.1,145.5,143.8
2026-10-15,put,7595.0,50.2,51.1,50.650000000000006
2026-10-15,call,7600.0,138.5,141.8,140.15
2026-10-15,put,7600.0,51.5,52.1,51.8
2026-10-15,call,7605.0,134.8,138.1,136.45
2026-10-15,put,7605.0,52.6,53.7,53.150000000000006
2026-10-15,call,7610.0,131.2,134.5,132.85
2026-10-15,put,7610.0,54.0,55.2,54.6
2026-10-15,call,7615.0,127.7,131.0,129.35
2026-10-15,put,7615.0,55.4,56.6,56.0
2026-10-15,call,7620.0,124.2,127.4,125.80000000000001
2026-10-15,put,7620.0,56.9,58.1,57.5
2026-10-15,call,7625.0,120.7,123.9,122.30000000000001
2026-10-15,put,7625.0,58.4,59.7,59.05
2026-10-15,call,7630.0,117.2,120.4,118.80000000000001
2026-10-15,put,7630.0,59.9,61.3,60.599999999999994
2026-10-15,call,7635.0,113.8,117.0,115.4
2026-10-15,put,7635.0,61.5,62.7,62.1
2026-10-15,call,7640.0,110.5,113.7,112.1
2026-10-15,put,7640.0,63.1,64.3,63.7
2026-10-15,call,7645.0,107.2,110.7,108.95
2026-10-15,put,7645.0,64.6,66.2,65.4
2026-10-15,call,7650.0,105.3,106.0,105.65
2026-10-15,put,7650.0,66.7,67.3,67.0
2026-10-15,call,7655.0,101.7,102.9,102.30000000000001
2026-10-15,put,7655.0,68.1,69.6,68.85
2026-10-15,call,7660.0,98.5,99.7,99.1
2026-10-15,put,7660.0,69.9,71.4,70.65
2026-10-15,call,7665.0,95.8,96.4,96.1
2026-10-15,put,7665.0,71.7,73.1,72.4
2026-10-15,call,7670.0,92.4,93.4,92.9
2026-10-15,put,7670.0,73.6,75.1,74.35
2026-10-15,call,7675.0,89.6,90.2,89.9
2026-10-15,put,7675.0,75.7,76.9,76.30000000000001
2026-10-15,call,7680.0,86.3,87.4,86.85
2026-10-15,put,7680.0,77.7,78.9,78.30000000000001
2026-10-15,call,7685.0,83.3,84.4,83.85
2026-10-15,put,7685.0,79.7,81.0,80.35
2026-10-15,call,7690.0,80.4,81.5,80.95
2026-10-15,put,7690.0,81.7,83.1,82.4
2026-10-15,call,7695.0,77.6,78.7,78.15
2026-10-15,put,7695.0,83.8,85.3,84.55
2026-10-15,call,7700.0,75.2,75.8,75.5
2026-10-15,put,7700.0,86.4,87.1,86.75
2026-10-15,call,7705.0,72.0,73.2,72.6
2026-10-15,put,7705.0,88.2,89.9,89.05000000000001
2026-10-15,call,7710.0,69.4,70.5,69.95
2026-10-15,put,7710.0,90.5,92.3,91.4
2026-10-15,call,7715.0,66.7,67.8,67.25
2026-10-15,put,7715.0,92.7,94.7,93.7
2026-10-15,call,7720.0,64.2,65.2,64.7
2026-10-15,put,7720.0,95.2,97.2,96.2
2026-10-15,call,7725.0,61.7,62.7,62.2
2026-10-15,put,7725.0,97.6,99.6,98.6
2026-10-15,call,7730.0,59.2,60.3,59.75
2026-10-15,put,7730.0,100.2,102.2,101.2
2026-10-15,call,7735.0,56.8,58.0,57.4
2026-10-15,put,7735.0,102.6,105.7,104.15
2026-10-15,call,7740.0,54.5,55.6,55.05
2026-10-15,put,7740.0,105.3,108.3,106.8
2026-10-15,call,7745.0,52.2,53.4,52.8
2026-10-15,put,7745.0,108.0,111.1,109.55
2026-10-15,call,7750.0,50.4,51.0,50.7
2026-10-15,put,7750.0,110.7,113.7,112.2
2026-10-15,call,7755.0,48.1,49.0,48.55
2026-10-15,put,7755.0,113.6,116.3,114.94999999999999
2026-10-15,call,7760.0,46.0,46.8,46.4
2026-10-15,put,7760.0,116.5,119.7,118.1
2026-10-15,call,7765.0,44.0,45.0,44.5
2026-10-15,put,7765.0,119.4,122.2,120.80000000000001
2026-10-15,call,7770.0,41.9,42.9,42.4
2026-10-15,put,7770.0,122.4,125.2,123.80000000000001
2026-10-15,call,7775.0,40.1,41.0,40.55
2026-10-15,put,7775.0,125.5,128.4,126.95
2026-10-15,call,7780.0,38.2,39.1,38.650000000000006
2026-10-15,put,7780.0,128.7,131.3,130.0
2026-10-15,call,7785.0,36.5,37.3,36.9
2026-10-15,put,7785.0,131.8,134.7,133.25
2026-10-15,call,7790.0,34.7,35.6,35.150000000000006
2026-10-15,put,7790.0,135.1,137.8,136.45
2026-10-15,call,7795.0,33.1,33.9,33.5
2026-10-15,put,7795.0,137.6,142.1,139.85
2026-10-15,call,7800.0,31.6,32.1,31.85
2026-10-15,put,7800.0,141.0,145.5,143.25
2026-10-15,call,7805.0,29.9,30.8,30.35
2026-10-15,put,7805.0,144.4,149.4,146.9
2026-10-15,call,7810.0,28.5,29.3,28.9
2026-10-15,put,7810.0,147.9,152.5,150.2
2026-10-15,call,7815.0,27.0,28.0,27.5
2026-10-15,put,7815.0,151.5,156.1,153.8
2026-10-15,call,7820.0,25.6,26.4,26.0
2026-10-15,put,7820.0,155.1,160.1,157.6
2026-10-15,call,7825.0,24.3,25.1,24.700000000000003
2026-10-15,put,7825.0,158.7,163.5,161.1
2026-10-15,call,7830.0,23.0,23.9,23.45
2026-10-15,put,7830.0,162.5,167.2,164.85
2026-10-15,call,7840.0,20.7,21.6,21.15
2026-10-15,put,7840.0,170.1,175.1,172.6
2026-10-15,call,7850.0,18.6,19.1,18.85
2026-10-15,put,7850.0,177.8,182.8,180.3
2026-10-15,call,7860.0,16.5,17.4,16.95
2026-10-15,put,7860.0,185.8,190.8,188.3
2026-10-15,call,7870.0,14.9,15.4,15.15
2026-10-15,put,7870.0,194.0,199.0,196.5
2026-10-15,call,7875.0,14.1,14.6,14.35
2026-10-15,put,7875.0,198.1,203.1,200.6
2026-10-15,call,7880.0,13.3,13.8,13.55
2026-10-15,put,7880.0,201.8,208.0,204.9
2026-10-15,call,7890.0,11.8,12.3,12.05
2026-10-15,put,7890.0,210.2,216.5,213.35
2026-10-15,call,7900.0,10.5,10.9,10.7
2026-10-15,put,7900.0,218.3,225.3,221.8
2026-10-15,call,7910.0,9.3,9.8,9.55
2026-10-15,put,7910.0,227.2,234.1,230.64999999999998
2026-10-15,call,7920.0,8.2,8.7,8.45
2026-10-15,put,7920.0,236.6,243.1,239.85
2026-10-15,call,7925.0,7.8,8.3,8.05
2026-10-15,put,7925.0,241.1,247.7,244.39999999999998
2026-10-15,call,7930.0,7.3,7.8,7.55
2026-10-15,put,7930.0,245.7,252.2,248.95
2026-10-15,call,7940.0,6.5,7.0,6.75
2026-10-15,put,7940.0,254.1,262.1,258.1
2026-10-15,call,7950.0,5.7,6.2,5.95
2026-10-15,put,7950.0,263.3,271.3,267.3
2026-10-15,call,7975.0,4.3,4.7,4.5
2026-10-15,put,7975.0,286.8,294.8,290.8
2026-10-15,call,8000.0,3.3,3.7,3.5
2026-10-15,put,8000.0,310.6,318.6,314.6
2026-10-15,call,8025.0,2.45,2.85,2.6500000000000004
2026-10-15,put,8025.0,334.8,342.8,338.8
2026-10-15,call,8050.0,1.9,2.3,2.0999999999999996
2026-10-15,put,8050.0,359.2,367.2,363.2
2026-10-15,call,8075.0,1.5,1.9,1.7
2026-10-15,put,8075.0,383.8,391.8,387.8
2026-10-15,call,8100.0,1.2,1.55,1.375
2026-10-15,put,8100.0,408.4,416.4,412.4
2026-10-15,call,8125.0,1.0,1.35,1.175
2026-10-15,put,8125.0,433.1,441.1,437.1
2026-10-15,call,8150.0,0.8,1.15,0.975
2026-10-15,put,8150.0,457.9,465.9,461.9
2026-10-15,call,8175.0,0.7,1.0,0.85
2026-10-15,put,8175.0,482.7,490.7,486.7
2026-10-15,call,8200.0,0.6,0.9,0.75
2026-10-15,put,8200.0,507.6,515.6,511.6
2026-10-15,call,8225.0,0.5,0.8,0.65
2026-10-15,put,8225.0,532.4,540.4,536.4
2026-10-15,call,8250.0,0.45,0.75,0.6
2026-10-15,put,8250.0,557.3,565.3,561.3
2026-10-15,call,8275.0,0.4,0.7,0.55
2026-10-15,put,8275.0,582.2,590.2,586.2
2026-10-15,call,8300.0,0.3,0.6,0.44999999999999996
2026-10-15,put,8300.0,607.1,615.1,611.1
2026-10-15,call,8400.0,0.15,0.45,0.3
2026-10-15,put,8400.0,706.8,714.8,710.8
2026-10-15,call,8500.0,0.05,0.35,0.19999999999999998
2026-10-15,put,8500.0,806.5,814.5,810.5
2026-10-15,call,8600.0,0.05,0.3,0.175
2026-10-15,put,8600.0,906.3,914.3,910.3
2026-10-15,put,8800.0,1105.8,1113.8,1109.8
2026-10-15,put,9000.0,1305.4,1313.4,1309.4
2026-10-15,put,9200.0,1505.0,1513.0,1509.0
2026-10-15,put,9400.0,1704.6,1712.6,1708.6
2026-10-15,put,9600.0,1904.2,1912.2,1908.2
2026-10-15,put,9800.0,2103.8,2111.8,2107.8
2026-10-15,put,10000.0,2303.4,2311.4,2307.4
2026-10-16,call,3000.0,4677.1,4684.1,4680.6
2026-10-16,call,3200.0,4477.4,4484.6,4481.0
2026-10-16,call,3400.0,4277.9,4285.1,4281.5
2026-10-16,call,3600.0,4078.5,4085.5,4082.0
2026-10-16,call,3700.0,3978.7,3985.8,3982.25
2026-10-16,call,3800.0,3878.9,3886.0,3882.45
2026-10-16,call,3900.0,3779.2,3786.2,3782.7
2026-10-16,call,4000.0,3679.3,3686.5,3682.9
2026-10-16,put,4000.0,0.05,0.15,0.1
2026-10-16,call,4100.0,3579.6,3586.7,3583.1499999999996
2026-10-16,call,4200.0,3479.7,3486.9,3483.3
2026-10-16,call,4300.0,3379.9,3387.2,3383.55
2026-10-16,call,4400.0,3280.3,3287.4,3283.8500000000004
2026-10-16,put,4400.0,0.05,0.2,0.125
2026-10-16,call,4500.0,3180.5,3187.7,3184.1
2026-10-16,put,4500.0,0.05,0.25,0.15
2026-10-16,call,4600.0,3080.8,3087.9,3084.3500000000004
2026-10-16,put,4600.0,0.05,0.25,0.15
2026-10-16,call,4650.0,3030.9,3038.0,3034.45
2026-10-16,put,4650.0,0.05,0.25,0.15
2026-10-16,call,4700.0,2980.9,2988.2,2984.55
2026-10-16,put,4700.0,0.1,0.3,0.2
2026-10-16,call,4750.0,2931.2,2938.3,2934.75
2026-10-16,put,4750.0,0.1,0.3,0.2
2026-10-16,call,4800.0,2881.3,2888.4,2884.8500000000004
2026-10-16,put,4800.0,0.1,0.3,0.2
2026-10-16,call,4850.0,2831.3,2838.5,2834.9
2026-10-16,put,4850.0,0.1,0.3,0.2
2026-10-16,call,4900.0,2781.4,2788.7,2785.05
2026-10-16,put,4900.0,0.15,0.35,0.25
2026-10-16,call,4950.0,2731.7,2738.8,2735.25
2026-10-16,put,4950.0,0.15,0.35,0.25
2026-10-16,call,5000.0,2681.8,2688.9,2685.3500000000004
2026-10-16,put,5000.0,0.15,0.35,0.25
2026-10-16,call,5050.0,2631.8,2639.1,2635.45
2026-10-16,put,5050.0,0.2,0.4,0.30000000000000004
2026-10-16,call,5100.0,2582.1,2589.2,2585.6499999999996
2026-10-16,put,5100.0,0.2,0.4,0.30000000000000004
2026-10-16,call,5150.0,2532.2,2539.3,2535.75
2026-10-16,put,5150.0,0.25,0.45,0.35
2026-10-16,call,5200.0,2482.3,2489.5,2485.9
2026-10-16,put,5200.0,0.25,0.45,0.35
2026-10-16,call,5250.0,2432.5,2439.6,2436.05
2026-10-16,put,5250.0,0.25,0.5,0.375
2026-10-16,call,5300.0,2382.7,2389.8,2386.25
2026-10-16,put,5300.0,0.3,0.5,0.4
2026-10-16,call,5350.0,2332.7,2339.9,2336.3
2026-10-16,put,5350.0,0.35,0.55,0.45
2026-10-16,call,5400.0,2282.8,2290.0,2286.4
2026-10-16,put,5400.0,0.35,0.55,0.45
2026-10-16,call,5450.0,2233.1,2240.2,2236.6499999999996
2026-10-16,put,5450.0,0.4,0.6,0.5
2026-10-16,call,5500.0,2183.3,2190.3,2186.8
2026-10-16,put,5500.0,0.45,0.65,0.55
2026-10-16,call,5550.0,2133.4,2140.5,2136.95
2026-10-16,put,5550.0,0.45,0.7,0.575
2026-10-16,call,5600.0,2083.5,2090.7,2087.1
2026-10-16,put,5600.0,0.5,0.75,0.625
2026-10-16,call,5650.0,2033.7,2040.8,2037.25
2026-10-16,put,5650.0,0.55,0.8,0.675
2026-10-16,call,5700.0,1983.7,1991.0,1987.35
2026-10-16,put,5700.0,0.6,0.85,0.725
2026-10-16,call,5725.0,1959.0,1966.1,1962.55
2026-10-16,put,5725.0,0.65,0.85,0.75
2026-10-16,call,5750.0,1934.0,1941.2,1937.6
2026-10-16,put,5750.0,0.65,0.9,0.775
2026-10-16,call,5775.0,1909.1,1916.2,1912.65
2026-10-16,put,5775.0,0.7,0.9,0.8
2026-10-16,call,5800.0,1884.2,1891.3,1887.75
2026-10-16,put,5800.0,0.7,0.95,0.825
2026-10-16,call,5825.0,1859.3,1866.4,1862.85
2026-10-16,put,5825.0,0.75,1.0,0.875
2026-10-16,call,5850.0,1834.4,1841.5,1837.95
2026-10-16,put,5850.0,0.8,1.0,0.9
2026-10-16,call,5875.0,1809.3,1816.6,1812.9499999999998
2026-10-16,put,5875.0,0.8,1.05,0.925
2026-10-16,call,5900.0,1784.6,1791.7,1788.15
2026-10-16,put,5900.0,0.85,1.1,0.9750000000000001
2026-10-16,call,5925.0,1759.5,1766.8,1763.15
2026-10-16,put,5925.0,0.9,1.15,1.025
2026-10-16,call,5950.0,1734.7,1741.9,1738.3000000000002
2026-10-16,put,5950.0,0.9,1.15,1.025
2026-10-16,call,5975.0,1709.9,1717.0,1713.45
2026-10-16,put,5975.0,0.95,1.2,1.075
2026-10-16,call,6000.0,1684.9,1692.1,1688.5
2026-10-16,put,6000.0,1.0,1.25,1.125
2026-10-16,call,6025.0,1660.0,1667.2,1663.6
2026-10-16,put,6025.0,1.05,1.3,1.175
2026-10-16,call,6050.0,1635.1,1642.3,1638.6999999999998
2026-10-16,put,6050.0,1.1,1.3,1.2000000000000002
2026-10-16,call,6075.0,1610.2,1617.4,1613.8000000000002
2026-10-16,put,6075.0,1.1,1.35,1.225
2026-10-16,call,6100.0,1585.3,1592.5,1588.9
2026-10-16,put,6100.0,1.15,1.4,1.275
2026-10-16,call,6110.0,1575.3,1582.5,1578.9
2026-10-16,put,6110.0,1.2,1.45,1.325
2026-10-16,call,6120.0,1565.4,1572.5,1568.95
2026-10-16,put,6120.0,1.2,1.45,1.325
2026-10-16,call,6125.0,1560.4,1567.6,1564.0
2026-10-16,put,6125.0,1.2,1.45,1.325
2026-10-16,call,6130.0,1555.4,1562.6,1559.0
2026-10-16,put,6130.0,1.2,1.45,1.325
2026-10-16,call,6140.0,1545.3,1552.6,1548.9499999999998
2026-10-16,put,6140.0,1.25,1.5,1.375
2026-10-16,call,6150.0,1535.5,1542.7,1539.1
2026-10-16,put,6150.0,1.25,1.5,1.375
2026-10-16,call,6160.0,1525.6,1532.7,1529.15
2026-10-16,put,6160.0,1.3,1.5,1.4
2026-10-16,call,6170.0,1515.6,1522.8,1519.1999999999998
2026-10-16,put,6170.0,1.3,1.55,1.425
2026-10-16,call,6175.0,1510.6,1517.8,1514.1999999999998
2026-10-16,put,6175.0,1.3,1.55,1.425
2026-10-16,call,6180.0,1505.6,1512.8,1509.1999999999998
2026-10-16,put,6180.0,1.3,1.55,1.425
2026-10-16,call,6190.0,1495.6,1502.8,1499.1999999999998
2026-10-16,put,6190.0,1.35,1.6,1.475
2026-10-16,call,6200.0,1485.7,1492.9,1489.3000000000002
2026-10-16,put,6200.0,1.35,1.6,1.475
2026-10-16,call,6210.0,1475.6,1482.9,1479.25
2026-10-16,put,6210.0,1.35,1.6,1.475
2026-10-16,call,6220.0,1465.8,1473.0,1469.4
2026-10-16,put,6220.0,1.4,1.65,1.525
2026-10-16,call,6225.0,1460.9,1468.0,1464.45
2026-10-16,put,6225.0,1.4,1.65,1.525
2026-10-16,call,6230.0,1455.9,1463.0,1459.45
2026-10-16,put,6230.0,1.4,1.65,1.525
2026-10-16,call,6240.0,1445.9,1453.1,1449.5
2026-10-16,put,6240.0,1.45,1.7,1.575
2026-10-16,call,6250.0,1436.0,1443.1,1439.55
2026-10-16,put,6250.0,1.45,1.7,1.575
2026-10-16,call,6260.0,1425.8,1433.1,1429.4499999999998
2026-10-16,put,6260.0,1.5,1.75,1.625
2026-10-16,call,6270.0,1416.0,1423.2,1419.6
2026-10-16,put,6270.0,1.5,1.75,1.625
2026-10-16,call,6275.0,1411.0,1418.2,1414.6
2026-10-16,put,6275.0,1.5,1.75,1.625
2026-10-16,call,6280.0,1405.9,1413.2,1409.5500000000002
2026-10-16,put,6280.0,1.5,1.8,1.65
2026-10-16,call,6290.0,1396.1,1403.3,1399.6999999999998
2026-10-16,put,6290.0,1.55,1.8,1.675
2026-10-16,call,6300.0,1386.0,1393.3,1389.65
2026-10-16,put,6300.0,1.55,1.8,1.675
2026-10-16,call,6310.0,1376.2,1383.4,1379.8000000000002
2026-10-16,put,6310.0,1.6,1.85,1.725
2026-10-16,call,6320.0,1366.1,1373.4,1369.75
2026-10-16,put,6320.0,1.6,1.85,1.725
2026-10-16,call,6325.0,1361.2,1368.5,1364.85
2026-10-16,put,6325.0,1.65,1.9,1.775
2026-10-16,call,6330.0,1356.3,1363.5,1359.9
2026-10-16,put,6330.0,1.65,1.9,1.775
2026-10-16,call,6340.0,1346.4,1353.5,1349.95
2026-10-16,put,6340.0,1.65,1.9,1.775
2026-10-16,call,6350.0,1336.3,1343.6,1339.9499999999998
2026-10-16,put,6350.0,1.7,1.95,1.825
2026-10-16,call,6360.0,1326.3,1333.6,1329.9499999999998
2026-10-16,put,6360.0,1.7,1.95,1.825
2026-10-16,call,6370.0,1316.5,1323.7,1320.1
2026-10-16,put,6370.0,1.75,2.0,1.875
2026-10-16,call,6375.0,1311.5,1318.7,1315.1
2026-10-16,put,6375.0,1.75,2.0,1.875
2026-10-16,call,6380.0,1306.4,1313.7,1310.0500000000002
2026-10-16,put,6380.0,1.75,2.0,1.875
2026-10-16,call,6390.0,1296.6,1303.8,1300.1999999999998
2026-10-16,put,6390.0,1.8,2.05,1.9249999999999998
2026-10-16,call,6400.0,1286.5,1293.8,1290.15
2026-10-16,put,6400.0,1.8,2.1,1.9500000000000002
2026-10-16,call,6410.0,1276.7,1283.9,1280.3000000000002
2026-10-16,put,6410.0,1.85,2.1,1.975
2026-10-16,call,6420.0,1266.6,1273.9,1270.25
2026-10-16,put,6420.0,1.85,2.15,2.0
2026-10-16,call,6425.0,1261.8,1268.9,1265.35
2026-10-16,put,6425.0,1.9,2.15,2.025
2026-10-16,call,6430.0,1256.8,1264.0,1260.4
2026-10-16,put,6430.0,1.9,2.15,2.025
2026-10-16,call,6440.0,1246.7,1254.0,1250.35
2026-10-16,put,6440.0,1.95,2.2,2.075
2026-10-16,call,6450.0,1236.8,1244.1,1240.4499999999998
2026-10-16,put,6450.0,1.95,2.25,2.1
2026-10-16,call,6460.0,1227.0,1234.1,1230.55
2026-10-16,put,6460.0,2.0,2.25,2.125
2026-10-16,call,6470.0,1217.0,1224.2,1220.6
2026-10-16,put,6470.0,2.0,2.3,2.15
2026-10-16,call,6475.0,1212.0,1219.2,1215.6
2026-10-16,put,6475.0,2.05,2.3,2.175
2026-10-16,call,6480.0,1206.9,1214.2,1210.5500000000002
2026-10-16,put,6480.0,2.05,2.3,2.175
2026-10-16,call,6490.0,1197.1,1204.3,1200.6999999999998
2026-10-16,put,6490.0,2.1,2.35,2.225
2026-10-16,call,6500.0,1187.0,1194.4,1190.7
2026-10-16,put,6500.0,2.1,2.4,2.25
2026-10-16,call,6510.0,1177.2,1184.4,1180.8000000000002
2026-10-16,put,6510.0,2.15,2.4,2.275
2026-10-16,call,6520.0,1167.1,1174.5,1170.8
2026-10-16,put,6520.0,2.2,2.45,2.325
2026-10-16,call,6525.0,1162.3,1169.5,1165.9
2026-10-16,put,6525.0,2.2,2.5,2.35
2026-10-16,call,6530.0,1157.4,1164.5,1160.95
2026-10-16,put,6530.0,2.2,2.5,2.35
2026-10-16,call,6540.0,1147.3,1154.6,1150.9499999999998
2026-10-16,put,6540.0,2.25,2.55,2.4
2026-10-16,call,6550.0,1137.3,1144.7,1141.0
2026-10-16,put,6550.0,2.3,2.55,2.425
2026-10-16,call,6560.0,1127.5,1134.7,1131.1
2026-10-16,put,6560.0,2.35,2.6,2.475
2026-10-16,call,6570.0,1117.6,1124.8,1121.1999999999998
2026-10-16,put,6570.0,2.35,2.65,2.5
2026-10-16,call,6575.0,1112.6,1119.8,1116.1999999999998
2026-10-16,put,6575.0,2.4,2.65,2.525
2026-10-16,call,6580.0,1107.7,1114.8,1111.25
2026-10-16,put,6580.0,2.4,2.7,2.55
2026-10-16,call,6590.0,1097.7,1104.9,1101.3000000000002
2026-10-16,put,6590.0,2.45,2.7,2.575
2026-10-16,call,6600.0,1087.6,1095.0,1091.3
2026-10-16,put,6600.0,2.5,2.7,2.6
2026-10-16,call,6610.0,1077.8,1085.0,1081.4
2026-10-16,put,6610.0,2.5,2.8,2.65
2026-10-16,call,6620.0,1067.9,1075.1,1071.5
2026-10-16,put,6620.0,2.55,2.85,2.7
2026-10-16,call,6625.0,1062.9,1070.1,1066.5
2026-10-16,put,6625.0,2.6,2.85,2.725
2026-10-16,call,6630.0,1058.0,1065.2,1061.6
2026-10-16,put,6630.0,2.6,2.9,2.75
2026-10-16,call,6640.0,1048.0,1055.2,1051.6
2026-10-16,put,6640.0,2.65,2.9,2.775
2026-10-16,call,6650.0,1037.9,1045.3,1041.6
2026-10-16,put,6650.0,2.7,2.95,2.825
2026-10-16,call,6660.0,1028.0,1035.4,1031.7
2026-10-16,put,6660.0,2.75,3.0,2.875
2026-10-16,call,6670.0,1018.2,1025.4,1021.8000000000001
2026-10-16,put,6670.0,2.8,3.1,2.95
2026-10-16,call,6675.0,1013.3,1020.5,1016.9
2026-10-16,put,6675.0,2.8,3.1,2.95
2026-10-16,call,6680.0,1008.3,1015.5,1011.9
2026-10-16,put,6680.0,2.85,3.1,2.975
2026-10-16,call,6690.0,998.3,1005.6,1001.95
2026-10-16,put,6690.0,2.9,3.2,3.05
2026-10-16,call,6700.0,988.4,995.6,992.0
2026-10-16,put,6700.0,2.95,3.2,3.075
2026-10-16,call,6710.0,978.4,985.7,982.05
2026-10-16,put,6710.0,3.0,3.3,3.15
2026-10-16,call,6720.0,968.6,975.8,972.2
2026-10-16,put,6720.0,3.0,3.3,3.15
2026-10-16,call,6725.0,963.6,970.8,967.2
2026-10-16,put,6725.0,3.0,3.4,3.2
2026-10-16,call,6730.0,958.7,965.9,962.3
2026-10-16,put,6730.0,3.1,3.4,3.25
2026-10-16,call,6740.0,948.7,955.9,952.3
2026-10-16,put,6740.0,3.1,3.4,3.25
2026-10-16,call,6750.0,938.8,946.0,942.4
2026-10-16,put,6750.0,3.2,3.5,3.35
2026-10-16,call,6760.0,928.7,936.1,932.4000000000001
2026-10-16,put,6760.0,3.2,3.5,3.35
2026-10-16,call,6770.0,918.8,926.2,922.5
2026-10-16,put,6770.0,3.3,3.6,3.45
2026-10-16,call,6775.0,914.0,921.2,917.6
2026-10-16,put,6775.0,3.3,3.6,3.45
2026-10-16,call,6780.0,908.9,916.3,912.5999999999999
2026-10-16,put,6780.0,3.3,3.7,3.5
2026-10-16,call,6790.0,899.1,906.4,902.75
2026-10-16,put,6790.0,3.4,3.7,3.55
2026-10-16,call,6800.0,889.2,896.4,892.8
2026-10-16,put,6800.0,3.5,3.8,3.65
2026-10-16,call,6810.0,879.3,886.5,882.9
2026-10-16,put,6810.0,3.5,3.9,3.7
2026-10-16,call,6820.0,869.4,876.6,873.0
2026-10-16,put,6820.0,3.6,3.9,3.75
2026-10-16,call,6825.0,864.4,871.7,868.05
2026-10-16,put,6825.0,3.6,4.0,3.8
2026-10-16,call,6830.0,859.5,866.7,863.1
2026-10-16,put,6830.0,3.7,4.0,3.85
2026-10-16,call,6840.0,849.4,856.8,853.0999999999999
2026-10-16,put,6840.0,3.7,4.1,3.9
2026-10-16,call,6850.0,839.7,846.9,843.3
2026-10-16,put,6850.0,3.8,4.1,3.9499999999999997
2026-10-16,call,6860.0,829.8,837.0,833.4
2026-10-16,put,6860.0,3.9,4.2,4.05
2026-10-16,call,6870.0,819.9,827.1,823.5
2026-10-16,put,6870.0,4.0,4.3,4.15
2026-10-16,call,6875.0,814.9,822.1,818.5
2026-10-16,put,6875.0,4.0,4.3,4.15
2026-10-16,call,6880.0,809.8,817.2,813.5
2026-10-16,put,6880.0,4.0,4.4,4.2
2026-10-16,call,6885.0,805.1,812.2,808.6500000000001
2026-10-16,put,6885.0,4.1,4.4,4.25
2026-10-16,call,6890.0,800.1,807.3,803.7
2026-10-16,put,6890.0,4.1,4.5,4.3
2026-10-16,call,6895.0,795.1,802.4,798.75
2026-10-16,put,6895.0,4.2,4.5,4.35
2026-10-16,call,6900.0,790.2,797.4,793.8
2026-10-16,put,6900.0,4.2,4.5,4.35
2026-10-16,call,6905.0,785.2,792.5,788.85
2026-10-16,put,6905.0,4.3,4.6,4.449999999999999
2026-10-16,call,6910.0,780.3,787.5,783.9
2026-10-16,put,6910.0,4.3,4.6,4.449999999999999
2026-10-16,call,6915.0,775.4,782.6,779.0
2026-10-16,put,6915.0,4.4,4.7,4.550000000000001
2026-10-16,call,6920.0,770.4,777.6,774.0
2026-10-16,put,6920.0,4.4,4.7,4.550000000000001
2026-10-16,call,6925.0,765.5,772.7,769.1
2026-10-16,put,6925.0,4.5,4.8,4.65
2026-10-16,call,6930.0,760.5,767.8,764.15
2026-10-16,put,6930.0,4.5,4.8,4.65
2026-10-16,call,6935.0,755.5,762.8,759.15
2026-10-16,put,6935.0,4.6,4.9,4.75
2026-10-16,call,6940.0,750.7,757.9,754.3
2026-10-16,put,6940.0,4.6,4.9,4.75
2026-10-16,call,6945.0,745.7,752.9,749.3
2026-10-16,put,6945.0,4.7,5.0,4.85
2026-10-16,call,6950.0,740.8,748.0,744.4
2026-10-16,put,6950.0,4.7,5.0,4.85
2026-10-16,call,6955.0,735.8,743.1,739.45
2026-10-16,put,6955.0,4.8,5.1,4.949999999999999
2026-10-16,call,6960.0,730.9,738.1,734.5
2026-10-16,put,6960.0,4.8,5.1,4.949999999999999
2026-10-16,call,6965.0,725.9,733.2,729.55
2026-10-16,put,6965.0,4.9,5.2,5.050000000000001
2026-10-16,call,6970.0,721.0,728.3,724.65
2026-10-16,put,6970.0,4.9,5.2,5.050000000000001
2026-10-16,call,6975.0,716.1,723.3,719.7
2026-10-16,put,6975.0,5.0,5.3,5.15
2026-10-16,call,6980.0,711.2,718.4,714.8
2026-10-16,put,6980.0,5.0,5.4,5.2
2026-10-16,call,6985.0,706.3,713.5,709.9
2026-10-16,put,6985.0,5.1,5.4,5.25
2026-10-16,call,6990.0,701.4,708.6,705.0
2026-10-16,put,6990.0,5.2,5.5,5.35
2026-10-16,call,6995.0,696.4,703.6,700.0
2026-10-16,put,6995.0,5.2,5.5,5.35
2026-10-16,call,7000.0,691.5,698.7,695.1
2026-10-16,put,7000.0,5.3,5.6,5.449999999999999
2026-10-16,call,7005.0,686.4,693.8,690.0999999999999
2026-10-16,put,7005.0,5.4,5.7,5.550000000000001
2026-10-16,call,7010.0,681.7,688.9,685.3
2026-10-16,put,7010.0,5.4,5.7,5.550000000000001
2026-10-16,call,7015.0,676.7,683.9,680.3
2026-10-16,put,7015.0,5.5,5.8,5.65
2026-10-16,call,7020.0,671.8,679.0,675.4
2026-10-16,put,7020.0,5.6,5.9,5.75
2026-10-16,call,7025.0,666.8,674.1,670.45
2026-10-16,put,7025.0,5.6,5.9,5.75
2026-10-16,call,7030.0,661.8,669.2,665.5
2026-10-16,put,7030.0,5.7,6.0,5.85
2026-10-16,call,7035.0,657.1,664.3,660.7
2026-10-16,put,7035.0,5.8,6.1,5.949999999999999
2026-10-16,call,7040.0,652.2,659.4,655.8
2026-10-16,put,7040.0,5.8,6.1,5.949999999999999
2026-10-16,call,7045.0,647.2,654.4,650.8
2026-10-16,put,7045.0,5.9,6.3,6.1
2026-10-16,call,7050.0,642.3,649.5,645.9
2026-10-16,put,7050.0,6.0,6.3,6.15
2026-10-16,call,7055.0,637.4,644.6,641.0
2026-10-16,put,7055.0,6.1,6.4,6.25
2026-10-16,call,7060.0,632.5,640.1,636.3
2026-10-16,put,7060.0,6.2,6.5,6.35
2026-10-16,call,7065.0,627.6,634.8,631.2
2026-10-16,put,7065.0,6.2,6.6,6.4
2026-10-16,call,7070.0,622.6,629.9,626.25
2026-10-16,put,7070.0,6.3,6.7,6.5
2026-10-16,call,7075.0,617.7,625.0,621.35
2026-10-16,put,7075.0,6.4,6.8,6.6
2026-10-16,call,7080.0,612.9,620.1,616.5
2026-10-16,put,7080.0,6.5,6.8,6.65
2026-10-16,call,7085.0,608.0,615.2,611.6
2026-10-16,put,7085.0,6.6,7.0,6.8
2026-10-16,call,7090.0,603.1,610.3,606.7
2026-10-16,put,7090.0,6.7,7.0,6.85
2026-10-16,call,7095.0,598.1,605.4,601.75
2026-10-16,put,7095.0,6.8,7.1,6.949999999999999
2026-10-16,call,7100.0,593.3,600.5,596.9
2026-10-16,put,7100.0,6.9,7.2,7.050000000000001
2026-10-16,call,7105.0,588.4,595.6,592.0
2026-10-16,put,7105.0,7.0,7.3,7.15
2026-10-16,call,7110.0,583.5,590.7,587.1
2026-10-16,put,7110.0,7.1,7.4,7.25
2026-10-16,call,7115.0,578.7,585.9,582.3
2026-10-16,put,7115.0,7.2,7.5,7.35
2026-10-16,call,7120.0,573.8,581.0,577.4
2026-10-16,put,7120.0,7.3,7.7,7.5
2026-10-16,call,7125.0,568.9,576.1,572.5
2026-10-16,put,7125.0,7.4,7.8,7.6
2026-10-16,call,7130.0,564.0,571.2,567.6
2026-10-16,put,7130.0,7.5,7.9,7.7
2026-10-16,call,7135.0,559.2,566.4,562.8
2026-10-16,put,7135.0,7.6,8.0,7.8
2026-10-16,call,7140.0,554.3,561.9,558.0999999999999
2026-10-16,put,7140.0,7.8,8.1,7.949999999999999
2026-10-16,call,7145.0,549.4,556.9,553.15
2026-10-16,put,7145.0,7.9,8.3,8.100000000000001
2026-10-16,call,7150.0,544.6,552.1,548.35
2026-10-16,put,7150.0,8.0,8.4,8.2
2026-10-16,call,7155.0,539.7,547.3,543.5
2026-10-16,put,7155.0,8.1,8.5,8.3
2026-10-16,call,7160.0,534.8,542.4,538.5999999999999
2026-10-16,put,7160.0,8.3,8.7,8.5
2026-10-16,call,7165.0,530.0,537.6,533.8
2026-10-16,put,7165.0,8.4,8.8,8.600000000000001
2026-10-16,call,7170.0,525.2,532.7,528.95
2026-10-16,put,7170.0,8.5,9.0,8.75
2026-10-16,call,7175.0,520.2,527.9,524.05
2026-10-16,put,7175.0,8.7,9.1,8.899999999999999
2026-10-16,call,7180.0,515.3,523.0,519.15
2026-10-16,put,7180.0,8.8,9.2,9.0
2026-10-16,call,7185.0,510.5,518.2,514.35
2026-10-16,put,7185.0,9.0,9.4,9.2
2026-10-16,call,7190.0,505.7,513.3,509.5
2026-10-16,put,7190.0,9.1,9.5,9.3
2026-10-16,call,7195.0,500.9,508.5,504.7
2026-10-16,put,7195.0,9.3,9.7,9.5
2026-10-16,call,7200.0,496.1,503.7,499.9
2026-10-16,put,7200.0,9.4,9.9,9.65
2026-10-16,call,7205.0,491.2,498.9,495.04999999999995
2026-10-16,put,7205.0,9.6,10.0,9.8
2026-10-16,call,7210.0,486.3,494.1,490.20000000000005
2026-10-16,put,7210.0,9.7,10.2,9.95
2026-10-16,call,7215.0,481.6,489.2,485.4
2026-10-16,put,7215.0,9.9,10.4,10.15
2026-10-16,call,7220.0,476.8,484.4,480.6
2026-10-16,put,7220.0,10.1,10.6,10.35
2026-10-16,call,7225.0,472.0,479.6,475.8
2026-10-16,put,7225.0,10.3,10.7,10.5
2026-10-16,call,7230.0,467.1,474.8,470.95000000000005
2026-10-16,put,7230.0,10.5,10.9,10.7
2026-10-16,call,7235.0,462.5,470.0,466.25
2026-10-16,put,7235.0,10.6,11.1,10.85
2026-10-16,call,7240.0,457.6,465.2,461.4
2026-10-16,put,7240.0,10.8,11.3,11.05
2026-10-16,call,7245.0,452.9,460.5,456.7
2026-10-16,put,7245.0,11.0,11.5,11.25
2026-10-16,call,7250.0,448.1,455.7,451.9
2026-10-16,put,7250.0,11.3,11.7,11.5
2026-10-16,call,7255.0,443.1,450.8,446.95000000000005
2026-10-16,put,7255.0,11.5,11.9,11.7
2026-10-16,call,7260.0,438.6,446.1,442.35
2026-10-16,put,7260.0,11.7,12.2,11.95
2026-10-16,call,7265.0,433.6,441.3,437.45000000000005
2026-10-16,put,7265.0,11.9,12.4,12.15
2026-10-16,call,7270.0,429.0,436.5,432.75
2026-10-16,put,7270.0,12.1,12.6,12.35
2026-10-16,call,7275.0,424.3,431.9,428.1
2026-10-16,put,7275.0,12.4,12.8,12.600000000000001
2026-10-16,call,7280.0,419.5,427.1,423.3
2026-10-16,put,7280.0,12.6,13.1,12.85
2026-10-16,call,7285.0,414.6,422.3,418.45000000000005
2026-10-16,put,7285.0,12.9,13.4,13.15
2026-10-16,call,7290.0,409.9,417.6,413.75
2026-10-16,put,7290.0,13.1,13.6,13.35
2026-10-16,call,7295.0,405.4,412.1,408.75
2026-10-16,put,7295.0,13.4,13.9,13.65
2026-10-16,call,7300.0,400.5,407.1,403.8
2026-10-16,put,7300.0,13.7,14.1,13.899999999999999
2026-10-16,call,7305.0,396.0,402.8,399.4
2026-10-16,put,7305.0,13.9,14.4,14.15
2026-10-16,call,7310.0,391.5,398.1,394.8
2026-10-16,put,7310.0,14.2,14.7,14.45
2026-10-16,call,7315.0,386.6,393.0,389.8
2026-10-16,put,7315.0,14.5,15.0,14.75
2026-10-16,call,7320.0,381.7,388.3,385.0
2026-10-16,put,7320.0,14.8,15.3,15.05
2026-10-16,call,7325.0,377.1,383.6,380.35
2026-10-16,put,7325.0,15.1,15.6,15.35
2026-10-16,call,7330.0,372.5,378.9,375.7
2026-10-16,put,7330.0,15.4,16.1,15.75
2026-10-16,call,7335.0,367.7,374.3,371.0
2026-10-16,put,7335.0,15.7,16.4,16.049999999999997
2026-10-16,call,7340.0,363.0,370.0,366.5
2026-10-16,put,7340.0,16.1,16.8,16.450000000000003
2026-10-16,call,7345.0,358.4,365.4,361.9
2026-10-16,put,7345.0,16.4,17.1,16.75
2026-10-16,call,7350.0,353.9,360.4,357.15
2026-10-16,put,7350.0,16.8,17.2,17.0
2026-10-16,call,7355.0,349.2,355.7,352.45
2026-10-16,put,7355.0,17.1,17.8,17.450000000000003
2026-10-16,call,7360.0,344.7,351.2,347.95
2026-10-16,put,7360.0,17.5,18.2,17.85
2026-10-16,call,7365.0,340.4,346.9,343.65
2026-10-16,put,7365.0,17.9,18.6,18.25
2026-10-16,call,7370.0,335.4,341.8,338.6
2026-10-16,put,7370.0,18.3,19.0,18.65
2026-10-16,call,7375.0,330.9,337.7,334.29999999999995
2026-10-16,put,7375.0,18.7,19.3,19.0
2026-10-16,call,7380.0,326.7,332.7,329.7
2026-10-16,put,7380.0,19.1,19.8,19.450000000000003
2026-10-16,call,7385.0,322.1,328.6,325.35
2026-10-16,put,7385.0,19.5,20.2,19.85
2026-10-16,call,7390.0,317.2,323.5,320.35
2026-10-16,put,7390.0,20.0,20.7,20.35
2026-10-16,call,7395.0,313.1,319.4,316.25
2026-10-16,put,7395.0,20.4,21.2,20.799999999999997
2026-10-16,call,7400.0,308.6,314.9,311.75
2026-10-16,put,7400.0,21.0,21.4,21.2
2026-10-16,call,7405.0,304.2,310.5,307.35
2026-10-16,put,7405.0,21.4,22.1,21.75
2026-10-16,call,7410.0,299.7,306.0,302.85
2026-10-16,put,7410.0,21.8,22.5,22.15
2026-10-16,call,7415.0,295.1,301.4,298.25
2026-10-16,put,7415.0,22.3,23.1,22.700000000000003
2026-10-16,call,7420.0,290.6,296.9,293.75
2026-10-16,put,7420.0,22.9,23.6,23.25
2026-10-16,call,7425.0,285.8,292.0,288.9
2026-10-16,put,7425.0,23.4,24.1,23.75
2026-10-16,call,7430.0,281.7,287.5,284.6
2026-10-16,put,7430.0,23.9,24.6,24.25
2026-10-16,call,7435.0,276.9,283.5,280.2
2026-10-16,put,7435.0,24.5,25.3,24.9
2026-10-16,call,7440.0,272.5,278.7,275.6
2026-10-16,put,7440.0,25.1,25.8,25.450000000000003
2026-10-16,call,7445.0,268.1,274.3,271.20000000000005
2026-10-16,put,7445.0,25.6,26.4,26.0
2026-10-16,call,7450.0,263.7,270.3,267.0
2026-10-16,put,7450.0,26.4,26.8,26.6
2026-10-16,call,7455.0,259.8,265.9,262.85
2026-10-16,put,7455.0,26.9,27.6,27.25
2026-10-16,call,7460.0,255.0,261.1,258.05
2026-10-16,put,7460.0,27.5,28.3,27.9
2026-10-16,call,7465.0,251.1,257.2,254.14999999999998
2026-10-16,put,7465.0,28.2,28.9,28.549999999999997
2026-10-16,call,7470.0,246.4,252.9,249.65
2026-10-16,put,7470.0,28.8,29.6,29.200000000000003
2026-10-16,call,7475.0,242.5,248.6,245.55
2026-10-16,put,7475.0,29.5,30.3,29.9
2026-10-16,call,7480.0,238.1,244.3,241.2
2026-10-16,put,7480.0,30.2,31.0,30.6
2026-10-16,call,7485.0,234.1,239.6,236.85
2026-10-16,put,7485.0,31.0,31.7,31.35
2026-10-16,call,7490.0,229.8,235.7,232.75
2026-10-16,put,7490.0,31.7,32.5,32.1
2026-10-16,call,7495.0,225.6,231.5,228.55
2026-10-16,put,7495.0,32.5,33.3,32.9
2026-10-16,call,7500.0,221.4,227.3,224.35000000000002
2026-10-16,put,7500.0,33.4,33.8,33.599999999999994
2026-10-16,call,7505.0,217.2,222.7,219.95
2026-10-16,put,7505.0,34.1,34.9,34.5
2026-10-16,call,7510.0,212.8,218.6,215.7
2026-10-16,put,7510.0,34.9,35.7,35.3
2026-10-16,call,7515.0,209.0,214.7,211.85
2026-10-16,put,7515.0,35.7,36.6,36.150000000000006
2026-10-16,call,7520.0,204.9,210.6,207.75
2026-10-16,put,7520.0,36.6,37.4,37.0
2026-10-16,call,7525.0,201.4,205.9,203.65
2026-10-16,put,7525.0,37.5,38.3,37.9
2026-10-16,call,7530.0,197.3,201.9,199.60000000000002
2026-10-16,put,7530.0,38.4,39.3,38.849999999999994
2026-10-16,call,7535.0,193.3,197.8,195.55
2026-10-16,put,7535.0,39.3,40.2,39.75
2026-10-16,call,7540.0,189.2,193.8,191.5
2026-10-16,put,7540.0,40.3,41.2,40.75
2026-10-16,call,7545.0,185.4,189.8,187.60000000000002
2026-10-16,put,7545.0,41.3,42.2,41.75
2026-10-16,call,7550.0,181.3,185.8,183.55
2026-10-16,put,7550.0,42.5,43.0,42.75
2026-10-16,call,7555.0,177.4,181.9,179.65
2026-10-16,put,7555.0,43.4,44.2,43.8
2026-10-16,call,7560.0,173.4,178.0,175.7
2026-10-16,put,7560.0,44.4,45.3,44.849999999999994
2026-10-16,call,7565.0,169.6,174.1,171.85
2026-10-16,put,7565.0,45.5,46.4,45.95
2026-10-16,call,7570.0,166.6,169.6,168.1
2026-10-16,put,7570.0,46.7,47.6,47.150000000000006
2026-10-16,call,7575.0,163.5,165.4,164.45
2026-10-16,put,7575.0,47.8,48.7,48.25
2026-10-16,call,7580.0,158.5,161.9,160.2
2026-10-16,put,7580.0,49.0,49.9,49.45
2026-10-16,call,7585.0,154.8,158.1,156.45
2026-10-16,put,7585.0,50.2,51.1,50.650000000000006
2026-10-16,call,7590.0,151.5,154.4,152.95
2026-10-16,put,7590.0,51.5,52.5,52.0
2026-10-16,call,7595.0,147.8,150.7,149.25
2026-10-16,put,7595.0,52.6,53.7,53.150000000000006
2026-10-16,call,7600.0,144.8,146.7,145.75
2026-10-16,put,7600.0,54.2,54.8,54.5
2026-10-16,call,7605.0,140.5,143.4,141.95
2026-10-16,put,7605.0,55.4,56.4,55.9
2026-10-16,call,7610.0,136.6,139.8,138.2
2026-10-16,put,7610.0,56.8,57.8,57.3
2026-10-16,call,7615.0,133.0,136.2,134.6
2026-10-16,put,7615.0,58.2,59.2,58.7
2026-10-16,call,7620.0,129.5,132.7,131.1
2026-10-16,put,7620.0,59.5,60.7,60.1
2026-10-16,call,7625.0,126.9,128.6,127.75
2026-10-16,put,7625.0,61.0,62.2,61.6
2026-10-16,call,7630.0,123.5,125.4,124.45
2026-10-16,put,7630.0,62.5,63.8,63.15
2026-10-16,call,7635.0,119.2,122.4,120.80000000000001
2026-10-16,put,7635.0,64.2,65.3,64.75
2026-10-16,call,7640.0,115.8,119.0,117.4
2026-10-16,put,7640.0,65.7,66.9,66.30000000000001
2026-10-16,call,7645.0,112.5,115.6,114.05
2026-10-16,put,7645.0,67.5,68.6,68.05
2026-10-16,call,7650.0,110.5,111.2,110.85
2026-10-16,put,7650.0,69.3,69.9,69.6
2026-10-16,call,7655.0,107.1,108.3,107.69999999999999
2026-10-16,put,7655.0,70.9,72.0,71.45
2026-10-16,call,7660.0,103.9,105.0,104.45
2026-10-16,put,7660.0,72.6,73.8,73.19999999999999
2026-10-16,call,7665.0,100.6,101.9,101.25
2026-10-16,put,7665.0,74.5,75.6,75.05
2026-10-16,call,7670.0,97.6,98.7,98.15
2026-10-16,put,7670.0,76.2,77.5,76.85
2026-10-16,call,7675.0,94.5,95.6,95.05
2026-10-16,put,7675.0,78.3,79.4,78.85
2026-10-16,call,7680.0,91.5,92.6,92.05
2026-10-16,put,7680.0,80.1,81.3,80.69999999999999
2026-10-16,call,7685.0,88.5,89.4,88.95
2026-10-16,put,7685.0,82.1,83.4,82.75
2026-10-16,call,7690.0,85.6,86.5,86.05
2026-10-16,put,7690.0,84.3,85.5,84.9
2026-10-16,call,7695.0,82.6,83.8,83.19999999999999
2026-10-16,put,7695.0,86.4,87.6,87.0
2026-10-16,call,7700.0,80.1,80.7,80.4
2026-10-16,put,7700.0,88.8,89.4,89.1
2026-10-16,call,7705.0,77.0,78.0,77.5
2026-10-16,put,7705.0,90.7,92.0,91.35
2026-10-16,call,7710.0,74.3,75.5,74.9
2026-10-16,put,7710.0,92.9,94.3,93.6
2026-10-16,call,7715.0,71.7,72.6,72.15
2026-10-16,put,7715.0,95.2,96.8,96.0
2026-10-16,call,7720.0,69.0,70.2,69.6
2026-10-16,put,7720.0,97.6,99.2,98.4
2026-10-16,call,7725.0,66.5,67.6,67.05
2026-10-16,put,7725.0,100.0,101.6,100.8
2026-10-16,call,7730.0,64.0,65.1,64.55
2026-10-16,put,7730.0,102.4,104.2,103.30000000000001
2026-10-16,call,7735.0,61.5,62.6,62.05
2026-10-16,put,7735.0,105.0,106.7,105.85
2026-10-16,call,7740.0,59.2,60.3,59.75
2026-10-16,put,7740.0,107.6,109.3,108.44999999999999
2026-10-16,call,7745.0,56.8,58.0,57.4
2026-10-16,put,7745.0,110.3,112.0,111.15
2026-10-16,call,7750.0,54.9,55.4,55.15
2026-10-16,put,7750.0,113.3,114.2,113.75
2026-10-16,call,7755.0,52.3,53.4,52.849999999999994
2026-10-16,put,7755.0,115.4,118.5,116.95
2026-10-16,call,7760.0,50.4,51.3,50.849999999999994
2026-10-16,put,7760.0,118.2,121.4,119.80000000000001
2026-10-16,call,7765.0,48.3,49.2,48.75
2026-10-16,put,7765.0,121.1,124.3,122.69999999999999
2026-10-16,call,7770.0,46.2,47.2,46.7
2026-10-16,put,7770.0,124.0,127.3,125.65
2026-10-16,call,7775.0,44.2,45.2,44.7
2026-10-16,put,7775.0,127.2,129.2,128.2
2026-10-16,call,7780.0,42.3,43.2,42.75
2026-10-16,put,7780.0,130.1,133.3,131.7
2026-10-16,call,7785.0,40.4,41.4,40.9
2026-10-16,put,7785.0,133.6,135.3,134.45
2026-10-16,call,7790.0,38.6,39.6,39.1
2026-10-16,put,7790.0,136.4,139.1,137.75
2026-10-16,call,7795.0,36.9,37.7,37.3
2026-10-16,put,7795.0,139.6,142.4,141.0
2026-10-16,call,7800.0,35.3,35.8,35.55
2026-10-16,put,7800.0,143.2,145.1,144.14999999999998
2026-10-16,call,7805.0,33.6,34.4,34.0
2026-10-16,put,7805.0,145.4,149.9,147.65
2026-10-16,call,7810.0,32.0,32.9,32.45
2026-10-16,put,7810.0,148.8,153.2,151.0
2026-10-16,call,7815.0,30.4,31.2,30.799999999999997
2026-10-16,put,7815.0,152.3,156.8,154.55
2026-10-16,call,7820.0,29.0,29.9,29.45
2026-10-16,put,7820.0,155.8,160.2,158.0
2026-10-16,call,7825.0,27.8,28.2,28.0
2026-10-16,put,7825.0,159.4,163.9,161.65
2026-10-16,call,7830.0,26.3,27.0,26.65
2026-10-16,put,7830.0,163.0,167.4,165.2
2026-10-16,call,7835.0,25.0,25.8,25.4
2026-10-16,put,7835.0,166.7,171.1,168.89999999999998
2026-10-16,call,7840.0,23.7,24.4,24.049999999999997
2026-10-16,put,7840.0,170.5,174.8,172.65
2026-10-16,call,7845.0,22.5,23.3,22.9
2026-10-16,put,7845.0,174.2,178.6,176.39999999999998
2026-10-16,call,7850.0,21.5,21.9,21.7
2026-10-16,put,7850.0,178.1,182.6,180.35
2026-10-16,call,7855.0,20.2,21.0,20.6
2026-10-16,put,7855.0,182.0,186.4,184.2
2026-10-16,call,7860.0,19.2,20.0,19.6
2026-10-16,put,7860.0,185.9,190.4,188.15
2026-10-16,call,7865.0,18.2,19.0,18.6
2026-10-16,put,7865.0,189.9,194.4,192.15
2026-10-16,call,7870.0,17.2,18.0,17.6
2026-10-16,put,7870.0,193.9,198.3,196.10000000000002
2026-10-16,call,7875.0,16.3,17.1,16.700000000000003
2026-10-16,put,7875.0,197.9,202.4,200.15
2026-10-16,call,7880.0,15.4,16.3,15.850000000000001
2026-10-16,put,7880.0,201.4,207.1,204.25
2026-10-16,call,7885.0,14.8,15.3,15.05
2026-10-16,put,7885.0,205.5,211.2,208.35
2026-10-16,call,7890.0,14.0,14.5,14.25
2026-10-16,put,7890.0,209.7,215.4,212.55
2026-10-16,call,7895.0,13.3,13.7,13.5
2026-10-16,put,7895.0,213.4,219.7,216.55
2026-10-16,call,7900.0,12.5,12.9,12.7
2026-10-16,put,7900.0,218.2,224.0,221.1
2026-10-16,call,7905.0,11.9,12.3,12.100000000000001
2026-10-16,put,7905.0,222.5,228.3,225.4
2026-10-16,call,7910.0,11.2,11.7,11.45
2026-10-16,put,7910.0,226.2,233.2,229.7
2026-10-16,call,7915.0,10.6,11.0,10.8
2026-10-16,put,7915.0,231.1,237.5,234.3
2026-10-16,call,7920.0,10.0,10.5,10.25
2026-10-16,put,7920.0,235.6,242.0,238.8
2026-10-16,call,7925.0,9.5,9.9,9.7
2026-10-16,put,7925.0,239.4,246.0,242.7
2026-10-16,call,7930.0,8.9,9.4,9.15
2026-10-16,put,7930.0,244.5,251.0,247.75
2026-10-16,call,7935.0,8.4,8.9,8.65
2026-10-16,put,7935.0,249.0,255.5,252.25
2026-10-16,call,7940.0,8.0,8.4,8.2
2026-10-16,put,7940.0,253.5,260.1,256.8
2026-10-16,call,7945.0,7.5,8.0,7.75
2026-10-16,put,7945.0,258.0,264.6,261.3
2026-10-16,call,7950.0,7.1,7.6,7.35
2026-10-16,put,7950.0,262.0,269.2,265.6
2026-10-16,call,7955.0,6.7,7.2,6.95
2026-10-16,put,7955.0,266.6,273.8,270.20000000000005
2026-10-16,call,7960.0,6.3,6.8,6.55
2026-10-16,put,7960.0,271.2,278.3,274.75
2026-10-16,call,7965.0,6.0,6.4,6.2
2026-10-16,put,7965.0,275.8,283.0,279.4
2026-10-16,call,7970.0,5.7,6.1,5.9
2026-10-16,put,7970.0,280.5,287.6,284.05
2026-10-16,call,7975.0,5.4,5.7,5.550000000000001
2026-10-16,put,7975.0,285.2,292.3,288.75
2026-10-16,call,7980.0,5.1,5.5,5.3
2026-10-16,put,7980.0,289.9,297.2,293.54999999999995
2026-10-16,call,7985.0,4.9,5.2,5.050000000000001
2026-10-16,put,7985.0,294.6,301.7,298.15
2026-10-16,call,7990.0,4.6,4.9,4.75
2026-10-16,put,7990.0,299.3,306.4,302.85
2026-10-16,call,7995.0,4.4,4.7,4.550000000000001
2026-10-16,put,7995.0,304.0,311.2,307.6
2026-10-16,call,8000.0,4.1,4.4,4.25
2026-10-16,put,8000.0,308.8,316.0,312.4
2026-10-16,call,8005.0,3.9,4.2,4.05
2026-10-16,put,8005.0,313.6,320.8,317.20000000000005
2026-10-16,call,8010.0,3.7,4.0,3.85
2026-10-16,put,8010.0,318.3,325.7,322.0
2026-10-16,call,8015.0,3.5,3.8,3.65
2026-10-16,put,8015.0,323.2,330.4,326.79999999999995
2026-10-16,call,8020.0,3.3,3.7,3.5
2026-10-16,put,8020.0,328.0,335.3,331.65
2026-10-16,call,8025.0,3.2,3.5,3.35
2026-10-16,put,8025.0,332.8,339.9,336.35
2026-10-16,call,8030.0,3.0,3.3,3.15
2026-10-16,put,8030.0,337.6,344.8,341.20000000000005
2026-10-16,call,8035.0,2.85,3.2,3.0250000000000004
2026-10-16,put,8035.0,342.4,349.7,346.04999999999995
2026-10-16,call,8040.0,2.7,3.0,2.85
2026-10-16,put,8040.0,347.3,354.5,350.9
2026-10-16,call,8045.0,2.55,2.9,2.7249999999999996
2026-10-16,put,8045.0,352.1,359.5,355.8
2026-10-16,call,8050.0,2.45,2.75,2.6
2026-10-16,put,8050.0,357.0,364.3,360.65
2026-10-16,call,8055.0,2.3,2.65,2.4749999999999996
2026-10-16,put,8055.0,361.9,369.1,365.5
2026-10-16,call,8060.0,2.2,2.55,2.375
2026-10-16,put,8060.0,366.8,373.9,370.35
2026-10-16,call,8065.0,2.1,2.45,2.2750000000000004
2026-10-16,put,8065.0,371.6,379.0,375.3
2026-10-16,call,8070.0,2.0,2.35,2.175
2026-10-16,put,8070.0,376.5,383.9,380.2
2026-10-16,call,8075.0,1.9,2.25,2.075
2026-10-16,put,8075.0,381.4,388.8,385.1
2026-10-16,call,8080.0,1.85,2.15,2.0
2026-10-16,put,8080.0,386.3,393.5,389.9
2026-10-16,call,8085.0,1.75,2.1,1.925
2026-10-16,put,8085.0,391.3,398.6,394.95000000000005
2026-10-16,call,8090.0,1.7,2.0,1.85
2026-10-16,put,8090.0,396.2,403.5,399.85
2026-10-16,call,8095.0,1.6,1.95,1.775
2026-10-16,put,8095.0,401.1,408.2,404.65
2026-10-16,call,8100.0,1.55,1.85,1.7000000000000002
2026-10-16,put,8100.0,406.0,413.2,409.6
2026-10-16,call,8105.0,1.5,1.8,1.65
2026-10-16,put,8105.0,410.9,418.3,414.6
2026-10-16,call,8110.0,1.45,1.75,1.6
2026-10-16,put,8110.0,415.8,423.0,419.4
2026-10-16,call,8115.0,1.4,1.7,1.5499999999999998
2026-10-16,put,8115.0,420.8,428.0,424.4
2026-10-16,call,8120.0,1.3,1.65,1.475
2026-10-16,put,8120.0,425.7,432.9,429.29999999999995
2026-10-16,call,8125.0,1.25,1.6,1.425
2026-10-16,put,8125.0,430.6,438.0,434.3
2026-10-16,call,8130.0,1.2,1.55,1.375
2026-10-16,put,8130.0,435.6,442.8,439.20000000000005
2026-10-16,call,8135.0,1.15,1.5,1.325
2026-10-16,put,8135.0,440.5,447.9,444.2
2026-10-16,call,8140.0,1.15,1.45,1.2999999999999998
2026-10-16,put,8140.0,445.5,452.7,449.1
2026-10-16,call,8145.0,1.1,1.4,1.25
2026-10-16,put,8145.0,450.4,457.8,454.1
2026-10-16,call,8150.0,1.05,1.35,1.2000000000000002
2026-10-16,put,8150.0,455.4,462.6,459.0
2026-10-16,call,8155.0,1.0,1.3,1.15
2026-10-16,put,8155.0,460.3,467.7,464.0
2026-10-16,call,8160.0,1.0,1.3,1.15
2026-10-16,put,8160.0,465.3,472.5,468.9
2026-10-16,call,8170.0,0.95,1.2,1.075
2026-10-16,put,8170.0,475.2,482.4,478.79999999999995
2026-10-16,call,8175.0,0.9,1.2,1.05
2026-10-16,put,8175.0,480.1,487.5,483.8
2026-10-16,call,8180.0,0.85,1.15,1.0
2026-10-16,put,8180.0,485.1,492.3,488.70000000000005
2026-10-16,call,8190.0,0.8,1.1,0.9500000000000001
2026-10-16,put,8190.0,495.0,502.4,498.7
2026-10-16,call,8200.0,0.75,1.05,0.9
2026-10-16,put,8200.0,504.9,512.2,508.55
2026-10-16,call,8210.0,0.7,1.0,0.85
2026-10-16,put,8210.0,514.9,522.1,518.5
2026-10-16,call,8220.0,0.65,0.95,0.8
2026-10-16,put,8220.0,524.8,532.2,528.5
2026-10-16,call,8225.0,0.65,0.9,0.775
2026-10-16,put,8225.0,529.8,537.0,533.4
2026-10-16,call,8230.0,0.6,0.9,0.75
2026-10-16,put,8230.0,534.7,542.0,538.35
2026-10-16,call,8240.0,0.6,0.85,0.725
2026-10-16,put,8240.0,544.7,551.9,548.3
2026-10-16,call,8250.0,0.55,0.85,0.7
2026-10-16,put,8250.0,554.6,562.0,558.3
2026-10-16,call,8260.0,0.5,0.8,0.65
2026-10-16,put,8260.0,564.5,571.9,568.2
2026-10-16,call,8270.0,0.5,0.75,0.625
2026-10-16,put,8270.0,574.5,581.7,578.1
2026-10-16,call,8275.0,0.5,0.75,0.625
2026-10-16,put,8275.0,579.5,586.7,583.1
2026-10-16,call,8280.0,0.45,0.75,0.6
2026-10-16,put,8280.0,584.4,591.7,588.05
2026-10-16,call,8290.0,0.45,0.7,0.575
2026-10-16,put,8290.0,594.4,601.7,598.05
2026-10-16,call,8300.0,0.4,0.65,0.525
2026-10-16,put,8300.0,604.3,611.7,608.0
2026-10-16,call,8310.0,0.4,0.65,0.525
2026-10-16,put,8310.0,614.3,621.7,618.0
2026-10-16,call,8320.0,0.35,0.6,0.475
2026-10-16,put,8320.0,624.2,631.5,627.85
2026-10-16,call,8325.0,0.35,0.6,0.475
2026-10-16,put,8325.0,629.2,636.5,632.85
2026-10-16,call,8330.0,0.35,0.6,0.475
2026-10-16,put,8330.0,634.2,641.5,637.85
2026-10-16,call,8340.0,0.3,0.55,0.42500000000000004
2026-10-16,put,8340.0,644.2,651.5,647.85
2026-10-16,call,8350.0,0.3,0.55,0.42500000000000004
2026-10-16,put,8350.0,654.1,661.4,657.75
2026-10-16,call,8360.0,0.3,0.55,0.42500000000000004
2026-10-16,put,8360.0,664.1,671.3,667.7
2026-10-16,call,8370.0,0.25,0.5,0.375
2026-10-16,put,8370.0,674.0,681.3,677.65
2026-10-16,call,8375.0,0.25,0.5,0.375
2026-10-16,put,8375.0,679.0,686.3,682.65
2026-10-16,call,8380.0,0.25,0.5,0.375
2026-10-16,put,8380.0,684.0,691.3,687.65
2026-10-16,call,8390.0,0.25,0.45,0.35
2026-10-16,put,8390.0,694.0,701.4,697.7
2026-10-16,call,8400.0,0.2,0.45,0.325
2026-10-16,put,8400.0,703.9,711.2,707.55
2026-10-16,call,8410.0,0.2,0.45,0.325
2026-10-16,put,8410.0,713.9,721.3,717.5999999999999
2026-10-16,call,8420.0,0.2,0.45,0.325
2026-10-16,put,8420.0,723.9,731.2,727.55
2026-10-16,call,8425.0,0.2,0.4,0.30000000000000004
2026-10-16,put,8425.0,728.8,736.2,732.5
2026-10-16,call,8430.0,0.2,0.4,0.30000000000000004
2026-10-16,put,8430.0,733.8,741.1,737.45
2026-10-16,call,8440.0,0.15,0.4,0.275
2026-10-16,put,8440.0,743.8,751.2,747.5
2026-10-16,call,8450.0,0.15,0.4,0.275
2026-10-16,put,8450.0,753.8,761.0,757.4
2026-10-16,call,8460.0,0.15,0.4,0.275
2026-10-16,put,8460.0,763.7,771.0,767.35
2026-10-16,call,8470.0,0.15,0.35,0.25
2026-10-16,put,8470.0,773.7,781.1,777.4000000000001
2026-10-16,call,8475.0,0.15,0.35,0.25
2026-10-16,put,8475.0,778.7,786.1,782.4000000000001
2026-10-16,call,8480.0,0.15,0.35,0.25
2026-10-16,put,8480.0,783.7,791.0,787.35
2026-10-16,call,8490.0,0.1,0.35,0.22499999999999998
2026-10-16,put,8490.0,793.6,800.9,797.25
2026-10-16,call,8500.0,0.1,0.35,0.22499999999999998
2026-10-16,put,8500.0,803.6,810.8,807.2
2026-10-16,call,8510.0,0.1,0.35,0.22499999999999998
2026-10-16,put,8510.0,813.6,821.0,817.3
2026-10-16,call,8520.0,0.1,0.3,0.2
2026-10-16,put,8520.0,823.5,830.8,827.15
2026-10-16,call,8525.0,0.1,0.3,0.2
2026-10-16,put,8525.0,828.5,835.8,832.15
2026-10-16,call,8530.0,0.1,0.3,0.2
2026-10-16,put,8530.0,833.5,840.8,837.15
2026-10-16,call,8540.0,0.1,0.3,0.2
2026-10-16,put,8540.0,843.5,850.9,847.2
2026-10-16,call,8550.0,0.1,0.3,0.2
2026-10-16,put,8550.0,853.5,860.7,857.1
2026-10-16,call,8600.0,0.15,0.25,0.2
2026-10-16,put,8600.0,903.3,910.6,906.95
2026-10-16,call,8650.0,0.05,0.25,0.15
2026-10-16,put,8650.0,953.2,960.5,956.85
2026-10-16,call,8700.0,0.1,0.25,0.175
2026-10-16,put,8700.0,1003.1,1010.4,1006.75
2026-10-16,put,8750.0,1052.9,1060.2,1056.5500000000002
2026-10-16,put,8800.0,1102.8,1110.1,1106.4499999999998
2026-10-16,put,8850.0,1152.7,1160.1,1156.4
2026-10-16,put,8900.0,1202.6,1209.8,1206.1999999999998
2026-10-16,put,9000.0,1302.3,1309.6,1305.9499999999998
2026-10-16,put,9100.0,1402.1,1409.4,1405.75
2026-10-16,put,9200.0,1501.8,1509.2,1505.5
2026-10-16,put,9300.0,1601.6,1608.9,1605.25
2026-10-16,put,9400.0,1701.4,1708.8,1705.1
2026-10-16,put,9500.0,1801.1,1808.4,1804.75
2026-10-16,put,9600.0,1900.9,1908.2,1904.5500000000002
2026-10-16,put,9800.0,2100.5,2107.8,2104.15
2026-10-16,put,10000.0,2300.0,2307.3,2303.65
2026-10-16,put,10200.0,2499.5,2506.9,2503.2
2026-10-16,put,10400.0,2699.1,2706.4,2702.75
2026-10-16,put,10600.0,2898.6,2906.1,2902.35
2026-10-16,put,10800.0,3098.2,3105.5,3101.85
2026-10-19,call,3200.0,4476.9,4484.9,4480.9
2026-10-19,call,3400.0,4277.4,4285.4,4281.4
2026-10-19,call,3600.0,4077.9,4085.9,4081.9
2026-10-19,call,3800.0,3878.4,3886.4,3882.4
2026-10-19,call,4000.0,3678.9,3686.9,3682.9
2026-10-19,put,4000.0,0.05,0.2,0.125
2026-10-19,call,4200.0,3479.4,3487.4,3483.4
2026-10-19,call,4400.0,3279.9,3287.9,3283.9
2026-10-19,put,4400.0,0.05,0.25,0.15
2026-10-19,call,4600.0,3080.5,3088.5,3084.5
2026-10-19,put,4600.0,0.1,0.3,0.2
2026-10-19,call,4800.0,2881.0,2889.0,2885.0
2026-10-19,put,4800.0,0.15,0.35,0.25
2026-10-19,call,5000.0,2681.5,2689.5,2685.5
2026-10-19,put,5000.0,0.2,0.45,0.325
2026-10-19,call,5200.0,2482.1,2490.1,2486.1
2026-10-19,put,5200.0,0.3,0.55,0.42500000000000004
2026-10-19,call,5400.0,2282.7,2290.7,2286.7
2026-10-19,put,5400.0,0.4,0.65,0.525
2026-10-19,call,5600.0,2083.4,2091.4,2087.4
2026-10-19,put,5600.0,0.6,0.85,0.725
2026-10-19,call,5800.0,1884.1,1892.1,1888.1
2026-10-19,put,5800.0,0.85,1.1,0.9750000000000001
2026-10-19,call,6000.0,1684.9,1692.9,1688.9
2026-10-19,put,6000.0,1.15,1.45,1.2999999999999998
2026-10-19,call,6100.0,1585.3,1593.3,1589.3
2026-10-19,put,6100.0,1.35,1.65,1.5
2026-10-19,call,6200.0,1485.8,1493.8,1489.8
2026-10-19,put,6200.0,1.55,1.9,1.725
2026-10-19,call,6300.0,1386.3,1394.3,1390.3
2026-10-19,put,6300.0,1.8,2.15,1.975
2026-10-19,call,6400.0,1286.8,1294.8,1290.8
2026-10-19,put,6400.0,2.1,2.45,2.2750000000000004
2026-10-19,call,6500.0,1187.4,1195.4,1191.4
2026-10-19,put,6500.0,2.45,2.8,2.625
2026-10-19,call,6525.0,1162.6,1170.6,1166.6
2026-10-19,put,6525.0,2.55,2.85,2.7
2026-10-19,call,6550.0,1137.8,1145.8,1141.8
2026-10-19,put,6550.0,2.65,2.95,2.8
2026-10-19,call,6575.0,1112.9,1120.9,1116.9
2026-10-19,put,6575.0,2.75,3.1,2.925
2026-10-19,call,6600.0,1088.1,1096.1,1092.1
2026-10-19,put,6600.0,2.85,3.2,3.0250000000000004
2026-10-19,call,6625.0,1063.3,1071.3,1067.3
2026-10-19,put,6625.0,2.95,3.3,3.125
2026-10-19,call,6650.0,1038.5,1046.5,1042.5
2026-10-19,put,6650.0,3.1,3.5,3.3
2026-10-19,call,6675.0,1013.7,1021.7,1017.7
2026-10-19,put,6675.0,3.2,3.6,3.4000000000000004
2026-10-19,call,6700.0,988.9,996.9,992.9
2026-10-19,put,6700.0,3.3,3.7,3.5
2026-10-19,call,6725.0,964.1,972.1,968.1
2026-10-19,put,6725.0,3.5,3.9,3.7
2026-10-19,call,6750.0,939.3,947.3,943.3
2026-10-19,put,6750.0,3.7,4.0,3.85
2026-10-19,call,6775.0,914.5,922.5,918.5
2026-10-19,put,6775.0,3.8,4.2,4.0
2026-10-19,call,6800.0,889.8,897.8,893.8
2026-10-19,put,6800.0,4.0,4.4,4.2
2026-10-19,call,6825.0,865.0,873.0,869.0
2026-10-19,put,6825.0,4.2,4.6,4.4
2026-10-19,call,6850.0,840.3,848.3,844.3
2026-10-19,put,6850.0,4.4,4.8,4.6
2026-10-19,call,6875.0,815.6,823.6,819.6
2026-10-19,put,6875.0,4.6,5.0,4.8
2026-10-19,call,6900.0,790.9,798.9,794.9
2026-10-19,put,6900.0,4.9,5.3,5.1
2026-10-19,call,6925.0,766.2,774.2,770.2
2026-10-19,put,6925.0,5.2,5.6,5.4
2026-10-19,call,6950.0,741.6,749.6,745.6
2026-10-19,put,6950.0,5.5,5.9,5.7
2026-10-19,call,6975.0,716.9,724.9,720.9
2026-10-19,put,6975.0,5.8,6.2,6.0
2026-10-19,call,7000.0,692.3,700.3,696.3
2026-10-19,put,7000.0,6.1,6.5,6.3
2026-10-19,call,7025.0,667.8,675.8,671.8
2026-10-19,put,7025.0,6.5,6.9,6.7
2026-10-19,call,7050.0,643.3,651.3,647.3
2026-10-19,put,7050.0,7.0,7.4,7.2
2026-10-19,call,7075.0,618.8,626.8,622.8
2026-10-19,put,7075.0,7.4,7.9,7.65
2026-10-19,call,7100.0,594.8,602.8,598.8
2026-10-19,put,7100.0,8.0,8.4,8.2
2026-10-19,call,7125.0,570.0,578.0,574.0
2026-10-19,put,7125.0,8.6,9.0,8.8
2026-10-19,call,7150.0,546.2,554.2,550.2
2026-10-19,put,7150.0,9.2,9.7,9.45
2026-10-19,call,7175.0,522.0,530.0,526.0
2026-10-19,put,7175.0,10.0,10.4,10.2
2026-10-19,call,7200.0,498.0,506.0,502.0
2026-10-19,put,7200.0,10.8,11.3,11.05
2026-10-19,call,7225.0,474.0,482.0,478.0
2026-10-19,put,7225.0,11.8,12.3,12.05
2026-10-19,call,7250.0,450.2,458.2,454.2
2026-10-19,put,7250.0,12.9,13.4,13.15
2026-10-19,call,7275.0,427.1,433.9,430.5
2026-10-19,put,7275.0,14.2,14.7,14.45
2026-10-19,call,7300.0,403.1,409.7,406.4
2026-10-19,put,7300.0,15.6,16.0,15.8
2026-10-19,call,7310.0,393.7,400.8,397.25
2026-10-19,put,7310.0,16.1,16.9,16.5
2026-10-19,call,7320.0,384.4,391.0,387.7
2026-10-19,put,7320.0,16.7,17.6,17.15
2026-10-19,call,7325.0,380.2,386.8,383.5
2026-10-19,put,7325.0,17.1,17.9,17.5
2026-10-19,call,7330.0,375.2,381.7,378.45
2026-10-19,put,7330.0,17.4,18.2,17.799999999999997
2026-10-19,call,7340.0,366.4,372.8,369.6
2026-10-19,put,7340.0,18.1,18.9,18.5
2026-10-19,call,7350.0,357.2,363.2,360.2
2026-10-19,put,7350.0,18.9,19.7,19.299999999999997
2026-10-19,call,7360.0,348.1,354.6,351.35
2026-10-19,put,7360.0,19.7,20.5,20.1
2026-10-19,call,7370.0,338.9,345.2,342.04999999999995
2026-10-19,put,7370.0,20.5,21.3,20.9
2026-10-19,call,7375.0,333.8,340.8,337.3
2026-10-19,put,7375.0,20.9,21.7,21.299999999999997
2026-10-19,call,7380.0,329.8,336.1,332.95000000000005
2026-10-19,put,7380.0,21.4,22.2,21.799999999999997
2026-10-19,call,7390.0,320.8,327.2,324.0
2026-10-19,put,7390.0,22.3,23.2,22.75
2026-10-19,call,7400.0,311.8,317.6,314.70000000000005
2026-10-19,put,7400.0,23.4,23.8,23.6
2026-10-19,call,7410.0,302.8,309.1,305.95000000000005
2026-10-19,put,7410.0,24.3,25.2,24.75
2026-10-19,call,7420.0,293.9,300.1,297.0
2026-10-19,put,7420.0,25.3,26.1,25.700000000000003
2026-10-19,call,7425.0,289.0,295.7,292.35
2026-10-19,put,7425.0,25.9,26.6,26.25
2026-10-19,call,7430.0,284.7,290.8,287.75
2026-10-19,put,7430.0,26.5,27.2,26.85
2026-10-19,call,7440.0,276.3,282.5,279.4
2026-10-19,put,7440.0,27.6,28.5,28.05
2026-10-19,call,7450.0,267.2,273.3,270.25
2026-10-19,put,7450.0,29.1,29.5,29.3
2026-10-19,call,7460.0,259.1,265.1,262.1
2026-10-19,put,7460.0,30.2,31.1,30.65
2026-10-19,call,7470.0,250.0,256.4,253.2
2026-10-19,put,7470.0,31.6,32.5,32.05
2026-10-19,call,7475.0,246.2,252.1,249.14999999999998
2026-10-19,put,7475.0,32.3,33.1,32.7
2026-10-19,call,7480.0,241.5,247.8,244.65
2026-10-19,put,7480.0,33.0,33.8,33.4
2026-10-19,call,7490.0,233.5,239.0,236.25
2026-10-19,put,7490.0,34.6,35.5,35.05
2026-10-19,call,7500.0,225.0,231.0,228.0
2026-10-19,put,7500.0,36.4,36.8,36.599999999999994
2026-10-19,call,7510.0,216.5,222.3,219.4
2026-10-19,put,7510.0,37.8,38.8,38.3
2026-10-19,call,7520.0,208.5,214.4,211.45
2026-10-19,put,7520.0,39.6,40.5,40.05
2026-10-19,call,7525.0,204.7,210.3,207.5
2026-10-19,put,7525.0,40.5,41.4,40.95
2026-10-19,call,7530.0,200.8,205.8,203.3
2026-10-19,put,7530.0,41.5,42.5,42.0
2026-10-19,call,7535.0,196.8,201.8,199.3
2026-10-19,put,7535.0,42.4,43.4,42.9
2026-10-19,call,7540.0,192.8,197.8,195.3
2026-10-19,put,7540.0,43.4,44.4,43.9
2026-10-19,call,7545.0,188.9,193.9,191.4
2026-10-19,put,7545.0,44.4,45.4,44.9
2026-10-19,call,7550.0,184.9,189.9,187.4
2026-10-19,put,7550.0,45.7,46.2,45.95
2026-10-19,call,7555.0,181.0,186.0,183.5
2026-10-19,put,7555.0,46.7,47.7,47.2
2026-10-19,call,7560.0,177.2,182.2,179.7
2026-10-19,put,7560.0,47.8,48.6,48.2
2026-10-19,call,7565.0,174.3,177.6,175.95
2026-10-19,put,7565.0,48.8,49.8,49.3
2026-10-19,call,7570.0,170.5,173.8,172.15
2026-10-19,put,7570.0,50.1,51.1,50.6
2026-10-19,call,7575.0,166.7,170.0,168.35
2026-10-19,put,7575.0,51.1,52.3,51.7
2026-10-19,call,7580.0,162.9,166.3,164.60000000000002
2026-10-19,put,7580.0,52.3,53.6,52.95
2026-10-19,call,7585.0,159.2,162.5,160.85
2026-10-19,put,7585.0,53.5,54.9,54.2
2026-10-19,call,7590.0,155.5,158.8,157.15
2026-10-19,put,7590.0,54.8,55.9,55.349999999999994
2026-10-19,call,7595.0,151.8,155.1,153.45
2026-10-19,put,7595.0,56.1,57.4,56.75
2026-10-19,call,7600.0,148.1,151.5,149.8
2026-10-19,put,7600.0,57.6,58.3,57.95
2026-10-19,call,7605.0,144.5,147.8,146.15
2026-10-19,put,7605.0,58.8,60.1,59.45
2026-10-19,call,7610.0,141.0,144.3,142.65
2026-10-19,put,7610.0,60.2,61.5,60.85
2026-10-19,call,7615.0,137.5,140.7,139.1
2026-10-19,put,7615.0,61.6,63.0,62.3
2026-10-19,call,7620.0,133.9,137.2,135.55
2026-10-19,put,7620.0,63.1,64.5,63.8
2026-10-19,call,7625.0,130.5,133.7,132.1
2026-10-19,put,7625.0,64.6,66.0,65.3
2026-10-19,call,7630.0,127.0,130.3,128.65
2026-10-19,put,7630.0,66.1,67.4,66.75
2026-10-19,call,7635.0,123.6,126.9,125.25
2026-10-19,put,7635.0,67.7,69.0,68.35
2026-10-19,call,7640.0,120.3,123.5,121.9
2026-10-19,put,7640.0,69.3,70.7,70.0
2026-10-19,call,7645.0,116.9,120.2,118.55000000000001
2026-10-19,put,7645.0,70.8,72.4,71.6
2026-10-19,call,7650.0,114.9,115.7,115.30000000000001
2026-10-19,put,7650.0,72.9,73.6,73.25
2026-10-19,call,7655.0,111.4,113.0,112.2
2026-10-19,put,7655.0,74.4,75.8,75.1
2026-10-19,call,7660.0,108.3,109.6,108.94999999999999
2026-10-19,put,7660.0,76.0,77.5,76.75
2026-10-19,call,7665.0,105.0,106.6,105.8
2026-10-19,put,7665.0,78.0,79.4,78.7
2026-10-19,call,7670.0,101.9,103.4,102.65
2026-10-19,put,7670.0,79.7,81.3,80.5
2026-10-19,call,7675.0,98.8,100.2,99.5
2026-10-19,put,7675.0,81.6,83.1,82.35
2026-10-19,call,7680.0,95.8,97.2,96.5
2026-10-19,put,7680.0,83.6,85.0,84.3
2026-10-19,call,7685.0,92.8,94.2,93.5
2026-10-19,put,7685.0,85.6,87.2,86.4
2026-10-19,call,7690.0,89.9,90.9,90.4
2026-10-19,put,7690.0,87.6,89.1,88.35
2026-10-19,call,7695.0,87.0,88.4,87.7
2026-10-19,put,7695.0,89.7,91.2,90.45
2026-10-19,call,7700.0,84.5,85.1,84.8
2026-10-19,put,7700.0,92.3,93.0,92.65
2026-10-19,call,7705.0,81.3,82.8,82.05
2026-10-19,put,7705.0,94.1,95.6,94.85
2026-10-19,call,7710.0,78.7,79.7,79.2
2026-10-19,put,7710.0,96.2,98.0,97.1
2026-10-19,call,7715.0,75.9,77.4,76.65
2026-10-19,put,7715.0,98.5,100.5,99.5
2026-10-19,call,7720.0,73.2,74.4,73.80000000000001
2026-10-19,put,7720.0,100.8,102.8,101.8
2026-10-19,call,7725.0,70.6,71.8,71.19999999999999
2026-10-19,put,7725.0,103.0,105.7,104.35
2026-10-19,call,7730.0,68.2,69.3,68.75
2026-10-19,put,7730.0,105.5,108.5,107.0
2026-10-19,call,7735.0,65.6,67.1,66.35
2026-10-19,put,7735.0,108.0,111.0,109.5
2026-10-19,call,7740.0,63.2,64.4,63.800000000000004
2026-10-19,put,7740.0,110.5,113.6,112.05
2026-10-19,call,7745.0,60.8,62.3,61.55
2026-10-19,put,7745.0,113.2,116.2,114.7
2026-10-19,call,7750.0,58.8,59.5,59.15
2026-10-19,put,7750.0,116.4,117.4,116.9
2026-10-19,call,7755.0,56.3,57.6,56.95
2026-10-19,put,7755.0,118.5,121.7,120.1
2026-10-19,call,7760.0,54.1,55.4,54.75
2026-10-19,put,7760.0,121.3,124.2,122.75
2026-10-19,call,7770.0,50.1,51.1,50.6
2026-10-19,put,7770.0,127.0,129.8,128.4
2026-10-19,call,7775.0,48.0,48.9,48.45
2026-10-19,put,7775.0,130.0,132.8,131.4
2026-10-19,call,7780.0,46.1,46.9,46.5
2026-10-19,put,7780.0,133.0,135.8,134.4
2026-10-19,call,7790.0,42.3,43.1,42.7
2026-10-19,put,7790.0,139.1,141.8,140.45
2026-10-19,call,7800.0,38.8,39.4,39.099999999999994
2026-10-19,put,7800.0,145.5,148.3,146.9
2026-10-19,call,7810.0,35.4,36.2,35.8
2026-10-19,put,7810.0,151.3,155.9,153.60000000000002
2026-10-19,call,7820.0,32.2,33.1,32.650000000000006
2026-10-19,put,7820.0,158.1,163.0,160.55
2026-10-19,call,7825.0,30.8,31.6,31.200000000000003
2026-10-19,put,7825.0,161.6,166.3,163.95
2026-10-19,call,7830.0,29.3,30.3,29.8
2026-10-19,put,7830.0,165.2,170.2,167.7
2026-10-19,call,7840.0,26.5,27.4,26.95
2026-10-19,put,7840.0,172.5,177.3,174.9
2026-10-19,call,7850.0,24.3,24.7,24.5
2026-10-19,put,7850.0,179.9,184.9,182.4
2026-10-19,call,7860.0,21.8,22.6,22.200000000000003
2026-10-19,put,7860.0,187.6,192.6,190.1
2026-10-19,call,7870.0,19.7,20.5,20.1
2026-10-19,put,7870.0,195.4,200.4,197.9
2026-10-19,call,7875.0,18.7,19.6,19.15
2026-10-19,put,7875.0,199.4,204.4,201.9
2026-10-19,call,7880.0,17.7,18.6,18.15
2026-10-19,put,7880.0,202.9,209.0,205.95
2026-10-19,call,7890.0,15.9,16.9,16.4
2026-10-19,put,7890.0,211.1,217.2,214.14999999999998
2026-10-19,call,7900.0,14.5,14.9,14.7
2026-10-19,put,7900.0,219.4,225.6,222.5
2026-10-19,call,7910.0,13.1,13.6,13.35
2026-10-19,put,7910.0,227.9,234.2,231.05
2026-10-19,call,7920.0,11.7,12.2,11.95
2026-10-19,put,7920.0,236.5,242.9,239.7
2026-10-19,call,7925.0,11.1,11.6,11.35
2026-10-19,put,7925.0,240.9,247.3,244.10000000000002
2026-10-19,call,7950.0,8.4,8.9,8.65
2026-10-19,put,7950.0,263.1,269.7,266.4
2026-10-19,call,7975.0,6.4,6.9,6.65
2026-10-19,put,7975.0,285.3,293.3,289.3
2026-10-19,call,8000.0,4.9,5.3,5.1
2026-10-19,put,8000.0,308.7,316.7,312.7
2026-10-19,call,8025.0,3.8,4.2,4.0
2026-10-19,put,8025.0,332.5,340.5,336.5
2026-10-19,call,8050.0,2.9,3.3,3.0999999999999996
2026-10-19,put,8050.0,356.6,364.6,360.6
2026-10-19,call,8075.0,2.3,2.7,2.5
2026-10-19,put,8075.0,380.9,388.9,384.9
2026-10-19,call,8100.0,1.8,2.2,2.0
2026-10-19,put,8100.0,405.4,413.4,409.4
2026-10-19,call,8125.0,1.45,1.85,1.65
2026-10-19,put,8125.0,430.0,438.0,434.0
2026-10-19,call,8150.0,1.2,1.6,1.4
2026-10-19,put,8150.0,454.6,462.6,458.6
2026-10-19,call,8175.0,1.0,1.35,1.175
2026-10-19,put,8175.0,479.4,487.4,483.4
2026-10-19,call,8200.0,0.85,1.2,1.025
2026-10-19,put,8200.0,504.1,512.1,508.1
2026-10-19,call,8225.0,0.7,1.05,0.875
2026-10-19,put,8225.0,528.9,536.9,532.9
2026-10-19,call,8250.0,0.6,0.95,0.7749999999999999
2026-10-19,put,8250.0,553.8,561.8,557.8
2026-10-19,call,8275.0,0.5,0.85,0.675
2026-10-19,put,8275.0,578.6,586.6,582.6
2026-10-19,call,8300.0,0.45,0.75,0.6
2026-10-19,put,8300.0,603.5,611.5,607.5
2026-10-19,call,8400.0,0.25,0.5,0.375
2026-10-19,put,8400.0,703.0,711.0,707.0
2026-10-19,call,8500.0,0.1,0.4,0.25
2026-10-19,put,8500.0,802.7,810.7,806.7
2026-10-19,call,8600.0,0.05,0.3,0.175
2026-10-19,put,8600.0,902.4,910.4,906.4
2026-10-19,put,8800.0,1101.8,1109.8,1105.8
2026-10-19,put,9000.0,1301.3,1309.3,1305.3
2026-10-19,put,9200.0,1500.8,1508.8,1504.8
2026-10-19,put,9400.0,1700.3,1708.3,1704.3
2026-10-19,put,9600.0,1899.8,1907.8,1903.8
2026-10-19,put,9800.0,2099.3,2107.3,2103.3
2026-10-19,put,10000.0,2298.9,2306.9,2302.9
2026-10-20,call,3200.0,4477.3,4485.3,4481.3
2026-10-20,call,3400.0,4277.8,4285.8,4281.8
2026-10-20,call,3600.0,4078.3,4086.3,4082.3
2026-10-20,call,3800.0,3878.8,3886.8,3882.8
2026-10-20,call,4000.0,3679.3,3687.3,3683.3
2026-10-20,call,4200.0,3479.9,3487.9,3483.9
2026-10-20,call,4400.0,3280.4,3288.4,3284.4
2026-10-20,put,4400.0,0.05,0.3,0.175
2026-10-20,call,4600.0,3081.0,3089.0,3085.0
2026-10-20,put,4600.0,0.1,0.35,0.22499999999999998
2026-10-20,call,4800.0,2881.5,2889.5,2885.5
2026-10-20,put,4800.0,0.15,0.4,0.275
2026-10-20,call,5000.0,2682.1,2690.1,2686.1
2026-10-20,put,5000.0,0.25,0.5,0.375
2026-10-20,call,5200.0,2482.8,2490.8,2486.8
2026-10-20,put,5200.0,0.35,0.6,0.475
2026-10-20,call,5400.0,2283.4,2291.4,2287.4
2026-10-20,put,5400.0,0.5,0.75,0.625
2026-10-20,call,5600.0,2084.1,2092.1,2088.1
2026-10-20,put,5600.0,0.7,1.0,0.85
2026-10-20,call,5800.0,1884.9,1892.9,1888.9
2026-10-20,put,5800.0,0.95,1.25,1.1
2026-10-20,call,6000.0,1685.7,1693.7,1689.7
2026-10-20,put,6000.0,1.3,1.6,1.4500000000000002
2026-10-20,call,6100.0,1586.2,1594.2,1590.2
2026-10-20,put,6100.0,1.5,1.85,1.675
2026-10-20,call,6200.0,1486.7,1494.7,1490.7
2026-10-20,put,6200.0,1.75,2.1,1.925
2026-10-20,call,6300.0,1387.2,1395.2,1391.2
2026-10-20,put,6300.0,2.0,2.35,2.175
2026-10-20,call,6400.0,1287.8,1295.8,1291.8
2026-10-20,put,6400.0,2.3,2.7,2.5
2026-10-20,call,6500.0,1188.5,1196.5,1192.5
2026-10-20,put,6500.0,2.7,3.1,2.9000000000000004
2026-10-20,call,6525.0,1163.6,1171.6,1167.6
2026-10-20,put,6525.0,2.8,3.2,3.0
2026-10-20,call,6550.0,1138.8,1146.8,1142.8
2026-10-20,put,6550.0,2.9,3.3,3.0999999999999996
2026-10-20,call,6575.0,1114.0,1122.0,1118.0
2026-10-20,put,6575.0,3.0,3.4,3.2
2026-10-20,call,6600.0,1089.2,1097.2,1093.2
2026-10-20,put,6600.0,3.1,3.6,3.35
2026-10-20,call,6625.0,1064.4,1072.4,1068.4
2026-10-20,put,6625.0,3.3,3.7,3.5
2026-10-20,call,6650.0,1039.6,1047.6,1043.6
2026-10-20,put,6650.0,3.4,3.8,3.5999999999999996
2026-10-20,call,6675.0,1014.8,1022.8,1018.8
2026-10-20,put,6675.0,3.5,4.0,3.75
2026-10-20,call,6700.0,990.0,998.0,994.0
2026-10-20,put,6700.0,3.7,4.1,3.9
2026-10-20,call,6725.0,965.3,973.3,969.3
2026-10-20,put,6725.0,3.9,4.3,4.1
2026-10-20,call,6750.0,940.5,948.5,944.5
2026-10-20,put,6750.0,4.0,4.5,4.25
2026-10-20,call,6775.0,915.7,923.7,919.7
2026-10-20,put,6775.0,4.2,4.7,4.45
2026-10-20,call,6800.0,891.0,899.0,895.0
2026-10-20,put,6800.0,4.4,4.9,4.65
2026-10-20,call,6825.0,866.3,874.3,870.3
2026-10-20,put,6825.0,4.6,5.1,4.85
2026-10-20,call,6850.0,841.6,849.6,845.6
2026-10-20,put,6850.0,4.9,5.3,5.1
2026-10-20,call,6875.0,816.9,824.9,820.9
2026-10-20,put,6875.0,5.1,5.6,5.35
2026-10-20,call,6900.0,792.2,800.2,796.2
2026-10-20,put,6900.0,5.4,5.9,5.65
2026-10-20,call,6925.0,767.6,775.6,771.6
2026-10-20,put,6925.0,5.7,6.2,5.95
2026-10-20,call,6950.0,743.0,751.0,747.0
2026-10-20,put,6950.0,6.0,6.5,6.25
2026-10-20,call,6975.0,718.4,726.4,722.4
2026-10-20,put,6975.0,6.4,6.9,6.65
2026-10-20,call,7000.0,693.8,701.8,697.8
2026-10-20,put,7000.0,6.8,7.3,7.05
2026-10-20,call,7025.0,669.3,677.3,673.3
2026-10-20,put,7025.0,7.2,7.7,7.45
2026-10-20,call,7050.0,644.8,652.8,648.8
2026-10-20,put,7050.0,7.7,8.2,7.949999999999999
2026-10-20,call,7075.0,620.4,628.4,624.4
2026-10-20,put,7075.0,8.2,8.7,8.45
2026-10-20,call,7100.0,596.1,604.1,600.1
2026-10-20,put,7100.0,8.8,9.3,9.05
2026-10-20,call,7125.0,572.2,580.2,576.2
2026-10-20,put,7125.0,9.5,9.9,9.7
2026-10-20,call,7150.0,547.6,555.6,551.6
2026-10-20,put,7150.0,10.2,10.7,10.45
2026-10-20,call,7175.0,523.9,531.9,527.9
2026-10-20,put,7175.0,11.0,11.5,11.25
2026-10-20,call,7200.0,499.9,507.9,503.9
2026-10-20,put,7200.0,12.0,12.5,12.25
2026-10-20,call,7225.0,476.0,484.0,480.0
2026-10-20,put,7225.0,13.0,13.5,13.25
2026-10-20,call,7250.0,452.3,460.3,456.3
2026-10-20,put,7250.0,14.2,14.7,14.45
2026-10-20,call,7275.0,429.3,435.9,432.6
2026-10-20,put,7275.0,15.4,16.2,15.8
2026-10-20,call,7300.0,405.4,412.0,408.7
2026-10-20,put,7300.0,17.1,17.5,17.3
2026-10-20,call,7325.0,382.7,389.1,385.9
2026-10-20,put,7325.0,18.6,19.4,19.0
2026-10-20,call,7350.0,359.7,365.6,362.65
2026-10-20,put,7350.0,20.7,21.0,20.85
2026-10-20,call,7375.0,336.5,342.8,339.65
2026-10-20,put,7375.0,22.7,23.5,23.1
2026-10-20,call,7380.0,332.0,338.3,335.15
2026-10-20,put,7380.0,23.1,24.1,23.6
2026-10-20,call,7390.0,323.4,329.3,326.35
2026-10-20,put,7390.0,24.0,25.0,24.5
2026-10-20,call,7400.0,314.0,320.3,317.15
2026-10-20,put,7400.0,25.0,26.0,25.5
2026-10-20,call,7410.0,305.6,311.3,308.45000000000005
2026-10-20,put,7410.0,26.2,27.1,26.65
2026-10-20,call,7420.0,296.8,302.5,299.65
2026-10-20,put,7420.0,27.3,28.2,27.75
2026-10-20,call,7425.0,292.4,298.1,295.25
2026-10-20,put,7425.0,27.8,28.8,28.3
2026-10-20,call,7430.0,288.0,293.7,290.85
2026-10-20,put,7430.0,28.4,29.4,28.9
2026-10-20,call,7440.0,278.8,284.9,281.85
2026-10-20,put,7440.0,29.6,30.6,30.1
2026-10-20,call,7450.0,270.1,276.6,273.35
2026-10-20,put,7450.0,31.1,31.6,31.35
2026-10-20,call,7460.0,261.9,268.0,264.95
2026-10-20,put,7460.0,32.3,33.3,32.8
2026-10-20,call,7470.0,253.6,259.5,256.55
2026-10-20,put,7470.0,33.7,34.7,34.2
2026-10-20,call,7475.0,249.2,254.7,251.95
2026-10-20,put,7475.0,34.4,35.4,34.9
2026-10-20,call,7480.0,244.6,250.5,247.55
2026-10-20,put,7480.0,35.2,36.2,35.7
2026-10-20,call,7490.0,236.2,242.0,239.1
2026-10-20,put,7490.0,36.7,37.7,37.2
2026-10-20,call,7500.0,228.4,233.7,231.05
2026-10-20,put,7500.0,38.4,39.4,38.9
2026-10-20,call,7510.0,220.1,225.8,222.95
2026-10-20,put,7510.0,40.1,41.1,40.6
2026-10-20,call,7520.0,211.5,217.2,214.35
2026-10-20,put,7520.0,41.9,42.9,42.4
2026-10-20,call,7525.0,207.9,213.6,210.75
2026-10-20,put,7525.0,42.9,43.9,43.4
2026-10-20,call,7530.0,203.5,209.5,206.5
2026-10-20,put,7530.0,43.8,44.8,44.3
2026-10-20,call,7540.0,196.0,201.0,198.5
2026-10-20,put,7540.0,45.8,46.8,46.3
2026-10-20,call,7550.0,188.2,193.2,190.7
2026-10-20,put,7550.0,47.9,48.9,48.4
2026-10-20,call,7560.0,180.4,185.4,182.9
2026-10-20,put,7560.0,50.1,51.1,50.6
2026-10-20,call,7570.0,174.1,177.1,175.6
2026-10-20,put,7570.0,52.3,53.4,52.849999999999994
2026-10-20,call,7575.0,169.9,173.3,171.60000000000002
2026-10-20,put,7575.0,53.5,54.6,54.05
2026-10-20,call,7580.0,166.1,169.5,167.8
2026-10-20,put,7580.0,54.7,56.0,55.35
2026-10-20,call,7590.0,158.7,162.0,160.35
2026-10-20,put,7590.0,57.1,58.6,57.85
2026-10-20,call,7600.0,151.5,154.7,153.1
2026-10-20,put,7600.0,60.2,60.8,60.5
2026-10-20,call,7610.0,144.3,147.5,145.9
2026-10-20,put,7610.0,62.6,64.1,63.349999999999994
2026-10-20,call,7620.0,137.3,140.5,138.9
2026-10-20,put,7620.0,65.7,67.0,66.35
2026-10-20,call,7625.0,133.8,137.0,135.4
2026-10-20,put,7625.0,67.2,68.6,67.9
2026-10-20,call,7630.0,130.4,133.6,132.0
2026-10-20,put,7630.0,68.4,69.9,69.15
2026-10-20,call,7640.0,123.7,126.8,125.25
2026-10-20,put,7640.0,71.6,73.1,72.35
2026-10-20,call,7650.0,118.3,119.1,118.69999999999999
2026-10-20,put,7650.0,75.5,76.2,75.85
2026-10-20,call,7660.0,111.6,112.8,112.19999999999999
2026-10-20,put,7660.0,78.6,80.2,79.4
2026-10-20,call,7670.0,105.2,106.6,105.9
2026-10-20,put,7670.0,82.4,83.8,83.1
2026-10-20,call,7675.0,102.2,103.6,102.9
2026-10-20,put,7675.0,84.3,85.8,85.05
2026-10-20,call,7680.0,99.1,100.5,99.8
2026-10-20,put,7680.0,86.0,87.8,86.9
2026-10-20,call,7690.0,93.1,94.9,94.0
2026-10-20,put,7690.0,90.3,91.7,91.0
2026-10-20,call,7700.0,87.4,88.8,88.1
2026-10-20,put,7700.0,94.8,95.5,95.15
2026-10-20,call,7710.0,81.9,83.2,82.55000000000001
2026-10-20,put,7710.0,98.7,100.6,99.65
2026-10-20,call,7720.0,76.5,77.9,77.2
2026-10-20,put,7720.0,102.9,105.5,104.2
2026-10-20,call,7725.0,73.9,75.3,74.6
2026-10-20,put,7725.0,105.5,108.4,106.95
2026-10-20,call,7730.0,71.3,72.7,72.0
2026-10-20,put,7730.0,107.9,111.0,109.45
2026-10-20,call,7740.0,66.4,67.8,67.1
2026-10-20,put,7740.0,112.9,116.0,114.45
2026-10-20,call,7750.0,62.0,62.6,62.3
2026-10-20,put,7750.0,118.7,119.7,119.2
2026-10-20,call,7760.0,57.1,58.5,57.8
2026-10-20,put,7760.0,123.6,126.7,125.15
2026-10-20,call,7770.0,52.8,54.1,53.45
2026-10-20,put,7770.0,129.2,132.1,130.64999999999998
2026-10-20,call,7775.0,50.7,52.1,51.400000000000006
2026-10-20,put,7775.0,132.1,135.0,133.55
2026-10-20,call,7780.0,49.1,50.1,49.6
2026-10-20,put,7780.0,135.1,137.9,136.5
2026-10-20,call,7790.0,45.2,46.1,45.650000000000006
2026-10-20,put,7790.0,141.2,144.0,142.6
2026-10-20,call,7800.0,41.5,42.1,41.8
2026-10-20,put,7800.0,147.5,150.3,148.9
2026-10-20,call,7810.0,38.1,38.9,38.5
2026-10-20,put,7810.0,154.0,156.7,155.35
2026-10-20,call,7820.0,34.8,35.7,35.25
2026-10-20,put,7820.0,159.8,164.8,162.3
2026-10-20,call,7825.0,33.3,34.2,33.75
2026-10-20,put,7825.0,163.3,168.0,165.65
2026-10-20,call,7830.0,31.7,32.7,32.2
2026-10-20,put,7830.0,166.8,171.6,169.2
2026-10-20,call,7840.0,29.0,29.9,29.45
2026-10-20,put,7840.0,174.0,179.0,176.5
2026-10-20,call,7850.0,26.5,27.0,26.75
2026-10-20,put,7850.0,181.3,186.3,183.8
2026-10-20,call,7860.0,23.9,24.8,24.35
2026-10-20,put,7860.0,188.9,193.9,191.4
2026-10-20,call,7870.0,21.7,22.6,22.15
2026-10-20,put,7870.0,196.6,201.6,199.1
2026-10-20,call,7875.0,20.6,21.5,21.05
2026-10-20,put,7875.0,200.5,205.5,203.0
2026-10-20,call,7880.0,19.6,20.5,20.05
2026-10-20,put,7880.0,203.4,209.9,206.65
2026-10-20,call,7890.0,17.7,18.6,18.15
2026-10-20,put,7890.0,212.0,218.1,215.05
2026-10-20,call,7900.0,16.0,16.8,16.4
2026-10-20,put,7900.0,220.2,226.4,223.3
2026-10-20,call,7910.0,14.7,15.2,14.95
2026-10-20,put,7910.0,228.6,234.8,231.7
2026-10-20,call,7920.0,13.2,13.7,13.45
2026-10-20,put,7920.0,237.1,243.4,240.25
2026-10-20,call,7925.0,12.5,13.0,12.75
2026-10-20,put,7925.0,241.4,247.8,244.60000000000002
2026-10-20,call,7950.0,9.6,10.1,9.85
2026-10-20,put,7950.0,262.8,269.3,266.05
2026-10-20,call,7975.0,7.4,7.9,7.65
2026-10-20,put,7975.0,285.4,293.4,289.4
2026-10-20,call,8000.0,5.7,6.1,5.9
2026-10-20,put,8000.0,308.6,316.6,312.6
2026-10-20,call,8025.0,4.2,4.8,4.5
2026-10-20,put,8025.0,332.2,340.2,336.2
2026-10-20,call,8050.0,3.3,3.8,3.55
2026-10-20,put,8050.0,356.2,364.2,360.2
2026-10-20,call,8075.0,2.6,3.1,2.85
2026-10-20,put,8075.0,380.4,388.4,384.4
2026-10-20,call,8100.0,2.15,2.55,2.3499999999999996
2026-10-20,put,8100.0,404.8,412.8,408.8
2026-10-20,call,8125.0,1.75,2.1,1.925
2026-10-20,put,8125.0,429.3,437.3,433.3
2026-10-20,call,8150.0,1.45,1.8,1.625
2026-10-20,put,8150.0,453.9,461.9,457.9
2026-10-20,call,8175.0,1.2,1.55,1.375
2026-10-20,put,8175.0,478.6,486.6,482.6
2026-10-20,call,8200.0,1.0,1.35,1.175
2026-10-20,put,8200.0,503.4,511.4,507.4
2026-10-20,call,8225.0,0.8,1.2,1.0
2026-10-20,put,8225.0,528.1,536.1,532.1
2026-10-20,call,8250.0,0.7,1.05,0.875
2026-10-20,put,8250.0,552.9,560.9,556.9
2026-10-20,call,8275.0,0.6,0.95,0.7749999999999999
2026-10-20,put,8275.0,577.8,585.8,581.8
2026-10-20,call,8300.0,0.5,0.85,0.675
2026-10-20,put,8300.0,602.6,610.6,606.6
2026-10-20,call,8400.0,0.25,0.55,0.4
2026-10-20,put,8400.0,702.1,710.1,706.1
2026-10-20,call,8500.0,0.1,0.4,0.25
2026-10-20,put,8500.0,801.7,809.7,805.7
2026-10-20,call,8600.0,0.05,0.3,0.175
2026-10-20,put,8600.0,901.4,909.4,905.4
2026-10-20,put,8800.0,1100.8,1108.8,1104.8
2026-10-20,put,9000.0,1300.3,1308.3,1304.3
2026-10-20,put,9200.0,1499.8,1507.8,1503.8
2026-10-20,put,9400.0,1699.3,1707.3,1703.3
2026-10-20,put,9600.0,1898.7,1906.7,1902.7
2026-10-20,put,9800.0,2098.2,2106.2,2102.2
2026-10-20,put,10000.0,2297.7,2305.7,2301.7
2026-10-21,call,3200.0,4477.5,4485.5,4481.5
2026-10-21,call,3400.0,4278.0,4286.0,4282.0
2026-10-21,call,3600.0,4078.6,4086.6,4082.6
2026-10-21,call,3800.0,3879.1,3887.1,3883.1
2026-10-21,call,4000.0,3679.7,3687.7,3683.7
2026-10-21,call,4200.0,3480.3,3488.3,3484.3
2026-10-21,put,4200.0,0.05,0.25,0.15
2026-10-21,call,4400.0,3280.8,3288.8,3284.8
2026-10-21,put,4400.0,0.1,0.3,0.2
2026-10-21,call,4600.0,3081.4,3089.4,3085.4
2026-10-21,put,4600.0,0.15,0.35,0.25
2026-10-21,call,4800.0,2882.0,2890.0,2886.0
2026-10-21,put,4800.0,0.2,0.45,0.325
2026-10-21,call,5000.0,2682.6,2690.6,2686.6
2026-10-21,put,5000.0,0.3,0.55,0.42500000000000004
2026-10-21,call,5200.0,2483.3,2491.3,2487.3
2026-10-21,put,5200.0,0.4,0.65,0.525
2026-10-21,call,5400.0,2284.0,2292.0,2288.0
2026-10-21,put,5400.0,0.55,0.85,0.7
2026-10-21,call,5600.0,2084.7,2092.7,2088.7
2026-10-21,put,5600.0,0.8,1.1,0.9500000000000001
2026-10-21,call,5800.0,1885.5,1893.5,1889.5
2026-10-21,put,5800.0,1.1,1.4,1.25
2026-10-21,call,6000.0,1686.5,1694.5,1690.5
2026-10-21,put,6000.0,1.45,1.8,1.625
2026-10-21,call,6100.0,1587.0,1595.0,1591.0
2026-10-21,put,6100.0,1.7,2.0,1.85
2026-10-21,call,6200.0,1487.5,1495.5,1491.5
2026-10-21,put,6200.0,1.95,2.3,2.125
2026-10-21,call,6300.0,1388.1,1396.1,1392.1
2026-10-21,put,6300.0,2.25,2.6,2.425
2026-10-21,call,6400.0,1288.7,1296.7,1292.7
2026-10-21,put,6400.0,2.55,2.95,2.75
2026-10-21,call,6500.0,1189.4,1197.4,1193.4
2026-10-21,put,6500.0,3.0,3.4,3.2
2026-10-21,call,6525.0,1164.6,1172.6,1168.6
2026-10-21,put,6525.0,3.1,3.5,3.3
2026-10-21,call,6550.0,1139.8,1147.8,1143.8
2026-10-21,put,6550.0,3.2,3.7,3.45
2026-10-21,call,6575.0,1115.0,1123.0,1119.0
2026-10-21,put,6575.0,3.3,3.8,3.55
2026-10-21,call,6600.0,1090.2,1098.2,1094.2
2026-10-21,put,6600.0,3.5,3.9,3.7
2026-10-21,call,6625.0,1065.4,1073.4,1069.4
2026-10-21,put,6625.0,3.6,4.1,3.8499999999999996
2026-10-21,call,6650.0,1040.6,1048.6,1044.6
2026-10-21,put,6650.0,3.8,4.2,4.0
2026-10-21,call,6675.0,1015.8,1023.8,1019.8
2026-10-21,put,6675.0,3.9,4.4,4.15
2026-10-21,call,6700.0,991.1,999.1,995.1
2026-10-21,put,6700.0,4.1,4.6,4.35
2026-10-21,call,6725.0,966.3,974.3,970.3
2026-10-21,put,6725.0,4.3,4.7,4.5
2026-10-21,call,6750.0,941.6,949.6,945.6
2026-10-21,put,6750.0,4.5,4.9,4.7
2026-10-21,call,6775.0,916.9,924.9,920.9
2026-10-21,put,6775.0,4.7,5.2,4.95
2026-10-21,call,6800.0,892.1,900.1,896.1
2026-10-21,put,6800.0,4.9,5.4,5.15
2026-10-21,call,6825.0,867.4,875.4,871.4
2026-10-21,put,6825.0,5.2,5.6,5.4
2026-10-21,call,6850.0,842.8,850.8,846.8
2026-10-21,put,6850.0,5.4,5.9,5.65
2026-10-21,call,6875.0,818.1,826.1,822.1
2026-10-21,put,6875.0,5.7,6.2,5.95
2026-10-21,call,6900.0,793.5,801.5,797.5
2026-10-21,put,6900.0,6.0,6.5,6.25
2026-10-21,call,6925.0,768.9,776.9,772.9
2026-10-21,put,6925.0,6.3,6.8,6.55
2026-10-21,call,6950.0,744.3,752.3,748.3
2026-10-21,put,6950.0,6.7,7.2,6.95
2026-10-21,call,6975.0,719.7,727.7,723.7
2026-10-21,put,6975.0,7.1,7.6,7.35
2026-10-21,call,7000.0,695.2,703.2,699.2
2026-10-21,put,7000.0,7.5,8.0,7.75
2026-10-21,call,7025.0,670.8,678.8,674.8
2026-10-21,put,7025.0,8.0,8.5,8.25
2026-10-21,call,7050.0,646.3,654.3,650.3
2026-10-21,put,7050.0,8.5,9.0,8.75
2026-10-21,call,7075.0,622.4,630.4,626.4
2026-10-21,put,7075.0,9.1,9.6,9.35
2026-10-21,call,7100.0,597.7,605.7,601.7
2026-10-21,put,7100.0,9.7,10.2,9.95
2026-10-21,call,7125.0,573.9,581.9,577.9
2026-10-21,put,7125.0,10.5,10.9,10.7
2026-10-21,call,7150.0,549.4,557.4,553.4
2026-10-21,put,7150.0,11.2,11.7,11.45
2026-10-21,call,7175.0,525.7,533.7,529.7
2026-10-21,put,7175.0,12.1,12.6,12.35
2026-10-21,call,7200.0,501.8,509.8,505.8
2026-10-21,put,7200.0,13.2,13.7,13.45
2026-10-21,call,7225.0,478.0,486.0,482.0
2026-10-21,put,7225.0,14.3,14.8,14.55
2026-10-21,call,7250.0,454.5,461.1,457.8
2026-10-21,put,7250.0,15.4,16.2,15.8
2026-10-21,call,7275.0,431.0,437.6,434.3
2026-10-21,put,7275.0,16.8,17.5,17.15
2026-10-21,call,7300.0,407.7,414.2,410.95
2026-10-21,put,7300.0,18.7,19.0,18.85
2026-10-21,call,7325.0,384.6,391.0,387.8
2026-10-21,put,7325.0,20.2,21.1,20.65
2026-10-21,call,7350.0,362.3,368.7,365.5
2026-10-21,put,7350.0,22.4,22.8,22.6
2026-10-21,call,7375.0,339.1,345.4,342.25
2026-10-21,put,7375.0,24.4,25.2,24.799999999999997
2026-10-21,call,7380.0,334.6,341.3,337.95000000000005
2026-10-21,put,7380.0,24.9,25.8,25.35
2026-10-21,call,7390.0,325.6,331.9,328.75
2026-10-21,put,7390.0,25.9,26.8,26.35
2026-10-21,call,7400.0,316.7,322.9,319.79999999999995
2026-10-21,put,7400.0,27.2,27.6,27.4
2026-10-21,call,7410.0,307.9,314.0,310.95
2026-10-21,put,7410.0,28.0,28.9,28.45
2026-10-21,call,7420.0,299.4,305.2,302.29999999999995
2026-10-21,put,7420.0,29.2,30.1,29.65
2026-10-21,call,7425.0,294.7,300.8,297.75
2026-10-21,put,7425.0,29.8,30.7,30.25
2026-10-21,call,7430.0,290.3,296.4,293.35
2026-10-21,put,7430.0,30.5,31.4,30.95
2026-10-21,call,7440.0,281.6,287.7,284.65
2026-10-21,put,7440.0,31.7,32.6,32.15
2026-10-21,call,7450.0,273.4,279.4,276.4
2026-10-21,put,7450.0,33.3,33.7,33.5
2026-10-21,call,7460.0,264.5,270.4,267.45
2026-10-21,put,7460.0,34.5,35.4,34.95
2026-10-21,call,7470.0,256.0,262.3,259.15
2026-10-21,put,7470.0,35.9,36.9,36.4
2026-10-21,call,7475.0,252.3,258.2,255.25
2026-10-21,put,7475.0,36.6,37.6,37.1
2026-10-21,call,7480.0,247.6,253.4,250.5
2026-10-21,put,7480.0,37.4,38.4,37.9
2026-10-21,call,7490.0,239.6,245.0,242.3
2026-10-21,put,7490.0,39.0,40.0,39.5
2026-10-21,call,7500.0,231.4,237.2,234.3
2026-10-21,put,7500.0,40.9,41.4,41.15
2026-10-21,call,7510.0,223.2,228.9,226.05
2026-10-21,put,7510.0,42.4,43.4,42.9
2026-10-21,call,7520.0,214.7,220.3,217.5
2026-10-21,put,7520.0,44.3,45.3,44.8
2026-10-21,call,7525.0,211.1,216.7,213.89999999999998
2026-10-21,put,7525.0,45.2,46.2,45.7
2026-10-21,call,7530.0,207.0,212.2,209.6
2026-10-21,put,7530.0,46.3,47.2,46.75
2026-10-21,call,7540.0,199.2,204.2,201.7
2026-10-21,put,7540.0,48.2,49.2,48.7
2026-10-21,call,7550.0,191.4,196.4,193.9
2026-10-21,put,7550.0,50.6,51.2,50.900000000000006
2026-10-21,call,7560.0,184.6,188.0,186.3
2026-10-21,put,7560.0,52.4,53.8,53.099999999999994
2026-10-21,call,7570.0,177.0,180.4,178.7
2026-10-21,put,7570.0,54.8,56.3,55.55
2026-10-21,call,7575.0,173.2,176.6,174.89999999999998
2026-10-21,put,7575.0,56.0,57.2,56.6
2026-10-21,call,7580.0,169.5,172.8,171.15
2026-10-21,put,7580.0,57.3,58.6,57.95
2026-10-21,call,7590.0,162.1,165.4,163.75
2026-10-21,put,7590.0,59.7,61.3,60.5
2026-10-21,call,7600.0,154.9,158.1,156.5
2026-10-21,put,7600.0,62.8,63.4,63.099999999999994
2026-10-21,call,7610.0,147.7,150.9,149.3
2026-10-21,put,7610.0,65.2,66.8,66.0
2026-10-21,call,7620.0,140.7,143.9,142.3
2026-10-21,put,7620.0,68.0,69.7,68.85
2026-10-21,call,7625.0,137.3,140.4,138.85000000000002
2026-10-21,put,7625.0,69.6,71.1,70.35
2026-10-21,call,7630.0,133.8,137.0,135.4
2026-10-21,put,7630.0,71.2,72.6,71.9
2026-10-21,call,7640.0,127.1,130.3,128.7
2026-10-21,put,7640.0,74.4,75.8,75.1
2026-10-21,call,7650.0,121.7,122.5,122.1
2026-10-21,put,7650.0,78.2,78.8,78.5
2026-10-21,call,7660.0,115.0,116.2,115.6
2026-10-21,put,7660.0,81.3,82.9,82.1
2026-10-21,call,7670.0,108.8,110.0,109.4
2026-10-21,put,7670.0,85.0,86.5,85.75
2026-10-21,call,7675.0,105.6,106.9,106.25
2026-10-21,put,7675.0,86.9,88.3,87.6
2026-10-21,call,7680.0,102.6,104.0,103.3
2026-10-21,put,7680.0,88.9,90.4,89.65
2026-10-21,call,7690.0,96.6,97.9,97.25
2026-10-21,put,7690.0,92.9,94.4,93.65
2026-10-21,call,7700.0,91.1,91.8,91.44999999999999
2026-10-21,put,7700.0,97.4,98.1,97.75
2026-10-21,call,7710.0,85.3,86.5,85.9
2026-10-21,put,7710.0,101.5,103.2,102.35
2026-10-21,call,7720.0,79.9,81.1,80.5
2026-10-21,put,7720.0,105.9,108.6,107.25
2026-10-21,call,7725.0,77.2,78.5,77.85
2026-10-21,put,7725.0,108.0,110.9,109.45
2026-10-21,call,7730.0,74.7,75.9,75.30000000000001
2026-10-21,put,7730.0,110.4,113.4,111.9
2026-10-21,call,7740.0,69.7,70.9,70.30000000000001
2026-10-21,put,7740.0,115.4,118.4,116.9
2026-10-21,call,7750.0,64.9,66.1,65.5
2026-10-21,put,7750.0,121.1,122.1,121.6
2026-10-21,call,7760.0,60.3,61.5,60.9
2026-10-21,put,7760.0,125.9,128.9,127.4
2026-10-21,call,7770.0,55.9,57.1,56.5
2026-10-21,put,7770.0,131.5,134.5,133.0
2026-10-21,call,7775.0,53.8,55.0,54.4
2026-10-21,put,7775.0,134.4,137.2,135.8
2026-10-21,call,7780.0,51.8,52.9,52.349999999999994
2026-10-21,put,7780.0,137.3,140.1,138.7
2026-10-21,call,7790.0,48.1,49.1,48.6
2026-10-21,put,7790.0,143.3,146.1,144.7
2026-10-21,call,7800.0,44.3,44.9,44.599999999999994
2026-10-21,put,7800.0,149.5,152.2,150.85
2026-10-21,call,7810.0,40.8,41.6,41.2
2026-10-21,put,7810.0,155.9,158.6,157.25
2026-10-21,call,7820.0,37.4,38.3,37.849999999999994
2026-10-21,put,7820.0,161.7,166.7,164.2
2026-10-21,call,7825.0,35.8,36.7,36.25
2026-10-21,put,7825.0,165.1,170.1,167.6
2026-10-21,call,7830.0,34.3,35.1,34.7
2026-10-21,put,7830.0,168.5,173.5,171.0
2026-10-21,call,7840.0,31.4,32.3,31.849999999999998
2026-10-21,put,7840.0,175.5,180.5,178.0
2026-10-21,call,7850.0,28.7,29.2,28.95
2026-10-21,put,7850.0,182.8,187.8,185.3
2026-10-21,call,7860.0,26.1,27.0,26.55
2026-10-21,put,7860.0,190.2,195.1,192.64999999999998
2026-10-21,call,7870.0,23.7,24.5,24.1
2026-10-21,put,7870.0,197.8,202.8,200.3
2026-10-21,call,7875.0,22.6,23.5,23.05
2026-10-21,put,7875.0,201.3,206.3,203.8
2026-10-21,call,7880.0,21.5,22.5,22.0
2026-10-21,put,7880.0,205.1,211.1,208.1
2026-10-21,call,7890.0,19.5,20.4,19.95
2026-10-21,put,7890.0,213.1,219.1,216.1
2026-10-21,call,7900.0,17.9,18.3,18.1
2026-10-21,put,7900.0,221.2,227.3,224.25
2026-10-21,call,7925.0,13.9,14.4,14.15
2026-10-21,put,7925.0,242.1,248.4,245.25
2026-10-21,call,7950.0,10.8,11.3,11.05
2026-10-21,put,7950.0,263.3,270.3,266.8
2026-10-21,call,7975.0,8.3,8.8,8.55
2026-10-21,put,7975.0,286.3,292.9,289.6
2026-10-21,call,8000.0,6.5,7.0,6.75
2026-10-21,put,8000.0,308.5,316.5,312.5
2026-10-21,call,8025.0,4.9,5.5,5.2
2026-10-21,put,8025.0,332.0,340.0,336.0
2026-10-21,call,8050.0,3.8,4.4,4.1
2026-10-21,put,8050.0,355.9,363.9,359.9
2026-10-21,call,8075.0,3.0,3.5,3.25
2026-10-21,put,8075.0,380.0,388.0,384.0
2026-10-21,call,8100.0,2.45,2.85,2.6500000000000004
2026-10-21,put,8100.0,404.3,412.3,408.3
2026-10-21,call,8125.0,2.0,2.4,2.2
2026-10-21,put,8125.0,428.7,436.7,432.7
2026-10-21,call,8150.0,1.65,2.0,1.825
2026-10-21,put,8150.0,453.3,461.3,457.3
2026-10-21,call,8175.0,1.35,1.7,1.525
2026-10-21,put,8175.0,478.0,486.0,482.0
2026-10-21,call,8200.0,1.1,1.5,1.3
2026-10-21,put,8200.0,502.7,510.7,506.7
2026-10-21,call,8225.0,0.95,1.3,1.125
2026-10-21,put,8225.0,527.4,535.4,531.4
2026-10-21,call,8250.0,0.8,1.15,0.975
2026-10-21,put,8250.0,552.2,560.2,556.2
2026-10-21,call,8275.0,0.7,1.0,0.85
2026-10-21,put,8275.0,577.0,585.0,581.0
2026-10-21,call,8300.0,0.6,0.9,0.75
2026-10-21,put,8300.0,601.8,609.8,605.8
2026-10-21,call,8400.0,0.3,0.6,0.44999999999999996
2026-10-21,put,8400.0,701.3,709.3,705.3
2026-10-21,call,8500.0,0.15,0.45,0.3
2026-10-21,put,8500.0,800.9,808.9,804.9
2026-10-21,call,8600.0,0.05,0.35,0.19999999999999998
2026-10-21,put,8600.0,900.6,908.6,904.6
2026-10-21,put,8800.0,1099.9,1107.9,1103.9
2026-10-21,put,9000.0,1299.4,1307.4,1303.4
2026-10-21,put,9200.0,1498.8,1506.8,1502.8
2026-10-21,put,9400.0,1698.3,1706.3,1702.3
2026-10-21,put,9600.0,1897.7,1905.7,1901.7
2026-10-21,put,9800.0,2097.2,2105.2,2101.2
2026-10-21,put,10000.0,2296.7,2304.7,2300.7
2026-10-22,call,3200.0,4477.8,4485.8,4481.8
2026-10-22,call,3400.0,4278.4,4286.4,4282.4
2026-10-22,call,3600.0,4079.0,4087.0,4083.0
2026-10-22,call,3800.0,3879.5,3887.5,3883.5
2026-10-22,call,4000.0,3680.1,3688.1,3684.1
2026-10-22,call,4200.0,3480.7,3488.7,3484.7
2026-10-22,put,4200.0,0.05,0.25,0.15
2026-10-22,call,4400.0,3281.3,3289.3,3285.3
2026-10-22,put,4400.0,0.1,0.35,0.22499999999999998
2026-10-22,call,4600.0,3081.9,3089.9,3085.9
2026-10-22,put,4600.0,0.15,0.4,0.275
2026-10-22,call,4800.0,2882.6,2890.6,2886.6
2026-10-22,put,4800.0,0.2,0.45,0.325
2026-10-22,call,5000.0,2683.2,2691.2,2687.2
2026-10-22,put,5000.0,0.35,0.6,0.475
2026-10-22,call,5200.0,2483.9,2491.9,2487.9
2026-10-22,put,5200.0,0.45,0.7,0.575
2026-10-22,call,5400.0,2284.6,2292.6,2288.6
2026-10-22,put,5400.0,0.65,0.9,0.775
2026-10-22,call,5600.0,2085.4,2093.4,2089.4
2026-10-22,put,5600.0,0.9,1.15,1.025
2026-10-22,call,5800.0,1886.3,1894.3,1890.3
2026-10-22,put,5800.0,1.25,1.45,1.35
2026-10-22,call,6000.0,1687.3,1695.3,1691.3
2026-10-22,put,6000.0,1.65,1.9,1.775
2026-10-22,call,6100.0,1587.8,1595.8,1591.8
2026-10-22,put,6100.0,1.9,2.15,2.025
2026-10-22,call,6200.0,1488.4,1496.4,1492.4
2026-10-22,put,6200.0,2.2,2.45,2.325
2026-10-22,call,6300.0,1389.0,1397.0,1393.0
2026-10-22,put,6300.0,2.55,2.8,2.675
2026-10-22,call,6400.0,1289.7,1297.7,1293.7
2026-10-22,put,6400.0,2.9,3.3,3.0999999999999996
2026-10-22,call,6500.0,1190.4,1198.4,1194.4
2026-10-22,put,6500.0,3.3,3.7,3.5
2026-10-22,call,6575.0,1116.0,1124.0,1120.0
2026-10-22,put,6575.0,3.7,4.1,3.9
2026-10-22,call,6600.0,1091.3,1099.3,1095.3
2026-10-22,put,6600.0,3.8,4.3,4.05
2026-10-22,call,6625.0,1066.5,1074.5,1070.5
2026-10-22,put,6625.0,4.0,4.4,4.2
2026-10-22,call,6650.0,1041.7,1049.7,1045.7
2026-10-22,put,6650.0,4.1,4.6,4.35
2026-10-22,call,6675.0,1017.0,1025.0,1021.0
2026-10-22,put,6675.0,4.3,4.8,4.55
2026-10-22,call,6700.0,992.2,1000.2,996.2
2026-10-22,put,6700.0,4.5,5.0,4.75
2026-10-22,call,6725.0,967.5,975.5,971.5
2026-10-22,put,6725.0,4.7,5.2,4.95
2026-10-22,call,6750.0,942.8,950.8,946.8
2026-10-22,put,6750.0,4.9,5.4,5.15
2026-10-22,call,6775.0,918.1,926.1,922.1
2026-10-22,put,6775.0,5.2,5.6,5.4
2026-10-22,call,6800.0,893.4,901.4,897.4
2026-10-22,put,6800.0,5.5,5.9,5.7
2026-10-22,call,6825.0,868.7,876.7,872.7
2026-10-22,put,6825.0,5.8,6.2,6.0
2026-10-22,call,6850.0,844.1,852.1,848.1
2026-10-22,put,6850.0,6.0,6.4,6.2
2026-10-22,call,6875.0,819.5,827.5,823.5
2026-10-22,put,6875.0,6.3,6.7,6.5
2026-10-22,call,6900.0,794.9,802.9,798.9
2026-10-22,put,6900.0,6.6,7.0,6.8
2026-10-22,call,6925.0,770.3,778.3,774.3
2026-10-22,put,6925.0,7.0,7.4,7.2
2026-10-22,call,6950.0,745.7,753.7,749.7
2026-10-22,put,6950.0,7.4,7.8,7.6
2026-10-22,call,6975.0,721.2,729.2,725.2
2026-10-22,put,6975.0,7.8,8.2,8.0
2026-10-22,call,7000.0,696.8,704.8,700.8
2026-10-22,put,7000.0,8.3,8.7,8.5
2026-10-22,call,7025.0,672.4,680.4,676.4
2026-10-22,put,7025.0,8.8,9.2,9.0
2026-10-22,call,7050.0,648.0,656.0,652.0
2026-10-22,put,7050.0,9.4,9.8,9.600000000000001
2026-10-22,call,7075.0,623.7,631.7,627.7
2026-10-22,put,7075.0,10.0,10.4,10.2
2026-10-22,call,7100.0,599.5,607.5,603.5
2026-10-22,put,7100.0,10.7,11.1,10.899999999999999
2026-10-22,call,7125.0,575.3,583.3,579.3
2026-10-22,put,7125.0,11.5,11.9,11.7
2026-10-22,call,7150.0,551.2,559.2,555.2
2026-10-22,put,7150.0,12.4,12.8,12.600000000000001
2026-10-22,call,7175.0,527.7,535.7,531.7
2026-10-22,put,7175.0,13.3,13.7,13.5
2026-10-22,call,7200.0,503.8,511.8,507.8
2026-10-22,put,7200.0,14.4,14.8,14.600000000000001
2026-10-22,call,7225.0,480.1,488.1,484.1
2026-10-22,put,7225.0,15.5,16.2,15.85
2026-10-22,call,7250.0,456.8,463.4,460.1
2026-10-22,put,7250.0,16.8,17.5,17.15
2026-10-22,call,7275.0,433.4,440.0,436.7
2026-10-22,put,7275.0,18.3,19.0,18.65
2026-10-22,call,7300.0,410.2,416.6,413.4
2026-10-22,put,7300.0,19.9,20.7,20.299999999999997
2026-10-22,call,7325.0,387.1,393.5,390.3
2026-10-22,put,7325.0,21.8,22.5,22.15
2026-10-22,call,7350.0,364.3,371.1,367.70000000000005
2026-10-22,put,7350.0,23.9,24.7,24.299999999999997
2026-10-22,call,7375.0,341.8,348.0,344.9
2026-10-22,put,7375.0,26.3,27.1,26.700000000000003
2026-10-22,call,7380.0,337.3,343.5,340.4
2026-10-22,put,7380.0,26.8,27.6,27.200000000000003
2026-10-22,call,7390.0,328.4,334.6,331.5
2026-10-22,put,7390.0,27.9,28.7,28.299999999999997
2026-10-22,call,7400.0,319.9,326.1,323.0
2026-10-22,put,7400.0,29.0,29.8,29.4
2026-10-22,call,7410.0,311.1,317.3,314.20000000000005
2026-10-22,put,7410.0,30.1,30.9,30.5
2026-10-22,call,7420.0,301.9,308.0,304.95
2026-10-22,put,7420.0,31.3,32.1,31.700000000000003
2026-10-22,call,7425.0,297.6,304.2,300.9
2026-10-22,put,7425.0,32.0,32.8,32.4
2026-10-22,call,7430.0,293.2,299.3,296.25
2026-10-22,put,7430.0,32.6,33.4,33.0
2026-10-22,call,7440.0,284.6,290.6,287.6
2026-10-22,put,7440.0,33.9,34.7,34.3
2026-10-22,call,7450.0,276.4,282.5,279.45
2026-10-22,put,7450.0,35.4,35.9,35.65
2026-10-22,call,7460.0,267.5,273.4,270.45
2026-10-22,put,7460.0,36.7,37.5,37.1
2026-10-22,call,7470.0,259.0,264.9,261.95
2026-10-22,put,7470.0,38.2,39.0,38.6
2026-10-22,call,7475.0,254.8,260.7,257.75
2026-10-22,put,7475.0,38.9,39.7,39.3
2026-10-22,call,7480.0,250.7,256.5,253.6
2026-10-22,put,7480.0,39.7,40.5,40.1
2026-10-22,call,7490.0,242.7,248.1,245.39999999999998
2026-10-22,put,7490.0,41.4,42.2,41.8
2026-10-22,call,7500.0,234.6,239.8,237.2
2026-10-22,put,7500.0,43.2,44.0,43.6
2026-10-22,call,7510.0,226.4,232.1,229.25
2026-10-22,put,7510.0,45.0,45.8,45.4
2026-10-22,call,7520.0,217.9,223.5,220.7
2026-10-22,put,7520.0,46.8,47.6,47.2
2026-10-22,call,7525.0,214.3,219.5,216.9
2026-10-22,put,7525.0,47.7,48.5,48.1
2026-10-22,call,7530.0,210.1,215.7,212.89999999999998
2026-10-22,put,7530.0,48.7,49.5,49.1
2026-10-22,call,7540.0,202.5,208.0,205.25
2026-10-22,put,7540.0,50.6,51.9,51.25
2026-10-22,call,7550.0,195.9,198.9,197.4
2026-10-22,put,7550.0,53.1,53.7,53.400000000000006
2026-10-22,call,7560.0,188.3,190.9,189.60000000000002
2026-10-22,put,7560.0,55.0,56.3,55.65
2026-10-22,call,7570.0,180.8,183.4,182.10000000000002
2026-10-22,put,7570.0,57.3,58.6,57.95
2026-10-22,call,7575.0,177.0,179.6,178.3
2026-10-22,put,7575.0,58.5,59.9,59.2
2026-10-22,call,7580.0,173.3,175.9,174.60000000000002
2026-10-22,put,7580.0,59.8,61.2,60.5
2026-10-22,call,7590.0,165.9,168.5,167.2
2026-10-22,put,7590.0,62.4,63.5,62.95
2026-10-22,call,7600.0,158.5,161.3,159.9
2026-10-22,put,7600.0,65.4,66.0,65.7
2026-10-22,call,7610.0,151.4,154.1,152.75
2026-10-22,put,7610.0,68.0,69.2,68.6
2026-10-22,call,7620.0,144.4,147.0,145.7
2026-10-22,put,7620.0,70.7,72.0,71.35
2026-10-22,call,7625.0,140.9,143.7,142.3
2026-10-22,put,7625.0,72.2,73.7,72.95
2026-10-22,call,7630.0,137.5,140.3,138.9
2026-10-22,put,7630.0,73.8,75.1,74.44999999999999
2026-10-22,call,7640.0,130.9,133.5,132.2
2026-10-22,put,7640.0,77.0,78.4,77.7
2026-10-22,call,7650.0,124.9,126.6,125.75
2026-10-22,put,7650.0,80.8,81.5,81.15
2026-10-22,call,7660.0,118.4,119.7,119.05000000000001
2026-10-22,put,7660.0,84.1,85.5,84.8
2026-10-22,call,7670.0,112.2,113.4,112.80000000000001
2026-10-22,put,7670.0,87.8,89.1,88.44999999999999
2026-10-22,call,7675.0,109.0,110.5,109.75
2026-10-22,put,7675.0,89.8,90.9,90.35
2026-10-22,call,7680.0,106.0,107.8,106.9
2026-10-22,put,7680.0,91.5,93.0,92.25
2026-10-22,call,7690.0,100.2,101.6,100.9
2026-10-22,put,7690.0,95.5,97.0,96.25
2026-10-22,call,7700.0,94.5,95.2,94.85
2026-10-22,put,7700.0,100.0,100.8,100.4
2026-10-22,call,7710.0,88.7,90.1,89.4
2026-10-22,put,7710.0,103.7,105.9,104.80000000000001
2026-10-22,call,7720.0,83.2,84.6,83.9
2026-10-22,put,7720.0,108.2,110.4,109.30000000000001
2026-10-22,call,7725.0,80.6,82.0,81.3
2026-10-22,put,7725.0,110.7,113.1,111.9
2026-10-22,call,7730.0,78.0,79.4,78.7
2026-10-22,put,7730.0,112.9,115.4,114.15
2026-10-22,call,7740.0,73.1,74.3,73.69999999999999
2026-10-22,put,7740.0,118.0,120.3,119.15
2026-10-22,call,7750.0,68.2,69.5,68.85
2026-10-22,put,7750.0,122.9,125.4,124.15
2026-10-22,call,7760.0,63.5,64.8,64.15
2026-10-22,put,7760.0,128.3,131.1,129.7
2026-10-22,call,7770.0,59.1,60.3,59.7
2026-10-22,put,7770.0,133.8,136.6,135.2
2026-10-22,call,7775.0,56.9,58.0,57.45
2026-10-22,put,7775.0,136.6,139.5,138.05
2026-10-22,call,7780.0,54.8,56.1,55.45
2026-10-22,put,7780.0,139.5,142.3,140.9
2026-10-22,call,7790.0,50.9,52.0,51.45
2026-10-22,put,7790.0,145.6,148.3,146.95
2026-10-22,call,7800.0,47.4,47.8,47.599999999999994
2026-10-22,put,7800.0,151.7,154.4,153.05
2026-10-22,call,7810.0,43.7,44.5,44.1
2026-10-22,put,7810.0,158.1,160.8,159.45
2026-10-22,call,7820.0,40.3,41.1,40.7
2026-10-22,put,7820.0,164.6,167.3,165.95
2026-10-22,call,7825.0,38.6,39.4,39.0
2026-10-22,put,7825.0,168.0,171.0,169.5
2026-10-22,call,7830.0,37.1,37.8,37.45
2026-10-22,put,7830.0,171.4,174.4,172.9
2026-10-22,call,7840.0,34.0,34.8,34.4
2026-10-22,put,7840.0,178.3,181.3,179.8
2026-10-22,call,7850.0,31.2,31.6,31.4
2026-10-22,put,7850.0,185.5,188.5,187.0
2026-10-22,call,7860.0,28.6,29.3,28.950000000000003
2026-10-22,put,7860.0,192.8,195.8,194.3
2026-10-22,call,7870.0,26.1,26.9,26.5
2026-10-22,put,7870.0,200.3,203.3,201.8
2026-10-22,call,7875.0,24.9,25.7,25.299999999999997
2026-10-22,put,7875.0,202.0,208.2,205.1
2026-10-22,call,7880.0,23.8,24.5,24.15
2026-10-22,put,7880.0,206.2,212.1,209.14999999999998
2026-10-22,call,7890.0,21.7,22.5,22.1
2026-10-22,put,7890.0,213.7,219.6,216.64999999999998
2026-10-22,call,7900.0,19.7,20.5,20.1
2026-10-22,put,7900.0,221.7,228.1,224.89999999999998
2026-10-22,call,7925.0,15.5,16.2,15.85
2026-10-22,put,7925.0,242.7,248.5,245.6
2026-10-22,call,7950.0,12.3,12.7,12.5
2026-10-22,put,7950.0,264.2,270.6,267.4
2026-10-22,call,7975.0,9.6,10.0,9.8
2026-10-22,put,7975.0,286.4,293.0,289.7
2026-10-22,call,8000.0,7.5,7.9,7.7
2026-10-22,put,8000.0,308.6,316.6,312.6
2026-10-22,call,8025.0,5.8,6.2,6.0
2026-10-22,put,8025.0,331.9,339.9,335.9
2026-10-22,call,8050.0,4.4,5.0,4.7
2026-10-22,put,8050.0,355.5,363.5,359.5
2026-10-22,call,8075.0,3.4,4.0,3.7
2026-10-22,put,8075.0,379.5,387.5,383.5
2026-10-22,call,8100.0,2.75,3.3,3.025
2026-10-22,put,8100.0,403.7,411.7,407.7
2026-10-22,call,8125.0,2.35,2.6,2.475
2026-10-22,put,8125.0,428.1,436.1,432.1
2026-10-22,call,8150.0,1.95,2.2,2.075
2026-10-22,put,8150.0,452.6,460.6,456.6
2026-10-22,call,8175.0,1.65,1.9,1.775
2026-10-22,put,8175.0,477.3,485.3,481.3
2026-10-22,call,8200.0,1.4,1.65,1.525
2026-10-22,put,8200.0,502.0,510.0,506.0
2026-10-22,call,8225.0,1.15,1.4,1.275
2026-10-22,put,8225.0,526.7,534.7,530.7
2026-10-22,call,8250.0,1.0,1.25,1.125
2026-10-22,put,8250.0,551.4,559.4,555.4
2026-10-22,call,8275.0,0.85,1.1,0.9750000000000001
2026-10-22,put,8275.0,576.2,584.2,580.2
2026-10-22,call,8300.0,0.75,1.0,0.875
2026-10-22,put,8300.0,601.0,609.0,605.0
2026-10-22,call,8400.0,0.4,0.65,0.525
2026-10-22,put,8400.0,700.4,708.4,704.4
2026-10-22,call,8500.0,0.2,0.45,0.325
2026-10-22,put,8500.0,800.0,808.0,804.0
2026-10-22,call,8600.0,0.1,0.35,0.22499999999999998
2026-10-22,put,8600.0,899.6,907.6,903.6
2026-10-22,put,8800.0,1099.0,1107.0,1103.0
2026-10-22,put,9000.0,1298.4,1306.4,1302.4
2026-10-22,put,9200.0,1497.8,1505.8,1501.8
2026-10-22,put,9400.0,1697.2,1705.2,1701.2
2026-10-22,put,9600.0,1896.7,1904.7,1900.7
2026-10-22,put,9800.0,2096.1,2104.1,2100.1
2026-10-22,put,10000.0,2295.5,2303.5,2299.5
2026-10-23,call,2800.0,4877.6,4885.6,4881.6
2026-10-23,call,3000.0,4678.2,4686.2,4682.2
2026-10-23,call,3200.0,4478.8,4486.8,4482.8
2026-10-23,call,3400.0,4279.5,4287.5,4283.5
2026-10-23,call,3600.0,4080.1,4088.1,4084.1
2026-10-23,call,3800.0,3880.7,3888.7,3884.7
2026-10-23,put,3800.0,0.05,0.25,0.15
2026-10-23,call,4000.0,3681.4,3689.4,3685.4
2026-10-23,put,4000.0,0.05,0.25,0.15
2026-10-23,call,4200.0,3482.1,3490.1,3486.1
2026-10-23,put,4200.0,0.1,0.25,0.175
2026-10-23,call,4400.0,3282.7,3290.7,3286.7
2026-10-23,put,4400.0,0.1,0.35,0.22499999999999998
2026-10-23,call,4600.0,3083.4,3091.4,3087.4
2026-10-23,put,4600.0,0.2,0.4,0.30000000000000004
2026-10-23,call,4800.0,2884.1,2892.1,2888.1
2026-10-23,put,4800.0,0.25,0.5,0.375
2026-10-23,call,5000.0,2684.9,2692.9,2688.9
2026-10-23,put,5000.0,0.4,0.6,0.5
2026-10-23,call,5200.0,2485.7,2493.7,2489.7
2026-10-23,put,5200.0,0.55,0.75,0.65
2026-10-23,call,5400.0,2286.5,2294.5,2290.5
2026-10-23,put,5400.0,0.75,1.0,0.875
2026-10-23,call,5600.0,2087.4,2095.4,2091.4
2026-10-23,put,5600.0,1.05,1.25,1.15
2026-10-23,call,5700.0,1987.9,1995.9,1991.9
2026-10-23,put,5700.0,1.2,1.45,1.325
2026-10-23,call,5800.0,1888.4,1896.4,1892.4
2026-10-23,put,5800.0,1.4,1.6,1.5
2026-10-23,call,5900.0,1788.9,1796.9,1792.9
2026-10-23,put,5900.0,1.6,1.85,1.725
2026-10-23,call,6000.0,1689.5,1697.5,1693.5
2026-10-23,put,6000.0,1.85,2.1,1.975
2026-10-23,call,6050.0,1639.8,1647.8,1643.8
2026-10-23,put,6050.0,1.95,2.2,2.075
2026-10-23,call,6100.0,1590.1,1598.1,1594.1
2026-10-23,put,6100.0,2.1,2.35,2.225
2026-10-23,call,6150.0,1540.4,1548.4,1544.4
2026-10-23,put,6150.0,2.25,2.5,2.375
2026-10-23,call,6200.0,1490.7,1498.7,1494.7
2026-10-23,put,6200.0,2.45,2.7,2.575
2026-10-23,call,6250.0,1441.0,1449.0,1445.0
2026-10-23,put,6250.0,2.6,2.9,2.75
2026-10-23,call,6300.0,1391.4,1399.4,1395.4
2026-10-23,put,6300.0,2.75,3.1,2.925
2026-10-23,call,6350.0,1341.7,1349.7,1345.7
2026-10-23,put,6350.0,2.95,3.3,3.125
2026-10-23,call,6400.0,1292.1,1300.1,1296.1
2026-10-23,put,6400.0,3.1,3.5,3.3
2026-10-23,call,6450.0,1242.5,1250.5,1246.5
2026-10-23,put,6450.0,3.3,3.8,3.55
2026-10-23,call,6475.0,1217.7,1225.7,1221.7
2026-10-23,put,6475.0,3.5,3.9,3.7
2026-10-23,call,6500.0,1192.9,1200.9,1196.9
2026-10-23,put,6500.0,3.6,4.0,3.8
2026-10-23,call,6525.0,1168.1,1176.1,1172.1
2026-10-23,put,6525.0,3.7,4.2,3.95
2026-10-23,call,6550.0,1143.3,1151.3,1147.3
2026-10-23,put,6550.0,3.9,4.3,4.1
2026-10-23,call,6575.0,1118.6,1126.6,1122.6
2026-10-23,put,6575.0,4.0,4.5,4.25
2026-10-23,call,6600.0,1093.8,1101.8,1097.8
2026-10-23,put,6600.0,4.2,4.6,4.4
2026-10-23,call,6625.0,1069.1,1077.1,1073.1
2026-10-23,put,6625.0,4.4,4.8,4.6
2026-10-23,call,6650.0,1044.3,1052.3,1048.3
2026-10-23,put,6650.0,4.5,5.0,4.75
2026-10-23,call,6675.0,1019.6,1027.6,1023.5999999999999
2026-10-23,put,6675.0,4.7,5.2,4.95
2026-10-23,call,6700.0,994.9,1002.9,998.9
2026-10-23,put,6700.0,4.9,5.4,5.15
2026-10-23,call,6725.0,970.2,978.2,974.2
2026-10-23,put,6725.0,5.2,5.6,5.4
2026-10-23,call,6750.0,945.5,953.5,949.5
2026-10-23,put,6750.0,5.4,5.8,5.6
2026-10-23,call,6775.0,920.8,928.8,924.8
2026-10-23,put,6775.0,5.7,6.1,5.9
2026-10-23,call,6800.0,896.2,904.2,900.2
2026-10-23,put,6800.0,5.9,6.3,6.1
2026-10-23,call,6825.0,871.5,879.5,875.5
2026-10-23,put,6825.0,6.2,6.6,6.4
2026-10-23,call,6850.0,846.9,854.9,850.9
2026-10-23,put,6850.0,6.5,6.9,6.7
2026-10-23,call,6875.0,822.3,830.3,826.3
2026-10-23,put,6875.0,6.9,7.3,7.1
2026-10-23,call,6900.0,797.8,805.8,801.8
2026-10-23,put,6900.0,7.2,7.6,7.4
2026-10-23,call,6925.0,773.2,781.2,777.2
2026-10-23,put,6925.0,7.7,8.1,7.9
2026-10-23,call,6950.0,748.8,756.8,752.8
2026-10-23,put,6950.0,8.1,8.5,8.3
2026-10-23,call,6975.0,724.3,732.3,728.3
2026-10-23,put,6975.0,8.6,9.0,8.8
2026-10-23,call,7000.0,699.9,707.9,703.9
2026-10-23,put,7000.0,9.1,9.5,9.3
2026-10-23,call,7025.0,675.5,683.5,679.5
2026-10-23,put,7025.0,9.6,10.0,9.8
2026-10-23,call,7050.0,651.2,659.2,655.2
2026-10-23,put,7050.0,10.2,10.6,10.399999999999999
2026-10-23,call,7070.0,631.8,639.8,635.8
2026-10-23,put,7070.0,10.8,11.2,11.0
2026-10-23,call,7075.0,627.0,635.0,631.0
2026-10-23,put,7075.0,10.9,11.3,11.100000000000001
2026-10-23,call,7080.0,622.1,630.1,626.1
2026-10-23,put,7080.0,11.1,11.5,11.3
2026-10-23,call,7090.0,612.5,620.5,616.5
2026-10-23,put,7090.0,11.4,11.8,11.600000000000001
2026-10-23,call,7100.0,603.2,611.2,607.2
2026-10-23,put,7100.0,11.7,12.1,11.899999999999999
2026-10-23,call,7110.0,593.1,601.1,597.1
2026-10-23,put,7110.0,12.0,12.4,12.2
2026-10-23,call,7120.0,583.5,591.5,587.5
2026-10-23,put,7120.0,12.3,12.7,12.5
2026-10-23,call,7125.0,578.7,586.7,582.7
2026-10-23,put,7125.0,12.5,12.9,12.7
2026-10-23,call,7130.0,573.9,581.9,577.9
2026-10-23,put,7130.0,12.7,13.1,12.899999999999999
2026-10-23,call,7140.0,564.3,572.3,568.3
2026-10-23,put,7140.0,13.0,13.4,13.2
2026-10-23,call,7150.0,555.1,563.1,559.1
2026-10-23,put,7150.0,13.4,13.8,13.600000000000001
2026-10-23,call,7160.0,545.5,553.5,549.5
2026-10-23,put,7160.0,13.8,14.2,14.0
2026-10-23,call,7170.0,535.9,543.9,539.9
2026-10-23,put,7170.0,14.2,14.6,14.399999999999999
2026-10-23,call,7175.0,531.2,539.2,535.2
2026-10-23,put,7175.0,14.4,14.8,14.600000000000001
2026-10-23,call,7180.0,526.4,534.4,530.4
2026-10-23,put,7180.0,14.7,15.1,14.899999999999999
2026-10-23,call,7190.0,516.9,524.9,520.9
2026-10-23,put,7190.0,15.1,15.5,15.3
2026-10-23,call,7200.0,507.4,515.4,511.4
2026-10-23,put,7200.0,15.5,16.1,15.8
2026-10-23,call,7210.0,497.9,505.9,501.9
2026-10-23,put,7210.0,15.9,16.6,16.25
2026-10-23,call,7220.0,488.8,495.4,492.1
2026-10-23,put,7220.0,16.4,17.1,16.75
2026-10-23,call,7225.0,484.0,490.6,487.3
2026-10-23,put,7225.0,16.7,17.4,17.049999999999997
2026-10-23,call,7230.0,479.3,485.9,482.6
2026-10-23,put,7230.0,16.9,17.6,17.25
2026-10-23,call,7240.0,469.9,476.5,473.2
2026-10-23,put,7240.0,17.5,18.2,17.85
2026-10-23,call,7250.0,460.5,467.1,463.8
2026-10-23,put,7250.0,18.3,18.7,18.5
2026-10-23,call,7260.0,451.1,457.7,454.4
2026-10-23,put,7260.0,18.7,19.3,19.0
2026-10-23,call,7270.0,441.8,448.3,445.05
2026-10-23,put,7270.0,19.3,20.0,19.65
2026-10-23,call,7275.0,437.1,443.6,440.35
2026-10-23,put,7275.0,19.6,20.3,19.950000000000003
2026-10-23,call,7280.0,432.5,439.0,435.75
2026-10-23,put,7280.0,19.9,20.7,20.299999999999997
2026-10-23,call,7290.0,423.2,429.7,426.45
2026-10-23,put,7290.0,20.6,21.4,21.0
2026-10-23,call,7300.0,414.0,420.4,417.2
2026-10-23,put,7300.0,21.6,22.0,21.8
2026-10-23,call,7310.0,404.8,411.2,408.0
2026-10-23,put,7310.0,22.1,22.8,22.450000000000003
2026-10-23,call,7320.0,395.6,402.0,398.8
2026-10-23,put,7320.0,22.9,23.6,23.25
2026-10-23,call,7325.0,391.0,397.4,394.2
2026-10-23,put,7325.0,23.3,24.0,23.65
2026-10-23,call,7330.0,386.5,392.8,389.65
2026-10-23,put,7330.0,23.7,24.4,24.049999999999997
2026-10-23,call,7340.0,377.3,383.7,380.5
2026-10-23,put,7340.0,24.6,25.3,24.950000000000003
2026-10-23,call,7350.0,368.3,375.2,371.75
2026-10-23,put,7350.0,25.7,26.1,25.9
2026-10-23,call,7360.0,359.8,365.6,362.70000000000005
2026-10-23,put,7360.0,26.4,27.1,26.75
2026-10-23,call,7370.0,350.8,356.6,353.70000000000005
2026-10-23,put,7370.0,27.4,28.1,27.75
2026-10-23,call,7375.0,345.8,352.7,349.25
2026-10-23,put,7375.0,27.9,28.6,28.25
2026-10-23,call,7380.0,341.8,348.0,344.9
2026-10-23,put,7380.0,28.4,29.1,28.75
2026-10-23,call,7390.0,332.5,338.7,335.6
2026-10-23,put,7390.0,29.4,30.2,29.799999999999997
2026-10-23,call,7400.0,323.6,330.4,327.0
2026-10-23,put,7400.0,30.8,31.3,31.05
2026-10-23,call,7410.0,314.9,321.0,317.95
2026-10-23,put,7410.0,31.8,32.6,32.2
2026-10-23,call,7420.0,306.6,312.2,309.4
2026-10-23,put,7420.0,33.0,33.8,33.4
2026-10-23,call,7425.0,301.8,307.8,304.8
2026-10-23,put,7425.0,33.6,34.4,34.0
2026-10-23,call,7430.0,298.0,303.5,300.75
2026-10-23,put,7430.0,34.2,35.0,34.6
2026-10-23,call,7440.0,289.3,294.8,292.05
2026-10-23,put,7440.0,35.6,36.3,35.95
2026-10-23,call,7450.0,280.3,286.2,283.25
2026-10-23,put,7450.0,37.2,37.7,37.45
2026-10-23,call,7460.0,271.8,277.7,274.75
2026-10-23,put,7460.0,38.6,39.2,38.900000000000006
2026-10-23,call,7470.0,263.7,269.2,266.45
2026-10-23,put,7470.0,40.0,40.7,40.35
2026-10-23,call,7475.0,259.6,265.4,262.5
2026-10-23,put,7475.0,40.8,41.5,41.15
2026-10-23,call,7480.0,255.4,260.8,258.1
2026-10-23,put,7480.0,41.6,42.4,42.0
2026-10-23,call,7490.0,247.2,252.5,249.85
2026-10-23,put,7490.0,43.3,44.0,43.65
2026-10-23,call,7500.0,238.9,244.6,241.75
2026-10-23,put,7500.0,45.2,45.8,45.5
2026-10-23,call,7510.0,230.4,236.1,233.25
2026-10-23,put,7510.0,46.8,47.6,47.2
2026-10-23,call,7520.0,222.4,228.0,225.2
2026-10-23,put,7520.0,48.7,49.5,49.1
2026-10-23,call,7525.0,218.9,224.4,221.65
2026-10-23,put,7525.0,49.7,50.5,50.1
2026-10-23,call,7530.0,214.9,220.4,217.65
2026-10-23,put,7530.0,50.5,51.6,51.05
2026-10-23,call,7535.0,210.8,216.4,213.60000000000002
2026-10-23,put,7535.0,51.5,52.9,52.2
2026-10-23,call,7540.0,206.9,212.0,209.45
2026-10-23,put,7540.0,52.6,53.7,53.150000000000006
2026-10-23,call,7545.0,202.7,208.1,205.39999999999998
2026-10-23,put,7545.0,53.6,55.0,54.3
2026-10-23,call,7550.0,200.4,203.4,201.9
2026-10-23,put,7550.0,55.1,55.7,55.400000000000006
2026-10-23,call,7555.0,196.7,199.3,198.0
2026-10-23,put,7555.0,55.8,57.2,56.5
2026-10-23,call,7560.0,192.9,195.6,194.25
2026-10-23,put,7560.0,57.1,58.3,57.7
2026-10-23,call,7565.0,189.1,191.7,190.39999999999998
2026-10-23,put,7565.0,58.1,59.6,58.85
2026-10-23,call,7570.0,185.3,187.9,186.60000000000002
2026-10-23,put,7570.0,59.4,60.6,60.0
2026-10-23,call,7575.0,181.5,184.1,182.8
2026-10-23,put,7575.0,60.6,61.7,61.150000000000006
2026-10-23,call,7580.0,177.8,180.5,179.15
2026-10-23,put,7580.0,61.8,63.1,62.45
2026-10-23,call,7585.0,174.1,176.8,175.45
2026-10-23,put,7585.0,63.1,64.5,63.8
2026-10-23,call,7590.0,170.4,173.0,171.7
2026-10-23,put,7590.0,64.5,65.7,65.1
2026-10-23,call,7595.0,166.8,169.4,168.10000000000002
2026-10-23,put,7595.0,65.8,66.9,66.35
2026-10-23,call,7600.0,163.1,165.7,164.39999999999998
2026-10-23,put,7600.0,67.5,68.1,67.8
2026-10-23,call,7605.0,159.5,162.1,160.8
2026-10-23,put,7605.0,68.6,69.8,69.19999999999999
2026-10-23,call,7610.0,156.0,158.6,157.3
2026-10-23,put,7610.0,69.9,71.3,70.6
2026-10-23,call,7615.0,152.5,155.2,153.85
2026-10-23,put,7615.0,71.5,72.7,72.1
2026-10-23,call,7620.0,149.0,151.7,150.35
2026-10-23,put,7620.0,72.9,74.3,73.6
2026-10-23,call,7625.0,145.5,148.1,146.8
2026-10-23,put,7625.0,74.5,75.8,75.15
2026-10-23,call,7630.0,142.1,144.7,143.39999999999998
2026-10-23,put,7630.0,75.9,77.3,76.6
2026-10-23,call,7635.0,138.7,141.3,140.0
2026-10-23,put,7635.0,77.4,78.8,78.1
2026-10-23,call,7640.0,135.3,138.0,136.65
2026-10-23,put,7640.0,79.0,80.4,79.7
2026-10-23,call,7645.0,132.8,134.2,133.5
2026-10-23,put,7645.0,80.7,82.0,81.35
2026-10-23,call,7650.0,129.7,130.5,130.1
2026-10-23,put,7650.0,82.8,83.5,83.15
2026-10-23,call,7655.0,126.2,127.6,126.9
2026-10-23,put,7655.0,84.1,85.6,84.85
2026-10-23,call,7660.0,123.0,124.3,123.65
2026-10-23,put,7660.0,85.8,87.3,86.55
2026-10-23,call,7665.0,119.8,121.1,120.44999999999999
2026-10-23,put,7665.0,87.6,89.0,88.3
2026-10-23,call,7670.0,116.7,118.0,117.35
2026-10-23,put,7670.0,89.5,90.9,90.2
2026-10-23,call,7675.0,113.6,114.9,114.25
2026-10-23,put,7675.0,91.4,92.7,92.05000000000001
2026-10-23,call,7680.0,110.6,111.8,111.19999999999999
2026-10-23,put,7680.0,93.3,94.8,94.05
2026-10-23,call,7685.0,107.5,108.8,108.15
2026-10-23,put,7685.0,95.3,96.7,96.0
2026-10-23,call,7690.0,104.5,105.8,105.15
2026-10-23,put,7690.0,97.3,98.7,98.0
2026-10-23,call,7695.0,101.6,102.8,102.19999999999999
2026-10-23,put,7695.0,99.6,100.8,100.19999999999999
2026-10-23,call,7700.0,98.9,99.6,99.25
2026-10-23,put,7700.0,101.7,102.5,102.1
2026-10-23,call,7705.0,95.8,97.1,96.44999999999999
2026-10-23,put,7705.0,103.4,105.0,104.2
2026-10-23,call,7710.0,93.0,94.2,93.6
2026-10-23,put,7710.0,105.5,107.0,106.25
2026-10-23,call,7715.0,90.2,91.5,90.85
2026-10-23,put,7715.0,107.7,109.8,108.75
2026-10-23,call,7720.0,87.5,88.8,88.15
2026-10-23,put,7720.0,110.0,112.0,111.0
2026-10-23,call,7725.0,84.8,86.1,85.44999999999999
2026-10-23,put,7725.0,112.0,114.3,113.15
2026-10-23,call,7730.0,82.2,83.4,82.80000000000001
2026-10-23,put,7730.0,114.6,116.7,115.65
2026-10-23,call,7735.0,79.6,80.8,80.19999999999999
2026-10-23,put,7735.0,117.0,119.1,118.05
2026-10-23,call,7740.0,77.1,78.2,77.65
2026-10-23,put,7740.0,119.4,121.5,120.45
2026-10-23,call,7745.0,74.6,76.0,75.3
2026-10-23,put,7745.0,121.9,124.0,122.95
2026-10-23,call,7750.0,72.4,73.0,72.7
2026-10-23,put,7750.0,124.9,125.8,125.35
2026-10-23,call,7755.0,69.8,71.0,70.4
2026-10-23,put,7755.0,126.8,129.4,128.1
2026-10-23,call,7760.0,67.4,68.7,68.05000000000001
2026-10-23,put,7760.0,129.5,132.1,130.8
2026-10-23,call,7765.0,65.2,66.4,65.80000000000001
2026-10-23,put,7765.0,132.2,134.6,133.39999999999998
2026-10-23,call,7770.0,62.9,64.1,63.5
2026-10-23,put,7770.0,134.9,137.4,136.15
2026-10-23,call,7775.0,60.7,62.1,61.400000000000006
2026-10-23,put,7775.0,137.7,140.5,139.1
2026-10-23,call,7780.0,58.6,59.7,59.150000000000006
2026-10-23,put,7780.0,140.5,143.4,141.95
2026-10-23,call,7785.0,56.5,57.6,57.05
2026-10-23,put,7785.0,143.4,146.3,144.85000000000002
2026-10-23,call,7790.0,54.4,55.6,55.0
2026-10-23,put,7790.0,146.4,149.2,147.8
2026-10-23,call,7795.0,52.5,53.8,53.15
2026-10-23,put,7795.0,149.3,152.0,150.65
2026-10-23,call,7800.0,50.8,51.3,51.05
2026-10-23,put,7800.0,152.4,154.7,153.55
2026-10-23,call,7805.0,48.9,49.7,49.3
2026-10-23,put,7805.0,155.5,158.2,156.85
2026-10-23,call,7810.0,47.0,47.8,47.4
2026-10-23,put,7810.0,158.8,161.3,160.05
2026-10-23,call,7815.0,45.2,46.0,45.6
2026-10-23,put,7815.0,161.9,164.5,163.2
2026-10-23,call,7820.0,43.5,44.3,43.9
2026-10-23,put,7820.0,165.2,167.7,166.45
2026-10-23,call,7825.0,41.8,42.6,42.2
2026-10-23,put,7825.0,168.5,171.1,169.8
2026-10-23,call,7830.0,40.1,40.9,40.5
2026-10-23,put,7830.0,171.8,174.8,173.3
2026-10-23,call,7840.0,37.0,37.8,37.4
2026-10-23,put,7840.0,178.6,181.6,180.1
2026-10-23,call,7850.0,34.0,34.4,34.2
2026-10-23,put,7850.0,185.1,188.1,186.6
2026-10-23,call,7860.0,31.2,32.0,31.6
2026-10-23,put,7860.0,192.3,195.3,193.8
2026-10-23,call,7870.0,28.6,29.4,29.0
2026-10-23,put,7870.0,199.7,202.7,201.2
2026-10-23,call,7875.0,27.3,28.1,27.700000000000003
2026-10-23,put,7875.0,202.3,208.1,205.2
2026-10-23,call,7880.0,26.2,27.0,26.6
2026-10-23,put,7880.0,205.5,211.9,208.7
2026-10-23,call,7890.0,24.0,24.8,24.4
2026-10-23,put,7890.0,213.8,219.7,216.75
2026-10-23,call,7900.0,21.9,22.3,22.1
2026-10-23,put,7900.0,221.7,227.2,224.45
2026-10-23,call,7910.0,19.9,20.7,20.299999999999997
2026-10-23,put,7910.0,229.7,235.7,232.7
2026-10-23,call,7920.0,18.2,18.9,18.549999999999997
2026-10-23,put,7920.0,237.3,244.0,240.65
2026-10-23,call,7925.0,17.3,18.1,17.700000000000003
2026-10-23,put,7925.0,242.0,248.1,245.05
2026-10-23,call,7930.0,16.5,17.2,16.85
2026-10-23,put,7930.0,246.2,252.3,249.25
2026-10-23,call,7940.0,15.2,15.6,15.399999999999999
2026-10-23,put,7940.0,254.6,260.8,257.7
2026-10-23,call,7950.0,13.8,14.1,13.95
2026-10-23,put,7950.0,263.2,269.5,266.35
2026-10-23,call,7960.0,12.5,12.9,12.7
2026-10-23,put,7960.0,271.9,278.3,275.1
2026-10-23,call,7970.0,11.4,11.8,11.600000000000001
2026-10-23,put,7970.0,280.1,287.1,283.6
2026-10-23,call,7975.0,10.8,11.2,11.0
2026-10-23,put,7975.0,285.1,291.6,288.35
2026-10-23,call,7980.0,10.3,10.7,10.5
2026-10-23,put,7980.0,289.6,296.1,292.85
2026-10-23,call,7990.0,9.4,9.8,9.600000000000001
2026-10-23,put,7990.0,298.6,305.1,301.85
2026-10-23,call,8000.0,8.5,8.9,8.7
2026-10-23,put,8000.0,307.0,315.0,311.0
2026-10-23,call,8010.0,7.7,8.1,7.9
2026-10-23,put,8010.0,316.1,324.1,320.1
2026-10-23,call,8020.0,7.0,7.3,7.15
2026-10-23,put,8020.0,325.4,333.4,329.4
2026-10-23,call,8025.0,6.6,7.0,6.8
2026-10-23,put,8025.0,330.0,338.0,334.0
2026-10-23,call,8030.0,6.4,6.7,6.550000000000001
2026-10-23,put,8030.0,334.7,342.7,338.7
2026-10-23,call,8040.0,5.8,6.1,5.949999999999999
2026-10-23,put,8040.0,344.1,352.1,348.1
2026-10-23,call,8050.0,5.1,5.6,5.35
2026-10-23,put,8050.0,353.5,361.5,357.5
2026-10-23,call,8075.0,4.0,4.6,4.3
2026-10-23,put,8075.0,377.4,385.4,381.4
2026-10-23,call,8100.0,3.2,3.7,3.45
2026-10-23,put,8100.0,401.5,409.5,405.5
2026-10-23,call,8125.0,2.6,3.1,2.85
2026-10-23,put,8125.0,425.7,433.7,429.7
2026-10-23,call,8150.0,2.2,2.45,2.325
2026-10-23,put,8150.0,450.2,458.2,454.2
2026-10-23,call,8175.0,1.85,2.1,1.975
2026-10-23,put,8175.0,474.7,482.7,478.7
2026-10-23,call,8200.0,1.55,1.8,1.675
2026-10-23,put,8200.0,499.3,507.3,503.3
2026-10-23,call,8225.0,1.3,1.55,1.425
2026-10-23,put,8225.0,524.0,532.0,528.0
2026-10-23,call,8250.0,1.1,1.35,1.225
2026-10-23,put,8250.0,548.8,556.8,552.8
2026-10-23,call,8275.0,0.95,1.2,1.075
2026-10-23,put,8275.0,573.5,581.5,577.5
2026-10-23,call,8300.0,0.8,1.05,0.925
2026-10-23,put,8300.0,598.3,606.3,602.3
2026-10-23,call,8325.0,0.7,0.95,0.825
2026-10-23,put,8325.0,623.1,631.1,627.1
2026-10-23,call,8350.0,0.6,0.85,0.725
2026-10-23,put,8350.0,647.9,655.9,651.9
2026-10-23,call,8400.0,0.45,0.7,0.575
2026-10-23,put,8400.0,697.6,705.6,701.6
2026-10-23,call,8450.0,0.35,0.6,0.475
2026-10-23,put,8450.0,747.4,755.4,751.4
2026-10-23,call,8500.0,0.25,0.5,0.375
2026-10-23,put,8500.0,797.1,805.1,801.1
2026-10-23,call,8600.0,0.15,0.4,0.275
2026-10-23,put,8600.0,896.7,904.7,900.7
2026-10-23,call,8700.0,0.05,0.3,0.175
2026-10-23,put,8700.0,996.3,1004.3,1000.3
2026-10-23,put,8800.0,1096.0,1104.0,1100.0
2026-10-23,put,9000.0,1295.3,1303.3,1299.3
2026-10-23,put,9200.0,1494.6,1502.6,1498.6
2026-10-23,put,9400.0,1694.0,1702.0,1698.0
2026-10-23,put,9600.0,1893.4,1901.4,1897.4
2026-10-23,put,9800.0,2092.7,2100.7,2096.7
2026-10-23,put,10000.0,2292.1,2300.1,2296.1
2026-10-26,call,3200.0,4478.9,4486.9,4482.9
2026-10-26,call,3400.0,4279.6,4287.6,4283.6
2026-10-26,call,3600.0,4080.3,4088.3,4084.3
2026-10-26,call,3800.0,3880.9,3888.9,3884.9
2026-10-26,call,4000.0,3681.6,3689.6,3685.6
2026-10-26,put,4000.0,0.05,0.25,0.15
2026-10-26,call,4200.0,3482.3,3490.3,3486.3
2026-10-26,put,4200.0,0.1,0.35,0.22499999999999998
2026-10-26,call,4400.0,3283.0,3291.0,3287.0
2026-10-26,put,4400.0,0.15,0.4,0.275
2026-10-26,call,4600.0,3083.7,3091.7,3087.7
2026-10-26,put,4600.0,0.2,0.45,0.325
2026-10-26,call,4800.0,2884.5,2892.5,2888.5
2026-10-26,put,4800.0,0.3,0.55,0.42500000000000004
2026-10-26,call,5000.0,2685.2,2693.2,2689.2
2026-10-26,put,5000.0,0.45,0.7,0.575
2026-10-26,call,5200.0,2486.1,2494.1,2490.1
2026-10-26,put,5200.0,0.6,0.85,0.725
2026-10-26,call,5400.0,2287.0,2295.0,2291.0
2026-10-26,put,5400.0,0.85,1.1,0.9750000000000001
2026-10-26,call,5600.0,2087.9,2095.9,2091.9
2026-10-26,put,5600.0,1.15,1.4,1.275
2026-10-26,call,5800.0,1889.0,1897.0,1893.0
2026-10-26,put,5800.0,1.55,1.8,1.675
2026-10-26,call,6000.0,1690.1,1698.1,1694.1
2026-10-26,put,6000.0,2.05,2.3,2.175
2026-10-26,call,6100.0,1590.7,1598.7,1594.7
2026-10-26,put,6100.0,2.35,2.6,2.475
2026-10-26,call,6200.0,1491.4,1499.4,1495.4
2026-10-26,put,6200.0,2.65,2.95,2.8
2026-10-26,call,6300.0,1392.1,1400.1,1396.1
2026-10-26,put,6300.0,3.0,3.4,3.2
2026-10-26,call,6400.0,1292.9,1300.9,1296.9
2026-10-26,put,6400.0,3.4,3.9,3.65
2026-10-26,call,6500.0,1193.8,1201.8,1197.8
2026-10-26,put,6500.0,3.9,4.4,4.15
2026-10-26,call,6600.0,1094.8,1102.8,1098.8
2026-10-26,put,6600.0,4.6,5.1,4.85
2026-10-26,call,6625.0,1070.1,1078.1,1074.1
2026-10-26,put,6625.0,4.8,5.3,5.05
2026-10-26,call,6650.0,1045.4,1053.4,1049.4
2026-10-26,put,6650.0,5.1,5.5,5.3
2026-10-26,call,6675.0,1020.7,1028.7,1024.7
2026-10-26,put,6675.0,5.3,5.7,5.5
2026-10-26,call,6700.0,996.0,1004.0,1000.0
2026-10-26,put,6700.0,5.6,6.0,5.8
2026-10-26,call,6725.0,971.3,979.3,975.3
2026-10-26,put,6725.0,5.8,6.2,6.0
2026-10-26,call,6750.0,946.6,954.6,950.6
2026-10-26,put,6750.0,6.1,6.5,6.3
2026-10-26,call,6775.0,922.0,930.0,926.0
2026-10-26,put,6775.0,6.4,6.8,6.6
2026-10-26,call,6800.0,897.4,905.4,901.4
2026-10-26,put,6800.0,6.7,7.1,6.9
2026-10-26,call,6825.0,872.8,880.8,876.8
2026-10-26,put,6825.0,7.0,7.4,7.2
2026-10-26,call,6850.0,848.2,856.2,852.2
2026-10-26,put,6850.0,7.4,7.8,7.6
2026-10-26,call,6875.0,823.7,831.7,827.7
2026-10-26,put,6875.0,7.7,8.1,7.9
2026-10-26,call,6900.0,799.2,807.2,803.2
2026-10-26,put,6900.0,8.1,8.5,8.3
2026-10-26,call,6925.0,774.7,782.7,778.7
2026-10-26,put,6925.0,8.6,9.0,8.8
2026-10-26,call,6950.0,750.2,758.2,754.2
2026-10-26,put,6950.0,9.1,9.5,9.3
2026-10-26,call,6975.0,725.8,733.8,729.8
2026-10-26,put,6975.0,9.6,10.0,9.8
2026-10-26,call,7000.0,701.5,709.5,705.5
2026-10-26,put,7000.0,10.1,10.5,10.3
2026-10-26,call,7025.0,677.2,685.2,681.2
2026-10-26,put,7025.0,10.8,11.2,11.0
2026-10-26,call,7050.0,652.9,660.9,656.9
2026-10-26,put,7050.0,11.4,11.8,11.600000000000001
2026-10-26,call,7075.0,628.8,636.8,632.8
2026-10-26,put,7075.0,12.2,12.6,12.399999999999999
2026-10-26,call,7100.0,604.7,612.7,608.7
2026-10-26,put,7100.0,13.0,13.4,13.2
2026-10-26,call,7125.0,581.0,589.0,585.0
2026-10-26,put,7125.0,13.9,14.3,14.100000000000001
2026-10-26,call,7150.0,557.1,565.1,561.1
2026-10-26,put,7150.0,14.9,15.3,15.100000000000001
2026-10-26,call,7175.0,533.3,541.3,537.3
2026-10-26,put,7175.0,15.9,16.5,16.2
2026-10-26,call,7200.0,510.2,516.4,513.3
2026-10-26,put,7200.0,17.1,17.7,17.4
2026-10-26,call,7225.0,486.2,492.8,489.5
2026-10-26,put,7225.0,18.4,19.1,18.75
2026-10-26,call,7250.0,462.8,469.4,466.1
2026-10-26,put,7250.0,19.9,20.6,20.25
2026-10-26,call,7275.0,439.6,446.1,442.85
2026-10-26,put,7275.0,21.5,22.3,21.9
2026-10-26,call,7300.0,416.5,423.0,419.75
2026-10-26,put,7300.0,23.4,24.2,23.799999999999997
2026-10-26,call,7325.0,393.7,400.0,396.85
2026-10-26,put,7325.0,25.5,26.3,25.9
2026-10-26,call,7350.0,371.1,377.4,374.25
2026-10-26,put,7350.0,27.8,28.6,28.200000000000003
2026-10-26,call,7375.0,349.2,354.9,352.04999999999995
2026-10-26,put,7375.0,30.3,31.1,30.700000000000003
2026-10-26,call,7380.0,344.3,350.5,347.4
2026-10-26,put,7380.0,30.9,31.7,31.299999999999997
2026-10-26,call,7390.0,335.5,341.6,338.55
2026-10-26,put,7390.0,32.0,32.8,32.4
2026-10-26,call,7400.0,326.7,332.8,329.75
2026-10-26,put,7400.0,33.2,34.0,33.6
2026-10-26,call,7410.0,317.9,324.0,320.95
2026-10-26,put,7410.0,34.4,35.2,34.8
2026-10-26,call,7420.0,309.2,315.3,312.25
2026-10-26,put,7420.0,35.7,36.5,36.1
2026-10-26,call,7425.0,304.9,310.9,307.9
2026-10-26,put,7425.0,36.4,37.0,36.7
2026-10-26,call,7430.0,300.6,306.6,303.6
2026-10-26,put,7430.0,37.0,37.8,37.4
2026-10-26,call,7440.0,292.0,298.0,295.0
2026-10-26,put,7440.0,38.4,39.2,38.8
2026-10-26,call,7450.0,283.9,289.4,286.65
2026-10-26,put,7450.0,39.8,40.6,40.2
2026-10-26,call,7460.0,275.1,281.0,278.05
2026-10-26,put,7460.0,41.3,42.1,41.7
2026-10-26,call,7470.0,266.7,272.5,269.6
2026-10-26,put,7470.0,42.9,43.7,43.3
2026-10-26,call,7475.0,262.5,268.4,265.45
2026-10-26,put,7475.0,43.7,44.4,44.05
2026-10-26,call,7480.0,258.4,264.2,261.29999999999995
2026-10-26,put,7480.0,44.6,45.4,45.0
2026-10-26,call,7490.0,250.2,255.9,253.05
2026-10-26,put,7490.0,46.3,47.1,46.7
2026-10-26,call,7500.0,242.0,247.7,244.85
2026-10-26,put,7500.0,48.0,48.8,48.4
2026-10-26,call,7510.0,233.9,239.5,236.7
2026-10-26,put,7510.0,50.0,50.7,50.35
2026-10-26,call,7520.0,225.9,231.5,228.7
2026-10-26,put,7520.0,51.6,53.0,52.3
2026-10-26,call,7525.0,222.3,227.5,224.9
2026-10-26,put,7525.0,52.6,53.8,53.2
2026-10-26,call,7530.0,218.0,223.5,220.75
2026-10-26,put,7530.0,53.6,55.0,54.3
2026-10-26,call,7540.0,210.6,215.6,213.1
2026-10-26,put,7540.0,55.7,57.1,56.400000000000006
2026-10-26,call,7550.0,202.4,207.8,205.10000000000002
2026-10-26,put,7550.0,58.3,59.0,58.65
2026-10-26,call,7560.0,196.7,199.4,198.05
2026-10-26,put,7560.0,60.1,61.3,60.7
2026-10-26,call,7570.0,189.2,191.8,190.5
2026-10-26,put,7570.0,62.5,63.9,63.2
2026-10-26,call,7575.0,185.4,188.1,186.75
2026-10-26,put,7575.0,63.9,64.9,64.4
2026-10-26,call,7580.0,181.7,184.4,183.05
2026-10-26,put,7580.0,65.2,66.5,65.85
2026-10-26,call,7590.0,174.3,177.1,175.7
2026-10-26,put,7590.0,67.7,69.1,68.4
2026-10-26,call,7600.0,167.1,169.8,168.45
2026-10-26,put,7600.0,70.8,71.5,71.15
2026-10-26,call,7610.0,160.0,162.7,161.35
2026-10-26,put,7610.0,73.4,74.7,74.05000000000001
2026-10-26,call,7620.0,152.9,155.7,154.3
2026-10-26,put,7620.0,76.1,77.3,76.69999999999999
2026-10-26,call,7625.0,149.5,152.2,150.85
2026-10-26,put,7625.0,77.9,79.2,78.55000000000001
2026-10-26,call,7630.0,146.1,148.8,147.45
2026-10-26,put,7630.0,79.2,80.6,79.9
2026-10-26,call,7640.0,139.3,142.1,140.7
2026-10-26,put,7640.0,82.4,83.8,83.1
2026-10-26,call,7650.0,133.6,134.5,134.05
2026-10-26,put,7650.0,85.7,87.1,86.4
2026-10-26,call,7660.0,126.9,128.4,127.65
2026-10-26,put,7660.0,89.2,90.6,89.9
2026-10-26,call,7670.0,120.7,122.1,121.4
2026-10-26,put,7670.0,92.9,94.4,93.65
2026-10-26,call,7675.0,117.5,119.0,118.25
2026-10-26,put,7675.0,94.8,96.3,95.55
2026-10-26,call,7680.0,114.4,115.9,115.15
2026-10-26,put,7680.0,96.7,98.2,97.45
2026-10-26,call,7690.0,108.5,109.9,109.2
2026-10-26,put,7690.0,100.6,102.0,101.3
2026-10-26,call,7700.0,102.8,103.5,103.15
2026-10-26,put,7700.0,104.5,106.2,105.35
2026-10-26,call,7710.0,96.9,98.2,97.55000000000001
2026-10-26,put,7710.0,108.8,110.4,109.6
2026-10-26,call,7720.0,91.4,92.8,92.1
2026-10-26,put,7720.0,113.4,115.0,114.2
2026-10-26,call,7725.0,88.7,90.1,89.4
2026-10-26,put,7725.0,115.4,117.9,116.65
2026-10-26,call,7730.0,86.0,87.4,86.7
2026-10-26,put,7730.0,117.6,120.2,118.9
2026-10-26,call,7740.0,80.9,82.2,81.55000000000001
2026-10-26,put,7740.0,122.4,125.2,123.80000000000001
2026-10-26,call,7750.0,76.0,77.2,76.6
2026-10-26,put,7750.0,127.4,130.1,128.75
2026-10-26,call,7760.0,71.2,72.4,71.80000000000001
2026-10-26,put,7760.0,132.6,135.3,133.95
2026-10-26,call,7770.0,66.5,67.8,67.15
2026-10-26,put,7770.0,137.9,140.5,139.2
2026-10-26,call,7775.0,64.4,65.6,65.0
2026-10-26,put,7775.0,140.8,143.4,142.10000000000002
2026-10-26,call,7780.0,62.1,63.5,62.8
2026-10-26,put,7780.0,143.5,146.0,144.75
2026-10-26,call,7790.0,57.9,59.3,58.599999999999994
2026-10-26,put,7790.0,149.4,152.0,150.7
2026-10-26,call,7800.0,54.0,54.7,54.35
2026-10-26,put,7800.0,155.3,157.7,156.5
2026-10-26,call,7810.0,50.4,51.2,50.8
2026-10-26,put,7810.0,161.4,164.1,162.75
2026-10-26,call,7820.0,46.7,47.5,47.1
2026-10-26,put,7820.0,167.7,170.4,169.05
2026-10-26,call,7825.0,45.0,45.8,45.4
2026-10-26,put,7825.0,171.0,173.6,172.3
2026-10-26,call,7830.0,43.2,44.0,43.6
2026-10-26,put,7830.0,174.3,176.9,175.60000000000002
2026-10-26,call,7840.0,40.0,40.8,40.4
2026-10-26,put,7840.0,181.0,184.0,182.5
2026-10-26,call,7850.0,36.9,37.4,37.15
2026-10-26,put,7850.0,187.9,190.9,189.4
2026-10-26,call,7875.0,30.0,30.8,30.4
2026-10-26,put,7875.0,204.4,210.0,207.2
2026-10-26,call,7900.0,24.2,25.0,24.6
2026-10-26,put,7900.0,223.5,229.3,226.4
2026-10-26,call,7925.0,19.4,20.2,19.799999999999997
2026-10-26,put,7925.0,243.1,249.5,246.3
2026-10-26,call,7950.0,15.5,16.0,15.75
2026-10-26,put,7950.0,264.3,270.6,267.45000000000005
2026-10-26,call,7975.0,12.4,12.8,12.600000000000001
2026-10-26,put,7975.0,286.0,292.4,289.2
2026-10-26,call,8000.0,9.8,10.2,10.0
2026-10-26,put,8000.0,308.3,314.8,311.55
2026-10-26,call,8025.0,7.7,8.1,7.9
2026-10-26,put,8025.0,330.4,338.4,334.4
2026-10-26,call,8050.0,6.1,6.5,6.3
2026-10-26,put,8050.0,353.7,361.7,357.7
2026-10-26,call,8075.0,4.7,5.3,5.0
2026-10-26,put,8075.0,377.4,385.4,381.4
2026-10-26,call,8100.0,3.8,4.3,4.05
2026-10-26,put,8100.0,401.3,409.3,405.3
2026-10-26,call,8125.0,3.1,3.5,3.3
2026-10-26,put,8125.0,425.5,433.5,429.5
2026-10-26,call,8150.0,2.55,2.95,2.75
2026-10-26,put,8150.0,449.9,457.9,453.9
2026-10-26,call,8175.0,2.2,2.45,2.325
2026-10-26,put,8175.0,474.4,482.4,478.4
2026-10-26,call,8200.0,1.85,2.1,1.975
2026-10-26,put,8200.0,498.9,506.9,502.9
2026-10-26,call,8225.0,1.55,1.8,1.675
2026-10-26,put,8225.0,523.6,531.6,527.6
2026-10-26,call,8250.0,1.35,1.6,1.475
2026-10-26,put,8250.0,548.3,556.3,552.3
2026-10-26,call,8275.0,1.15,1.4,1.275
2026-10-26,put,8275.0,573.0,581.0,577.0
2026-10-26,call,8300.0,1.0,1.25,1.125
2026-10-26,put,8300.0,597.8,605.8,601.8
2026-10-26,call,8400.0,0.55,0.8,0.675
2026-10-26,put,8400.0,697.0,705.0,701.0
2026-10-26,call,8500.0,0.3,0.55,0.42500000000000004
2026-10-26,put,8500.0,796.4,804.4,800.4
2026-10-26,call,8600.0,0.15,0.4,0.275
2026-10-26,put,8600.0,896.0,904.0,900.0
2026-10-26,put,8800.0,1095.2,1103.2,1099.2
2026-10-26,put,9000.0,1294.5,1302.5,1298.5
2026-10-26,put,9200.0,1493.9,1501.9,1497.9
2026-10-26,put,9400.0,1693.2,1701.2,1697.2
2026-10-26,put,9600.0,1892.5,1900.5,1896.5
2026-10-26,put,9800.0,2091.9,2099.9,2095.9
2026-10-26,put,10000.0,2291.2,2299.2,2295.2
2026-10-27,call,3200.0,4479.2,4487.2,4483.2
2026-10-27,call,3400.0,4279.9,4287.9,4283.9
2026-10-27,call,3600.0,4080.6,4088.6,4084.6
2026-10-27,call,3800.0,3881.3,3889.3,3885.3
2026-10-27,put,3800.0,0.05,0.25,0.15
2026-10-27,call,4000.0,3682.0,3690.0,3686.0
2026-10-27,put,4000.0,0.05,0.3,0.175
2026-10-27,call,4200.0,3482.7,3490.7,3486.7
2026-10-27,put,4200.0,0.1,0.35,0.22499999999999998
2026-10-27,call,4400.0,3283.5,3291.5,3287.5
2026-10-27,put,4400.0,0.15,0.4,0.275
2026-10-27,call,4600.0,3084.2,3092.2,3088.2
2026-10-27,put,4600.0,0.25,0.5,0.375
2026-10-27,call,4800.0,2885.0,2893.0,2889.0
2026-10-27,put,4800.0,0.35,0.6,0.475
2026-10-27,call,5000.0,2685.8,2693.8,2689.8
2026-10-27,put,5000.0,0.5,0.75,0.625
2026-10-27,call,5200.0,2486.7,2494.7,2490.7
2026-10-27,put,5200.0,0.7,0.9,0.8
2026-10-27,call,5400.0,2287.6,2295.6,2291.6
2026-10-27,put,5400.0,0.95,1.15,1.0499999999999998
2026-10-27,call,5600.0,2088.6,2096.6,2092.6
2026-10-27,put,5600.0,1.25,1.5,1.375
2026-10-27,call,5800.0,1889.7,1897.7,1893.7
2026-10-27,put,5800.0,1.7,1.95,1.825
2026-10-27,call,6000.0,1690.9,1698.9,1694.9
2026-10-27,put,6000.0,2.2,2.45,2.325
2026-10-27,call,6200.0,1492.2,1500.2,1496.2
2026-10-27,put,6200.0,2.85,3.2,3.0250000000000004
2026-10-27,call,6300.0,1393.0,1401.0,1397.0
2026-10-27,put,6300.0,3.2,3.6,3.4000000000000004
2026-10-27,call,6400.0,1293.8,1301.8,1297.8
2026-10-27,put,6400.0,3.7,4.1,3.9
2026-10-27,call,6500.0,1194.8,1202.8,1198.8
2026-10-27,put,6500.0,4.2,4.7,4.45
2026-10-27,call,6600.0,1095.8,1103.8,1099.8
2026-10-27,put,6600.0,5.0,5.5,5.25
2026-10-27,call,6625.0,1071.1,1079.1,1075.1
2026-10-27,put,6625.0,5.3,5.7,5.5
2026-10-27,call,6650.0,1046.4,1054.4,1050.4
2026-10-27,put,6650.0,5.5,5.9,5.7
2026-10-27,call,6675.0,1021.7,1029.7,1025.7
2026-10-27,put,6675.0,5.7,6.1,5.9
2026-10-27,call,6700.0,997.1,1005.1,1001.1
2026-10-27,put,6700.0,6.0,6.4,6.2
2026-10-27,call,6725.0,972.4,980.4,976.4
2026-10-27,put,6725.0,6.2,6.6,6.4
2026-10-27,call,6750.0,947.8,955.8,951.8
2026-10-27,put,6750.0,6.5,6.9,6.7
2026-10-27,call,6775.0,923.2,931.2,927.2
2026-10-27,put,6775.0,6.8,7.2,7.0
2026-10-27,call,6800.0,898.6,906.6,902.6
2026-10-27,put,6800.0,7.2,7.6,7.4
2026-10-27,call,6825.0,874.0,882.0,878.0
2026-10-27,put,6825.0,7.5,7.9,7.7
2026-10-27,call,6850.0,849.5,857.5,853.5
2026-10-27,put,6850.0,7.9,8.3,8.100000000000001
2026-10-27,call,6875.0,825.0,833.0,829.0
2026-10-27,put,6875.0,8.3,8.7,8.5
2026-10-27,call,6900.0,800.5,808.5,804.5
2026-10-27,put,6900.0,8.8,9.2,9.0
2026-10-27,call,6925.0,776.0,784.0,780.0
2026-10-27,put,6925.0,9.2,9.6,9.399999999999999
2026-10-27,call,6950.0,751.6,759.6,755.6
2026-10-27,put,6950.0,9.7,10.1,9.899999999999999
2026-10-27,call,6975.0,727.3,735.3,731.3
2026-10-27,put,6975.0,10.3,10.7,10.5
2026-10-27,call,7000.0,703.0,711.0,707.0
2026-10-27,put,7000.0,10.9,11.3,11.100000000000001
2026-10-27,call,7025.0,678.7,686.7,682.7
2026-10-27,put,7025.0,11.6,12.0,11.8
2026-10-27,call,7050.0,654.9,662.9,658.9
2026-10-27,put,7050.0,12.3,12.7,12.5
2026-10-27,call,7075.0,630.4,638.4,634.4
2026-10-27,put,7075.0,13.1,13.5,13.3
2026-10-27,call,7100.0,606.8,614.8,610.8
2026-10-27,put,7100.0,13.9,14.3,14.100000000000001
2026-10-27,call,7125.0,582.8,590.8,586.8
2026-10-27,put,7125.0,14.9,15.3,15.100000000000001
2026-10-27,call,7150.0,558.9,566.9,562.9
2026-10-27,put,7150.0,15.8,16.5,16.15
2026-10-27,call,7175.0,535.2,543.2,539.2
2026-10-27,put,7175.0,17.0,17.6,17.3
2026-10-27,call,7200.0,512.2,518.4,515.3
2026-10-27,put,7200.0,18.4,18.8,18.6
2026-10-27,call,7225.0,488.8,495.3,492.05
2026-10-27,put,7225.0,19.6,20.3,19.950000000000003
2026-10-27,call,7250.0,464.9,472.1,468.5
2026-10-27,put,7250.0,21.2,22.0,21.6
2026-10-27,call,7275.0,441.8,448.3,445.05
2026-10-27,put,7275.0,22.9,23.7,23.299999999999997
2026-10-27,call,7300.0,418.8,425.2,422.0
2026-10-27,put,7300.0,25.0,25.5,25.25
2026-10-27,call,7325.0,396.1,402.4,399.25
2026-10-27,put,7325.0,27.0,27.8,27.4
2026-10-27,call,7350.0,373.5,379.8,376.65
2026-10-27,put,7350.0,29.5,30.0,29.75
2026-10-27,call,7375.0,351.2,358.0,354.6
2026-10-27,put,7375.0,32.0,32.8,32.4
2026-10-27,call,7400.0,329.2,335.9,332.54999999999995
2026-10-27,put,7400.0,35.0,35.5,35.25
2026-10-27,call,7425.0,307.6,313.6,310.6
2026-10-27,put,7425.0,38.1,38.8,38.45
2026-10-27,call,7450.0,286.3,292.2,289.25
2026-10-27,put,7450.0,41.8,42.4,42.099999999999994
2026-10-27,call,7475.0,265.4,271.2,268.29999999999995
2026-10-27,put,7475.0,45.6,46.4,46.0
2026-10-27,call,7500.0,244.9,250.6,247.75
2026-10-27,put,7500.0,50.0,50.8,50.4
2026-10-27,call,7525.0,224.9,230.4,227.65
2026-10-27,put,7525.0,54.7,55.9,55.3
2026-10-27,call,7530.0,221.2,226.9,224.05
2026-10-27,put,7530.0,55.7,57.1,56.400000000000006
2026-10-27,call,7540.0,213.4,219.0,216.2
2026-10-27,put,7540.0,57.8,59.2,58.5
2026-10-27,call,7550.0,207.0,210.5,208.75
2026-10-27,put,7550.0,60.4,61.1,60.75
2026-10-27,call,7560.0,199.6,202.3,200.95
2026-10-27,put,7560.0,62.3,63.5,62.9
2026-10-27,call,7570.0,192.1,194.8,193.45
2026-10-27,put,7570.0,64.7,65.9,65.30000000000001
2026-10-27,call,7575.0,188.3,191.1,189.7
2026-10-27,put,7575.0,66.0,67.3,66.65
2026-10-27,call,7580.0,184.7,187.3,186.0
2026-10-27,put,7580.0,67.2,68.6,67.9
2026-10-27,call,7590.0,177.3,180.0,178.65
2026-10-27,put,7590.0,69.9,71.2,70.55000000000001
2026-10-27,call,7600.0,170.0,172.8,171.4
2026-10-27,put,7600.0,72.7,74.0,73.35
2026-10-27,call,7610.0,162.9,165.6,164.25
2026-10-27,put,7610.0,75.5,76.8,76.15
2026-10-27,call,7620.0,156.0,158.6,157.3
2026-10-27,put,7620.0,78.3,79.6,78.94999999999999
2026-10-27,call,7625.0,152.6,155.2,153.89999999999998
2026-10-27,put,7625.0,79.9,81.1,80.5
2026-10-27,call,7630.0,149.2,151.8,150.5
2026-10-27,put,7630.0,81.4,82.8,82.1
2026-10-27,call,7640.0,142.4,145.0,143.7
2026-10-27,put,7640.0,84.7,86.0,85.35
2026-10-27,call,7650.0,136.7,137.6,137.14999999999998
2026-10-27,put,7650.0,88.4,89.1,88.75
2026-10-27,call,7660.0,130.1,131.4,130.75
2026-10-27,put,7660.0,91.5,92.8,92.15
2026-10-27,call,7670.0,123.8,125.1,124.44999999999999
2026-10-27,put,7670.0,95.1,96.5,95.8
2026-10-27,call,7675.0,120.6,122.1,121.35
2026-10-27,put,7675.0,97.0,98.5,97.75
2026-10-27,call,7680.0,117.6,118.9,118.25
2026-10-27,put,7680.0,98.9,100.4,99.65
2026-10-27,call,7690.0,111.5,113.1,112.3
2026-10-27,put,7690.0,102.7,104.6,103.65
2026-10-27,call,7700.0,105.8,107.2,106.5
2026-10-27,put,7700.0,107.3,108.1,107.69999999999999
2026-10-27,call,7710.0,100.1,101.3,100.69999999999999
2026-10-27,put,7710.0,111.2,112.9,112.05000000000001
2026-10-27,call,7720.0,94.4,95.8,95.1
2026-10-27,put,7720.0,115.4,117.4,116.4
2026-10-27,call,7725.0,91.7,93.1,92.4
2026-10-27,put,7725.0,117.7,119.7,118.7
2026-10-27,call,7730.0,89.0,90.4,89.7
2026-10-27,put,7730.0,119.8,122.6,121.19999999999999
2026-10-27,call,7740.0,83.9,85.2,84.55000000000001
2026-10-27,put,7740.0,124.8,127.4,126.1
2026-10-27,call,7750.0,79.0,79.8,79.4
2026-10-27,put,7750.0,130.2,131.2,130.7
2026-10-27,call,7760.0,74.1,75.2,74.65
2026-10-27,put,7760.0,134.7,137.3,136.0
2026-10-27,call,7770.0,69.5,70.7,70.1
2026-10-27,put,7770.0,140.0,142.6,141.3
2026-10-27,call,7775.0,67.2,68.4,67.80000000000001
2026-10-27,put,7775.0,142.8,145.3,144.05
2026-10-27,call,7780.0,65.0,66.4,65.7
2026-10-27,put,7780.0,145.7,148.1,146.89999999999998
2026-10-27,call,7790.0,60.8,62.0,61.4
2026-10-27,put,7790.0,151.3,154.1,152.7
2026-10-27,call,7800.0,56.7,58.0,57.35
2026-10-27,put,7800.0,157.3,160.0,158.65
2026-10-27,call,7810.0,52.8,54.2,53.5
2026-10-27,put,7810.0,163.2,166.1,164.64999999999998
2026-10-27,call,7820.0,49.4,50.2,49.8
2026-10-27,put,7820.0,169.6,172.3,170.95
2026-10-27,call,7825.0,47.7,48.5,48.1
2026-10-27,put,7825.0,172.8,175.5,174.15
2026-10-27,call,7830.0,45.9,46.7,46.3
2026-10-27,put,7830.0,176.1,178.8,177.45
2026-10-27,call,7840.0,42.6,43.4,43.0
2026-10-27,put,7840.0,183.0,184.9,183.95
2026-10-27,call,7850.0,39.4,40.2,39.8
2026-10-27,put,7850.0,189.6,192.6,191.1
2026-10-27,call,7875.0,32.4,33.1,32.75
2026-10-27,put,7875.0,205.3,211.0,208.15
2026-10-27,call,7900.0,26.3,27.1,26.700000000000003
2026-10-27,put,7900.0,224.6,230.5,227.55
2026-10-27,call,7925.0,21.2,22.0,21.6
2026-10-27,put,7925.0,243.9,250.5,247.2
2026-10-27,call,7950.0,17.0,17.6,17.3
2026-10-27,put,7950.0,264.7,270.9,267.79999999999995
2026-10-27,call,7975.0,13.8,14.2,14.0
2026-10-27,put,7975.0,286.6,293.0,289.8
2026-10-27,call,8000.0,11.0,11.4,11.2
2026-10-27,put,8000.0,308.7,315.2,311.95
2026-10-27,call,8025.0,8.7,9.1,8.899999999999999
2026-10-27,put,8025.0,330.6,338.6,334.6
2026-10-27,call,8050.0,6.9,7.3,7.1
2026-10-27,put,8050.0,353.8,361.8,357.8
2026-10-27,call,8075.0,5.5,5.9,5.7
2026-10-27,put,8075.0,377.3,385.3,381.3
2026-10-27,call,8100.0,4.3,4.9,4.6
2026-10-27,put,8100.0,401.1,409.1,405.1
2026-10-27,call,8125.0,3.5,4.0,3.75
2026-10-27,put,8125.0,425.1,433.1,429.1
2026-10-27,call,8150.0,2.9,3.4,3.15
2026-10-27,put,8150.0,449.4,457.4,453.4
2026-10-27,call,8175.0,2.5,2.75,2.625
2026-10-27,put,8175.0,473.8,481.8,477.8
2026-10-27,call,8200.0,2.1,2.35,2.225
2026-10-27,put,8200.0,498.3,506.3,502.3
2026-10-27,call,8225.0,1.75,2.0,1.875
2026-10-27,put,8225.0,522.9,530.9,526.9
2026-10-27,call,8250.0,1.5,1.75,1.625
2026-10-27,put,8250.0,547.6,555.6,551.6
2026-10-27,call,8275.0,1.3,1.55,1.425
2026-10-27,put,8275.0,572.3,580.3,576.3
2026-10-27,call,8300.0,1.1,1.35,1.225
2026-10-27,put,8300.0,597.0,605.0,601.0
2026-10-27,call,8400.0,0.6,0.85,0.725
2026-10-27,put,8400.0,696.2,704.2,700.2
2026-10-27,call,8500.0,0.35,0.6,0.475
2026-10-27,put,8500.0,795.6,803.6,799.6
2026-10-27,call,8600.0,0.2,0.45,0.325
2026-10-27,put,8600.0,895.1,903.1,899.1
2026-10-27,call,8800.0,0.05,0.3,0.175
2026-10-27,put,8800.0,1094.3,1102.3,1098.3
2026-10-27,put,9000.0,1293.6,1301.6,1297.6
2026-10-27,put,9200.0,1492.9,1500.9,1496.9
2026-10-27,put,9400.0,1692.2,1700.2,1696.2
2026-10-27,put,9600.0,1891.5,1899.5,1895.5
2026-10-27,put,9800.0,2090.8,2098.8,2094.8
2026-10-27,put,10000.0,2290.1,2298.1,2294.1
2026-10-28,call,3200.0,4479.8,4487.8,4483.8
2026-10-28,call,3400.0,4280.5,4288.5,4284.5
2026-10-28,call,3600.0,4081.2,4089.2,4085.2
2026-10-28,call,3800.0,3882.0,3890.0,3886.0
2026-10-28,put,3800.0,0.05,0.25,0.15
2026-10-28,call,4000.0,3682.7,3690.7,3686.7
2026-10-28,put,4000.0,0.1,0.35,0.22499999999999998
2026-10-28,call,4200.0,3483.4,3491.4,3487.4
2026-10-28,put,4200.0,0.15,0.4,0.275
2026-10-28,call,4400.0,3284.2,3292.2,3288.2
2026-10-28,put,4400.0,0.2,0.45,0.325
2026-10-28,call,4600.0,3085.0,3093.0,3089.0
2026-10-28,put,4600.0,0.3,0.55,0.42500000000000004
2026-10-28,call,4800.0,2885.8,2893.8,2889.8
2026-10-28,put,4800.0,0.4,0.65,0.525
2026-10-28,call,5000.0,2686.7,2694.7,2690.7
2026-10-28,put,5000.0,0.55,0.8,0.675
2026-10-28,call,5200.0,2487.6,2495.6,2491.6
2026-10-28,put,5200.0,0.8,1.05,0.925
2026-10-28,call,5400.0,2288.6,2296.6,2292.6
2026-10-28,put,5400.0,1.05,1.3,1.175
2026-10-28,call,5600.0,2089.6,2097.6,2093.6
2026-10-28,put,5600.0,1.45,1.7,1.575
2026-10-28,call,5800.0,1890.8,1898.8,1894.8
2026-10-28,put,5800.0,1.9,2.15,2.025
2026-10-28,call,6000.0,1692.0,1700.0,1696.0
2026-10-28,put,6000.0,2.45,2.7,2.575
2026-10-28,call,6200.0,1493.5,1501.5,1497.5
2026-10-28,put,6200.0,3.1,3.5,3.3
2026-10-28,call,6300.0,1394.3,1402.3,1398.3
2026-10-28,put,6300.0,3.5,4.0,3.75
2026-10-28,call,6400.0,1295.2,1303.2,1299.2
2026-10-28,put,6400.0,4.1,4.6,4.35
2026-10-28,call,6500.0,1196.2,1204.2,1200.2
2026-10-28,put,6500.0,4.7,5.2,4.95
2026-10-28,call,6600.0,1097.4,1105.4,1101.4
2026-10-28,put,6600.0,5.7,6.1,5.9
2026-10-28,call,6625.0,1072.7,1080.7,1076.7
2026-10-28,put,6625.0,5.9,6.3,6.1
2026-10-28,call,6650.0,1048.1,1056.1,1052.1
2026-10-28,put,6650.0,6.2,6.6,6.4
2026-10-28,call,6675.0,1023.4,1031.4,1027.4
2026-10-28,put,6675.0,6.5,6.8,6.65
2026-10-28,call,6700.0,998.8,1006.8,1002.8
2026-10-28,put,6700.0,6.7,7.1,6.9
2026-10-28,call,6725.0,974.2,982.2,978.2
2026-10-28,put,6725.0,7.0,7.4,7.2
2026-10-28,call,6750.0,949.6,957.6,953.6
2026-10-28,put,6750.0,7.4,7.7,7.550000000000001
2026-10-28,call,6775.0,925.0,933.0,929.0
2026-10-28,put,6775.0,7.7,8.1,7.9
2026-10-28,call,6800.0,900.5,908.5,904.5
2026-10-28,put,6800.0,8.1,8.4,8.25
2026-10-28,call,6825.0,876.0,884.0,880.0
2026-10-28,put,6825.0,8.5,8.8,8.65
2026-10-28,call,6850.0,851.5,859.5,855.5
2026-10-28,put,6850.0,8.8,9.2,9.0
2026-10-28,call,6875.0,827.0,835.0,831.0
2026-10-28,put,6875.0,9.3,9.7,9.5
2026-10-28,call,6900.0,802.6,810.6,806.6
2026-10-28,put,6900.0,9.8,10.2,10.0
2026-10-28,call,6925.0,778.2,786.2,782.2
2026-10-28,put,6925.0,10.3,10.7,10.5
2026-10-28,call,6950.0,753.8,761.8,757.8
2026-10-28,put,6950.0,10.9,11.3,11.100000000000001
2026-10-28,call,6975.0,729.5,737.5,733.5
2026-10-28,put,6975.0,11.5,11.9,11.7
2026-10-28,call,7000.0,705.3,713.3,709.3
2026-10-28,put,7000.0,12.2,12.6,12.399999999999999
2026-10-28,call,7025.0,681.1,689.1,685.1
2026-10-28,put,7025.0,12.9,13.3,13.100000000000001
2026-10-28,call,7050.0,657.0,665.0,661.0
2026-10-28,put,7050.0,13.7,14.1,13.899999999999999
2026-10-28,call,7075.0,633.3,641.3,637.3
2026-10-28,put,7075.0,14.6,15.0,14.8
2026-10-28,call,7100.0,609.4,617.4,613.4
2026-10-28,put,7100.0,15.4,16.0,15.7
2026-10-28,call,7125.0,585.5,593.5,589.5
2026-10-28,put,7125.0,16.4,17.1,16.75
2026-10-28,call,7150.0,561.7,569.7,565.7
2026-10-28,put,7150.0,17.6,18.2,17.9
2026-10-28,call,7175.0,538.2,544.8,541.5
2026-10-28,put,7175.0,18.8,19.5,19.15
2026-10-28,call,7200.0,515.2,521.3,518.25
2026-10-28,put,7200.0,20.4,20.7,20.549999999999997
2026-10-28,call,7225.0,491.3,497.9,494.6
2026-10-28,put,7225.0,21.7,22.5,22.1
2026-10-28,call,7250.0,468.7,474.6,471.65
2026-10-28,put,7250.0,23.3,24.1,23.700000000000003
2026-10-28,call,7275.0,445.6,452.1,448.85
2026-10-28,put,7275.0,25.2,26.0,25.6
2026-10-28,call,7300.0,422.2,429.0,425.6
2026-10-28,put,7300.0,27.3,28.1,27.700000000000003
2026-10-28,call,7325.0,400.1,405.9,403.0
2026-10-28,put,7325.0,29.5,30.3,29.9
2026-10-28,call,7350.0,377.6,383.9,380.75
2026-10-28,put,7350.0,32.1,32.9,32.5
2026-10-28,call,7375.0,355.5,361.7,358.6
2026-10-28,put,7375.0,34.9,35.6,35.25
2026-10-28,call,7400.0,333.2,339.8,336.5
2026-10-28,put,7400.0,38.0,38.5,38.25
2026-10-28,call,7425.0,311.7,318.1,314.9
2026-10-28,put,7425.0,41.2,42.0,41.6
2026-10-28,call,7450.0,290.5,296.8,293.65
2026-10-28,put,7450.0,45.0,45.7,45.35
2026-10-28,call,7475.0,270.1,275.5,272.8
2026-10-28,put,7475.0,49.1,49.8,49.45
2026-10-28,call,7500.0,249.4,255.0,252.2
2026-10-28,put,7500.0,53.4,54.4,53.9
2026-10-28,call,7525.0,230.0,235.4,232.7
2026-10-28,put,7525.0,58.3,59.3,58.8
2026-10-28,call,7530.0,225.6,231.5,228.55
2026-10-28,put,7530.0,59.4,60.7,60.05
2026-10-28,call,7540.0,218.2,223.3,220.75
2026-10-28,put,7540.0,61.6,62.9,62.25
2026-10-28,call,7550.0,211.8,215.3,213.55
2026-10-28,put,7550.0,64.1,64.8,64.44999999999999
2026-10-28,call,7560.0,204.2,207.7,205.95
2026-10-28,put,7560.0,66.2,67.2,66.7
2026-10-28,call,7570.0,197.8,199.0,198.4
2026-10-28,put,7570.0,68.6,69.7,69.15
2026-10-28,call,7575.0,193.3,196.0,194.65
2026-10-28,put,7575.0,69.9,71.0,70.45
2026-10-28,call,7580.0,189.6,192.3,190.95
2026-10-28,put,7580.0,71.2,72.5,71.85
2026-10-28,call,7590.0,182.3,185.0,183.65
2026-10-28,put,7590.0,73.9,75.1,74.5
2026-10-28,call,7600.0,175.1,177.9,176.5
2026-10-28,put,7600.0,76.6,77.7,77.15
2026-10-28,call,7610.0,168.1,170.8,169.45
2026-10-28,put,7610.0,79.6,80.7,80.15
2026-10-28,call,7620.0,161.1,163.8,162.45
2026-10-28,put,7620.0,82.6,83.6,83.1
2026-10-28,call,7625.0,157.7,160.4,159.05
2026-10-28,put,7625.0,84.0,85.1,84.55
2026-10-28,call,7630.0,154.2,157.0,155.6
2026-10-28,put,7630.0,85.5,86.7,86.1
2026-10-28,call,7640.0,148.4,149.2,148.8
2026-10-28,put,7640.0,88.8,89.9,89.35
2026-10-28,call,7650.0,141.8,143.2,142.5
2026-10-28,put,7650.0,92.1,93.3,92.69999999999999
2026-10-28,call,7660.0,135.2,136.5,135.85
2026-10-28,put,7660.0,95.6,97.1,96.35
2026-10-28,call,7670.0,128.9,130.4,129.65
2026-10-28,put,7670.0,99.5,100.9,100.2
2026-10-28,call,7675.0,125.8,127.2,126.5
2026-10-28,put,7675.0,101.1,102.6,101.85
2026-10-28,call,7680.0,122.8,124.2,123.5
2026-10-28,put,7680.0,103.0,104.6,103.8
2026-10-28,call,7690.0,116.8,118.2,117.5
2026-10-28,put,7690.0,107.0,108.7,107.85
2026-10-28,call,7700.0,110.8,112.3,111.55
2026-10-28,put,7700.0,111.0,112.3,111.65
2026-10-28,call,7710.0,105.1,106.4,105.75
2026-10-28,put,7710.0,115.2,116.9,116.05000000000001
2026-10-28,call,7720.0,99.5,100.7,100.1
2026-10-28,put,7720.0,119.5,121.9,120.7
2026-10-28,call,7725.0,96.8,98.2,97.5
2026-10-28,put,7725.0,121.8,124.0,122.9
2026-10-28,call,7730.0,94.1,95.5,94.8
2026-10-28,put,7730.0,124.0,126.1,125.05
2026-10-28,call,7740.0,89.0,90.2,89.6
2026-10-28,put,7740.0,128.5,131.2,129.85
2026-10-28,call,7750.0,83.8,85.2,84.5
2026-10-28,put,7750.0,133.4,136.1,134.75
2026-10-28,call,7760.0,79.0,80.1,79.55
2026-10-28,put,7760.0,138.5,141.3,139.9
2026-10-28,call,7770.0,74.3,75.6,74.94999999999999
2026-10-28,put,7770.0,143.8,146.6,145.2
2026-10-28,call,7775.0,72.0,73.3,72.65
2026-10-28,put,7775.0,146.5,149.3,147.9
2026-10-28,call,7780.0,69.8,71.1,70.44999999999999
2026-10-28,put,7780.0,149.2,152.0,150.6
2026-10-28,call,7790.0,65.4,66.8,66.1
2026-10-28,put,7790.0,154.8,157.6,156.2
2026-10-28,call,7800.0,61.2,62.6,61.900000000000006
2026-10-28,put,7800.0,160.7,163.4,162.05
2026-10-28,call,7810.0,57.3,58.6,57.95
2026-10-28,put,7810.0,166.7,169.3,168.0
2026-10-28,call,7820.0,53.5,54.7,54.1
2026-10-28,put,7820.0,172.9,175.5,174.2
2026-10-28,call,7825.0,51.6,53.0,52.3
2026-10-28,put,7825.0,176.5,177.9,177.2
2026-10-28,call,7850.0,43.4,43.9,43.65
2026-10-28,put,7850.0,192.4,195.4,193.9
2026-10-28,call,7875.0,36.0,36.8,36.4
2026-10-28,put,7875.0,207.8,213.5,210.65
2026-10-28,call,7900.0,29.6,30.1,29.85
2026-10-28,put,7900.0,226.8,232.7,229.75
2026-10-28,call,7925.0,24.2,25.0,24.6
2026-10-28,put,7925.0,246.3,252.3,249.3
2026-10-28,call,7950.0,19.7,20.1,19.9
2026-10-28,put,7950.0,266.6,272.4,269.5
2026-10-28,call,7975.0,15.9,16.6,16.25
2026-10-28,put,7975.0,287.8,294.1,290.95000000000005
2026-10-28,call,8000.0,13.0,13.3,13.15
2026-10-28,put,8000.0,309.5,316.0,312.75
2026-10-28,call,8025.0,10.5,10.9,10.7
2026-10-28,put,8025.0,331.3,338.5,334.9
2026-10-28,call,8050.0,8.4,8.8,8.600000000000001
2026-10-28,put,8050.0,354.1,362.1,358.1
2026-10-28,call,8075.0,6.8,7.2,7.0
2026-10-28,put,8075.0,377.3,385.3,381.3
2026-10-28,call,8100.0,5.5,5.9,5.7
2026-10-28,put,8100.0,400.9,408.9,404.9
2026-10-28,call,8125.0,4.3,4.9,4.6
2026-10-28,put,8125.0,424.8,432.8,428.8
2026-10-28,call,8150.0,3.5,4.0,3.75
2026-10-28,put,8150.0,448.9,456.9,452.9
2026-10-28,call,8175.0,2.9,3.4,3.15
2026-10-28,put,8175.0,473.2,481.2,477.2
2026-10-28,call,8200.0,2.5,2.75,2.625
2026-10-28,put,8200.0,497.6,505.6,501.6
2026-10-28,call,8225.0,2.1,2.35,2.225
2026-10-28,put,8225.0,522.1,530.1,526.1
2026-10-28,call,8250.0,1.8,2.05,1.9249999999999998
2026-10-28,put,8250.0,546.7,554.7,550.7
2026-10-28,call,8275.0,1.55,1.8,1.675
2026-10-28,put,8275.0,571.4,579.4,575.4
2026-10-28,call,8300.0,1.35,1.6,1.475
2026-10-28,put,8300.0,596.1,604.1,600.1
2026-10-28,call,8400.0,0.75,1.0,0.875
2026-10-28,put,8400.0,695.1,703.1,699.1
2026-10-28,call,8500.0,0.4,0.65,0.525
2026-10-28,put,8500.0,794.5,802.5,798.5
2026-10-28,call,8600.0,0.25,0.5,0.375
2026-10-28,put,8600.0,894.0,902.0,898.0
2026-10-28,call,8800.0,0.1,0.35,0.22499999999999998
2026-10-28,put,8800.0,1093.1,1101.1,1097.1
2026-10-28,put,9000.0,1292.3,1300.3,1296.3
2026-10-28,put,9200.0,1491.6,1499.6,1495.6
2026-10-28,put,9400.0,1690.9,1698.9,1694.9
2026-10-28,put,9600.0,1890.2,1898.2,1894.2
2026-10-28,put,9800.0,2089.5,2097.5,2093.5
2026-10-28,put,10000.0,2288.8,2296.8,2292.8
2026-10-29,call,3200.0,4480.4,4488.4,4484.4
2026-10-29,call,3400.0,4281.1,4289.1,4285.1
2026-10-29,call,3600.0,4081.9,4089.9,4085.9
2026-10-29,put,3600.0,0.05,0.25,0.15
2026-10-29,call,3800.0,3882.6,3890.6,3886.6
2026-10-29,put,3800.0,0.05,0.3,0.175
2026-10-29,call,4000.0,3683.4,3691.4,3687.4
2026-10-29,put,4000.0,0.1,0.35,0.22499999999999998
2026-10-29,call,4200.0,3484.2,3492.2,3488.2
2026-10-29,put,4200.0,0.15,0.4,0.275
2026-10-29,call,4400.0,3285.0,3293.0,3289.0
2026-10-29,put,4400.0,0.25,0.5,0.375
2026-10-29,call,4600.0,3085.8,3093.8,3089.8
2026-10-29,put,4600.0,0.35,0.6,0.475
2026-10-29,call,4800.0,2886.6,2894.6,2890.6
2026-10-29,put,4800.0,0.45,0.7,0.575
2026-10-29,call,5000.0,2687.5,2695.5,2691.5
2026-10-29,put,5000.0,0.65,0.9,0.775
2026-10-29,call,5200.0,2488.5,2496.5,2492.5
2026-10-29,put,5200.0,0.9,1.15,1.025
2026-10-29,call,5400.0,2289.5,2297.5,2293.5
2026-10-29,put,5400.0,1.2,1.45,1.325
2026-10-29,call,5600.0,2090.7,2098.7,2094.7
2026-10-29,put,5600.0,1.6,1.85,1.725
2026-10-29,call,5800.0,1891.9,1899.9,1895.9
2026-10-29,put,5800.0,2.1,2.35,2.225
2026-10-29,call,6000.0,1693.2,1701.2,1697.2
2026-10-29,put,6000.0,2.7,3.1,2.9000000000000004
2026-10-29,call,6200.0,1494.7,1502.7,1498.7
2026-10-29,put,6200.0,3.4,3.9,3.65
2026-10-29,call,6300.0,1395.6,1403.6,1399.6
2026-10-29,put,6300.0,3.9,4.4,4.15
2026-10-29,call,6400.0,1296.6,1304.6,1300.6
2026-10-29,put,6400.0,4.5,5.0,4.75
2026-10-29,call,6500.0,1197.7,1205.7,1201.7
2026-10-29,put,6500.0,5.4,5.8,5.6
2026-10-29,call,6600.0,1099.0,1107.0,1103.0
2026-10-29,put,6600.0,6.3,6.7,6.5
2026-10-29,call,6625.0,1074.4,1082.4,1078.4
2026-10-29,put,6625.0,6.5,6.9,6.7
2026-10-29,call,6650.0,1049.7,1057.7,1053.7
2026-10-29,put,6650.0,6.9,7.2,7.050000000000001
2026-10-29,call,6675.0,1025.1,1033.1,1029.1
2026-10-29,put,6675.0,7.1,7.5,7.3
2026-10-29,call,6700.0,1000.5,1008.5,1004.5
2026-10-29,put,6700.0,7.5,7.8,7.65
2026-10-29,call,6725.0,975.9,983.9,979.9
2026-10-29,put,6725.0,7.8,8.2,8.0
2026-10-29,call,6750.0,951.4,959.4,955.4
2026-10-29,put,6750.0,8.1,8.5,8.3
2026-10-29,call,6775.0,926.9,934.9,930.9
2026-10-29,put,6775.0,8.5,8.9,8.7
2026-10-29,call,6800.0,902.4,910.4,906.4
2026-10-29,put,6800.0,8.9,9.3,9.100000000000001
2026-10-29,call,6825.0,877.9,885.9,881.9
2026-10-29,put,6825.0,9.4,9.8,9.600000000000001
2026-10-29,call,6850.0,853.4,861.4,857.4
2026-10-29,put,6850.0,9.8,10.2,10.0
2026-10-29,call,6875.0,829.0,837.0,833.0
2026-10-29,put,6875.0,10.3,10.7,10.5
2026-10-29,call,6900.0,804.6,812.6,808.6
2026-10-29,put,6900.0,10.8,11.2,11.0
2026-10-29,call,6925.0,780.3,788.3,784.3
2026-10-29,put,6925.0,11.4,11.8,11.600000000000001
2026-10-29,call,6950.0,756.0,764.0,760.0
2026-10-29,put,6950.0,12.0,12.4,12.2
2026-10-29,call,6975.0,731.8,739.8,735.8
2026-10-29,put,6975.0,12.7,13.1,12.899999999999999
2026-10-29,call,7000.0,707.6,715.6,711.6
2026-10-29,put,7000.0,13.4,13.8,13.600000000000001
2026-10-29,call,7025.0,683.5,691.5,687.5
2026-10-29,put,7025.0,14.2,14.6,14.399999999999999
2026-10-29,call,7050.0,659.8,667.8,663.8
2026-10-29,put,7050.0,15.1,15.5,15.3
2026-10-29,call,7075.0,635.9,643.9,639.9
2026-10-29,put,7075.0,16.0,16.6,16.3
2026-10-29,call,7100.0,612.0,620.0,616.0
2026-10-29,put,7100.0,17.0,17.6,17.3
2026-10-29,call,7125.0,588.2,596.2,592.2
2026-10-29,put,7125.0,18.1,18.7,18.4
2026-10-29,call,7150.0,565.2,571.9,568.55
2026-10-29,put,7150.0,19.3,20.0,19.65
2026-10-29,call,7175.0,541.5,548.2,544.85
2026-10-29,put,7175.0,20.7,21.4,21.049999999999997
2026-10-29,call,7200.0,517.9,524.5,521.2
2026-10-29,put,7200.0,22.1,22.9,22.5
2026-10-29,call,7225.0,494.9,501.0,497.95
2026-10-29,put,7225.0,23.7,24.5,24.1
2026-10-29,call,7250.0,471.8,478.3,475.05
2026-10-29,put,7250.0,25.5,26.3,25.9
2026-10-29,call,7275.0,448.7,455.1,451.9
2026-10-29,put,7275.0,27.5,28.3,27.9
2026-10-29,call,7300.0,426.2,432.1,429.15
2026-10-29,put,7300.0,29.7,30.5,30.1
2026-10-29,call,7325.0,403.7,409.5,406.6
2026-10-29,put,7325.0,32.1,32.9,32.5
2026-10-29,call,7350.0,381.0,387.6,384.3
2026-10-29,put,7350.0,34.8,35.5,35.15
2026-10-29,call,7375.0,359.4,365.0,362.2
2026-10-29,put,7375.0,37.6,38.4,38.0
2026-10-29,call,7400.0,337.4,343.7,340.54999999999995
2026-10-29,put,7400.0,40.7,41.5,41.1
2026-10-29,call,7425.0,316.3,321.8,319.05
2026-10-29,put,7425.0,44.2,45.0,44.6
2026-10-29,call,7450.0,295.2,301.0,298.1
2026-10-29,put,7450.0,48.1,48.9,48.5
2026-10-29,call,7475.0,274.4,280.3,277.35
2026-10-29,put,7475.0,52.2,53.2,52.7
2026-10-29,call,7500.0,254.3,259.9,257.1
2026-10-29,put,7500.0,56.7,57.8,57.25
2026-10-29,call,7525.0,234.6,240.0,237.3
2026-10-29,put,7525.0,61.9,63.0,62.45
2026-10-29,call,7530.0,230.7,236.1,233.39999999999998
2026-10-29,put,7530.0,62.9,64.2,63.55
2026-10-29,call,7540.0,223.0,228.4,225.7
2026-10-29,put,7540.0,65.2,66.4,65.80000000000001
2026-10-29,call,7550.0,216.5,220.0,218.25
2026-10-29,put,7550.0,67.5,68.6,68.05
2026-10-29,call,7560.0,209.0,212.4,210.7
2026-10-29,put,7560.0,69.9,70.9,70.4
2026-10-29,call,7570.0,201.8,204.5,203.15
2026-10-29,put,7570.0,72.4,73.5,72.95
2026-10-29,call,7575.0,198.1,200.8,199.45
2026-10-29,put,7575.0,73.7,74.7,74.2
2026-10-29,call,7580.0,194.5,197.1,195.8
2026-10-29,put,7580.0,75.0,76.0,75.5
2026-10-29,call,7590.0,187.2,189.8,188.5
2026-10-29,put,7590.0,77.7,78.8,78.25
2026-10-29,call,7600.0,180.0,182.7,181.35
2026-10-29,put,7600.0,80.4,81.6,81.0
2026-10-29,call,7610.0,173.0,175.7,174.35
2026-10-29,put,7610.0,83.3,84.5,83.9
2026-10-29,call,7620.0,166.1,168.8,167.45
2026-10-29,put,7620.0,86.3,87.5,86.9
2026-10-29,call,7625.0,162.6,165.4,164.0
2026-10-29,put,7625.0,87.9,89.2,88.55000000000001
2026-10-29,call,7630.0,159.2,162.0,160.6
2026-10-29,put,7630.0,89.6,90.6,90.1
2026-10-29,call,7640.0,152.5,155.3,153.9
2026-10-29,put,7640.0,92.7,93.9,93.30000000000001
2026-10-29,call,7650.0,146.5,148.3,147.4
2026-10-29,put,7650.0,96.1,97.3,96.69999999999999
2026-10-29,call,7660.0,140.0,141.8,140.9
2026-10-29,put,7660.0,99.5,100.8,100.15
2026-10-29,call,7670.0,133.8,135.4,134.60000000000002
2026-10-29,put,7670.0,103.2,104.8,104.0
2026-10-29,call,7675.0,130.6,132.3,131.45
2026-10-29,put,7675.0,105.1,106.7,105.9
2026-10-29,call,7680.0,127.7,129.2,128.45
2026-10-29,put,7680.0,107.0,108.8,107.9
2026-10-29,call,7690.0,121.5,123.2,122.35
2026-10-29,put,7690.0,110.9,112.5,111.7
2026-10-29,call,7700.0,115.6,117.2,116.4
2026-10-29,put,7700.0,115.0,116.6,115.8
2026-10-29,call,7710.0,110.0,111.5,110.75
2026-10-29,put,7710.0,119.2,121.1,120.15
2026-10-29,call,7720.0,104.4,106.0,105.2
2026-10-29,put,7720.0,123.4,125.2,124.30000000000001
2026-10-29,call,7725.0,101.6,103.2,102.4
2026-10-29,put,7725.0,125.6,127.5,126.55
2026-10-29,call,7730.0,99.1,100.4,99.75
2026-10-29,put,7730.0,127.8,130.2,129.0
2026-10-29,call,7740.0,93.8,95.2,94.5
2026-10-29,put,7740.0,132.3,134.7,133.5
2026-10-29,call,7750.0,88.8,90.1,89.44999999999999
2026-10-29,put,7750.0,137.2,140.0,138.6
2026-10-29,call,7760.0,83.8,85.2,84.5
2026-10-29,put,7760.0,142.2,145.0,143.6
2026-10-29,call,7770.0,79.1,80.4,79.75
2026-10-29,put,7770.0,147.4,150.2,148.8
2026-10-29,call,7775.0,76.8,78.0,77.4
2026-10-29,put,7775.0,150.1,152.8,151.45
2026-10-29,call,7780.0,74.4,75.7,75.05000000000001
2026-10-29,put,7780.0,152.8,155.6,154.2
2026-10-29,call,7790.0,70.0,71.4,70.7
2026-10-29,put,7790.0,158.3,161.1,159.7
2026-10-29,call,7800.0,65.7,67.2,66.45
2026-10-29,put,7800.0,164.0,166.9,165.45
2026-10-29,call,7810.0,61.7,63.1,62.400000000000006
2026-10-29,put,7810.0,169.9,172.7,171.3
2026-10-29,call,7820.0,57.8,59.1,58.45
2026-10-29,put,7820.0,176.1,178.7,177.39999999999998
2026-10-29,call,7825.0,55.9,57.1,56.5
2026-10-29,put,7825.0,179.2,181.8,180.5
2026-10-29,call,7850.0,47.5,48.3,47.9
2026-10-29,put,7850.0,195.4,198.0,196.7
2026-10-29,call,7875.0,39.8,40.6,40.2
2026-10-29,put,7875.0,210.8,216.4,213.60000000000002
2026-10-29,call,7900.0,33.2,34.0,33.6
2026-10-29,put,7900.0,229.1,234.9,232.0
2026-10-29,call,7925.0,27.4,28.2,27.799999999999997
2026-10-29,put,7925.0,248.1,254.1,251.1
2026-10-29,call,7950.0,22.6,23.3,22.950000000000003
2026-10-29,put,7950.0,268.2,273.9,271.04999999999995
2026-10-29,call,7975.0,18.4,19.2,18.799999999999997
2026-10-29,put,7975.0,289.0,295.3,292.15
2026-10-29,call,8000.0,15.2,15.6,15.399999999999999
2026-10-29,put,8000.0,309.9,316.4,313.15
2026-10-29,call,8025.0,12.4,12.7,12.55
2026-10-29,put,8025.0,332.1,339.1,335.6
2026-10-29,call,8050.0,10.0,10.4,10.2
2026-10-29,put,8050.0,354.5,362.5,358.5
2026-10-29,call,8075.0,8.1,8.5,8.3
2026-10-29,put,8075.0,377.5,385.5,381.5
2026-10-29,call,8100.0,6.6,7.0,6.8
2026-10-29,put,8100.0,400.9,408.9,404.9
2026-10-29,call,8125.0,5.3,5.7,5.5
2026-10-29,put,8125.0,424.5,432.5,428.5
2026-10-29,call,8150.0,4.2,4.8,4.5
2026-10-29,put,8150.0,448.5,456.5,452.5
2026-10-29,call,8175.0,3.5,4.0,3.75
2026-10-29,put,8175.0,472.6,480.6,476.6
2026-10-29,call,8200.0,2.9,3.4,3.15
2026-10-29,put,8200.0,496.9,504.9,500.9
2026-10-29,call,8225.0,2.6,2.85,2.725
2026-10-29,put,8225.0,521.4,529.4,525.4
2026-10-29,call,8250.0,2.2,2.45,2.325
2026-10-29,put,8250.0,545.9,553.9,549.9
2026-10-29,call,8275.0,1.85,2.1,1.975
2026-10-29,put,8275.0,570.5,578.5,574.5
2026-10-29,call,8300.0,1.6,1.85,1.725
2026-10-29,put,8300.0,595.2,603.2,599.2
2026-10-29,call,8400.0,0.9,1.15,1.025
2026-10-29,put,8400.0,694.1,702.1,698.1
2026-10-29,call,8500.0,0.55,0.8,0.675
2026-10-29,put,8500.0,793.4,801.4,797.4
2026-10-29,call,8600.0,0.3,0.55,0.42500000000000004
2026-10-29,put,8600.0,892.8,900.8,896.8
2026-10-29,call,8800.0,0.1,0.35,0.22499999999999998
2026-10-29,put,8800.0,1091.9,1099.9,1095.9
2026-10-29,put,9000.0,1291.1,1299.1,1295.1
2026-10-29,put,9200.0,1490.3,1498.3,1494.3
2026-10-29,put,9400.0,1689.6,1697.6,1693.6
2026-10-29,put,9600.0,1888.8,1896.8,1892.8
2026-10-29,put,9800.0,2088.1,2096.1,2092.1
2026-10-29,put,10000.0,2287.4,2295.4,2291.4
2026-10-30,call,2600.0,5079.2,5087.2,5083.2
2026-10-30,call,2800.0,4880.0,4888.0,4884.0
2026-10-30,call,3000.0,4680.8,4688.8,4684.8
2026-10-30,call,3200.0,4481.7,4489.7,4485.7
2026-10-30,call,3400.0,4282.5,4290.5,4286.5
2026-10-30,put,3400.0,0.05,0.25,0.15
2026-10-30,call,3600.0,4083.3,4091.3,4087.3
2026-10-30,put,3600.0,0.05,0.25,0.15
2026-10-30,call,3800.0,3884.1,3892.1,3888.1
2026-10-30,put,3800.0,0.1,0.3,0.2
2026-10-30,call,4000.0,3685.0,3693.0,3689.0
2026-10-30,put,4000.0,0.15,0.35,0.25
2026-10-30,call,4200.0,3485.8,3493.8,3489.8
2026-10-30,put,4200.0,0.2,0.45,0.325
2026-10-30,call,4300.0,3386.3,3394.3,3390.3
2026-10-30,put,4300.0,0.25,0.5,0.375
2026-10-30,call,4400.0,3286.7,3294.7,3290.7
2026-10-30,put,4400.0,0.3,0.5,0.4
2026-10-30,call,4500.0,3187.2,3195.2,3191.2
2026-10-30,put,4500.0,0.35,0.55,0.45
2026-10-30,call,4600.0,3087.6,3095.6,3091.6
2026-10-30,put,4600.0,0.4,0.65,0.525
2026-10-30,call,4700.0,2988.1,2996.1,2992.1
2026-10-30,put,4700.0,0.45,0.7,0.575
2026-10-30,call,4800.0,2888.6,2896.6,2892.6
2026-10-30,put,4800.0,0.55,0.8,0.675
2026-10-30,call,4900.0,2789.1,2797.1,2793.1
2026-10-30,put,4900.0,0.6,0.85,0.725
2026-10-30,call,5000.0,2689.6,2697.6,2693.6
2026-10-30,put,5000.0,0.75,0.95,0.85
2026-10-30,call,5100.0,2590.1,2598.1,2594.1
2026-10-30,put,5100.0,0.85,1.1,0.9750000000000001
2026-10-30,call,5200.0,2490.6,2498.6,2494.6
2026-10-30,put,5200.0,1.0,1.25,1.125
2026-10-30,call,5300.0,2391.2,2399.2,2395.2
2026-10-30,put,5300.0,1.15,1.4,1.275
2026-10-30,call,5400.0,2291.7,2299.7,2295.7
2026-10-30,put,5400.0,1.35,1.6,1.475
2026-10-30,call,5450.0,2242.0,2250.0,2246.0
2026-10-30,put,5450.0,1.4,1.65,1.525
2026-10-30,call,5500.0,2192.3,2200.3,2196.3
2026-10-30,put,5500.0,1.55,1.8,1.675
2026-10-30,call,5550.0,2142.6,2150.6,2146.6
2026-10-30,put,5550.0,1.65,1.9,1.775
2026-10-30,call,5600.0,2093.0,2101.0,2097.0
2026-10-30,put,5600.0,1.75,2.0,1.875
2026-10-30,call,5650.0,2043.3,2051.3,2047.3000000000002
2026-10-30,put,5650.0,1.9,2.15,2.025
2026-10-30,call,5700.0,1993.6,2001.6,1997.6
2026-10-30,put,5700.0,2.0,2.25,2.125
2026-10-30,call,5750.0,1943.9,1951.9,1947.9
2026-10-30,put,5750.0,2.15,2.4,2.275
2026-10-30,call,5760.0,1934.0,1942.0,1938.0
2026-10-30,put,5760.0,2.15,2.4,2.275
2026-10-30,call,5770.0,1924.1,1932.1,1928.1
2026-10-30,put,5770.0,2.2,2.45,2.325
2026-10-30,call,5780.0,1914.1,1922.1,1918.1
2026-10-30,put,5780.0,2.25,2.5,2.375
2026-10-30,call,5790.0,1904.2,1912.2,1908.2
2026-10-30,put,5790.0,2.25,2.5,2.375
2026-10-30,call,5800.0,1894.3,1902.3,1898.3
2026-10-30,put,5800.0,2.3,2.55,2.425
2026-10-30,call,5810.0,1884.3,1892.3,1888.3
2026-10-30,put,5810.0,2.3,2.55,2.425
2026-10-30,call,5820.0,1874.4,1882.4,1878.4
2026-10-30,put,5820.0,2.35,2.6,2.475
2026-10-30,call,5830.0,1864.5,1872.5,1868.5
2026-10-30,put,5830.0,2.4,2.65,2.525
2026-10-30,call,5840.0,1854.6,1862.6,1858.6
2026-10-30,put,5840.0,2.4,2.65,2.525
2026-10-30,call,5850.0,1844.6,1852.6,1848.6
2026-10-30,put,5850.0,2.45,2.7,2.575
2026-10-30,call,5860.0,1834.7,1842.7,1838.7
2026-10-30,put,5860.0,2.45,2.7,2.575
2026-10-30,call,5870.0,1824.8,1832.8,1828.8
2026-10-30,put,5870.0,2.5,2.75,2.625
2026-10-30,call,5875.0,1819.8,1827.8,1823.8
2026-10-30,put,5875.0,2.5,2.75,2.625
2026-10-30,call,5880.0,1814.8,1822.8,1818.8
2026-10-30,put,5880.0,2.55,2.8,2.675
2026-10-30,call,5890.0,1804.9,1812.9,1808.9
2026-10-30,put,5890.0,2.55,2.85,2.7
2026-10-30,call,5900.0,1795.0,1803.0,1799.0
2026-10-30,put,5900.0,2.55,2.9,2.7249999999999996
2026-10-30,call,5910.0,1785.1,1793.1,1789.1
2026-10-30,put,5910.0,2.6,2.95,2.7750000000000004
2026-10-30,call,5920.0,1775.1,1783.1,1779.1
2026-10-30,put,5920.0,2.65,2.95,2.8
2026-10-30,call,5925.0,1770.2,1778.2,1774.2
2026-10-30,put,5925.0,2.65,3.0,2.825
2026-10-30,call,5930.0,1765.2,1773.2,1769.2
2026-10-30,put,5930.0,2.65,3.0,2.825
2026-10-30,call,5940.0,1755.3,1763.3,1759.3
2026-10-30,put,5940.0,2.7,3.1,2.9000000000000004
2026-10-30,call,5950.0,1745.4,1753.4,1749.4
2026-10-30,put,5950.0,2.8,3.1,2.95
2026-10-30,call,5960.0,1735.4,1743.4,1739.4
2026-10-30,put,5960.0,2.75,3.1,2.925
2026-10-30,call,5970.0,1725.5,1733.5,1729.5
2026-10-30,put,5970.0,2.8,3.2,3.0
2026-10-30,call,5975.0,1720.6,1728.6,1724.6
2026-10-30,put,5975.0,2.85,3.2,3.0250000000000004
2026-10-30,call,5980.0,1715.6,1723.6,1719.6
2026-10-30,put,5980.0,2.85,3.2,3.0250000000000004
2026-10-30,call,5990.0,1705.7,1713.7,1709.7
2026-10-30,put,5990.0,2.85,3.3,3.075
2026-10-30,call,6000.0,1695.7,1703.7,1699.7
2026-10-30,put,6000.0,3.0,3.2,3.1
2026-10-30,call,6010.0,1685.8,1693.8,1689.8
2026-10-30,put,6010.0,2.95,3.3,3.125
2026-10-30,call,6020.0,1675.9,1683.9,1679.9
2026-10-30,put,6020.0,2.95,3.4,3.175
2026-10-30,call,6025.0,1670.9,1678.9,1674.9
2026-10-30,put,6025.0,3.0,3.4,3.2
2026-10-30,call,6030.0,1666.0,1674.0,1670.0
2026-10-30,put,6030.0,3.0,3.4,3.2
2026-10-30,call,6040.0,1656.1,1664.1,1660.1
2026-10-30,put,6040.0,3.0,3.5,3.25
2026-10-30,call,6050.0,1646.1,1654.1,1650.1
2026-10-30,put,6050.0,3.1,3.5,3.3
2026-10-30,call,6060.0,1636.2,1644.2,1640.2
2026-10-30,put,6060.0,3.1,3.5,3.3
2026-10-30,call,6070.0,1626.3,1634.3,1630.3
2026-10-30,put,6070.0,3.1,3.6,3.35
2026-10-30,call,6075.0,1621.3,1629.3,1625.3
2026-10-30,put,6075.0,3.2,3.6,3.4000000000000004
2026-10-30,call,6080.0,1616.4,1624.4,1620.4
2026-10-30,put,6080.0,3.2,3.6,3.4000000000000004
2026-10-30,call,6090.0,1606.5,1614.5,1610.5
2026-10-30,put,6090.0,3.2,3.7,3.45
2026-10-30,call,6100.0,1596.6,1604.6,1600.6
2026-10-30,put,6100.0,3.3,3.7,3.5
2026-10-30,call,6110.0,1586.6,1594.6,1590.6
2026-10-30,put,6110.0,3.3,3.7,3.5
2026-10-30,call,6120.0,1576.7,1584.7,1580.7
2026-10-30,put,6120.0,3.4,3.8,3.5999999999999996
2026-10-30,call,6125.0,1571.8,1579.8,1575.8
2026-10-30,put,6125.0,3.4,3.8,3.5999999999999996
2026-10-30,call,6130.0,1566.8,1574.8,1570.8
2026-10-30,put,6130.0,3.4,3.8,3.5999999999999996
2026-10-30,call,6140.0,1556.9,1564.9,1560.9
2026-10-30,put,6140.0,3.5,3.9,3.7
2026-10-30,call,6150.0,1547.0,1555.0,1551.0
2026-10-30,put,6150.0,3.6,3.9,3.75
2026-10-30,call,6160.0,1537.1,1545.1,1541.1
2026-10-30,put,6160.0,3.6,4.0,3.8
2026-10-30,call,6170.0,1527.2,1535.2,1531.2
2026-10-30,put,6170.0,3.6,4.0,3.8
2026-10-30,call,6175.0,1522.2,1530.2,1526.2
2026-10-30,put,6175.0,3.6,4.0,3.8
2026-10-30,call,6180.0,1517.3,1525.3,1521.3
2026-10-30,put,6180.0,3.6,4.1,3.8499999999999996
2026-10-30,call,6190.0,1507.3,1515.3,1511.3
2026-10-30,put,6190.0,3.7,4.1,3.9
2026-10-30,call,6200.0,1497.4,1505.4,1501.4
2026-10-30,put,6200.0,3.8,4.1,3.9499999999999997
2026-10-30,call,6210.0,1487.5,1495.5,1491.5
2026-10-30,put,6210.0,3.8,4.2,4.0
2026-10-30,call,6220.0,1477.6,1485.6,1481.6
2026-10-30,put,6220.0,3.9,4.3,4.1
2026-10-30,call,6225.0,1472.7,1480.7,1476.7
2026-10-30,put,6225.0,3.9,4.3,4.1
2026-10-30,call,6230.0,1467.7,1475.7,1471.7
2026-10-30,put,6230.0,3.9,4.3,4.1
2026-10-30,call,6240.0,1457.8,1465.8,1461.8
2026-10-30,put,6240.0,4.0,4.4,4.2
2026-10-30,call,6250.0,1447.9,1455.9,1451.9
2026-10-30,put,6250.0,4.1,4.4,4.25
2026-10-30,call,6260.0,1438.0,1446.0,1442.0
2026-10-30,put,6260.0,4.1,4.5,4.3
2026-10-30,call,6270.0,1428.1,1436.1,1432.1
2026-10-30,put,6270.0,4.1,4.6,4.35
2026-10-30,call,6275.0,1423.1,1431.1,1427.1
2026-10-30,put,6275.0,4.2,4.6,4.4
2026-10-30,call,6280.0,1418.2,1426.2,1422.2
2026-10-30,put,6280.0,4.2,4.6,4.4
2026-10-30,call,6290.0,1408.3,1416.3,1412.3
2026-10-30,put,6290.0,4.2,4.7,4.45
2026-10-30,call,6300.0,1398.4,1406.4,1402.4
2026-10-30,put,6300.0,4.4,4.7,4.550000000000001
2026-10-30,call,6310.0,1388.5,1396.5,1392.5
2026-10-30,put,6310.0,4.4,4.8,4.6
2026-10-30,call,6320.0,1378.6,1386.6,1382.6
2026-10-30,put,6320.0,4.4,4.9,4.65
2026-10-30,call,6325.0,1373.6,1381.6,1377.6
2026-10-30,put,6325.0,4.5,4.9,4.7
2026-10-30,call,6330.0,1368.7,1376.7,1372.7
2026-10-30,put,6330.0,4.5,4.9,4.7
2026-10-30,call,6340.0,1358.8,1366.8,1362.8
2026-10-30,put,6340.0,4.5,5.0,4.75
2026-10-30,call,6350.0,1348.9,1356.9,1352.9
2026-10-30,put,6350.0,4.6,5.1,4.85
2026-10-30,call,6360.0,1339.0,1347.0,1343.0
2026-10-30,put,6360.0,4.7,5.1,4.9
2026-10-30,call,6370.0,1329.1,1337.1,1333.1
2026-10-30,put,6370.0,4.7,5.2,4.95
2026-10-30,call,6375.0,1324.2,1332.2,1328.2
2026-10-30,put,6375.0,4.8,5.2,5.0
2026-10-30,call,6380.0,1319.2,1327.2,1323.2
2026-10-30,put,6380.0,4.8,5.3,5.05
2026-10-30,call,6390.0,1309.3,1317.3,1313.3
2026-10-30,put,6390.0,4.9,5.3,5.1
2026-10-30,call,6400.0,1299.5,1307.5,1303.5
2026-10-30,put,6400.0,5.0,5.4,5.2
2026-10-30,call,6410.0,1289.6,1297.6,1293.6
2026-10-30,put,6410.0,5.0,5.5,5.25
2026-10-30,call,6420.0,1279.7,1287.7,1283.7
2026-10-30,put,6420.0,5.1,5.5,5.3
2026-10-30,call,6425.0,1274.7,1282.7,1278.7
2026-10-30,put,6425.0,5.1,5.6,5.35
2026-10-30,call,6430.0,1269.8,1277.8,1273.8
2026-10-30,put,6430.0,5.2,5.6,5.4
2026-10-30,call,6440.0,1259.9,1267.9,1263.9
2026-10-30,put,6440.0,5.3,5.7,5.5
2026-10-30,call,6450.0,1250.0,1258.0,1254.0
2026-10-30,put,6450.0,5.4,5.8,5.6
2026-10-30,call,6460.0,1240.2,1248.2,1244.2
2026-10-30,put,6460.0,5.5,5.9,5.7
2026-10-30,call,6470.0,1230.3,1238.3,1234.3
2026-10-30,put,6470.0,5.5,5.9,5.7
2026-10-30,call,6475.0,1225.3,1233.3,1229.3
2026-10-30,put,6475.0,5.6,6.0,5.8
2026-10-30,call,6480.0,1220.4,1228.4,1224.4
2026-10-30,put,6480.0,5.6,6.0,5.8
2026-10-30,call,6490.0,1210.5,1218.5,1214.5
2026-10-30,put,6490.0,5.7,6.1,5.9
2026-10-30,call,6500.0,1200.6,1208.6,1204.6
2026-10-30,put,6500.0,5.8,6.2,6.0
2026-10-30,call,6510.0,1190.8,1198.8,1194.8
2026-10-30,put,6510.0,5.9,6.3,6.1
2026-10-30,call,6520.0,1180.9,1188.9,1184.9
2026-10-30,put,6520.0,6.0,6.4,6.2
2026-10-30,call,6525.0,1176.0,1184.0,1180.0
2026-10-30,put,6525.0,6.0,6.4,6.2
2026-10-30,call,6530.0,1171.0,1179.0,1175.0
2026-10-30,put,6530.0,6.1,6.5,6.3
2026-10-30,call,6540.0,1161.2,1169.2,1165.2
2026-10-30,put,6540.0,6.2,6.6,6.4
2026-10-30,call,6550.0,1151.3,1159.3,1155.3
2026-10-30,put,6550.0,6.3,6.7,6.5
2026-10-30,call,6560.0,1141.4,1149.4,1145.4
2026-10-30,put,6560.0,6.3,6.7,6.5
2026-10-30,call,6570.0,1131.6,1139.6,1135.6
2026-10-30,put,6570.0,6.4,6.8,6.6
2026-10-30,call,6575.0,1126.7,1134.7,1130.7
2026-10-30,put,6575.0,6.5,6.9,6.7
2026-10-30,call,6580.0,1121.7,1129.7,1125.7
2026-10-30,put,6580.0,6.6,7.0,6.8
2026-10-30,call,6590.0,1111.9,1119.9,1115.9
2026-10-30,put,6590.0,6.7,7.1,6.9
2026-10-30,call,6600.0,1102.0,1110.0,1106.0
2026-10-30,put,6600.0,6.8,7.2,7.0
2026-10-30,call,6610.0,1092.2,1100.2,1096.2
2026-10-30,put,6610.0,6.9,7.3,7.1
2026-10-30,call,6620.0,1082.3,1090.3,1086.3
2026-10-30,put,6620.0,7.0,7.4,7.2
2026-10-30,call,6625.0,1077.4,1085.4,1081.4
2026-10-30,put,6625.0,7.1,7.5,7.3
2026-10-30,call,6630.0,1072.5,1080.5,1076.5
2026-10-30,put,6630.0,7.1,7.5,7.3
2026-10-30,call,6640.0,1062.6,1070.6,1066.6
2026-10-30,put,6640.0,7.2,7.6,7.4
2026-10-30,call,6650.0,1052.8,1060.8,1056.8
2026-10-30,put,6650.0,7.4,7.8,7.6
2026-10-30,call,6660.0,1043.0,1051.0,1047.0
2026-10-30,put,6660.0,7.5,7.9,7.7
2026-10-30,call,6670.0,1033.1,1041.1,1037.1
2026-10-30,put,6670.0,7.6,8.0,7.8
2026-10-30,call,6675.0,1028.2,1036.2,1032.2
2026-10-30,put,6675.0,7.7,8.1,7.9
2026-10-30,call,6680.0,1023.3,1031.3,1027.3
2026-10-30,put,6680.0,7.7,8.1,7.9
2026-10-30,call,6690.0,1013.5,1021.5,1017.5
2026-10-30,put,6690.0,7.9,8.3,8.100000000000001
2026-10-30,call,6700.0,1003.6,1011.6,1007.6
2026-10-30,put,6700.0,8.0,8.3,8.15
2026-10-30,call,6710.0,993.8,1001.8,997.8
2026-10-30,put,6710.0,8.2,8.6,8.399999999999999
2026-10-30,call,6720.0,984.0,992.0,988.0
2026-10-30,put,6720.0,8.3,8.7,8.5
2026-10-30,call,6725.0,979.1,987.1,983.1
2026-10-30,put,6725.0,8.4,8.8,8.600000000000001
2026-10-30,call,6730.0,974.2,982.2,978.2
2026-10-30,put,6730.0,8.4,8.8,8.600000000000001
2026-10-30,call,6740.0,964.4,972.4,968.4
2026-10-30,put,6740.0,8.6,9.0,8.8
2026-10-30,call,6750.0,954.6,962.6,958.6
2026-10-30,put,6750.0,8.7,9.1,8.899999999999999
2026-10-30,call,6760.0,944.8,952.8,948.8
2026-10-30,put,6760.0,8.9,9.3,9.100000000000001
2026-10-30,call,6770.0,935.0,943.0,939.0
2026-10-30,put,6770.0,9.1,9.5,9.3
2026-10-30,call,6775.0,930.1,938.1,934.1
2026-10-30,put,6775.0,9.1,9.5,9.3
2026-10-30,call,6780.0,925.2,933.2,929.2
2026-10-30,put,6780.0,9.3,9.7,9.5
2026-10-30,call,6790.0,915.4,923.4,919.4
2026-10-30,put,6790.0,9.4,9.8,9.600000000000001
2026-10-30,call,6800.0,905.6,913.6,909.6
2026-10-30,put,6800.0,9.6,9.9,9.75
2026-10-30,call,6810.0,895.8,903.8,899.8
2026-10-30,put,6810.0,9.8,10.2,10.0
2026-10-30,call,6820.0,886.0,894.0,890.0
2026-10-30,put,6820.0,9.9,10.3,10.100000000000001
2026-10-30,call,6825.0,881.2,889.2,885.2
2026-10-30,put,6825.0,10.1,10.5,10.3
2026-10-30,call,6830.0,876.3,884.3,880.3
2026-10-30,put,6830.0,10.2,10.6,10.399999999999999
2026-10-30,call,6840.0,866.5,874.5,870.5
2026-10-30,put,6840.0,10.3,10.7,10.5
2026-10-30,call,6850.0,856.8,864.8,860.8
2026-10-30,put,6850.0,10.6,11.0,10.8
2026-10-30,call,6860.0,847.0,855.0,851.0
2026-10-30,put,6860.0,10.8,11.2,11.0
2026-10-30,call,6865.0,842.1,850.1,846.1
2026-10-30,put,6865.0,10.9,11.3,11.100000000000001
2026-10-30,call,6870.0,837.3,845.3,841.3
2026-10-30,put,6870.0,11.0,11.4,11.2
2026-10-30,call,6875.0,832.4,840.4,836.4
2026-10-30,put,6875.0,11.1,11.5,11.3
2026-10-30,call,6880.0,827.5,835.5,831.5
2026-10-30,put,6880.0,11.2,11.6,11.399999999999999
2026-10-30,call,6885.0,822.6,830.6,826.6
2026-10-30,put,6885.0,11.3,11.7,11.5
2026-10-30,call,6890.0,817.8,825.8,821.8
2026-10-30,put,6890.0,11.4,11.8,11.600000000000001
2026-10-30,call,6895.0,812.9,820.9,816.9
2026-10-30,put,6895.0,11.5,11.9,11.7
2026-10-30,call,6900.0,808.1,816.1,812.1
2026-10-30,put,6900.0,11.7,12.0,11.85
2026-10-30,call,6905.0,803.2,811.2,807.2
2026-10-30,put,6905.0,11.8,12.2,12.0
2026-10-30,call,6910.0,798.3,806.3,802.3
2026-10-30,put,6910.0,11.9,12.3,12.100000000000001
2026-10-30,call,6915.0,793.5,801.5,797.5
2026-10-30,put,6915.0,12.0,12.4,12.2
2026-10-30,call,6920.0,788.6,796.6,792.6
2026-10-30,put,6920.0,12.2,12.6,12.399999999999999
2026-10-30,call,6925.0,784.2,792.2,788.2
2026-10-30,put,6925.0,12.3,12.7,12.5
2026-10-30,call,6930.0,779.3,787.3,783.3
2026-10-30,put,6930.0,12.4,12.8,12.600000000000001
2026-10-30,call,6935.0,774.5,782.5,778.5
2026-10-30,put,6935.0,12.5,12.9,12.7
2026-10-30,call,6940.0,769.6,777.6,773.6
2026-10-30,put,6940.0,12.7,13.1,12.899999999999999
2026-10-30,call,6945.0,764.8,772.8,768.8
2026-10-30,put,6945.0,12.8,13.2,13.0
2026-10-30,call,6950.0,759.9,767.9,763.9
2026-10-30,put,6950.0,12.9,13.3,13.100000000000001
2026-10-30,call,6955.0,755.1,763.1,759.1
2026-10-30,put,6955.0,13.1,13.5,13.3
2026-10-30,call,6960.0,750.2,758.2,754.2
2026-10-30,put,6960.0,13.2,13.6,13.399999999999999
2026-10-30,call,6965.0,745.4,753.4,749.4
2026-10-30,put,6965.0,13.4,13.8,13.600000000000001
2026-10-30,call,6970.0,740.6,748.6,744.6
2026-10-30,put,6970.0,13.5,13.9,13.7
2026-10-30,call,6975.0,735.7,743.7,739.7
2026-10-30,put,6975.0,13.6,14.0,13.8
2026-10-30,call,6980.0,730.9,738.9,734.9
2026-10-30,put,6980.0,13.8,14.2,14.0
2026-10-30,call,6985.0,726.1,734.1,730.1
2026-10-30,put,6985.0,14.0,14.4,14.2
2026-10-30,call,6990.0,721.3,729.3,725.3
2026-10-30,put,6990.0,14.1,14.5,14.3
2026-10-30,call,6995.0,716.4,724.4,720.4
2026-10-30,put,6995.0,14.3,14.7,14.5
2026-10-30,call,7000.0,711.6,719.6,715.6
2026-10-30,put,7000.0,14.4,14.8,14.600000000000001
2026-10-30,call,7005.0,706.8,714.8,710.8
2026-10-30,put,7005.0,14.6,15.0,14.8
2026-10-30,call,7010.0,702.0,710.0,706.0
2026-10-30,put,7010.0,14.8,15.2,15.0
2026-10-30,call,7015.0,697.2,705.2,701.2
2026-10-30,put,7015.0,15.0,15.4,15.2
2026-10-30,call,7020.0,692.4,700.4,696.4
2026-10-30,put,7020.0,15.1,15.5,15.3
2026-10-30,call,7025.0,687.6,695.6,691.6
2026-10-30,put,7025.0,15.2,15.8,15.5
2026-10-30,call,7030.0,682.8,690.8,686.8
2026-10-30,put,7030.0,15.4,16.0,15.7
2026-10-30,call,7035.0,678.0,686.0,682.0
2026-10-30,put,7035.0,15.5,16.1,15.8
2026-10-30,call,7040.0,673.2,681.2,677.2
2026-10-30,put,7040.0,15.7,16.3,16.0
2026-10-30,call,7045.0,668.4,676.4,672.4
2026-10-30,put,7045.0,15.9,16.5,16.2
2026-10-30,call,7050.0,663.6,671.6,667.6
2026-10-30,put,7050.0,16.1,16.7,16.4
2026-10-30,call,7055.0,658.8,666.8,662.8
2026-10-30,put,7055.0,16.3,16.9,16.6
2026-10-30,call,7060.0,654.0,662.0,658.0
2026-10-30,put,7060.0,16.5,17.1,16.8
2026-10-30,call,7065.0,649.2,657.2,653.2
2026-10-30,put,7065.0,16.7,17.3,17.0
2026-10-30,call,7070.0,644.5,652.5,648.5
2026-10-30,put,7070.0,16.9,17.5,17.2
2026-10-30,call,7075.0,639.7,647.7,643.7
2026-10-30,put,7075.0,17.1,17.7,17.4
2026-10-30,call,7080.0,634.9,642.9,638.9
2026-10-30,put,7080.0,17.3,17.9,17.6
2026-10-30,call,7085.0,630.1,638.1,634.1
2026-10-30,put,7085.0,17.5,18.1,17.8
2026-10-30,call,7090.0,625.4,633.4,629.4
2026-10-30,put,7090.0,17.7,18.4,18.049999999999997
2026-10-30,call,7095.0,620.6,628.6,624.6
2026-10-30,put,7095.0,17.9,18.6,18.25
2026-10-30,call,7100.0,615.9,623.9,619.9
2026-10-30,put,7100.0,18.2,18.7,18.45
2026-10-30,call,7105.0,611.1,619.1,615.1
2026-10-30,put,7105.0,18.4,19.0,18.7
2026-10-30,call,7110.0,606.4,614.4,610.4
2026-10-30,put,7110.0,18.6,19.3,18.950000000000003
2026-10-30,call,7115.0,601.6,609.6,605.6
2026-10-30,put,7115.0,18.9,19.5,19.2
2026-10-30,call,7120.0,596.9,604.9,600.9
2026-10-30,put,7120.0,19.1,19.8,19.450000000000003
2026-10-30,call,7125.0,592.2,600.2,596.2
2026-10-30,put,7125.0,19.4,20.1,19.75
2026-10-30,call,7130.0,587.9,594.7,591.3
2026-10-30,put,7130.0,19.6,20.2,19.9
2026-10-30,call,7135.0,583.2,590.0,586.6
2026-10-30,put,7135.0,19.9,20.6,20.25
2026-10-30,call,7140.0,578.4,585.3,581.8499999999999
2026-10-30,put,7140.0,20.1,20.8,20.450000000000003
2026-10-30,call,7145.0,573.9,580.1,577.0
2026-10-30,put,7145.0,20.4,21.1,20.75
2026-10-30,call,7150.0,569.3,576.1,572.7
2026-10-30,put,7150.0,20.6,21.4,21.0
2026-10-30,call,7155.0,564.6,570.7,567.6500000000001
2026-10-30,put,7155.0,20.9,21.6,21.25
2026-10-30,call,7160.0,560.0,566.6,563.3
2026-10-30,put,7160.0,21.2,21.9,21.549999999999997
2026-10-30,call,7165.0,555.3,561.3,558.3
2026-10-30,put,7165.0,21.5,22.1,21.8
2026-10-30,call,7170.0,550.4,556.6,553.5
2026-10-30,put,7170.0,21.8,22.5,22.15
2026-10-30,call,7175.0,545.6,552.4,549.0
2026-10-30,put,7175.0,22.0,22.8,22.4
2026-10-30,call,7180.0,540.9,547.4,544.15
2026-10-30,put,7180.0,22.3,23.1,22.700000000000003
2026-10-30,call,7185.0,536.2,542.7,539.45
2026-10-30,put,7185.0,22.6,23.4,23.0
2026-10-30,call,7190.0,531.9,538.5,535.2
2026-10-30,put,7190.0,23.0,23.7,23.35
2026-10-30,call,7195.0,526.9,533.5,530.2
2026-10-30,put,7195.0,23.3,24.0,23.65
2026-10-30,call,7200.0,522.2,528.8,525.5
2026-10-30,put,7200.0,23.7,24.2,23.95
2026-10-30,call,7205.0,517.6,524.2,520.9000000000001
2026-10-30,put,7205.0,23.9,24.7,24.299999999999997
2026-10-30,call,7210.0,513.3,519.9,516.5999999999999
2026-10-30,put,7210.0,24.2,25.0,24.6
2026-10-30,call,7215.0,508.3,515.0,511.65
2026-10-30,put,7215.0,24.6,25.3,24.950000000000003
2026-10-30,call,7220.0,504.0,510.6,507.3
2026-10-30,put,7220.0,24.9,25.7,25.299999999999997
2026-10-30,call,7225.0,499.4,505.9,502.65
2026-10-30,put,7225.0,25.3,26.0,25.65
2026-10-30,call,7230.0,494.5,501.0,497.75
2026-10-30,put,7230.0,25.6,26.4,26.0
2026-10-30,call,7235.0,489.8,496.3,493.05
2026-10-30,put,7235.0,26.0,26.8,26.4
2026-10-30,call,7240.0,485.2,491.9,488.54999999999995
2026-10-30,put,7240.0,26.3,27.1,26.700000000000003
2026-10-30,call,7245.0,480.6,487.3,483.95000000000005
2026-10-30,put,7245.0,26.7,27.5,27.1
2026-10-30,call,7250.0,476.0,482.7,479.35
2026-10-30,put,7250.0,27.2,27.7,27.45
2026-10-30,call,7255.0,471.5,477.9,474.7
2026-10-30,put,7255.0,27.5,28.3,27.9
2026-10-30,call,7260.0,467.2,473.7,470.45
2026-10-30,put,7260.0,27.9,28.7,28.299999999999997
2026-10-30,call,7265.0,462.6,469.1,465.85
2026-10-30,put,7265.0,28.3,29.1,28.700000000000003
2026-10-30,call,7270.0,457.8,463.9,460.85
2026-10-30,put,7270.0,28.7,29.5,29.1
2026-10-30,call,7275.0,453.4,459.4,456.4
2026-10-30,put,7275.0,29.2,29.9,29.549999999999997
2026-10-30,call,7280.0,448.7,455.0,451.85
2026-10-30,put,7280.0,29.6,30.4,30.0
2026-10-30,call,7285.0,444.3,450.3,447.3
2026-10-30,put,7285.0,30.0,30.8,30.4
2026-10-30,call,7290.0,439.6,446.0,442.8
2026-10-30,put,7290.0,30.5,31.3,30.9
2026-10-30,call,7295.0,435.1,441.6,438.35
2026-10-30,put,7295.0,30.9,31.7,31.299999999999997
2026-10-30,call,7300.0,430.9,437.3,434.1
2026-10-30,put,7300.0,31.5,32.0,31.75
2026-10-30,call,7305.0,426.3,432.8,429.55
2026-10-30,put,7305.0,31.9,32.7,32.3
2026-10-30,call,7310.0,421.6,427.6,424.6
2026-10-30,put,7310.0,32.4,33.1,32.75
2026-10-30,call,7315.0,417.3,423.8,420.55
2026-10-30,put,7315.0,32.8,33.6,33.2
2026-10-30,call,7320.0,412.6,419.1,415.85
2026-10-30,put,7320.0,33.3,34.1,33.7
2026-10-30,call,7325.0,408.3,414.2,411.25
2026-10-30,put,7325.0,33.9,34.6,34.25
2026-10-30,call,7330.0,403.7,410.0,406.85
2026-10-30,put,7330.0,34.4,35.2,34.8
2026-10-30,call,7335.0,399.4,405.3,402.35
2026-10-30,put,7335.0,34.9,35.7,35.3
2026-10-30,call,7340.0,395.0,401.4,398.2
2026-10-30,put,7340.0,35.4,36.2,35.8
2026-10-30,call,7345.0,390.6,396.4,393.5
2026-10-30,put,7345.0,36.0,36.8,36.4
2026-10-30,call,7350.0,386.2,392.4,389.29999999999995
2026-10-30,put,7350.0,36.6,37.1,36.85
2026-10-30,call,7355.0,381.8,388.1,384.95000000000005
2026-10-30,put,7355.0,37.1,37.9,37.5
2026-10-30,call,7360.0,377.4,383.1,380.25
2026-10-30,put,7360.0,37.7,38.5,38.1
2026-10-30,call,7365.0,373.0,379.3,376.15
2026-10-30,put,7365.0,38.4,39.2,38.8
2026-10-30,call,7370.0,368.4,374.3,371.35
2026-10-30,put,7370.0,38.9,39.7,39.3
2026-10-30,call,7375.0,364.1,369.9,367.0
2026-10-30,put,7375.0,39.5,40.3,39.9
2026-10-30,call,7380.0,359.9,366.1,363.0
2026-10-30,put,7380.0,40.2,41.0,40.6
2026-10-30,call,7385.0,355.4,361.5,358.45
2026-10-30,put,7385.0,40.9,41.7,41.3
2026-10-30,call,7390.0,351.1,357.3,354.20000000000005
2026-10-30,put,7390.0,41.5,42.3,41.9
2026-10-30,call,7395.0,346.7,352.8,349.75
2026-10-30,put,7395.0,42.2,42.9,42.55
2026-10-30,call,7400.0,342.4,348.4,345.4
2026-10-30,put,7400.0,42.8,43.3,43.05
2026-10-30,call,7405.0,337.9,343.9,340.9
2026-10-30,put,7405.0,43.5,44.3,43.9
2026-10-30,call,7410.0,334.1,340.0,337.05
2026-10-30,put,7410.0,44.2,45.0,44.6
2026-10-30,call,7415.0,329.6,335.6,332.6
2026-10-30,put,7415.0,44.9,45.7,45.3
2026-10-30,call,7420.0,325.3,331.2,328.25
2026-10-30,put,7420.0,45.7,46.4,46.05
2026-10-30,call,7425.0,321.1,327.1,324.1
2026-10-30,put,7425.0,46.3,47.1,46.7
2026-10-30,call,7430.0,316.9,322.8,319.85
2026-10-30,put,7430.0,47.2,47.9,47.55
2026-10-30,call,7435.0,312.5,318.4,315.45
2026-10-30,put,7435.0,47.9,48.7,48.3
2026-10-30,call,7440.0,308.7,314.7,311.7
2026-10-30,put,7440.0,48.6,49.4,49.0
2026-10-30,call,7445.0,304.5,310.4,307.45
2026-10-30,put,7445.0,49.4,50.2,49.8
2026-10-30,call,7450.0,300.4,306.2,303.29999999999995
2026-10-30,put,7450.0,50.3,50.9,50.599999999999994
2026-10-30,call,7455.0,296.2,301.6,298.9
2026-10-30,put,7455.0,51.1,51.9,51.5
2026-10-30,call,7460.0,291.9,297.7,294.79999999999995
2026-10-30,put,7460.0,51.8,53.0,52.4
2026-10-30,call,7465.0,288.0,293.7,290.85
2026-10-30,put,7465.0,52.8,53.8,53.3
2026-10-30,call,7470.0,283.7,289.4,286.54999999999995
2026-10-30,put,7470.0,53.7,54.7,54.2
2026-10-30,call,7475.0,279.9,285.6,282.75
2026-10-30,put,7475.0,54.5,55.1,54.8
2026-10-30,call,7480.0,275.5,281.2,278.35
2026-10-30,put,7480.0,55.5,56.5,56.0
2026-10-30,call,7485.0,271.5,277.2,274.35
2026-10-30,put,7485.0,56.3,57.4,56.849999999999994
2026-10-30,call,7490.0,267.6,272.9,270.25
2026-10-30,put,7490.0,57.2,58.3,57.75
2026-10-30,call,7495.0,263.4,269.1,266.25
2026-10-30,put,7495.0,58.2,59.1,58.650000000000006
2026-10-30,call,7500.0,259.2,264.8,262.0
2026-10-30,put,7500.0,59.2,59.8,59.5
2026-10-30,call,7505.0,255.4,261.0,258.2
2026-10-30,put,7505.0,60.3,61.3,60.8
2026-10-30,call,7510.0,251.5,257.1,254.3
2026-10-30,put,7510.0,61.2,62.1,61.650000000000006
2026-10-30,call,7515.0,247.6,253.1,250.35
2026-10-30,put,7515.0,62.2,63.2,62.7
2026-10-30,call,7520.0,243.7,248.9,246.3
2026-10-30,put,7520.0,63.4,64.4,63.900000000000006
2026-10-30,call,7525.0,239.8,245.0,242.4
2026-10-30,put,7525.0,64.3,65.5,64.9
2026-10-30,call,7530.0,235.9,241.3,238.60000000000002
2026-10-30,put,7530.0,65.4,66.6,66.0
2026-10-30,call,7535.0,232.0,237.4,234.7
2026-10-30,put,7535.0,66.5,67.7,67.1
2026-10-30,call,7540.0,228.2,233.6,230.89999999999998
2026-10-30,put,7540.0,67.7,68.7,68.2
2026-10-30,call,7545.0,225.7,229.1,227.39999999999998
2026-10-30,put,7545.0,68.9,70.0,69.45
2026-10-30,call,7550.0,221.9,225.3,223.60000000000002
2026-10-30,put,7550.0,70.0,70.6,70.3
2026-10-30,call,7555.0,218.1,221.5,219.8
2026-10-30,put,7555.0,71.2,72.2,71.7
2026-10-30,call,7560.0,214.3,217.7,216.0
2026-10-30,put,7560.0,72.5,73.4,72.95
2026-10-30,call,7565.0,210.6,213.9,212.25
2026-10-30,put,7565.0,73.6,74.9,74.25
2026-10-30,call,7570.0,206.9,210.2,208.55
2026-10-30,put,7570.0,75.0,76.2,75.6
2026-10-30,call,7575.0,203.2,206.5,204.85
2026-10-30,put,7575.0,76.2,77.4,76.80000000000001
2026-10-30,call,7580.0,199.8,202.5,201.15
2026-10-30,put,7580.0,77.6,78.8,78.19999999999999
2026-10-30,call,7585.0,196.1,198.9,197.5
2026-10-30,put,7585.0,78.8,79.8,79.3
2026-10-30,call,7590.0,192.5,195.2,193.85
2026-10-30,put,7590.0,80.3,81.5,80.9
2026-10-30,call,7595.0,188.9,191.6,190.25
2026-10-30,put,7595.0,81.6,82.7,82.15
2026-10-30,call,7600.0,185.6,187.8,186.7
2026-10-30,put,7600.0,83.1,83.8,83.44999999999999
2026-10-30,call,7605.0,181.8,184.5,183.15
2026-10-30,put,7605.0,84.4,85.8,85.1
2026-10-30,call,7610.0,178.3,181.0,179.65
2026-10-30,put,7610.0,86.0,87.0,86.5
2026-10-30,call,7615.0,174.8,177.5,176.15
2026-10-30,put,7615.0,87.3,88.6,87.94999999999999
2026-10-30,call,7620.0,171.4,174.1,172.75
2026-10-30,put,7620.0,89.0,90.1,89.55
2026-10-30,call,7625.0,167.9,170.7,169.3
2026-10-30,put,7625.0,90.4,91.5,90.95
2026-10-30,call,7630.0,164.5,167.3,165.9
2026-10-30,put,7630.0,92.1,93.1,92.6
2026-10-30,call,7635.0,161.2,163.9,162.55
2026-10-30,put,7635.0,93.7,94.3,94.0
2026-10-30,call,7640.0,157.8,160.5,159.15
2026-10-30,put,7640.0,95.3,96.5,95.9
2026-10-30,call,7645.0,155.2,156.9,156.05
2026-10-30,put,7645.0,97.0,98.1,97.55
2026-10-30,call,7650.0,152.4,153.3,152.85000000000002
2026-10-30,put,7650.0,98.7,99.3,99.0
2026-10-30,call,7655.0,148.5,150.4,149.45
2026-10-30,put,7655.0,100.4,101.5,100.95
2026-10-30,call,7660.0,145.5,147.0,146.25
2026-10-30,put,7660.0,102.0,103.3,102.65
2026-10-30,call,7665.0,142.3,143.7,143.0
2026-10-30,put,7665.0,103.9,105.3,104.6
2026-10-30,call,7670.0,139.0,140.4,139.7
2026-10-30,put,7670.0,105.7,107.2,106.45
2026-10-30,call,7675.0,135.9,137.5,136.7
2026-10-30,put,7675.0,107.5,108.8,108.15
2026-10-30,call,7680.0,132.8,134.2,133.5
2026-10-30,put,7680.0,109.4,111.0,110.2
2026-10-30,call,7685.0,129.8,131.3,130.55
2026-10-30,put,7685.0,111.3,112.1,111.69999999999999
2026-10-30,call,7690.0,126.8,128.4,127.6
2026-10-30,put,7690.0,113.3,114.9,114.1
2026-10-30,call,7695.0,123.8,125.3,124.55
2026-10-30,put,7695.0,115.3,116.9,116.1
2026-10-30,call,7700.0,121.4,122.2,121.80000000000001
2026-10-30,put,7700.0,117.4,118.2,117.80000000000001
2026-10-30,call,7705.0,117.9,119.5,118.7
2026-10-30,put,7705.0,119.4,121.1,120.25
2026-10-30,call,7710.0,115.1,116.6,115.85
2026-10-30,put,7710.0,121.5,122.9,122.2
2026-10-30,call,7715.0,112.3,113.7,113.0
2026-10-30,put,7715.0,123.6,125.1,124.35
2026-10-30,call,7720.0,109.4,110.9,110.15
2026-10-30,put,7720.0,125.8,127.0,126.4
2026-10-30,call,7725.0,106.6,108.2,107.4
2026-10-30,put,7725.0,127.6,130.1,128.85
2026-10-30,call,7730.0,104.0,105.4,104.7
2026-10-30,put,7730.0,130.1,131.9,131.0
2026-10-30,call,7735.0,101.3,102.7,102.0
2026-10-30,put,7735.0,132.4,134.5,133.45
2026-10-30,call,7740.0,98.8,100.1,99.44999999999999
2026-10-30,put,7740.0,134.8,137.0,135.9
2026-10-30,call,7745.0,96.2,97.5,96.85
2026-10-30,put,7745.0,136.6,139.2,137.89999999999998
2026-10-30,call,7750.0,93.9,94.7,94.30000000000001
2026-10-30,put,7750.0,139.6,140.4,140.0
2026-10-30,call,7755.0,91.1,92.4,91.75
2026-10-30,put,7755.0,141.7,144.3,143.0
2026-10-30,call,7760.0,88.6,89.9,89.25
2026-10-30,put,7760.0,144.2,146.8,145.5
2026-10-30,call,7765.0,86.2,87.4,86.80000000000001
2026-10-30,put,7765.0,147.1,149.4,148.25
2026-10-30,call,7770.0,83.8,85.1,84.44999999999999
2026-10-30,put,7770.0,149.2,151.9,150.55
2026-10-30,call,7775.0,81.4,82.6,82.0
2026-10-30,put,7775.0,152.0,154.6,153.3
2026-10-30,call,7780.0,79.1,80.3,79.69999999999999
2026-10-30,put,7780.0,154.4,157.2,155.8
2026-10-30,call,7785.0,76.8,78.0,77.4
2026-10-30,put,7785.0,157.2,159.9,158.55
2026-10-30,call,7790.0,74.6,75.8,75.19999999999999
2026-10-30,put,7790.0,159.9,162.7,161.3
2026-10-30,call,7795.0,72.4,73.6,73.0
2026-10-30,put,7795.0,162.7,165.5,164.1
2026-10-30,call,7800.0,70.5,71.4,70.95
2026-10-30,put,7800.0,166.0,168.3,167.15
2026-10-30,call,7805.0,68.1,69.4,68.75
2026-10-30,put,7805.0,168.4,171.2,169.8
2026-10-30,call,7810.0,66.1,67.3,66.69999999999999
2026-10-30,put,7810.0,171.3,174.2,172.75
2026-10-30,call,7815.0,64.1,65.2,64.65
2026-10-30,put,7815.0,174.4,177.1,175.75
2026-10-30,call,7820.0,62.1,63.3,62.7
2026-10-30,put,7820.0,177.4,180.1,178.75
2026-10-30,call,7825.0,60.5,61.2,60.85
2026-10-30,put,7825.0,180.8,183.1,181.95
2026-10-30,call,7830.0,58.2,59.6,58.900000000000006
2026-10-30,put,7830.0,183.6,186.2,184.89999999999998
2026-10-30,call,7835.0,56.4,57.7,57.05
2026-10-30,put,7835.0,186.7,189.3,188.0
2026-10-30,call,7840.0,54.5,55.8,55.15
2026-10-30,put,7840.0,189.9,192.5,191.2
2026-10-30,call,7845.0,52.9,54.1,53.5
2026-10-30,put,7845.0,193.1,195.5,194.3
2026-10-30,call,7850.0,51.4,52.1,51.75
2026-10-30,put,7850.0,196.3,198.9,197.60000000000002
2026-10-30,call,7855.0,49.8,50.6,50.2
2026-10-30,put,7855.0,199.6,202.2,200.89999999999998
2026-10-30,call,7860.0,48.1,48.9,48.5
2026-10-30,put,7860.0,202.5,205.5,204.0
2026-10-30,call,7865.0,46.5,47.3,46.9
2026-10-30,put,7865.0,204.6,210.1,207.35
2026-10-30,call,7870.0,45.0,45.8,45.4
2026-10-30,put,7870.0,207.8,213.4,210.60000000000002
2026-10-30,call,7875.0,43.4,44.2,43.8
2026-10-30,put,7875.0,211.3,216.8,214.05
2026-10-30,call,7880.0,42.1,42.6,42.35
2026-10-30,put,7880.0,214.8,220.4,217.60000000000002
2026-10-30,call,7885.0,40.5,41.3,40.9
2026-10-30,put,7885.0,218.5,224.1,221.3
2026-10-30,call,7890.0,39.2,39.8,39.5
2026-10-30,put,7890.0,222.1,227.7,224.89999999999998
2026-10-30,call,7895.0,37.8,38.4,38.099999999999994
2026-10-30,put,7895.0,225.5,231.2,228.35
2026-10-30,call,7900.0,36.5,37.1,36.8
2026-10-30,put,7900.0,231.0,233.9,232.45
2026-10-30,call,7905.0,35.1,35.9,35.5
2026-10-30,put,7905.0,233.0,238.8,235.9
2026-10-30,call,7910.0,33.9,34.7,34.3
2026-10-30,put,7910.0,236.7,242.5,239.6
2026-10-30,call,7915.0,32.7,33.5,33.1
2026-10-30,put,7915.0,240.5,246.3,243.4
2026-10-30,call,7920.0,31.5,32.3,31.9
2026-10-30,put,7920.0,244.3,250.1,247.2
2026-10-30,call,7925.0,30.3,31.0,30.65
2026-10-30,put,7925.0,247.8,253.8,250.8
2026-10-30,call,7930.0,29.2,30.0,29.6
2026-10-30,put,7930.0,252.2,257.9,255.04999999999998
2026-10-30,call,7935.0,28.1,28.9,28.5
2026-10-30,put,7935.0,256.1,261.6,258.85
2026-10-30,call,7940.0,27.1,27.9,27.5
2026-10-30,put,7940.0,260.0,265.6,262.8
2026-10-30,call,7945.0,26.1,26.9,26.5
2026-10-30,put,7945.0,264.0,269.8,266.9
2026-10-30,call,7950.0,25.2,25.7,25.45
2026-10-30,put,7950.0,267.7,273.8,270.75
2026-10-30,call,7955.0,24.3,24.8,24.55
2026-10-30,put,7955.0,271.8,277.9,274.85
2026-10-30,call,7960.0,23.2,24.0,23.6
2026-10-30,put,7960.0,276.0,281.6,278.8
2026-10-30,call,7965.0,22.3,23.1,22.700000000000003
2026-10-30,put,7965.0,279.6,285.8,282.70000000000005
2026-10-30,call,7970.0,21.6,22.1,21.85
2026-10-30,put,7970.0,284.3,290.1,287.20000000000005
2026-10-30,call,7975.0,20.6,21.4,21.0
2026-10-30,put,7975.0,288.2,294.4,291.29999999999995
2026-10-30,call,7980.0,19.8,20.6,20.200000000000003
2026-10-30,put,7980.0,292.6,298.3,295.45000000000005
2026-10-30,call,7985.0,19.1,19.8,19.450000000000003
2026-10-30,put,7985.0,296.4,302.8,299.6
2026-10-30,call,7990.0,18.3,19.1,18.700000000000003
2026-10-30,put,7990.0,301.0,306.9,303.95
2026-10-30,call,7995.0,17.6,18.4,18.0
2026-10-30,put,7995.0,304.8,311.2,308.0
2026-10-30,call,8000.0,17.1,17.5,17.3
2026-10-30,put,8000.0,311.1,314.0,312.55
2026-10-30,call,8005.0,16.2,17.0,16.6
2026-10-30,put,8005.0,313.4,319.7,316.54999999999995
2026-10-30,call,8010.0,15.6,16.3,15.95
2026-10-30,put,8010.0,317.8,324.1,320.95000000000005
2026-10-30,call,8015.0,15.2,15.6,15.399999999999999
2026-10-30,put,8015.0,322.5,328.5,325.5
2026-10-30,call,8020.0,14.5,14.9,14.7
2026-10-30,put,8020.0,326.9,333.4,330.15
2026-10-30,call,8025.0,14.0,14.4,14.2
2026-10-30,put,8025.0,331.3,337.3,334.3
2026-10-30,call,8030.0,13.4,13.8,13.600000000000001
2026-10-30,put,8030.0,335.7,341.8,338.75
2026-10-30,call,8035.0,12.9,13.3,13.100000000000001
2026-10-30,put,8035.0,339.8,346.2,343.0
2026-10-30,call,8040.0,12.4,12.8,12.600000000000001
2026-10-30,put,8040.0,344.7,350.7,347.7
2026-10-30,call,8045.0,11.9,12.3,12.100000000000001
2026-10-30,put,8045.0,348.7,355.2,351.95
2026-10-30,call,8050.0,11.4,11.8,11.600000000000001
2026-10-30,put,8050.0,353.2,359.7,356.45
2026-10-30,call,8055.0,10.9,11.3,11.100000000000001
2026-10-30,put,8055.0,357.5,364.8,361.15
2026-10-30,call,8060.0,10.5,10.9,10.7
2026-10-30,put,8060.0,361.9,369.9,365.9
2026-10-30,call,8065.0,10.1,10.5,10.3
2026-10-30,put,8065.0,366.5,374.5,370.5
2026-10-30,call,8070.0,9.7,10.0,9.85
2026-10-30,put,8070.0,371.0,379.0,375.0
2026-10-30,call,8075.0,9.3,9.6,9.45
2026-10-30,put,8075.0,375.6,383.6,379.6
2026-10-30,call,8080.0,8.9,9.3,9.100000000000001
2026-10-30,put,8080.0,380.2,388.2,384.2
2026-10-30,call,8085.0,8.5,8.9,8.7
2026-10-30,put,8085.0,384.9,392.9,388.9
2026-10-30,call,8090.0,8.2,8.6,8.399999999999999
2026-10-30,put,8090.0,389.5,397.5,393.5
2026-10-30,call,8095.0,7.9,8.2,8.05
2026-10-30,put,8095.0,394.2,402.2,398.2
2026-10-30,call,8100.0,7.6,7.9,7.75
2026-10-30,put,8100.0,398.8,406.8,402.8
2026-10-30,call,8105.0,7.2,7.6,7.4
2026-10-30,put,8105.0,403.5,411.5,407.5
2026-10-30,call,8110.0,7.0,7.3,7.15
2026-10-30,put,8110.0,408.2,416.2,412.2
2026-10-30,call,8115.0,6.7,7.1,6.9
2026-10-30,put,8115.0,412.9,420.9,416.9
2026-10-30,call,8120.0,6.5,6.8,6.65
2026-10-30,put,8120.0,417.6,425.6,421.6
2026-10-30,call,8125.0,6.2,6.5,6.35
2026-10-30,put,8125.0,422.3,430.3,426.3
2026-10-30,call,8130.0,5.9,6.3,6.1
2026-10-30,put,8130.0,427.1,435.1,431.1
2026-10-30,call,8135.0,5.7,6.1,5.9
2026-10-30,put,8135.0,431.8,439.8,435.8
2026-10-30,call,8140.0,5.5,5.9,5.7
2026-10-30,put,8140.0,436.6,444.6,440.6
2026-10-30,call,8145.0,5.3,5.7,5.5
2026-10-30,put,8145.0,441.3,449.3,445.3
2026-10-30,call,8150.0,5.0,5.5,5.25
2026-10-30,put,8150.0,446.1,454.1,450.1
2026-10-30,call,8155.0,4.8,5.3,5.05
2026-10-30,put,8155.0,450.9,458.9,454.9
2026-10-30,call,8160.0,4.6,5.1,4.85
2026-10-30,put,8160.0,455.7,463.7,459.7
2026-10-30,call,8165.0,4.4,4.9,4.65
2026-10-30,put,8165.0,460.5,468.5,464.5
2026-10-30,call,8170.0,4.3,4.8,4.55
2026-10-30,put,8170.0,465.3,473.3,469.3
2026-10-30,call,8175.0,4.1,4.6,4.35
2026-10-30,put,8175.0,470.1,478.1,474.1
2026-10-30,call,8180.0,4.0,4.4,4.2
2026-10-30,put,8180.0,475.0,483.0,479.0
2026-10-30,call,8185.0,3.8,4.3,4.05
2026-10-30,put,8185.0,479.8,487.8,483.8
2026-10-30,call,8190.0,3.7,4.2,3.95
2026-10-30,put,8190.0,484.6,492.6,488.6
2026-10-30,call,8195.0,3.5,4.0,3.75
2026-10-30,put,8195.0,489.5,497.5,493.5
2026-10-30,call,8200.0,3.4,3.9,3.65
2026-10-30,put,8200.0,494.3,502.3,498.3
2026-10-30,call,8205.0,3.3,3.8,3.55
2026-10-30,put,8205.0,499.2,507.2,503.2
2026-10-30,call,8210.0,3.2,3.7,3.45
2026-10-30,put,8210.0,504.1,512.1,508.1
2026-10-30,call,8220.0,3.0,3.4,3.2
2026-10-30,put,8220.0,513.8,521.8,517.8
2026-10-30,call,8225.0,2.9,3.3,3.0999999999999996
2026-10-30,put,8225.0,518.7,526.7,522.7
2026-10-30,call,8230.0,2.8,3.2,3.0
2026-10-30,put,8230.0,523.6,531.6,527.6
2026-10-30,call,8240.0,2.65,3.0,2.825
2026-10-30,put,8240.0,533.3,541.3,537.3
2026-10-30,call,8250.0,2.55,2.75,2.65
2026-10-30,put,8250.0,543.1,551.1,547.1
2026-10-30,call,8260.0,2.4,2.65,2.525
2026-10-30,put,8260.0,552.9,560.9,556.9
2026-10-30,call,8270.0,2.25,2.5,2.375
2026-10-30,put,8270.0,562.8,570.8,566.8
2026-10-30,call,8275.0,2.15,2.4,2.275
2026-10-30,put,8275.0,567.7,575.7,571.7
2026-10-30,call,8280.0,2.1,2.35,2.225
2026-10-30,put,8280.0,572.6,580.6,576.6
2026-10-30,call,8290.0,2.0,2.25,2.125
2026-10-30,put,8290.0,582.4,590.4,586.4
2026-10-30,call,8300.0,1.85,2.1,1.975
2026-10-30,put,8300.0,592.3,600.3,596.3
2026-10-30,call,8310.0,1.75,2.0,1.875
2026-10-30,put,8310.0,602.1,610.1,606.1
2026-10-30,call,8320.0,1.65,1.9,1.775
2026-10-30,put,8320.0,612.0,620.0,616.0
2026-10-30,call,8325.0,1.6,1.85,1.725
2026-10-30,put,8325.0,616.9,624.9,620.9
2026-10-30,call,8330.0,1.55,1.8,1.675
2026-10-30,put,8330.0,621.9,629.9,625.9
2026-10-30,call,8340.0,1.5,1.75,1.625
2026-10-30,put,8340.0,631.7,639.7,635.7
2026-10-30,call,8350.0,1.4,1.65,1.525
2026-10-30,put,8350.0,641.6,649.6,645.6
2026-10-30,call,8360.0,1.35,1.6,1.475
2026-10-30,put,8360.0,651.5,659.5,655.5
2026-10-30,call,8370.0,1.25,1.5,1.375
2026-10-30,put,8370.0,661.4,669.4,665.4
2026-10-30,call,8375.0,1.25,1.5,1.375
2026-10-30,put,8375.0,666.4,674.4,670.4
2026-10-30,call,8380.0,1.2,1.45,1.325
2026-10-30,put,8380.0,671.3,679.3,675.3
2026-10-30,call,8390.0,1.15,1.4,1.275
2026-10-30,put,8390.0,681.2,689.2,685.2
2026-10-30,call,8400.0,1.1,1.35,1.225
2026-10-30,put,8400.0,691.1,699.1,695.1
2026-10-30,call,8410.0,1.0,1.25,1.125
2026-10-30,put,8410.0,701.0,709.0,705.0
2026-10-30,call,8420.0,0.95,1.2,1.075
2026-10-30,put,8420.0,710.9,718.9,714.9
2026-10-30,call,8425.0,0.95,1.2,1.075
2026-10-30,put,8425.0,715.9,723.9,719.9
2026-10-30,call,8430.0,0.9,1.15,1.025
2026-10-30,put,8430.0,720.8,728.8,724.8
2026-10-30,call,8440.0,0.85,1.1,0.9750000000000001
2026-10-30,put,8440.0,730.7,738.7,734.7
2026-10-30,call,8450.0,0.8,1.05,0.925
2026-10-30,put,8450.0,740.7,748.7,744.7
2026-10-30,call,8460.0,0.8,1.05,0.925
2026-10-30,put,8460.0,750.6,758.6,754.6
2026-10-30,call,8470.0,0.75,1.0,0.875
2026-10-30,put,8470.0,760.5,768.5,764.5
2026-10-30,call,8475.0,0.7,0.95,0.825
2026-10-30,put,8475.0,765.5,773.5,769.5
2026-10-30,call,8480.0,0.7,0.95,0.825
2026-10-30,put,8480.0,770.4,778.4,774.4
2026-10-30,call,8490.0,0.65,0.9,0.775
2026-10-30,put,8490.0,780.3,788.3,784.3
2026-10-30,call,8500.0,0.65,0.9,0.775
2026-10-30,put,8500.0,790.3,798.3,794.3
2026-10-30,call,8510.0,0.6,0.85,0.725
2026-10-30,put,8510.0,800.2,808.2,804.2
2026-10-30,call,8520.0,0.55,0.8,0.675
2026-10-30,put,8520.0,810.1,818.1,814.1
2026-10-30,call,8525.0,0.55,0.8,0.675
2026-10-30,put,8525.0,815.1,823.1,819.1
2026-10-30,call,8530.0,0.55,0.8,0.675
2026-10-30,put,8530.0,820.1,828.1,824.1
2026-10-30,call,8540.0,0.5,0.75,0.625
2026-10-30,put,8540.0,830.0,838.0,834.0
2026-10-30,call,8550.0,0.5,0.75,0.625
2026-10-30,put,8550.0,839.9,847.9,843.9
2026-10-30,call,8560.0,0.45,0.7,0.575
2026-10-30,put,8560.0,849.9,857.9,853.9
2026-10-30,call,8570.0,0.45,0.7,0.575
2026-10-30,put,8570.0,859.8,867.8,863.8
2026-10-30,call,8575.0,0.4,0.65,0.525
2026-10-30,put,8575.0,864.8,872.8,868.8
2026-10-30,call,8580.0,0.4,0.65,0.525
2026-10-30,put,8580.0,869.7,877.7,873.7
2026-10-30,call,8600.0,0.35,0.6,0.475
2026-10-30,put,8600.0,889.6,897.6,893.6
2026-10-30,call,8625.0,0.3,0.55,0.42500000000000004
2026-10-30,put,8625.0,914.5,922.5,918.5
2026-10-30,call,8650.0,0.25,0.5,0.375
2026-10-30,put,8650.0,939.3,947.3,943.3
2026-10-30,call,8700.0,0.2,0.45,0.325
2026-10-30,put,8700.0,989.0,997.0,993.0
2026-10-30,call,8800.0,0.1,0.35,0.22499999999999998
2026-10-30,put,8800.0,1088.5,1096.5,1092.5
2026-10-30,call,8900.0,0.05,0.3,0.175
2026-10-30,put,8900.0,1188.1,1196.1,1192.1
2026-10-30,put,9000.0,1287.7,1295.7,1291.7
2026-10-30,put,9100.0,1387.2,1395.2,1391.2
2026-10-30,put,9200.0,1486.8,1494.8,1490.8
2026-10-30,put,9400.0,1686.0,1694.0,1690.0
2026-10-30,put,9600.0,1885.2,1893.2,1889.2
2026-10-30,put,9800.0,2084.4,2092.4,2088.4
2026-10-30,put,10000.0,2283.6,2291.6,2287.6
2026-11-02,call,3200.0,4481.9,4489.9,4485.9
2026-11-02,call,3400.0,4282.7,4290.7,4286.7
2026-11-02,put,3400.0,0.05,0.25,0.15
2026-11-02,call,3600.0,4083.6,4091.6,4087.6
2026-11-02,put,3600.0,0.05,0.3,0.175
2026-11-02,call,3800.0,3884.5,3892.5,3888.5
2026-11-02,put,3800.0,0.1,0.35,0.22499999999999998
2026-11-02,call,4000.0,3685.3,3693.3,3689.3
2026-11-02,put,4000.0,0.15,0.4,0.275
2026-11-02,call,4200.0,3486.2,3494.2,3490.2
2026-11-02,put,4200.0,0.25,0.5,0.375
2026-11-02,call,4400.0,3287.1,3295.1,3291.1
2026-11-02,put,4400.0,0.35,0.6,0.475
2026-11-02,call,4600.0,3088.1,3096.1,3092.1
2026-11-02,put,4600.0,0.45,0.7,0.575
2026-11-02,call,4800.0,2889.0,2897.0,2893.0
2026-11-02,put,4800.0,0.6,0.85,0.725
2026-11-02,call,5000.0,2690.1,2698.1,2694.1
2026-11-02,put,5000.0,0.8,1.05,0.925
2026-11-02,call,5200.0,2491.2,2499.2,2495.2
2026-11-02,put,5200.0,1.1,1.35,1.225
2026-11-02,call,5400.0,2292.4,2300.4,2296.4
2026-11-02,put,5400.0,1.45,1.7,1.575
2026-11-02,call,5600.0,2093.6,2101.6,2097.6
2026-11-02,put,5600.0,1.9,2.15,2.025
2026-11-02,call,5800.0,1895.0,1903.0,1899.0
2026-11-02,put,5800.0,2.45,2.7,2.575
2026-11-02,call,6000.0,1696.5,1704.5,1700.5
2026-11-02,put,6000.0,3.1,3.6,3.35
2026-11-02,call,6200.0,1498.3,1506.3,1502.3
2026-11-02,put,6200.0,4.1,4.5,4.3
2026-11-02,call,6300.0,1399.4,1407.4,1403.4
2026-11-02,put,6300.0,4.7,5.2,4.95
2026-11-02,call,6400.0,1300.5,1308.5,1304.5
2026-11-02,put,6400.0,5.4,5.8,5.6
2026-11-02,call,6500.0,1201.8,1209.8,1205.8
2026-11-02,put,6500.0,6.4,6.8,6.6
2026-11-02,call,6600.0,1103.3,1111.3,1107.3
2026-11-02,put,6600.0,7.5,7.8,7.65
2026-11-02,call,6625.0,1078.7,1086.7,1082.7
2026-11-02,put,6625.0,7.8,8.2,8.0
2026-11-02,call,6650.0,1054.2,1062.2,1058.2
2026-11-02,put,6650.0,8.1,8.5,8.3
2026-11-02,call,6675.0,1029.6,1037.6,1033.6
2026-11-02,put,6675.0,8.4,8.8,8.600000000000001
2026-11-02,call,6700.0,1005.1,1013.1,1009.1
2026-11-02,put,6700.0,8.8,9.2,9.0
2026-11-02,call,6725.0,980.6,988.6,984.6
2026-11-02,put,6725.0,9.2,9.6,9.399999999999999
2026-11-02,call,6750.0,956.1,964.1,960.1
2026-11-02,put,6750.0,9.7,10.0,9.85
2026-11-02,call,6775.0,931.6,939.6,935.6
2026-11-02,put,6775.0,10.1,10.5,10.3
2026-11-02,call,6800.0,907.2,915.2,911.2
2026-11-02,put,6800.0,10.6,10.9,10.75
2026-11-02,call,6825.0,882.8,890.8,886.8
2026-11-02,put,6825.0,11.1,11.5,11.3
2026-11-02,call,6850.0,858.5,866.5,862.5
2026-11-02,put,6850.0,11.6,12.0,11.8
2026-11-02,call,6875.0,834.1,842.1,838.1
2026-11-02,put,6875.0,12.2,12.6,12.399999999999999
2026-11-02,call,6900.0,809.9,817.9,813.9
2026-11-02,put,6900.0,12.8,13.2,13.0
2026-11-02,call,6925.0,785.6,793.6,789.6
2026-11-02,put,6925.0,13.5,13.9,13.7
2026-11-02,call,6950.0,761.4,769.4,765.4
2026-11-02,put,6950.0,14.2,14.6,14.399999999999999
2026-11-02,call,6975.0,737.3,745.3,741.3
2026-11-02,put,6975.0,14.9,15.3,15.100000000000001
2026-11-02,call,7000.0,713.2,721.2,717.2
2026-11-02,put,7000.0,15.6,16.2,15.899999999999999
2026-11-02,call,7025.0,689.2,697.2,693.2
2026-11-02,put,7025.0,16.5,17.1,16.8
2026-11-02,call,7050.0,665.7,673.7,669.7
2026-11-02,put,7050.0,17.5,18.1,17.8
2026-11-02,call,7075.0,641.8,649.8,645.8
2026-11-02,put,7075.0,18.5,19.2,18.85
2026-11-02,call,7100.0,618.1,626.1,622.1
2026-11-02,put,7100.0,19.6,20.4,20.0
2026-11-02,call,7125.0,595.1,601.2,598.1500000000001
2026-11-02,put,7125.0,20.9,21.6,21.25
2026-11-02,call,7150.0,571.6,578.1,574.85
2026-11-02,put,7150.0,22.2,23.0,22.6
2026-11-02,call,7175.0,548.2,554.8,551.5
2026-11-02,put,7175.0,23.7,24.5,24.1
2026-11-02,call,7200.0,524.8,531.4,528.0999999999999
2026-11-02,put,7200.0,25.3,26.1,25.700000000000003
2026-11-02,call,7225.0,501.9,508.4,505.15
2026-11-02,put,7225.0,27.1,27.9,27.5
2026-11-02,call,7250.0,478.8,485.2,482.0
2026-11-02,put,7250.0,29.0,29.8,29.4
2026-11-02,call,7275.0,456.1,462.4,459.25
2026-11-02,put,7275.0,31.1,31.9,31.5
2026-11-02,call,7300.0,433.6,439.9,436.75
2026-11-02,put,7300.0,33.5,34.3,33.9
2026-11-02,call,7325.0,411.2,417.4,414.29999999999995
2026-11-02,put,7325.0,36.0,36.8,36.4
2026-11-02,call,7350.0,388.8,395.2,392.0
2026-11-02,put,7350.0,38.8,39.6,39.2
2026-11-02,call,7375.0,367.0,373.3,370.15
2026-11-02,put,7375.0,41.8,42.6,42.2
2026-11-02,call,7400.0,345.4,351.7,348.54999999999995
2026-11-02,put,7400.0,45.1,45.9,45.5
2026-11-02,call,7425.0,324.4,330.4,327.4
2026-11-02,put,7425.0,48.8,49.6,49.2
2026-11-02,call,7450.0,303.3,309.4,306.35
2026-11-02,put,7450.0,52.5,53.7,53.1
2026-11-02,call,7475.0,283.1,288.7,285.9
2026-11-02,put,7475.0,56.8,58.1,57.45
2026-11-02,call,7500.0,262.7,268.6,265.65
2026-11-02,put,7500.0,61.6,62.8,62.2
2026-11-02,call,7525.0,243.3,248.8,246.05
2026-11-02,put,7525.0,66.8,68.0,67.4
2026-11-02,call,7530.0,239.5,244.9,242.2
2026-11-02,put,7530.0,67.9,69.3,68.6
2026-11-02,call,7540.0,232.9,236.4,234.65
2026-11-02,put,7540.0,70.2,71.6,70.9
2026-11-02,call,7550.0,225.3,228.8,227.05
2026-11-02,put,7550.0,72.6,73.9,73.25
2026-11-02,call,7560.0,217.8,221.3,219.55
2026-11-02,put,7560.0,75.0,76.4,75.7
2026-11-02,call,7570.0,210.4,213.8,212.10000000000002
2026-11-02,put,7570.0,77.6,78.9,78.25
2026-11-02,call,7575.0,206.7,210.1,208.39999999999998
2026-11-02,put,7575.0,78.9,80.2,79.55000000000001
2026-11-02,call,7580.0,203.0,206.5,204.75
2026-11-02,put,7580.0,80.3,81.6,80.94999999999999
2026-11-02,call,7590.0,196.1,198.9,197.5
2026-11-02,put,7590.0,82.9,84.3,83.6
2026-11-02,call,7600.0,189.0,191.7,190.35
2026-11-02,put,7600.0,85.8,87.1,86.44999999999999
2026-11-02,call,7610.0,182.0,184.7,183.35
2026-11-02,put,7610.0,88.5,90.0,89.25
2026-11-02,call,7620.0,175.0,177.8,176.4
2026-11-02,put,7620.0,91.5,93.0,92.25
2026-11-02,call,7625.0,171.6,174.4,173.0
2026-11-02,put,7625.0,93.1,94.5,93.8
2026-11-02,call,7630.0,168.2,171.0,169.6
2026-11-02,put,7630.0,94.7,96.2,95.45
2026-11-02,call,7640.0,161.5,164.3,162.9
2026-11-02,put,7640.0,98.0,99.5,98.75
2026-11-02,call,7650.0,155.5,157.4,156.45
2026-11-02,put,7650.0,101.2,102.9,102.05000000000001
2026-11-02,call,7660.0,149.0,150.9,149.95
2026-11-02,put,7660.0,104.6,106.5,105.55
2026-11-02,call,7670.0,142.6,144.3,143.45
2026-11-02,put,7670.0,108.3,110.1,109.19999999999999
2026-11-02,call,7675.0,139.4,141.2,140.3
2026-11-02,put,7675.0,110.1,111.9,111.0
2026-11-02,call,7680.0,136.3,138.1,137.2
2026-11-02,put,7680.0,111.9,114.0,112.95
2026-11-02,call,7690.0,130.3,132.3,131.3
2026-11-02,put,7690.0,115.8,117.8,116.8
2026-11-02,call,7700.0,124.3,125.7,125.0
2026-11-02,put,7700.0,119.9,121.8,120.85
2026-11-02,call,7710.0,118.5,120.2,119.35
2026-11-02,put,7710.0,124.0,125.9,124.95
2026-11-02,call,7720.0,112.9,114.6,113.75
2026-11-02,put,7720.0,128.3,130.2,129.25
2026-11-02,call,7725.0,110.1,111.9,111.0
2026-11-02,put,7725.0,130.4,132.4,131.4
2026-11-02,call,7730.0,107.3,109.2,108.25
2026-11-02,put,7730.0,132.5,135.2,133.85
2026-11-02,call,7740.0,102.0,103.7,102.85
2026-11-02,put,7740.0,137.1,139.6,138.35
2026-11-02,call,7750.0,96.9,98.6,97.75
2026-11-02,put,7750.0,141.9,144.3,143.10000000000002
2026-11-02,call,7775.0,84.8,85.8,85.3
2026-11-02,put,7775.0,154.4,156.8,155.60000000000002
2026-11-02,call,7800.0,73.4,74.5,73.95
2026-11-02,put,7800.0,168.0,170.8,169.4
2026-11-02,call,7825.0,63.1,64.6,63.849999999999994
2026-11-02,put,7825.0,182.7,185.4,184.05
2026-11-02,call,7850.0,53.9,55.4,54.65
2026-11-02,put,7850.0,198.4,201.1,199.75
2026-11-02,call,7875.0,46.1,46.9,46.5
2026-11-02,put,7875.0,213.5,219.0,216.25
2026-11-02,call,7900.0,38.9,39.6,39.25
2026-11-02,put,7900.0,231.3,237.0,234.15
2026-11-02,call,7925.0,32.6,33.4,33.0
2026-11-02,put,7925.0,249.9,255.3,252.60000000000002
2026-11-02,call,7950.0,27.3,28.0,27.65
2026-11-02,put,7950.0,268.9,275.1,272.0
2026-11-02,call,7975.0,22.8,23.6,23.200000000000003
2026-11-02,put,7975.0,289.3,295.4,292.35
2026-11-02,call,8000.0,18.9,19.6,19.25
2026-11-02,put,8000.0,310.4,316.3,313.35
2026-11-02,call,8025.0,15.6,16.4,16.0
2026-11-02,put,8025.0,331.6,337.9,334.75
2026-11-02,call,8050.0,13.1,13.5,13.3
2026-11-02,put,8050.0,354.1,360.1,357.1
2026-11-02,call,8075.0,10.8,11.2,11.0
2026-11-02,put,8075.0,376.3,384.3,380.3
2026-11-02,call,8100.0,8.9,9.2,9.05
2026-11-02,put,8100.0,399.3,407.3,403.3
2026-11-02,call,8125.0,7.3,7.6,7.449999999999999
2026-11-02,put,8125.0,422.6,430.6,426.6
2026-11-02,call,8150.0,6.0,6.4,6.2
2026-11-02,put,8150.0,446.2,454.2,450.2
2026-11-02,call,8175.0,4.7,5.4,5.050000000000001
2026-11-02,put,8175.0,470.0,478.0,474.0
2026-11-02,call,8200.0,3.9,4.5,4.2
2026-11-02,put,8200.0,494.1,502.1,498.1
2026-11-02,call,8300.0,2.05,2.3,2.175
2026-11-02,put,8300.0,591.7,599.7,595.7
2026-11-02,call,8400.0,1.15,1.4,1.275
2026-11-02,put,8400.0,690.4,698.4,694.4
2026-11-02,call,8600.0,0.35,0.6,0.475
2026-11-02,put,8600.0,888.8,896.8,892.8
2026-11-02,call,8800.0,0.15,0.4,0.275
2026-11-02,put,8800.0,1087.7,1095.7,1091.7
2026-11-02,put,9000.0,1286.8,1294.8,1290.8
2026-11-02,put,9200.0,1485.9,1493.9,1489.9
2026-11-02,put,9400.0,1685.1,1693.1,1689.1
2026-11-02,put,9600.0,1884.2,1892.2,1888.2
2026-11-02,put,9800.0,2083.4,2091.4,2087.4
2026-11-02,put,10000.0,2282.6,2290.6,2286.6
2026-11-03,call,3200.0,4483.1,4491.1,4487.1
2026-11-03,call,3400.0,4284.0,4292.0,4288.0
2026-11-03,put,3400.0,0.05,0.25,0.15
2026-11-03,call,3600.0,4084.8,4092.8,4088.8
2026-11-03,put,3600.0,0.1,0.35,0.22499999999999998
2026-11-03,call,3800.0,3885.7,3893.7,3889.7
2026-11-03,put,3800.0,0.15,0.4,0.275
2026-11-03,call,4000.0,3686.6,3694.6,3690.6
2026-11-03,put,4000.0,0.2,0.45,0.325
2026-11-03,call,4200.0,3487.5,3495.5,3491.5
2026-11-03,put,4200.0,0.25,0.5,0.375
2026-11-03,call,4400.0,3288.5,3296.5,3292.5
2026-11-03,put,4400.0,0.35,0.6,0.475
2026-11-03,call,4600.0,3089.5,3097.5,3093.5
2026-11-03,put,4600.0,0.5,0.75,0.625
2026-11-03,call,4800.0,2890.5,2898.5,2894.5
2026-11-03,put,4800.0,0.65,0.9,0.775
2026-11-03,call,5000.0,2691.5,2699.5,2695.5
2026-11-03,put,5000.0,0.9,1.15,1.025
2026-11-03,call,5200.0,2492.7,2500.7,2496.7
2026-11-03,put,5200.0,1.2,1.45,1.325
2026-11-03,call,5400.0,2293.9,2301.9,2297.9
2026-11-03,put,5400.0,1.6,1.85,1.725
2026-11-03,call,5600.0,2095.2,2103.2,2099.2
2026-11-03,put,5600.0,2.05,2.3,2.175
2026-11-03,call,5800.0,1896.7,1904.7,1900.7
2026-11-03,put,5800.0,2.65,3.0,2.825
2026-11-03,call,6000.0,1698.3,1706.3,1702.3
2026-11-03,put,6000.0,3.3,3.8,3.55
2026-11-03,call,6200.0,1500.2,1508.2,1504.2
2026-11-03,put,6200.0,4.3,4.8,4.55
2026-11-03,call,6300.0,1401.3,1409.3,1405.3
2026-11-03,put,6300.0,5.0,5.5,5.25
2026-11-03,call,6400.0,1302.5,1310.5,1306.5
2026-11-03,put,6400.0,5.9,6.2,6.050000000000001
2026-11-03,call,6500.0,1203.8,1211.8,1207.8
2026-11-03,put,6500.0,6.8,7.2,7.0
2026-11-03,call,6600.0,1105.4,1113.4,1109.4
2026-11-03,put,6600.0,7.9,8.3,8.100000000000001
2026-11-03,call,6700.0,1007.2,1015.2,1011.2
2026-11-03,put,6700.0,9.3,9.7,9.5
2026-11-03,call,6725.0,982.7,990.7,986.7
2026-11-03,put,6725.0,9.8,10.2,10.0
2026-11-03,call,6750.0,958.2,966.2,962.2
2026-11-03,put,6750.0,10.2,10.6,10.399999999999999
2026-11-03,call,6775.0,933.8,941.8,937.8
2026-11-03,put,6775.0,10.7,11.1,10.899999999999999
2026-11-03,call,6800.0,909.4,917.4,913.4
2026-11-03,put,6800.0,11.1,11.5,11.3
2026-11-03,call,6825.0,885.0,893.0,889.0
2026-11-03,put,6825.0,11.7,12.1,11.899999999999999
2026-11-03,call,6850.0,860.7,868.7,864.7
2026-11-03,put,6850.0,12.2,12.6,12.399999999999999
2026-11-03,call,6875.0,836.4,844.4,840.4
2026-11-03,put,6875.0,12.8,13.2,13.0
2026-11-03,call,6900.0,812.2,820.2,816.2
2026-11-03,put,6900.0,13.5,13.9,13.7
2026-11-03,call,6925.0,788.4,796.4,792.4
2026-11-03,put,6925.0,14.2,14.6,14.399999999999999
2026-11-03,call,6950.0,764.2,772.2,768.2
2026-11-03,put,6950.0,14.9,15.3,15.100000000000001
2026-11-03,call,6975.0,740.1,748.1,744.1
2026-11-03,put,6975.0,15.6,16.3,15.95
2026-11-03,call,7000.0,716.1,724.1,720.1
2026-11-03,put,7000.0,16.5,17.2,16.85
2026-11-03,call,7025.0,692.2,700.2,696.2
2026-11-03,put,7025.0,17.4,18.1,17.75
2026-11-03,call,7050.0,668.3,676.3,672.3
2026-11-03,put,7050.0,18.4,19.2,18.799999999999997
2026-11-03,call,7075.0,644.5,652.5,648.5
2026-11-03,put,7075.0,19.5,20.3,19.9
2026-11-03,call,7100.0,621.1,627.8,624.45
2026-11-03,put,7100.0,20.7,21.5,21.1
2026-11-03,call,7125.0,597.5,604.2,600.85
2026-11-03,put,7125.0,22.0,22.8,22.4
2026-11-03,call,7150.0,574.1,580.4,577.25
2026-11-03,put,7150.0,23.4,24.2,23.799999999999997
2026-11-03,call,7175.0,550.7,557.3,554.0
2026-11-03,put,7175.0,25.0,25.8,25.4
2026-11-03,call,7200.0,527.3,533.9,530.5999999999999
2026-11-03,put,7200.0,26.7,27.2,26.95
2026-11-03,call,7225.0,504.7,511.4,508.04999999999995
2026-11-03,put,7225.0,28.5,29.3,28.9
2026-11-03,call,7250.0,481.8,488.4,485.1
2026-11-03,put,7250.0,30.5,31.1,30.8
2026-11-03,call,7275.0,458.9,465.3,462.1
2026-11-03,put,7275.0,32.7,33.5,33.1
2026-11-03,call,7300.0,436.4,442.7,439.54999999999995
2026-11-03,put,7300.0,35.0,35.6,35.3
2026-11-03,call,7325.0,414.2,420.6,417.4
2026-11-03,put,7325.0,37.5,38.3,37.9
2026-11-03,call,7350.0,392.1,398.3,395.20000000000005
2026-11-03,put,7350.0,40.4,41.0,40.7
2026-11-03,call,7375.0,370.3,376.6,373.45000000000005
2026-11-03,put,7375.0,43.5,44.3,43.9
2026-11-03,call,7400.0,349.1,355.2,352.15
2026-11-03,put,7400.0,46.8,47.4,47.099999999999994
2026-11-03,call,7425.0,327.9,333.8,330.85
2026-11-03,put,7425.0,50.3,51.6,50.95
2026-11-03,call,7450.0,306.8,312.7,309.75
2026-11-03,put,7450.0,54.5,55.2,54.85
2026-11-03,call,7475.0,286.4,292.1,289.25
2026-11-03,put,7475.0,58.8,60.0,59.4
2026-11-03,call,7500.0,267.8,270.9,269.35
2026-11-03,put,7500.0,63.6,64.4,64.0
2026-11-03,call,7525.0,246.9,252.4,249.65
2026-11-03,put,7525.0,68.8,70.1,69.44999999999999
2026-11-03,call,7550.0,228.9,232.3,230.60000000000002
2026-11-03,put,7550.0,74.6,75.3,74.94999999999999
2026-11-03,call,7575.0,210.3,213.7,212.0
2026-11-03,put,7575.0,80.8,82.1,81.44999999999999
2026-11-03,call,7600.0,192.6,195.3,193.95
2026-11-03,put,7600.0,87.6,88.4,88.0
2026-11-03,call,7625.0,175.2,177.9,176.55
2026-11-03,put,7625.0,95.1,96.4,95.75
2026-11-03,call,7650.0,159.3,160.3,159.8
2026-11-03,put,7650.0,103.2,104.1,103.65
2026-11-03,call,7675.0,142.6,144.7,143.64999999999998
2026-11-03,put,7675.0,112.1,113.8,112.94999999999999
2026-11-03,call,7700.0,128.3,129.1,128.7
2026-11-03,put,7700.0,121.9,122.8,122.35
2026-11-03,call,7725.0,113.3,115.3,114.3
2026-11-03,put,7725.0,132.4,134.5,133.45
2026-11-03,call,7750.0,100.6,101.4,101.0
2026-11-03,put,7750.0,144.0,144.9,144.45
2026-11-03,call,7775.0,88.0,89.4,88.7
2026-11-03,put,7775.0,155.8,158.7,157.25
2026-11-03,call,7800.0,76.8,77.5,77.15
2026-11-03,put,7800.0,169.6,172.2,170.89999999999998
2026-11-03,call,7825.0,66.0,67.4,66.7
2026-11-03,put,7825.0,183.9,186.4,185.15
2026-11-03,call,7850.0,56.7,58.1,57.400000000000006
2026-11-03,put,7850.0,199.5,202.1,200.8
2026-11-03,call,7875.0,48.6,49.4,49.0
2026-11-03,put,7875.0,214.1,219.5,216.8
2026-11-03,call,7900.0,41.3,41.8,41.55
2026-11-03,put,7900.0,231.5,237.2,234.35
2026-11-03,call,7925.0,34.8,35.6,35.2
2026-11-03,put,7925.0,249.9,255.7,252.8
2026-11-03,call,7950.0,29.2,29.7,29.45
2026-11-03,put,7950.0,269.3,275.3,272.3
2026-11-03,call,7975.0,24.3,25.1,24.700000000000003
2026-11-03,put,7975.0,289.6,295.3,292.45000000000005
2026-11-03,call,8000.0,20.2,20.7,20.45
2026-11-03,put,8000.0,309.7,316.1,312.9
2026-11-03,call,8025.0,16.7,17.5,17.1
2026-11-03,put,8025.0,331.7,337.6,334.65
2026-11-03,call,8050.0,14.0,14.3,14.15
2026-11-03,put,8050.0,353.6,359.6,356.6
2026-11-03,call,8075.0,11.5,11.9,11.7
2026-11-03,put,8075.0,375.5,382.1,378.8
2026-11-03,call,8100.0,9.5,9.9,9.7
2026-11-03,put,8100.0,398.2,406.2,402.2
2026-11-03,call,8200.0,4.3,4.9,4.6
2026-11-03,put,8200.0,492.7,500.7,496.7
2026-11-03,call,8300.0,2.35,2.6,2.475
2026-11-03,put,8300.0,590.1,598.1,594.1
2026-11-03,call,8400.0,1.3,1.55,1.425
2026-11-03,put,8400.0,688.7,696.7,692.7
2026-11-03,call,8500.0,0.75,1.0,0.875
2026-11-03,put,8500.0,787.7,795.7,791.7
2026-11-03,call,8600.0,0.45,0.7,0.575
2026-11-03,put,8600.0,887.0,895.0,891.0
2026-11-03,call,8800.0,0.15,0.4,0.275
2026-11-03,put,8800.0,1085.8,1093.8,1089.8
2026-11-03,put,9000.0,1284.9,1292.9,1288.9
2026-11-03,put,9200.0,1484.0,1492.0,1488.0
2026-11-03,put,9400.0,1683.1,1691.1,1687.1
2026-11-03,put,9600.0,1882.3,1890.3,1886.3
2026-11-03,put,9800.0,2081.4,2089.4,2085.4
2026-11-03,put,10000.0,2280.6,2288.6,2284.6
2026-11-04,call,3200.0,4483.3,4491.3,4487.3
2026-11-04,put,3200.0,0.05,0.25,0.15
2026-11-04,call,3400.0,4284.2,4292.2,4288.2
2026-11-04,put,3400.0,0.05,0.3,0.175
2026-11-04,call,3600.0,4085.1,4093.1,4089.1
2026-11-04,put,3600.0,0.1,0.35,0.22499999999999998
2026-11-04,call,3800.0,3886.1,3894.1,3890.1
2026-11-04,put,3800.0,0.15,0.4,0.275
2026-11-04,call,4000.0,3687.0,3695.0,3691.0
2026-11-04,put,4000.0,0.25,0.5,0.375
2026-11-04,call,4200.0,3487.9,3495.9,3491.9
2026-11-04,put,4200.0,0.3,0.55,0.42500000000000004
2026-11-04,call,4400.0,3288.9,3296.9,3292.9
2026-11-04,put,4400.0,0.4,0.65,0.525
2026-11-04,call,4600.0,3089.9,3097.9,3093.9
2026-11-04,put,4600.0,0.55,0.8,0.675
2026-11-04,call,4800.0,2891.0,2899.0,2895.0
2026-11-04,put,4800.0,0.75,1.0,0.875
2026-11-04,call,5000.0,2692.1,2700.1,2696.1
2026-11-04,put,5000.0,1.0,1.25,1.125
2026-11-04,call,5200.0,2493.3,2501.3,2497.3
2026-11-04,put,5200.0,1.35,1.6,1.475
2026-11-04,call,5400.0,2294.6,2302.6,2298.6
2026-11-04,put,5400.0,1.75,2.0,1.875
2026-11-04,call,5600.0,2096.0,2104.0,2100.0
2026-11-04,put,5600.0,2.3,2.55,2.425
2026-11-04,call,5800.0,1897.5,1905.5,1901.5
2026-11-04,put,5800.0,2.85,3.3,3.075
2026-11-04,call,6000.0,1699.2,1707.2,1703.2
2026-11-04,put,6000.0,3.7,4.2,3.95
2026-11-04,call,6200.0,1501.2,1509.2,1505.2
2026-11-04,put,6200.0,4.8,5.3,5.05
2026-11-04,call,6300.0,1402.3,1410.3,1406.3
2026-11-04,put,6300.0,5.5,5.9,5.7
2026-11-04,call,6400.0,1303.6,1311.6,1307.6
2026-11-04,put,6400.0,6.4,6.8,6.6
2026-11-04,call,6500.0,1205.0,1213.0,1209.0
2026-11-04,put,6500.0,7.4,7.8,7.6
2026-11-04,call,6600.0,1106.7,1114.7,1110.7
2026-11-04,put,6600.0,8.6,9.0,8.8
2026-11-04,call,6700.0,1008.7,1016.7,1012.7
2026-11-04,put,6700.0,10.2,10.6,10.399999999999999
2026-11-04,call,6725.0,984.2,992.2,988.2
2026-11-04,put,6725.0,10.6,11.0,10.8
2026-11-04,call,6750.0,959.8,967.8,963.8
2026-11-04,put,6750.0,11.1,11.5,11.3
2026-11-04,call,6775.0,935.4,943.4,939.4
2026-11-04,put,6775.0,11.6,12.0,11.8
2026-11-04,call,6800.0,911.0,919.0,915.0
2026-11-04,put,6800.0,12.1,12.5,12.3
2026-11-04,call,6825.0,886.7,894.7,890.7
2026-11-04,put,6825.0,12.7,13.1,12.899999999999999
2026-11-04,call,6850.0,862.8,870.8,866.8
2026-11-04,put,6850.0,13.3,13.7,13.5
2026-11-04,call,6875.0,838.6,846.6,842.6
2026-11-04,put,6875.0,14.0,14.4,14.2
2026-11-04,call,6900.0,814.4,822.4,818.4
2026-11-04,put,6900.0,14.7,15.1,14.899999999999999
2026-11-04,call,6925.0,790.3,798.3,794.3
2026-11-04,put,6925.0,15.3,16.0,15.65
2026-11-04,call,6950.0,766.2,774.2,770.2
2026-11-04,put,6950.0,16.1,16.8,16.450000000000003
2026-11-04,call,6975.0,742.2,750.2,746.2
2026-11-04,put,6975.0,17.0,17.7,17.35
2026-11-04,call,7000.0,718.2,726.2,722.2
2026-11-04,put,7000.0,17.9,18.6,18.25
2026-11-04,call,7025.0,694.4,702.4,698.4
2026-11-04,put,7025.0,18.9,19.7,19.299999999999997
2026-11-04,call,7050.0,670.6,678.6,674.6
2026-11-04,put,7050.0,20.0,20.8,20.4
2026-11-04,call,7075.0,646.9,654.9,650.9
2026-11-04,put,7075.0,21.2,22.0,21.6
2026-11-04,call,7100.0,623.2,631.0,627.1
2026-11-04,put,7100.0,22.4,23.2,22.799999999999997
2026-11-04,call,7125.0,599.7,607.5,603.6
2026-11-04,put,7125.0,23.8,24.6,24.200000000000003
2026-11-04,call,7150.0,576.3,584.0,580.15
2026-11-04,put,7150.0,25.3,26.1,25.700000000000003
2026-11-04,call,7175.0,553.1,560.6,556.85
2026-11-04,put,7175.0,26.9,27.7,27.299999999999997
2026-11-04,call,7200.0,530.0,537.5,533.75
2026-11-04,put,7200.0,28.7,29.3,29.0
2026-11-04,call,7225.0,507.0,514.6,510.8
2026-11-04,put,7225.0,30.6,31.4,31.0
2026-11-04,call,7250.0,484.2,491.7,487.95
2026-11-04,put,7250.0,32.7,33.5,33.1
2026-11-04,call,7275.0,461.6,469.1,465.35
2026-11-04,put,7275.0,35.0,35.8,35.4
2026-11-04,call,7300.0,439.1,446.5,442.8
2026-11-04,put,7300.0,37.5,38.1,37.8
2026-11-04,call,7325.0,417.0,424.3,420.65
2026-11-04,put,7325.0,40.2,41.0,40.6
2026-11-04,call,7350.0,395.0,402.2,398.6
2026-11-04,put,7350.0,43.1,43.9,43.5
2026-11-04,call,7375.0,373.3,380.5,376.9
2026-11-04,put,7375.0,46.4,47.2,46.8
2026-11-04,call,7400.0,352.4,359.0,355.7
2026-11-04,put,7400.0,49.8,50.6,50.2
2026-11-04,call,7425.0,330.8,337.8,334.3
2026-11-04,put,7425.0,53.6,54.7,54.150000000000006
2026-11-04,call,7450.0,310.1,317.0,313.55
2026-11-04,put,7450.0,57.7,58.3,58.0
2026-11-04,call,7475.0,289.8,296.5,293.15
2026-11-04,put,7475.0,62.1,63.4,62.75
2026-11-04,call,7500.0,269.9,276.5,273.2
2026-11-04,put,7500.0,67.0,67.7,67.35
2026-11-04,call,7525.0,250.3,256.8,253.55
2026-11-04,put,7525.0,72.4,73.7,73.05000000000001
2026-11-04,call,7550.0,232.6,237.6,235.1
2026-11-04,put,7550.0,78.3,79.0,78.65
2026-11-04,call,7575.0,214.5,219.0,216.75
2026-11-04,put,7575.0,84.6,85.9,85.25
2026-11-04,call,7600.0,197.0,200.0,198.5
2026-11-04,put,7600.0,91.4,92.2,91.80000000000001
2026-11-04,call,7625.0,179.6,182.4,181.0
2026-11-04,put,7625.0,98.9,100.3,99.6
2026-11-04,call,7650.0,163.5,165.4,164.45
2026-11-04,put,7650.0,107.2,107.9,107.55000000000001
2026-11-04,call,7675.0,147.4,149.4,148.4
2026-11-04,put,7675.0,116.0,118.0,117.0
2026-11-04,call,7700.0,132.9,133.7,133.3
2026-11-04,put,7700.0,125.8,126.6,126.19999999999999
2026-11-04,call,7725.0,117.9,120.0,118.95
2026-11-04,put,7725.0,136.3,138.3,137.3
2026-11-04,call,7750.0,105.1,105.9,105.5
2026-11-04,put,7750.0,147.7,148.6,148.14999999999998
2026-11-04,call,7775.0,92.6,93.4,93.0
2026-11-04,put,7775.0,159.5,162.3,160.9
2026-11-04,call,7800.0,81.1,81.8,81.44999999999999
2026-11-04,put,7800.0,173.2,174.4,173.8
2026-11-04,call,7825.0,70.2,71.7,70.95
2026-11-04,put,7825.0,187.1,189.9,188.5
2026-11-04,call,7850.0,60.9,61.6,61.25
2026-11-04,put,7850.0,202.4,205.2,203.8
2026-11-04,call,7875.0,52.0,53.4,52.7
2026-11-04,put,7875.0,217.7,222.5,220.1
2026-11-04,call,7900.0,44.7,45.3,45.0
2026-11-04,put,7900.0,233.3,239.8,236.55
2026-11-04,call,7925.0,38.0,38.8,38.4
2026-11-04,put,7925.0,251.4,258.1,254.75
2026-11-04,call,7950.0,32.1,32.6,32.35
2026-11-04,put,7950.0,270.4,277.2,273.79999999999995
2026-11-04,call,7975.0,26.9,27.7,27.299999999999997
2026-11-04,put,7975.0,290.2,297.0,293.6
2026-11-04,call,8000.0,22.6,23.0,22.8
2026-11-04,put,8000.0,310.9,318.3,314.6
2026-11-04,call,8025.0,18.8,19.5,19.15
2026-11-04,put,8025.0,331.9,339.3,335.6
2026-11-04,call,8050.0,15.7,16.1,15.9
2026-11-04,put,8050.0,353.5,361.3,357.4
2026-11-04,call,8075.0,13.1,13.5,13.3
2026-11-04,put,8075.0,376.1,383.3,379.70000000000005
2026-11-04,call,8100.0,10.8,11.2,11.0
2026-11-04,put,8100.0,398.7,406.7,402.7
2026-11-04,call,8125.0,9.0,9.4,9.2
2026-11-04,put,8125.0,421.7,429.7,425.7
2026-11-04,call,8150.0,7.5,7.8,7.65
2026-11-04,put,8150.0,445.1,453.1,449.1
2026-11-04,call,8175.0,6.2,6.6,6.4
2026-11-04,put,8175.0,468.7,476.7,472.7
2026-11-04,call,8200.0,4.9,5.5,5.2
2026-11-04,put,8200.0,492.6,500.6,496.6
2026-11-04,call,8300.0,2.5,3.0,2.75
2026-11-04,put,8300.0,589.7,597.7,593.7
2026-11-04,call,8400.0,1.55,1.8,1.675
2026-11-04,put,8400.0,688.1,696.1,692.1
2026-11-04,call,8500.0,0.9,1.15,1.025
2026-11-04,put,8500.0,787.0,795.0,791.0
2026-11-04,call,8600.0,0.55,0.8,0.675
2026-11-04,put,8600.0,886.2,894.2,890.2
2026-11-04,call,8800.0,0.15,0.4,0.275
2026-11-04,put,8800.0,1085.0,1093.0,1089.0
2026-11-04,put,9000.0,1284.0,1292.0,1288.0
2026-11-04,put,9200.0,1483.1,1491.1,1487.1
2026-11-04,put,9400.0,1682.2,1690.2,1686.2
2026-11-04,put,9600.0,1881.3,1889.3,1885.3
2026-11-04,put,9800.0,2080.4,2088.4,2084.4
2026-11-04,put,10000.0,2279.5,2287.5,2283.5
2026-11-05,call,3200.0,4479.0,4503.0,4491.0
2026-11-05,call,3400.0,4279.9,4303.9,4291.9
2026-11-05,call,3600.0,4080.5,4104.5,4092.5
2026-11-05,call,3800.0,3881.9,3905.9,3893.9
2026-11-05,call,4000.0,3682.7,3706.7,3694.7
2026-11-05,call,4200.0,3483.5,3507.5,3495.5
2026-11-05,call,4400.0,3284.7,3308.7,3296.7
2026-11-05,call,4600.0,3085.4,3109.4,3097.4
2026-11-05,call,4800.0,2886.9,2910.9,2898.9
2026-11-05,call,5000.0,2688.0,2711.9,2699.95
2026-11-05,call,5200.0,2489.1,2513.1,2501.1
2026-11-05,call,5400.0,2290.6,2314.6,2302.6
2026-11-05,call,5600.0,2091.9,2115.9,2103.9
2026-11-05,call,5800.0,1893.6,1917.6,1905.6
2026-11-05,call,6000.0,1695.4,1719.4,1707.4
2026-11-05,call,6200.0,1497.3,1521.3,1509.3
2026-11-05,put,6200.0,0.75,10.7,5.725
2026-11-05,call,6300.0,1398.5,1422.5,1410.5
2026-11-05,put,6300.0,1.55,11.5,6.525
2026-11-05,call,6400.0,1300.0,1324.0,1312.0
2026-11-05,put,6400.0,2.5,12.5,7.5
2026-11-05,call,6500.0,1201.0,1225.0,1213.0
2026-11-05,put,6500.0,3.6,13.6,8.6
2026-11-05,call,6600.0,1102.6,1126.6,1114.6
2026-11-05,put,6600.0,5.0,15.0,10.0
2026-11-05,call,6700.0,1005.1,1029.1,1017.0999999999999
2026-11-05,put,6700.0,6.8,16.8,11.8
2026-11-05,call,6800.0,907.7,931.7,919.7
2026-11-05,put,6800.0,2.05,26.0,14.025
2026-11-05,call,6900.0,811.2,835.2,823.2
2026-11-05,put,6900.0,4.9,28.9,16.9
2026-11-05,call,7000.0,714.4,738.4,726.4
2026-11-05,put,7000.0,8.8,32.8,20.799999999999997
2026-11-05,call,7075.0,643.5,667.5,655.5
2026-11-05,put,7075.0,12.5,36.5,24.5
2026-11-05,call,7100.0,620.5,644.5,632.5
2026-11-05,put,7100.0,13.9,37.9,25.9
2026-11-05,call,7125.0,596.1,620.1,608.1
2026-11-05,put,7125.0,15.5,39.5,27.5
2026-11-05,call,7150.0,573.1,597.1,585.1
2026-11-05,put,7150.0,17.2,41.2,29.200000000000003
2026-11-05,call,7175.0,549.6,573.6,561.6
2026-11-05,put,7175.0,19.0,43.0,31.0
2026-11-05,call,7200.0,526.8,550.8,538.8
2026-11-05,put,7200.0,21.0,45.0,33.0
2026-11-05,call,7225.0,504.0,528.0,516.0
2026-11-05,put,7225.0,23.2,47.2,35.2
2026-11-05,call,7250.0,481.2,505.2,493.2
2026-11-05,put,7250.0,25.5,49.5,37.5
2026-11-05,call,7275.0,458.6,482.6,470.6
2026-11-05,put,7275.0,28.0,52.0,40.0
2026-11-05,call,7300.0,436.2,460.2,448.2
2026-11-05,put,7300.0,30.8,54.8,42.8
2026-11-05,call,7325.0,413.8,437.8,425.8
2026-11-05,put,7325.0,33.8,57.8,45.8
2026-11-05,call,7350.0,391.9,415.8,403.85
2026-11-05,put,7350.0,37.0,61.0,49.0
2026-11-05,call,7375.0,370.5,394.5,382.5
2026-11-05,put,7375.0,40.5,64.5,52.5
2026-11-05,call,7400.0,349.1,373.1,361.1
2026-11-05,put,7400.0,44.3,68.3,56.3
2026-11-05,call,7425.0,328.1,352.1,340.1
2026-11-05,put,7425.0,48.5,72.4,60.45
2026-11-05,call,7450.0,307.4,331.4,319.4
2026-11-05,put,7450.0,52.9,76.9,64.9
2026-11-05,call,7475.0,286.7,310.7,298.7
2026-11-05,put,7475.0,57.8,81.8,69.8
2026-11-05,call,7500.0,266.7,290.7,278.7
2026-11-05,put,7500.0,63.1,87.1,75.1
2026-11-05,call,7525.0,247.5,271.5,259.5
2026-11-05,put,7525.0,68.8,92.8,80.8
2026-11-05,call,7550.0,228.2,252.2,240.2
2026-11-05,put,7550.0,75.1,99.1,87.1
2026-11-05,call,7575.0,209.8,233.8,221.8
2026-11-05,put,7575.0,74.5,98.5,86.5
2026-11-05,call,7600.0,191.5,215.5,203.5
2026-11-05,put,7600.0,81.6,105.6,93.6
2026-11-05,call,7625.0,174.1,198.1,186.1
2026-11-05,put,7625.0,89.0,113.0,101.0
2026-11-05,call,7650.0,157.5,181.5,169.5
2026-11-05,put,7650.0,97.2,121.2,109.2
2026-11-05,call,7675.0,141.5,165.5,153.5
2026-11-05,put,7675.0,106.2,130.2,118.19999999999999
2026-11-05,call,7700.0,126.1,150.1,138.1
2026-11-05,put,7700.0,115.6,139.6,127.6
2026-11-05,call,7725.0,111.7,135.7,123.69999999999999
2026-11-05,put,7725.0,126.0,150.0,138.0
2026-11-05,call,7750.0,98.1,122.1,110.1
2026-11-05,put,7750.0,137.5,161.5,149.5
2026-11-05,call,7775.0,85.4,109.4,97.4
2026-11-05,put,7775.0,149.4,173.4,161.4
2026-11-05,call,7800.0,67.1,91.1,79.1
2026-11-05,put,7800.0,162.5,186.5,174.5
2026-11-05,call,7825.0,56.9,80.9,68.9
2026-11-05,put,7825.0,176.6,200.5,188.55
2026-11-05,call,7850.0,47.7,71.7,59.7
2026-11-05,put,7850.0,191.7,215.7,203.7
2026-11-05,call,7875.0,39.4,63.4,51.4
2026-11-05,put,7875.0,207.9,231.9,219.9
2026-11-05,call,7900.0,32.0,56.0,44.0
2026-11-05,put,7900.0,224.9,248.9,236.9
2026-11-05,call,7925.0,25.5,49.5,37.5
2026-11-05,put,7925.0,242.7,266.7,254.7
2026-11-05,call,7950.0,19.7,43.7,31.700000000000003
2026-11-05,put,7950.0,261.0,285.0,273.0
2026-11-05,call,7975.0,14.8,38.8,26.799999999999997
2026-11-05,put,7975.0,280.5,304.5,292.5
2026-11-05,call,8000.0,10.5,34.5,22.5
2026-11-05,put,8000.0,300.7,324.7,312.7
2026-11-05,put,8100.0,387.5,411.5,399.5
2026-11-05,call,8200.0,0.3,10.3,5.300000000000001
2026-11-05,put,8200.0,480.9,504.9,492.9
2026-11-05,put,8300.0,577.7,601.7,589.7
2026-11-05,put,8400.0,676.1,700.1,688.1
2026-11-05,put,8600.0,874.2,898.2,886.2
2026-11-05,put,8800.0,1073.2,1097.2,1085.2
2026-11-05,put,9000.0,1271.8,1295.8,1283.8
2026-11-05,put,9200.0,1470.5,1494.4,1482.45
2026-11-05,put,9400.0,1670.1,1694.0,1682.05
2026-11-05,put,9600.0,1869.0,1893.0,1881.0
2026-11-05,put,9800.0,2068.2,2092.1,2080.1499999999996
2026-11-06,call,3200.0,4483.1,4493.1,4488.1
2026-11-06,put,3200.0,0.05,0.3,0.175
2026-11-06,call,3400.0,4284.1,4294.1,4289.1
2026-11-06,put,3400.0,0.1,0.35,0.22499999999999998
2026-11-06,call,3600.0,4085.1,4095.1,4090.1
2026-11-06,put,3600.0,0.15,0.4,0.275
2026-11-06,call,3800.0,3886.1,3896.1,3891.1
2026-11-06,put,3800.0,0.2,0.45,0.325
2026-11-06,call,4000.0,3687.2,3697.2,3692.2
2026-11-06,put,4000.0,0.25,0.55,0.4
2026-11-06,call,4200.0,3488.3,3498.3,3493.3
2026-11-06,put,4200.0,0.35,0.65,0.5
2026-11-06,call,4400.0,3289.4,3299.4,3294.4
2026-11-06,put,4400.0,0.5,0.75,0.625
2026-11-06,call,4600.0,3090.5,3100.5,3095.5
2026-11-06,put,4600.0,0.65,0.95,0.8
2026-11-06,call,4800.0,2891.7,2901.7,2896.7
2026-11-06,put,4800.0,0.85,1.2,1.025
2026-11-06,call,5000.0,2693.0,2703.0,2698.0
2026-11-06,put,5000.0,1.15,1.5,1.325
2026-11-06,call,5200.0,2494.3,2504.3,2499.3
2026-11-06,put,5200.0,1.5,1.85,1.675
2026-11-06,call,5400.0,2295.7,2305.7,2300.7
2026-11-06,put,5400.0,1.95,2.35,2.15
2026-11-06,call,5600.0,2097.3,2107.3,2102.3
2026-11-06,put,5600.0,2.55,2.95,2.75
2026-11-06,call,5700.0,1998.1,2008.1,2003.1
2026-11-06,put,5700.0,2.9,3.3,3.0999999999999996
2026-11-06,call,5800.0,1898.9,1908.9,1903.9
2026-11-06,put,5800.0,3.3,3.6,3.45
2026-11-06,call,5900.0,1799.9,1809.9,1804.9
2026-11-06,put,5900.0,3.7,4.1,3.9
2026-11-06,call,6000.0,1700.8,1710.8,1705.8
2026-11-06,put,6000.0,4.2,4.6,4.4
2026-11-06,call,6100.0,1601.9,1611.9,1606.9
2026-11-06,put,6100.0,4.8,5.1,4.949999999999999
2026-11-06,call,6150.0,1552.5,1562.5,1557.5
2026-11-06,put,6150.0,5.1,5.5,5.3
2026-11-06,call,6200.0,1503.0,1513.0,1508.0
2026-11-06,put,6200.0,5.5,6.0,5.75
2026-11-06,call,6250.0,1453.7,1463.7,1458.7
2026-11-06,put,6250.0,5.9,6.4,6.15
2026-11-06,call,6300.0,1404.3,1414.3,1409.3
2026-11-06,put,6300.0,6.3,6.8,6.55
2026-11-06,call,6350.0,1355.0,1365.0,1360.0
2026-11-06,put,6350.0,6.7,7.3,7.0
2026-11-06,call,6400.0,1305.8,1315.8,1310.8
2026-11-06,put,6400.0,7.2,7.8,7.5
2026-11-06,call,6450.0,1256.5,1266.5,1261.5
2026-11-06,put,6450.0,7.7,8.3,8.0
2026-11-06,call,6500.0,1207.4,1217.4,1212.4
2026-11-06,put,6500.0,8.3,8.9,8.600000000000001
2026-11-06,call,6550.0,1158.3,1168.3,1163.3
2026-11-06,put,6550.0,9.0,9.6,9.3
2026-11-06,call,6600.0,1109.3,1119.3,1114.3
2026-11-06,put,6600.0,9.7,10.4,10.05
2026-11-06,call,6625.0,1084.8,1094.8,1089.8
2026-11-06,put,6625.0,10.1,10.8,10.45
2026-11-06,call,6650.0,1060.3,1070.3,1065.3
2026-11-06,put,6650.0,10.5,11.2,10.85
2026-11-06,call,6675.0,1035.9,1045.9,1040.9
2026-11-06,put,6675.0,10.9,11.6,11.25
2026-11-06,call,6700.0,1011.5,1021.5,1016.5
2026-11-06,put,6700.0,11.4,12.1,11.75
2026-11-06,call,6725.0,987.1,997.1,992.1
2026-11-06,put,6725.0,11.9,12.6,12.25
2026-11-06,call,6750.0,962.7,972.7,967.7
2026-11-06,put,6750.0,12.4,13.1,12.75
2026-11-06,call,6775.0,938.4,948.4,943.4
2026-11-06,put,6775.0,12.9,13.7,13.3
2026-11-06,call,6800.0,914.1,924.1,919.1
2026-11-06,put,6800.0,13.5,14.3,13.9
2026-11-06,call,6825.0,889.9,899.9,894.9
2026-11-06,put,6825.0,14.1,14.9,14.5
2026-11-06,call,6850.0,865.7,875.7,870.7
2026-11-06,put,6850.0,14.8,15.6,15.2
2026-11-06,call,6875.0,841.5,851.5,846.5
2026-11-06,put,6875.0,15.5,16.3,15.9
2026-11-06,call,6900.0,817.4,827.4,822.4
2026-11-06,put,6900.0,16.3,17.1,16.700000000000003
2026-11-06,call,6925.0,793.4,803.4,798.4
2026-11-06,put,6925.0,17.1,17.9,17.5
2026-11-06,call,6950.0,769.4,779.4,774.4
2026-11-06,put,6950.0,18.0,18.8,18.4
2026-11-06,call,6975.0,745.4,755.4,750.4
2026-11-06,put,6975.0,18.9,19.7,19.299999999999997
2026-11-06,call,7000.0,721.6,731.6,726.6
2026-11-06,put,7000.0,19.9,20.7,20.299999999999997
2026-11-06,call,7025.0,697.8,707.8,702.8
2026-11-06,put,7025.0,21.0,21.8,21.4
2026-11-06,call,7050.0,674.1,684.1,679.1
2026-11-06,put,7050.0,22.2,23.0,22.6
2026-11-06,call,7075.0,652.2,660.1,656.1500000000001
2026-11-06,put,7075.0,23.4,24.3,23.85
2026-11-06,call,7100.0,628.3,636.4,632.3499999999999
2026-11-06,put,7100.0,24.9,25.4,25.15
2026-11-06,call,7125.0,605.0,613.1,609.05
2026-11-06,put,7125.0,26.3,27.1,26.700000000000003
2026-11-06,call,7150.0,581.7,589.8,585.75
2026-11-06,put,7150.0,27.9,28.5,28.2
2026-11-06,call,7175.0,558.9,566.6,562.75
2026-11-06,put,7175.0,29.6,30.5,30.05
2026-11-06,call,7200.0,535.9,543.6,539.75
2026-11-06,put,7200.0,31.5,32.1,31.8
2026-11-06,call,7220.0,517.6,525.3,521.45
2026-11-06,put,7220.0,33.1,34.1,33.6
2026-11-06,call,7225.0,512.7,520.6,516.6500000000001
2026-11-06,put,7225.0,33.5,34.5,34.0
2026-11-06,call,7230.0,508.5,516.1,512.3
2026-11-06,put,7230.0,34.0,35.0,34.5
2026-11-06,call,7240.0,499.5,507.0,503.25
2026-11-06,put,7240.0,34.8,35.8,35.3
2026-11-06,call,7250.0,490.4,497.4,493.9
2026-11-06,put,7250.0,35.8,36.4,36.099999999999994
2026-11-06,call,7260.0,481.1,488.8,484.95000000000005
2026-11-06,put,7260.0,36.7,37.7,37.2
2026-11-06,call,7270.0,472.4,479.8,476.1
2026-11-06,put,7270.0,37.6,38.6,38.1
2026-11-06,call,7275.0,467.3,474.8,471.05
2026-11-06,put,7275.0,38.1,39.1,38.6
2026-11-06,call,7280.0,463.5,471.0,467.25
2026-11-06,put,7280.0,38.6,39.6,39.1
2026-11-06,call,7290.0,454.3,461.9,458.1
2026-11-06,put,7290.0,39.7,40.6,40.150000000000006
2026-11-06,call,7300.0,445.4,453.0,449.2
2026-11-06,put,7300.0,40.7,41.3,41.0
2026-11-06,call,7310.0,436.9,444.3,440.6
2026-11-06,put,7310.0,41.8,42.7,42.25
2026-11-06,call,7320.0,428.0,435.4,431.7
2026-11-06,put,7320.0,43.0,43.9,43.45
2026-11-06,call,7325.0,423.7,431.0,427.35
2026-11-06,put,7325.0,43.5,44.5,44.0
2026-11-06,call,7330.0,419.3,426.6,422.95000000000005
2026-11-06,put,7330.0,44.1,45.1,44.6
2026-11-06,call,7340.0,410.5,417.7,414.1
2026-11-06,put,7340.0,45.2,46.2,45.7
2026-11-06,call,7350.0,401.8,409.0,405.4
2026-11-06,put,7350.0,46.6,47.2,46.900000000000006
2026-11-06,call,7360.0,393.1,400.3,396.70000000000005
2026-11-06,put,7360.0,47.8,48.8,48.3
2026-11-06,call,7370.0,384.5,391.7,388.1
2026-11-06,put,7370.0,49.2,50.1,49.650000000000006
2026-11-06,call,7375.0,380.2,387.4,383.79999999999995
2026-11-06,put,7375.0,49.8,50.8,50.3
2026-11-06,call,7380.0,376.0,383.1,379.55
2026-11-06,put,7380.0,50.5,51.6,51.05
2026-11-06,call,7390.0,367.4,374.5,370.95
2026-11-06,put,7390.0,51.9,53.1,52.5
2026-11-06,call,7400.0,359.0,366.0,362.5
2026-11-06,put,7400.0,53.4,54.1,53.75
2026-11-06,call,7410.0,350.5,357.6,354.05
2026-11-06,put,7410.0,54.9,56.0,55.45
2026-11-06,call,7420.0,342.2,349.2,345.7
2026-11-06,put,7420.0,56.5,57.6,57.05
2026-11-06,call,7425.0,338.0,345.1,341.55
2026-11-06,put,7425.0,57.3,58.4,57.849999999999994
2026-11-06,call,7430.0,333.9,340.8,337.35
2026-11-06,put,7430.0,58.1,59.2,58.650000000000006
2026-11-06,call,7440.0,325.6,332.5,329.05
2026-11-06,put,7440.0,59.8,61.0,60.4
2026-11-06,call,7450.0,317.4,324.3,320.85
2026-11-06,put,7450.0,61.5,62.2,61.85
2026-11-06,call,7460.0,309.3,316.1,312.70000000000005
2026-11-06,put,7460.0,63.3,64.5,63.9
2026-11-06,call,7470.0,301.2,308.0,304.6
2026-11-06,put,7470.0,65.1,66.2,65.65
2026-11-06,call,7475.0,297.1,303.9,300.5
2026-11-06,put,7475.0,66.1,67.2,66.65
2026-11-06,call,7480.0,292.9,299.7,296.29999999999995
2026-11-06,put,7480.0,67.1,68.2,67.65
2026-11-06,call,7490.0,285.2,291.9,288.54999999999995
2026-11-06,put,7490.0,68.9,70.3,69.6
2026-11-06,call,7500.0,277.3,283.9,280.6
2026-11-06,put,7500.0,71.1,71.8,71.44999999999999
2026-11-06,call,7510.0,269.4,276.1,272.75
2026-11-06,put,7510.0,73.2,74.3,73.75
2026-11-06,call,7520.0,261.7,268.2,264.95
2026-11-06,put,7520.0,75.4,76.5,75.95
2026-11-06,call,7525.0,257.8,264.4,261.1
2026-11-06,put,7525.0,76.5,77.6,77.05
2026-11-06,call,7530.0,254.0,260.5,257.25
2026-11-06,put,7530.0,77.6,78.8,78.19999999999999
2026-11-06,call,7540.0,247.0,252.3,249.65
2026-11-06,put,7540.0,79.9,81.0,80.45
2026-11-06,call,7550.0,239.5,244.7,242.1
2026-11-06,put,7550.0,82.3,83.0,82.65
2026-11-06,call,7560.0,232.0,237.3,234.65
2026-11-06,put,7560.0,84.8,86.0,85.4
2026-11-06,call,7570.0,224.7,230.0,227.35
2026-11-06,put,7570.0,87.4,88.6,88.0
2026-11-06,call,7575.0,221.0,226.2,223.6
2026-11-06,put,7575.0,88.7,89.9,89.30000000000001
2026-11-06,call,7580.0,217.4,222.6,220.0
2026-11-06,put,7580.0,90.1,91.3,90.69999999999999
2026-11-06,call,7590.0,210.3,215.4,212.85000000000002
2026-11-06,put,7590.0,92.7,94.0,93.35
2026-11-06,call,7600.0,203.0,208.2,205.6
2026-11-06,put,7600.0,95.5,96.4,95.95
2026-11-06,call,7610.0,197.4,199.9,198.65
2026-11-06,put,7610.0,98.5,99.8,99.15
2026-11-06,call,7620.0,190.5,193.0,191.75
2026-11-06,put,7620.0,101.6,103.0,102.3
2026-11-06,call,7625.0,186.6,189.1,187.85
2026-11-06,put,7625.0,103.0,104.6,103.8
2026-11-06,call,7630.0,183.2,185.7,184.45
2026-11-06,put,7630.0,104.6,106.2,105.4
2026-11-06,call,7640.0,176.5,179.0,177.75
2026-11-06,put,7640.0,107.9,109.5,108.7
2026-11-06,call,7650.0,170.8,172.3,171.55
2026-11-06,put,7650.0,111.3,112.1,111.69999999999999
2026-11-06,call,7660.0,164.3,165.8,165.05
2026-11-06,put,7660.0,114.7,116.3,115.5
2026-11-06,call,7670.0,158.1,159.5,158.8
2026-11-06,put,7670.0,118.3,120.0,119.15
2026-11-06,call,7675.0,154.8,156.3,155.55
2026-11-06,put,7675.0,120.1,121.7,120.9
2026-11-06,call,7680.0,151.8,153.2,152.5
2026-11-06,put,7680.0,121.9,123.7,122.80000000000001
2026-11-06,call,7690.0,145.6,147.1,146.35
2026-11-06,put,7690.0,125.8,127.4,126.6
2026-11-06,call,7700.0,140.1,141.0,140.55
2026-11-06,put,7700.0,129.7,130.6,130.14999999999998
2026-11-06,call,7710.0,133.7,135.2,134.45
2026-11-06,put,7710.0,133.8,135.6,134.7
2026-11-06,call,7720.0,128.0,129.4,128.7
2026-11-06,put,7720.0,138.0,139.4,138.7
2026-11-06,call,7725.0,125.1,126.6,125.85
2026-11-06,put,7725.0,140.2,141.6,140.89999999999998
2026-11-06,call,7730.0,122.3,123.8,123.05
2026-11-06,put,7730.0,142.4,143.8,143.10000000000002
2026-11-06,call,7740.0,117.0,118.3,117.65
2026-11-06,put,7740.0,146.1,148.2,147.14999999999998
2026-11-06,call,7750.0,112.1,113.0,112.55
2026-11-06,put,7750.0,151.0,152.9,151.95
2026-11-06,call,7760.0,106.3,107.8,107.05
2026-11-06,put,7760.0,155.8,158.3,157.05
2026-11-06,call,7770.0,101.3,102.7,102.0
2026-11-06,put,7770.0,160.7,163.2,161.95
2026-11-06,call,7775.0,98.9,100.3,99.6
2026-11-06,put,7775.0,163.2,165.7,164.45
2026-11-06,call,7780.0,96.5,97.9,97.2
2026-11-06,put,7780.0,165.8,168.3,167.05
2026-11-06,call,7790.0,91.8,93.2,92.5
2026-11-06,put,7790.0,171.0,173.5,172.25
2026-11-06,call,7800.0,87.5,88.4,87.95
2026-11-06,put,7800.0,176.5,177.6,177.05
2026-11-06,call,7810.0,82.7,83.8,83.25
2026-11-06,put,7810.0,181.8,184.3,183.05
2026-11-06,call,7820.0,78.4,79.5,78.95
2026-11-06,put,7820.0,187.5,190.0,188.75
2026-11-06,call,7825.0,76.3,77.4,76.85
2026-11-06,put,7825.0,190.4,192.9,191.65
2026-11-06,call,7830.0,74.2,75.3,74.75
2026-11-06,put,7830.0,193.3,195.8,194.55
2026-11-06,call,7840.0,70.3,71.3,70.8
2026-11-06,put,7840.0,199.3,201.8,200.55
2026-11-06,call,7850.0,66.3,67.5,66.9
2026-11-06,put,7850.0,204.1,208.1,206.1
2026-11-06,call,7860.0,62.6,63.8,63.2
2026-11-06,put,7860.0,210.3,215.4,212.85000000000002
2026-11-06,call,7870.0,59.2,60.5,59.85
2026-11-06,put,7870.0,216.7,221.9,219.3
2026-11-06,call,7875.0,57.4,58.6,58.0
2026-11-06,put,7875.0,220.0,225.1,222.55
2026-11-06,call,7880.0,55.9,56.9,56.4
2026-11-06,put,7880.0,223.2,228.4,225.8
2026-11-06,call,7890.0,52.5,53.7,53.1
2026-11-06,put,7890.0,229.3,234.9,232.10000000000002
2026-11-06,call,7900.0,49.9,50.5,50.2
2026-11-06,put,7900.0,235.6,242.3,238.95
2026-11-06,call,7910.0,46.5,47.4,46.95
2026-11-06,put,7910.0,242.8,249.5,246.15
2026-11-06,call,7920.0,43.7,44.6,44.150000000000006
2026-11-06,put,7920.0,249.7,256.5,253.1
2026-11-06,call,7925.0,42.4,43.3,42.849999999999994
2026-11-06,put,7925.0,253.3,260.1,256.70000000000005
2026-11-06,call,7930.0,41.0,41.9,41.45
2026-11-06,put,7930.0,256.9,263.8,260.35
2026-11-06,call,7940.0,38.4,39.4,38.9
2026-11-06,put,7940.0,264.3,271.2,267.75
2026-11-06,call,7950.0,36.3,37.0,36.65
2026-11-06,put,7950.0,272.0,279.0,275.5
2026-11-06,call,7960.0,33.7,34.7,34.2
2026-11-06,put,7960.0,279.4,286.4,282.9
2026-11-06,call,7970.0,31.6,32.6,32.1
2026-11-06,put,7970.0,287.2,294.3,290.75
2026-11-06,call,7975.0,30.5,31.5,31.0
2026-11-06,put,7975.0,291.1,298.2,294.65
2026-11-06,call,8000.0,26.1,26.6,26.35
2026-11-06,put,8000.0,311.1,318.3,314.70000000000005
2026-11-06,call,8025.0,21.6,22.6,22.1
2026-11-06,put,8025.0,331.7,339.1,335.4
2026-11-06,call,8050.0,18.5,18.9,18.7
2026-11-06,put,8050.0,352.9,360.5,356.7
2026-11-06,call,8075.0,15.0,16.0,15.5
2026-11-06,put,8075.0,375.5,383.1,379.3
2026-11-06,call,8100.0,12.5,13.5,13.0
2026-11-06,put,8100.0,397.2,404.9,401.04999999999995
2026-11-06,call,8125.0,10.4,11.2,10.8
2026-11-06,put,8125.0,419.2,429.2,424.2
2026-11-06,call,8150.0,8.6,9.4,9.0
2026-11-06,put,8150.0,442.3,452.3,447.3
2026-11-06,call,8175.0,7.2,8.0,7.6
2026-11-06,put,8175.0,465.7,475.7,470.7
2026-11-06,call,8200.0,6.0,6.6,6.3
2026-11-06,put,8200.0,489.3,499.3,494.3
2026-11-06,call,8225.0,5.2,5.6,5.4
2026-11-06,put,8225.0,513.2,523.2,518.2
2026-11-06,call,8250.0,4.3,4.7,4.5
2026-11-06,put,8250.0,537.3,547.3,542.3
2026-11-06,call,8275.0,3.7,4.1,3.9
2026-11-06,put,8275.0,561.5,571.5,566.5
2026-11-06,call,8300.0,3.2,3.6,3.4000000000000004
2026-11-06,put,8300.0,585.9,595.9,590.9
2026-11-06,call,8350.0,2.35,2.75,2.55
2026-11-06,put,8350.0,634.8,644.8,639.8
2026-11-06,call,8400.0,1.85,2.2,2.0250000000000004
2026-11-06,put,8400.0,684.1,694.1,689.1
2026-11-06,call,8450.0,1.45,1.75,1.6
2026-11-06,put,8450.0,733.4,743.4,738.4
2026-11-06,call,8500.0,1.1,1.45,1.275
2026-11-06,put,8500.0,782.9,792.9,787.9
2026-11-06,call,8600.0,0.65,0.95,0.8
2026-11-06,put,8600.0,881.9,891.9,886.9
2026-11-06,call,8700.0,0.35,0.65,0.5
2026-11-06,put,8700.0,981.1,991.1,986.1
2026-11-06,call,8800.0,0.15,0.5,0.325
2026-11-06,put,8800.0,1080.5,1090.5,1085.5
2026-11-06,call,9000.0,0.05,0.35,0.19999999999999998
2026-11-06,put,9000.0,1279.3,1289.3,1284.3
2026-11-06,put,9200.0,1478.3,1488.3,1483.3
2026-11-06,put,9400.0,1677.3,1687.3,1682.3
2026-11-06,put,9600.0,1876.4,1886.4,1881.4
2026-11-06,put,9800.0,2075.4,2085.4,2080.4
2026-11-06,put,10000.0,2274.4,2284.4,2279.4
2026-11-13,call,3200.0,4483.3,4493.3,4488.3
2026-11-13,put,3200.0,0.15,0.4,0.275
2026-11-13,call,3400.0,4284.5,4294.5,4289.5
2026-11-13,put,3400.0,0.25,0.45,0.35
2026-11-13,call,3600.0,4085.6,4095.6,4090.6
2026-11-13,put,3600.0,0.25,0.5,0.375
2026-11-13,call,3800.0,3886.9,3896.9,3891.9
2026-11-13,put,3800.0,0.3,0.6,0.44999999999999996
2026-11-13,call,4000.0,3688.1,3698.1,3693.1
2026-11-13,put,4000.0,0.4,0.7,0.55
2026-11-13,call,4200.0,3489.4,3499.4,3494.4
2026-11-13,put,4200.0,0.55,0.85,0.7
2026-11-13,call,4400.0,3290.7,3300.7,3295.7
2026-11-13,put,4400.0,0.7,1.0,0.85
2026-11-13,call,4600.0,3092.1,3102.1,3097.1
2026-11-13,put,4600.0,0.95,1.25,1.1
2026-11-13,call,4800.0,2893.5,2903.5,2898.5
2026-11-13,put,4800.0,1.25,1.6,1.425
2026-11-13,call,5000.0,2695.1,2705.1,2700.1
2026-11-13,put,5000.0,1.65,1.95,1.7999999999999998
2026-11-13,call,5200.0,2496.7,2506.7,2501.7
2026-11-13,put,5200.0,2.1,2.45,2.2750000000000004
2026-11-13,call,5400.0,2298.4,2308.4,2303.4
2026-11-13,put,5400.0,2.75,3.1,2.925
2026-11-13,call,5600.0,2100.3,2110.3,2105.3
2026-11-13,put,5600.0,3.5,3.8,3.65
2026-11-13,call,5800.0,1902.4,1912.4,1907.4
2026-11-13,put,5800.0,4.4,4.8,4.6
2026-11-13,call,5900.0,1803.5,1813.5,1808.5
2026-11-13,put,5900.0,5.0,5.4,5.2
2026-11-13,call,6000.0,1704.7,1714.7,1709.7
2026-11-13,put,6000.0,5.7,6.2,5.95
2026-11-13,call,6100.0,1606.1,1616.1,1611.1
2026-11-13,put,6100.0,6.4,7.0,6.7
2026-11-13,call,6200.0,1507.5,1517.5,1512.5
2026-11-13,put,6200.0,7.3,7.9,7.6
2026-11-13,call,6250.0,1458.3,1468.3,1463.3
2026-11-13,put,6250.0,7.8,8.4,8.1
2026-11-13,call,6300.0,1409.1,1419.1,1414.1
2026-11-13,put,6300.0,8.3,8.9,8.600000000000001
2026-11-13,call,6350.0,1360.0,1370.0,1365.0
2026-11-13,put,6350.0,8.9,9.5,9.2
2026-11-13,call,6400.0,1311.0,1321.0,1316.0
2026-11-13,put,6400.0,9.6,10.2,9.899999999999999
2026-11-13,call,6450.0,1261.9,1271.9,1266.9
2026-11-13,put,6450.0,10.3,10.9,10.600000000000001
2026-11-13,call,6500.0,1213.0,1223.0,1218.0
2026-11-13,put,6500.0,11.0,11.7,11.35
2026-11-13,call,6550.0,1164.1,1174.1,1169.1
2026-11-13,put,6550.0,11.9,12.5,12.2
2026-11-13,call,6600.0,1115.3,1125.3,1120.3
2026-11-13,put,6600.0,12.8,13.5,13.15
2026-11-13,call,6650.0,1066.7,1076.7,1071.7
2026-11-13,put,6650.0,13.8,14.5,14.15
2026-11-13,call,6700.0,1018.1,1028.1,1023.0999999999999
2026-11-13,put,6700.0,15.0,15.7,15.35
2026-11-13,call,6750.0,969.7,979.7,974.7
2026-11-13,put,6750.0,16.3,17.0,16.65
2026-11-13,call,6800.0,921.4,931.4,926.4
2026-11-13,put,6800.0,17.7,18.3,18.0
2026-11-13,call,6850.0,873.3,883.3,878.3
2026-11-13,put,6850.0,19.3,19.9,19.6
2026-11-13,call,6900.0,825.4,835.4,830.4
2026-11-13,put,6900.0,21.1,21.9,21.5
2026-11-13,call,6950.0,777.8,787.8,782.8
2026-11-13,put,6950.0,23.2,24.0,23.6
2026-11-13,call,7000.0,732.4,739.1,735.75
2026-11-13,put,7000.0,25.5,26.3,25.9
2026-11-13,call,7050.0,685.4,692.0,688.7
2026-11-13,put,7050.0,28.1,29.1,28.6
2026-11-13,call,7100.0,638.2,645.4,641.8
2026-11-13,put,7100.0,31.2,32.0,31.6
2026-11-13,call,7150.0,592.7,599.1,595.9000000000001
2026-11-13,put,7150.0,34.8,35.8,35.3
2026-11-13,call,7175.0,569.8,576.8,573.3
2026-11-13,put,7175.0,36.8,37.8,37.3
2026-11-13,call,7200.0,547.1,553.5,550.3
2026-11-13,put,7200.0,38.9,39.9,39.4
2026-11-13,call,7225.0,524.6,531.5,528.05
2026-11-13,put,7225.0,41.1,42.1,41.6
2026-11-13,call,7250.0,502.2,509.0,505.6
2026-11-13,put,7250.0,43.6,44.6,44.1
2026-11-13,call,7275.0,480.0,486.2,483.1
2026-11-13,put,7275.0,46.2,47.2,46.7
2026-11-13,call,7300.0,458.0,464.7,461.35
2026-11-13,put,7300.0,49.2,50.2,49.7
2026-11-13,call,7325.0,435.7,442.3,439.0
2026-11-13,put,7325.0,52.1,53.2,52.650000000000006
2026-11-13,call,7350.0,414.7,420.7,417.7
2026-11-13,put,7350.0,55.4,56.5,55.95
2026-11-13,call,7375.0,393.4,399.4,396.4
2026-11-13,put,7375.0,59.0,60.1,59.55
2026-11-13,call,7400.0,372.4,378.3,375.35
2026-11-13,put,7400.0,62.8,64.0,63.4
2026-11-13,call,7425.0,351.7,358.0,354.85
2026-11-13,put,7425.0,66.9,68.1,67.5
2026-11-13,call,7450.0,331.4,337.6,334.5
2026-11-13,put,7450.0,71.4,72.6,72.0
2026-11-13,call,7475.0,311.3,317.4,314.35
2026-11-13,put,7475.0,76.0,77.4,76.7
2026-11-13,call,7500.0,291.7,297.7,294.7
2026-11-13,put,7500.0,81.3,82.4,81.85
2026-11-13,call,7525.0,272.4,278.3,275.35
2026-11-13,put,7525.0,86.8,88.0,87.4
2026-11-13,call,7550.0,254.3,259.0,256.65
2026-11-13,put,7550.0,92.8,94.0,93.4
2026-11-13,call,7575.0,235.9,240.7,238.3
2026-11-13,put,7575.0,99.3,100.7,100.0
2026-11-13,call,7600.0,218.2,222.7,220.45
2026-11-13,put,7600.0,106.3,108.1,107.19999999999999
2026-11-13,call,7620.0,204.3,208.9,206.60000000000002
2026-11-13,put,7620.0,112.2,113.8,113.0
2026-11-13,call,7625.0,201.2,203.7,202.45
2026-11-13,put,7625.0,113.9,115.8,114.85
2026-11-13,call,7630.0,197.9,200.4,199.15
2026-11-13,put,7630.0,115.4,117.2,116.30000000000001
2026-11-13,call,7640.0,191.1,193.6,192.35
2026-11-13,put,7640.0,118.6,120.4,119.5
2026-11-13,call,7650.0,185.7,187.1,186.39999999999998
2026-11-13,put,7650.0,122.0,123.9,122.95
2026-11-13,call,7660.0,179.2,180.6,179.89999999999998
2026-11-13,put,7660.0,125.4,127.4,126.4
2026-11-13,call,7670.0,172.8,174.2,173.5
2026-11-13,put,7670.0,129.0,130.6,129.8
2026-11-13,call,7675.0,169.7,171.1,170.39999999999998
2026-11-13,put,7675.0,130.8,132.5,131.65
2026-11-13,call,7680.0,166.6,167.9,167.25
2026-11-13,put,7680.0,132.6,134.3,133.45
2026-11-13,call,7690.0,160.4,161.8,161.10000000000002
2026-11-13,put,7690.0,136.4,138.5,137.45
2026-11-13,call,7700.0,154.4,155.7,155.05
2026-11-13,put,7700.0,140.3,142.2,141.25
2026-11-13,call,7710.0,148.5,149.8,149.15
2026-11-13,put,7710.0,144.3,146.2,145.25
2026-11-13,call,7720.0,142.7,144.0,143.35
2026-11-13,put,7720.0,148.5,150.6,149.55
2026-11-13,call,7725.0,139.7,141.2,140.45
2026-11-13,put,7725.0,150.6,152.6,151.6
2026-11-13,call,7730.0,137.0,138.4,137.7
2026-11-13,put,7730.0,152.8,154.7,153.75
2026-11-13,call,7740.0,131.4,133.3,132.35000000000002
2026-11-13,put,7740.0,157.2,158.9,158.05
2026-11-13,call,7750.0,126.0,127.4,126.7
2026-11-13,put,7750.0,161.5,163.4,162.45
2026-11-13,call,7760.0,120.7,122.1,121.4
2026-11-13,put,7760.0,166.0,168.4,167.2
2026-11-13,call,7770.0,115.4,116.9,116.15
2026-11-13,put,7770.0,170.8,173.3,172.05
2026-11-13,call,7775.0,113.0,114.4,113.7
2026-11-13,put,7775.0,173.1,175.6,174.35
2026-11-13,call,7780.0,110.5,111.9,111.2
2026-11-13,put,7780.0,175.7,178.2,176.95
2026-11-13,call,7790.0,105.6,107.1,106.35
2026-11-13,put,7790.0,180.8,183.3,182.05
2026-11-13,call,7800.0,100.8,102.6,101.69999999999999
2026-11-13,put,7800.0,186.0,188.5,187.25
2026-11-13,call,7810.0,96.2,97.6,96.9
2026-11-13,put,7810.0,191.3,193.8,192.55
2026-11-13,call,7820.0,91.6,93.1,92.35
2026-11-13,put,7820.0,196.8,199.3,198.05
2026-11-13,call,7825.0,89.5,90.5,90.0
2026-11-13,put,7825.0,199.5,202.0,200.75
2026-11-13,call,7830.0,87.4,88.4,87.9
2026-11-13,put,7830.0,202.3,204.8,203.55
2026-11-13,call,7840.0,83.2,84.2,83.7
2026-11-13,put,7840.0,206.8,211.3,209.05
2026-11-13,call,7850.0,79.1,80.1,79.6
2026-11-13,put,7850.0,212.5,217.2,214.85
2026-11-13,call,7875.0,69.5,70.6,70.05
2026-11-13,put,7875.0,227.7,232.6,230.14999999999998
2026-11-13,call,7900.0,60.9,61.9,61.4
2026-11-13,put,7900.0,243.8,248.8,246.3
2026-11-13,call,7925.0,53.0,54.1,53.55
2026-11-13,put,7925.0,260.2,266.2,263.2
2026-11-13,call,7950.0,46.0,46.9,46.45
2026-11-13,put,7950.0,277.9,284.2,281.04999999999995
2026-11-13,call,7975.0,39.8,40.5,40.15
2026-11-13,put,7975.0,296.9,302.8,299.85
2026-11-13,call,8000.0,34.2,35.0,34.6
2026-11-13,put,8000.0,316.1,322.1,319.1
2026-11-13,call,8025.0,29.3,30.2,29.75
2026-11-13,put,8025.0,335.4,342.1,338.75
2026-11-13,call,8050.0,25.0,25.9,25.45
2026-11-13,put,8050.0,356.5,362.8,359.65
2026-11-13,call,8075.0,21.3,22.1,21.700000000000003
2026-11-13,put,8075.0,377.0,383.9,380.45
2026-11-13,call,8100.0,18.1,18.9,18.5
2026-11-13,put,8100.0,399.2,406.1,402.65
2026-11-13,call,8150.0,12.8,13.7,13.25
2026-11-13,put,8150.0,443.7,450.8,447.25
2026-11-13,call,8200.0,9.2,10.0,9.6
2026-11-13,put,8200.0,488.2,498.2,493.2
2026-11-13,call,8250.0,6.5,7.3,6.9
2026-11-13,put,8250.0,535.2,545.2,540.2
2026-11-13,call,8300.0,4.8,5.2,5.0
2026-11-13,put,8300.0,583.0,593.0,588.0
2026-11-13,call,8350.0,3.5,3.9,3.7
2026-11-13,put,8350.0,631.6,641.6,636.6
2026-11-13,call,8400.0,2.6,3.0,2.8
2026-11-13,put,8400.0,680.4,690.4,685.4
2026-11-13,call,8450.0,2.0,2.4,2.2
2026-11-13,put,8450.0,729.6,739.6,734.6
2026-11-13,call,8500.0,1.6,1.95,1.775
2026-11-13,put,8500.0,778.8,788.8,783.8
2026-11-13,call,8600.0,1.0,1.3,1.15
2026-11-13,put,8600.0,877.6,887.6,882.6
2026-11-13,call,8700.0,0.6,0.95,0.7749999999999999
2026-11-13,put,8700.0,976.6,986.6,981.6
2026-11-13,call,8800.0,0.35,0.7,0.5249999999999999
2026-11-13,put,8800.0,1075.8,1085.8,1080.8
2026-11-13,call,9000.0,0.1,0.4,0.25
2026-11-13,put,9000.0,1274.4,1284.4,1279.4
2026-11-13,call,9200.0,0.05,0.35,0.19999999999999998
2026-11-13,put,9200.0,1473.2,1483.2,1478.2
2026-11-13,put,9400.0,1672.0,1682.0,1677.0
2026-11-13,put,9600.0,1870.9,1880.9,1875.9
2026-11-13,put,9800.0,2069.7,2079.7,2074.7
2026-11-13,put,10000.0,2268.6,2278.6,2273.6
2026-11-20,call,3200.0,4484.3,4493.7,4489.0
2026-11-20,put,3200.0,0.2,0.45,0.325
2026-11-20,call,3400.0,4285.7,4295.1,4290.4
2026-11-20,put,3400.0,0.25,0.55,0.4
2026-11-20,call,3600.0,4087.1,4096.4,4091.75
2026-11-20,put,3600.0,0.35,0.6,0.475
2026-11-20,call,3800.0,3888.5,3897.9,3893.2
2026-11-20,put,3800.0,0.45,0.75,0.6
2026-11-20,call,3900.0,3789.5,3798.6,3794.05
2026-11-20,put,3900.0,0.5,0.8,0.65
2026-11-20,call,4000.0,3690.2,3699.3,3694.75
2026-11-20,put,4000.0,0.6,0.85,0.725
2026-11-20,call,4100.0,3591.0,3600.1,3595.55
2026-11-20,put,4100.0,0.7,0.95,0.825
2026-11-20,call,4200.0,3491.7,3500.8,3496.25
2026-11-20,put,4200.0,0.8,1.05,0.925
2026-11-20,call,4300.0,3392.4,3401.6,3397.0
2026-11-20,put,4300.0,0.9,1.2,1.05
2026-11-20,call,4400.0,3293.3,3302.4,3297.8500000000004
2026-11-20,put,4400.0,1.0,1.3,1.15
2026-11-20,call,4500.0,3194.0,3203.2,3198.6
2026-11-20,put,4500.0,1.15,1.45,1.2999999999999998
2026-11-20,call,4600.0,3094.7,3104.0,3099.35
2026-11-20,put,4600.0,1.35,1.65,1.5
2026-11-20,call,4650.0,3045.1,3054.4,3049.75
2026-11-20,put,4650.0,1.4,1.75,1.575
2026-11-20,call,4700.0,2995.8,3004.9,3000.3500000000004
2026-11-20,put,4700.0,1.5,1.85,1.675
2026-11-20,call,4750.0,2946.1,2955.3,2950.7
2026-11-20,put,4750.0,1.6,1.95,1.775
2026-11-20,call,4800.0,2896.4,2905.7,2901.05
2026-11-20,put,4800.0,1.75,2.05,1.9
2026-11-20,call,4850.0,2847.1,2856.2,2851.6499999999996
2026-11-20,put,4850.0,1.85,2.2,2.0250000000000004
2026-11-20,call,4900.0,2797.3,2806.6,2801.95
2026-11-20,put,4900.0,1.95,2.3,2.125
2026-11-20,call,4950.0,2748.0,2757.1,2752.55
2026-11-20,put,4950.0,2.1,2.45,2.2750000000000004
2026-11-20,call,5000.0,2698.4,2707.5,2702.95
2026-11-20,put,5000.0,2.25,2.6,2.425
2026-11-20,call,5050.0,2648.9,2658.0,2653.45
2026-11-20,put,5050.0,2.4,2.75,2.575
2026-11-20,call,5100.0,2599.2,2608.5,2603.85
2026-11-20,put,5100.0,2.55,2.9,2.7249999999999996
2026-11-20,call,5150.0,2549.8,2559.0,2554.4
2026-11-20,put,5150.0,2.7,3.1,2.9000000000000004
2026-11-20,call,5200.0,2500.3,2509.5,2504.9
2026-11-20,put,5200.0,2.85,3.2,3.0250000000000004
2026-11-20,call,5250.0,2450.9,2460.0,2455.45
2026-11-20,put,5250.0,3.0,3.4,3.2
2026-11-20,call,5300.0,2401.2,2410.5,2405.85
2026-11-20,put,5300.0,3.2,3.6,3.4000000000000004
2026-11-20,call,5350.0,2351.7,2361.0,2356.35
2026-11-20,put,5350.0,3.4,3.8,3.5999999999999996
2026-11-20,call,5400.0,2302.5,2311.6,2307.05
2026-11-20,put,5400.0,3.6,4.0,3.8
2026-11-20,call,5450.0,2252.8,2262.1,2257.45
2026-11-20,put,5450.0,3.9,4.2,4.05
2026-11-20,call,5500.0,2203.4,2212.7,2208.05
2026-11-20,put,5500.0,4.1,4.5,4.3
2026-11-20,call,5550.0,2154.2,2163.3,2158.75
2026-11-20,put,5550.0,4.4,4.7,4.550000000000001
2026-11-20,call,5600.0,2104.8,2113.8,2109.3
2026-11-20,put,5600.0,4.6,5.0,4.8
2026-11-20,call,5650.0,2055.3,2064.5,2059.9
2026-11-20,put,5650.0,4.9,5.3,5.1
2026-11-20,call,5700.0,2006.0,2015.1,2010.55
2026-11-20,put,5700.0,5.2,5.6,5.4
2026-11-20,call,5750.0,1956.7,1965.7,1961.2
2026-11-20,put,5750.0,5.5,6.0,5.75
2026-11-20,call,5800.0,1907.1,1916.4,1911.75
2026-11-20,put,5800.0,5.8,6.3,6.05
2026-11-20,call,5850.0,1858.0,1867.1,1862.55
2026-11-20,put,5850.0,6.2,6.7,6.45
2026-11-20,call,5900.0,1808.5,1817.8,1813.15
2026-11-20,put,5900.0,6.6,7.1,6.85
2026-11-20,call,5950.0,1759.5,1768.5,1764.0
2026-11-20,put,5950.0,7.0,7.5,7.25
2026-11-20,call,6000.0,1710.0,1719.3,1714.65
2026-11-20,put,6000.0,7.4,7.9,7.65
2026-11-20,call,6050.0,1660.8,1670.0,1665.4
2026-11-20,put,6050.0,7.9,8.4,8.15
2026-11-20,call,6100.0,1611.8,1620.9,1616.35
2026-11-20,put,6100.0,8.4,8.9,8.65
2026-11-20,call,6125.0,1587.3,1596.3,1591.8
2026-11-20,put,6125.0,8.6,9.2,8.899999999999999
2026-11-20,call,6150.0,1562.7,1571.7,1567.2
2026-11-20,put,6150.0,8.9,9.5,9.2
2026-11-20,call,6175.0,1538.2,1547.2,1542.7
2026-11-20,put,6175.0,9.2,9.8,9.5
2026-11-20,call,6200.0,1513.6,1522.6,1518.1
2026-11-20,put,6200.0,9.5,10.1,9.8
2026-11-20,call,6225.0,1489.0,1498.1,1493.55
2026-11-20,put,6225.0,9.8,10.4,10.100000000000001
2026-11-20,call,6250.0,1464.6,1473.6,1469.1
2026-11-20,put,6250.0,10.1,10.7,10.399999999999999
2026-11-20,call,6260.0,1454.8,1463.8,1459.3
2026-11-20,put,6260.0,10.2,10.8,10.5
2026-11-20,call,6270.0,1444.9,1454.0,1449.45
2026-11-20,put,6270.0,10.3,11.0,10.65
2026-11-20,call,6275.0,1440.0,1449.1,1444.55
2026-11-20,put,6275.0,10.4,11.0,10.7
2026-11-20,call,6280.0,1435.1,1444.2,1439.65
2026-11-20,put,6280.0,10.5,11.1,10.8
2026-11-20,call,6290.0,1425.3,1434.4,1429.85
2026-11-20,put,6290.0,10.6,11.2,10.899999999999999
2026-11-20,call,6300.0,1415.3,1424.6,1419.9499999999998
2026-11-20,put,6300.0,10.8,11.4,11.100000000000001
2026-11-20,call,6310.0,1405.8,1414.8,1410.3
2026-11-20,put,6310.0,10.9,11.5,11.2
2026-11-20,call,6320.0,1396.0,1405.0,1400.5
2026-11-20,put,6320.0,11.0,11.7,11.35
2026-11-20,call,6325.0,1391.0,1400.1,1395.55
2026-11-20,put,6325.0,11.1,11.7,11.399999999999999
2026-11-20,call,6330.0,1386.1,1395.2,1390.65
2026-11-20,put,6330.0,11.2,11.8,11.5
2026-11-20,call,6340.0,1376.4,1385.4,1380.9
2026-11-20,put,6340.0,11.3,12.0,11.65
2026-11-20,call,6350.0,1366.6,1375.7,1371.15
2026-11-20,put,6350.0,11.5,12.1,11.8
2026-11-20,call,6360.0,1356.8,1365.9,1361.35
2026-11-20,put,6360.0,11.6,12.3,11.95
2026-11-20,call,6370.0,1346.8,1356.1,1351.4499999999998
2026-11-20,put,6370.0,11.8,12.4,12.100000000000001
2026-11-20,call,6375.0,1342.1,1351.2,1346.65
2026-11-20,put,6375.0,11.9,12.5,12.2
2026-11-20,call,6380.0,1337.3,1346.3,1341.8
2026-11-20,put,6380.0,11.9,12.6,12.25
2026-11-20,call,6390.0,1327.5,1336.6,1332.05
2026-11-20,put,6390.0,12.1,12.7,12.399999999999999
2026-11-20,call,6400.0,1317.7,1326.8,1322.25
2026-11-20,put,6400.0,12.3,12.9,12.600000000000001
2026-11-20,call,6410.0,1307.8,1317.0,1312.4
2026-11-20,put,6410.0,12.4,13.1,12.75
2026-11-20,call,6420.0,1298.1,1307.2,1302.65
2026-11-20,put,6420.0,12.6,13.3,12.95
2026-11-20,call,6425.0,1293.1,1302.4,1297.75
2026-11-20,put,6425.0,12.7,13.3,13.0
2026-11-20,call,6430.0,1288.4,1297.5,1292.95
2026-11-20,put,6430.0,12.8,13.4,13.100000000000001
2026-11-20,call,6440.0,1278.4,1287.7,1283.0500000000002
2026-11-20,put,6440.0,12.9,13.6,13.25
2026-11-20,call,6450.0,1268.7,1278.0,1273.35
2026-11-20,put,6450.0,13.1,13.8,13.45
2026-11-20,call,6460.0,1258.9,1268.2,1263.5500000000002
2026-11-20,put,6460.0,13.3,14.0,13.65
2026-11-20,call,6470.0,1249.4,1258.5,1253.95
2026-11-20,put,6470.0,13.5,14.2,13.85
2026-11-20,call,6475.0,1244.5,1253.6,1249.05
2026-11-20,put,6475.0,13.6,14.2,13.899999999999999
2026-11-20,call,6480.0,1239.5,1248.7,1244.1
2026-11-20,put,6480.0,13.7,14.3,14.0
2026-11-20,call,6490.0,1229.9,1239.0,1234.45
2026-11-20,put,6490.0,13.8,14.5,14.15
2026-11-20,call,6500.0,1219.9,1229.2,1224.5500000000002
2026-11-20,put,6500.0,14.0,14.7,14.35
2026-11-20,call,6510.0,1210.4,1219.5,1214.95
2026-11-20,put,6510.0,14.2,14.9,14.55
2026-11-20,call,6520.0,1200.7,1209.8,1205.25
2026-11-20,put,6520.0,14.4,15.1,14.75
2026-11-20,call,6525.0,1195.8,1204.9,1200.35
2026-11-20,put,6525.0,14.5,15.2,14.85
2026-11-20,call,6530.0,1190.7,1200.1,1195.4
2026-11-20,put,6530.0,14.6,15.3,14.95
2026-11-20,call,6540.0,1181.0,1190.3,1185.65
2026-11-20,put,6540.0,14.8,15.6,15.2
2026-11-20,call,6550.0,1171.5,1180.6,1176.05
2026-11-20,put,6550.0,15.1,15.8,15.45
2026-11-20,call,6560.0,1161.8,1170.9,1166.35
2026-11-20,put,6560.0,15.3,16.0,15.65
2026-11-20,call,6570.0,1152.1,1161.2,1156.65
2026-11-20,put,6570.0,15.5,16.2,15.85
2026-11-20,call,6575.0,1147.0,1156.3,1151.65
2026-11-20,put,6575.0,15.6,16.3,15.95
2026-11-20,call,6580.0,1142.3,1151.5,1146.9
2026-11-20,put,6580.0,15.7,16.5,16.1
2026-11-20,call,6590.0,1132.7,1141.8,1137.25
2026-11-20,put,6590.0,15.9,16.7,16.3
2026-11-20,call,6600.0,1123.0,1132.1,1127.55
2026-11-20,put,6600.0,16.2,16.9,16.549999999999997
2026-11-20,call,6610.0,1113.2,1122.4,1117.8000000000002
2026-11-20,put,6610.0,16.4,17.2,16.799999999999997
2026-11-20,call,6620.0,1103.6,1112.7,1108.15
2026-11-20,put,6620.0,16.7,17.4,17.049999999999997
2026-11-20,call,6625.0,1098.6,1107.8,1103.1999999999998
2026-11-20,put,6625.0,16.8,17.5,17.15
2026-11-20,call,6630.0,1093.7,1103.0,1098.35
2026-11-20,put,6630.0,16.9,17.7,17.299999999999997
2026-11-20,call,6640.0,1084.2,1093.3,1088.75
2026-11-20,put,6640.0,17.2,17.9,17.549999999999997
2026-11-20,call,6650.0,1074.4,1083.7,1079.0500000000002
2026-11-20,put,6650.0,17.4,18.2,17.799999999999997
2026-11-20,call,6660.0,1064.8,1074.0,1069.4
2026-11-20,put,6660.0,17.7,18.5,18.1
2026-11-20,call,6670.0,1055.2,1064.3,1059.75
2026-11-20,put,6670.0,18.0,18.7,18.35
2026-11-20,call,6675.0,1050.4,1059.5,1054.95
2026-11-20,put,6675.0,18.1,18.9,18.5
2026-11-20,call,6680.0,1045.3,1054.7,1050.0
2026-11-20,put,6680.0,18.2,19.0,18.6
2026-11-20,call,6690.0,1035.8,1045.0,1040.4
2026-11-20,put,6690.0,18.5,19.3,18.9
2026-11-20,call,6700.0,1026.0,1035.4,1030.7
2026-11-20,put,6700.0,18.8,19.6,19.200000000000003
2026-11-20,call,6710.0,1016.6,1025.7,1021.1500000000001
2026-11-20,put,6710.0,19.1,19.7,19.4
2026-11-20,call,6720.0,1007.0,1016.1,1011.55
2026-11-20,put,6720.0,19.4,20.2,19.799999999999997
2026-11-20,call,6725.0,1002.1,1011.3,1006.7
2026-11-20,put,6725.0,19.6,20.3,19.950000000000003
2026-11-20,call,6730.0,997.1,1006.5,1001.8
2026-11-20,put,6730.0,19.7,20.5,20.1
2026-11-20,call,6740.0,987.5,996.9,992.2
2026-11-20,put,6740.0,20.0,20.8,20.4
2026-11-20,call,6750.0,978.1,987.2,982.6500000000001
2026-11-20,put,6750.0,20.3,21.1,20.700000000000003
2026-11-20,call,6760.0,968.5,977.6,973.05
2026-11-20,put,6760.0,20.7,21.5,21.1
2026-11-20,call,6770.0,958.9,968.0,963.45
2026-11-20,put,6770.0,21.0,21.8,21.4
2026-11-20,call,6775.0,954.1,963.2,958.6500000000001
2026-11-20,put,6775.0,21.2,22.0,21.6
2026-11-20,call,6780.0,949.3,958.4,953.8499999999999
2026-11-20,put,6780.0,21.3,22.1,21.700000000000003
2026-11-20,call,6790.0,939.5,948.9,944.2
2026-11-20,put,6790.0,21.7,22.5,22.1
2026-11-20,call,6800.0,930.0,939.3,934.65
2026-11-20,put,6800.0,22.0,22.9,22.45
2026-11-20,call,6810.0,920.6,929.7,925.1500000000001
2026-11-20,put,6810.0,22.4,23.2,22.799999999999997
2026-11-20,call,6820.0,911.0,920.2,915.6
2026-11-20,put,6820.0,22.8,23.6,23.200000000000003
2026-11-20,call,6825.0,906.0,915.4,910.7
2026-11-20,put,6825.0,23.0,23.6,23.3
2026-11-20,call,6830.0,901.4,910.6,906.0
2026-11-20,put,6830.0,23.2,23.8,23.5
2026-11-20,call,6840.0,891.9,901.1,896.5
2026-11-20,put,6840.0,23.6,24.2,23.9
2026-11-20,call,6850.0,882.4,891.5,886.95
2026-11-20,put,6850.0,24.0,24.6,24.3
2026-11-20,call,6860.0,872.8,882.0,877.4
2026-11-20,put,6860.0,24.4,25.0,24.7
2026-11-20,call,6870.0,863.2,872.5,867.85
2026-11-20,put,6870.0,24.8,25.6,25.200000000000003
2026-11-20,call,6875.0,858.6,867.7,863.1500000000001
2026-11-20,put,6875.0,25.0,25.8,25.4
2026-11-20,call,6880.0,853.6,863.0,858.3
2026-11-20,put,6880.0,25.2,26.0,25.6
2026-11-20,call,6890.0,844.2,853.5,848.85
2026-11-20,put,6890.0,25.7,26.5,26.1
2026-11-20,call,6900.0,834.8,844.0,839.4
2026-11-20,put,6900.0,26.1,26.9,26.5
2026-11-20,call,6910.0,825.1,834.5,829.8
2026-11-20,put,6910.0,26.6,27.4,27.0
2026-11-20,call,6920.0,815.7,825.1,820.4000000000001
2026-11-20,put,6920.0,27.0,27.9,27.45
2026-11-20,call,6925.0,811.2,820.4,815.8
2026-11-20,put,6925.0,27.3,28.1,27.700000000000003
2026-11-20,call,6930.0,807.6,815.0,811.3
2026-11-20,put,6930.0,27.5,28.3,27.9
2026-11-20,call,6940.0,798.1,805.5,801.8
2026-11-20,put,6940.0,28.0,28.8,28.4
2026-11-20,call,6950.0,788.6,796.0,792.3
2026-11-20,put,6950.0,28.5,29.0,28.75
2026-11-20,call,6960.0,779.2,786.7,782.95
2026-11-20,put,6960.0,29.0,29.9,29.45
2026-11-20,call,6970.0,769.8,776.6,773.2
2026-11-20,put,6970.0,29.6,30.4,30.0
2026-11-20,call,6975.0,765.1,772.5,768.8
2026-11-20,put,6975.0,29.9,30.7,30.299999999999997
2026-11-20,call,6980.0,760.4,767.9,764.15
2026-11-20,put,6980.0,30.1,30.9,30.5
2026-11-20,call,6990.0,751.0,758.4,754.7
2026-11-20,put,6990.0,30.7,31.5,31.1
2026-11-20,call,7000.0,741.7,749.1,745.4000000000001
2026-11-20,put,7000.0,31.3,31.8,31.55
2026-11-20,call,7010.0,732.5,739.7,736.1
2026-11-20,put,7010.0,31.8,32.6,32.2
2026-11-20,call,7015.0,727.7,735.0,731.35
2026-11-20,put,7015.0,32.1,32.9,32.5
2026-11-20,call,7020.0,723.0,730.4,726.7
2026-11-20,put,7020.0,32.4,33.2,32.8
2026-11-20,call,7025.0,718.5,725.7,722.1
2026-11-20,put,7025.0,32.7,33.5,33.1
2026-11-20,call,7030.0,713.7,721.0,717.35
2026-11-20,put,7030.0,33.1,33.9,33.5
2026-11-20,call,7035.0,709.2,716.4,712.8
2026-11-20,put,7035.0,33.4,34.2,33.8
2026-11-20,call,7040.0,704.4,711.7,708.05
2026-11-20,put,7040.0,33.6,34.4,34.0
2026-11-20,call,7045.0,699.8,707.1,703.45
2026-11-20,put,7045.0,34.0,34.8,34.4
2026-11-20,call,7050.0,695.1,702.4,698.75
2026-11-20,put,7050.0,34.3,34.9,34.599999999999994
2026-11-20,call,7055.0,690.5,697.8,694.15
2026-11-20,put,7055.0,34.6,35.4,35.0
2026-11-20,call,7060.0,685.9,693.2,689.55
2026-11-20,put,7060.0,35.0,35.7,35.35
2026-11-20,call,7065.0,681.3,688.0,684.65
2026-11-20,put,7065.0,35.4,36.1,35.75
2026-11-20,call,7070.0,676.6,683.9,680.25
2026-11-20,put,7070.0,35.7,36.5,36.1
2026-11-20,call,7075.0,672.0,679.3,675.65
2026-11-20,put,7075.0,36.1,36.8,36.45
2026-11-20,call,7080.0,667.4,674.6,671.0
2026-11-20,put,7080.0,36.4,37.2,36.8
2026-11-20,call,7085.0,662.8,670.0,666.4
2026-11-20,put,7085.0,36.8,37.5,37.15
2026-11-20,call,7090.0,658.2,665.4,661.8
2026-11-20,put,7090.0,37.1,37.9,37.5
2026-11-20,call,7095.0,653.6,660.8,657.2
2026-11-20,put,7095.0,37.4,38.3,37.849999999999994
2026-11-20,call,7100.0,649.0,656.2,652.6
2026-11-20,put,7100.0,37.9,38.4,38.15
2026-11-20,call,7105.0,644.4,651.6,648.0
2026-11-20,put,7105.0,38.2,39.0,38.6
2026-11-20,call,7110.0,639.9,647.0,643.45
2026-11-20,put,7110.0,38.6,39.3,38.95
2026-11-20,call,7115.0,635.3,642.4,638.8499999999999
2026-11-20,put,7115.0,39.0,39.8,39.4
2026-11-20,call,7120.0,630.7,637.9,634.3
2026-11-20,put,7120.0,39.4,40.2,39.8
2026-11-20,call,7125.0,626.1,633.3,629.7
2026-11-20,put,7125.0,39.8,40.6,40.2
2026-11-20,call,7130.0,621.6,628.7,625.1500000000001
2026-11-20,put,7130.0,40.2,40.9,40.55
2026-11-20,call,7135.0,617.0,624.2,620.6
2026-11-20,put,7135.0,40.6,41.4,41.0
2026-11-20,call,7140.0,612.6,619.6,616.1
2026-11-20,put,7140.0,41.0,41.8,41.4
2026-11-20,call,7145.0,607.9,615.0,611.45
2026-11-20,put,7145.0,41.4,42.2,41.8
2026-11-20,call,7150.0,603.5,610.5,607.0
2026-11-20,put,7150.0,41.9,42.4,42.15
2026-11-20,call,7155.0,598.9,605.9,602.4
2026-11-20,put,7155.0,42.3,43.0,42.65
2026-11-20,call,7160.0,594.3,600.8,597.55
2026-11-20,put,7160.0,42.7,43.5,43.1
2026-11-20,call,7165.0,589.8,596.9,593.3499999999999
2026-11-20,put,7165.0,43.2,43.9,43.55
2026-11-20,call,7170.0,585.4,592.4,588.9
2026-11-20,put,7170.0,43.6,44.4,44.0
2026-11-20,call,7175.0,580.8,587.3,584.05
2026-11-20,put,7175.0,44.0,44.8,44.4
2026-11-20,call,7180.0,576.3,582.8,579.55
2026-11-20,put,7180.0,44.5,45.3,44.9
2026-11-20,call,7185.0,571.8,578.2,575.0
2026-11-20,put,7185.0,45.0,45.7,45.35
2026-11-20,call,7190.0,567.3,573.7,570.5
2026-11-20,put,7190.0,45.4,46.2,45.8
2026-11-20,call,7195.0,562.8,569.2,566.0
2026-11-20,put,7195.0,46.0,46.7,46.35
2026-11-20,call,7200.0,558.3,565.2,561.75
2026-11-20,put,7200.0,46.4,47.2,46.8
2026-11-20,call,7205.0,553.8,560.8,557.3
2026-11-20,put,7205.0,46.9,47.6,47.25
2026-11-20,call,7210.0,549.4,555.8,552.5999999999999
2026-11-20,put,7210.0,47.4,48.1,47.75
2026-11-20,call,7215.0,545.0,551.3,548.15
2026-11-20,put,7215.0,47.9,48.6,48.25
2026-11-20,call,7220.0,540.5,547.4,543.95
2026-11-20,put,7220.0,48.4,49.1,48.75
2026-11-20,call,7225.0,536.0,542.4,539.2
2026-11-20,put,7225.0,48.9,49.7,49.3
2026-11-20,call,7230.0,531.6,538.5,535.05
2026-11-20,put,7230.0,49.5,50.2,49.85
2026-11-20,call,7235.0,527.1,534.1,530.6
2026-11-20,put,7235.0,50.0,50.7,50.35
2026-11-20,call,7240.0,522.7,529.6,526.1500000000001
2026-11-20,put,7240.0,50.4,51.3,50.849999999999994
2026-11-20,call,7245.0,518.4,525.2,521.8
2026-11-20,put,7245.0,50.9,51.9,51.4
2026-11-20,call,7250.0,513.9,520.2,517.05
2026-11-20,put,7250.0,51.5,52.5,52.0
2026-11-20,call,7255.0,509.5,516.4,512.95
2026-11-20,put,7255.0,52.0,53.1,52.55
2026-11-20,call,7260.0,505.1,512.0,508.55
2026-11-20,put,7260.0,52.6,53.7,53.150000000000006
2026-11-20,call,7265.0,500.8,507.6,504.20000000000005
2026-11-20,put,7265.0,53.2,54.2,53.7
2026-11-20,call,7270.0,496.4,503.2,499.79999999999995
2026-11-20,put,7270.0,53.7,54.8,54.25
2026-11-20,call,7275.0,491.9,498.2,495.04999999999995
2026-11-20,put,7275.0,54.3,55.3,54.8
2026-11-20,call,7280.0,487.6,494.3,490.95000000000005
2026-11-20,put,7280.0,54.9,55.9,55.4
2026-11-20,call,7285.0,483.3,490.0,486.65
2026-11-20,put,7285.0,55.5,56.6,56.05
2026-11-20,call,7290.0,478.9,485.1,482.0
2026-11-20,put,7290.0,56.2,57.1,56.650000000000006
2026-11-20,call,7295.0,474.5,481.2,477.85
2026-11-20,put,7295.0,56.8,57.7,57.25
2026-11-20,call,7300.0,470.3,476.9,473.6
2026-11-20,put,7300.0,57.4,58.3,57.849999999999994
2026-11-20,call,7305.0,465.9,472.5,469.2
2026-11-20,put,7305.0,58.1,59.1,58.6
2026-11-20,call,7310.0,461.6,467.8,464.70000000000005
2026-11-20,put,7310.0,58.7,59.6,59.150000000000006
2026-11-20,call,7315.0,457.3,464.0,460.65
2026-11-20,put,7315.0,59.4,60.3,59.849999999999994
2026-11-20,call,7320.0,453.0,459.6,456.3
2026-11-20,put,7320.0,60.0,61.0,60.5
2026-11-20,call,7325.0,448.7,455.3,452.0
2026-11-20,put,7325.0,60.7,61.7,61.2
2026-11-20,call,7330.0,444.5,450.5,447.5
2026-11-20,put,7330.0,61.4,62.4,61.9
2026-11-20,call,7335.0,440.2,446.7,443.45
2026-11-20,put,7335.0,62.1,63.0,62.55
2026-11-20,call,7340.0,435.9,442.4,439.15
2026-11-20,put,7340.0,62.8,63.8,63.3
2026-11-20,call,7345.0,431.7,438.2,434.95
2026-11-20,put,7345.0,63.5,64.6,64.05
2026-11-20,call,7350.0,427.4,434.0,430.7
2026-11-20,put,7350.0,64.2,65.2,64.7
2026-11-20,call,7355.0,423.2,429.7,426.45
2026-11-20,put,7355.0,65.0,65.9,65.45
2026-11-20,call,7360.0,419.0,425.4,422.2
2026-11-20,put,7360.0,65.7,66.8,66.25
2026-11-20,call,7365.0,414.8,421.3,418.05
2026-11-20,put,7365.0,66.5,67.4,66.95
2026-11-20,call,7370.0,410.6,417.1,413.85
2026-11-20,put,7370.0,67.1,68.2,67.65
2026-11-20,call,7375.0,406.4,412.9,409.65
2026-11-20,put,7375.0,68.0,69.1,68.55
2026-11-20,call,7380.0,402.2,408.7,405.45
2026-11-20,put,7380.0,68.8,69.7,69.25
2026-11-20,call,7385.0,398.1,404.5,401.3
2026-11-20,put,7385.0,69.6,70.6,70.1
2026-11-20,call,7390.0,393.9,400.3,397.1
2026-11-20,put,7390.0,70.4,71.4,70.9
2026-11-20,call,7395.0,389.8,396.2,393.0
2026-11-20,put,7395.0,71.2,72.3,71.75
2026-11-20,call,7400.0,385.6,392.0,388.8
2026-11-20,put,7400.0,72.0,72.8,72.4
2026-11-20,call,7405.0,381.5,387.8,384.65
2026-11-20,put,7405.0,72.9,73.9,73.4
2026-11-20,call,7410.0,377.4,383.7,380.54999999999995
2026-11-20,put,7410.0,73.7,74.8,74.25
2026-11-20,call,7415.0,373.3,379.6,376.45000000000005
2026-11-20,put,7415.0,74.6,75.7,75.15
2026-11-20,call,7420.0,369.2,375.5,372.35
2026-11-20,put,7420.0,75.5,76.5,76.0
2026-11-20,call,7425.0,365.1,371.4,368.25
2026-11-20,put,7425.0,76.4,77.4,76.9
2026-11-20,call,7430.0,360.6,367.4,364.0
2026-11-20,put,7430.0,77.3,78.3,77.8
2026-11-20,call,7435.0,357.0,363.2,360.1
2026-11-20,put,7435.0,78.2,79.2,78.7
2026-11-20,call,7440.0,353.0,359.2,356.1
2026-11-20,put,7440.0,79.1,80.2,79.65
2026-11-20,call,7445.0,349.0,355.2,352.1
2026-11-20,put,7445.0,80.1,81.1,80.6
2026-11-20,call,7450.0,345.0,351.2,348.1
2026-11-20,put,7450.0,81.0,81.7,81.35
2026-11-20,call,7455.0,341.0,347.2,344.1
2026-11-20,put,7455.0,81.9,83.0,82.45
2026-11-20,call,7460.0,337.0,343.2,340.1
2026-11-20,put,7460.0,82.8,84.0,83.4
2026-11-20,call,7465.0,333.0,339.2,336.1
2026-11-20,put,7465.0,84.0,85.0,84.5
2026-11-20,call,7470.0,329.0,335.1,332.05
2026-11-20,put,7470.0,85.0,86.0,85.5
2026-11-20,call,7475.0,325.1,331.2,328.15
2026-11-20,put,7475.0,86.0,87.1,86.55
2026-11-20,call,7480.0,320.7,327.3,324.0
2026-11-20,put,7480.0,87.0,88.1,87.55
2026-11-20,call,7485.0,316.7,323.4,320.04999999999995
2026-11-20,put,7485.0,88.1,89.2,88.65
2026-11-20,call,7490.0,313.4,319.4,316.4
2026-11-20,put,7490.0,89.1,90.2,89.65
2026-11-20,call,7495.0,309.6,315.6,312.6
2026-11-20,put,7495.0,90.1,91.3,90.69999999999999
2026-11-20,call,7500.0,305.6,311.2,308.4
2026-11-20,put,7500.0,91.3,92.1,91.69999999999999
2026-11-20,call,7505.0,301.8,307.7,304.75
2026-11-20,put,7505.0,92.4,93.5,92.95
2026-11-20,call,7510.0,297.5,303.5,300.5
2026-11-20,put,7510.0,93.5,94.6,94.05
2026-11-20,call,7515.0,293.7,300.0,296.85
2026-11-20,put,7515.0,94.7,95.8,95.25
2026-11-20,call,7520.0,291.2,295.7,293.45
2026-11-20,put,7520.0,95.8,97.0,96.4
2026-11-20,call,7525.0,287.5,291.9,289.7
2026-11-20,put,7525.0,96.9,98.1,97.5
2026-11-20,call,7530.0,283.8,288.1,285.95000000000005
2026-11-20,put,7530.0,98.2,99.3,98.75
2026-11-20,call,7535.0,280.0,284.4,282.2
2026-11-20,put,7535.0,99.3,100.5,99.9
2026-11-20,call,7540.0,276.2,280.6,278.4
2026-11-20,put,7540.0,100.6,101.8,101.19999999999999
2026-11-20,call,7545.0,272.6,276.9,274.75
2026-11-20,put,7545.0,101.8,103.3,102.55
2026-11-20,call,7550.0,268.8,273.1,270.95000000000005
2026-11-20,put,7550.0,103.2,104.0,103.6
2026-11-20,call,7555.0,265.2,269.5,267.35
2026-11-20,put,7555.0,104.3,105.8,105.05
2026-11-20,call,7560.0,261.6,265.9,263.75
2026-11-20,put,7560.0,105.7,107.1,106.4
2026-11-20,call,7565.0,257.4,262.1,259.75
2026-11-20,put,7565.0,107.0,108.5,107.75
2026-11-20,call,7570.0,254.3,258.5,256.4
2026-11-20,put,7570.0,108.4,109.7,109.05000000000001
2026-11-20,call,7575.0,250.2,255.0,252.6
2026-11-20,put,7575.0,109.6,111.1,110.35
2026-11-20,call,7580.0,246.5,251.2,248.85
2026-11-20,put,7580.0,111.1,112.5,111.8
2026-11-20,call,7585.0,243.6,247.6,245.6
2026-11-20,put,7585.0,112.5,113.9,113.2
2026-11-20,call,7590.0,239.5,244.3,241.9
2026-11-20,put,7590.0,113.9,115.4,114.65
2026-11-20,call,7595.0,236.0,240.7,238.35
2026-11-20,put,7595.0,115.4,116.9,116.15
2026-11-20,call,7600.0,232.4,237.3,234.85000000000002
2026-11-20,put,7600.0,116.8,117.7,117.25
2026-11-20,call,7605.0,229.0,233.7,231.35
2026-11-20,put,7605.0,118.3,119.8,119.05
2026-11-20,call,7610.0,225.6,230.3,227.95
2026-11-20,put,7610.0,119.8,121.2,120.5
2026-11-20,call,7615.0,222.2,226.8,224.5
2026-11-20,put,7615.0,121.3,122.8,122.05
2026-11-20,call,7620.0,218.7,223.4,221.05
2026-11-20,put,7620.0,122.8,124.4,123.6
2026-11-20,call,7625.0,215.4,220.0,217.7
2026-11-20,put,7625.0,124.3,125.8,125.05
2026-11-20,call,7630.0,212.0,216.3,214.15
2026-11-20,put,7630.0,126.0,127.4,126.7
2026-11-20,call,7635.0,208.6,213.3,210.95
2026-11-20,put,7635.0,127.5,129.2,128.35
2026-11-20,call,7640.0,205.3,209.9,207.60000000000002
2026-11-20,put,7640.0,129.2,130.8,130.0
2026-11-20,call,7645.0,203.3,205.0,204.15
2026-11-20,put,7645.0,130.9,132.4,131.65
2026-11-20,call,7650.0,200.0,201.6,200.8
2026-11-20,put,7650.0,132.6,134.1,133.35
2026-11-20,call,7655.0,196.8,198.4,197.60000000000002
2026-11-20,put,7655.0,134.3,135.8,135.05
2026-11-20,call,7660.0,193.7,195.2,194.45
2026-11-20,put,7660.0,135.9,137.6,136.75
2026-11-20,call,7665.0,190.3,192.0,191.15
2026-11-20,put,7665.0,137.8,139.3,138.55
2026-11-20,call,7670.0,187.3,188.8,188.05
2026-11-20,put,7670.0,139.5,141.1,140.3
2026-11-20,call,7675.0,184.1,185.6,184.85
2026-11-20,put,7675.0,141.3,143.0,142.15
2026-11-20,call,7680.0,181.0,182.5,181.75
2026-11-20,put,7680.0,143.2,144.9,144.05
2026-11-20,call,7685.0,177.8,179.4,178.60000000000002
2026-11-20,put,7685.0,145.0,146.5,145.75
2026-11-20,call,7690.0,174.7,176.3,175.5
2026-11-20,put,7690.0,146.9,148.6,147.75
2026-11-20,call,7695.0,171.6,173.3,172.45
2026-11-20,put,7695.0,148.8,150.5,149.65
2026-11-20,call,7700.0,169.1,169.9,169.5
2026-11-20,put,7700.0,150.9,151.9,151.4
2026-11-20,call,7705.0,165.6,167.3,166.45
2026-11-20,put,7705.0,152.7,154.3,153.5
2026-11-20,call,7710.0,162.6,164.3,163.45
2026-11-20,put,7710.0,154.7,156.3,155.5
2026-11-20,call,7715.0,159.8,161.5,160.65
2026-11-20,put,7715.0,156.7,158.5,157.6
2026-11-20,call,7720.0,156.8,158.4,157.60000000000002
2026-11-20,put,7720.0,158.8,160.5,159.65
2026-11-20,call,7725.0,154.0,155.6,154.8
2026-11-20,put,7725.0,160.8,162.4,161.60000000000002
2026-11-20,call,7730.0,151.0,152.7,151.85
2026-11-20,put,7730.0,163.0,164.5,163.75
2026-11-20,call,7735.0,148.2,150.1,149.14999999999998
2026-11-20,put,7735.0,165.1,166.7,165.89999999999998
2026-11-20,call,7740.0,145.4,147.1,146.25
2026-11-20,put,7740.0,167.3,168.9,168.10000000000002
2026-11-20,call,7745.0,142.7,144.3,143.5
2026-11-20,put,7745.0,169.5,171.1,170.3
2026-11-20,call,7750.0,139.9,141.7,140.8
2026-11-20,put,7750.0,171.7,173.3,172.5
2026-11-20,call,7755.0,137.3,139.0,138.15
2026-11-20,put,7755.0,173.7,175.6,174.64999999999998
2026-11-20,call,7760.0,134.5,136.4,135.45
2026-11-20,put,7760.0,176.0,177.9,176.95
2026-11-20,call,7765.0,131.8,133.5,132.65
2026-11-20,put,7765.0,178.2,180.2,179.2
2026-11-20,call,7770.0,129.3,131.0,130.15
2026-11-20,put,7770.0,180.7,182.6,181.64999999999998
2026-11-20,call,7775.0,126.8,128.4,127.6
2026-11-20,put,7775.0,183.0,184.9,183.95
2026-11-20,call,7780.0,124.1,125.8,124.94999999999999
2026-11-20,put,7780.0,185.5,187.5,186.5
2026-11-20,call,7785.0,121.6,123.3,122.44999999999999
2026-11-20,put,7785.0,187.9,189.9,188.9
2026-11-20,call,7790.0,119.1,120.8,119.94999999999999
2026-11-20,put,7790.0,190.3,192.4,191.35000000000002
2026-11-20,call,7795.0,116.7,118.4,117.55000000000001
2026-11-20,put,7795.0,192.8,194.9,193.85000000000002
2026-11-20,call,7800.0,114.2,115.9,115.05000000000001
2026-11-20,put,7800.0,195.4,197.5,196.45
2026-11-20,call,7805.0,111.8,113.5,112.65
2026-11-20,put,7805.0,198.0,200.0,199.0
2026-11-20,call,7810.0,109.5,111.2,110.35
2026-11-20,put,7810.0,200.5,202.6,201.55
2026-11-20,call,7815.0,107.1,108.8,107.94999999999999
2026-11-20,put,7815.0,203.2,205.3,204.25
2026-11-20,call,7820.0,104.8,106.5,105.65
2026-11-20,put,7820.0,204.7,208.6,206.64999999999998
2026-11-20,call,7825.0,102.5,104.2,103.35
2026-11-20,put,7825.0,207.4,211.6,209.5
2026-11-20,call,7830.0,100.4,101.9,101.15
2026-11-20,put,7830.0,210.1,214.0,212.05
2026-11-20,call,7835.0,98.5,99.7,99.1
2026-11-20,put,7835.0,212.9,217.2,215.05
2026-11-20,call,7840.0,96.3,97.5,96.9
2026-11-20,put,7840.0,215.6,220.0,217.8
2026-11-20,call,7845.0,94.1,95.4,94.75
2026-11-20,put,7845.0,218.4,222.8,220.60000000000002
2026-11-20,call,7850.0,92.1,92.9,92.5
2026-11-20,put,7850.0,221.3,225.7,223.5
2026-11-20,call,7855.0,90.0,90.9,90.45
2026-11-20,put,7855.0,224.2,228.2,226.2
2026-11-20,call,7860.0,87.9,89.2,88.55000000000001
2026-11-20,put,7860.0,227.1,231.6,229.35
2026-11-20,call,7865.0,85.9,86.9,86.4
2026-11-20,put,7865.0,230.0,234.3,232.15
2026-11-20,call,7870.0,83.9,85.0,84.45
2026-11-20,put,7870.0,233.0,237.2,235.1
2026-11-20,call,7875.0,82.0,82.9,82.45
2026-11-20,put,7875.0,236.0,240.2,238.1
2026-11-20,call,7880.0,80.1,81.0,80.55
2026-11-20,put,7880.0,239.0,243.4,241.2
2026-11-20,call,7885.0,78.2,79.1,78.65
2026-11-20,put,7885.0,242.0,246.5,244.25
2026-11-20,call,7890.0,76.4,77.3,76.85
2026-11-20,put,7890.0,245.2,249.6,247.39999999999998
2026-11-20,call,7895.0,74.5,75.4,74.95
2026-11-20,put,7895.0,248.3,252.6,250.45
2026-11-20,call,7900.0,72.7,73.7,73.2
2026-11-20,put,7900.0,251.5,255.8,253.65
2026-11-20,call,7905.0,71.0,72.0,71.5
2026-11-20,put,7905.0,254.6,258.7,256.65
2026-11-20,call,7910.0,69.2,70.2,69.7
2026-11-20,put,7910.0,258.0,261.9,259.95
2026-11-20,call,7915.0,67.5,68.5,68.0
2026-11-20,put,7915.0,261.1,266.0,263.55
2026-11-20,call,7920.0,65.9,66.8,66.35
2026-11-20,put,7920.0,264.4,269.3,266.85
2026-11-20,call,7925.0,64.3,65.3,64.8
2026-11-20,put,7925.0,267.8,272.7,270.25
2026-11-20,call,7930.0,62.7,63.7,63.2
2026-11-20,put,7930.0,271.1,276.0,273.55
2026-11-20,call,7935.0,61.1,62.0,61.55
2026-11-20,put,7935.0,273.8,279.8,276.8
2026-11-20,call,7940.0,59.5,60.5,60.0
2026-11-20,put,7940.0,277.2,283.2,280.2
2026-11-20,call,7945.0,58.0,59.1,58.55
2026-11-20,put,7945.0,280.6,286.7,283.65
2026-11-20,call,7950.0,56.5,57.5,57.0
2026-11-20,put,7950.0,284.1,290.2,287.15
2026-11-20,call,7955.0,55.1,56.1,55.6
2026-11-20,put,7955.0,287.6,293.8,290.70000000000005
2026-11-20,call,7960.0,53.7,54.6,54.150000000000006
2026-11-20,put,7960.0,291.1,297.3,294.20000000000005
2026-11-20,call,7965.0,52.3,53.3,52.8
2026-11-20,put,7965.0,294.7,300.9,297.79999999999995
2026-11-20,call,7970.0,50.9,51.9,51.4
2026-11-20,put,7970.0,298.3,304.5,301.4
2026-11-20,call,7975.0,49.8,50.4,50.099999999999994
2026-11-20,put,7975.0,301.8,308.2,305.0
2026-11-20,call,7980.0,48.4,49.0,48.7
2026-11-20,put,7980.0,305.5,311.8,308.65
2026-11-20,call,7985.0,47.2,47.8,47.5
2026-11-20,put,7985.0,309.2,315.5,312.35
2026-11-20,call,7990.0,45.9,46.5,46.2
2026-11-20,put,7990.0,312.9,319.3,316.1
2026-11-20,call,7995.0,44.6,45.3,44.95
2026-11-20,put,7995.0,316.6,323.0,319.8
2026-11-20,call,8000.0,43.4,44.1,43.75
2026-11-20,put,8000.0,320.3,326.8,323.55
2026-11-20,call,8005.0,42.3,42.9,42.599999999999994
2026-11-20,put,8005.0,324.2,331.0,327.6
2026-11-20,call,8010.0,41.1,41.8,41.45
2026-11-20,put,8010.0,327.9,334.4,331.15
2026-11-20,call,8015.0,40.0,40.7,40.35
2026-11-20,put,8015.0,331.7,338.3,335.0
2026-11-20,call,8020.0,38.9,39.7,39.3
2026-11-20,put,8020.0,335.6,342.1,338.85
2026-11-20,call,8025.0,37.8,38.6,38.2
2026-11-20,put,8025.0,339.5,346.0,342.75
2026-11-20,call,8030.0,36.8,37.4,37.099999999999994
2026-11-20,put,8030.0,343.5,350.2,346.85
2026-11-20,call,8035.0,35.7,36.4,36.05
2026-11-20,put,8035.0,347.3,353.9,350.6
2026-11-20,call,8040.0,34.7,35.4,35.05
2026-11-20,put,8040.0,351.2,358.0,354.6
2026-11-20,call,8045.0,33.8,34.5,34.15
2026-11-20,put,8045.0,355.2,361.9,358.54999999999995
2026-11-20,call,8050.0,32.8,33.5,33.15
2026-11-20,put,8050.0,359.2,365.9,362.54999999999995
2026-11-20,call,8055.0,31.9,32.6,32.25
2026-11-20,put,8055.0,363.2,369.9,366.54999999999995
2026-11-20,call,8060.0,31.0,31.7,31.35
2026-11-20,put,8060.0,367.3,374.1,370.70000000000005
2026-11-20,call,8065.0,30.1,30.7,30.4
2026-11-20,put,8065.0,371.9,378.7,375.29999999999995
2026-11-20,call,8070.0,29.2,30.0,29.6
2026-11-20,put,8070.0,376.0,382.8,379.4
2026-11-20,call,8075.0,28.4,29.0,28.7
2026-11-20,put,8075.0,379.6,386.4,383.0
2026-11-20,call,8080.0,27.5,28.2,27.85
2026-11-20,put,8080.0,383.7,391.1,387.4
2026-11-20,call,8090.0,25.7,26.7,26.2
2026-11-20,put,8090.0,392.6,399.4,396.0
2026-11-20,call,8100.0,24.6,25.1,24.85
2026-11-20,put,8100.0,400.4,407.3,403.85
2026-11-20,call,8110.0,23.0,23.8,23.4
2026-11-20,put,8110.0,408.9,415.9,412.4
2026-11-20,call,8120.0,21.6,22.4,22.0
2026-11-20,put,8120.0,418.0,425.0,421.5
2026-11-20,call,8125.0,21.0,21.7,21.35
2026-11-20,put,8125.0,422.4,428.8,425.6
2026-11-20,call,8130.0,20.4,21.1,20.75
2026-11-20,put,8130.0,426.1,433.1,429.6
2026-11-20,call,8140.0,19.1,19.9,19.5
2026-11-20,put,8140.0,434.8,441.8,438.3
2026-11-20,call,8150.0,18.0,18.8,18.4
2026-11-20,put,8150.0,443.6,450.8,447.20000000000005
2026-11-20,call,8160.0,16.9,17.7,17.299999999999997
2026-11-20,put,8160.0,452.8,459.5,456.15
2026-11-20,call,8170.0,15.9,16.6,16.25
2026-11-20,put,8170.0,461.3,468.6,464.95000000000005
2026-11-20,call,8175.0,15.4,16.1,15.75
2026-11-20,put,8175.0,465.8,472.9,469.35
2026-11-20,call,8180.0,14.9,15.6,15.25
2026-11-20,put,8180.0,470.3,477.4,473.85
2026-11-20,call,8190.0,14.0,14.7,14.35
2026-11-20,put,8190.0,479.3,486.6,482.95000000000005
2026-11-20,call,8200.0,13.1,13.8,13.45
2026-11-20,put,8200.0,487.5,496.7,492.1
2026-11-20,call,8210.0,12.3,13.1,12.7
2026-11-20,put,8210.0,496.7,506.0,501.35
2026-11-20,call,8220.0,11.5,12.2,11.85
2026-11-20,put,8220.0,505.8,514.9,510.35
2026-11-20,call,8225.0,11.1,11.9,11.5
2026-11-20,put,8225.0,510.4,519.5,514.95
2026-11-20,call,8230.0,10.8,11.6,11.2
2026-11-20,put,8230.0,515.0,524.2,519.6
2026-11-20,call,8240.0,10.1,10.9,10.5
2026-11-20,put,8240.0,524.3,533.4,528.8499999999999
2026-11-20,call,8250.0,9.5,10.2,9.85
2026-11-20,put,8250.0,533.6,542.7,538.1500000000001
2026-11-20,call,8260.0,8.9,9.6,9.25
2026-11-20,put,8260.0,542.9,552.0,547.45
2026-11-20,call,8270.0,8.4,9.0,8.7
2026-11-20,put,8270.0,552.3,561.4,556.8499999999999
2026-11-20,call,8275.0,8.1,8.7,8.399999999999999
2026-11-20,put,8275.0,557.0,566.1,561.55
2026-11-20,call,8280.0,7.8,8.5,8.15
2026-11-20,put,8280.0,561.7,570.8,566.25
2026-11-20,call,8290.0,7.3,8.1,7.699999999999999
2026-11-20,put,8290.0,571.2,580.4,575.8
2026-11-20,call,8300.0,6.9,7.6,7.25
2026-11-20,put,8300.0,580.6,589.8,585.2
2026-11-20,call,8310.0,6.5,7.2,6.85
2026-11-20,put,8310.0,590.1,599.2,594.6500000000001
2026-11-20,call,8320.0,6.1,6.7,6.4
2026-11-20,put,8320.0,599.7,608.9,604.3
2026-11-20,call,8325.0,5.9,6.5,6.2
2026-11-20,put,8325.0,604.4,613.8,609.0999999999999
2026-11-20,call,8330.0,5.7,6.3,6.0
2026-11-20,put,8330.0,609.2,618.4,613.8
2026-11-20,call,8340.0,5.4,6.0,5.7
2026-11-20,put,8340.0,618.8,628.2,623.5
2026-11-20,call,8350.0,5.1,5.5,5.3
2026-11-20,put,8350.0,628.4,637.6,633.0
2026-11-20,call,8360.0,4.8,5.2,5.0
2026-11-20,put,8360.0,638.1,647.2,642.6500000000001
2026-11-20,call,8370.0,4.5,4.9,4.7
2026-11-20,put,8370.0,647.7,656.8,652.25
2026-11-20,call,8375.0,4.5,4.8,4.65
2026-11-20,put,8375.0,652.6,661.6,657.1
2026-11-20,call,8380.0,4.3,4.7,4.5
2026-11-20,put,8380.0,657.4,666.7,662.05
2026-11-20,call,8390.0,4.0,4.4,4.2
2026-11-20,put,8390.0,667.1,676.2,671.6500000000001
2026-11-20,call,8400.0,3.9,4.2,4.05
2026-11-20,put,8400.0,676.8,686.0,681.4
2026-11-20,call,8410.0,3.6,4.0,3.8
2026-11-20,put,8410.0,686.5,695.6,691.05
2026-11-20,call,8420.0,3.4,3.8,3.5999999999999996
2026-11-20,put,8420.0,696.3,705.4,700.8499999999999
2026-11-20,call,8430.0,3.3,3.6,3.45
2026-11-20,put,8430.0,706.0,715.1,710.55
2026-11-20,call,8440.0,3.1,3.5,3.3
2026-11-20,put,8440.0,715.8,724.8,720.3
2026-11-20,call,8450.0,2.9,3.3,3.0999999999999996
2026-11-20,put,8450.0,725.6,734.6,730.1
2026-11-20,call,8460.0,2.8,3.1,2.95
2026-11-20,put,8460.0,735.4,744.5,739.95
2026-11-20,call,8470.0,2.6,3.0,2.8
2026-11-20,put,8470.0,745.2,754.2,749.7
2026-11-20,call,8500.0,2.25,2.65,2.45
2026-11-20,put,8500.0,774.6,783.8,779.2
2026-11-20,call,8550.0,1.8,2.15,1.975
2026-11-20,put,8550.0,823.8,832.7,828.25
2026-11-20,call,8600.0,1.4,1.75,1.575
2026-11-20,put,8600.0,873.1,882.0,877.55
2026-11-20,call,8650.0,1.1,1.45,1.275
2026-11-20,put,8650.0,922.5,931.6,927.05
2026-11-20,call,8700.0,0.9,1.2,1.05
2026-11-20,put,8700.0,971.9,980.8,976.3499999999999
2026-11-20,call,8750.0,0.7,1.0,0.85
2026-11-20,put,8750.0,1021.4,1030.3,1025.85
2026-11-20,call,8800.0,0.5,0.85,0.675
2026-11-20,put,8800.0,1070.9,1080.1,1075.5
2026-11-20,call,8850.0,0.4,0.75,0.575
2026-11-20,put,8850.0,1120.5,1129.4,1124.95
2026-11-20,call,8900.0,0.3,0.65,0.475
2026-11-20,put,8900.0,1170.0,1179.2,1174.6
2026-11-20,call,9000.0,0.2,0.5,0.35
2026-11-20,put,9000.0,1269.2,1278.3,1273.75
2026-11-20,call,9100.0,0.15,0.35,0.25
2026-11-20,put,9100.0,1368.5,1377.7,1373.1
2026-11-20,call,9200.0,0.05,0.35,0.19999999999999998
2026-11-20,put,9200.0,1467.8,1476.7,1472.25
2026-11-20,call,9300.0,0.05,0.3,0.175
2026-11-20,put,9300.0,1567.1,1576.3,1571.6999999999998
2026-11-20,put,9400.0,1666.5,1675.4,1670.95
2026-11-20,put,9500.0,1765.8,1774.8,1770.3
2026-11-20,put,9600.0,1865.1,1874.0,1869.55
2026-11-20,put,9800.0,2063.8,2072.8,2068.3
2026-11-20,put,10000.0,2262.5,2271.5,2267.0
2026-11-20,put,10200.0,2461.2,2470.3,2465.75
2026-11-20,put,10400.0,2659.9,2668.8,2664.3500000000004
2026-11-20,put,10600.0,2858.6,2867.4,2863.0
2026-11-20,put,10800.0,3057.3,3066.3,3061.8
2026-11-30,call,3200.0,4485.9,4495.9,4490.9
2026-11-30,put,3200.0,0.3,0.6,0.44999999999999996
2026-11-30,call,3400.0,4287.5,4297.5,4292.5
2026-11-30,put,3400.0,0.4,0.7,0.55
2026-11-30,call,3600.0,4089.1,4099.1,4094.1000000000004
2026-11-30,put,3600.0,0.55,0.8,0.675
2026-11-30,call,3800.0,3890.8,3900.8,3895.8
2026-11-30,put,3800.0,0.7,1.0,0.85
2026-11-30,call,4000.0,3692.5,3702.5,3697.5
2026-11-30,put,4000.0,0.9,1.2,1.05
2026-11-30,call,4200.0,3494.3,3504.3,3499.3
2026-11-30,put,4200.0,1.15,1.45,1.2999999999999998
2026-11-30,call,4400.0,3296.1,3306.1,3301.1
2026-11-30,put,4400.0,1.45,1.8,1.625
2026-11-30,call,4600.0,3098.0,3108.0,3103.0
2026-11-30,put,4600.0,1.85,2.2,2.0250000000000004
2026-11-30,call,4700.0,2999.0,3009.0,3004.0
2026-11-30,put,4700.0,2.1,2.45,2.2750000000000004
2026-11-30,call,4800.0,2900.0,2910.0,2905.0
2026-11-30,put,4800.0,2.35,2.75,2.55
2026-11-30,call,4900.0,2801.1,2811.1,2806.1
2026-11-30,put,4900.0,2.65,3.0,2.825
2026-11-30,call,5000.0,2702.2,2712.2,2707.2
2026-11-30,put,5000.0,3.0,3.4,3.2
2026-11-30,call,5100.0,2603.3,2613.3,2608.3
2026-11-30,put,5100.0,3.3,3.7,3.5
2026-11-30,call,5200.0,2504.4,2514.4,2509.4
2026-11-30,put,5200.0,3.8,4.2,4.0
2026-11-30,call,5300.0,2405.7,2415.7,2410.7
2026-11-30,put,5300.0,4.2,4.6,4.4
2026-11-30,call,5400.0,2306.9,2316.9,2311.9
2026-11-30,put,5400.0,4.7,5.1,4.9
2026-11-30,call,5500.0,2208.2,2218.2,2213.2
2026-11-30,put,5500.0,5.3,5.8,5.55
2026-11-30,call,5600.0,2109.6,2119.6,2114.6
2026-11-30,put,5600.0,5.9,6.4,6.15
2026-11-30,call,5700.0,2011.1,2021.1,2016.1
2026-11-30,put,5700.0,6.6,7.2,6.9
2026-11-30,call,5750.0,1961.8,1971.8,1966.8
2026-11-30,put,5750.0,7.0,7.6,7.3
2026-11-30,call,5800.0,1912.6,1922.6,1917.6
2026-11-30,put,5800.0,7.4,8.0,7.7
2026-11-30,call,5850.0,1863.4,1873.4,1868.4
2026-11-30,put,5850.0,7.8,8.4,8.1
2026-11-30,call,5900.0,1814.3,1824.3,1819.3
2026-11-30,put,5900.0,8.3,8.9,8.600000000000001
2026-11-30,call,5910.0,1804.4,1814.4,1809.4
2026-11-30,put,5910.0,8.4,9.0,8.7
2026-11-30,call,5920.0,1794.6,1804.6,1799.6
2026-11-30,put,5920.0,8.5,9.1,8.8
2026-11-30,call,5930.0,1784.8,1794.8,1789.8
2026-11-30,put,5930.0,8.6,9.2,8.899999999999999
2026-11-30,call,5940.0,1775.0,1785.0,1780.0
2026-11-30,put,5940.0,8.7,9.3,9.0
2026-11-30,call,5950.0,1765.1,1775.1,1770.1
2026-11-30,put,5950.0,8.8,9.4,9.100000000000001
2026-11-30,call,5960.0,1755.3,1765.3,1760.3
2026-11-30,put,5960.0,8.9,9.5,9.2
2026-11-30,call,5970.0,1745.5,1755.5,1750.5
2026-11-30,put,5970.0,9.0,9.6,9.3
2026-11-30,call,5980.0,1735.7,1745.7,1740.7
2026-11-30,put,5980.0,9.1,9.7,9.399999999999999
2026-11-30,call,5990.0,1725.9,1735.9,1730.9
2026-11-30,put,5990.0,9.2,9.8,9.5
2026-11-30,call,6000.0,1716.0,1726.0,1721.0
2026-11-30,put,6000.0,9.3,9.9,9.600000000000001
2026-11-30,call,6010.0,1706.2,1716.2,1711.2
2026-11-30,put,6010.0,9.4,10.0,9.7
2026-11-30,call,6020.0,1696.4,1706.4,1701.4
2026-11-30,put,6020.0,9.5,10.2,9.85
2026-11-30,call,6030.0,1686.6,1696.6,1691.6
2026-11-30,put,6030.0,9.7,10.3,10.0
2026-11-30,call,6040.0,1676.8,1686.8,1681.8
2026-11-30,put,6040.0,9.8,10.4,10.100000000000001
2026-11-30,call,6050.0,1667.0,1677.0,1672.0
2026-11-30,put,6050.0,9.9,10.5,10.2
2026-11-30,call,6060.0,1657.2,1667.2,1662.2
2026-11-30,put,6060.0,10.0,10.6,10.3
2026-11-30,call,6070.0,1647.4,1657.4,1652.4
2026-11-30,put,6070.0,10.1,10.7,10.399999999999999
2026-11-30,call,6080.0,1637.6,1647.6,1642.6
2026-11-30,put,6080.0,10.2,10.9,10.55
2026-11-30,call,6090.0,1627.8,1637.8,1632.8
2026-11-30,put,6090.0,10.4,11.0,10.7
2026-11-30,call,6100.0,1618.0,1628.0,1623.0
2026-11-30,put,6100.0,10.5,11.1,10.8
2026-11-30,call,6110.0,1608.2,1618.2,1613.2
2026-11-30,put,6110.0,10.6,11.2,10.899999999999999
2026-11-30,call,6120.0,1598.4,1608.4,1603.4
2026-11-30,put,6120.0,10.7,11.4,11.05
2026-11-30,call,6130.0,1588.6,1598.6,1593.6
2026-11-30,put,6130.0,10.9,11.5,11.2
2026-11-30,call,6140.0,1578.8,1588.8,1583.8
2026-11-30,put,6140.0,11.0,11.6,11.3
2026-11-30,call,6150.0,1569.0,1579.0,1574.0
2026-11-30,put,6150.0,11.1,11.8,11.45
2026-11-30,call,6160.0,1559.2,1569.2,1564.2
2026-11-30,put,6160.0,11.3,11.9,11.600000000000001
2026-11-30,call,6170.0,1549.4,1559.4,1554.4
2026-11-30,put,6170.0,11.4,12.1,11.75
2026-11-30,call,6180.0,1539.6,1549.6,1544.6
2026-11-30,put,6180.0,11.5,12.2,11.85
2026-11-30,call,6190.0,1529.8,1539.8,1534.8
2026-11-30,put,6190.0,11.7,12.3,12.0
2026-11-30,call,6200.0,1520.1,1530.1,1525.1
2026-11-30,put,6200.0,11.8,12.5,12.15
2026-11-30,call,6210.0,1510.3,1520.3,1515.3
2026-11-30,put,6210.0,12.0,12.6,12.3
2026-11-30,call,6220.0,1500.5,1510.5,1505.5
2026-11-30,put,6220.0,12.1,12.8,12.45
2026-11-30,call,6230.0,1490.7,1500.7,1495.7
2026-11-30,put,6230.0,12.3,12.9,12.600000000000001
2026-11-30,call,6240.0,1481.0,1491.0,1486.0
2026-11-30,put,6240.0,12.4,13.1,12.75
2026-11-30,call,6250.0,1471.2,1481.2,1476.2
2026-11-30,put,6250.0,12.6,13.2,12.899999999999999
2026-11-30,call,6260.0,1461.4,1471.4,1466.4
2026-11-30,put,6260.0,12.7,13.4,13.05
2026-11-30,call,6270.0,1451.7,1461.7,1456.7
2026-11-30,put,6270.0,12.9,13.6,13.25
2026-11-30,call,6275.0,1446.8,1456.8,1451.8
2026-11-30,put,6275.0,13.0,13.6,13.3
2026-11-30,call,6280.0,1441.9,1451.9,1446.9
2026-11-30,put,6280.0,13.0,13.7,13.35
2026-11-30,call,6290.0,1432.1,1442.1,1437.1
2026-11-30,put,6290.0,13.2,13.9,13.55
2026-11-30,call,6300.0,1422.4,1432.4,1427.4
2026-11-30,put,6300.0,13.4,14.1,13.75
2026-11-30,call,6310.0,1412.6,1422.6,1417.6
2026-11-30,put,6310.0,13.5,14.2,13.85
2026-11-30,call,6320.0,1402.9,1412.9,1407.9
2026-11-30,put,6320.0,13.7,14.4,14.05
2026-11-30,call,6325.0,1398.0,1408.0,1403.0
2026-11-30,put,6325.0,13.8,14.5,14.15
2026-11-30,call,6330.0,1393.1,1403.1,1398.1
2026-11-30,put,6330.0,13.9,14.6,14.25
2026-11-30,call,6340.0,1383.4,1393.4,1388.4
2026-11-30,put,6340.0,14.0,14.8,14.4
2026-11-30,call,6350.0,1373.6,1383.6,1378.6
2026-11-30,put,6350.0,14.2,14.9,14.55
2026-11-30,call,6360.0,1363.9,1373.9,1368.9
2026-11-30,put,6360.0,14.4,15.1,14.75
2026-11-30,call,6370.0,1354.1,1364.1,1359.1
2026-11-30,put,6370.0,14.6,15.3,14.95
2026-11-30,call,6375.0,1349.3,1359.3,1354.3
2026-11-30,put,6375.0,14.7,15.4,15.05
2026-11-30,call,6380.0,1344.4,1354.4,1349.4
2026-11-30,put,6380.0,14.8,15.5,15.15
2026-11-30,call,6390.0,1334.7,1344.7,1339.7
2026-11-30,put,6390.0,15.0,15.7,15.35
2026-11-30,call,6400.0,1324.9,1334.9,1329.9
2026-11-30,put,6400.0,15.2,15.9,15.55
2026-11-30,call,6410.0,1315.2,1325.2,1320.2
2026-11-30,put,6410.0,15.4,16.1,15.75
2026-11-30,call,6420.0,1305.5,1315.5,1310.5
2026-11-30,put,6420.0,15.6,16.3,15.95
2026-11-30,call,6425.0,1300.6,1310.6,1305.6
2026-11-30,put,6425.0,15.7,16.4,16.049999999999997
2026-11-30,call,6430.0,1295.8,1305.8,1300.8
2026-11-30,put,6430.0,15.8,16.5,16.15
2026-11-30,call,6440.0,1286.1,1296.1,1291.1
2026-11-30,put,6440.0,16.0,16.7,16.35
2026-11-30,call,6450.0,1276.4,1286.4,1281.4
2026-11-30,put,6450.0,16.2,17.0,16.6
2026-11-30,call,6460.0,1266.6,1276.6,1271.6
2026-11-30,put,6460.0,16.4,17.2,16.799999999999997
2026-11-30,call,6470.0,1256.9,1266.9,1261.9
2026-11-30,put,6470.0,16.6,17.4,17.0
2026-11-30,call,6475.0,1252.1,1262.1,1257.1
2026-11-30,put,6475.0,16.7,17.5,17.1
2026-11-30,call,6480.0,1247.2,1257.2,1252.2
2026-11-30,put,6480.0,16.8,17.6,17.200000000000003
2026-11-30,call,6490.0,1237.5,1247.5,1242.5
2026-11-30,put,6490.0,17.1,17.9,17.5
2026-11-30,call,6500.0,1227.9,1237.9,1232.9
2026-11-30,put,6500.0,17.3,18.1,17.700000000000003
2026-11-30,call,6510.0,1218.2,1228.2,1223.2
2026-11-30,put,6510.0,17.5,18.3,17.9
2026-11-30,call,6520.0,1208.5,1218.5,1213.5
2026-11-30,put,6520.0,17.8,18.6,18.200000000000003
2026-11-30,call,6525.0,1203.6,1213.6,1208.6
2026-11-30,put,6525.0,17.9,18.7,18.299999999999997
2026-11-30,call,6530.0,1198.8,1208.8,1203.8
2026-11-30,put,6530.0,18.0,18.8,18.4
2026-11-30,call,6540.0,1189.1,1199.1,1194.1
2026-11-30,put,6540.0,18.3,19.1,18.700000000000003
2026-11-30,call,6550.0,1179.5,1189.5,1184.5
2026-11-30,put,6550.0,18.5,19.3,18.9
2026-11-30,call,6560.0,1169.8,1179.8,1174.8
2026-11-30,put,6560.0,18.8,19.6,19.200000000000003
2026-11-30,call,6570.0,1160.1,1170.1,1165.1
2026-11-30,put,6570.0,19.0,19.9,19.45
2026-11-30,call,6575.0,1155.3,1165.3,1160.3
2026-11-30,put,6575.0,19.2,20.0,19.6
2026-11-30,call,6580.0,1150.5,1160.5,1155.5
2026-11-30,put,6580.0,19.3,20.1,19.700000000000003
2026-11-30,call,6590.0,1140.8,1150.8,1145.8
2026-11-30,put,6590.0,19.6,20.4,20.0
2026-11-30,call,6600.0,1131.2,1141.2,1136.2
2026-11-30,put,6600.0,19.9,20.7,20.299999999999997
2026-11-30,call,6610.0,1121.5,1131.5,1126.5
2026-11-30,put,6610.0,20.1,21.0,20.55
2026-11-30,call,6620.0,1111.9,1121.9,1116.9
2026-11-30,put,6620.0,20.4,21.3,20.85
2026-11-30,call,6625.0,1107.1,1117.1,1112.1
2026-11-30,put,6625.0,20.6,21.4,21.0
2026-11-30,call,6630.0,1102.3,1112.3,1107.3
2026-11-30,put,6630.0,20.7,21.6,21.15
2026-11-30,call,6640.0,1092.7,1102.7,1097.7
2026-11-30,put,6640.0,21.0,21.9,21.45
2026-11-30,call,6650.0,1083.0,1093.0,1088.0
2026-11-30,put,6650.0,21.3,22.2,21.75
2026-11-30,call,6660.0,1073.4,1083.4,1078.4
2026-11-30,put,6660.0,21.6,22.5,22.05
2026-11-30,call,6670.0,1063.8,1073.8,1068.8
2026-11-30,put,6670.0,22.0,22.8,22.4
2026-11-30,call,6675.0,1059.0,1069.0,1064.0
2026-11-30,put,6675.0,22.1,23.0,22.55
2026-11-30,call,6680.0,1054.2,1064.2,1059.2
2026-11-30,put,6680.0,22.3,23.1,22.700000000000003
2026-11-30,call,6690.0,1044.6,1054.6,1049.6
2026-11-30,put,6690.0,22.6,23.5,23.05
2026-11-30,call,6700.0,1035.0,1045.0,1040.0
2026-11-30,put,6700.0,22.9,23.8,23.35
2026-11-30,call,6710.0,1025.5,1035.5,1030.5
2026-11-30,put,6710.0,23.3,24.2,23.75
2026-11-30,call,6720.0,1015.9,1025.9,1020.9000000000001
2026-11-30,put,6720.0,23.6,24.5,24.05
2026-11-30,call,6725.0,1011.1,1021.1,1016.1
2026-11-30,put,6725.0,23.8,24.5,24.15
2026-11-30,call,6730.0,1006.3,1016.3,1011.3
2026-11-30,put,6730.0,24.0,24.9,24.45
2026-11-30,call,6740.0,996.8,1006.8,1001.8
2026-11-30,put,6740.0,24.4,25.3,24.85
2026-11-30,call,6750.0,987.2,997.2,992.2
2026-11-30,put,6750.0,24.7,25.6,25.15
2026-11-30,call,6760.0,977.7,987.7,982.7
2026-11-30,put,6760.0,25.1,26.0,25.55
2026-11-30,call,6770.0,968.1,978.1,973.1
2026-11-30,put,6770.0,25.5,26.4,25.95
2026-11-30,call,6775.0,963.4,973.4,968.4
2026-11-30,put,6775.0,25.7,26.6,26.15
2026-11-30,call,6780.0,958.6,968.6,963.6
2026-11-30,put,6780.0,25.9,26.8,26.35
2026-11-30,call,6790.0,949.1,959.1,954.1
2026-11-30,put,6790.0,26.3,27.2,26.75
2026-11-30,call,6800.0,939.6,949.6,944.6
2026-11-30,put,6800.0,26.7,27.7,27.2
2026-11-30,call,6810.0,930.1,940.1,935.1
2026-11-30,put,6810.0,27.1,28.1,27.6
2026-11-30,call,6820.0,920.6,930.6,925.6
2026-11-30,put,6820.0,27.6,28.5,28.05
2026-11-30,call,6825.0,915.8,925.8,920.8
2026-11-30,put,6825.0,27.8,28.7,28.25
2026-11-30,call,6830.0,911.1,921.1,916.1
2026-11-30,put,6830.0,28.0,29.0,28.5
2026-11-30,call,6840.0,901.6,911.6,906.6
2026-11-30,put,6840.0,28.5,29.4,28.95
2026-11-30,call,6850.0,892.2,902.2,897.2
2026-11-30,put,6850.0,28.9,29.9,29.4
2026-11-30,call,6860.0,882.7,892.7,887.7
2026-11-30,put,6860.0,29.4,30.3,29.85
2026-11-30,call,6870.0,873.3,883.3,878.3
2026-11-30,put,6870.0,29.9,30.8,30.35
2026-11-30,call,6875.0,868.5,878.5,873.5
2026-11-30,put,6875.0,30.1,31.1,30.6
2026-11-30,call,6880.0,865.1,872.6,868.85
2026-11-30,put,6880.0,30.4,31.4,30.9
2026-11-30,call,6890.0,856.1,863.8,859.95
2026-11-30,put,6890.0,30.9,31.9,31.4
2026-11-30,call,6900.0,846.8,853.7,850.25
2026-11-30,put,6900.0,31.3,32.3,31.799999999999997
2026-11-30,call,6910.0,837.1,844.3,840.7
2026-11-30,put,6910.0,31.9,32.9,32.4
2026-11-30,call,6920.0,827.9,835.5,831.7
2026-11-30,put,6920.0,32.4,33.4,32.9
2026-11-30,call,6925.0,823.3,830.9,827.0999999999999
2026-11-30,put,6925.0,32.6,33.6,33.1
2026-11-30,call,6930.0,818.7,826.1,822.4000000000001
2026-11-30,put,6930.0,33.0,34.0,33.5
2026-11-30,call,6940.0,809.3,816.7,813.0
2026-11-30,put,6940.0,33.6,34.6,34.1
2026-11-30,call,6950.0,799.6,807.0,803.3
2026-11-30,put,6950.0,34.1,35.1,34.6
2026-11-30,call,6960.0,790.5,798.1,794.3
2026-11-30,put,6960.0,34.7,35.7,35.2
2026-11-30,call,6970.0,781.3,788.1,784.7
2026-11-30,put,6970.0,35.3,36.3,35.8
2026-11-30,call,6975.0,776.3,783.7,780.0
2026-11-30,put,6975.0,35.6,36.6,36.1
2026-11-30,call,6980.0,772.1,779.4,775.75
2026-11-30,put,6980.0,35.9,36.9,36.4
2026-11-30,call,6990.0,762.7,769.5,766.1
2026-11-30,put,6990.0,36.5,37.5,37.0
2026-11-30,call,7000.0,753.4,760.2,756.8
2026-11-30,put,7000.0,37.2,37.8,37.5
2026-11-30,call,7010.0,743.9,750.9,747.4
2026-11-30,put,7010.0,37.9,38.9,38.4
2026-11-30,call,7020.0,734.9,741.6,738.25
2026-11-30,put,7020.0,38.5,39.5,39.0
2026-11-30,call,7025.0,730.0,737.0,733.5
2026-11-30,put,7025.0,38.9,39.9,39.4
2026-11-30,call,7030.0,725.6,733.0,729.3
2026-11-30,put,7030.0,39.2,40.2,39.7
2026-11-30,call,7040.0,716.4,723.8,720.0999999999999
2026-11-30,put,7040.0,39.8,40.8,40.3
2026-11-30,call,7050.0,707.3,713.9,710.5999999999999
2026-11-30,put,7050.0,40.6,41.6,41.1
2026-11-30,call,7060.0,698.1,705.3,701.7
2026-11-30,put,7060.0,41.4,42.4,41.9
2026-11-30,call,7065.0,693.2,700.1,696.6500000000001
2026-11-30,put,7065.0,41.8,42.8,42.3
2026-11-30,call,7070.0,688.5,695.6,692.05
2026-11-30,put,7070.0,42.1,43.1,42.6
2026-11-30,call,7075.0,684.3,691.6,687.95
2026-11-30,put,7075.0,42.5,43.5,43.0
2026-11-30,call,7080.0,679.8,686.4,683.0999999999999
2026-11-30,put,7080.0,42.9,43.9,43.4
2026-11-30,call,7085.0,674.9,682.1,678.5
2026-11-30,put,7085.0,43.3,44.3,43.8
2026-11-30,call,7090.0,670.6,677.2,673.9000000000001
2026-11-30,put,7090.0,43.6,44.6,44.1
2026-11-30,call,7095.0,666.0,673.3,669.65
2026-11-30,put,7095.0,44.1,45.1,44.6
2026-11-30,call,7100.0,661.5,668.6,665.05
2026-11-30,put,7100.0,44.4,45.0,44.7
2026-11-30,call,7105.0,657.0,663.6,660.3
2026-11-30,put,7105.0,44.9,45.9,45.4
2026-11-30,call,7110.0,652.4,659.6,656.0
2026-11-30,put,7110.0,45.3,46.3,45.8
2026-11-30,call,7115.0,648.0,654.5,651.25
2026-11-30,put,7115.0,45.8,46.8,46.3
2026-11-30,call,7120.0,643.4,649.9,646.65
2026-11-30,put,7120.0,46.2,47.2,46.7
2026-11-30,call,7125.0,638.8,645.4,642.0999999999999
2026-11-30,put,7125.0,46.6,47.6,47.1
2026-11-30,call,7130.0,634.4,641.5,637.95
2026-11-30,put,7130.0,47.0,48.0,47.5
2026-11-30,call,7135.0,629.8,636.9,633.3499999999999
2026-11-30,put,7135.0,47.5,48.5,48.0
2026-11-30,call,7140.0,625.3,631.8,628.55
2026-11-30,put,7140.0,47.9,48.9,48.4
2026-11-30,call,7145.0,620.8,627.3,624.05
2026-11-30,put,7145.0,48.4,49.4,48.9
2026-11-30,call,7150.0,616.3,622.8,619.55
2026-11-30,put,7150.0,48.9,49.9,49.4
2026-11-30,call,7155.0,611.9,618.9,615.4
2026-11-30,put,7155.0,49.3,50.3,49.8
2026-11-30,call,7160.0,607.3,613.8,610.55
2026-11-30,put,7160.0,49.8,50.8,50.3
2026-11-30,call,7165.0,602.9,609.3,606.0999999999999
2026-11-30,put,7165.0,50.3,51.3,50.8
2026-11-30,call,7170.0,598.1,604.8,601.45
2026-11-30,put,7170.0,50.5,51.9,51.2
2026-11-30,call,7175.0,593.9,600.3,597.0999999999999
2026-11-30,put,7175.0,51.0,52.2,51.6
2026-11-30,call,7180.0,589.1,596.1,592.6
2026-11-30,put,7180.0,51.5,52.7,52.1
2026-11-30,call,7185.0,585.0,591.4,588.2
2026-11-30,put,7185.0,52.0,53.2,52.6
2026-11-30,call,7190.0,580.5,587.5,584.0
2026-11-30,put,7190.0,52.5,53.7,53.1
2026-11-30,call,7195.0,576.1,582.5,579.3
2026-11-30,put,7195.0,53.0,54.2,53.6
2026-11-30,call,7200.0,571.7,578.6,575.1500000000001
2026-11-30,put,7200.0,53.6,54.4,54.0
2026-11-30,call,7205.0,566.9,573.6,570.25
2026-11-30,put,7205.0,54.0,55.4,54.7
2026-11-30,call,7210.0,562.8,569.6,566.2
2026-11-30,put,7210.0,54.6,55.9,55.25
2026-11-30,call,7215.0,558.4,565.3,561.8499999999999
2026-11-30,put,7215.0,55.1,56.3,55.7
2026-11-30,call,7220.0,553.9,560.3,557.0999999999999
2026-11-30,put,7220.0,55.6,56.9,56.25
2026-11-30,call,7225.0,549.5,555.8,552.65
2026-11-30,put,7225.0,56.2,57.6,56.900000000000006
2026-11-30,call,7230.0,545.1,551.4,548.25
2026-11-30,put,7230.0,56.7,58.1,57.400000000000006
2026-11-30,call,7235.0,540.7,547.0,543.85
2026-11-30,put,7235.0,57.3,58.6,57.95
2026-11-30,call,7240.0,536.3,542.7,539.5
2026-11-30,put,7240.0,57.9,59.3,58.599999999999994
2026-11-30,call,7245.0,531.9,538.8,535.3499999999999
2026-11-30,put,7245.0,58.5,59.9,59.2
2026-11-30,call,7250.0,527.5,534.4,530.95
2026-11-30,put,7250.0,59.0,60.4,59.7
2026-11-30,call,7255.0,523.2,529.5,526.35
2026-11-30,put,7255.0,59.6,61.0,60.3
2026-11-30,call,7260.0,518.8,525.7,522.25
2026-11-30,put,7260.0,60.2,61.6,60.900000000000006
2026-11-30,call,7265.0,514.2,521.0,517.6
2026-11-30,put,7265.0,60.8,62.3,61.55
2026-11-30,call,7270.0,510.1,516.4,513.25
2026-11-30,put,7270.0,61.5,62.9,62.2
2026-11-30,call,7275.0,505.6,512.6,509.1
2026-11-30,put,7275.0,62.1,63.5,62.8
2026-11-30,call,7280.0,501.4,507.7,504.54999999999995
2026-11-30,put,7280.0,62.7,64.1,63.4
2026-11-30,call,7285.0,497.1,504.0,500.55
2026-11-30,put,7285.0,63.3,64.8,64.05
2026-11-30,call,7290.0,492.8,499.0,495.9
2026-11-30,put,7290.0,63.9,65.4,64.65
2026-11-30,call,7295.0,488.3,494.7,491.5
2026-11-30,put,7295.0,64.6,66.0,65.3
2026-11-30,call,7300.0,484.2,490.4,487.29999999999995
2026-11-30,put,7300.0,65.3,66.7,66.0
2026-11-30,call,7305.0,479.7,486.1,482.9
2026-11-30,put,7305.0,66.0,67.4,66.7
2026-11-30,call,7310.0,475.7,481.8,478.75
2026-11-30,put,7310.0,66.7,68.1,67.4
2026-11-30,call,7315.0,471.5,478.1,474.8
2026-11-30,put,7315.0,67.3,68.8,68.05
2026-11-30,call,7320.0,466.9,473.5,470.2
2026-11-30,put,7320.0,68.0,69.5,68.75
2026-11-30,call,7325.0,462.8,469.5,466.15
2026-11-30,put,7325.0,68.7,70.2,69.45
2026-11-30,call,7330.0,458.7,465.3,462.0
2026-11-30,put,7330.0,69.5,70.9,70.2
2026-11-30,call,7335.0,454.5,460.5,457.5
2026-11-30,put,7335.0,70.2,71.6,70.9
2026-11-30,call,7340.0,450.0,456.8,453.4
2026-11-30,put,7340.0,70.9,72.4,71.65
2026-11-30,call,7345.0,445.9,452.5,449.2
2026-11-30,put,7345.0,71.7,73.1,72.4
2026-11-30,call,7350.0,441.5,448.0,444.75
2026-11-30,put,7350.0,72.4,73.8,73.1
2026-11-30,call,7355.0,437.6,444.1,440.85
2026-11-30,put,7355.0,73.2,74.6,73.9
2026-11-30,call,7360.0,433.4,439.9,436.65
2026-11-30,put,7360.0,73.9,75.4,74.65
2026-11-30,call,7365.0,429.2,435.7,432.45
2026-11-30,put,7365.0,74.8,76.2,75.5
2026-11-30,call,7370.0,424.8,431.2,428.0
2026-11-30,put,7370.0,75.5,77.0,76.25
2026-11-30,call,7375.0,420.9,427.4,424.15
2026-11-30,put,7375.0,76.3,77.8,77.05
2026-11-30,call,7380.0,416.8,423.2,420.0
2026-11-30,put,7380.0,77.2,78.6,77.9
2026-11-30,call,7385.0,412.6,419.0,415.8
2026-11-30,put,7385.0,78.0,79.1,78.55
2026-11-30,call,7390.0,408.6,415.0,411.8
2026-11-30,put,7390.0,78.8,80.3,79.55
2026-11-30,call,7395.0,404.4,410.8,407.6
2026-11-30,put,7395.0,79.7,81.1,80.4
2026-11-30,call,7400.0,400.0,406.4,403.2
2026-11-30,put,7400.0,80.6,81.4,81.0
2026-11-30,call,7405.0,395.9,402.3,399.1
2026-11-30,put,7405.0,81.4,82.5,81.95
2026-11-30,call,7410.0,391.9,398.2,395.04999999999995
2026-11-30,put,7410.0,82.2,83.6,82.9
2026-11-30,call,7415.0,387.8,394.1,390.95000000000005
2026-11-30,put,7415.0,83.1,84.6,83.85
2026-11-30,call,7420.0,384.0,390.3,387.15
2026-11-30,put,7420.0,84.0,85.4,84.7
2026-11-30,call,7425.0,379.7,386.2,382.95
2026-11-30,put,7425.0,84.9,86.3,85.6
2026-11-30,call,7430.0,375.9,382.2,379.04999999999995
2026-11-30,put,7430.0,85.9,87.3,86.6
2026-11-30,call,7435.0,371.8,378.2,375.0
2026-11-30,put,7435.0,86.7,88.2,87.45
2026-11-30,call,7440.0,367.6,373.8,370.70000000000005
2026-11-30,put,7440.0,87.7,89.0,88.35
2026-11-30,call,7445.0,363.6,370.1,366.85
2026-11-30,put,7445.0,88.7,90.1,89.4
2026-11-30,call,7450.0,359.8,366.0,362.9
2026-11-30,put,7450.0,89.7,90.6,90.15
2026-11-30,call,7455.0,355.9,362.1,359.0
2026-11-30,put,7455.0,90.6,92.0,91.3
2026-11-30,call,7460.0,351.9,358.1,355.0
2026-11-30,put,7460.0,91.6,93.0,92.3
2026-11-30,call,7465.0,348.0,354.1,351.05
2026-11-30,put,7465.0,92.6,94.0,93.3
2026-11-30,call,7470.0,343.8,350.0,346.9
2026-11-30,put,7470.0,93.7,95.1,94.4
2026-11-30,call,7475.0,340.1,346.3,343.20000000000005
2026-11-30,put,7475.0,94.7,96.2,95.45
2026-11-30,call,7480.0,336.0,342.4,339.2
2026-11-30,put,7480.0,95.7,97.2,96.45
2026-11-30,call,7485.0,332.3,338.5,335.4
2026-11-30,put,7485.0,96.8,98.3,97.55
2026-11-30,call,7490.0,328.5,334.6,331.55
2026-11-30,put,7490.0,97.9,99.2,98.55000000000001
2026-11-30,call,7495.0,324.4,330.4,327.4
2026-11-30,put,7495.0,98.9,100.3,99.6
2026-11-30,call,7500.0,320.7,326.7,323.7
2026-11-30,put,7500.0,100.1,101.1,100.6
2026-11-30,call,7505.0,316.9,323.0,319.95
2026-11-30,put,7505.0,101.3,102.7,102.0
2026-11-30,call,7510.0,313.1,319.1,316.1
2026-11-30,put,7510.0,102.4,103.8,103.1
2026-11-30,call,7515.0,309.1,315.1,312.1
2026-11-30,put,7515.0,103.5,104.8,104.15
2026-11-30,call,7520.0,306.0,311.1,308.55
2026-11-30,put,7520.0,104.7,106.1,105.4
2026-11-30,call,7525.0,302.3,307.3,304.8
2026-11-30,put,7525.0,105.9,107.3,106.6
2026-11-30,call,7530.0,298.6,303.6,301.1
2026-11-30,put,7530.0,107.1,108.5,107.8
2026-11-30,call,7535.0,294.8,299.8,297.3
2026-11-30,put,7535.0,108.2,109.9,109.05000000000001
2026-11-30,call,7540.0,291.1,296.1,293.6
2026-11-30,put,7540.0,109.5,111.1,110.3
2026-11-30,call,7545.0,287.4,292.4,289.9
2026-11-30,put,7545.0,110.8,112.3,111.55
2026-11-30,call,7550.0,283.8,288.7,286.25
2026-11-30,put,7550.0,112.1,113.6,112.85
2026-11-30,call,7555.0,280.1,285.0,282.55
2026-11-30,put,7555.0,113.3,114.9,114.1
2026-11-30,call,7560.0,276.4,281.3,278.85
2026-11-30,put,7560.0,114.6,116.2,115.4
2026-11-30,call,7565.0,272.7,277.7,275.2
2026-11-30,put,7565.0,115.9,117.5,116.7
2026-11-30,call,7570.0,269.1,274.1,271.6
2026-11-30,put,7570.0,117.3,118.8,118.05
2026-11-30,call,7575.0,265.5,270.5,268.0
2026-11-30,put,7575.0,118.7,120.4,119.55000000000001
2026-11-30,call,7580.0,262.0,266.8,264.4
2026-11-30,put,7580.0,120.0,121.8,120.9
2026-11-30,call,7585.0,258.4,263.3,260.85
2026-11-30,put,7585.0,121.4,122.9,122.15
2026-11-30,call,7590.0,254.9,259.7,257.3
2026-11-30,put,7590.0,122.8,124.3,123.55
2026-11-30,call,7595.0,251.3,256.2,253.75
2026-11-30,put,7595.0,124.1,125.8,124.94999999999999
2026-11-30,call,7600.0,247.8,252.7,250.25
2026-11-30,put,7600.0,125.7,126.5,126.1
2026-11-30,call,7605.0,244.4,249.2,246.8
2026-11-30,put,7605.0,127.2,128.7,127.94999999999999
2026-11-30,call,7610.0,240.9,245.7,243.3
2026-11-30,put,7610.0,128.7,130.2,129.45
2026-11-30,call,7615.0,237.4,242.2,239.8
2026-11-30,put,7615.0,130.2,131.7,130.95
2026-11-30,call,7620.0,234.0,238.8,236.4
2026-11-30,put,7620.0,131.6,133.6,132.6
2026-11-30,call,7625.0,230.6,235.4,233.0
2026-11-30,put,7625.0,133.2,134.8,134.0
2026-11-30,call,7630.0,227.3,232.0,229.65
2026-11-30,put,7630.0,134.8,136.7,135.75
2026-11-30,call,7635.0,223.9,228.6,226.25
2026-11-30,put,7635.0,136.4,138.0,137.2
2026-11-30,call,7640.0,220.5,225.3,222.9
2026-11-30,put,7640.0,138.0,139.6,138.8
2026-11-30,call,7645.0,217.3,221.9,219.60000000000002
2026-11-30,put,7645.0,139.7,141.5,140.6
2026-11-30,call,7650.0,215.2,217.5,216.35
2026-11-30,put,7650.0,141.3,142.4,141.85000000000002
2026-11-30,call,7655.0,211.9,214.2,213.05
2026-11-30,put,7655.0,142.9,144.5,143.7
2026-11-30,call,7660.0,208.7,210.9,209.8
2026-11-30,put,7660.0,144.7,146.6,145.64999999999998
2026-11-30,call,7665.0,205.5,207.8,206.65
2026-11-30,put,7665.0,146.4,148.2,147.3
2026-11-30,call,7670.0,202.3,203.9,203.10000000000002
2026-11-30,put,7670.0,148.1,150.1,149.1
2026-11-30,call,7675.0,199.1,200.7,199.89999999999998
2026-11-30,put,7675.0,149.9,151.6,150.75
2026-11-30,call,7680.0,196.0,197.5,196.75
2026-11-30,put,7680.0,151.7,153.7,152.7
2026-11-30,call,7685.0,192.8,194.4,193.60000000000002
2026-11-30,put,7685.0,153.5,155.5,154.5
2026-11-30,call,7690.0,189.7,191.3,190.5
2026-11-30,put,7690.0,155.2,157.3,156.25
2026-11-30,call,7695.0,186.6,188.2,187.39999999999998
2026-11-30,put,7695.0,157.3,159.2,158.25
2026-11-30,call,7700.0,183.6,185.1,184.35
2026-11-30,put,7700.0,159.3,160.1,159.7
2026-11-30,call,7705.0,180.5,182.1,181.3
2026-11-30,put,7705.0,161.0,163.0,162.0
2026-11-30,call,7710.0,177.5,179.1,178.3
2026-11-30,put,7710.0,163.0,165.1,164.05
2026-11-30,call,7715.0,174.5,176.1,175.3
2026-11-30,put,7715.0,165.0,166.7,165.85
2026-11-30,call,7720.0,171.5,173.2,172.35
2026-11-30,put,7720.0,167.0,169.0,168.0
2026-11-30,call,7725.0,168.5,170.2,169.35
2026-11-30,put,7725.0,169.0,171.0,170.0
2026-11-30,call,7730.0,165.6,167.3,166.45
2026-11-30,put,7730.0,171.1,173.1,172.1
2026-11-30,call,7735.0,162.9,164.5,163.7
2026-11-30,put,7735.0,173.2,175.2,174.2
2026-11-30,call,7740.0,160.0,162.1,161.05
2026-11-30,put,7740.0,175.3,177.3,176.3
2026-11-30,call,7745.0,157.2,158.8,158.0
2026-11-30,put,7745.0,177.4,179.5,178.45
2026-11-30,call,7750.0,154.8,155.8,155.3
2026-11-30,put,7750.0,179.6,181.6,180.6
2026-11-30,call,7755.0,151.6,153.3,152.45
2026-11-30,put,7755.0,181.8,183.8,182.8
2026-11-30,call,7760.0,148.9,150.5,149.7
2026-11-30,put,7760.0,184.0,185.7,184.85
2026-11-30,call,7765.0,146.2,147.8,147.0
2026-11-30,put,7765.0,185.7,188.0,186.85
2026-11-30,call,7770.0,143.5,145.5,144.5
2026-11-30,put,7770.0,188.0,190.3,189.15
2026-11-30,call,7775.0,140.7,142.9,141.8
2026-11-30,put,7775.0,190.5,192.9,191.7
2026-11-30,call,7780.0,138.2,140.0,139.1
2026-11-30,put,7780.0,192.9,195.3,194.10000000000002
2026-11-30,call,7785.0,135.6,137.4,136.5
2026-11-30,put,7785.0,195.1,197.5,196.3
2026-11-30,call,7790.0,132.9,134.8,133.85000000000002
2026-11-30,put,7790.0,197.5,200.0,198.75
2026-11-30,call,7795.0,130.5,132.3,131.4
2026-11-30,put,7795.0,200.1,202.6,201.35
2026-11-30,call,7800.0,128.0,129.7,128.85
2026-11-30,put,7800.0,202.4,204.9,203.65
2026-11-30,call,7805.0,125.4,127.3,126.35
2026-11-30,put,7805.0,203.9,208.3,206.10000000000002
2026-11-30,call,7810.0,123.1,124.8,123.94999999999999
2026-11-30,put,7810.0,206.4,210.9,208.65
2026-11-30,call,7815.0,120.5,122.3,121.4
2026-11-30,put,7815.0,209.0,213.4,211.2
2026-11-30,call,7820.0,118.3,120.0,119.15
2026-11-30,put,7820.0,211.5,216.0,213.75
2026-11-30,call,7825.0,115.8,117.6,116.69999999999999
2026-11-30,put,7825.0,214.1,218.6,216.35
2026-11-30,call,7830.0,113.6,115.3,114.44999999999999
2026-11-30,put,7830.0,216.7,221.2,218.95
2026-11-30,call,7835.0,111.3,113.1,112.19999999999999
2026-11-30,put,7835.0,219.4,223.9,221.65
2026-11-30,call,7840.0,108.9,110.7,109.80000000000001
2026-11-30,put,7840.0,222.1,226.6,224.35
2026-11-30,call,7845.0,106.8,108.4,107.6
2026-11-30,put,7845.0,224.8,229.3,227.05
2026-11-30,call,7850.0,104.6,106.3,105.44999999999999
2026-11-30,put,7850.0,227.5,232.1,229.8
2026-11-30,call,7855.0,102.3,104.1,103.19999999999999
2026-11-30,put,7855.0,230.3,234.9,232.60000000000002
2026-11-30,call,7860.0,100.3,101.8,101.05
2026-11-30,put,7860.0,233.1,237.7,235.39999999999998
2026-11-30,call,7865.0,98.1,99.3,98.69999999999999
2026-11-30,put,7865.0,235.9,240.5,238.2
2026-11-30,call,7870.0,96.1,97.6,96.85
2026-11-30,put,7870.0,238.8,243.4,241.10000000000002
2026-11-30,call,7875.0,93.9,95.3,94.6
2026-11-30,put,7875.0,241.6,246.3,243.95
2026-11-30,call,7880.0,91.9,93.2,92.55000000000001
2026-11-30,put,7880.0,244.5,249.3,246.9
2026-11-30,call,7885.0,89.9,91.2,90.55000000000001
2026-11-30,put,7885.0,247.5,252.3,249.9
2026-11-30,call,7890.0,88.0,89.3,88.65
2026-11-30,put,7890.0,250.5,255.3,252.9
2026-11-30,call,7895.0,86.0,87.3,86.65
2026-11-30,put,7895.0,253.5,258.3,255.9
2026-11-30,call,7900.0,84.1,85.4,84.75
2026-11-30,put,7900.0,257.9,260.9,259.4
2026-11-30,call,7905.0,82.4,83.5,82.95
2026-11-30,put,7905.0,259.6,264.5,262.05
2026-11-30,call,7910.0,80.4,81.8,81.1
2026-11-30,put,7910.0,262.7,267.6,265.15
2026-11-30,call,7915.0,78.6,79.9,79.25
2026-11-30,put,7915.0,265.9,270.7,268.29999999999995
2026-11-30,call,7920.0,76.8,78.1,77.44999999999999
2026-11-30,put,7920.0,269.0,273.9,271.45
2026-11-30,call,7925.0,75.2,76.4,75.80000000000001
2026-11-30,put,7925.0,272.2,277.1,274.65
2026-11-30,call,7930.0,73.5,74.7,74.1
2026-11-30,put,7930.0,275.4,280.4,277.9
2026-11-30,call,7935.0,71.8,73.0,72.4
2026-11-30,put,7935.0,278.6,283.7,281.15
2026-11-30,call,7940.0,70.1,71.3,70.69999999999999
2026-11-30,put,7940.0,281.9,287.0,284.45
2026-11-30,call,7945.0,68.5,69.7,69.1
2026-11-30,put,7945.0,285.2,290.3,287.75
2026-11-30,call,7950.0,67.2,68.1,67.65
2026-11-30,put,7950.0,288.6,293.6,291.1
2026-11-30,call,7955.0,65.3,66.5,65.9
2026-11-30,put,7955.0,292.0,297.0,294.5
2026-11-30,call,7960.0,63.7,65.0,64.35
2026-11-30,put,7960.0,294.8,300.9,297.85
2026-11-30,call,7965.0,62.2,63.4,62.8
2026-11-30,put,7965.0,298.2,304.6,301.4
2026-11-30,call,7970.0,60.7,61.9,61.3
2026-11-30,put,7970.0,301.7,307.8,304.75
2026-11-30,call,7975.0,59.3,60.5,59.9
2026-11-30,put,7975.0,305.1,311.3,308.20000000000005
2026-11-30,call,7980.0,57.8,59.1,58.45
2026-11-30,put,7980.0,308.6,314.8,311.70000000000005
2026-11-30,call,7985.0,56.4,57.7,57.05
2026-11-30,put,7985.0,312.2,318.4,315.29999999999995
2026-11-30,call,7990.0,55.1,56.3,55.7
2026-11-30,put,7990.0,315.8,322.0,318.9
2026-11-30,call,7995.0,53.8,54.9,54.349999999999994
2026-11-30,put,7995.0,319.3,325.7,322.5
2026-11-30,call,8000.0,52.7,53.5,53.1
2026-11-30,put,8000.0,323.0,329.3,326.15
2026-11-30,call,8005.0,51.2,52.4,51.8
2026-11-30,put,8005.0,326.5,332.9,329.7
2026-11-30,call,8010.0,49.9,50.9,50.4
2026-11-30,put,8010.0,330.2,336.6,333.4
2026-11-30,call,8015.0,48.6,49.6,49.1
2026-11-30,put,8015.0,334.0,340.6,337.3
2026-11-30,call,8020.0,47.3,48.3,47.8
2026-11-30,put,8020.0,337.7,344.1,340.9
2026-11-30,call,8025.0,46.1,47.1,46.6
2026-11-30,put,8025.0,341.5,348.1,344.8
2026-11-30,call,8030.0,45.0,46.0,45.5
2026-11-30,put,8030.0,345.2,351.7,348.45
2026-11-30,call,8035.0,43.8,44.8,44.3
2026-11-30,put,8035.0,349.0,355.8,352.4
2026-11-30,call,8040.0,42.7,43.7,43.2
2026-11-30,put,8040.0,352.8,359.3,356.05
2026-11-30,call,8045.0,41.6,42.6,42.1
2026-11-30,put,8045.0,356.7,363.5,360.1
2026-11-30,call,8050.0,40.5,41.5,41.0
2026-11-30,put,8050.0,360.5,367.1,363.8
2026-11-30,call,8055.0,39.5,40.5,40.0
2026-11-30,put,8055.0,364.5,371.3,367.9
2026-11-30,call,8060.0,38.5,39.4,38.95
2026-11-30,put,8060.0,368.3,375.1,371.70000000000005
2026-11-30,call,8065.0,37.5,38.5,38.0
2026-11-30,put,8065.0,372.3,378.9,375.6
2026-11-30,call,8070.0,36.5,37.4,36.95
2026-11-30,put,8070.0,376.2,382.9,379.54999999999995
2026-11-30,call,8075.0,35.5,36.5,36.0
2026-11-30,put,8075.0,380.3,386.9,383.6
2026-11-30,call,8080.0,34.6,35.5,35.05
2026-11-30,put,8080.0,384.2,391.0,387.6
2026-11-30,call,8085.0,33.7,34.5,34.1
2026-11-30,put,8085.0,388.7,395.5,392.1
2026-11-30,call,8090.0,32.8,33.6,33.2
2026-11-30,put,8090.0,392.2,399.0,395.6
2026-11-30,call,8095.0,31.9,32.8,32.349999999999994
2026-11-30,put,8095.0,396.9,403.2,400.04999999999995
2026-11-30,call,8100.0,31.0,32.0,31.5
2026-11-30,put,8100.0,400.4,407.3,403.85
2026-11-30,call,8105.0,30.2,31.1,30.65
2026-11-30,put,8105.0,405.1,411.4,408.25
2026-11-30,call,8110.0,29.4,30.2,29.799999999999997
2026-11-30,put,8110.0,409.2,415.6,412.4
2026-11-30,call,8115.0,28.6,29.4,29.0
2026-11-30,put,8115.0,413.4,419.6,416.5
2026-11-30,call,8120.0,27.8,28.6,28.200000000000003
2026-11-30,put,8120.0,417.5,423.9,420.7
2026-11-30,call,8125.0,26.9,27.9,27.4
2026-11-30,put,8125.0,421.7,428.1,424.9
2026-11-30,call,8130.0,26.3,27.2,26.75
2026-11-30,put,8130.0,425.9,432.3,429.1
2026-11-30,call,8135.0,25.5,26.4,25.95
2026-11-30,put,8135.0,430.2,436.5,433.35
2026-11-30,call,8140.0,24.8,25.7,25.25
2026-11-30,put,8140.0,433.8,440.7,437.25
2026-11-30,call,8145.0,24.1,25.0,24.55
2026-11-30,put,8145.0,438.1,445.1,441.6
2026-11-30,call,8150.0,23.7,24.3,24.0
2026-11-30,put,8150.0,442.9,449.4,446.15
2026-11-30,call,8155.0,22.8,23.7,23.25
2026-11-30,put,8155.0,447.2,453.7,450.45
2026-11-30,call,8160.0,22.2,23.1,22.65
2026-11-30,put,8160.0,450.9,457.9,454.4
2026-11-30,call,8165.0,21.5,22.4,21.95
2026-11-30,put,8165.0,455.3,462.4,458.85
2026-11-30,call,8170.0,20.9,21.8,21.35
2026-11-30,put,8170.0,460.2,466.7,463.45
2026-11-30,call,8175.0,20.3,21.2,20.75
2026-11-30,put,8175.0,464.0,471.0,467.5
2026-11-30,call,8180.0,19.8,20.6,20.200000000000003
2026-11-30,put,8180.0,468.7,475.8,472.25
2026-11-30,call,8185.0,19.2,20.1,19.65
2026-11-30,put,8185.0,473.1,480.2,476.65
2026-11-30,call,8190.0,18.7,19.5,19.1
2026-11-30,put,8190.0,477.1,484.3,480.70000000000005
2026-11-30,call,8195.0,18.2,19.1,18.65
2026-11-30,put,8195.0,481.6,488.7,485.15
2026-11-30,call,8200.0,17.9,18.4,18.15
2026-11-30,put,8200.0,486.4,493.6,490.0
2026-11-30,call,8205.0,17.1,17.9,17.5
2026-11-30,put,8205.0,491.0,497.6,494.3
2026-11-30,call,8210.0,16.6,17.5,17.05
2026-11-30,put,8210.0,494.9,502.2,498.54999999999995
2026-11-30,call,8215.0,16.2,17.0,16.6
2026-11-30,put,8215.0,499.4,506.5,502.95
2026-11-30,call,8220.0,15.7,16.5,16.1
2026-11-30,put,8220.0,504.5,511.1,507.8
2026-11-30,call,8225.0,15.2,16.1,15.65
2026-11-30,put,8225.0,508.4,515.6,512.0
2026-11-30,call,8230.0,14.8,15.6,15.2
2026-11-30,put,8230.0,513.2,520.4,516.8
2026-11-30,call,8235.0,14.4,15.2,14.8
2026-11-30,put,8235.0,516.6,526.6,521.6
2026-11-30,call,8240.0,13.9,14.8,14.350000000000001
2026-11-30,put,8240.0,521.1,531.1,526.1
2026-11-30,call,8245.0,13.5,14.4,13.95
2026-11-30,put,8245.0,525.7,535.7,530.7
2026-11-30,call,8250.0,13.1,14.0,13.55
2026-11-30,put,8250.0,530.3,540.3,535.3
2026-11-30,call,8255.0,12.8,13.6,13.2
2026-11-30,put,8255.0,534.8,544.8,539.8
2026-11-30,call,8260.0,12.4,13.2,12.8
2026-11-30,put,8260.0,539.4,549.4,544.4
2026-11-30,call,8265.0,12.0,12.9,12.45
2026-11-30,put,8265.0,544.0,554.0,549.0
2026-11-30,call,8270.0,11.7,12.5,12.1
2026-11-30,put,8270.0,548.6,558.6,553.6
2026-11-30,call,8275.0,11.3,12.2,11.75
2026-11-30,put,8275.0,553.3,563.3,558.3
2026-11-30,call,8280.0,11.0,11.8,11.4
2026-11-30,put,8280.0,557.9,567.9,562.9
2026-11-30,call,8285.0,10.7,11.5,11.1
2026-11-30,put,8285.0,562.5,572.5,567.5
2026-11-30,call,8290.0,10.4,11.2,10.8
2026-11-30,put,8290.0,567.2,577.2,572.2
2026-11-30,call,8295.0,10.1,10.9,10.5
2026-11-30,put,8295.0,571.8,581.8,576.8
2026-11-30,call,8300.0,9.8,10.6,10.2
2026-11-30,put,8300.0,576.5,586.5,581.5
2026-11-30,call,8305.0,9.5,10.3,9.9
2026-11-30,put,8305.0,581.2,591.2,586.2
2026-11-30,call,8310.0,9.2,10.0,9.6
2026-11-30,put,8310.0,585.8,595.8,590.8
2026-11-30,call,8315.0,8.9,9.7,9.3
2026-11-30,put,8315.0,590.5,600.5,595.5
2026-11-30,call,8320.0,8.7,9.4,9.05
2026-11-30,put,8320.0,595.2,605.2,600.2
2026-11-30,call,8325.0,8.4,9.2,8.8
2026-11-30,put,8325.0,599.9,609.9,604.9
2026-11-30,call,8330.0,8.2,9.0,8.6
2026-11-30,put,8330.0,604.7,614.7,609.7
2026-11-30,call,8335.0,7.9,8.7,8.3
2026-11-30,put,8335.0,609.4,619.4,614.4
2026-11-30,call,8340.0,7.7,8.5,8.1
2026-11-30,put,8340.0,614.1,624.1,619.1
2026-11-30,call,8345.0,7.5,8.3,7.9
2026-11-30,put,8345.0,618.8,628.8,623.8
2026-11-30,call,8350.0,7.3,8.0,7.65
2026-11-30,put,8350.0,623.6,633.6,628.6
2026-11-30,call,8355.0,7.1,7.8,7.449999999999999
2026-11-30,put,8355.0,628.3,638.3,633.3
2026-11-30,call,8360.0,6.9,7.6,7.25
2026-11-30,put,8360.0,633.1,643.1,638.1
2026-11-30,call,8365.0,6.7,7.4,7.050000000000001
2026-11-30,put,8365.0,637.9,647.9,642.9
2026-11-30,call,8370.0,6.5,7.2,6.85
2026-11-30,put,8370.0,642.6,652.6,647.6
2026-11-30,call,8375.0,6.3,7.0,6.65
2026-11-30,put,8375.0,647.4,657.4,652.4
2026-11-30,call,8380.0,6.1,6.9,6.5
2026-11-30,put,8380.0,652.2,662.2,657.2
2026-11-30,call,8385.0,5.9,6.7,6.300000000000001
2026-11-30,put,8385.0,657.0,667.0,662.0
2026-11-30,call,8390.0,5.8,6.5,6.15
2026-11-30,put,8390.0,661.8,671.8,666.8
2026-11-30,call,8395.0,5.6,6.3,5.949999999999999
2026-11-30,put,8395.0,666.6,676.6,671.6
2026-11-30,call,8400.0,5.5,6.2,5.85
2026-11-30,put,8400.0,671.4,681.4,676.4
2026-11-30,call,8405.0,5.3,6.0,5.65
2026-11-30,put,8405.0,676.2,686.2,681.2
2026-11-30,call,8410.0,5.2,5.6,5.4
2026-11-30,put,8410.0,681.0,691.0,686.0
2026-11-30,call,8415.0,5.1,5.5,5.3
2026-11-30,put,8415.0,685.8,695.8,690.8
2026-11-30,call,8420.0,4.9,5.3,5.1
2026-11-30,put,8420.0,690.6,700.6,695.6
2026-11-30,call,8425.0,4.8,5.2,5.0
2026-11-30,put,8425.0,695.5,705.5,700.5
2026-11-30,call,8430.0,4.7,5.1,4.9
2026-11-30,put,8430.0,700.3,710.3,705.3
2026-11-30,call,8435.0,4.6,5.0,4.8
2026-11-30,put,8435.0,705.1,715.1,710.1
2026-11-30,call,8440.0,4.4,4.8,4.6
2026-11-30,put,8440.0,710.0,720.0,715.0
2026-11-30,call,8445.0,4.3,4.7,4.5
2026-11-30,put,8445.0,714.8,724.8,719.8
2026-11-30,call,8450.0,4.2,4.6,4.4
2026-11-30,put,8450.0,719.7,729.7,724.7
2026-11-30,call,8460.0,4.0,4.4,4.2
2026-11-30,put,8460.0,729.4,739.4,734.4
2026-11-30,call,8470.0,3.8,4.2,4.0
2026-11-30,put,8470.0,739.1,749.1,744.1
2026-11-30,call,8475.0,3.7,4.1,3.9
2026-11-30,put,8475.0,744.0,754.0,749.0
2026-11-30,call,8480.0,3.6,4.0,3.8
2026-11-30,put,8480.0,748.8,758.8,753.8
2026-11-30,call,8490.0,3.4,3.8,3.5999999999999996
2026-11-30,put,8490.0,758.6,768.6,763.6
2026-11-30,call,8500.0,3.3,3.7,3.5
2026-11-30,put,8500.0,768.3,778.3,773.3
2026-11-30,call,8510.0,3.1,3.5,3.3
2026-11-30,put,8510.0,778.1,788.1,783.1
2026-11-30,call,8520.0,2.95,3.3,3.125
2026-11-30,put,8520.0,787.9,797.9,792.9
2026-11-30,call,8525.0,2.85,3.2,3.0250000000000004
2026-11-30,put,8525.0,792.8,802.8,797.8
2026-11-30,call,8530.0,2.8,3.2,3.0
2026-11-30,put,8530.0,797.7,807.7,802.7
2026-11-30,call,8540.0,2.65,3.0,2.825
2026-11-30,put,8540.0,807.5,817.5,812.5
2026-11-30,call,8550.0,2.55,2.9,2.7249999999999996
2026-11-30,put,8550.0,817.3,827.3,822.3
2026-11-30,call,8560.0,2.45,2.85,2.6500000000000004
2026-11-30,put,8560.0,827.1,837.1,832.1
2026-11-30,call,8570.0,2.35,2.75,2.55
2026-11-30,put,8570.0,836.9,846.9,841.9
2026-11-30,call,8575.0,2.25,2.65,2.45
2026-11-30,put,8575.0,841.8,851.8,846.8
2026-11-30,call,8580.0,2.25,2.65,2.45
2026-11-30,put,8580.0,846.7,856.7,851.7
2026-11-30,call,8590.0,2.15,2.55,2.3499999999999996
2026-11-30,put,8590.0,856.6,866.6,861.6
2026-11-30,call,8600.0,2.05,2.45,2.25
2026-11-30,put,8600.0,866.4,876.4,871.4
2026-11-30,call,8610.0,1.95,2.35,2.15
2026-11-30,put,8610.0,876.2,886.2,881.2
2026-11-30,call,8620.0,1.85,2.25,2.05
2026-11-30,put,8620.0,886.1,896.1,891.1
2026-11-30,call,8630.0,1.8,2.2,2.0
2026-11-30,put,8630.0,895.9,905.9,900.9
2026-11-30,call,8640.0,1.7,2.1,1.9
2026-11-30,put,8640.0,905.8,915.8,910.8
2026-11-30,call,8650.0,1.65,2.05,1.8499999999999999
2026-11-30,put,8650.0,915.6,925.6,920.6
2026-11-30,call,8660.0,1.55,1.95,1.75
2026-11-30,put,8660.0,925.5,935.5,930.5
2026-11-30,call,8670.0,1.5,1.9,1.7
2026-11-30,put,8670.0,935.3,945.3,940.3
2026-11-30,call,8680.0,1.45,1.85,1.65
2026-11-30,put,8680.0,945.2,955.2,950.2
2026-11-30,call,8690.0,1.4,1.75,1.575
2026-11-30,put,8690.0,955.1,965.1,960.1
2026-11-30,call,8700.0,1.3,1.7,1.5
2026-11-30,put,8700.0,964.9,974.9,969.9
2026-11-30,call,8710.0,1.25,1.65,1.45
2026-11-30,put,8710.0,974.8,984.8,979.8
2026-11-30,call,8720.0,1.2,1.6,1.4
2026-11-30,put,8720.0,984.7,994.7,989.7
2026-11-30,call,8730.0,1.15,1.55,1.35
2026-11-30,put,8730.0,994.5,1004.5,999.5
2026-11-30,call,8740.0,1.1,1.5,1.3
2026-11-30,put,8740.0,1004.4,1014.4,1009.4
2026-11-30,call,8750.0,1.05,1.45,1.25
2026-11-30,put,8750.0,1014.3,1024.3,1019.3
2026-11-30,call,8760.0,1.0,1.4,1.2
2026-11-30,put,8760.0,1024.2,1034.2,1029.2
2026-11-30,call,8770.0,0.95,1.35,1.15
2026-11-30,put,8770.0,1034.1,1044.1,1039.1
2026-11-30,call,8780.0,0.95,1.3,1.125
2026-11-30,put,8780.0,1043.9,1053.9,1048.9
2026-11-30,call,8790.0,0.9,1.25,1.075
2026-11-30,put,8790.0,1053.8,1063.8,1058.8
2026-11-30,call,8800.0,0.85,1.2,1.025
2026-11-30,put,8800.0,1063.7,1073.7,1068.7
2026-11-30,call,8810.0,0.8,1.2,1.0
2026-11-30,put,8810.0,1073.6,1083.6,1078.6
2026-11-30,call,8820.0,0.75,1.15,0.95
2026-11-30,put,8820.0,1083.5,1093.5,1088.5
2026-11-30,call,8830.0,0.75,1.1,0.925
2026-11-30,put,8830.0,1093.4,1103.4,1098.4
2026-11-30,call,8900.0,0.55,0.9,0.7250000000000001
2026-11-30,put,8900.0,1162.6,1172.6,1167.6
2026-11-30,call,9000.0,0.35,0.65,0.5
2026-11-30,put,9000.0,1261.7,1271.7,1266.7
2026-11-30,call,9100.0,0.2,0.55,0.375
2026-11-30,put,9100.0,1360.8,1370.8,1365.8
2026-11-30,call,9200.0,0.15,0.45,0.3
2026-11-30,put,9200.0,1460.0,1470.0,1465.0
2026-11-30,call,9400.0,0.05,0.35,0.19999999999999998
2026-11-30,put,9400.0,1658.4,1668.4,1663.4
2026-11-30,put,9600.0,1856.9,1866.9,1861.9
2026-11-30,put,9800.0,2055.3,2065.3,2060.3
2026-11-30,put,10000.0,2253.8,2263.8,2258.8
2026-12-18,call,3200.0,4489.9,4499.4,4494.65
2026-12-18,put,3200.0,0.75,1.05,0.9
2026-12-18,call,3400.0,4292.2,4301.7,4296.95
2026-12-18,put,3400.0,1.0,1.3,1.15
2026-12-18,call,3600.0,4094.5,4104.0,4099.25
2026-12-18,put,3600.0,1.25,1.55,1.4
2026-12-18,call,3800.0,3896.6,3906.1,3901.35
2026-12-18,put,3800.0,1.6,1.9,1.75
2026-12-18,call,3900.0,3797.8,3807.3,3802.55
2026-12-18,put,3900.0,1.8,2.1,1.9500000000000002
2026-12-18,call,4000.0,3699.3,3708.7,3704.0
2026-12-18,put,4000.0,2.0,2.3,2.15
2026-12-18,call,4100.0,3600.5,3610.0,3605.25
2026-12-18,put,4100.0,2.25,2.55,2.4
2026-12-18,call,4200.0,3501.8,3511.2,3506.5
2026-12-18,put,4200.0,2.5,2.85,2.675
2026-12-18,call,4300.0,3403.1,3412.5,3407.8
2026-12-18,put,4300.0,2.75,3.1,2.925
2026-12-18,call,4400.0,3304.3,3313.8,3309.05
2026-12-18,put,4400.0,3.1,3.4,3.25
2026-12-18,call,4500.0,3205.7,3215.0,3210.35
2026-12-18,put,4500.0,3.4,3.8,3.5999999999999996
2026-12-18,call,4600.0,3107.0,3116.4,3111.7
2026-12-18,put,4600.0,3.8,4.2,4.0
2026-12-18,call,4700.0,3008.6,3018.0,3013.3
2026-12-18,put,4700.0,4.2,4.6,4.4
2026-12-18,call,4800.0,2910.1,2919.5,2914.8
2026-12-18,put,4800.0,4.7,5.1,4.9
2026-12-18,call,4900.0,2811.6,2821.0,2816.3
2026-12-18,put,4900.0,5.2,5.6,5.4
2026-12-18,call,5000.0,2712.9,2722.4,2717.65
2026-12-18,put,5000.0,5.7,6.2,5.95
2026-12-18,call,5100.0,2614.8,2624.1,2619.45
2026-12-18,put,5100.0,6.3,6.8,6.55
2026-12-18,call,5200.0,2516.5,2525.8,2521.15
2026-12-18,put,5200.0,6.9,7.5,7.2
2026-12-18,call,5300.0,2418.2,2427.5,2422.85
2026-12-18,put,5300.0,7.7,8.2,7.949999999999999
2026-12-18,call,5350.0,2369.1,2378.4,2373.75
2026-12-18,put,5350.0,8.1,8.6,8.35
2026-12-18,call,5400.0,2320.0,2329.3,2324.65
2026-12-18,put,5400.0,8.5,9.0,8.75
2026-12-18,call,5450.0,2270.9,2280.3,2275.6000000000004
2026-12-18,put,5450.0,8.9,9.5,9.2
2026-12-18,call,5500.0,2221.7,2231.2,2226.45
2026-12-18,put,5500.0,9.3,9.9,9.600000000000001
2026-12-18,call,5550.0,2172.7,2182.2,2177.45
2026-12-18,put,5550.0,9.8,10.4,10.100000000000001
2026-12-18,call,5600.0,2123.7,2133.2,2128.45
2026-12-18,put,5600.0,10.3,10.9,10.600000000000001
2026-12-18,call,5650.0,2074.9,2084.2,2079.55
2026-12-18,put,5650.0,10.8,11.4,11.100000000000001
2026-12-18,call,5700.0,2025.9,2035.3,2030.6
2026-12-18,put,5700.0,11.4,12.0,11.7
2026-12-18,call,5750.0,1977.0,1986.4,1981.7
2026-12-18,put,5750.0,12.0,12.6,12.3
2026-12-18,call,5800.0,1928.2,1937.5,1932.85
2026-12-18,put,5800.0,12.6,13.3,12.95
2026-12-18,call,5850.0,1879.3,1888.7,1884.0
2026-12-18,put,5850.0,13.3,13.9,13.600000000000001
2026-12-18,call,5900.0,1830.4,1839.9,1835.15
2026-12-18,put,5900.0,14.0,14.6,14.3
2026-12-18,call,5950.0,1781.7,1791.2,1786.45
2026-12-18,put,5950.0,14.7,15.4,15.05
2026-12-18,call,6000.0,1733.2,1742.5,1737.85
2026-12-18,put,6000.0,15.5,16.2,15.85
2026-12-18,call,6050.0,1684.4,1693.8,1689.1
2026-12-18,put,6050.0,16.4,17.1,16.75
2026-12-18,call,6100.0,1635.7,1645.2,1640.45
2026-12-18,put,6100.0,17.3,18.0,17.65
2026-12-18,call,6150.0,1587.2,1596.7,1591.95
2026-12-18,put,6150.0,18.2,19.0,18.6
2026-12-18,call,6200.0,1538.8,1548.2,1543.5
2026-12-18,put,6200.0,19.3,20.0,19.65
2026-12-18,call,6250.0,1490.5,1499.8,1495.15
2026-12-18,put,6250.0,20.4,21.2,20.799999999999997
2026-12-18,call,6275.0,1466.4,1475.7,1471.0500000000002
2026-12-18,put,6275.0,21.0,21.8,21.4
2026-12-18,call,6300.0,1442.2,1451.5,1446.85
2026-12-18,put,6300.0,21.6,22.4,22.0
2026-12-18,call,6325.0,1417.9,1427.4,1422.65
2026-12-18,put,6325.0,22.2,23.0,22.6
2026-12-18,call,6350.0,1393.8,1403.3,1398.55
2026-12-18,put,6350.0,22.9,23.5,23.2
2026-12-18,call,6375.0,1370.0,1379.3,1374.65
2026-12-18,put,6375.0,23.6,24.4,24.0
2026-12-18,call,6400.0,1345.8,1355.2,1350.5
2026-12-18,put,6400.0,24.3,25.1,24.700000000000003
2026-12-18,call,6410.0,1336.1,1345.6,1340.85
2026-12-18,put,6410.0,24.6,25.4,25.0
2026-12-18,call,6420.0,1326.5,1336.0,1331.25
2026-12-18,put,6420.0,24.8,25.7,25.25
2026-12-18,call,6425.0,1321.7,1331.2,1326.45
2026-12-18,put,6425.0,25.0,25.8,25.4
2026-12-18,call,6430.0,1316.9,1326.4,1321.65
2026-12-18,put,6430.0,25.1,26.0,25.55
2026-12-18,call,6440.0,1307.3,1316.8,1312.05
2026-12-18,put,6440.0,25.5,26.3,25.9
2026-12-18,call,6450.0,1297.7,1307.2,1302.45
2026-12-18,put,6450.0,25.8,26.5,26.15
2026-12-18,call,6460.0,1288.2,1297.6,1292.9
2026-12-18,put,6460.0,26.1,26.8,26.450000000000003
2026-12-18,call,6470.0,1278.5,1288.1,1283.3
2026-12-18,put,6470.0,26.4,27.0,26.7
2026-12-18,call,6475.0,1273.9,1283.3,1278.6
2026-12-18,put,6475.0,26.6,27.3,26.950000000000003
2026-12-18,call,6480.0,1269.2,1278.5,1273.85
2026-12-18,put,6480.0,26.7,27.4,27.049999999999997
2026-12-18,call,6490.0,1259.4,1268.9,1264.15
2026-12-18,put,6490.0,27.1,27.8,27.450000000000003
2026-12-18,call,6500.0,1250.0,1259.4,1254.7
2026-12-18,put,6500.0,27.4,28.0,27.7
2026-12-18,call,6510.0,1240.5,1249.8,1245.15
2026-12-18,put,6510.0,27.7,28.4,28.049999999999997
2026-12-18,call,6520.0,1230.8,1240.2,1235.5
2026-12-18,put,6520.0,28.1,28.8,28.450000000000003
2026-12-18,call,6525.0,1226.1,1235.5,1230.8
2026-12-18,put,6525.0,28.3,29.0,28.65
2026-12-18,call,6530.0,1221.4,1230.7,1226.0500000000002
2026-12-18,put,6530.0,28.4,29.1,28.75
2026-12-18,call,6540.0,1211.6,1221.1,1216.35
2026-12-18,put,6540.0,28.8,29.5,29.15
2026-12-18,call,6550.0,1202.3,1211.6,1206.9499999999998
2026-12-18,put,6550.0,29.2,29.8,29.5
2026-12-18,call,6560.0,1192.7,1202.1,1197.4
2026-12-18,put,6560.0,29.5,30.2,29.85
2026-12-18,call,6570.0,1183.2,1192.5,1187.85
2026-12-18,put,6570.0,29.9,30.6,30.25
2026-12-18,call,6575.0,1178.5,1187.8,1183.15
2026-12-18,put,6575.0,30.1,30.8,30.450000000000003
2026-12-18,call,6580.0,1173.6,1183.0,1178.3
2026-12-18,put,6580.0,30.3,31.0,30.65
2026-12-18,call,6590.0,1164.0,1173.5,1168.75
2026-12-18,put,6590.0,30.7,31.4,31.049999999999997
2026-12-18,call,6600.0,1154.5,1164.0,1159.25
2026-12-18,put,6600.0,31.1,31.8,31.450000000000003
2026-12-18,call,6610.0,1145.0,1154.5,1149.75
2026-12-18,put,6610.0,31.5,32.1,31.8
2026-12-18,call,6620.0,1135.5,1145.0,1140.25
2026-12-18,put,6620.0,31.9,32.6,32.25
2026-12-18,call,6625.0,1131.0,1140.3,1135.65
2026-12-18,put,6625.0,32.1,32.8,32.45
2026-12-18,call,6630.0,1126.1,1135.5,1130.8
2026-12-18,put,6630.0,32.3,33.0,32.65
2026-12-18,call,6640.0,1116.7,1126.0,1121.35
2026-12-18,put,6640.0,32.7,33.5,33.1
2026-12-18,call,6650.0,1107.3,1116.6,1111.9499999999998
2026-12-18,put,6650.0,33.2,33.8,33.5
2026-12-18,call,6660.0,1097.6,1107.1,1102.35
2026-12-18,put,6660.0,33.6,34.2,33.900000000000006
2026-12-18,call,6670.0,1088.4,1097.7,1093.0500000000002
2026-12-18,put,6670.0,34.0,34.8,34.4
2026-12-18,call,6675.0,1083.5,1092.9,1088.2
2026-12-18,put,6675.0,34.3,35.0,34.65
2026-12-18,call,6680.0,1078.7,1088.2,1083.45
2026-12-18,put,6680.0,34.5,35.2,34.85
2026-12-18,call,6690.0,1069.5,1078.8,1074.15
2026-12-18,put,6690.0,35.0,35.6,35.3
2026-12-18,call,6700.0,1059.9,1069.3,1064.6
2026-12-18,put,6700.0,35.4,36.0,35.7
2026-12-18,call,6710.0,1050.5,1059.9,1055.2
2026-12-18,put,6710.0,35.9,36.6,36.25
2026-12-18,call,6720.0,1041.2,1050.6,1045.9
2026-12-18,put,6720.0,36.4,37.1,36.75
2026-12-18,call,6725.0,1036.5,1045.9,1041.2
2026-12-18,put,6725.0,36.6,37.3,36.95
2026-12-18,call,6730.0,1031.8,1041.2,1036.5
2026-12-18,put,6730.0,36.9,37.6,37.25
2026-12-18,call,6740.0,1023.5,1031.3,1027.4
2026-12-18,put,6740.0,37.4,38.1,37.75
2026-12-18,call,6750.0,1014.1,1021.8,1017.95
2026-12-18,put,6750.0,37.9,38.6,38.25
2026-12-18,call,6760.0,1004.8,1012.5,1008.65
2026-12-18,put,6760.0,38.4,39.1,38.75
2026-12-18,call,6770.0,995.3,1003.1,999.2
2026-12-18,put,6770.0,38.9,39.6,39.25
2026-12-18,call,6775.0,990.6,998.3,994.45
2026-12-18,put,6775.0,39.2,39.8,39.5
2026-12-18,call,6780.0,986.0,993.6,989.8
2026-12-18,put,6780.0,39.4,40.2,39.8
2026-12-18,call,6790.0,976.8,984.4,980.5999999999999
2026-12-18,put,6790.0,40.0,40.7,40.35
2026-12-18,call,6800.0,967.4,974.9,971.15
2026-12-18,put,6800.0,40.6,41.3,40.95
2026-12-18,call,6810.0,957.9,965.7,961.8
2026-12-18,put,6810.0,41.2,41.9,41.55
2026-12-18,call,6820.0,948.6,956.4,952.5
2026-12-18,put,6820.0,41.8,42.4,42.099999999999994
2026-12-18,call,6825.0,944.1,951.7,947.9000000000001
2026-12-18,put,6825.0,42.1,42.7,42.400000000000006
2026-12-18,call,6830.0,939.4,946.9,943.15
2026-12-18,put,6830.0,42.4,43.0,42.7
2026-12-18,call,6840.0,930.1,937.7,933.9000000000001
2026-12-18,put,6840.0,42.9,43.6,43.25
2026-12-18,call,6850.0,920.9,928.5,924.7
2026-12-18,put,6850.0,43.6,44.2,43.900000000000006
2026-12-18,call,6860.0,911.6,919.2,915.4000000000001
2026-12-18,put,6860.0,44.2,44.9,44.55
2026-12-18,call,6870.0,902.3,909.9,906.0999999999999
2026-12-18,put,6870.0,44.8,45.4,45.099999999999994
2026-12-18,call,6875.0,897.7,905.1,901.4000000000001
2026-12-18,put,6875.0,45.1,45.7,45.400000000000006
2026-12-18,call,6880.0,893.1,900.6,896.85
2026-12-18,put,6880.0,45.5,46.1,45.8
2026-12-18,call,6890.0,883.8,891.3,887.55
2026-12-18,put,6890.0,46.1,46.8,46.45
2026-12-18,call,6900.0,874.7,882.1,878.4000000000001
2026-12-18,put,6900.0,46.8,47.4,47.099999999999994
2026-12-18,call,6910.0,865.4,872.9,869.15
2026-12-18,put,6910.0,47.4,48.1,47.75
2026-12-18,call,6920.0,856.2,863.7,859.95
2026-12-18,put,6920.0,48.2,48.8,48.5
2026-12-18,call,6925.0,851.6,859.1,855.35
2026-12-18,put,6925.0,48.5,49.2,48.85
2026-12-18,call,6930.0,847.0,854.5,850.75
2026-12-18,put,6930.0,48.8,49.5,49.15
2026-12-18,call,6940.0,837.9,844.7,841.3
2026-12-18,put,6940.0,49.6,50.2,49.900000000000006
2026-12-18,call,6950.0,828.6,836.1,832.35
2026-12-18,put,6950.0,50.2,51.0,50.6
2026-12-18,call,6960.0,819.6,826.9,823.25
2026-12-18,put,6960.0,50.9,51.8,51.349999999999994
2026-12-18,call,6970.0,810.4,817.8,814.0999999999999
2026-12-18,put,6970.0,51.7,52.7,52.2
2026-12-18,call,6975.0,805.9,813.2,809.55
2026-12-18,put,6975.0,52.1,53.1,52.6
2026-12-18,call,6980.0,801.4,808.7,805.05
2026-12-18,put,6980.0,52.5,53.4,52.95
2026-12-18,call,6990.0,792.2,799.6,795.9000000000001
2026-12-18,put,6990.0,53.3,54.2,53.75
2026-12-18,call,7000.0,783.1,790.5,786.8
2026-12-18,put,7000.0,54.1,55.0,54.55
2026-12-18,call,7010.0,774.1,781.4,777.75
2026-12-18,put,7010.0,54.9,55.9,55.4
2026-12-18,call,7020.0,765.0,772.3,768.65
2026-12-18,put,7020.0,55.7,56.7,56.2
2026-12-18,call,7025.0,760.6,767.8,764.2
2026-12-18,put,7025.0,56.1,57.1,56.6
2026-12-18,call,7030.0,756.0,763.2,759.6
2026-12-18,put,7030.0,56.6,57.5,57.05
2026-12-18,call,7040.0,746.9,754.2,750.55
2026-12-18,put,7040.0,57.4,58.3,57.849999999999994
2026-12-18,call,7050.0,737.9,745.2,741.55
2026-12-18,put,7050.0,58.3,59.2,58.75
2026-12-18,call,7060.0,729.0,736.2,732.6
2026-12-18,put,7060.0,59.2,60.1,59.650000000000006
2026-12-18,call,7070.0,720.0,727.2,723.6
2026-12-18,put,7070.0,60.2,61.1,60.650000000000006
2026-12-18,call,7075.0,715.5,722.7,719.1
2026-12-18,put,7075.0,60.6,61.5,61.05
2026-12-18,call,7080.0,711.1,718.2,714.6500000000001
2026-12-18,put,7080.0,61.1,62.0,61.55
2026-12-18,call,7090.0,702.1,709.3,705.7
2026-12-18,put,7090.0,62.1,63.1,62.6
2026-12-18,call,7100.0,693.2,700.4,696.8
2026-12-18,put,7100.0,63.0,64.0,63.5
2026-12-18,call,7110.0,684.3,691.4,687.8499999999999
2026-12-18,put,7110.0,64.0,65.0,64.5
2026-12-18,call,7120.0,675.5,682.0,678.75
2026-12-18,put,7120.0,65.1,66.0,65.55
2026-12-18,call,7125.0,671.0,678.0,674.5
2026-12-18,put,7125.0,65.6,66.5,66.05
2026-12-18,call,7130.0,666.7,673.7,670.2
2026-12-18,put,7130.0,66.1,67.1,66.6
2026-12-18,call,7140.0,657.7,664.3,661.0
2026-12-18,put,7140.0,67.2,68.1,67.65
2026-12-18,call,7150.0,649.0,655.4,652.2
2026-12-18,put,7150.0,68.3,69.2,68.75
2026-12-18,call,7160.0,640.1,646.6,643.35
2026-12-18,put,7160.0,69.4,70.3,69.85
2026-12-18,call,7165.0,635.8,642.8,639.3
2026-12-18,put,7165.0,69.9,70.9,70.4
2026-12-18,call,7170.0,631.4,638.4,634.9
2026-12-18,put,7170.0,70.5,71.5,71.0
2026-12-18,call,7175.0,627.0,633.9,630.45
2026-12-18,put,7175.0,71.1,72.1,71.6
2026-12-18,call,7180.0,622.8,629.7,626.25
2026-12-18,put,7180.0,71.7,72.6,72.15
2026-12-18,call,7185.0,618.3,625.3,621.8
2026-12-18,put,7185.0,72.2,73.2,72.7
2026-12-18,call,7190.0,613.9,620.8,617.3499999999999
2026-12-18,put,7190.0,72.8,73.8,73.3
2026-12-18,call,7195.0,609.7,616.6,613.1500000000001
2026-12-18,put,7195.0,73.4,74.4,73.9
2026-12-18,call,7200.0,605.2,612.2,608.7
2026-12-18,put,7200.0,74.0,75.0,74.5
2026-12-18,call,7205.0,600.9,607.9,604.4
2026-12-18,put,7205.0,74.6,75.7,75.15
2026-12-18,call,7210.0,596.6,603.5,600.05
2026-12-18,put,7210.0,75.3,76.3,75.8
2026-12-18,call,7215.0,592.2,599.2,595.7
2026-12-18,put,7215.0,75.9,76.9,76.4
2026-12-18,call,7220.0,587.9,594.9,591.4
2026-12-18,put,7220.0,76.5,77.4,76.95
2026-12-18,call,7225.0,583.6,590.6,587.1
2026-12-18,put,7225.0,77.2,78.2,77.7
2026-12-18,call,7230.0,579.3,586.2,582.75
2026-12-18,put,7230.0,77.8,78.8,78.3
2026-12-18,call,7235.0,575.0,581.3,578.15
2026-12-18,put,7235.0,78.4,79.5,78.95
2026-12-18,call,7240.0,570.7,577.6,574.1500000000001
2026-12-18,put,7240.0,79.1,80.1,79.6
2026-12-18,call,7245.0,566.4,573.3,569.8499999999999
2026-12-18,put,7245.0,79.8,80.8,80.3
2026-12-18,call,7250.0,562.2,569.1,565.6500000000001
2026-12-18,put,7250.0,80.4,81.5,80.95
2026-12-18,call,7255.0,558.0,564.8,561.4
2026-12-18,put,7255.0,81.1,82.1,81.6
2026-12-18,call,7260.0,553.6,560.5,557.05
2026-12-18,put,7260.0,81.8,82.8,82.3
2026-12-18,call,7265.0,549.4,556.2,552.8
2026-12-18,put,7265.0,82.5,83.5,83.0
2026-12-18,call,7270.0,545.1,552.0,548.55
2026-12-18,put,7270.0,83.2,84.2,83.7
2026-12-18,call,7275.0,540.9,547.7,544.3
2026-12-18,put,7275.0,83.9,84.9,84.4
2026-12-18,call,7280.0,536.7,543.5,540.1
2026-12-18,put,7280.0,84.6,85.6,85.1
2026-12-18,call,7285.0,532.5,539.2,535.85
2026-12-18,put,7285.0,85.3,86.4,85.85
2026-12-18,call,7290.0,528.3,535.0,531.65
2026-12-18,put,7290.0,86.1,87.1,86.6
2026-12-18,call,7295.0,524.1,530.7,527.4000000000001
2026-12-18,put,7295.0,86.8,87.8,87.3
2026-12-18,call,7300.0,519.9,526.5,523.2
2026-12-18,put,7300.0,87.6,88.6,88.1
2026-12-18,call,7305.0,515.7,522.3,519.0
2026-12-18,put,7305.0,88.3,89.3,88.8
2026-12-18,call,7310.0,511.5,518.1,514.8
2026-12-18,put,7310.0,89.1,90.1,89.6
2026-12-18,call,7315.0,507.2,514.0,510.6
2026-12-18,put,7315.0,89.8,90.8,90.3
2026-12-18,call,7320.0,503.1,509.7,506.4
2026-12-18,put,7320.0,90.6,91.6,91.1
2026-12-18,call,7325.0,499.0,505.6,502.3
2026-12-18,put,7325.0,91.4,92.4,91.9
2026-12-18,call,7330.0,494.8,501.4,498.1
2026-12-18,put,7330.0,92.2,93.2,92.7
2026-12-18,call,7335.0,490.7,497.3,494.0
2026-12-18,put,7335.0,93.0,94.0,93.5
2026-12-18,call,7340.0,486.6,493.1,489.85
2026-12-18,put,7340.0,93.8,94.8,94.3
2026-12-18,call,7345.0,482.4,489.0,485.7
2026-12-18,put,7345.0,94.6,95.6,95.1
2026-12-18,call,7350.0,478.3,484.9,481.6
2026-12-18,put,7350.0,95.5,96.4,95.95
2026-12-18,call,7355.0,474.2,480.7,477.45
2026-12-18,put,7355.0,96.3,97.3,96.8
2026-12-18,call,7360.0,470.0,476.6,473.3
2026-12-18,put,7360.0,97.2,98.1,97.65
2026-12-18,call,7365.0,466.0,472.5,469.25
2026-12-18,put,7365.0,98.0,99.0,98.5
2026-12-18,call,7370.0,462.0,468.4,465.2
2026-12-18,put,7370.0,98.9,99.9,99.4
2026-12-18,call,7375.0,457.8,464.3,461.05
2026-12-18,put,7375.0,99.8,100.7,100.25
2026-12-18,call,7380.0,453.8,460.2,457.0
2026-12-18,put,7380.0,100.6,101.6,101.1
2026-12-18,call,7385.0,449.7,456.2,452.95
2026-12-18,put,7385.0,101.5,102.8,102.15
2026-12-18,call,7390.0,445.7,452.1,448.9
2026-12-18,put,7390.0,102.4,103.7,103.05000000000001
2026-12-18,call,7395.0,441.6,448.1,444.85
2026-12-18,put,7395.0,103.4,104.6,104.0
2026-12-18,call,7400.0,437.6,444.0,440.8
2026-12-18,put,7400.0,104.2,105.2,104.7
2026-12-18,call,7405.0,433.6,439.9,436.75
2026-12-18,put,7405.0,105.2,106.1,105.65
2026-12-18,call,7410.0,429.6,436.0,432.8
2026-12-18,put,7410.0,106.2,107.1,106.65
2026-12-18,call,7415.0,425.7,431.9,428.79999999999995
2026-12-18,put,7415.0,107.1,108.4,107.75
2026-12-18,call,7420.0,421.5,427.9,424.7
2026-12-18,put,7420.0,108.1,109.0,108.55
2026-12-18,call,7425.0,417.6,424.0,420.8
2026-12-18,put,7425.0,109.1,110.3,109.69999999999999
2026-12-18,call,7430.0,413.7,420.0,416.85
2026-12-18,put,7430.0,110.0,111.3,110.65
2026-12-18,call,7435.0,409.7,416.0,412.85
2026-12-18,put,7435.0,111.0,112.3,111.65
2026-12-18,call,7440.0,405.8,412.1,408.95000000000005
2026-12-18,put,7440.0,112.1,113.4,112.75
2026-12-18,call,7445.0,401.9,408.1,405.0
2026-12-18,put,7445.0,113.0,114.0,113.5
2026-12-18,call,7450.0,397.9,404.2,401.04999999999995
2026-12-18,put,7450.0,114.1,115.4,114.75
2026-12-18,call,7455.0,394.0,400.3,397.15
2026-12-18,put,7455.0,115.2,116.5,115.85
2026-12-18,call,7460.0,390.1,396.4,393.25
2026-12-18,put,7460.0,116.2,117.5,116.85
2026-12-18,call,7465.0,386.2,392.4,389.29999999999995
2026-12-18,put,7465.0,117.2,118.5,117.85
2026-12-18,call,7470.0,382.4,388.6,385.5
2026-12-18,put,7470.0,118.4,119.6,119.0
2026-12-18,call,7475.0,378.5,384.8,381.65
2026-12-18,put,7475.0,119.4,120.7,120.05000000000001
2026-12-18,call,7480.0,374.5,380.9,377.7
2026-12-18,put,7480.0,120.6,121.8,121.19999999999999
2026-12-18,call,7485.0,371.0,377.1,374.05
2026-12-18,put,7485.0,121.7,122.9,122.30000000000001
2026-12-18,call,7490.0,367.1,373.2,370.15
2026-12-18,put,7490.0,122.8,124.1,123.44999999999999
2026-12-18,call,7495.0,363.3,369.3,366.3
2026-12-18,put,7495.0,123.9,125.2,124.55000000000001
2026-12-18,call,7500.0,359.5,365.6,362.55
2026-12-18,put,7500.0,125.1,126.5,125.8
2026-12-18,call,7505.0,355.7,361.8,358.75
2026-12-18,put,7505.0,126.2,127.6,126.9
2026-12-18,call,7510.0,352.5,357.4,354.95
2026-12-18,put,7510.0,127.3,128.7,128.0
2026-12-18,call,7515.0,349.4,353.6,351.5
2026-12-18,put,7515.0,128.6,129.9,129.25
2026-12-18,call,7520.0,345.4,349.9,347.65
2026-12-18,put,7520.0,129.9,131.2,130.55
2026-12-18,call,7525.0,341.3,346.3,343.8
2026-12-18,put,7525.0,131.1,132.4,131.75
2026-12-18,call,7530.0,338.0,342.4,340.2
2026-12-18,put,7530.0,132.3,133.6,132.95
2026-12-18,call,7535.0,334.5,338.7,336.6
2026-12-18,put,7535.0,133.5,135.0,134.25
2026-12-18,call,7540.0,330.6,335.0,332.8
2026-12-18,put,7540.0,134.8,136.1,135.45
2026-12-18,call,7545.0,327.0,331.3,329.15
2026-12-18,put,7545.0,136.1,137.4,136.75
2026-12-18,call,7550.0,323.3,327.7,325.5
2026-12-18,put,7550.0,137.4,138.7,138.05
2026-12-18,call,7555.0,319.3,324.0,321.65
2026-12-18,put,7555.0,138.6,140.0,139.3
2026-12-18,call,7560.0,316.1,320.4,318.25
2026-12-18,put,7560.0,139.9,141.4,140.65
2026-12-18,call,7565.0,312.5,316.8,314.65
2026-12-18,put,7565.0,141.4,142.8,142.10000000000002
2026-12-18,call,7570.0,308.9,313.2,311.04999999999995
2026-12-18,put,7570.0,142.6,144.1,143.35
2026-12-18,call,7575.0,304.8,309.6,307.20000000000005
2026-12-18,put,7575.0,144.0,145.4,144.7
2026-12-18,call,7580.0,301.8,306.0,303.9
2026-12-18,put,7580.0,145.5,146.9,146.2
2026-12-18,call,7585.0,298.2,302.5,300.35
2026-12-18,put,7585.0,146.9,148.3,147.60000000000002
2026-12-18,call,7590.0,294.7,298.9,296.79999999999995
2026-12-18,put,7590.0,148.3,149.7,149.0
2026-12-18,call,7595.0,291.2,295.7,293.45
2026-12-18,put,7595.0,149.7,150.9,150.3
2026-12-18,call,7600.0,287.1,291.9,289.5
2026-12-18,put,7600.0,151.1,152.4,151.75
2026-12-18,call,7605.0,284.3,288.6,286.45000000000005
2026-12-18,put,7605.0,152.6,154.1,153.35
2026-12-18,call,7610.0,280.8,285.3,283.05
2026-12-18,put,7610.0,154.2,155.6,154.89999999999998
2026-12-18,call,7615.0,277.4,281.8,279.6
2026-12-18,put,7615.0,155.7,157.1,156.39999999999998
2026-12-18,call,7620.0,274.0,278.4,276.2
2026-12-18,put,7620.0,157.1,158.5,157.8
2026-12-18,call,7625.0,270.5,275.0,272.75
2026-12-18,put,7625.0,158.7,160.1,159.39999999999998
2026-12-18,call,7630.0,267.2,271.6,269.4
2026-12-18,put,7630.0,160.2,161.7,160.95
2026-12-18,call,7635.0,263.8,268.2,266.0
2026-12-18,put,7635.0,161.9,163.2,162.55
2026-12-18,call,7640.0,260.5,264.8,262.65
2026-12-18,put,7640.0,163.3,164.8,164.05
2026-12-18,call,7645.0,257.2,261.5,259.35
2026-12-18,put,7645.0,165.0,166.4,165.7
2026-12-18,call,7650.0,253.8,258.2,256.0
2026-12-18,put,7650.0,166.7,168.0,167.35
2026-12-18,call,7655.0,250.5,254.8,252.65
2026-12-18,put,7655.0,168.3,169.5,168.9
2026-12-18,call,7660.0,248.5,250.3,249.4
2026-12-18,put,7660.0,170.0,171.3,170.65
2026-12-18,call,7665.0,245.2,247.1,246.14999999999998
2026-12-18,put,7665.0,171.6,173.0,172.3
2026-12-18,call,7670.0,242.1,243.8,242.95
2026-12-18,put,7670.0,173.3,174.7,174.0
2026-12-18,call,7675.0,238.9,240.6,239.75
2026-12-18,put,7675.0,175.1,176.5,175.8
2026-12-18,call,7680.0,235.6,237.4,236.5
2026-12-18,put,7680.0,176.8,178.3,177.55
2026-12-18,call,7685.0,232.4,234.2,233.3
2026-12-18,put,7685.0,178.6,179.9,179.25
2026-12-18,call,7690.0,229.3,231.0,230.15
2026-12-18,put,7690.0,180.4,181.9,181.15
2026-12-18,call,7695.0,226.1,227.9,227.0
2026-12-18,put,7695.0,182.3,183.5,182.9
2026-12-18,call,7700.0,223.0,224.7,223.85
2026-12-18,put,7700.0,184.0,185.5,184.75
2026-12-18,call,7705.0,219.9,221.6,220.75
2026-12-18,put,7705.0,185.9,187.2,186.55
2026-12-18,call,7710.0,216.9,218.6,217.75
2026-12-18,put,7710.0,187.8,189.3,188.55
2026-12-18,call,7715.0,213.8,215.5,214.65
2026-12-18,put,7715.0,189.8,191.2,190.5
2026-12-18,call,7720.0,210.7,212.5,211.6
2026-12-18,put,7720.0,191.6,192.9,192.25
2026-12-18,call,7725.0,207.8,209.5,208.65
2026-12-18,put,7725.0,193.5,194.9,194.2
2026-12-18,call,7730.0,204.7,206.4,205.55
2026-12-18,put,7730.0,195.5,196.9,196.2
2026-12-18,call,7735.0,201.9,203.2,202.55
2026-12-18,put,7735.0,197.5,198.9,198.2
2026-12-18,call,7740.0,198.9,200.2,199.55
2026-12-18,put,7740.0,199.6,200.9,200.25
2026-12-18,call,7745.0,196.0,197.3,196.65
2026-12-18,put,7745.0,201.6,202.9,202.25
2026-12-18,call,7750.0,193.0,194.4,193.7
2026-12-18,put,7750.0,203.6,205.0,204.3
2026-12-18,call,7755.0,190.3,191.6,190.95
2026-12-18,put,7755.0,205.7,207.3,206.5
2026-12-18,call,7760.0,187.4,188.7,188.05
2026-12-18,put,7760.0,207.8,209.5,208.65
2026-12-18,call,7765.0,184.6,185.9,185.25
2026-12-18,put,7765.0,210.0,211.6,210.8
2026-12-18,call,7770.0,181.8,183.1,182.45
2026-12-18,put,7770.0,212.1,213.9,213.0
2026-12-18,call,7775.0,179.0,180.4,179.7
2026-12-18,put,7775.0,214.3,216.1,215.2
2026-12-18,call,7780.0,176.3,177.8,177.05
2026-12-18,put,7780.0,216.5,217.9,217.2
2026-12-18,call,7785.0,173.4,174.9,174.15
2026-12-18,put,7785.0,218.7,220.5,219.6
2026-12-18,call,7790.0,170.7,172.2,171.45
2026-12-18,put,7790.0,220.9,222.4,221.65
2026-12-18,call,7795.0,168.1,169.5,168.8
2026-12-18,put,7795.0,222.6,224.7,223.64999999999998
2026-12-18,call,7800.0,165.5,166.9,166.2
2026-12-18,put,7800.0,224.9,227.0,225.95
2026-12-18,call,7805.0,162.8,164.2,163.5
2026-12-18,put,7805.0,226.7,229.5,228.1
2026-12-18,call,7810.0,160.3,161.6,160.95
2026-12-18,put,7810.0,229.8,231.6,230.7
2026-12-18,call,7815.0,157.7,159.2,158.45
2026-12-18,put,7815.0,231.4,234.3,232.85000000000002
2026-12-18,call,7820.0,155.0,156.5,155.75
2026-12-18,put,7820.0,233.7,236.8,235.25
2026-12-18,call,7825.0,152.6,154.1,153.35
2026-12-18,put,7825.0,236.2,239.1,237.64999999999998
2026-12-18,call,7830.0,150.1,151.3,150.7
2026-12-18,put,7830.0,237.9,242.4,240.15
2026-12-18,call,7835.0,147.5,148.9,148.2
2026-12-18,put,7835.0,240.3,244.4,242.35000000000002
2026-12-18,call,7840.0,145.2,146.5,145.85
2026-12-18,put,7840.0,243.0,247.5,245.25
2026-12-18,call,7845.0,142.8,143.9,143.35000000000002
2026-12-18,put,7845.0,245.6,250.1,247.85
2026-12-18,call,7850.0,140.4,141.5,140.95
2026-12-18,put,7850.0,247.9,252.6,250.25
2026-12-18,call,7855.0,138.0,139.2,138.6
2026-12-18,put,7855.0,250.7,255.2,252.95
2026-12-18,call,7860.0,135.6,136.9,136.25
2026-12-18,put,7860.0,253.1,257.9,255.5
2026-12-18,call,7865.0,133.3,134.8,134.05
2026-12-18,put,7865.0,255.7,260.5,258.1
2026-12-18,call,7870.0,130.9,132.3,131.60000000000002
2026-12-18,put,7870.0,258.4,262.6,260.5
2026-12-18,call,7875.0,128.7,130.0,129.35
2026-12-18,put,7875.0,261.0,265.2,263.1
2026-12-18,call,7880.0,126.4,127.8,127.1
2026-12-18,put,7880.0,263.8,268.5,266.15
2026-12-18,call,7885.0,124.2,125.5,124.85
2026-12-18,put,7885.0,266.4,270.7,268.54999999999995
2026-12-18,call,7890.0,122.1,123.5,122.8
2026-12-18,put,7890.0,269.2,274.0,271.6
2026-12-18,call,7895.0,120.0,121.3,120.65
2026-12-18,put,7895.0,272.0,276.7,274.35
2026-12-18,call,7900.0,117.7,119.1,118.4
2026-12-18,put,7900.0,276.3,279.3,277.8
2026-12-18,call,7905.0,115.7,116.9,116.30000000000001
2026-12-18,put,7905.0,277.6,282.0,279.8
2026-12-18,call,7910.0,113.6,114.9,114.25
2026-12-18,put,7910.0,280.5,284.9,282.7
2026-12-18,call,7915.0,111.6,112.8,112.19999999999999
2026-12-18,put,7915.0,283.4,287.8,285.6
2026-12-18,call,7920.0,109.5,110.8,110.15
2026-12-18,put,7920.0,286.3,291.1,288.70000000000005
2026-12-18,call,7925.0,107.5,108.7,108.1
2026-12-18,put,7925.0,289.2,294.2,291.7
2026-12-18,call,7930.0,105.6,106.8,106.19999999999999
2026-12-18,put,7930.0,292.2,297.1,294.65
2026-12-18,call,7935.0,103.5,104.9,104.2
2026-12-18,put,7935.0,295.2,299.7,297.45
2026-12-18,call,7940.0,101.6,103.0,102.3
2026-12-18,put,7940.0,298.2,302.7,300.45
2026-12-18,call,7945.0,99.8,100.7,100.25
2026-12-18,put,7945.0,301.2,305.8,303.5
2026-12-18,call,7950.0,97.9,98.9,98.4
2026-12-18,put,7950.0,304.4,308.9,306.65
2026-12-18,call,7955.0,96.0,97.0,96.5
2026-12-18,put,7955.0,307.4,312.0,309.7
2026-12-18,call,7960.0,94.2,95.2,94.7
2026-12-18,put,7960.0,310.5,314.8,312.65
2026-12-18,call,7965.0,92.4,93.4,92.9
2026-12-18,put,7965.0,313.6,318.3,315.95000000000005
2026-12-18,call,7970.0,90.7,91.6,91.15
2026-12-18,put,7970.0,316.8,321.5,319.15
2026-12-18,call,7975.0,88.9,89.9,89.4
2026-12-18,put,7975.0,321.5,324.7,323.1
2026-12-18,call,7980.0,87.1,88.2,87.65
2026-12-18,put,7980.0,323.3,327.9,325.6
2026-12-18,call,7985.0,85.5,86.5,86.0
2026-12-18,put,7985.0,326.5,331.6,329.05
2026-12-18,call,7990.0,83.8,84.8,84.3
2026-12-18,put,7990.0,329.7,335.0,332.35
2026-12-18,call,7995.0,82.2,83.2,82.7
2026-12-18,put,7995.0,333.1,338.4,335.75
2026-12-18,call,8000.0,80.5,81.6,81.05
2026-12-18,put,8000.0,337.9,341.0,339.45
2026-12-18,call,8010.0,77.4,78.4,77.9
2026-12-18,put,8010.0,343.1,348.4,345.75
2026-12-18,call,8020.0,74.3,75.6,74.94999999999999
2026-12-18,put,8020.0,349.5,355.7,352.6
2026-12-18,call,8025.0,72.8,73.9,73.35
2026-12-18,put,8025.0,352.9,359.2,356.04999999999995
2026-12-18,call,8030.0,71.3,72.4,71.85
2026-12-18,put,8030.0,356.3,362.7,359.5
2026-12-18,call,8040.0,68.5,69.6,69.05
2026-12-18,put,8040.0,363.3,369.7,366.5
2026-12-18,call,8050.0,65.7,66.7,66.2
2026-12-18,put,8050.0,370.4,376.8,373.6
2026-12-18,call,8060.0,63.0,64.1,63.55
2026-12-18,put,8060.0,377.6,384.1,380.85
2026-12-18,call,8070.0,60.3,61.5,60.9
2026-12-18,put,8070.0,384.9,391.4,388.15
2026-12-18,call,8075.0,59.1,60.2,59.650000000000006
2026-12-18,put,8075.0,388.6,395.1,391.85
2026-12-18,call,8080.0,57.8,59.1,58.45
2026-12-18,put,8080.0,392.2,398.8,395.5
2026-12-18,call,8090.0,55.4,56.5,55.95
2026-12-18,put,8090.0,399.7,406.3,403.0
2026-12-18,call,8100.0,53.0,54.2,53.6
2026-12-18,put,8100.0,407.8,414.5,411.15
2026-12-18,call,8110.0,50.9,51.9,51.4
2026-12-18,put,8110.0,414.8,422.1,418.45000000000005
2026-12-18,call,8120.0,48.8,49.6,49.2
2026-12-18,put,8120.0,422.5,429.9,426.2
2026-12-18,call,8125.0,47.7,48.5,48.1
2026-12-18,put,8125.0,426.5,433.4,429.95
2026-12-18,call,8130.0,46.7,47.5,47.1
2026-12-18,put,8130.0,430.3,437.1,433.70000000000005
2026-12-18,call,8140.0,44.7,45.4,45.05
2026-12-18,put,8140.0,438.1,444.9,441.5
2026-12-18,call,8150.0,42.7,43.6,43.150000000000006
2026-12-18,put,8150.0,446.1,453.0,449.55
2026-12-18,call,8160.0,40.8,41.6,41.2
2026-12-18,put,8160.0,454.1,461.0,457.55
2026-12-18,call,8170.0,39.0,39.8,39.4
2026-12-18,put,8170.0,462.1,469.0,465.55
2026-12-18,call,8175.0,38.1,38.9,38.5
2026-12-18,put,8175.0,466.8,473.2,470.0
2026-12-18,call,8180.0,37.3,38.0,37.65
2026-12-18,put,8180.0,470.3,477.3,473.8
2026-12-18,call,8190.0,35.6,36.4,36.0
2026-12-18,put,8190.0,479.1,485.5,482.3
2026-12-18,call,8200.0,34.1,34.7,34.400000000000006
2026-12-18,put,8200.0,487.4,493.7,490.54999999999995
2026-12-18,call,8210.0,32.5,33.2,32.85
2026-12-18,put,8210.0,495.1,502.1,498.6
2026-12-18,call,8220.0,31.0,31.8,31.4
2026-12-18,put,8220.0,503.5,510.5,507.0
2026-12-18,call,8250.0,26.9,27.7,27.299999999999997
2026-12-18,put,8250.0,529.7,536.2,532.95
2026-12-18,call,8300.0,21.2,21.9,21.549999999999997
2026-12-18,put,8300.0,573.2,580.5,576.85
2026-12-18,call,8350.0,16.6,17.4,17.0
2026-12-18,put,8350.0,616.9,626.0,621.45
2026-12-18,call,8400.0,13.0,13.7,13.35
2026-12-18,put,8400.0,662.8,671.9,667.3499999999999
2026-12-18,call,8450.0,10.1,10.7,10.399999999999999
2026-12-18,put,8450.0,709.4,718.4,713.9
2026-12-18,call,8500.0,7.9,8.6,8.25
2026-12-18,put,8500.0,756.7,765.8,761.25
2026-12-18,call,8550.0,6.2,6.8,6.5
2026-12-18,put,8550.0,804.5,813.5,809.0
2026-12-18,call,8600.0,5.0,5.3,5.15
2026-12-18,put,8600.0,852.7,861.9,857.3
2026-12-18,call,8650.0,4.0,4.4,4.2
2026-12-18,put,8650.0,901.2,910.4,905.8
2026-12-18,call,8700.0,3.2,3.6,3.4000000000000004
2026-12-18,put,8700.0,949.9,959.1,954.5
2026-12-18,call,8750.0,2.65,3.0,2.825
2026-12-18,put,8750.0,998.9,1008.0,1003.45
2026-12-18,call,8800.0,2.2,2.6,2.4000000000000004
2026-12-18,put,8800.0,1047.9,1057.0,1052.45
2026-12-18,call,8900.0,1.5,1.9,1.7
2026-12-18,put,8900.0,1146.3,1155.1,1150.6999999999998
2026-12-18,call,9000.0,1.1,1.5,1.3
2026-12-18,put,9000.0,1244.8,1253.7,1249.25
2026-12-18,call,9100.0,0.8,1.15,0.975
2026-12-18,put,9100.0,1343.5,1352.6,1348.05
2026-12-18,call,9200.0,0.55,0.9,0.7250000000000001
2026-12-18,put,9200.0,1442.3,1451.2,1446.75
2026-12-18,call,9300.0,0.4,0.75,0.575
2026-12-18,put,9300.0,1541.1,1550.2,1545.65
2026-12-18,call,9400.0,0.3,0.6,0.44999999999999996
2026-12-18,put,9400.0,1640.0,1648.9,1644.45
2026-12-18,call,9500.0,0.25,0.55,0.4
2026-12-18,put,9500.0,1739.0,1747.8,1743.4
2026-12-18,call,9600.0,0.15,0.45,0.3
2026-12-18,put,9600.0,1837.9,1846.9,1842.4
2026-12-18,call,9800.0,0.1,0.35,0.22499999999999998
2026-12-18,put,9800.0,2035.8,2044.8,2040.3
2026-12-18,call,10000.0,0.05,0.3,0.175
2026-12-18,put,10000.0,2233.8,2242.5,2238.15
2026-12-18,put,10200.0,2431.8,2440.4,2436.1000000000004
2026-12-18,put,10400.0,2629.7,2638.4,2634.05
2026-12-31,call,2600.0,5084.9,5094.9,5089.9
2026-12-31,put,2600.0,0.55,0.65,0.6000000000000001
2026-12-31,call,2800.0,4887.5,4897.5,4892.5
2026-12-31,put,2800.0,0.7,0.9,0.8
2026-12-31,call,3000.0,4690.1,4700.1,4695.1
2026-12-31,put,3000.0,0.9,1.2,1.05
2026-12-31,call,3200.0,4492.8,4502.8,4497.8
2026-12-31,put,3200.0,1.15,1.45,1.2999999999999998
2026-12-31,call,3300.0,4394.2,4404.2,4399.2
2026-12-31,put,3300.0,1.3,1.6,1.4500000000000002
2026-12-31,call,3400.0,4295.6,4305.6,4300.6
2026-12-31,put,3400.0,1.45,1.75,1.6
2026-12-31,call,3500.0,4197.0,4207.0,4202.0
2026-12-31,put,3500.0,1.6,1.95,1.775
2026-12-31,call,3600.0,4098.4,4108.4,4103.4
2026-12-31,put,3600.0,1.8,2.15,1.975
2026-12-31,call,3700.0,3999.8,4009.8,4004.8
2026-12-31,put,3700.0,2.0,2.35,2.175
2026-12-31,call,3800.0,3901.2,3911.2,3906.2
2026-12-31,put,3800.0,2.2,2.55,2.375
2026-12-31,call,3900.0,3802.7,3812.7,3807.7
2026-12-31,put,3900.0,2.45,2.8,2.625
2026-12-31,call,4000.0,3704.2,3714.2,3709.2
2026-12-31,put,4000.0,2.7,3.1,2.9000000000000004
2026-12-31,call,4100.0,3605.7,3615.7,3610.7
2026-12-31,put,4100.0,3.0,3.4,3.2
2026-12-31,call,4200.0,3507.3,3517.3,3512.3
2026-12-31,put,4200.0,3.3,3.7,3.5
2026-12-31,call,4300.0,3408.8,3418.8,3413.8
2026-12-31,put,4300.0,3.7,4.1,3.9
2026-12-31,call,4400.0,3310.4,3320.4,3315.4
2026-12-31,put,4400.0,4.1,4.5,4.3
2026-12-31,call,4500.0,3212.1,3222.1,3217.1
2026-12-31,put,4500.0,4.5,4.9,4.7
2026-12-31,call,4550.0,3162.9,3172.9,3167.9
2026-12-31,put,4550.0,4.7,5.1,4.9
2026-12-31,call,4600.0,3113.8,3123.8,3118.8
2026-12-31,put,4600.0,5.0,5.4,5.2
2026-12-31,call,4650.0,3064.6,3074.6,3069.6
2026-12-31,put,4650.0,5.2,5.6,5.4
2026-12-31,call,4700.0,3015.5,3025.5,3020.5
2026-12-31,put,4700.0,5.4,5.9,5.65
2026-12-31,call,4750.0,2966.4,2976.4,2971.4
2026-12-31,put,4750.0,5.7,6.2,5.95
2026-12-31,call,4800.0,2917.3,2927.3,2922.3
2026-12-31,put,4800.0,6.0,6.5,6.25
2026-12-31,call,4850.0,2868.2,2878.2,2873.2
2026-12-31,put,4850.0,6.2,6.8,6.5
2026-12-31,call,4900.0,2819.1,2829.1,2824.1
2026-12-31,put,4900.0,6.5,7.1,6.8
2026-12-31,call,4950.0,2770.1,2780.1,2775.1
2026-12-31,put,4950.0,6.9,7.4,7.15
2026-12-31,call,5000.0,2721.0,2731.0,2726.0
2026-12-31,put,5000.0,7.2,7.8,7.5
2026-12-31,call,5050.0,2672.0,2682.0,2677.0
2026-12-31,put,5050.0,7.5,8.1,7.8
2026-12-31,call,5100.0,2622.9,2632.9,2627.9
2026-12-31,put,5100.0,7.9,8.5,8.2
2026-12-31,call,5150.0,2573.9,2583.9,2578.9
2026-12-31,put,5150.0,8.3,8.9,8.600000000000001
2026-12-31,call,5200.0,2524.9,2534.9,2529.9
2026-12-31,put,5200.0,8.7,9.3,9.0
2026-12-31,call,5250.0,2476.0,2486.0,2481.0
2026-12-31,put,5250.0,9.1,9.7,9.399999999999999
2026-12-31,call,5275.0,2451.5,2461.5,2456.5
2026-12-31,put,5275.0,9.3,10.0,9.65
2026-12-31,call,5300.0,2427.0,2437.0,2432.0
2026-12-31,put,5300.0,9.5,10.2,9.85
2026-12-31,call,5325.0,2402.5,2412.5,2407.5
2026-12-31,put,5325.0,9.8,10.4,10.100000000000001
2026-12-31,call,5350.0,2378.1,2388.1,2383.1
2026-12-31,put,5350.0,10.0,10.6,10.3
2026-12-31,call,5375.0,2353.6,2363.6,2358.6
2026-12-31,put,5375.0,10.2,10.9,10.55
2026-12-31,call,5400.0,2329.2,2339.2,2334.2
2026-12-31,put,5400.0,10.5,11.1,10.8
2026-12-31,call,5425.0,2304.7,2314.7,2309.7
2026-12-31,put,5425.0,10.7,11.4,11.05
2026-12-31,call,5450.0,2280.3,2290.3,2285.3
2026-12-31,put,5450.0,11.0,11.6,11.3
2026-12-31,call,5475.0,2255.8,2265.8,2260.8
2026-12-31,put,5475.0,11.2,11.9,11.55
2026-12-31,call,5500.0,2231.4,2241.4,2236.4
2026-12-31,put,5500.0,11.5,12.2,11.85
2026-12-31,call,5525.0,2207.0,2217.0,2212.0
2026-12-31,put,5525.0,11.8,12.5,12.15
2026-12-31,call,5550.0,2182.6,2192.6,2187.6
2026-12-31,put,5550.0,12.0,12.7,12.35
2026-12-31,call,5575.0,2158.2,2168.2,2163.2
2026-12-31,put,5575.0,12.3,13.0,12.65
2026-12-31,call,5600.0,2133.8,2143.8,2138.8
2026-12-31,put,5600.0,12.6,13.3,12.95
2026-12-31,call,5625.0,2109.4,2119.4,2114.4
2026-12-31,put,5625.0,12.9,13.6,13.25
2026-12-31,call,5650.0,2085.0,2095.0,2090.0
2026-12-31,put,5650.0,13.2,14.0,13.6
2026-12-31,call,5675.0,2060.6,2070.6,2065.6
2026-12-31,put,5675.0,13.6,14.3,13.95
2026-12-31,call,5700.0,2036.3,2046.3,2041.3
2026-12-31,put,5700.0,13.9,14.6,14.25
2026-12-31,call,5710.0,2026.5,2036.5,2031.5
2026-12-31,put,5710.0,14.0,14.8,14.4
2026-12-31,call,5720.0,2016.8,2026.8,2021.8
2026-12-31,put,5720.0,14.2,14.9,14.55
2026-12-31,call,5725.0,2011.9,2021.9,2016.9
2026-12-31,put,5725.0,14.2,15.0,14.6
2026-12-31,call,5730.0,2007.0,2017.0,2012.0
2026-12-31,put,5730.0,14.3,15.0,14.65
2026-12-31,call,5740.0,1997.3,2007.3,2002.3
2026-12-31,put,5740.0,14.4,15.2,14.8
2026-12-31,call,5750.0,1987.5,1997.5,1992.5
2026-12-31,put,5750.0,14.6,15.3,14.95
2026-12-31,call,5760.0,1977.8,1987.8,1982.8
2026-12-31,put,5760.0,14.7,15.5,15.1
2026-12-31,call,5770.0,1968.1,1978.1,1973.1
2026-12-31,put,5770.0,14.8,15.6,15.2
2026-12-31,call,5775.0,1963.2,1973.2,1968.2
2026-12-31,put,5775.0,14.9,15.7,15.3
2026-12-31,call,5780.0,1958.3,1968.3,1963.3
2026-12-31,put,5780.0,15.0,15.7,15.35
2026-12-31,call,5790.0,1948.6,1958.6,1953.6
2026-12-31,put,5790.0,15.1,15.9,15.5
2026-12-31,call,5800.0,1938.9,1948.9,1943.9
2026-12-31,put,5800.0,15.3,16.0,15.65
2026-12-31,call,5810.0,1929.2,1939.2,1934.2
2026-12-31,put,5810.0,15.4,16.2,15.8
2026-12-31,call,5820.0,1919.4,1929.4,1924.4
2026-12-31,put,5820.0,15.6,16.3,15.95
2026-12-31,call,5825.0,1914.6,1924.6,1919.6
2026-12-31,put,5825.0,15.7,16.4,16.049999999999997
2026-12-31,call,5830.0,1909.7,1919.7,1914.7
2026-12-31,put,5830.0,15.7,16.5,16.1
2026-12-31,call,5840.0,1900.0,1910.0,1905.0
2026-12-31,put,5840.0,15.9,16.7,16.3
2026-12-31,call,5850.0,1890.3,1900.3,1895.3
2026-12-31,put,5850.0,16.0,16.8,16.4
2026-12-31,call,5860.0,1880.5,1890.5,1885.5
2026-12-31,put,5860.0,16.2,17.0,16.6
2026-12-31,call,5870.0,1870.8,1880.8,1875.8
2026-12-31,put,5870.0,16.4,17.1,16.75
2026-12-31,call,5875.0,1866.0,1876.0,1871.0
2026-12-31,put,5875.0,16.4,17.2,16.799999999999997
2026-12-31,call,5880.0,1861.1,1871.1,1866.1
2026-12-31,put,5880.0,16.5,17.3,16.9
2026-12-31,call,5890.0,1851.4,1861.4,1856.4
2026-12-31,put,5890.0,16.7,17.5,17.1
2026-12-31,call,5900.0,1841.7,1851.7,1846.7
2026-12-31,put,5900.0,16.9,17.6,17.25
2026-12-31,call,5905.0,1836.8,1846.8,1841.8
2026-12-31,put,5905.0,16.9,17.7,17.299999999999997
2026-12-31,call,5910.0,1832.0,1842.0,1837.0
2026-12-31,put,5910.0,17.0,17.8,17.4
2026-12-31,call,5915.0,1827.1,1837.1,1832.1
2026-12-31,put,5915.0,17.1,17.9,17.5
2026-12-31,call,5920.0,1822.3,1832.3,1827.3
2026-12-31,put,5920.0,17.2,18.0,17.6
2026-12-31,call,5925.0,1817.4,1827.4,1822.4
2026-12-31,put,5925.0,17.3,18.1,17.700000000000003
2026-12-31,call,5930.0,1812.6,1822.6,1817.6
2026-12-31,put,5930.0,17.4,18.2,17.799999999999997
2026-12-31,call,5935.0,1807.7,1817.7,1812.7
2026-12-31,put,5935.0,17.5,18.2,17.85
2026-12-31,call,5940.0,1802.9,1812.9,1807.9
2026-12-31,put,5940.0,17.5,18.3,17.9
2026-12-31,call,5945.0,1798.0,1808.0,1803.0
2026-12-31,put,5945.0,17.6,18.4,18.0
2026-12-31,call,5950.0,1793.2,1803.2,1798.2
2026-12-31,put,5950.0,17.7,18.5,18.1
2026-12-31,call,5955.0,1788.3,1798.3,1793.3
2026-12-31,put,5955.0,17.8,18.6,18.200000000000003
2026-12-31,call,5960.0,1783.5,1793.5,1788.5
2026-12-31,put,5960.0,17.9,18.7,18.299999999999997
2026-12-31,call,5965.0,1778.6,1788.6,1783.6
2026-12-31,put,5965.0,18.0,18.8,18.4
2026-12-31,call,5970.0,1773.8,1783.8,1778.8
2026-12-31,put,5970.0,18.1,18.9,18.5
2026-12-31,call,5975.0,1768.9,1778.9,1773.9
2026-12-31,put,5975.0,18.2,19.0,18.6
2026-12-31,call,5980.0,1764.1,1774.1,1769.1
2026-12-31,put,5980.0,18.3,19.1,18.700000000000003
2026-12-31,call,5985.0,1759.2,1769.2,1764.2
2026-12-31,put,5985.0,18.4,19.2,18.799999999999997
2026-12-31,call,5990.0,1754.4,1764.4,1759.4
2026-12-31,put,5990.0,18.4,19.3,18.85
2026-12-31,call,5995.0,1749.5,1759.5,1754.5
2026-12-31,put,5995.0,18.5,19.3,18.9
2026-12-31,call,6000.0,1744.7,1754.7,1749.7
2026-12-31,put,6000.0,18.6,19.4,19.0
2026-12-31,call,6005.0,1739.8,1749.8,1744.8
2026-12-31,put,6005.0,18.7,19.5,19.1
2026-12-31,call,6010.0,1735.0,1745.0,1740.0
2026-12-31,put,6010.0,18.8,19.6,19.200000000000003
2026-12-31,call,6015.0,1730.2,1740.2,1735.2
2026-12-31,put,6015.0,18.9,19.7,19.299999999999997
2026-12-31,call,6020.0,1725.3,1735.3,1730.3
2026-12-31,put,6020.0,19.0,19.8,19.4
2026-12-31,call,6025.0,1720.5,1730.5,1725.5
2026-12-31,put,6025.0,19.1,19.9,19.5
2026-12-31,call,6030.0,1715.6,1725.6,1720.6
2026-12-31,put,6030.0,19.2,20.0,19.6
2026-12-31,call,6035.0,1710.8,1720.8,1715.8
2026-12-31,put,6035.0,19.3,20.1,19.700000000000003
2026-12-31,call,6040.0,1706.0,1716.0,1711.0
2026-12-31,put,6040.0,19.4,20.2,19.799999999999997
2026-12-31,call,6045.0,1701.1,1711.1,1706.1
2026-12-31,put,6045.0,19.5,20.3,19.9
2026-12-31,call,6050.0,1696.3,1706.3,1701.3
2026-12-31,put,6050.0,19.6,20.4,20.0
2026-12-31,call,6055.0,1691.4,1701.4,1696.4
2026-12-31,put,6055.0,19.7,20.5,20.1
2026-12-31,call,6060.0,1686.6,1696.6,1691.6
2026-12-31,put,6060.0,19.8,20.6,20.200000000000003
2026-12-31,call,6065.0,1681.8,1691.8,1686.8
2026-12-31,put,6065.0,19.9,20.7,20.299999999999997
2026-12-31,call,6070.0,1676.9,1686.9,1681.9
2026-12-31,put,6070.0,20.0,20.8,20.4
2026-12-31,call,6075.0,1672.1,1682.1,1677.1
2026-12-31,put,6075.0,20.1,20.9,20.5
2026-12-31,call,6080.0,1667.3,1677.3,1672.3
2026-12-31,put,6080.0,20.2,21.1,20.65
2026-12-31,call,6085.0,1662.4,1672.4,1667.4
2026-12-31,put,6085.0,20.3,21.2,20.75
2026-12-31,call,6090.0,1657.6,1667.6,1662.6
2026-12-31,put,6090.0,20.4,21.3,20.85
2026-12-31,call,6095.0,1652.8,1662.8,1657.8
2026-12-31,put,6095.0,20.5,21.4,20.95
2026-12-31,call,6100.0,1647.9,1657.9,1652.9
2026-12-31,put,6100.0,20.7,21.5,21.1
2026-12-31,call,6105.0,1643.1,1653.1,1648.1
2026-12-31,put,6105.0,20.8,21.6,21.200000000000003
2026-12-31,call,6110.0,1638.3,1648.3,1643.3
2026-12-31,put,6110.0,20.9,21.7,21.299999999999997
2026-12-31,call,6115.0,1633.4,1643.4,1638.4
2026-12-31,put,6115.0,21.0,21.8,21.4
2026-12-31,call,6120.0,1628.6,1638.6,1633.6
2026-12-31,put,6120.0,21.1,21.9,21.5
2026-12-31,call,6125.0,1623.8,1633.8,1628.8
2026-12-31,put,6125.0,21.2,22.0,21.6
2026-12-31,call,6130.0,1619.0,1629.0,1624.0
2026-12-31,put,6130.0,21.3,22.2,21.75
2026-12-31,call,6135.0,1614.1,1624.1,1619.1
2026-12-31,put,6135.0,21.4,22.3,21.85
2026-12-31,call,6140.0,1609.3,1619.3,1614.3
2026-12-31,put,6140.0,21.5,22.4,21.95
2026-12-31,call,6145.0,1604.5,1614.5,1609.5
2026-12-31,put,6145.0,21.7,22.5,22.1
2026-12-31,call,6150.0,1599.7,1609.7,1604.7
2026-12-31,put,6150.0,21.8,22.6,22.200000000000003
2026-12-31,call,6155.0,1594.8,1604.8,1599.8
2026-12-31,put,6155.0,21.9,22.7,22.299999999999997
2026-12-31,call,6160.0,1590.0,1600.0,1595.0
2026-12-31,put,6160.0,22.0,22.8,22.4
2026-12-31,call,6165.0,1585.2,1595.2,1590.2
2026-12-31,put,6165.0,22.1,23.0,22.55
2026-12-31,call,6170.0,1580.4,1590.4,1585.4
2026-12-31,put,6170.0,22.2,23.1,22.65
2026-12-31,call,6175.0,1575.5,1585.5,1580.5
2026-12-31,put,6175.0,22.4,23.2,22.799999999999997
2026-12-31,call,6180.0,1570.7,1580.7,1575.7
2026-12-31,put,6180.0,22.5,23.3,22.9
2026-12-31,call,6185.0,1565.9,1575.9,1570.9
2026-12-31,put,6185.0,22.6,23.4,23.0
2026-12-31,call,6190.0,1561.1,1571.1,1566.1
2026-12-31,put,6190.0,22.7,23.6,23.15
2026-12-31,call,6195.0,1556.3,1566.3,1561.3
2026-12-31,put,6195.0,22.8,23.7,23.25
2026-12-31,call,6200.0,1551.5,1561.5,1556.5
2026-12-31,put,6200.0,23.0,23.8,23.4
2026-12-31,call,6205.0,1546.6,1556.6,1551.6
2026-12-31,put,6205.0,23.1,23.9,23.5
2026-12-31,call,6210.0,1541.8,1551.8,1546.8
2026-12-31,put,6210.0,23.2,24.1,23.65
2026-12-31,call,6215.0,1537.0,1547.0,1542.0
2026-12-31,put,6215.0,23.3,24.2,23.75
2026-12-31,call,6220.0,1532.2,1542.2,1537.2
2026-12-31,put,6220.0,23.5,24.3,23.9
2026-12-31,call,6225.0,1527.4,1537.4,1532.4
2026-12-31,put,6225.0,23.6,24.5,24.05
2026-12-31,call,6230.0,1522.6,1532.6,1527.6
2026-12-31,put,6230.0,23.7,24.6,24.15
2026-12-31,call,6235.0,1517.8,1527.8,1522.8
2026-12-31,put,6235.0,23.8,24.7,24.25
2026-12-31,call,6240.0,1513.0,1523.0,1518.0
2026-12-31,put,6240.0,24.0,24.8,24.4
2026-12-31,call,6245.0,1508.2,1518.2,1513.2
2026-12-31,put,6245.0,24.1,25.0,24.55
2026-12-31,call,6250.0,1503.4,1513.4,1508.4
2026-12-31,put,6250.0,24.2,25.1,24.65
2026-12-31,call,6255.0,1498.5,1508.5,1503.5
2026-12-31,put,6255.0,24.4,25.2,24.799999999999997
2026-12-31,call,6260.0,1493.7,1503.7,1498.7
2026-12-31,put,6260.0,24.5,25.4,24.95
2026-12-31,call,6265.0,1488.9,1498.9,1493.9
2026-12-31,put,6265.0,24.6,25.5,25.05
2026-12-31,call,6270.0,1484.1,1494.1,1489.1
2026-12-31,put,6270.0,24.8,25.7,25.25
2026-12-31,call,6275.0,1479.3,1489.3,1484.3
2026-12-31,put,6275.0,24.9,25.8,25.35
2026-12-31,call,6280.0,1474.5,1484.5,1479.5
2026-12-31,put,6280.0,25.1,25.9,25.5
2026-12-31,call,6285.0,1469.7,1479.7,1474.7
2026-12-31,put,6285.0,25.2,26.1,25.65
2026-12-31,call,6290.0,1464.9,1474.9,1469.9
2026-12-31,put,6290.0,25.3,26.2,25.75
2026-12-31,call,6295.0,1460.1,1470.1,1465.1
2026-12-31,put,6295.0,25.5,26.4,25.95
2026-12-31,call,6300.0,1455.3,1465.3,1460.3
2026-12-31,put,6300.0,25.6,26.5,26.05
2026-12-31,call,6305.0,1450.5,1460.5,1455.5
2026-12-31,put,6305.0,25.8,26.6,26.200000000000003
2026-12-31,call,6310.0,1445.7,1455.7,1450.7
2026-12-31,put,6310.0,25.9,26.8,26.35
2026-12-31,call,6315.0,1441.0,1451.0,1446.0
2026-12-31,put,6315.0,26.1,26.9,26.5
2026-12-31,call,6320.0,1436.2,1446.2,1441.2
2026-12-31,put,6320.0,26.2,27.1,26.65
2026-12-31,call,6325.0,1431.4,1441.4,1436.4
2026-12-31,put,6325.0,26.3,27.2,26.75
2026-12-31,call,6330.0,1426.6,1436.6,1431.6
2026-12-31,put,6330.0,26.5,27.4,26.95
2026-12-31,call,6335.0,1421.8,1431.8,1426.8
2026-12-31,put,6335.0,26.6,27.5,27.05
2026-12-31,call,6340.0,1417.0,1427.0,1422.0
2026-12-31,put,6340.0,26.8,27.7,27.25
2026-12-31,call,6345.0,1412.2,1422.2,1417.2
2026-12-31,put,6345.0,26.9,27.8,27.35
2026-12-31,call,6350.0,1407.4,1417.4,1412.4
2026-12-31,put,6350.0,27.1,28.0,27.55
2026-12-31,call,6355.0,1402.6,1412.6,1407.6
2026-12-31,put,6355.0,27.3,28.1,27.700000000000003
2026-12-31,call,6360.0,1397.9,1407.9,1402.9
2026-12-31,put,6360.0,27.4,28.3,27.85
2026-12-31,call,6365.0,1393.1,1403.1,1398.1
2026-12-31,put,6365.0,27.6,28.5,28.05
2026-12-31,call,6370.0,1388.3,1398.3,1393.3
2026-12-31,put,6370.0,27.7,28.6,28.15
2026-12-31,call,6375.0,1383.5,1393.5,1388.5
2026-12-31,put,6375.0,27.9,28.8,28.35
2026-12-31,call,6380.0,1378.7,1388.7,1383.7
2026-12-31,put,6380.0,28.0,28.9,28.45
2026-12-31,call,6385.0,1374.0,1384.0,1379.0
2026-12-31,put,6385.0,28.2,29.1,28.65
2026-12-31,call,6390.0,1369.2,1379.2,1374.2
2026-12-31,put,6390.0,28.4,29.3,28.85
2026-12-31,call,6395.0,1364.4,1374.4,1369.4
2026-12-31,put,6395.0,28.5,29.4,28.95
2026-12-31,call,6400.0,1359.6,1369.6,1364.6
2026-12-31,put,6400.0,28.7,29.6,29.15
2026-12-31,call,6405.0,1354.9,1364.9,1359.9
2026-12-31,put,6405.0,28.9,29.8,29.35
2026-12-31,call,6410.0,1350.1,1360.1,1355.1
2026-12-31,put,6410.0,29.0,29.9,29.45
2026-12-31,call,6415.0,1345.3,1355.3,1350.3
2026-12-31,put,6415.0,29.2,30.1,29.65
2026-12-31,call,6420.0,1340.6,1350.6,1345.6
2026-12-31,put,6420.0,29.4,30.3,29.85
2026-12-31,call,6425.0,1335.8,1345.8,1340.8
2026-12-31,put,6425.0,29.5,30.5,30.0
2026-12-31,call,6430.0,1331.0,1341.0,1336.0
2026-12-31,put,6430.0,29.7,30.6,30.15
2026-12-31,call,6435.0,1326.3,1336.3,1331.3
2026-12-31,put,6435.0,29.9,30.8,30.35
2026-12-31,call,6440.0,1321.5,1331.5,1326.5
2026-12-31,put,6440.0,30.1,31.0,30.55
2026-12-31,call,6445.0,1316.7,1326.7,1321.7
2026-12-31,put,6445.0,30.2,31.2,30.7
2026-12-31,call,6450.0,1312.0,1322.0,1317.0
2026-12-31,put,6450.0,30.4,31.3,30.85
2026-12-31,call,6455.0,1307.2,1317.2,1312.2
2026-12-31,put,6455.0,30.6,31.5,31.05
2026-12-31,call,6460.0,1302.4,1312.4,1307.4
2026-12-31,put,6460.0,30.8,31.7,31.25
2026-12-31,call,6465.0,1297.7,1307.7,1302.7
2026-12-31,put,6465.0,31.0,31.9,31.45
2026-12-31,call,6470.0,1292.9,1302.9,1297.9
2026-12-31,put,6470.0,31.1,32.1,31.6
2026-12-31,call,6475.0,1288.2,1298.2,1293.2
2026-12-31,put,6475.0,31.3,32.3,31.799999999999997
2026-12-31,call,6480.0,1283.4,1293.4,1288.4
2026-12-31,put,6480.0,31.5,32.4,31.95
2026-12-31,call,6485.0,1278.7,1288.7,1283.7
2026-12-31,put,6485.0,31.7,32.6,32.15
2026-12-31,call,6490.0,1273.9,1283.9,1278.9
2026-12-31,put,6490.0,31.9,32.8,32.349999999999994
2026-12-31,call,6495.0,1269.2,1279.2,1274.2
2026-12-31,put,6495.0,32.1,33.0,32.55
2026-12-31,call,6500.0,1264.4,1274.4,1269.4
2026-12-31,put,6500.0,32.3,33.2,32.75
2026-12-31,call,6505.0,1259.7,1269.7,1264.7
2026-12-31,put,6505.0,32.5,33.4,32.95
2026-12-31,call,6510.0,1254.9,1264.9,1259.9
2026-12-31,put,6510.0,32.7,33.6,33.150000000000006
2026-12-31,call,6515.0,1250.2,1260.2,1255.2
2026-12-31,put,6515.0,32.9,33.7,33.3
2026-12-31,call,6520.0,1245.5,1255.5,1250.5
2026-12-31,put,6520.0,33.1,33.9,33.5
2026-12-31,call,6525.0,1240.7,1250.7,1245.7
2026-12-31,put,6525.0,33.3,34.2,33.75
2026-12-31,call,6530.0,1236.0,1246.0,1241.0
2026-12-31,put,6530.0,33.5,34.3,33.9
2026-12-31,call,6535.0,1231.2,1241.2,1236.2
2026-12-31,put,6535.0,33.7,34.6,34.150000000000006
2026-12-31,call,6540.0,1226.5,1236.5,1231.5
2026-12-31,put,6540.0,33.9,34.7,34.3
2026-12-31,call,6545.0,1221.8,1231.8,1226.8
2026-12-31,put,6545.0,34.1,35.0,34.55
2026-12-31,call,6550.0,1217.0,1227.0,1222.0
2026-12-31,put,6550.0,34.3,35.2,34.75
2026-12-31,call,6555.0,1212.3,1222.3,1217.3
2026-12-31,put,6555.0,34.5,35.4,34.95
2026-12-31,call,6560.0,1207.6,1217.6,1212.6
2026-12-31,put,6560.0,34.7,35.7,35.2
2026-12-31,call,6565.0,1202.9,1212.9,1207.9
2026-12-31,put,6565.0,34.9,35.9,35.4
2026-12-31,call,6570.0,1198.1,1208.1,1203.1
2026-12-31,put,6570.0,35.1,36.1,35.6
2026-12-31,call,6575.0,1193.4,1203.4,1198.4
2026-12-31,put,6575.0,35.3,36.3,35.8
2026-12-31,call,6580.0,1188.7,1198.7,1193.7
2026-12-31,put,6580.0,35.6,36.5,36.05
2026-12-31,call,6585.0,1184.0,1194.0,1189.0
2026-12-31,put,6585.0,35.8,36.8,36.3
2026-12-31,call,6590.0,1179.3,1189.3,1184.3
2026-12-31,put,6590.0,36.0,36.8,36.4
2026-12-31,call,6595.0,1174.5,1184.5,1179.5
2026-12-31,put,6595.0,36.2,37.2,36.7
2026-12-31,call,6600.0,1169.8,1179.8,1174.8
2026-12-31,put,6600.0,36.5,37.3,36.9
2026-12-31,call,6605.0,1165.1,1175.1,1170.1
2026-12-31,put,6605.0,36.7,37.5,37.1
2026-12-31,call,6610.0,1160.4,1170.4,1165.4
2026-12-31,put,6610.0,36.9,37.7,37.3
2026-12-31,call,6615.0,1155.7,1165.7,1160.7
2026-12-31,put,6615.0,37.1,38.1,37.6
2026-12-31,call,6620.0,1151.0,1161.0,1156.0
2026-12-31,put,6620.0,37.4,38.4,37.9
2026-12-31,call,6625.0,1146.3,1156.3,1151.3
2026-12-31,put,6625.0,37.6,38.4,38.0
2026-12-31,call,6630.0,1141.6,1151.6,1146.6
2026-12-31,put,6630.0,37.9,38.8,38.349999999999994
2026-12-31,call,6635.0,1136.9,1146.9,1141.9
2026-12-31,put,6635.0,38.1,39.1,38.6
2026-12-31,call,6640.0,1132.2,1142.2,1137.2
2026-12-31,put,6640.0,38.3,39.3,38.8
2026-12-31,call,6645.0,1127.5,1137.5,1132.5
2026-12-31,put,6645.0,38.6,39.6,39.1
2026-12-31,call,6650.0,1122.8,1132.8,1127.8
2026-12-31,put,6650.0,38.8,39.8,39.3
2026-12-31,call,6655.0,1118.1,1128.1,1123.1
2026-12-31,put,6655.0,39.0,40.0,39.5
2026-12-31,call,6660.0,1113.4,1123.4,1118.4
2026-12-31,put,6660.0,39.3,40.3,39.8
2026-12-31,call,6665.0,1108.7,1118.7,1113.7
2026-12-31,put,6665.0,39.5,40.5,40.0
2026-12-31,call,6670.0,1104.0,1114.0,1109.0
2026-12-31,put,6670.0,39.8,40.7,40.25
2026-12-31,call,6675.0,1099.4,1109.4,1104.4
2026-12-31,put,6675.0,40.1,41.0,40.55
2026-12-31,call,6680.0,1096.0,1104.1,1100.05
2026-12-31,put,6680.0,40.3,41.3,40.8
2026-12-31,call,6685.0,1091.6,1099.4,1095.5
2026-12-31,put,6685.0,40.5,41.5,41.0
2026-12-31,call,6690.0,1086.6,1094.8,1090.6999999999998
2026-12-31,put,6690.0,40.8,41.8,41.3
2026-12-31,call,6695.0,1082.2,1090.2,1086.2
2026-12-31,put,6695.0,41.0,42.0,41.5
2026-12-31,call,6700.0,1077.6,1085.4,1081.5
2026-12-31,put,6700.0,41.4,42.3,41.849999999999994
2026-12-31,call,6705.0,1072.9,1080.8,1076.85
2026-12-31,put,6705.0,41.6,42.6,42.1
2026-12-31,call,6710.0,1068.2,1076.1,1072.15
2026-12-31,put,6710.0,41.8,42.8,42.3
2026-12-31,call,6715.0,1063.6,1071.4,1067.5
2026-12-31,put,6715.0,42.1,43.1,42.6
2026-12-31,call,6720.0,1058.9,1066.8,1062.85
2026-12-31,put,6720.0,42.4,43.4,42.9
2026-12-31,call,6725.0,1054.2,1062.0,1058.1
2026-12-31,put,6725.0,42.7,43.7,43.2
2026-12-31,call,6730.0,1049.7,1057.5,1053.6
2026-12-31,put,6730.0,42.9,43.9,43.4
2026-12-31,call,6735.0,1044.9,1052.8,1048.85
2026-12-31,put,6735.0,43.2,44.2,43.7
2026-12-31,call,6740.0,1040.3,1048.0,1044.15
2026-12-31,put,6740.0,43.6,44.5,44.05
2026-12-31,call,6745.0,1035.6,1043.5,1039.55
2026-12-31,put,6745.0,43.9,44.8,44.349999999999994
2026-12-31,call,6750.0,1030.7,1038.7,1034.7
2026-12-31,put,6750.0,44.2,45.1,44.650000000000006
2026-12-31,call,6755.0,1026.3,1034.2,1030.25
2026-12-31,put,6755.0,44.4,45.4,44.9
2026-12-31,call,6760.0,1021.4,1029.4,1025.4
2026-12-31,put,6760.0,44.7,45.6,45.150000000000006
2026-12-31,call,6765.0,1017.1,1024.9,1021.0
2026-12-31,put,6765.0,44.9,45.9,45.4
2026-12-31,call,6770.0,1012.4,1020.1,1016.25
2026-12-31,put,6770.0,45.2,46.2,45.7
2026-12-31,call,6775.0,1007.5,1015.6,1011.55
2026-12-31,put,6775.0,45.5,46.5,46.0
2026-12-31,call,6780.0,1003.1,1011.0,1007.05
2026-12-31,put,6780.0,45.8,46.8,46.3
2026-12-31,call,6785.0,998.5,1005.7,1002.1
2026-12-31,put,6785.0,46.1,47.1,46.6
2026-12-31,call,6790.0,993.6,1001.6,997.6
2026-12-31,put,6790.0,46.5,47.4,46.95
2026-12-31,call,6795.0,989.3,997.1,993.2
2026-12-31,put,6795.0,46.9,47.8,47.349999999999994
2026-12-31,call,6800.0,984.6,992.4,988.5
2026-12-31,put,6800.0,47.2,48.1,47.650000000000006
2026-12-31,call,6805.0,980.0,987.7,983.85
2026-12-31,put,6805.0,47.5,48.4,47.95
2026-12-31,call,6810.0,975.1,983.1,979.1
2026-12-31,put,6810.0,47.8,48.8,48.3
2026-12-31,call,6815.0,970.7,978.4,974.55
2026-12-31,put,6815.0,48.0,49.0,48.5
2026-12-31,call,6820.0,966.2,973.9,970.05
2026-12-31,put,6820.0,48.4,49.4,48.9
2026-12-31,call,6825.0,961.6,969.3,965.45
2026-12-31,put,6825.0,48.8,49.7,49.25
2026-12-31,call,6830.0,957.0,964.7,960.85
2026-12-31,put,6830.0,49.1,50.0,49.55
2026-12-31,call,6835.0,952.4,959.9,956.15
2026-12-31,put,6835.0,49.4,50.3,49.849999999999994
2026-12-31,call,6840.0,947.8,955.3,951.55
2026-12-31,put,6840.0,49.7,50.7,50.2
2026-12-31,call,6845.0,943.2,950.7,946.95
2026-12-31,put,6845.0,50.0,51.0,50.5
2026-12-31,call,6850.0,938.6,945.6,942.1
2026-12-31,put,6850.0,50.2,51.3,50.75
2026-12-31,call,6855.0,934.0,941.6,937.8
2026-12-31,put,6855.0,50.6,51.7,51.150000000000006
2026-12-31,call,6860.0,929.4,937.1,933.25
2026-12-31,put,6860.0,50.9,52.0,51.45
2026-12-31,call,6865.0,924.7,932.4,928.55
2026-12-31,put,6865.0,51.2,52.3,51.75
2026-12-31,call,6870.0,920.3,927.8,924.05
2026-12-31,put,6870.0,51.6,52.7,52.150000000000006
2026-12-31,call,6875.0,915.6,923.2,919.4000000000001
2026-12-31,put,6875.0,51.9,53.0,52.45
2026-12-31,call,6880.0,911.1,918.6,914.85
2026-12-31,put,6880.0,52.3,53.5,52.9
2026-12-31,call,6885.0,906.5,914.0,910.25
2026-12-31,put,6885.0,52.7,53.8,53.25
2026-12-31,call,6890.0,901.8,909.4,905.5999999999999
2026-12-31,put,6890.0,53.0,54.1,53.55
2026-12-31,call,6895.0,897.4,905.0,901.2
2026-12-31,put,6895.0,53.4,54.5,53.95
2026-12-31,call,6900.0,892.8,900.3,896.55
2026-12-31,put,6900.0,53.8,54.9,54.349999999999994
2026-12-31,call,6905.0,888.2,895.8,892.0
2026-12-31,put,6905.0,54.1,55.2,54.650000000000006
2026-12-31,call,6910.0,883.7,891.2,887.45
2026-12-31,put,6910.0,54.5,55.7,55.1
2026-12-31,call,6915.0,879.1,886.6,882.85
2026-12-31,put,6915.0,54.9,56.0,55.45
2026-12-31,call,6920.0,874.6,882.1,878.35
2026-12-31,put,6920.0,55.3,56.4,55.849999999999994
2026-12-31,call,6925.0,870.0,877.5,873.75
2026-12-31,put,6925.0,55.7,56.8,56.25
2026-12-31,call,6930.0,865.5,873.0,869.25
2026-12-31,put,6930.0,56.0,57.2,56.6
2026-12-31,call,6935.0,860.9,868.3,864.5999999999999
2026-12-31,put,6935.0,56.4,57.5,56.95
2026-12-31,call,6940.0,856.4,863.9,860.15
2026-12-31,put,6940.0,56.8,57.9,57.349999999999994
2026-12-31,call,6945.0,851.8,859.3,855.55
2026-12-31,put,6945.0,57.2,58.3,57.75
2026-12-31,call,6950.0,847.3,854.8,851.05
2026-12-31,put,6950.0,57.7,58.7,58.2
2026-12-31,call,6955.0,842.8,850.2,846.5
2026-12-31,put,6955.0,58.0,59.3,58.65
2026-12-31,call,6960.0,838.2,845.7,841.95
2026-12-31,put,6960.0,58.4,59.6,59.0
2026-12-31,call,6965.0,833.8,841.1,837.45
2026-12-31,put,6965.0,58.9,60.0,59.45
2026-12-31,call,6970.0,829.2,836.6,832.9000000000001
2026-12-31,put,6970.0,59.3,60.4,59.849999999999994
2026-12-31,call,6975.0,824.7,832.1,828.4000000000001
2026-12-31,put,6975.0,59.7,60.8,60.25
2026-12-31,call,6980.0,820.2,827.6,823.9000000000001
2026-12-31,put,6980.0,60.1,61.2,60.650000000000006
2026-12-31,call,6985.0,815.7,823.1,819.4000000000001
2026-12-31,put,6985.0,60.6,61.7,61.150000000000006
2026-12-31,call,6990.0,811.2,818.6,814.9000000000001
2026-12-31,put,6990.0,61.0,62.1,61.55
2026-12-31,call,6995.0,806.4,814.1,810.25
2026-12-31,put,6995.0,61.4,62.7,62.05
2026-12-31,call,7000.0,802.2,809.6,805.9000000000001
2026-12-31,put,7000.0,61.9,63.0,62.45
2026-12-31,call,7005.0,797.7,805.1,801.4000000000001
2026-12-31,put,7005.0,62.3,63.4,62.849999999999994
2026-12-31,call,7010.0,793.3,800.6,796.95
2026-12-31,put,7010.0,62.8,63.9,63.349999999999994
2026-12-31,call,7015.0,788.7,796.1,792.4000000000001
2026-12-31,put,7015.0,63.2,64.3,63.75
2026-12-31,call,7020.0,784.3,791.6,787.95
2026-12-31,put,7020.0,63.7,64.8,64.25
2026-12-31,call,7025.0,779.8,787.1,783.45
2026-12-31,put,7025.0,64.2,65.4,64.80000000000001
2026-12-31,call,7030.0,775.2,782.6,778.9000000000001
2026-12-31,put,7030.0,64.6,65.7,65.15
2026-12-31,call,7035.0,770.8,778.1,774.45
2026-12-31,put,7035.0,65.1,66.2,65.65
2026-12-31,call,7040.0,766.4,773.7,770.05
2026-12-31,put,7040.0,65.6,66.9,66.25
2026-12-31,call,7045.0,761.9,769.2,765.55
2026-12-31,put,7045.0,66.0,67.3,66.65
2026-12-31,call,7050.0,757.4,764.7,761.05
2026-12-31,put,7050.0,66.5,67.6,67.05
2026-12-31,call,7055.0,753.0,760.3,756.65
2026-12-31,put,7055.0,66.9,68.1,67.5
2026-12-31,call,7060.0,748.5,755.8,752.15
2026-12-31,put,7060.0,67.5,68.6,68.05
2026-12-31,call,7065.0,744.1,751.3,747.7
2026-12-31,put,7065.0,68.0,69.3,68.65
2026-12-31,call,7070.0,739.8,747.0,743.4
2026-12-31,put,7070.0,68.5,69.7,69.1
2026-12-31,call,7075.0,735.3,742.5,738.9
2026-12-31,put,7075.0,69.0,70.1,69.55
2026-12-31,call,7080.0,730.8,738.0,734.4
2026-12-31,put,7080.0,69.5,70.6,70.05
2026-12-31,call,7085.0,726.5,733.7,730.1
2026-12-31,put,7085.0,70.0,71.1,70.55
2026-12-31,call,7090.0,722.0,729.2,725.6
2026-12-31,put,7090.0,70.5,71.8,71.15
2026-12-31,call,7095.0,717.6,724.7,721.1500000000001
2026-12-31,put,7095.0,71.0,72.3,71.65
2026-12-31,call,7100.0,713.1,720.4,716.75
2026-12-31,put,7100.0,71.7,72.5,72.1
2026-12-31,call,7105.0,708.7,716.0,712.35
2026-12-31,put,7105.0,72.1,73.2,72.65
2026-12-31,call,7110.0,704.5,711.6,708.05
2026-12-31,put,7110.0,72.6,74.0,73.3
2026-12-31,call,7115.0,700.1,707.2,703.6500000000001
2026-12-31,put,7115.0,73.2,74.5,73.85
2026-12-31,call,7120.0,695.6,702.8,699.2
2026-12-31,put,7120.0,73.7,75.1,74.4
2026-12-31,call,7125.0,691.2,698.4,694.8
2026-12-31,put,7125.0,74.3,75.6,74.94999999999999
2026-12-31,call,7130.0,686.9,694.0,690.45
2026-12-31,put,7130.0,74.8,76.1,75.44999999999999
2026-12-31,call,7135.0,682.5,689.6,686.05
2026-12-31,put,7135.0,75.3,76.7,76.0
2026-12-31,call,7140.0,678.0,685.2,681.6
2026-12-31,put,7140.0,75.9,77.3,76.6
2026-12-31,call,7145.0,673.7,680.9,677.3
2026-12-31,put,7145.0,76.5,77.8,77.15
2026-12-31,call,7150.0,669.4,676.5,672.95
2026-12-31,put,7150.0,77.1,78.5,77.8
2026-12-31,call,7155.0,664.9,672.1,668.5
2026-12-31,put,7155.0,77.7,79.0,78.35
2026-12-31,call,7160.0,660.8,667.8,664.3
2026-12-31,put,7160.0,78.3,79.6,78.94999999999999
2026-12-31,call,7165.0,656.3,663.4,659.8499999999999
2026-12-31,put,7165.0,78.9,80.2,79.55000000000001
2026-12-31,call,7170.0,652.0,659.1,655.55
2026-12-31,put,7170.0,79.4,80.8,80.1
2026-12-31,call,7175.0,647.7,654.7,651.2
2026-12-31,put,7175.0,80.1,81.4,80.75
2026-12-31,call,7180.0,643.3,650.4,646.8499999999999
2026-12-31,put,7180.0,80.7,82.1,81.4
2026-12-31,call,7185.0,639.0,646.0,642.5
2026-12-31,put,7185.0,81.3,82.7,82.0
2026-12-31,call,7190.0,634.7,641.8,638.25
2026-12-31,put,7190.0,81.9,83.2,82.55000000000001
2026-12-31,call,7195.0,630.4,637.4,633.9
2026-12-31,put,7195.0,82.5,83.9,83.2
2026-12-31,call,7200.0,626.1,633.1,629.6
2026-12-31,put,7200.0,83.2,84.6,83.9
2026-12-31,call,7205.0,621.8,628.8,625.3
2026-12-31,put,7205.0,83.8,85.1,84.44999999999999
2026-12-31,call,7210.0,617.5,624.5,621.0
2026-12-31,put,7210.0,84.5,85.9,85.2
2026-12-31,call,7215.0,613.2,620.2,616.7
2026-12-31,put,7215.0,85.2,86.5,85.85
2026-12-31,call,7220.0,609.0,615.9,612.45
2026-12-31,put,7220.0,85.8,87.2,86.5
2026-12-31,call,7225.0,604.7,611.7,608.2
2026-12-31,put,7225.0,86.5,87.8,87.15
2026-12-31,call,7230.0,600.4,607.4,603.9
2026-12-31,put,7230.0,87.2,88.5,87.85
2026-12-31,call,7235.0,596.2,603.1,599.6500000000001
2026-12-31,put,7235.0,87.8,89.2,88.5
2026-12-31,call,7240.0,591.9,598.9,595.4
2026-12-31,put,7240.0,88.5,89.8,89.15
2026-12-31,call,7245.0,587.7,594.6,591.1500000000001
2026-12-31,put,7245.0,89.2,90.6,89.9
2026-12-31,call,7250.0,583.5,590.4,586.95
2026-12-31,put,7250.0,90.1,90.9,90.5
2026-12-31,call,7255.0,579.2,586.1,582.6500000000001
2026-12-31,put,7255.0,90.6,92.0,91.3
2026-12-31,call,7260.0,575.0,581.9,578.45
2026-12-31,put,7260.0,91.3,92.7,92.0
2026-12-31,call,7265.0,570.8,577.6,574.2
2026-12-31,put,7265.0,92.0,93.4,92.7
2026-12-31,call,7270.0,566.6,573.5,570.05
2026-12-31,put,7270.0,92.7,94.1,93.4
2026-12-31,call,7275.0,562.4,569.3,565.8499999999999
2026-12-31,put,7275.0,93.5,94.9,94.2
2026-12-31,call,7280.0,558.2,565.0,561.6
2026-12-31,put,7280.0,94.3,95.6,94.94999999999999
2026-12-31,call,7285.0,554.1,560.9,557.5
2026-12-31,put,7285.0,95.0,96.4,95.7
2026-12-31,call,7290.0,549.8,556.7,553.25
2026-12-31,put,7290.0,95.8,97.1,96.44999999999999
2026-12-31,call,7295.0,545.6,552.5,549.05
2026-12-31,put,7295.0,96.5,97.9,97.2
2026-12-31,call,7300.0,541.3,548.3,544.8
2026-12-31,put,7300.0,97.5,98.3,97.9
2026-12-31,call,7305.0,537.3,544.1,540.7
2026-12-31,put,7305.0,98.1,99.4,98.75
2026-12-31,call,7310.0,533.0,540.0,536.5
2026-12-31,put,7310.0,98.9,100.2,99.55000000000001
2026-12-31,call,7315.0,529.1,535.8,532.45
2026-12-31,put,7315.0,99.6,101.0,100.3
2026-12-31,call,7320.0,525.0,531.6,528.3
2026-12-31,put,7320.0,100.5,101.8,101.15
2026-12-31,call,7325.0,520.8,527.5,524.15
2026-12-31,put,7325.0,101.1,102.6,101.85
2026-12-31,call,7330.0,516.7,523.4,520.05
2026-12-31,put,7330.0,101.9,103.4,102.65
2026-12-31,call,7335.0,512.6,519.2,515.9000000000001
2026-12-31,put,7335.0,102.7,104.3,103.5
2026-12-31,call,7340.0,508.5,515.1,511.8
2026-12-31,put,7340.0,103.6,105.1,104.35
2026-12-31,call,7345.0,504.4,511.0,507.7
2026-12-31,put,7345.0,104.4,105.8,105.1
2026-12-31,call,7350.0,500.3,506.9,503.6
2026-12-31,put,7350.0,105.3,106.8,106.05
2026-12-31,call,7355.0,496.2,502.8,499.5
2026-12-31,put,7355.0,106.1,107.7,106.9
2026-12-31,call,7360.0,491.9,498.7,495.29999999999995
2026-12-31,put,7360.0,107.0,108.5,107.75
2026-12-31,call,7365.0,488.1,494.7,491.4
2026-12-31,put,7365.0,107.8,109.4,108.6
2026-12-31,call,7370.0,483.8,490.6,487.20000000000005
2026-12-31,put,7370.0,108.7,110.3,109.5
2026-12-31,call,7375.0,480.0,486.5,483.25
2026-12-31,put,7375.0,109.6,111.2,110.4
2026-12-31,call,7380.0,475.7,482.5,479.1
2026-12-31,put,7380.0,110.5,112.1,111.3
2026-12-31,call,7385.0,472.0,478.5,475.25
2026-12-31,put,7385.0,111.4,113.0,112.2
2026-12-31,call,7390.0,468.0,474.4,471.2
2026-12-31,put,7390.0,112.3,113.9,113.1
2026-12-31,call,7395.0,464.0,470.5,467.25
2026-12-31,put,7395.0,113.2,114.9,114.05000000000001
2026-12-31,call,7400.0,460.0,466.4,463.2
2026-12-31,put,7400.0,114.6,115.3,114.94999999999999
2026-12-31,call,7405.0,455.4,462.5,458.95
2026-12-31,put,7405.0,115.2,116.8,116.0
2026-12-31,call,7410.0,451.9,458.5,455.2
2026-12-31,put,7410.0,116.1,117.7,116.9
2026-12-31,call,7415.0,448.0,454.5,451.25
2026-12-31,put,7415.0,117.0,118.7,117.85
2026-12-31,call,7420.0,444.1,450.5,447.3
2026-12-31,put,7420.0,118.1,119.7,118.9
2026-12-31,call,7425.0,440.1,446.6,443.35
2026-12-31,put,7425.0,119.0,120.7,119.85
2026-12-31,call,7430.0,436.2,442.6,439.4
2026-12-31,put,7430.0,120.0,121.7,120.85
2026-12-31,call,7435.0,432.0,438.7,435.35
2026-12-31,put,7435.0,121.1,122.7,121.9
2026-12-31,call,7440.0,428.4,434.7,431.54999999999995
2026-12-31,put,7440.0,122.0,123.7,122.85
2026-12-31,call,7445.0,424.4,430.8,427.6
2026-12-31,put,7445.0,123.2,124.8,124.0
2026-12-31,call,7450.0,420.3,426.9,423.6
2026-12-31,put,7450.0,124.1,125.8,124.94999999999999
2026-12-31,call,7455.0,416.7,422.6,419.65
2026-12-31,put,7455.0,125.3,126.9,126.1
2026-12-31,call,7460.0,412.8,419.1,415.95000000000005
2026-12-31,put,7460.0,126.2,128.0,127.1
2026-12-31,call,7465.0,408.9,415.3,412.1
2026-12-31,put,7465.0,127.3,129.0,128.15
2026-12-31,call,7470.0,405.1,411.4,408.25
2026-12-31,put,7470.0,128.5,130.1,129.3
2026-12-31,call,7475.0,401.1,407.5,404.3
2026-12-31,put,7475.0,129.6,131.2,130.39999999999998
2026-12-31,call,7480.0,397.5,403.7,400.6
2026-12-31,put,7480.0,130.7,132.4,131.55
2026-12-31,call,7485.0,393.6,399.8,396.70000000000005
2026-12-31,put,7485.0,131.8,133.5,132.65
2026-12-31,call,7490.0,389.8,396.1,392.95000000000005
2026-12-31,put,7490.0,133.0,134.6,133.8
2026-12-31,call,7495.0,386.1,391.8,388.95000000000005
2026-12-31,put,7495.0,133.9,135.8,134.85000000000002
2026-12-31,call,7500.0,382.3,388.4,385.35
2026-12-31,put,7500.0,135.6,136.4,136.0
2026-12-31,call,7505.0,378.5,384.7,381.6
2026-12-31,put,7505.0,136.4,138.1,137.25
2026-12-31,call,7510.0,374.7,380.9,377.79999999999995
2026-12-31,put,7510.0,137.6,139.3,138.45
2026-12-31,call,7515.0,371.4,376.9,374.15
2026-12-31,put,7515.0,138.8,140.5,139.65
2026-12-31,call,7520.0,367.7,373.1,370.4
2026-12-31,put,7520.0,140.0,141.7,140.85
2026-12-31,call,7525.0,364.0,369.4,366.7
2026-12-31,put,7525.0,141.2,143.0,142.1
2026-12-31,call,7530.0,360.3,365.7,363.0
2026-12-31,put,7530.0,142.5,144.2,143.35
2026-12-31,call,7535.0,356.6,362.0,359.3
2026-12-31,put,7535.0,143.7,145.5,144.6
2026-12-31,call,7540.0,352.9,358.3,355.6
2026-12-31,put,7540.0,145.0,146.7,145.85
2026-12-31,call,7545.0,349.3,354.6,351.95000000000005
2026-12-31,put,7545.0,146.1,148.1,147.1
2026-12-31,call,7550.0,345.6,351.0,348.3
2026-12-31,put,7550.0,147.5,149.4,148.45
2026-12-31,call,7555.0,342.0,347.4,344.7
2026-12-31,put,7555.0,148.8,150.7,149.75
2026-12-31,call,7560.0,338.4,343.7,341.04999999999995
2026-12-31,put,7560.0,150.1,151.9,151.0
2026-12-31,call,7565.0,334.8,340.1,337.45000000000005
2026-12-31,put,7565.0,151.5,153.3,152.4
2026-12-31,call,7570.0,331.2,336.5,333.85
2026-12-31,put,7570.0,152.8,154.7,153.75
2026-12-31,call,7575.0,327.6,332.9,330.25
2026-12-31,put,7575.0,154.2,156.0,155.1
2026-12-31,call,7580.0,324.1,329.4,326.75
2026-12-31,put,7580.0,155.5,157.5,156.5
2026-12-31,call,7585.0,320.5,325.8,323.15
2026-12-31,put,7585.0,156.9,158.6,157.75
2026-12-31,call,7590.0,317.0,322.3,319.65
2026-12-31,put,7590.0,158.3,160.3,159.3
2026-12-31,call,7595.0,313.5,318.7,316.1
2026-12-31,put,7595.0,159.6,161.6,160.6
2026-12-31,call,7600.0,311.0,314.3,312.65
2026-12-31,put,7600.0,161.6,162.4,162.0
2026-12-31,call,7605.0,306.5,311.7,309.1
2026-12-31,put,7605.0,162.7,164.5,163.6
2026-12-31,call,7610.0,303.0,308.3,305.65
2026-12-31,put,7610.0,164.1,165.8,164.95
2026-12-31,call,7615.0,299.5,304.8,302.15
2026-12-31,put,7615.0,165.6,167.3,166.45
2026-12-31,call,7620.0,296.1,301.3,298.70000000000005
2026-12-31,put,7620.0,167.1,168.8,167.95
2026-12-31,call,7625.0,292.7,297.9,295.29999999999995
2026-12-31,put,7625.0,168.6,170.3,169.45
2026-12-31,call,7630.0,289.3,294.5,291.9
2026-12-31,put,7630.0,170.1,172.0,171.05
2026-12-31,call,7635.0,285.9,291.1,288.5
2026-12-31,put,7635.0,171.7,173.4,172.55
2026-12-31,call,7640.0,282.4,287.7,285.04999999999995
2026-12-31,put,7640.0,173.1,175.1,174.1
2026-12-31,call,7645.0,279.2,284.4,281.79999999999995
2026-12-31,put,7645.0,174.8,176.7,175.75
2026-12-31,call,7650.0,276.8,280.2,278.5
2026-12-31,put,7650.0,176.4,178.4,177.4
2026-12-31,call,7655.0,272.5,277.7,275.1
2026-12-31,put,7655.0,177.9,179.9,178.9
2026-12-31,call,7660.0,269.2,274.2,271.7
2026-12-31,put,7660.0,179.7,181.6,180.64999999999998
2026-12-31,call,7665.0,267.5,270.0,268.75
2026-12-31,put,7665.0,181.2,183.1,182.14999999999998
2026-12-31,call,7670.0,264.1,266.7,265.4
2026-12-31,put,7670.0,183.0,185.0,184.0
2026-12-31,call,7675.0,261.0,263.4,262.2
2026-12-31,put,7675.0,184.7,186.7,185.7
2026-12-31,call,7680.0,257.7,260.3,259.0
2026-12-31,put,7680.0,186.4,188.4,187.4
2026-12-31,call,7685.0,254.4,257.0,255.7
2026-12-31,put,7685.0,188.0,190.3,189.15
2026-12-31,call,7690.0,251.3,253.8,252.55
2026-12-31,put,7690.0,189.9,191.8,190.85000000000002
2026-12-31,call,7695.0,248.2,250.7,249.45
2026-12-31,put,7695.0,191.5,193.7,192.6
2026-12-31,call,7700.0,245.0,247.6,246.3
2026-12-31,put,7700.0,193.4,195.3,194.35000000000002
2026-12-31,call,7705.0,241.9,244.2,243.05
2026-12-31,put,7705.0,195.1,197.3,196.2
2026-12-31,call,7710.0,238.8,241.0,239.9
2026-12-31,put,7710.0,197.1,199.1,198.1
2026-12-31,call,7715.0,235.6,238.0,236.8
2026-12-31,put,7715.0,198.8,201.0,199.9
2026-12-31,call,7720.0,232.6,234.9,233.75
2026-12-31,put,7720.0,200.6,202.8,201.7
2026-12-31,call,7725.0,229.4,231.8,230.60000000000002
2026-12-31,put,7725.0,202.5,204.7,203.6
2026-12-31,call,7730.0,226.5,228.7,227.6
2026-12-31,put,7730.0,204.4,206.6,205.5
2026-12-31,call,7735.0,223.5,225.8,224.65
2026-12-31,put,7735.0,206.5,208.6,207.55
2026-12-31,call,7740.0,220.5,222.8,221.65
2026-12-31,put,7740.0,208.4,210.5,209.45
2026-12-31,call,7745.0,217.5,219.7,218.6
2026-12-31,put,7745.0,210.4,212.5,211.45
2026-12-31,call,7750.0,214.4,216.8,215.60000000000002
2026-12-31,put,7750.0,212.2,214.5,213.35
2026-12-31,call,7755.0,211.6,213.8,212.7
2026-12-31,put,7755.0,214.2,216.5,215.35
2026-12-31,call,7760.0,208.7,210.9,209.8
2026-12-31,put,7760.0,216.3,218.5,217.4
2026-12-31,call,7765.0,205.7,208.0,206.85
2026-12-31,put,7765.0,218.3,220.6,219.45
2026-12-31,call,7770.0,202.8,204.9,203.85000000000002
2026-12-31,put,7770.0,220.5,222.7,221.6
2026-12-31,call,7775.0,200.1,201.9,201.0
2026-12-31,put,7775.0,222.6,224.8,223.7
2026-12-31,call,7780.0,197.3,199.1,198.2
2026-12-31,put,7780.0,224.7,226.9,225.8
2026-12-31,call,7785.0,194.4,196.3,195.35000000000002
2026-12-31,put,7785.0,226.7,229.0,227.85
2026-12-31,call,7790.0,191.7,193.5,192.6
2026-12-31,put,7790.0,229.0,231.2,230.1
2026-12-31,call,7795.0,188.8,190.8,189.8
2026-12-31,put,7795.0,231.1,233.5,232.3
2026-12-31,call,7800.0,186.2,188.0,187.1
2026-12-31,put,7800.0,233.3,235.7,234.5
2026-12-31,call,7805.0,183.5,185.3,184.4
2026-12-31,put,7805.0,235.6,238.0,236.8
2026-12-31,call,7810.0,180.8,183.1,181.95
2026-12-31,put,7810.0,237.8,240.1,238.95
2026-12-31,call,7815.0,178.0,180.0,179.0
2026-12-31,put,7815.0,239.1,242.4,240.75
2026-12-31,call,7820.0,175.5,177.3,176.4
2026-12-31,put,7820.0,242.0,244.7,243.35
2026-12-31,call,7825.0,172.7,174.7,173.7
2026-12-31,put,7825.0,243.7,247.1,245.39999999999998
2026-12-31,call,7830.0,170.1,172.2,171.14999999999998
2026-12-31,put,7830.0,246.0,249.4,247.7
2026-12-31,call,7835.0,167.6,169.6,168.6
2026-12-31,put,7835.0,248.4,251.9,250.15
2026-12-31,call,7840.0,165.1,167.0,166.05
2026-12-31,put,7840.0,250.8,254.2,252.5
2026-12-31,call,7845.0,162.5,164.5,163.5
2026-12-31,put,7845.0,253.2,256.6,254.9
2026-12-31,call,7850.0,160.0,162.0,161.0
2026-12-31,put,7850.0,255.6,259.0,257.3
2026-12-31,call,7855.0,157.6,159.5,158.55
2026-12-31,put,7855.0,257.4,262.4,259.9
2026-12-31,call,7860.0,155.1,157.1,156.1
2026-12-31,put,7860.0,259.8,264.9,262.35
2026-12-31,call,7865.0,152.6,154.7,153.64999999999998
2026-12-31,put,7865.0,262.3,267.4,264.85
2026-12-31,call,7870.0,150.2,152.3,151.25
2026-12-31,put,7870.0,264.9,270.0,267.45
2026-12-31,call,7875.0,148.0,149.9,148.95
2026-12-31,put,7875.0,267.4,272.5,269.95
2026-12-31,call,7880.0,145.5,147.6,146.55
2026-12-31,put,7880.0,270.0,275.1,272.55
2026-12-31,call,7885.0,143.2,145.2,144.2
2026-12-31,put,7885.0,272.9,277.7,275.29999999999995
2026-12-31,call,7890.0,140.9,142.9,141.9
2026-12-31,put,7890.0,275.2,280.3,277.75
2026-12-31,call,7895.0,138.6,140.6,139.6
2026-12-31,put,7895.0,278.0,283.1,280.55
2026-12-31,call,7900.0,136.3,138.4,137.35000000000002
2026-12-31,put,7900.0,280.5,285.7,283.1
2026-12-31,call,7905.0,134.2,136.1,135.14999999999998
2026-12-31,put,7905.0,283.5,288.4,285.95
2026-12-31,call,7910.0,131.9,133.9,132.9
2026-12-31,put,7910.0,286.0,291.2,288.6
2026-12-31,call,7915.0,129.7,131.7,130.7
2026-12-31,put,7915.0,288.7,293.9,291.29999999999995
2026-12-31,call,7920.0,127.6,129.6,128.6
2026-12-31,put,7920.0,291.5,296.7,294.1
2026-12-31,call,7925.0,125.4,127.4,126.4
2026-12-31,put,7925.0,294.3,299.5,296.9
2026-12-31,call,7930.0,123.3,125.3,124.3
2026-12-31,put,7930.0,297.1,302.3,299.70000000000005
2026-12-31,call,7935.0,121.2,123.2,122.2
2026-12-31,put,7935.0,300.2,305.2,302.7
2026-12-31,call,7940.0,119.2,121.2,120.2
2026-12-31,put,7940.0,302.8,308.1,305.45000000000005
2026-12-31,call,7945.0,117.2,119.2,118.2
2026-12-31,put,7945.0,305.7,311.0,308.35
2026-12-31,call,7950.0,115.2,117.2,116.2
2026-12-31,put,7950.0,308.6,313.9,311.25
2026-12-31,call,7955.0,113.2,115.2,114.2
2026-12-31,put,7955.0,311.6,316.9,314.25
2026-12-31,call,7960.0,111.2,113.2,112.2
2026-12-31,put,7960.0,314.6,319.9,317.25
2026-12-31,call,7965.0,109.4,111.2,110.30000000000001
2026-12-31,put,7965.0,317.6,322.9,320.25
2026-12-31,call,7970.0,107.4,109.3,108.35
2026-12-31,put,7970.0,320.6,325.9,323.25
2026-12-31,call,7975.0,105.6,107.4,106.5
2026-12-31,put,7975.0,323.6,328.9,326.25
2026-12-31,call,7980.0,103.6,105.5,104.55
2026-12-31,put,7980.0,326.7,332.0,329.35
2026-12-31,call,7985.0,102.0,103.7,102.85
2026-12-31,put,7985.0,329.8,335.1,332.45000000000005
2026-12-31,call,7990.0,100.1,101.6,100.85
2026-12-31,put,7990.0,332.9,338.2,335.54999999999995
2026-12-31,call,7995.0,98.2,99.7,98.95
2026-12-31,put,7995.0,336.0,341.4,338.7
2026-12-31,call,8000.0,96.8,97.9,97.35
2026-12-31,put,8000.0,339.2,344.6,341.9
2026-12-31,call,8005.0,94.7,96.2,95.45
2026-12-31,put,8005.0,342.4,347.8,345.1
2026-12-31,call,8010.0,93.0,94.5,93.75
2026-12-31,put,8010.0,345.6,351.0,348.3
2026-12-31,call,8015.0,91.3,92.8,92.05
2026-12-31,put,8015.0,348.8,354.3,351.55
2026-12-31,call,8020.0,89.6,91.1,90.35
2026-12-31,put,8020.0,352.1,357.5,354.8
2026-12-31,call,8025.0,88.0,89.5,88.75
2026-12-31,put,8025.0,355.4,360.8,358.1
2026-12-31,call,8030.0,86.4,87.8,87.1
2026-12-31,put,8030.0,358.7,364.2,361.45
2026-12-31,call,8035.0,84.8,86.3,85.55
2026-12-31,put,8035.0,362.0,367.5,364.75
2026-12-31,call,8040.0,83.7,84.6,84.15
2026-12-31,put,8040.0,365.4,370.8,368.1
2026-12-31,call,8045.0,81.9,83.4,82.65
2026-12-31,put,8045.0,368.7,374.2,371.45
2026-12-31,call,8050.0,80.5,81.5,81.0
2026-12-31,put,8050.0,372.2,377.7,374.95
2026-12-31,call,8055.0,78.8,80.3,79.55
2026-12-31,put,8055.0,375.6,381.1,378.35
2026-12-31,call,8060.0,77.7,78.6,78.15
2026-12-31,put,8060.0,378.7,385.0,381.85
2026-12-31,call,8065.0,75.7,77.2,76.45
2026-12-31,put,8065.0,382.2,388.5,385.35
2026-12-31,call,8070.0,74.8,75.6,75.19999999999999
2026-12-31,put,8070.0,385.7,392.0,388.85
2026-12-31,call,8075.0,72.8,74.3,73.55
2026-12-31,put,8075.0,389.1,395.5,392.3
2026-12-31,call,8080.0,71.5,73.0,72.25
2026-12-31,put,8080.0,392.6,399.1,395.85
2026-12-31,call,8085.0,70.1,71.6,70.85
2026-12-31,put,8085.0,396.2,402.7,399.45
2026-12-31,call,8090.0,69.2,70.1,69.65
2026-12-31,put,8090.0,399.7,406.2,402.95
2026-12-31,call,8095.0,67.4,68.9,68.15
2026-12-31,put,8095.0,403.4,409.9,406.65
2026-12-31,call,8100.0,66.1,67.6,66.85
2026-12-31,put,8100.0,407.0,413.5,410.25
2026-12-31,call,8105.0,64.8,66.3,65.55
2026-12-31,put,8105.0,410.6,417.2,413.9
2026-12-31,call,8110.0,63.7,65.0,64.35
2026-12-31,put,8110.0,414.2,420.8,417.5
2026-12-31,call,8115.0,62.3,63.7,63.0
2026-12-31,put,8115.0,417.9,424.5,421.2
2026-12-31,call,8120.0,61.1,62.5,61.8
2026-12-31,put,8120.0,421.7,428.3,425.0
2026-12-31,call,8125.0,60.0,61.3,60.65
2026-12-31,put,8125.0,425.3,432.0,428.65
2026-12-31,call,8130.0,58.8,60.0,59.4
2026-12-31,put,8130.0,429.0,435.8,432.4
2026-12-31,call,8135.0,57.5,58.9,58.2
2026-12-31,put,8135.0,432.9,439.8,436.35
2026-12-31,call,8140.0,56.7,57.7,57.2
2026-12-31,put,8140.0,436.7,443.6,440.15
2026-12-31,call,8145.0,55.2,56.6,55.900000000000006
2026-12-31,put,8145.0,440.5,447.4,443.95
2026-12-31,call,8150.0,54.1,55.5,54.8
2026-12-31,put,8150.0,444.2,450.9,447.54999999999995
2026-12-31,call,8155.0,53.0,54.4,53.7
2026-12-31,put,8155.0,448.0,454.8,451.4
2026-12-31,call,8160.0,52.3,53.2,52.75
2026-12-31,put,8160.0,451.9,458.7,455.29999999999995
2026-12-31,call,8165.0,50.9,52.3,51.599999999999994
2026-12-31,put,8165.0,455.8,462.8,459.3
2026-12-31,call,8170.0,50.1,51.1,50.6
2026-12-31,put,8170.0,459.6,466.5,463.05
2026-12-31,call,8175.0,49.0,50.0,49.5
2026-12-31,put,8175.0,463.5,470.4,466.95
2026-12-31,call,8180.0,48.1,48.9,48.5
2026-12-31,put,8180.0,467.4,474.9,471.15
2026-12-31,call,8185.0,47.0,48.0,47.5
2026-12-31,put,8185.0,471.4,478.3,474.85
2026-12-31,call,8190.0,46.2,47.0,46.6
2026-12-31,put,8190.0,475.3,482.2,478.75
2026-12-31,call,8195.0,45.2,46.2,45.7
2026-12-31,put,8195.0,479.3,486.2,482.75
2026-12-31,call,8200.0,44.1,45.1,44.6
2026-12-31,put,8200.0,483.3,490.3,486.8
2026-12-31,call,8205.0,43.2,44.2,43.7
2026-12-31,put,8205.0,487.3,494.6,490.95000000000005
2026-12-31,call,8210.0,42.3,43.3,42.8
2026-12-31,put,8210.0,491.3,498.9,495.1
2026-12-31,call,8215.0,41.4,42.4,41.9
2026-12-31,put,8215.0,495.4,502.4,498.9
2026-12-31,call,8220.0,40.5,41.5,41.0
2026-12-31,put,8220.0,499.4,506.4,502.9
2026-12-31,call,8225.0,39.7,40.7,40.2
2026-12-31,put,8225.0,503.5,510.5,507.0
2026-12-31,call,8230.0,38.9,39.9,39.4
2026-12-31,put,8230.0,507.6,514.7,511.15000000000003
2026-12-31,call,8235.0,38.0,39.0,38.5
2026-12-31,put,8235.0,511.8,518.8,515.3
2026-12-31,call,8240.0,37.2,38.2,37.7
2026-12-31,put,8240.0,515.9,523.0,519.45
2026-12-31,call,8245.0,36.4,37.4,36.9
2026-12-31,put,8245.0,520.0,527.2,523.6
2026-12-31,call,8250.0,35.6,36.6,36.1
2026-12-31,put,8250.0,524.1,531.3,527.7
2026-12-31,call,8255.0,34.8,35.8,35.3
2026-12-31,put,8255.0,528.4,535.4,531.9
2026-12-31,call,8260.0,34.1,35.1,34.6
2026-12-31,put,8260.0,532.5,539.6,536.05
2026-12-31,call,8265.0,33.4,34.4,33.9
2026-12-31,put,8265.0,536.7,543.8,540.25
2026-12-31,call,8270.0,32.6,33.6,33.1
2026-12-31,put,8270.0,541.0,548.1,544.55
2026-12-31,call,8275.0,32.0,33.0,32.5
2026-12-31,put,8275.0,545.1,552.2,548.6500000000001
2026-12-31,call,8280.0,31.2,32.2,31.700000000000003
2026-12-31,put,8280.0,549.3,556.4,552.8499999999999
2026-12-31,call,8285.0,30.6,31.6,31.1
2026-12-31,put,8285.0,553.6,560.8,557.2
2026-12-31,call,8290.0,29.9,30.9,30.4
2026-12-31,put,8290.0,557.8,565.1,561.45
2026-12-31,call,8295.0,29.2,30.2,29.7
2026-12-31,put,8295.0,562.1,569.3,565.7
2026-12-31,call,8300.0,28.6,29.6,29.1
2026-12-31,put,8300.0,566.4,573.6,570.0
2026-12-31,call,8305.0,28.0,29.0,28.5
2026-12-31,put,8305.0,570.7,578.0,574.35
2026-12-31,call,8310.0,27.4,28.4,27.9
2026-12-31,put,8310.0,575.0,582.3,578.65
2026-12-31,call,8315.0,26.7,27.7,27.2
2026-12-31,put,8315.0,579.4,586.6,583.0
2026-12-31,call,8320.0,26.2,27.2,26.7
2026-12-31,put,8320.0,583.7,590.9,587.3
2026-12-31,call,8325.0,25.5,26.5,26.0
2026-12-31,put,8325.0,588.1,595.3,591.7
2026-12-31,call,8330.0,25.1,26.1,25.6
2026-12-31,put,8330.0,592.4,599.7,596.05
2026-12-31,call,8335.0,24.5,25.5,25.0
2026-12-31,put,8335.0,596.7,604.1,600.4000000000001
2026-12-31,call,8340.0,24.0,25.0,24.5
2026-12-31,put,8340.0,601.1,608.4,604.75
2026-12-31,call,8345.0,23.4,24.4,23.9
2026-12-31,put,8345.0,605.5,612.8,609.15
2026-12-31,call,8350.0,22.8,23.8,23.3
2026-12-31,put,8350.0,609.9,617.2,613.55
2026-12-31,call,8355.0,22.4,23.4,22.9
2026-12-31,put,8355.0,614.3,621.7,618.0
2026-12-31,call,8360.0,21.9,22.9,22.4
2026-12-31,put,8360.0,618.8,626.2,622.5
2026-12-31,call,8365.0,21.3,22.3,21.8
2026-12-31,put,8365.0,623.2,630.6,626.9000000000001
2026-12-31,call,8370.0,20.8,21.8,21.3
2026-12-31,put,8370.0,627.7,635.1,631.4000000000001
2026-12-31,call,8375.0,20.4,21.3,20.85
2026-12-31,put,8375.0,632.1,639.5,635.8
2026-12-31,call,8380.0,19.9,20.9,20.4
2026-12-31,put,8380.0,636.6,644.0,640.3
2026-12-31,call,8390.0,19.0,20.0,19.5
2026-12-31,put,8390.0,645.5,653.0,649.25
2026-12-31,call,8400.0,18.2,19.2,18.7
2026-12-31,put,8400.0,654.5,662.0,658.25
2026-12-31,call,8410.0,17.4,18.3,17.85
2026-12-31,put,8410.0,662.9,672.9,667.9
2026-12-31,call,8420.0,16.6,17.6,17.1
2026-12-31,put,8420.0,672.0,682.0,677.0
2026-12-31,call,8425.0,16.2,17.1,16.65
2026-12-31,put,8425.0,676.6,686.6,681.6
2026-12-31,call,8430.0,15.8,16.8,16.3
2026-12-31,put,8430.0,681.1,691.1,686.1
2026-12-31,call,8440.0,15.1,16.1,15.600000000000001
2026-12-31,put,8440.0,690.3,700.3,695.3
2026-12-31,call,8450.0,14.4,15.4,14.9
2026-12-31,put,8450.0,699.5,709.5,704.5
2026-12-31,call,8460.0,13.8,14.7,14.25
2026-12-31,put,8460.0,708.7,718.7,713.7
2026-12-31,call,8470.0,13.2,14.1,13.649999999999999
2026-12-31,put,8470.0,717.9,727.9,722.9
2026-12-31,call,8475.0,12.9,13.7,13.3
2026-12-31,put,8475.0,722.6,732.6,727.6
2026-12-31,call,8480.0,12.6,13.5,13.05
2026-12-31,put,8480.0,727.2,737.2,732.2
2026-12-31,call,8490.0,12.0,12.9,12.45
2026-12-31,put,8490.0,736.5,746.5,741.5
2026-12-31,call,8500.0,11.4,12.3,11.850000000000001
2026-12-31,put,8500.0,745.8,755.8,750.8
2026-12-31,call,8510.0,10.9,11.8,11.350000000000001
2026-12-31,put,8510.0,755.2,765.2,760.2
2026-12-31,call,8520.0,10.4,11.3,10.850000000000001
2026-12-31,put,8520.0,764.6,774.6,769.6
2026-12-31,call,8525.0,10.2,11.0,10.6
2026-12-31,put,8525.0,769.3,779.3,774.3
2026-12-31,call,8530.0,10.0,10.8,10.4
2026-12-31,put,8530.0,774.0,784.0,779.0
2026-12-31,call,8540.0,9.5,10.4,9.95
2026-12-31,put,8540.0,783.4,793.4,788.4
2026-12-31,call,8550.0,9.1,9.9,9.5
2026-12-31,put,8550.0,792.8,802.8,797.8
2026-12-31,call,8560.0,8.7,9.5,9.1
2026-12-31,put,8560.0,802.3,812.3,807.3
2026-12-31,call,8570.0,8.3,9.1,8.7
2026-12-31,put,8570.0,811.8,821.8,816.8
2026-12-31,call,8575.0,8.1,9.0,8.55
2026-12-31,put,8575.0,816.5,826.5,821.5
2026-12-31,call,8580.0,7.9,8.7,8.3
2026-12-31,put,8580.0,821.3,831.3,826.3
2026-12-31,call,8590.0,7.6,8.3,7.95
2026-12-31,put,8590.0,830.8,840.8,835.8
2026-12-31,call,8600.0,7.2,8.0,7.6
2026-12-31,put,8600.0,840.3,850.3,845.3
2026-12-31,call,8610.0,6.9,7.7,7.300000000000001
2026-12-31,put,8610.0,849.9,859.9,854.9
2026-12-31,call,8620.0,6.6,7.3,6.949999999999999
2026-12-31,put,8620.0,859.4,869.4,864.4
2026-12-31,call,8625.0,6.5,7.2,6.85
2026-12-31,put,8625.0,864.2,874.2,869.2
2026-12-31,call,8630.0,6.3,7.0,6.65
2026-12-31,put,8630.0,869.0,879.0,874.0
2026-12-31,call,8640.0,6.1,6.8,6.449999999999999
2026-12-31,put,8640.0,878.6,888.6,883.6
2026-12-31,call,8650.0,5.8,6.5,6.15
2026-12-31,put,8650.0,888.2,898.2,893.2
2026-12-31,call,8660.0,5.5,6.2,5.85
2026-12-31,put,8660.0,897.9,907.9,902.9
2026-12-31,call,8670.0,5.3,6.0,5.65
2026-12-31,put,8670.0,907.5,917.5,912.5
2026-12-31,call,8675.0,5.3,5.7,5.5
2026-12-31,put,8675.0,912.3,922.3,917.3
2026-12-31,call,8680.0,5.2,5.6,5.4
2026-12-31,put,8680.0,917.2,927.2,922.2
2026-12-31,call,8690.0,4.9,5.3,5.1
2026-12-31,put,8690.0,926.8,936.8,931.8
2026-12-31,call,8700.0,4.7,5.1,4.9
2026-12-31,put,8700.0,936.5,946.5,941.5
2026-12-31,call,8710.0,4.5,4.9,4.7
2026-12-31,put,8710.0,946.2,956.2,951.2
2026-12-31,call,8720.0,4.4,4.8,4.6
2026-12-31,put,8720.0,955.9,965.9,960.9
2026-12-31,call,8730.0,4.2,4.6,4.4
2026-12-31,put,8730.0,965.6,975.6,970.6
2026-12-31,call,8740.0,4.0,4.4,4.2
2026-12-31,put,8740.0,975.3,985.3,980.3
2026-12-31,call,8750.0,3.9,4.3,4.1
2026-12-31,put,8750.0,985.0,995.0,990.0
2026-12-31,call,8760.0,3.7,4.1,3.9
2026-12-31,put,8760.0,994.7,1004.7,999.7
2026-12-31,call,8800.0,3.2,3.6,3.4000000000000004
2026-12-31,put,8800.0,1033.7,1043.7,1038.7
2026-12-31,call,8850.0,2.6,3.0,2.8
2026-12-31,put,8850.0,1082.6,1092.6,1087.6
2026-12-31,call,8900.0,2.2,2.6,2.4000000000000004
2026-12-31,put,8900.0,1131.6,1141.6,1136.6
2026-12-31,call,9000.0,1.55,1.95,1.75
2026-12-31,put,9000.0,1229.7,1239.7,1234.7
2026-12-31,call,9100.0,1.15,1.55,1.35
2026-12-31,put,9100.0,1328.0,1338.0,1333.0
2026-12-31,call,9200.0,0.85,1.2,1.025
2026-12-31,put,9200.0,1426.5,1436.5,1431.5
2026-12-31,call,9300.0,0.6,1.0,0.8
2026-12-31,put,9300.0,1525.1,1535.1,1530.1
2026-12-31,call,9400.0,0.45,0.85,0.65
2026-12-31,put,9400.0,1623.7,1633.7,1628.7
2026-12-31,call,9500.0,0.35,0.7,0.5249999999999999
2026-12-31,put,9500.0,1722.4,1732.4,1727.4
2026-12-31,call,9600.0,0.25,0.45,0.35
2026-12-31,put,9600.0,1821.1,1831.1,1826.1
2027-01-15,call,3200.0,4503.1,4512.5,4507.8
2027-01-15,put,3200.0,1.8,2.15,1.975
2027-01-15,call,3400.0,4306.3,4315.8,4311.05
2027-01-15,put,3400.0,2.2,2.6,2.4000000000000004
2027-01-15,call,3600.0,4109.5,4119.0,4114.25
2027-01-15,put,3600.0,2.7,3.1,2.9000000000000004
2027-01-15,call,3800.0,3912.9,3922.4,3917.65
2027-01-15,put,3800.0,3.3,3.7,3.5
2027-01-15,call,3900.0,3814.7,3824.2,3819.45
2027-01-15,put,3900.0,3.7,4.1,3.9
2027-01-15,call,4000.0,3716.6,3726.0,3721.3
2027-01-15,put,4000.0,4.0,4.4,4.2
2027-01-15,call,4100.0,3618.5,3627.9,3623.2
2027-01-15,put,4100.0,4.4,4.8,4.6
2027-01-15,call,4200.0,3520.4,3529.8,3525.1000000000004
2027-01-15,put,4200.0,4.9,5.3,5.1
2027-01-15,call,4300.0,3422.3,3431.7,3427.0
2027-01-15,put,4300.0,5.3,5.8,5.55
2027-01-15,call,4400.0,3324.1,3333.6,3328.85
2027-01-15,put,4400.0,5.8,6.3,6.05
2027-01-15,call,4500.0,3226.2,3235.6,3230.8999999999996
2027-01-15,put,4500.0,6.3,6.8,6.55
2027-01-15,call,4600.0,3128.2,3137.6,3132.8999999999996
2027-01-15,put,4600.0,6.9,7.4,7.15
2027-01-15,call,4700.0,3030.0,3039.5,3034.75
2027-01-15,put,4700.0,7.5,8.1,7.8
2027-01-15,call,4800.0,2932.1,2941.7,2936.8999999999996
2027-01-15,put,4800.0,8.2,8.8,8.5
2027-01-15,call,4900.0,2834.3,2843.8,2839.05
2027-01-15,put,4900.0,8.9,9.5,9.2
2027-01-15,call,5000.0,2736.8,2746.1,2741.45
2027-01-15,put,5000.0,9.7,10.4,10.05
2027-01-15,call,5100.0,2639.0,2648.4,2643.7
2027-01-15,put,5100.0,10.6,11.2,10.899999999999999
2027-01-15,call,5200.0,2541.5,2550.8,2546.15
2027-01-15,put,5200.0,11.5,12.2,11.85
2027-01-15,call,5300.0,2443.7,2453.2,2448.45
2027-01-15,put,5300.0,12.6,13.3,12.95
2027-01-15,call,5350.0,2395.1,2404.5,2399.8
2027-01-15,put,5350.0,13.1,13.8,13.45
2027-01-15,call,5400.0,2346.4,2355.8,2351.1000000000004
2027-01-15,put,5400.0,13.7,14.4,14.05
2027-01-15,call,5450.0,2297.8,2307.1,2302.45
2027-01-15,put,5450.0,14.3,15.0,14.65
2027-01-15,call,5500.0,2249.1,2258.4,2253.75
2027-01-15,put,5500.0,14.9,15.7,15.3
2027-01-15,call,5550.0,2200.3,2209.8,2205.05
2027-01-15,put,5550.0,15.6,16.3,15.95
2027-01-15,call,5600.0,2151.8,2161.2,2156.5
2027-01-15,put,5600.0,16.3,17.0,16.65
2027-01-15,call,5650.0,2103.2,2112.7,2107.95
2027-01-15,put,5650.0,17.0,17.8,17.4
2027-01-15,call,5700.0,2054.9,2064.2,2059.55
2027-01-15,put,5700.0,17.8,18.6,18.200000000000003
2027-01-15,call,5750.0,2006.4,2015.7,2011.0500000000002
2027-01-15,put,5750.0,18.6,19.4,19.0
2027-01-15,call,5800.0,1958.0,1967.3,1962.65
2027-01-15,put,5800.0,19.5,20.3,19.9
2027-01-15,call,5850.0,1909.5,1918.9,1914.2
2027-01-15,put,5850.0,20.5,21.2,20.85
2027-01-15,call,5900.0,1861.3,1870.7,1866.0
2027-01-15,put,5900.0,21.4,22.2,21.799999999999997
2027-01-15,call,5950.0,1812.8,1822.3,1817.55
2027-01-15,put,5950.0,22.4,23.3,22.85
2027-01-15,call,6000.0,1764.8,1774.1,1769.4499999999998
2027-01-15,put,6000.0,23.5,24.4,23.95
2027-01-15,call,6050.0,1716.5,1726.0,1721.25
2027-01-15,put,6050.0,24.7,25.6,25.15
2027-01-15,call,6100.0,1668.6,1678.1,1673.35
2027-01-15,put,6100.0,26.0,26.9,26.45
2027-01-15,call,6150.0,1620.5,1630.0,1625.25
2027-01-15,put,6150.0,27.3,28.2,27.75
2027-01-15,call,6200.0,1572.8,1582.3,1577.55
2027-01-15,put,6200.0,28.7,29.6,29.15
2027-01-15,call,6250.0,1525.1,1534.5,1529.8
2027-01-15,put,6250.0,30.3,31.2,30.75
2027-01-15,call,6300.0,1477.2,1486.7,1481.95
2027-01-15,put,6300.0,31.9,32.8,32.349999999999994
2027-01-15,call,6350.0,1429.9,1439.3,1434.6
2027-01-15,put,6350.0,33.7,34.5,34.1
2027-01-15,call,6400.0,1382.5,1391.9,1387.2
2027-01-15,put,6400.0,35.6,36.4,36.0
2027-01-15,call,6425.0,1358.6,1368.1,1363.35
2027-01-15,put,6425.0,36.6,37.4,37.0
2027-01-15,call,6450.0,1335.2,1344.6,1339.9
2027-01-15,put,6450.0,37.6,38.4,38.0
2027-01-15,call,6475.0,1311.6,1321.0,1316.3
2027-01-15,put,6475.0,38.7,39.5,39.1
2027-01-15,call,6500.0,1288.0,1297.3,1292.65
2027-01-15,put,6500.0,39.8,40.6,40.2
2027-01-15,call,6525.0,1264.2,1274.0,1269.1
2027-01-15,put,6525.0,40.9,41.7,41.3
2027-01-15,call,6550.0,1241.1,1250.5,1245.8
2027-01-15,put,6550.0,42.1,42.9,42.5
2027-01-15,call,6560.0,1231.7,1241.2,1236.45
2027-01-15,put,6560.0,42.6,43.4,43.0
2027-01-15,call,6570.0,1222.2,1231.6,1226.9
2027-01-15,put,6570.0,43.1,43.9,43.5
2027-01-15,call,6575.0,1217.5,1226.9,1222.2
2027-01-15,put,6575.0,43.4,44.1,43.75
2027-01-15,call,6580.0,1213.0,1222.5,1217.75
2027-01-15,put,6580.0,43.6,44.4,44.0
2027-01-15,call,6590.0,1203.4,1212.9,1208.15
2027-01-15,put,6590.0,44.1,44.9,44.5
2027-01-15,call,6600.0,1194.3,1203.8,1199.05
2027-01-15,put,6600.0,44.6,45.4,45.0
2027-01-15,call,6610.0,1186.0,1194.0,1190.0
2027-01-15,put,6610.0,45.1,45.9,45.5
2027-01-15,call,6620.0,1176.7,1184.7,1180.7
2027-01-15,put,6620.0,45.6,46.4,46.0
2027-01-15,call,6625.0,1172.0,1180.0,1176.0
2027-01-15,put,6625.0,45.9,46.7,46.3
2027-01-15,call,6630.0,1167.3,1175.3,1171.3
2027-01-15,put,6630.0,46.2,46.9,46.55
2027-01-15,call,6640.0,1157.3,1166.0,1161.65
2027-01-15,put,6640.0,46.7,47.5,47.1
2027-01-15,call,6650.0,1148.8,1156.7,1152.75
2027-01-15,put,6650.0,47.3,48.0,47.65
2027-01-15,call,6660.0,1139.5,1147.4,1143.45
2027-01-15,put,6660.0,47.9,48.6,48.25
2027-01-15,call,6670.0,1130.2,1138.1,1134.15
2027-01-15,put,6670.0,48.5,49.2,48.85
2027-01-15,call,6675.0,1125.6,1133.5,1129.55
2027-01-15,put,6675.0,48.8,49.5,49.15
2027-01-15,call,6680.0,1120.9,1128.9,1124.9
2027-01-15,put,6680.0,49.0,49.7,49.35
2027-01-15,call,6690.0,1111.3,1119.5,1115.4
2027-01-15,put,6690.0,49.7,50.3,50.0
2027-01-15,call,6700.0,1102.4,1110.3,1106.35
2027-01-15,put,6700.0,50.3,50.9,50.599999999999994
2027-01-15,call,6710.0,1092.5,1100.3,1096.4
2027-01-15,put,6710.0,50.6,51.7,51.150000000000006
2027-01-15,call,6720.0,1083.9,1091.8,1087.85
2027-01-15,put,6720.0,51.2,52.3,51.75
2027-01-15,call,6725.0,1079.3,1087.2,1083.25
2027-01-15,put,6725.0,51.5,52.6,52.05
2027-01-15,call,6730.0,1074.6,1082.0,1078.3
2027-01-15,put,6730.0,51.8,52.9,52.349999999999994
2027-01-15,call,6740.0,1064.8,1072.6,1068.6999999999998
2027-01-15,put,6740.0,52.5,53.5,53.0
2027-01-15,call,6750.0,1055.6,1063.4,1059.5
2027-01-15,put,6750.0,53.1,54.2,53.650000000000006
2027-01-15,call,6760.0,1047.0,1054.9,1050.95
2027-01-15,put,6760.0,53.8,54.8,54.3
2027-01-15,call,6770.0,1037.5,1045.7,1041.6
2027-01-15,put,6770.0,54.4,55.5,54.95
2027-01-15,call,6775.0,1033.2,1041.1,1037.15
2027-01-15,put,6775.0,54.8,55.8,55.3
2027-01-15,call,6780.0,1028.7,1036.5,1032.6
2027-01-15,put,6780.0,55.1,56.2,55.650000000000006
2027-01-15,call,6790.0,1019.0,1026.7,1022.85
2027-01-15,put,6790.0,55.8,56.8,56.3
2027-01-15,call,6800.0,1010.3,1018.2,1014.25
2027-01-15,put,6800.0,56.5,57.5,57.0
2027-01-15,call,6810.0,1001.1,1008.9,1005.0
2027-01-15,put,6810.0,57.2,58.2,57.7
2027-01-15,call,6820.0,992.0,999.8,995.9
2027-01-15,put,6820.0,57.9,58.9,58.4
2027-01-15,call,6825.0,987.4,995.3,991.3499999999999
2027-01-15,put,6825.0,58.2,59.3,58.75
2027-01-15,call,6830.0,982.9,990.7,986.8
2027-01-15,put,6830.0,58.7,59.7,59.2
2027-01-15,call,6840.0,973.6,981.6,977.6
2027-01-15,put,6840.0,59.3,60.4,59.849999999999994
2027-01-15,call,6850.0,964.8,972.5,968.65
2027-01-15,put,6850.0,60.1,61.2,60.650000000000006
2027-01-15,call,6860.0,955.7,963.3,959.5
2027-01-15,put,6860.0,60.8,61.9,61.349999999999994
2027-01-15,call,6870.0,946.3,954.2,950.25
2027-01-15,put,6870.0,61.7,62.7,62.2
2027-01-15,call,6875.0,941.9,949.7,945.8
2027-01-15,put,6875.0,62.1,63.1,62.6
2027-01-15,call,6880.0,937.5,945.1,941.3
2027-01-15,put,6880.0,62.4,63.5,62.95
2027-01-15,call,6890.0,928.4,936.0,932.2
2027-01-15,put,6890.0,63.2,64.3,63.75
2027-01-15,call,6900.0,919.4,927.0,923.2
2027-01-15,put,6900.0,64.0,65.1,64.55
2027-01-15,call,6910.0,910.4,917.9,914.15
2027-01-15,put,6910.0,64.9,65.9,65.4
2027-01-15,call,6920.0,901.1,909.0,905.05
2027-01-15,put,6920.0,65.7,66.7,66.2
2027-01-15,call,6925.0,896.9,904.4,900.65
2027-01-15,put,6925.0,66.1,67.2,66.65
2027-01-15,call,6930.0,892.4,899.9,896.15
2027-01-15,put,6930.0,66.5,67.6,67.05
2027-01-15,call,6940.0,883.1,890.9,887.0
2027-01-15,put,6940.0,67.4,68.4,67.9
2027-01-15,call,6950.0,874.1,881.9,878.0
2027-01-15,put,6950.0,68.3,69.3,68.8
2027-01-15,call,6960.0,865.3,872.9,869.0999999999999
2027-01-15,put,6960.0,69.2,70.2,69.7
2027-01-15,call,6970.0,856.5,864.0,860.25
2027-01-15,put,6970.0,70.1,71.1,70.6
2027-01-15,call,6975.0,851.7,859.2,855.45
2027-01-15,put,6975.0,70.5,71.6,71.05
2027-01-15,call,6980.0,847.6,854.4,851.0
2027-01-15,put,6980.0,71.0,72.0,71.5
2027-01-15,call,6990.0,838.4,846.0,842.2
2027-01-15,put,6990.0,72.0,73.0,72.5
2027-01-15,call,7000.0,829.4,837.1,833.25
2027-01-15,put,7000.0,72.9,73.9,73.4
2027-01-15,call,7010.0,820.8,828.2,824.5
2027-01-15,put,7010.0,73.9,74.9,74.4
2027-01-15,call,7020.0,811.9,819.3,815.5999999999999
2027-01-15,put,7020.0,74.9,75.8,75.35
2027-01-15,call,7025.0,807.3,814.8,811.05
2027-01-15,put,7025.0,75.3,76.3,75.8
2027-01-15,call,7030.0,803.1,810.4,806.75
2027-01-15,put,7030.0,75.8,76.8,76.3
2027-01-15,call,7040.0,794.3,801.1,797.7
2027-01-15,put,7040.0,76.9,77.9,77.4
2027-01-15,call,7050.0,785.4,792.8,789.0999999999999
2027-01-15,put,7050.0,77.9,78.9,78.4
2027-01-15,call,7060.0,776.6,784.0,780.3
2027-01-15,put,7060.0,78.9,79.9,79.4
2027-01-15,call,7070.0,767.8,775.1,771.45
2027-01-15,put,7070.0,80.0,81.0,80.5
2027-01-15,call,7075.0,763.4,770.7,767.05
2027-01-15,put,7075.0,80.5,81.6,81.05
2027-01-15,call,7080.0,759.1,766.4,762.75
2027-01-15,put,7080.0,81.0,82.1,81.55
2027-01-15,call,7090.0,750.3,757.6,753.95
2027-01-15,put,7090.0,82.1,83.2,82.65
2027-01-15,call,7100.0,741.6,748.8,745.2
2027-01-15,put,7100.0,83.3,84.3,83.8
2027-01-15,call,7110.0,732.9,740.1,736.5
2027-01-15,put,7110.0,84.4,85.5,84.95
2027-01-15,call,7120.0,724.2,731.4,727.8
2027-01-15,put,7120.0,85.5,86.6,86.05
2027-01-15,call,7125.0,719.6,727.0,723.3
2027-01-15,put,7125.0,86.1,87.2,86.65
2027-01-15,call,7130.0,715.4,722.7,719.05
2027-01-15,put,7130.0,86.7,87.8,87.25
2027-01-15,call,7140.0,706.6,714.0,710.3
2027-01-15,put,7140.0,87.9,89.0,88.45
2027-01-15,call,7150.0,698.1,705.3,701.7
2027-01-15,put,7150.0,89.1,90.2,89.65
2027-01-15,call,7160.0,689.6,696.7,693.1500000000001
2027-01-15,put,7160.0,90.3,91.5,90.9
2027-01-15,call,7170.0,681.0,688.1,684.55
2027-01-15,put,7170.0,91.6,92.7,92.15
2027-01-15,call,7175.0,676.7,683.8,680.25
2027-01-15,put,7175.0,92.3,93.4,92.85
2027-01-15,call,7180.0,672.2,679.5,675.85
2027-01-15,put,7180.0,92.9,94.0,93.45
2027-01-15,call,7190.0,664.0,671.0,667.5
2027-01-15,put,7190.0,94.2,95.3,94.75
2027-01-15,call,7200.0,655.1,662.4,658.75
2027-01-15,put,7200.0,95.5,96.7,96.1
2027-01-15,call,7210.0,646.6,653.8,650.2
2027-01-15,put,7210.0,96.9,98.0,97.45
2027-01-15,call,7220.0,638.1,645.3,641.7
2027-01-15,put,7220.0,98.3,99.4,98.85
2027-01-15,call,7225.0,634.1,641.1,637.6
2027-01-15,put,7225.0,99.0,100.1,99.55
2027-01-15,call,7230.0,629.9,636.9,633.4
2027-01-15,put,7230.0,99.7,100.8,100.25
2027-01-15,call,7240.0,621.5,628.5,625.0
2027-01-15,put,7240.0,101.0,102.3,101.65
2027-01-15,call,7250.0,613.1,620.0,616.55
2027-01-15,put,7250.0,102.4,103.8,103.1
2027-01-15,call,7260.0,604.7,611.7,608.2
2027-01-15,put,7260.0,103.8,105.2,104.5
2027-01-15,call,7270.0,596.4,603.3,599.8499999999999
2027-01-15,put,7270.0,105.4,106.7,106.05000000000001
2027-01-15,call,7275.0,592.3,599.1,595.7
2027-01-15,put,7275.0,106.2,107.5,106.85
2027-01-15,call,7280.0,588.0,595.0,591.5
2027-01-15,put,7280.0,106.9,108.4,107.65
2027-01-15,call,7290.0,579.8,586.6,583.2
2027-01-15,put,7290.0,108.4,109.9,109.15
2027-01-15,call,7300.0,571.5,578.3,574.9
2027-01-15,put,7300.0,110.1,111.5,110.8
2027-01-15,call,7310.0,563.3,570.1,566.7
2027-01-15,put,7310.0,111.7,113.0,112.35
2027-01-15,call,7320.0,555.0,561.9,558.45
2027-01-15,put,7320.0,113.3,114.8,114.05
2027-01-15,call,7325.0,551.0,557.6,554.3
2027-01-15,put,7325.0,114.2,115.5,114.85
2027-01-15,call,7330.0,546.8,553.6,550.2
2027-01-15,put,7330.0,115.0,116.4,115.7
2027-01-15,call,7340.0,538.5,545.5,542.0
2027-01-15,put,7340.0,116.7,118.1,117.4
2027-01-15,call,7350.0,530.4,537.3,533.8499999999999
2027-01-15,put,7350.0,118.7,119.5,119.1
2027-01-15,call,7360.0,522.3,529.3,525.8
2027-01-15,put,7360.0,120.2,121.7,120.95
2027-01-15,call,7370.0,514.5,521.1,517.8
2027-01-15,put,7370.0,122.0,123.5,122.75
2027-01-15,call,7375.0,510.5,517.1,513.8
2027-01-15,put,7375.0,122.9,124.4,123.65
2027-01-15,call,7380.0,506.5,513.1,509.8
2027-01-15,put,7380.0,123.8,125.4,124.6
2027-01-15,call,7390.0,498.5,505.0,501.75
2027-01-15,put,7390.0,125.7,127.1,126.4
2027-01-15,call,7400.0,490.6,497.1,493.85
2027-01-15,put,7400.0,127.9,128.7,128.3
2027-01-15,call,7410.0,482.4,489.1,485.75
2027-01-15,put,7410.0,129.5,131.1,130.3
2027-01-15,call,7420.0,474.8,480.8,477.8
2027-01-15,put,7420.0,131.5,133.1,132.3
2027-01-15,call,7425.0,470.7,477.3,474.0
2027-01-15,put,7425.0,132.5,134.1,133.3
2027-01-15,call,7430.0,467.0,473.5,470.25
2027-01-15,put,7430.0,133.5,135.2,134.35
2027-01-15,call,7440.0,459.2,465.5,462.35
2027-01-15,put,7440.0,135.6,137.0,136.3
2027-01-15,call,7450.0,451.5,457.9,454.7
2027-01-15,put,7450.0,138.0,138.9,138.45
2027-01-15,call,7460.0,443.7,450.1,446.9
2027-01-15,put,7460.0,139.9,141.3,140.60000000000002
2027-01-15,call,7470.0,436.1,442.4,439.25
2027-01-15,put,7470.0,142.1,143.7,142.89999999999998
2027-01-15,call,7475.0,432.3,438.6,435.45000000000005
2027-01-15,put,7475.0,143.2,144.6,143.89999999999998
2027-01-15,call,7480.0,428.5,434.8,431.65
2027-01-15,put,7480.0,144.4,145.8,145.10000000000002
2027-01-15,call,7490.0,420.9,427.2,424.04999999999995
2027-01-15,put,7490.0,146.6,148.2,147.39999999999998
2027-01-15,call,7500.0,413.3,419.6,416.45000000000005
2027-01-15,put,7500.0,149.1,150.0,149.55
2027-01-15,call,7510.0,405.6,412.0,408.8
2027-01-15,put,7510.0,151.3,152.8,152.05
2027-01-15,call,7520.0,398.8,404.3,401.55
2027-01-15,put,7520.0,153.5,155.2,154.35
2027-01-15,call,7525.0,395.1,400.4,397.75
2027-01-15,put,7525.0,154.9,156.5,155.7
2027-01-15,call,7530.0,391.4,396.9,394.15
2027-01-15,put,7530.0,156.2,157.7,156.95
2027-01-15,call,7540.0,384.0,389.6,386.8
2027-01-15,put,7540.0,158.7,160.2,159.45
2027-01-15,call,7550.0,376.7,382.2,379.45
2027-01-15,put,7550.0,161.4,162.4,161.9
2027-01-15,call,7560.0,369.5,375.0,372.25
2027-01-15,put,7560.0,163.8,165.4,164.60000000000002
2027-01-15,call,7570.0,362.3,367.8,365.05
2027-01-15,put,7570.0,166.5,168.1,167.3
2027-01-15,call,7575.0,358.7,364.2,361.45
2027-01-15,put,7575.0,167.8,169.4,168.60000000000002
2027-01-15,call,7580.0,355.1,360.6,357.85
2027-01-15,put,7580.0,169.2,170.8,170.0
2027-01-15,call,7590.0,348.1,353.5,350.8
2027-01-15,put,7590.0,171.9,173.6,172.75
2027-01-15,call,7600.0,341.0,346.4,343.7
2027-01-15,put,7600.0,175.0,175.9,175.45
2027-01-15,call,7610.0,334.0,339.2,336.6
2027-01-15,put,7610.0,177.6,179.3,178.45
2027-01-15,call,7620.0,327.1,332.5,329.8
2027-01-15,put,7620.0,180.4,182.2,181.3
2027-01-15,call,7625.0,323.7,329.1,326.4
2027-01-15,put,7625.0,182.1,183.7,182.89999999999998
2027-01-15,call,7630.0,320.3,325.6,322.95000000000005
2027-01-15,put,7630.0,183.6,185.2,184.39999999999998
2027-01-15,call,7640.0,313.5,318.8,316.15
2027-01-15,put,7640.0,186.6,188.3,187.45
2027-01-15,call,7650.0,306.8,312.1,309.45000000000005
2027-01-15,put,7650.0,190.0,190.9,190.45
2027-01-15,call,7660.0,300.1,305.4,302.75
2027-01-15,put,7660.0,192.9,194.6,193.75
2027-01-15,call,7670.0,293.5,298.8,296.15
2027-01-15,put,7670.0,196.0,197.8,196.9
2027-01-15,call,7675.0,290.2,295.5,292.85
2027-01-15,put,7675.0,197.8,199.5,198.65
2027-01-15,call,7680.0,288.5,291.0,289.75
2027-01-15,put,7680.0,199.3,201.0,200.15
2027-01-15,call,7690.0,282.0,284.5,283.25
2027-01-15,put,7690.0,202.8,204.4,203.60000000000002
2027-01-15,call,7700.0,275.6,278.1,276.85
2027-01-15,put,7700.0,206.3,208.0,207.15
2027-01-15,call,7710.0,269.3,271.9,270.6
2027-01-15,put,7710.0,209.8,211.1,210.45
2027-01-15,call,7720.0,262.9,265.4,264.15
2027-01-15,put,7720.0,213.4,215.2,214.3
2027-01-15,call,7725.0,259.8,262.1,260.95000000000005
2027-01-15,put,7725.0,215.1,217.0,216.05
2027-01-15,call,7730.0,256.7,259.0,257.85
2027-01-15,put,7730.0,217.0,218.8,217.9
2027-01-15,call,7740.0,250.6,252.9,251.75
2027-01-15,put,7740.0,220.8,222.6,221.7
2027-01-15,call,7750.0,244.6,246.8,245.7
2027-01-15,put,7750.0,224.6,226.4,225.5
2027-01-15,call,7760.0,238.7,240.9,239.8
2027-01-15,put,7760.0,228.3,230.3,229.3
2027-01-15,call,7770.0,232.8,235.1,233.95
2027-01-15,put,7770.0,232.3,234.2,233.25
2027-01-15,call,7775.0,229.9,232.0,230.95
2027-01-15,put,7775.0,234.4,236.4,235.4
2027-01-15,call,7780.0,227.0,229.1,228.05
2027-01-15,put,7780.0,236.4,238.3,237.35000000000002
2027-01-15,call,7790.0,221.2,223.4,222.3
2027-01-15,put,7790.0,240.4,242.4,241.4
2027-01-15,call,7800.0,215.4,217.7,216.55
2027-01-15,put,7800.0,244.6,246.6,245.6
2027-01-15,call,7810.0,210.0,212.3,211.15
2027-01-15,put,7810.0,249.0,250.9,249.95
2027-01-15,call,7820.0,204.5,206.8,205.65
2027-01-15,put,7820.0,253.3,255.0,254.15
2027-01-15,call,7825.0,201.7,203.6,202.64999999999998
2027-01-15,put,7825.0,255.5,257.2,256.35
2027-01-15,call,7830.0,199.0,201.1,200.05
2027-01-15,put,7830.0,257.8,259.4,258.6
2027-01-15,call,7840.0,193.6,195.6,194.6
2027-01-15,put,7840.0,262.3,264.0,263.15
2027-01-15,call,7850.0,188.5,190.5,189.5
2027-01-15,put,7850.0,265.9,268.6,267.25
2027-01-15,call,7860.0,183.2,185.3,184.25
2027-01-15,put,7860.0,270.5,273.3,271.9
2027-01-15,call,7870.0,178.2,180.2,179.2
2027-01-15,put,7870.0,275.3,278.1,276.70000000000005
2027-01-15,call,7875.0,175.7,177.7,176.7
2027-01-15,put,7875.0,277.7,280.5,279.1
2027-01-15,call,7880.0,173.2,175.2,174.2
2027-01-15,put,7880.0,280.2,283.0,281.6
2027-01-15,call,7890.0,168.3,170.3,169.3
2027-01-15,put,7890.0,284.4,289.5,286.95
2027-01-15,call,7900.0,163.4,165.5,164.45
2027-01-15,put,7900.0,289.4,294.6,292.0
2027-01-15,call,7910.0,158.8,160.7,159.75
2027-01-15,put,7910.0,294.5,299.7,297.1
2027-01-15,call,7920.0,154.1,156.1,155.1
2027-01-15,put,7920.0,299.6,304.9,302.25
2027-01-15,call,7925.0,151.8,153.8,152.8
2027-01-15,put,7925.0,302.6,307.5,305.05
2027-01-15,call,7930.0,149.5,151.4,150.45
2027-01-15,put,7930.0,304.9,310.2,307.54999999999995
2027-01-15,call,7940.0,145.1,147.1,146.1
2027-01-15,put,7940.0,310.6,315.6,313.1
2027-01-15,call,7950.0,141.2,142.3,141.75
2027-01-15,put,7950.0,315.8,321.1,318.45000000000005
2027-01-15,call,7960.0,136.6,138.4,137.5
2027-01-15,put,7960.0,321.7,326.8,324.25
2027-01-15,call,7970.0,132.3,134.1,133.2
2027-01-15,put,7970.0,327.0,332.4,329.7
2027-01-15,call,7975.0,130.3,132.2,131.25
2027-01-15,put,7975.0,329.8,335.2,332.5
2027-01-15,call,7980.0,128.2,130.0,129.1
2027-01-15,put,7980.0,332.7,338.1,335.4
2027-01-15,call,7990.0,124.3,126.0,125.15
2027-01-15,put,7990.0,338.6,344.0,341.3
2027-01-15,call,8000.0,120.8,121.8,121.3
2027-01-15,put,8000.0,344.5,350.0,347.25
2027-01-15,call,8010.0,116.5,118.3,117.4
2027-01-15,put,8010.0,350.6,356.0,353.3
2027-01-15,call,8020.0,112.9,114.5,113.7
2027-01-15,put,8020.0,356.6,362.1,359.35
2027-01-15,call,8025.0,111.0,113.0,112.0
2027-01-15,put,8025.0,359.8,365.3,362.55
2027-01-15,call,8030.0,109.2,111.2,110.2
2027-01-15,put,8030.0,362.8,368.4,365.6
2027-01-15,call,8040.0,105.7,107.3,106.5
2027-01-15,put,8040.0,369.2,374.7,371.95
2027-01-15,call,8050.0,102.2,103.8,103.0
2027-01-15,put,8050.0,375.5,381.1,378.3
2027-01-15,call,8060.0,99.2,100.2,99.7
2027-01-15,put,8060.0,382.0,387.6,384.8
2027-01-15,call,8070.0,95.9,96.9,96.4
2027-01-15,put,8070.0,388.5,394.1,391.3
2027-01-15,call,8075.0,94.3,95.3,94.8
2027-01-15,put,8075.0,391.9,397.5,394.7
2027-01-15,call,8080.0,92.7,93.7,93.2
2027-01-15,put,8080.0,395.2,400.9,398.04999999999995
2027-01-15,call,8090.0,89.5,90.6,90.05
2027-01-15,put,8090.0,401.9,407.6,404.75
2027-01-15,call,8100.0,86.7,87.6,87.15
2027-01-15,put,8100.0,408.7,414.4,411.54999999999995
2027-01-15,call,8110.0,83.5,84.6,84.05
2027-01-15,put,8110.0,415.3,421.7,418.5
2027-01-15,call,8120.0,80.7,81.8,81.25
2027-01-15,put,8120.0,422.3,428.7,425.5
2027-01-15,call,8125.0,79.3,80.4,79.85
2027-01-15,put,8125.0,425.8,432.3,429.05
2027-01-15,call,8130.0,77.9,79.0,78.45
2027-01-15,put,8130.0,429.3,435.8,432.55
2027-01-15,call,8140.0,75.2,76.2,75.7
2027-01-15,put,8140.0,436.4,443.0,439.7
2027-01-15,call,8150.0,72.5,73.7,73.1
2027-01-15,put,8150.0,443.6,450.2,446.9
2027-01-15,call,8175.0,66.2,67.4,66.80000000000001
2027-01-15,put,8175.0,461.9,468.6,465.25
2027-01-15,call,8200.0,60.4,61.6,61.0
2027-01-15,put,8200.0,480.7,487.5,484.1
2027-01-15,call,8225.0,55.0,56.2,55.6
2027-01-15,put,8225.0,500.0,507.1,503.55
2027-01-15,call,8250.0,50.1,51.0,50.55
2027-01-15,put,8250.0,520.2,527.2,523.7
2027-01-15,call,8275.0,45.7,46.5,46.1
2027-01-15,put,8275.0,539.7,546.7,543.2
2027-01-15,call,8300.0,41.5,42.3,41.9
2027-01-15,put,8300.0,560.0,567.1,563.55
2027-01-15,call,8350.0,34.1,34.8,34.45
2027-01-15,put,8350.0,601.8,609.1,605.45
2027-01-15,call,8400.0,27.8,28.7,28.25
2027-01-15,put,8400.0,644.8,652.2,648.5
2027-01-15,call,8450.0,22.6,23.5,23.05
2027-01-15,put,8450.0,689.0,696.4,692.7
2027-01-15,call,8500.0,18.3,19.2,18.75
2027-01-15,put,8500.0,733.2,742.6,737.9000000000001
2027-01-15,call,8550.0,14.8,15.7,15.25
2027-01-15,put,8550.0,779.0,788.2,783.6
2027-01-15,call,8600.0,12.0,12.8,12.4
2027-01-15,put,8600.0,825.4,834.7,830.05
2027-01-15,call,8650.0,9.7,10.5,10.1
2027-01-15,put,8650.0,872.4,881.6,877.0
2027-01-15,call,8700.0,7.9,8.6,8.25
2027-01-15,put,8700.0,919.9,929.3,924.5999999999999
2027-01-15,call,8750.0,6.4,7.1,6.75
2027-01-15,put,8750.0,967.7,977.1,972.4000000000001
2027-01-15,call,8800.0,5.3,5.7,5.5
2027-01-15,put,8800.0,1015.8,1025.3,1020.55
2027-01-15,call,8850.0,4.4,4.8,4.6
2027-01-15,put,8850.0,1064.2,1073.4,1068.8000000000002
2027-01-15,call,8900.0,3.7,4.1,3.9
2027-01-15,put,8900.0,1112.7,1121.8,1117.25
2027-01-15,call,9000.0,2.6,3.0,2.8
2027-01-15,put,9000.0,1210.3,1219.3,1214.8
2027-01-15,call,9100.0,1.95,2.3,2.125
2027-01-15,put,9100.0,1308.2,1317.4,1312.8000000000002
2027-01-15,call,9200.0,1.45,1.8,1.625
2027-01-15,put,9200.0,1406.3,1415.5,1410.9
2027-01-15,call,9300.0,1.1,1.5,1.3
2027-01-15,put,9300.0,1504.5,1513.5,1509.0
2027-01-15,call,9400.0,0.85,1.2,1.025
2027-01-15,put,9400.0,1602.8,1612.1,1607.4499999999998
2027-01-15,call,9500.0,0.65,1.0,0.825
2027-01-15,put,9500.0,1701.2,1710.5,1705.85
2027-01-15,call,9600.0,0.5,0.9,0.7
2027-01-15,put,9600.0,1799.7,1808.8,1804.25
2027-01-15,call,9800.0,0.3,0.65,0.475
2027-01-15,put,9800.0,1996.6,2005.9,2001.25
2027-01-15,call,10000.0,0.2,0.5,0.35
2027-01-15,put,10000.0,2193.7,2202.7,2198.2
2027-01-15,call,10200.0,0.1,0.4,0.25
2027-01-15,put,10200.0,2390.8,2399.9,2395.3500000000004
2027-01-15,call,10400.0,0.05,0.35,0.19999999999999998
2027-01-15,put,10400.0,2587.9,2597.0,2592.45
2027-01-15,put,10600.0,2785.1,2794.2,2789.6499999999996
2027-01-15,put,10800.0,2982.2,2991.2,2986.7
2027-01-29,call,3000.0,4703.4,4713.4,4708.4
2027-01-29,put,3000.0,1.9,2.25,2.075
2027-01-29,call,3200.0,4507.0,4517.0,4512.0
2027-01-29,put,3200.0,2.35,2.7,2.5250000000000004
2027-01-29,call,3400.0,4310.7,4320.7,4315.7
2027-01-29,put,3400.0,2.9,3.2,3.05
2027-01-29,call,3600.0,4114.5,4124.5,4119.5
2027-01-29,put,3600.0,3.5,3.9,3.7
2027-01-29,call,3800.0,3918.5,3928.5,3923.5
2027-01-29,put,3800.0,4.2,4.6,4.4
2027-01-29,call,4000.0,3722.5,3732.5,3727.5
2027-01-29,put,4000.0,5.1,5.4,5.25
2027-01-29,call,4200.0,3526.7,3536.7,3531.7
2027-01-29,put,4200.0,6.0,6.5,6.25
2027-01-29,call,4400.0,3331.0,3341.0,3336.0
2027-01-29,put,4400.0,7.1,7.7,7.4
2027-01-29,call,4500.0,3233.2,3243.2,3238.2
2027-01-29,put,4500.0,7.8,8.3,8.05
2027-01-29,call,4600.0,3135.5,3145.5,3140.5
2027-01-29,put,4600.0,8.4,9.0,8.7
2027-01-29,call,4700.0,3037.9,3047.9,3042.9
2027-01-29,put,4700.0,9.1,9.8,9.45
2027-01-29,call,4800.0,2940.3,2950.3,2945.3
2027-01-29,put,4800.0,9.9,10.6,10.25
2027-01-29,call,4900.0,2842.7,2852.7,2847.7
2027-01-29,put,4900.0,10.8,11.4,11.100000000000001
2027-01-29,call,5000.0,2745.2,2755.2,2750.2
2027-01-29,put,5000.0,11.7,12.4,12.05
2027-01-29,call,5100.0,2647.8,2657.8,2652.8
2027-01-29,put,5100.0,12.7,13.4,13.05
2027-01-29,call,5200.0,2550.5,2560.5,2555.5
2027-01-29,put,5200.0,13.8,14.5,14.15
2027-01-29,call,5300.0,2453.3,2463.3,2458.3
2027-01-29,put,5300.0,15.0,15.7,15.35
2027-01-29,call,5400.0,2356.2,2366.2,2361.2
2027-01-29,put,5400.0,16.3,17.1,16.700000000000003
2027-01-29,call,5500.0,2259.3,2269.3,2264.3
2027-01-29,put,5500.0,17.8,18.5,18.15
2027-01-29,call,5600.0,2162.4,2172.4,2167.4
2027-01-29,put,5600.0,19.4,20.2,19.799999999999997
2027-01-29,call,5650.0,2114.1,2124.1,2119.1
2027-01-29,put,5650.0,20.2,21.0,20.6
2027-01-29,call,5700.0,2065.8,2075.8,2070.8
2027-01-29,put,5700.0,21.2,22.0,21.6
2027-01-29,call,5750.0,2017.6,2027.6,2022.6
2027-01-29,put,5750.0,22.1,22.9,22.5
2027-01-29,call,5800.0,1969.4,1979.4,1974.4
2027-01-29,put,5800.0,23.1,24.0,23.55
2027-01-29,call,5850.0,1921.2,1931.2,1926.2
2027-01-29,put,5850.0,24.2,25.1,24.65
2027-01-29,call,5900.0,1873.2,1883.2,1878.2
2027-01-29,put,5900.0,25.3,26.2,25.75
2027-01-29,call,5950.0,1825.2,1835.2,1830.2
2027-01-29,put,5950.0,26.5,27.4,26.95
2027-01-29,call,6000.0,1777.2,1787.2,1782.2
2027-01-29,put,6000.0,27.8,28.7,28.25
2027-01-29,call,6050.0,1729.4,1739.4,1734.4
2027-01-29,put,6050.0,29.1,30.1,29.6
2027-01-29,call,6100.0,1681.6,1691.6,1686.6
2027-01-29,put,6100.0,30.6,31.5,31.05
2027-01-29,call,6125.0,1657.8,1667.8,1662.8
2027-01-29,put,6125.0,31.4,32.3,31.849999999999998
2027-01-29,call,6150.0,1634.0,1644.0,1639.0
2027-01-29,put,6150.0,32.1,33.1,32.6
2027-01-29,call,6175.0,1610.2,1620.2,1615.2
2027-01-29,put,6175.0,32.9,33.9,33.4
2027-01-29,call,6200.0,1586.4,1596.4,1591.4
2027-01-29,put,6200.0,33.8,34.8,34.3
2027-01-29,call,6225.0,1562.6,1572.6,1567.6
2027-01-29,put,6225.0,34.6,35.6,35.1
2027-01-29,call,6250.0,1538.9,1548.9,1543.9
2027-01-29,put,6250.0,35.5,36.5,36.0
2027-01-29,call,6275.0,1515.2,1525.2,1520.2
2027-01-29,put,6275.0,36.4,37.4,36.9
2027-01-29,call,6300.0,1491.6,1501.6,1496.6
2027-01-29,put,6300.0,37.4,38.4,37.9
2027-01-29,call,6325.0,1468.0,1478.0,1473.0
2027-01-29,put,6325.0,38.4,39.4,38.9
2027-01-29,call,6350.0,1444.4,1454.4,1449.4
2027-01-29,put,6350.0,39.4,40.4,39.9
2027-01-29,call,6375.0,1420.8,1430.8,1425.8
2027-01-29,put,6375.0,40.5,41.4,40.95
2027-01-29,call,6400.0,1397.3,1407.3,1402.3
2027-01-29,put,6400.0,41.5,42.5,42.0
2027-01-29,call,6425.0,1373.8,1383.8,1378.8
2027-01-29,put,6425.0,42.7,43.6,43.150000000000006
2027-01-29,call,6450.0,1350.4,1360.4,1355.4
2027-01-29,put,6450.0,43.8,44.7,44.25
2027-01-29,call,6475.0,1327.0,1337.0,1332.0
2027-01-29,put,6475.0,45.0,45.9,45.45
2027-01-29,call,6500.0,1303.6,1313.6,1308.6
2027-01-29,put,6500.0,46.3,47.2,46.75
2027-01-29,call,6525.0,1280.3,1290.3,1285.3
2027-01-29,put,6525.0,47.6,48.4,48.0
2027-01-29,call,6550.0,1258.2,1266.6,1262.4
2027-01-29,put,6550.0,48.8,49.8,49.3
2027-01-29,call,6575.0,1235.3,1243.4,1239.35
2027-01-29,put,6575.0,50.3,51.1,50.7
2027-01-29,call,6600.0,1212.1,1220.1,1216.1
2027-01-29,put,6600.0,51.4,52.6,52.0
2027-01-29,call,6625.0,1189.0,1197.0,1193.0
2027-01-29,put,6625.0,52.9,54.0,53.45
2027-01-29,call,6650.0,1166.0,1173.9,1169.95
2027-01-29,put,6650.0,54.4,55.5,54.95
2027-01-29,call,6675.0,1143.0,1150.9,1146.95
2027-01-29,put,6675.0,56.0,57.1,56.55
2027-01-29,call,6700.0,1119.9,1127.8,1123.85
2027-01-29,put,6700.0,57.6,58.7,58.150000000000006
2027-01-29,call,6725.0,1097.1,1105.0,1101.05
2027-01-29,put,6725.0,59.2,60.4,59.8
2027-01-29,call,6750.0,1074.3,1082.1,1078.1999999999998
2027-01-29,put,6750.0,61.0,62.2,61.6
2027-01-29,call,6775.0,1051.4,1059.3,1055.35
2027-01-29,put,6775.0,62.8,64.0,63.4
2027-01-29,call,6800.0,1028.1,1035.8,1031.9499999999998
2027-01-29,put,6800.0,64.8,65.9,65.35
2027-01-29,call,6825.0,1006.2,1013.9,1010.05
2027-01-29,put,6825.0,66.7,67.8,67.25
2027-01-29,call,6850.0,983.5,991.2,987.35
2027-01-29,put,6850.0,68.7,70.0,69.35
2027-01-29,call,6875.0,961.0,968.7,964.85
2027-01-29,put,6875.0,70.8,72.1,71.44999999999999
2027-01-29,call,6900.0,938.7,946.3,942.5
2027-01-29,put,6900.0,73.0,74.1,73.55
2027-01-29,call,6925.0,916.3,923.3,919.8
2027-01-29,put,6925.0,75.3,76.4,75.85
2027-01-29,call,6950.0,894.1,901.5,897.8
2027-01-29,put,6950.0,77.6,78.9,78.25
2027-01-29,call,6975.0,871.9,879.4,875.65
2027-01-29,put,6975.0,80.0,81.3,80.65
2027-01-29,call,7000.0,849.3,857.3,853.3
2027-01-29,put,7000.0,82.6,83.7,83.15
2027-01-29,call,7025.0,827.9,835.3,831.5999999999999
2027-01-29,put,7025.0,85.2,86.3,85.75
2027-01-29,call,7050.0,805.4,812.7,809.05
2027-01-29,put,7050.0,87.9,89.3,88.6
2027-01-29,call,7075.0,784.3,791.6,787.95
2027-01-29,put,7075.0,90.7,91.9,91.30000000000001
2027-01-29,call,7100.0,762.0,769.2,765.6
2027-01-29,put,7100.0,93.6,95.0,94.3
2027-01-29,call,7125.0,741.1,748.3,744.7
2027-01-29,put,7125.0,96.7,98.1,97.4
2027-01-29,call,7150.0,719.1,726.2,722.6500000000001
2027-01-29,put,7150.0,99.9,101.1,100.5
2027-01-29,call,7160.0,711.2,718.4,714.8
2027-01-29,put,7160.0,101.0,102.4,101.7
2027-01-29,call,7170.0,702.7,709.8,706.25
2027-01-29,put,7170.0,102.4,104.0,103.2
2027-01-29,call,7175.0,698.5,705.6,702.05
2027-01-29,put,7175.0,102.9,104.4,103.65
2027-01-29,call,7180.0,693.7,700.7,697.2
2027-01-29,put,7180.0,103.7,105.1,104.4
2027-01-29,call,7190.0,685.7,692.7,689.2
2027-01-29,put,7190.0,105.1,106.5,105.8
2027-01-29,call,7200.0,677.3,684.4,680.8499999999999
2027-01-29,put,7200.0,106.5,107.9,107.2
2027-01-29,call,7210.0,668.9,676.0,672.45
2027-01-29,put,7210.0,107.8,109.3,108.55
2027-01-29,call,7220.0,660.3,667.5,663.9
2027-01-29,put,7220.0,109.3,110.8,110.05
2027-01-29,call,7225.0,656.3,663.3,659.8
2027-01-29,put,7225.0,110.1,111.5,110.8
2027-01-29,call,7230.0,652.1,659.2,655.6500000000001
2027-01-29,put,7230.0,110.8,112.2,111.5
2027-01-29,call,7240.0,643.8,650.8,647.3
2027-01-29,put,7240.0,112.3,113.7,113.0
2027-01-29,call,7250.0,635.5,642.5,639.0
2027-01-29,put,7250.0,113.8,115.3,114.55
2027-01-29,call,7260.0,626.6,633.5,630.05
2027-01-29,put,7260.0,115.2,116.9,116.05000000000001
2027-01-29,call,7270.0,618.9,625.9,622.4
2027-01-29,put,7270.0,116.9,118.4,117.65
2027-01-29,call,7275.0,614.8,621.7,618.25
2027-01-29,put,7275.0,117.7,119.2,118.45
2027-01-29,call,7280.0,610.7,617.6,614.1500000000001
2027-01-29,put,7280.0,118.5,120.0,119.25
2027-01-29,call,7290.0,602.5,609.4,605.95
2027-01-29,put,7290.0,120.1,121.6,120.85
2027-01-29,call,7300.0,593.8,601.2,597.5
2027-01-29,put,7300.0,121.8,123.5,122.65
2027-01-29,call,7310.0,586.1,593.0,589.55
2027-01-29,put,7310.0,123.4,124.9,124.15
2027-01-29,call,7320.0,577.6,584.8,581.2
2027-01-29,put,7320.0,125.1,126.7,125.9
2027-01-29,call,7325.0,574.0,580.8,577.4
2027-01-29,put,7325.0,126.0,127.9,126.95
2027-01-29,call,7330.0,570.0,576.7,573.35
2027-01-29,put,7330.0,126.8,128.4,127.6
2027-01-29,call,7340.0,561.9,568.7,565.3
2027-01-29,put,7340.0,128.6,130.2,129.39999999999998
2027-01-29,call,7350.0,553.9,560.6,557.25
2027-01-29,put,7350.0,130.4,132.1,131.25
2027-01-29,call,7360.0,545.3,551.9,548.5999999999999
2027-01-29,put,7360.0,132.2,133.8,133.0
2027-01-29,call,7370.0,537.8,544.5,541.15
2027-01-29,put,7370.0,134.1,135.7,134.89999999999998
2027-01-29,call,7375.0,533.9,540.5,537.2
2027-01-29,put,7375.0,135.0,136.6,135.8
2027-01-29,call,7380.0,529.4,536.0,532.7
2027-01-29,put,7380.0,135.9,137.6,136.75
2027-01-29,call,7390.0,521.5,528.1,524.8
2027-01-29,put,7390.0,137.9,139.5,138.7
2027-01-29,call,7400.0,514.2,520.8,517.5
2027-01-29,put,7400.0,139.9,141.5,140.7
2027-01-29,call,7410.0,506.3,512.8,509.54999999999995
2027-01-29,put,7410.0,141.9,143.5,142.7
2027-01-29,call,7420.0,498.6,505.1,501.85
2027-01-29,put,7420.0,144.0,145.6,144.8
2027-01-29,call,7425.0,494.7,501.1,497.9
2027-01-29,put,7425.0,144.9,146.6,145.75
2027-01-29,call,7430.0,490.8,497.2,494.0
2027-01-29,put,7430.0,146.0,147.7,146.85
2027-01-29,call,7440.0,483.0,489.4,486.2
2027-01-29,put,7440.0,148.2,149.8,149.0
2027-01-29,call,7450.0,475.4,481.8,478.6
2027-01-29,put,7450.0,150.2,151.9,151.05
2027-01-29,call,7460.0,467.7,474.1,470.9
2027-01-29,put,7460.0,152.5,154.1,153.3
2027-01-29,call,7470.0,460.1,466.4,463.25
2027-01-29,put,7470.0,154.6,156.4,155.5
2027-01-29,call,7475.0,456.3,462.7,459.5
2027-01-29,put,7475.0,155.8,157.6,156.7
2027-01-29,call,7480.0,452.5,458.8,455.65
2027-01-29,put,7480.0,156.9,158.6,157.75
2027-01-29,call,7490.0,444.8,451.3,448.05
2027-01-29,put,7490.0,159.3,161.0,160.15
2027-01-29,call,7500.0,437.5,443.9,440.7
2027-01-29,put,7500.0,161.6,163.4,162.5
2027-01-29,call,7510.0,430.1,436.4,433.25
2027-01-29,put,7510.0,164.0,165.6,164.8
2027-01-29,call,7520.0,423.0,428.5,425.75
2027-01-29,put,7520.0,166.5,168.2,167.35
2027-01-29,call,7525.0,419.3,425.0,422.15
2027-01-29,put,7525.0,167.7,169.3,168.5
2027-01-29,call,7530.0,415.7,421.3,418.5
2027-01-29,put,7530.0,168.9,170.6,169.75
2027-01-29,call,7540.0,408.4,413.7,411.04999999999995
2027-01-29,put,7540.0,171.5,173.3,172.4
2027-01-29,call,7550.0,401.1,406.7,403.9
2027-01-29,put,7550.0,174.0,176.1,175.05
2027-01-29,call,7560.0,393.9,399.5,396.7
2027-01-29,put,7560.0,176.7,178.7,177.7
2027-01-29,call,7570.0,386.7,392.1,389.4
2027-01-29,put,7570.0,179.3,181.4,180.35000000000002
2027-01-29,call,7575.0,383.1,388.8,385.95000000000005
2027-01-29,put,7575.0,180.7,182.9,181.8
2027-01-29,call,7580.0,379.6,385.2,382.4
2027-01-29,put,7580.0,182.0,184.1,183.05
2027-01-29,call,7590.0,372.5,378.1,375.3
2027-01-29,put,7590.0,184.8,186.7,185.75
2027-01-29,call,7600.0,365.5,371.1,368.3
2027-01-29,put,7600.0,187.6,189.7,188.64999999999998
2027-01-29,call,7610.0,358.6,364.1,361.35
2027-01-29,put,7610.0,190.5,192.6,191.55
2027-01-29,call,7620.0,351.7,357.2,354.45
2027-01-29,put,7620.0,193.3,195.6,194.45
2027-01-29,call,7625.0,348.3,353.8,351.05
2027-01-29,put,7625.0,194.9,197.0,195.95
2027-01-29,call,7630.0,344.8,350.4,347.6
2027-01-29,put,7630.0,196.4,198.5,197.45
2027-01-29,call,7640.0,338.0,343.5,340.75
2027-01-29,put,7640.0,199.3,201.4,200.35000000000002
2027-01-29,call,7650.0,331.3,336.8,334.05
2027-01-29,put,7650.0,202.4,204.4,203.4
2027-01-29,call,7660.0,324.6,330.1,327.35
2027-01-29,put,7660.0,205.7,208.1,206.89999999999998
2027-01-29,call,7670.0,318.0,323.5,320.75
2027-01-29,put,7670.0,208.8,211.3,210.05
2027-01-29,call,7675.0,314.7,320.1,317.4
2027-01-29,put,7675.0,210.4,212.8,211.60000000000002
2027-01-29,call,7680.0,311.5,316.9,314.2
2027-01-29,put,7680.0,212.2,214.6,213.39999999999998
2027-01-29,call,7690.0,306.5,309.0,307.75
2027-01-29,put,7690.0,215.4,217.8,216.60000000000002
2027-01-29,call,7700.0,299.9,302.6,301.25
2027-01-29,put,7700.0,218.8,221.1,219.95
2027-01-29,call,7710.0,293.7,296.3,295.0
2027-01-29,put,7710.0,222.4,224.8,223.60000000000002
2027-01-29,call,7720.0,287.2,289.8,288.5
2027-01-29,put,7720.0,225.8,228.3,227.05
2027-01-29,call,7725.0,284.2,286.9,285.54999999999995
2027-01-29,put,7725.0,227.6,230.1,228.85
2027-01-29,call,7730.0,281.0,283.6,282.3
2027-01-29,put,7730.0,229.4,232.0,230.7
2027-01-29,call,7740.0,274.8,277.4,276.1
2027-01-29,put,7740.0,233.2,235.6,234.39999999999998
2027-01-29,call,7750.0,268.7,271.2,269.95
2027-01-29,put,7750.0,236.8,239.1,237.95
2027-01-29,call,7760.0,262.8,265.2,264.0
2027-01-29,put,7760.0,240.6,242.9,241.75
2027-01-29,call,7770.0,256.7,259.3,258.0
2027-01-29,put,7770.0,244.6,247.0,245.8
2027-01-29,call,7775.0,253.9,256.2,255.05
2027-01-29,put,7775.0,246.6,249.0,247.8
2027-01-29,call,7780.0,250.8,253.4,252.10000000000002
2027-01-29,put,7780.0,248.4,250.8,249.60000000000002
2027-01-29,call,7790.0,245.1,247.7,246.39999999999998
2027-01-29,put,7790.0,252.4,254.7,253.55
2027-01-29,call,7800.0,239.2,241.8,240.5
2027-01-29,put,7800.0,256.5,259.0,257.75
2027-01-29,call,7810.0,233.7,236.0,234.85
2027-01-29,put,7810.0,260.8,263.3,262.05
2027-01-29,call,7820.0,227.9,230.4,229.15
2027-01-29,put,7820.0,264.9,267.4,266.15
2027-01-29,call,7825.0,225.3,227.3,226.3
2027-01-29,put,7825.0,267.1,269.7,268.4
2027-01-29,call,7830.0,222.4,224.8,223.60000000000002
2027-01-29,put,7830.0,269.2,271.8,270.5
2027-01-29,call,7840.0,217.1,219.3,218.2
2027-01-29,put,7840.0,273.6,276.2,274.9
2027-01-29,call,7850.0,211.7,214.0,212.85
2027-01-29,put,7850.0,278.2,280.5,279.35
2027-01-29,call,7860.0,206.3,208.7,207.5
2027-01-29,put,7860.0,282.6,285.0,283.8
2027-01-29,call,7870.0,201.2,203.6,202.39999999999998
2027-01-29,put,7870.0,287.2,289.7,288.45
2027-01-29,call,7875.0,198.5,200.6,199.55
2027-01-29,put,7875.0,288.7,292.2,290.45
2027-01-29,call,7880.0,196.0,198.4,197.2
2027-01-29,put,7880.0,291.0,294.6,292.8
2027-01-29,call,7890.0,190.9,193.0,191.95
2027-01-29,put,7890.0,295.5,299.1,297.3
2027-01-29,call,7900.0,185.9,188.1,187.0
2027-01-29,put,7900.0,300.7,304.3,302.5
2027-01-29,call,7910.0,181.1,183.2,182.14999999999998
2027-01-29,put,7910.0,305.6,309.2,307.4
2027-01-29,call,7920.0,176.3,178.3,177.3
2027-01-29,put,7920.0,309.9,315.2,312.54999999999995
2027-01-29,call,7925.0,173.8,175.9,174.85000000000002
2027-01-29,put,7925.0,312.5,317.8,315.15
2027-01-29,call,7930.0,171.5,173.7,172.6
2027-01-29,put,7930.0,315.0,320.2,317.6
2027-01-29,call,7940.0,166.9,168.9,167.9
2027-01-29,put,7940.0,320.1,325.4,322.75
2027-01-29,call,7950.0,162.4,164.4,163.4
2027-01-29,put,7950.0,325.4,330.7,328.04999999999995
2027-01-29,call,7960.0,157.8,160.0,158.9
2027-01-29,put,7960.0,330.8,336.1,333.45000000000005
2027-01-29,call,7970.0,153.4,155.6,154.5
2027-01-29,put,7970.0,336.2,341.6,338.9
2027-01-29,call,7975.0,151.3,153.4,152.35000000000002
2027-01-29,put,7975.0,338.9,344.4,341.65
2027-01-29,call,7980.0,149.2,151.2,150.2
2027-01-29,put,7980.0,341.6,347.1,344.35
2027-01-29,call,8000.0,140.9,142.8,141.85000000000002
2027-01-29,put,8000.0,352.9,358.4,355.65
2027-01-29,call,8025.0,130.8,132.9,131.85000000000002
2027-01-29,put,8025.0,367.4,373.0,370.2
2027-01-29,call,8050.0,121.3,123.2,122.25
2027-01-29,put,8050.0,382.6,388.2,385.4
2027-01-29,call,8075.0,112.5,114.4,113.45
2027-01-29,put,8075.0,398.2,403.9,401.04999999999995
2027-01-29,call,8100.0,104.2,106.0,105.1
2027-01-29,put,8100.0,414.3,420.0,417.15
2027-01-29,call,8125.0,96.1,97.5,96.8
2027-01-29,put,8125.0,432.6,436.3,434.45000000000005
2027-01-29,call,8150.0,88.7,90.1,89.4
2027-01-29,put,8150.0,447.8,454.3,451.05
2027-01-29,call,8175.0,81.7,83.1,82.4
2027-01-29,put,8175.0,465.2,472.0,468.6
2027-01-29,call,8200.0,75.2,76.7,75.95
2027-01-29,put,8200.0,483.3,490.0,486.65
2027-01-29,call,8225.0,69.1,70.5,69.8
2027-01-29,put,8225.0,501.8,508.6,505.20000000000005
2027-01-29,call,8250.0,63.6,64.8,64.2
2027-01-29,put,8250.0,520.7,527.6,524.1500000000001
2027-01-29,call,8275.0,58.3,59.6,58.95
2027-01-29,put,8275.0,540.0,546.9,543.45
2027-01-29,call,8300.0,53.5,54.7,54.1
2027-01-29,put,8300.0,559.5,566.7,563.1
2027-01-29,call,8325.0,48.9,49.9,49.4
2027-01-29,put,8325.0,579.6,586.8,583.2
2027-01-29,call,8350.0,44.7,45.7,45.2
2027-01-29,put,8350.0,599.9,607.1,603.5
2027-01-29,call,8375.0,40.7,41.7,41.2
2027-01-29,put,8375.0,620.5,627.9,624.2
2027-01-29,call,8400.0,37.2,38.2,37.7
2027-01-29,put,8400.0,641.5,648.9,645.2
2027-01-29,call,8425.0,33.9,34.9,34.4
2027-01-29,put,8425.0,662.7,670.2,666.45
2027-01-29,call,8450.0,30.8,31.8,31.3
2027-01-29,put,8450.0,684.2,692.4,688.3
2027-01-29,call,8475.0,28.0,29.0,28.5
2027-01-29,put,8475.0,706.0,714.2,710.1
2027-01-29,call,8500.0,25.5,26.4,25.95
2027-01-29,put,8500.0,728.0,735.7,731.85
2027-01-29,call,8550.0,21.1,21.9,21.5
2027-01-29,put,8550.0,772.1,782.1,777.1
2027-01-29,call,8600.0,17.3,18.2,17.75
2027-01-29,put,8600.0,817.5,827.5,822.5
2027-01-29,call,8650.0,14.3,15.0,14.65
2027-01-29,put,8650.0,863.6,873.6,868.6
2027-01-29,call,8700.0,11.7,12.4,12.05
2027-01-29,put,8700.0,910.3,920.3,915.3
2027-01-29,call,8800.0,8.0,8.6,8.3
2027-01-29,put,8800.0,1004.9,1014.9,1009.9
2027-01-29,call,8900.0,5.5,6.1,5.8
2027-01-29,put,8900.0,1100.8,1110.8,1105.8
2027-01-29,call,9000.0,3.9,4.3,4.1
2027-01-29,put,9000.0,1197.6,1207.6,1202.6
2027-01-29,call,9100.0,2.8,3.2,3.0
2027-01-29,put,9100.0,1295.0,1305.0,1300.0
2027-01-29,call,9200.0,2.1,2.5,2.3
2027-01-29,put,9200.0,1392.7,1402.7,1397.7
2027-01-29,call,9400.0,1.25,1.65,1.45
2027-01-29,put,9400.0,1588.6,1598.6,1593.6
2027-01-29,call,9600.0,0.75,1.15,0.95
2027-01-29,put,9600.0,1785.0,1795.0,1790.0
2027-01-29,call,9800.0,0.45,0.85,0.65
2027-01-29,put,9800.0,1981.5,1991.5,1986.5
2027-01-29,call,10000.0,0.3,0.65,0.475
2027-01-29,put,10000.0,2178.2,2188.2,2183.2
2027-02-19,call,3200.0,4512.5,4521.8,4517.15
2027-02-19,put,3200.0,3.2,3.6,3.4000000000000004
2027-02-19,call,3400.0,4317.1,4326.2,4321.65
2027-02-19,put,3400.0,3.9,4.3,4.1
2027-02-19,call,3600.0,4121.7,4130.8,4126.25
2027-02-19,put,3600.0,4.7,5.1,4.9
2027-02-19,call,3800.0,3926.2,3935.5,3930.85
2027-02-19,put,3800.0,5.6,6.1,5.85
2027-02-19,call,3900.0,3828.7,3837.9,3833.3
2027-02-19,put,3900.0,6.2,6.7,6.45
2027-02-19,call,4000.0,3731.1,3740.3,3735.7
2027-02-19,put,4000.0,6.7,7.3,7.0
2027-02-19,call,4100.0,3633.5,3642.8,3638.15
2027-02-19,put,4100.0,7.3,7.9,7.6
2027-02-19,call,4200.0,3536.0,3545.3,3540.65
2027-02-19,put,4200.0,7.9,8.5,8.2
2027-02-19,call,4300.0,3438.8,3447.9,3443.3500000000004
2027-02-19,put,4300.0,8.6,9.2,8.899999999999999
2027-02-19,call,4400.0,3341.4,3350.5,3345.95
2027-02-19,put,4400.0,9.4,10.0,9.7
2027-02-19,call,4500.0,3243.8,3253.2,3248.5
2027-02-19,put,4500.0,10.1,10.8,10.45
2027-02-19,call,4600.0,3146.5,3155.9,3151.2
2027-02-19,put,4600.0,11.0,11.6,11.3
2027-02-19,call,4700.0,3049.3,3058.6,3053.95
2027-02-19,put,4700.0,11.9,12.5,12.2
2027-02-19,call,4800.0,2952.4,2961.5,2956.95
2027-02-19,put,4800.0,12.9,13.5,13.2
2027-02-19,call,4900.0,2855.2,2864.4,2859.8
2027-02-19,put,4900.0,13.9,14.6,14.25
2027-02-19,call,5000.0,2758.2,2767.4,2762.8
2027-02-19,put,5000.0,15.0,15.7,15.35
2027-02-19,call,5100.0,2661.3,2670.5,2665.9
2027-02-19,put,5100.0,16.3,17.0,16.65
2027-02-19,call,5200.0,2564.5,2573.7,2569.1
2027-02-19,put,5200.0,17.6,18.3,17.950000000000003
2027-02-19,call,5300.0,2467.9,2477.0,2472.45
2027-02-19,put,5300.0,19.0,19.8,19.4
2027-02-19,call,5350.0,2419.6,2428.7,2424.1499999999996
2027-02-19,put,5350.0,19.8,20.6,20.200000000000003
2027-02-19,call,5400.0,2371.1,2380.4,2375.75
2027-02-19,put,5400.0,20.6,21.4,21.0
2027-02-19,call,5450.0,2322.9,2332.2,2327.55
2027-02-19,put,5450.0,21.4,22.2,21.799999999999997
2027-02-19,call,5500.0,2274.9,2284.1,2279.5
2027-02-19,put,5500.0,22.3,23.1,22.700000000000003
2027-02-19,call,5550.0,2226.6,2235.9,2231.25
2027-02-19,put,5550.0,23.2,24.0,23.6
2027-02-19,call,5600.0,2178.5,2187.9,2183.2
2027-02-19,put,5600.0,24.2,25.0,24.6
2027-02-19,call,5650.0,2130.7,2139.8,2135.25
2027-02-19,put,5650.0,25.2,26.1,25.65
2027-02-19,call,5700.0,2082.5,2091.9,2087.2
2027-02-19,put,5700.0,26.3,27.1,26.700000000000003
2027-02-19,call,5750.0,2034.8,2043.9,2039.35
2027-02-19,put,5750.0,27.5,28.3,27.9
2027-02-19,call,5800.0,1986.7,1996.1,1991.4
2027-02-19,put,5800.0,28.7,29.5,29.1
2027-02-19,call,5850.0,1939.1,1948.3,1943.6999999999998
2027-02-19,put,5850.0,30.0,30.8,30.4
2027-02-19,call,5900.0,1891.4,1900.6,1896.0
2027-02-19,put,5900.0,31.4,32.1,31.75
2027-02-19,call,5950.0,1843.6,1853.0,1848.3
2027-02-19,put,5950.0,32.8,33.6,33.2
2027-02-19,call,6000.0,1796.3,1805.5,1800.9
2027-02-19,put,6000.0,34.3,35.1,34.7
2027-02-19,call,6050.0,1748.7,1758.0,1753.35
2027-02-19,put,6050.0,36.0,36.7,36.35
2027-02-19,call,6100.0,1701.5,1710.7,1706.1
2027-02-19,put,6100.0,37.7,38.4,38.05
2027-02-19,call,6150.0,1654.0,1663.4,1658.7
2027-02-19,put,6150.0,39.5,40.2,39.85
2027-02-19,call,6200.0,1607.1,1616.3,1611.6999999999998
2027-02-19,put,6200.0,41.4,42.2,41.8
2027-02-19,call,6250.0,1560.1,1569.3,1564.6999999999998
2027-02-19,put,6250.0,43.6,44.2,43.900000000000006
2027-02-19,call,6300.0,1513.2,1522.4,1517.8000000000002
2027-02-19,put,6300.0,45.7,46.4,46.05
2027-02-19,call,6350.0,1466.5,1475.7,1471.1
2027-02-19,put,6350.0,48.1,48.7,48.400000000000006
2027-02-19,call,6400.0,1419.9,1429.1,1424.5
2027-02-19,put,6400.0,50.4,51.4,50.9
2027-02-19,call,6450.0,1374.0,1382.3,1378.15
2027-02-19,put,6450.0,53.0,54.0,53.5
2027-02-19,call,6475.0,1350.9,1359.3,1355.1
2027-02-19,put,6475.0,54.4,55.4,54.9
2027-02-19,call,6500.0,1327.8,1336.2,1332.0
2027-02-19,put,6500.0,55.8,56.8,56.3
2027-02-19,call,6525.0,1304.8,1313.0,1308.9
2027-02-19,put,6525.0,57.2,58.3,57.75
2027-02-19,call,6550.0,1281.8,1290.0,1285.9
2027-02-19,put,6550.0,58.8,59.8,59.3
2027-02-19,call,6575.0,1258.8,1267.1,1262.9499999999998
2027-02-19,put,6575.0,60.3,61.4,60.849999999999994
2027-02-19,call,6600.0,1235.9,1244.2,1240.0500000000002
2027-02-19,put,6600.0,62.0,63.0,62.5
2027-02-19,call,6625.0,1213.1,1221.2,1217.15
2027-02-19,put,6625.0,63.6,64.6,64.1
2027-02-19,call,6650.0,1190.3,1198.3,1194.3
2027-02-19,put,6650.0,65.4,66.4,65.9
2027-02-19,call,6675.0,1167.6,1175.7,1171.65
2027-02-19,put,6675.0,67.2,68.1,67.65
2027-02-19,call,6700.0,1144.9,1152.9,1148.9
2027-02-19,put,6700.0,69.0,70.0,69.5
2027-02-19,call,6725.0,1122.3,1130.3,1126.3
2027-02-19,put,6725.0,70.9,71.9,71.4
2027-02-19,call,6750.0,1099.8,1107.8,1103.8
2027-02-19,put,6750.0,72.9,73.8,73.35
2027-02-19,call,6775.0,1077.3,1085.1,1081.1999999999998
2027-02-19,put,6775.0,74.9,75.9,75.4
2027-02-19,call,6800.0,1055.0,1062.8,1058.9
2027-02-19,put,6800.0,77.0,78.0,77.5
2027-02-19,call,6825.0,1032.2,1040.3,1036.25
2027-02-19,put,6825.0,79.2,80.1,79.65
2027-02-19,call,6850.0,1010.3,1018.0,1014.15
2027-02-19,put,6850.0,81.5,82.4,81.95
2027-02-19,call,6875.0,988.1,995.8,991.95
2027-02-19,put,6875.0,83.8,84.7,84.25
2027-02-19,call,6900.0,966.0,973.7,969.85
2027-02-19,put,6900.0,86.2,87.1,86.65
2027-02-19,call,6925.0,943.9,951.7,947.8
2027-02-19,put,6925.0,88.7,89.6,89.15
2027-02-19,call,6950.0,922.1,929.6,925.85
2027-02-19,put,6950.0,91.3,92.2,91.75
2027-02-19,call,6975.0,900.2,907.8,904.0
2027-02-19,put,6975.0,93.9,94.8,94.35
2027-02-19,call,7000.0,878.5,886.0,882.25
2027-02-19,put,7000.0,96.7,97.6,97.15
2027-02-19,call,7025.0,856.8,864.3,860.55
2027-02-19,put,7025.0,99.6,100.5,100.05
2027-02-19,call,7050.0,835.3,842.7,839.0
2027-02-19,put,7050.0,102.3,103.8,103.05
2027-02-19,call,7075.0,813.5,821.1,817.3
2027-02-19,put,7075.0,105.3,106.8,106.05
2027-02-19,call,7100.0,792.5,799.9,796.2
2027-02-19,put,7100.0,108.5,110.0,109.25
2027-02-19,call,7125.0,770.8,778.0,774.4
2027-02-19,put,7125.0,111.8,113.4,112.6
2027-02-19,call,7150.0,750.2,757.4,753.8
2027-02-19,put,7150.0,115.2,116.8,116.0
2027-02-19,call,7175.0,729.3,736.4,732.8499999999999
2027-02-19,put,7175.0,118.8,120.4,119.6
2027-02-19,call,7200.0,708.5,715.5,712.0
2027-02-19,put,7200.0,122.5,124.0,123.25
2027-02-19,call,7225.0,687.5,694.7,691.1
2027-02-19,put,7225.0,126.3,127.9,127.1
2027-02-19,call,7250.0,667.2,674.2,670.7
2027-02-19,put,7250.0,130.3,131.9,131.10000000000002
2027-02-19,call,7275.0,646.8,653.8,650.3
2027-02-19,put,7275.0,134.4,136.0,135.2
2027-02-19,call,7300.0,626.6,633.5,630.05
2027-02-19,put,7300.0,138.6,140.3,139.45
2027-02-19,call,7325.0,606.6,613.4,610.0
2027-02-19,put,7325.0,143.1,144.8,143.95
2027-02-19,call,7350.0,586.4,593.4,589.9
2027-02-19,put,7350.0,147.8,149.4,148.60000000000002
2027-02-19,call,7375.0,567.0,573.6,570.3
2027-02-19,put,7375.0,152.6,154.1,153.35
2027-02-19,call,7400.0,547.5,554.2,550.85
2027-02-19,put,7400.0,157.6,159.3,158.45
2027-02-19,call,7425.0,528.2,534.9,531.55
2027-02-19,put,7425.0,162.8,164.5,163.65
2027-02-19,call,7450.0,509.1,515.7,512.4000000000001
2027-02-19,put,7450.0,168.3,169.8,169.05
2027-02-19,call,7475.0,490.3,496.8,493.55
2027-02-19,put,7475.0,173.9,175.5,174.7
2027-02-19,call,7500.0,471.8,478.2,475.0
2027-02-19,put,7500.0,179.8,181.5,180.65
2027-02-19,call,7525.0,453.6,459.5,456.55
2027-02-19,put,7525.0,186.0,187.6,186.8
2027-02-19,call,7550.0,435.5,441.4,438.45
2027-02-19,put,7550.0,192.4,194.0,193.2
2027-02-19,call,7575.0,417.7,423.5,420.6
2027-02-19,put,7575.0,199.0,200.7,199.85
2027-02-19,call,7600.0,400.1,405.9,403.0
2027-02-19,put,7600.0,206.0,208.1,207.05
2027-02-19,call,7625.0,382.9,388.7,385.79999999999995
2027-02-19,put,7625.0,213.3,215.4,214.35000000000002
2027-02-19,call,7650.0,366.0,371.7,368.85
2027-02-19,put,7650.0,220.8,223.0,221.9
2027-02-19,call,7675.0,349.4,355.1,352.25
2027-02-19,put,7675.0,228.7,230.9,229.8
2027-02-19,call,7700.0,333.1,338.8,335.95000000000005
2027-02-19,put,7700.0,237.1,239.2,238.14999999999998
2027-02-19,call,7725.0,318.7,321.4,320.04999999999995
2027-02-19,put,7725.0,245.7,247.7,246.7
2027-02-19,call,7750.0,303.1,305.8,304.45000000000005
2027-02-19,put,7750.0,254.7,256.9,255.79999999999998
2027-02-19,call,7775.0,288.0,290.3,289.15
2027-02-19,put,7775.0,263.9,266.3,265.1
2027-02-19,call,7800.0,273.1,275.4,274.25
2027-02-19,put,7800.0,273.8,276.0,274.9
2027-02-19,call,7825.0,258.8,261.1,259.95000000000005
2027-02-19,put,7825.0,283.8,286.2,285.0
2027-02-19,call,7850.0,244.9,247.1,246.0
2027-02-19,put,7850.0,294.6,296.9,295.75
2027-02-19,call,7875.0,231.4,233.7,232.55
2027-02-19,put,7875.0,305.5,307.8,306.65
2027-02-19,call,7900.0,218.4,220.8,219.60000000000002
2027-02-19,put,7900.0,316.9,319.0,317.95
2027-02-19,call,7925.0,205.7,208.1,206.89999999999998
2027-02-19,put,7925.0,328.0,331.0,329.5
2027-02-19,call,7950.0,193.7,195.8,194.75
2027-02-19,put,7950.0,340.0,345.3,342.65
2027-02-19,call,7975.0,182.0,184.1,183.05
2027-02-19,put,7975.0,352.7,358.2,355.45
2027-02-19,call,8000.0,170.9,172.9,171.9
2027-02-19,put,8000.0,366.0,371.6,368.8
2027-02-19,call,8025.0,160.1,162.2,161.14999999999998
2027-02-19,put,8025.0,379.7,385.4,382.54999999999995
2027-02-19,call,8050.0,149.9,151.9,150.9
2027-02-19,put,8050.0,394.0,399.6,396.8
2027-02-19,call,8075.0,140.1,142.1,141.1
2027-02-19,put,8075.0,409.0,414.5,411.75
2027-02-19,call,8100.0,130.8,132.8,131.8
2027-02-19,put,8100.0,423.8,429.7,426.75
2027-02-19,call,8125.0,122.0,124.0,123.0
2027-02-19,put,8125.0,439.5,445.4,442.45
2027-02-19,call,8150.0,113.6,115.5,114.55
2027-02-19,put,8150.0,455.6,461.6,458.6
2027-02-19,call,8200.0,98.6,100.0,99.3
2027-02-19,put,8200.0,489.2,495.3,492.25
2027-02-19,call,8250.0,84.9,86.2,85.55000000000001
2027-02-19,put,8250.0,524.3,531.1,527.7
2027-02-19,call,8300.0,72.7,74.1,73.4
2027-02-19,put,8300.0,561.2,568.2,564.7
2027-02-19,call,8350.0,62.2,63.5,62.85
2027-02-19,put,8350.0,599.6,606.7,603.1500000000001
2027-02-19,call,8400.0,52.9,54.3,53.599999999999994
2027-02-19,put,8400.0,639.3,646.5,642.9
2027-02-19,call,8450.0,45.1,46.0,45.55
2027-02-19,put,8450.0,680.1,687.5,683.8
2027-02-19,call,8500.0,38.1,39.1,38.6
2027-02-19,put,8500.0,722.8,730.2,726.5
2027-02-19,call,8550.0,32.1,33.1,32.6
2027-02-19,put,8550.0,765.8,773.3,769.55
2027-02-19,call,8600.0,27.0,27.9,27.45
2027-02-19,put,8600.0,809.0,816.8,812.9
2027-02-19,call,8650.0,22.6,23.5,23.05
2027-02-19,put,8650.0,853.0,862.0,857.5
2027-02-19,call,8700.0,18.9,19.8,19.35
2027-02-19,put,8700.0,898.4,907.2,902.8
2027-02-19,call,8800.0,13.2,14.0,13.6
2027-02-19,put,8800.0,990.7,999.6,995.1500000000001
2027-02-19,call,8900.0,9.3,10.0,9.65
2027-02-19,put,8900.0,1084.9,1093.9,1089.4
2027-02-19,call,9000.0,6.5,7.2,6.85
2027-02-19,put,9000.0,1180.2,1189.1,1184.65
2027-02-19,call,9100.0,4.7,5.1,4.9
2027-02-19,put,9100.0,1276.5,1285.3,1280.9
2027-02-19,call,9200.0,3.5,3.9,3.7
2027-02-19,put,9200.0,1373.4,1382.4,1377.9
2027-02-19,call,9300.0,2.65,3.0,2.825
2027-02-19,put,9300.0,1470.7,1479.4,1475.0500000000002
2027-02-19,call,9400.0,2.05,2.4,2.2249999999999996
2027-02-19,put,9400.0,1568.3,1576.9,1572.6
2027-02-19,call,9600.0,1.3,1.65,1.475
2027-02-19,put,9600.0,1763.8,1772.4,1768.1
2027-02-19,call,9800.0,0.85,1.2,1.025
2027-02-19,put,9800.0,1959.6,1968.5,1964.05
2027-02-19,call,10000.0,0.55,0.95,0.75
2027-02-19,put,10000.0,2155.6,2164.5,2160.05
2027-02-19,call,10200.0,0.4,0.75,0.575
2027-02-19,put,10200.0,2351.7,2360.3,2356.0
2027-02-19,call,10400.0,0.3,0.6,0.44999999999999996
2027-02-19,put,10400.0,2547.8,2556.7,2552.25
2027-02-19,call,10600.0,0.2,0.55,0.375
2027-02-19,put,10600.0,2744.0,2752.6,2748.3
2027-02-26,call,3200.0,4513.7,4523.7,4518.7
2027-02-26,put,3200.0,3.5,3.9,3.7
2027-02-26,call,3400.0,4318.4,4328.4,4323.4
2027-02-26,put,3400.0,4.3,4.6,4.449999999999999
2027-02-26,call,3600.0,4123.2,4133.2,4128.2
2027-02-26,put,3600.0,5.2,5.5,5.35
2027-02-26,call,3800.0,3928.2,3938.2,3933.2
2027-02-26,put,3800.0,6.2,6.7,6.45
2027-02-26,call,4000.0,3733.3,3743.3,3738.3
2027-02-26,put,4000.0,7.3,7.9,7.6
2027-02-26,call,4200.0,3538.6,3548.6,3543.6
2027-02-26,put,4200.0,8.6,9.2,8.899999999999999
2027-02-26,call,4400.0,3344.0,3354.0,3349.0
2027-02-26,put,4400.0,10.1,10.7,10.399999999999999
2027-02-26,call,4600.0,3149.7,3159.7,3154.7
2027-02-26,put,4600.0,11.8,12.5,12.15
2027-02-26,call,4700.0,3052.6,3062.6,3057.6
2027-02-26,put,4700.0,12.8,13.5,13.15
2027-02-26,call,4800.0,2955.6,2965.6,2960.6
2027-02-26,put,4800.0,13.8,14.5,14.15
2027-02-26,call,4900.0,2858.6,2868.6,2863.6
2027-02-26,put,4900.0,14.9,15.6,15.25
2027-02-26,call,5000.0,2761.8,2771.8,2766.8
2027-02-26,put,5000.0,16.1,16.9,16.5
2027-02-26,call,5100.0,2665.0,2675.0,2670.0
2027-02-26,put,5100.0,17.4,18.2,17.799999999999997
2027-02-26,call,5200.0,2568.4,2578.4,2573.4
2027-02-26,put,5200.0,18.8,19.6,19.200000000000003
2027-02-26,call,5300.0,2471.9,2481.9,2476.9
2027-02-26,put,5300.0,20.3,21.1,20.700000000000003
2027-02-26,call,5400.0,2375.6,2385.6,2380.6
2027-02-26,put,5400.0,22.0,22.8,22.4
2027-02-26,call,5500.0,2279.4,2289.4,2284.4
2027-02-26,put,5500.0,23.8,24.6,24.200000000000003
2027-02-26,call,5600.0,2183.4,2193.4,2188.4
2027-02-26,put,5600.0,25.9,26.7,26.299999999999997
2027-02-26,call,5700.0,2087.6,2097.6,2092.6
2027-02-26,put,5700.0,28.1,28.9,28.5
2027-02-26,call,5800.0,1992.1,2002.1,1997.1
2027-02-26,put,5800.0,30.6,31.5,31.05
2027-02-26,call,5850.0,1944.4,1954.4,1949.4
2027-02-26,put,5850.0,32.0,32.9,32.45
2027-02-26,call,5900.0,1896.9,1906.9,1901.9
2027-02-26,put,5900.0,33.4,34.3,33.849999999999994
2027-02-26,call,5950.0,1849.4,1859.4,1854.4
2027-02-26,put,5950.0,34.9,35.9,35.4
2027-02-26,call,6000.0,1802.0,1812.0,1807.0
2027-02-26,put,6000.0,36.6,37.5,37.05
2027-02-26,call,6050.0,1754.6,1764.6,1759.6
2027-02-26,put,6050.0,38.3,39.2,38.75
2027-02-26,call,6100.0,1707.4,1717.4,1712.4
2027-02-26,put,6100.0,40.1,41.1,40.6
2027-02-26,call,6150.0,1660.3,1670.3,1665.3
2027-02-26,put,6150.0,42.0,43.0,42.5
2027-02-26,call,6200.0,1613.4,1623.4,1618.4
2027-02-26,put,6200.0,44.1,45.0,44.55
2027-02-26,call,6250.0,1566.5,1576.5,1571.5
2027-02-26,put,6250.0,46.3,47.2,46.75
2027-02-26,call,6300.0,1519.8,1529.8,1524.8
2027-02-26,put,6300.0,48.6,49.5,49.05
2027-02-26,call,6325.0,1496.5,1506.5,1501.5
2027-02-26,put,6325.0,49.8,50.7,50.25
2027-02-26,call,6350.0,1473.2,1483.2,1478.2
2027-02-26,put,6350.0,50.9,52.1,51.5
2027-02-26,call,6375.0,1450.0,1460.0,1455.0
2027-02-26,put,6375.0,52.2,53.2,52.7
2027-02-26,call,6400.0,1426.8,1436.8,1431.8
2027-02-26,put,6400.0,53.5,54.5,54.0
2027-02-26,call,6425.0,1405.0,1413.4,1409.2
2027-02-26,put,6425.0,54.9,55.9,55.4
2027-02-26,call,6450.0,1381.9,1390.4,1386.15
2027-02-26,put,6450.0,56.3,57.3,56.8
2027-02-26,call,6475.0,1358.9,1367.2,1363.0500000000002
2027-02-26,put,6475.0,57.7,58.7,58.2
2027-02-26,call,6500.0,1335.9,1344.2,1340.0500000000002
2027-02-26,put,6500.0,59.1,60.3,59.7
2027-02-26,call,6525.0,1312.9,1321.3,1317.1
2027-02-26,put,6525.0,60.7,61.8,61.25
2027-02-26,call,6550.0,1290.0,1298.2,1294.1
2027-02-26,put,6550.0,62.3,63.4,62.849999999999994
2027-02-26,call,6575.0,1267.2,1275.4,1271.3000000000002
2027-02-26,put,6575.0,63.9,65.0,64.45
2027-02-26,call,6600.0,1244.4,1252.6,1248.5
2027-02-26,put,6600.0,65.6,66.7,66.15
2027-02-26,call,6625.0,1221.6,1229.7,1225.65
2027-02-26,put,6625.0,67.4,68.5,67.95
2027-02-26,call,6650.0,1198.9,1207.0,1202.95
2027-02-26,put,6650.0,69.2,70.3,69.75
2027-02-26,call,6675.0,1176.3,1184.3,1180.3
2027-02-26,put,6675.0,71.1,72.2,71.65
2027-02-26,call,6700.0,1153.7,1161.7,1157.7
2027-02-26,put,6700.0,73.0,74.1,73.55
2027-02-26,call,6725.0,1131.2,1139.2,1135.2
2027-02-26,put,6725.0,75.0,76.1,75.55
2027-02-26,call,6750.0,1108.8,1116.7,1112.75
2027-02-26,put,6750.0,77.0,78.3,77.65
2027-02-26,call,6775.0,1086.4,1094.3,1090.35
2027-02-26,put,6775.0,79.1,80.4,79.75
2027-02-26,call,6800.0,1064.1,1071.9,1068.0
2027-02-26,put,6800.0,81.3,82.6,81.94999999999999
2027-02-26,call,6825.0,1041.9,1049.6,1045.75
2027-02-26,put,6825.0,83.6,84.7,84.15
2027-02-26,call,6850.0,1019.8,1027.6,1023.6999999999999
2027-02-26,put,6850.0,85.9,87.2,86.55000000000001
2027-02-26,call,6875.0,997.7,1005.5,1001.6
2027-02-26,put,6875.0,88.3,89.6,88.94999999999999
2027-02-26,call,6900.0,975.6,983.4,979.5
2027-02-26,put,6900.0,91.0,91.9,91.45
2027-02-26,call,6925.0,953.8,961.4,957.5999999999999
2027-02-26,put,6925.0,93.4,94.7,94.05000000000001
2027-02-26,call,6950.0,931.9,939.5,935.7
2027-02-26,put,6950.0,96.0,97.4,96.7
2027-02-26,call,6975.0,909.9,917.7,913.8
2027-02-26,put,6975.0,98.8,100.1,99.44999999999999
2027-02-26,call,7000.0,888.5,896.1,892.3
2027-02-26,put,7000.0,101.5,102.9,102.2
2027-02-26,call,7025.0,867.0,874.5,870.75
2027-02-26,put,7025.0,104.4,105.8,105.1
2027-02-26,call,7050.0,845.6,853.1,849.35
2027-02-26,put,7050.0,107.5,108.9,108.2
2027-02-26,call,7075.0,824.2,831.7,827.95
2027-02-26,put,7075.0,110.6,112.2,111.4
2027-02-26,call,7100.0,803.0,810.4,806.7
2027-02-26,put,7100.0,113.9,115.3,114.6
2027-02-26,call,7125.0,782.0,789.3,785.65
2027-02-26,put,7125.0,117.4,118.9,118.15
2027-02-26,call,7150.0,760.9,768.2,764.55
2027-02-26,put,7150.0,120.9,122.4,121.65
2027-02-26,call,7175.0,740.1,747.2,743.6500000000001
2027-02-26,put,7175.0,124.5,126.0,125.25
2027-02-26,call,7200.0,719.3,726.6,722.95
2027-02-26,put,7200.0,128.3,129.9,129.10000000000002
2027-02-26,call,7225.0,698.8,705.9,702.3499999999999
2027-02-26,put,7225.0,132.2,133.8,133.0
2027-02-26,call,7250.0,678.3,685.3,681.8
2027-02-26,put,7250.0,136.2,137.8,137.0
2027-02-26,call,7275.0,658.0,665.0,661.5
2027-02-26,put,7275.0,140.4,142.1,141.25
2027-02-26,call,7300.0,637.9,644.9,641.4
2027-02-26,put,7300.0,144.8,146.4,145.60000000000002
2027-02-26,call,7325.0,618.0,624.8,621.4
2027-02-26,put,7325.0,149.3,151.0,150.15
2027-02-26,call,7350.0,598.2,605.0,601.6
2027-02-26,put,7350.0,154.0,155.7,154.85
2027-02-26,call,7370.0,582.5,589.2,585.85
2027-02-26,put,7370.0,157.9,159.6,158.75
2027-02-26,call,7375.0,578.7,585.4,582.05
2027-02-26,put,7375.0,158.8,160.6,159.7
2027-02-26,call,7380.0,574.8,581.5,578.15
2027-02-26,put,7380.0,159.8,161.6,160.7
2027-02-26,call,7390.0,566.9,573.6,570.25
2027-02-26,put,7390.0,162.0,163.6,162.8
2027-02-26,call,7400.0,559.2,565.8,562.5
2027-02-26,put,7400.0,163.9,165.7,164.8
2027-02-26,call,7410.0,551.5,558.2,554.85
2027-02-26,put,7410.0,166.0,167.9,166.95
2027-02-26,call,7420.0,543.8,550.5,547.15
2027-02-26,put,7420.0,168.1,170.0,169.05
2027-02-26,call,7425.0,540.0,546.7,543.35
2027-02-26,put,7425.0,169.3,171.1,170.2
2027-02-26,call,7430.0,536.2,542.8,539.5
2027-02-26,put,7430.0,170.4,172.1,171.25
2027-02-26,call,7440.0,528.6,535.2,531.9000000000001
2027-02-26,put,7440.0,172.5,174.3,173.4
2027-02-26,call,7450.0,521.0,527.5,524.25
2027-02-26,put,7450.0,174.8,176.6,175.7
2027-02-26,call,7460.0,513.5,520.1,516.8
2027-02-26,put,7460.0,176.9,178.8,177.85000000000002
2027-02-26,call,7470.0,506.0,512.5,509.25
2027-02-26,put,7470.0,179.3,181.1,180.2
2027-02-26,call,7475.0,502.2,508.7,505.45
2027-02-26,put,7475.0,180.5,182.3,181.4
2027-02-26,call,7480.0,498.5,505.0,501.75
2027-02-26,put,7480.0,181.6,183.4,182.5
2027-02-26,call,7490.0,491.1,497.6,494.35
2027-02-26,put,7490.0,184.0,185.8,184.9
2027-02-26,call,7500.0,485.3,489.8,487.55
2027-02-26,put,7500.0,186.3,188.2,187.25
2027-02-26,call,7510.0,476.3,482.8,479.55
2027-02-26,put,7510.0,188.8,190.7,189.75
2027-02-26,call,7520.0,469.0,475.4,472.2
2027-02-26,put,7520.0,191.1,193.2,192.14999999999998
2027-02-26,call,7525.0,465.6,471.6,468.6
2027-02-26,put,7525.0,192.6,194.5,193.55
2027-02-26,call,7530.0,462.0,468.0,465.0
2027-02-26,put,7530.0,193.8,195.7,194.75
2027-02-26,call,7540.0,454.7,460.7,457.7
2027-02-26,put,7540.0,196.4,198.3,197.35000000000002
2027-02-26,call,7550.0,447.5,453.5,450.5
2027-02-26,put,7550.0,199.0,200.8,199.9
2027-02-26,call,7560.0,440.4,446.3,443.35
2027-02-26,put,7560.0,201.6,203.5,202.55
2027-02-26,call,7570.0,433.3,439.2,436.25
2027-02-26,put,7570.0,204.3,206.2,205.25
2027-02-26,call,7575.0,429.8,435.7,432.75
2027-02-26,put,7575.0,205.7,207.7,206.7
2027-02-26,call,7580.0,426.2,432.1,429.15
2027-02-26,put,7580.0,207.0,209.0,208.0
2027-02-26,call,7590.0,419.2,425.1,422.15
2027-02-26,put,7590.0,209.8,211.8,210.8
2027-02-26,call,7600.0,412.2,418.1,415.15
2027-02-26,put,7600.0,212.6,214.5,213.55
2027-02-26,call,7610.0,405.3,411.2,408.25
2027-02-26,put,7610.0,215.5,217.5,216.5
2027-02-26,call,7620.0,398.4,404.3,401.35
2027-02-26,put,7620.0,218.4,220.5,219.45
2027-02-26,call,7625.0,395.0,400.8,397.9
2027-02-26,put,7625.0,219.9,221.9,220.9
2027-02-26,call,7630.0,391.6,397.4,394.5
2027-02-26,put,7630.0,221.2,223.4,222.3
2027-02-26,call,7640.0,384.8,390.7,387.75
2027-02-26,put,7640.0,224.3,226.4,225.35000000000002
2027-02-26,call,7650.0,378.1,383.9,381.0
2027-02-26,put,7650.0,227.4,229.6,228.5
2027-02-26,call,7660.0,371.4,377.2,374.29999999999995
2027-02-26,put,7660.0,230.4,232.6,231.5
2027-02-26,call,7670.0,364.8,370.6,367.70000000000005
2027-02-26,put,7670.0,233.7,235.9,234.8
2027-02-26,call,7675.0,361.4,367.3,364.35
2027-02-26,put,7675.0,235.3,237.5,236.4
2027-02-26,call,7680.0,358.2,364.0,361.1
2027-02-26,put,7680.0,236.9,239.0,237.95
2027-02-26,call,7690.0,351.7,357.4,354.54999999999995
2027-02-26,put,7690.0,240.0,242.4,241.2
2027-02-26,call,7700.0,346.6,350.4,348.5
2027-02-26,put,7700.0,243.3,245.6,244.45
2027-02-26,call,7710.0,338.8,344.5,341.65
2027-02-26,put,7710.0,246.7,249.0,247.85
2027-02-26,call,7720.0,334.3,337.1,335.70000000000005
2027-02-26,put,7720.0,250.3,252.5,251.4
2027-02-26,call,7725.0,331.2,334.0,332.6
2027-02-26,put,7725.0,252.0,254.2,253.1
2027-02-26,call,7730.0,328.0,330.9,329.45
2027-02-26,put,7730.0,253.6,256.0,254.8
2027-02-26,call,7740.0,321.8,324.4,323.1
2027-02-26,put,7740.0,257.3,259.5,258.4
2027-02-26,call,7750.0,315.5,318.2,316.85
2027-02-26,put,7750.0,260.9,263.1,262.0
2027-02-26,call,7760.0,309.5,312.2,310.85
2027-02-26,put,7760.0,264.4,266.9,265.65
2027-02-26,call,7770.0,303.3,306.2,304.75
2027-02-26,put,7770.0,268.3,270.6,269.45000000000005
2027-02-26,call,7775.0,300.4,302.9,301.65
2027-02-26,put,7775.0,270.2,272.4,271.29999999999995
2027-02-26,call,7780.0,297.4,299.9,298.65
2027-02-26,put,7780.0,272.1,274.4,273.25
2027-02-26,call,7790.0,291.3,293.9,292.6
2027-02-26,put,7790.0,275.8,278.3,277.05
2027-02-26,call,7800.0,285.4,287.9,286.65
2027-02-26,put,7800.0,279.7,282.1,280.9
2027-02-26,call,7810.0,279.7,282.2,280.95
2027-02-26,put,7810.0,283.8,286.0,284.9
2027-02-26,call,7820.0,273.8,276.3,275.05
2027-02-26,put,7820.0,287.7,290.2,288.95
2027-02-26,call,7825.0,271.1,273.3,272.20000000000005
2027-02-26,put,7825.0,289.7,292.2,290.95
2027-02-26,call,7850.0,256.9,259.3,258.1
2027-02-26,put,7850.0,300.4,302.7,301.54999999999995
2027-02-26,call,7875.0,243.4,245.3,244.35000000000002
2027-02-26,put,7875.0,311.1,313.6,312.35
2027-02-26,call,7900.0,230.2,232.2,231.2
2027-02-26,put,7900.0,322.4,324.7,323.54999999999995
2027-02-26,call,7925.0,217.4,219.4,218.4
2027-02-26,put,7925.0,334.1,336.4,335.25
2027-02-26,call,7950.0,205.1,207.6,206.35
2027-02-26,put,7950.0,345.8,348.6,347.20000000000005
2027-02-26,call,7975.0,193.1,195.1,194.1
2027-02-26,put,7975.0,357.6,363.1,360.35
2027-02-26,call,8000.0,181.8,183.8,182.8
2027-02-26,put,8000.0,370.7,376.2,373.45
2027-02-26,call,8025.0,170.8,172.8,171.8
2027-02-26,put,8025.0,384.1,389.8,386.95000000000005
2027-02-26,call,8050.0,160.3,162.3,161.3
2027-02-26,put,8050.0,398.1,403.8,400.95000000000005
2027-02-26,call,8075.0,150.3,152.3,151.3
2027-02-26,put,8075.0,412.5,418.4,415.45
2027-02-26,call,8100.0,140.7,142.8,141.75
2027-02-26,put,8100.0,427.4,433.4,430.4
2027-02-26,call,8125.0,131.6,133.7,132.64999999999998
2027-02-26,put,8125.0,443.1,448.8,445.95000000000005
2027-02-26,call,8150.0,122.9,125.0,123.95
2027-02-26,put,8150.0,458.5,464.6,461.55
2027-02-26,call,8175.0,114.7,116.8,115.75
2027-02-26,put,8175.0,474.9,480.9,477.9
2027-02-26,call,8200.0,107.1,109.0,108.05
2027-02-26,put,8200.0,491.5,497.6,494.55
2027-02-26,call,8225.0,99.8,101.3,100.55
2027-02-26,put,8225.0,508.7,514.8,511.75
2027-02-26,call,8250.0,92.8,94.3,93.55
2027-02-26,put,8250.0,526.0,532.8,529.4
2027-02-26,call,8275.0,86.3,87.8,87.05
2027-02-26,put,8275.0,544.1,551.0,547.55
2027-02-26,call,8300.0,80.2,81.7,80.95
2027-02-26,put,8300.0,562.2,569.2,565.7
2027-02-26,call,8325.0,74.3,75.8,75.05
2027-02-26,put,8325.0,580.9,587.9,584.4
2027-02-26,call,8350.0,69.0,70.5,69.75
2027-02-26,put,8350.0,599.9,607.0,603.45
2027-02-26,call,8400.0,59.2,60.6,59.900000000000006
2027-02-26,put,8400.0,639.0,646.2,642.6
2027-02-26,call,8450.0,50.7,52.0,51.35
2027-02-26,put,8450.0,679.3,686.6,682.95
2027-02-26,call,8500.0,43.2,44.1,43.650000000000006
2027-02-26,put,8500.0,720.6,728.1,724.35
2027-02-26,call,8550.0,36.7,37.6,37.150000000000006
2027-02-26,put,8550.0,763.0,770.6,766.8
2027-02-26,call,8600.0,31.0,32.0,31.5
2027-02-26,put,8600.0,806.4,814.4,810.4
2027-02-26,call,8700.0,22.1,22.9,22.5
2027-02-26,put,8700.0,894.7,904.7,899.7
2027-02-26,call,8800.0,15.6,16.3,15.95
2027-02-26,put,8800.0,986.3,996.3,991.3
2027-02-26,call,8900.0,11.0,11.7,11.35
2027-02-26,put,8900.0,1079.7,1089.7,1084.7
2027-02-26,call,9000.0,7.8,8.5,8.15
2027-02-26,put,9000.0,1174.5,1184.5,1179.5
2027-02-26,call,9100.0,5.6,6.3,5.949999999999999
2027-02-26,put,9100.0,1270.3,1280.3,1275.3
2027-02-26,call,9200.0,4.1,4.5,4.3
2027-02-26,put,9200.0,1366.9,1376.9,1371.9
2027-02-26,call,9400.0,2.4,2.8,2.5999999999999996
2027-02-26,put,9400.0,1561.2,1571.2,1566.2
2027-02-26,call,9600.0,1.5,1.9,1.7
2027-02-26,put,9600.0,1756.4,1766.4,1761.4
2027-02-26,call,9800.0,1.15,1.35,1.25
2027-02-26,put,9800.0,1952.0,1962.0,1957.0
2027-03-31,call,2800.0,4900.3,4930.3,4915.3
2027-03-31,put,2800.0,3.3,3.8,3.55
2027-03-31,call,3000.0,4705.9,4735.9,4720.9
2027-03-31,put,3000.0,4.1,4.6,4.35
2027-03-31,call,3200.0,4511.5,4541.5,4526.5
2027-03-31,put,3200.0,4.9,5.5,5.2
2027-03-31,call,3300.0,4414.4,4444.4,4429.4
2027-03-31,put,3300.0,5.4,6.0,5.7
2027-03-31,call,3400.0,4317.3,4347.3,4332.3
2027-03-31,put,3400.0,6.0,6.5,6.25
2027-03-31,call,3500.0,4220.3,4250.3,4235.3
2027-03-31,put,3500.0,6.5,7.1,6.8
2027-03-31,call,3600.0,4123.3,4153.3,4138.3
2027-03-31,put,3600.0,7.1,7.7,7.4
2027-03-31,call,3700.0,4026.3,4056.3,4041.3
2027-03-31,put,3700.0,7.7,8.3,8.0
2027-03-31,call,3800.0,3929.4,3959.4,3944.4
2027-03-31,put,3800.0,8.4,9.0,8.7
2027-03-31,call,3900.0,3832.5,3862.5,3847.5
2027-03-31,put,3900.0,9.1,9.7,9.399999999999999
2027-03-31,call,4000.0,3735.6,3765.6,3750.6
2027-03-31,put,4000.0,9.9,10.5,10.2
2027-03-31,call,4100.0,3638.8,3668.8,3653.8
2027-03-31,put,4100.0,10.7,11.4,11.05
2027-03-31,call,4200.0,3542.1,3572.1,3557.1
2027-03-31,put,4200.0,11.6,12.2,11.899999999999999
2027-03-31,call,4300.0,3445.4,3475.4,3460.4
2027-03-31,put,4300.0,12.5,13.2,12.85
2027-03-31,call,4400.0,3348.8,3378.8,3363.8
2027-03-31,put,4400.0,13.5,14.2,13.85
2027-03-31,call,4500.0,3252.2,3282.2,3267.2
2027-03-31,put,4500.0,14.6,15.3,14.95
2027-03-31,call,4600.0,3155.6,3185.6,3170.6
2027-03-31,put,4600.0,15.7,16.4,16.049999999999997
2027-03-31,call,4650.0,3107.4,3137.4,3122.4
2027-03-31,put,4650.0,16.3,17.0,16.65
2027-03-31,call,4700.0,3059.2,3089.2,3074.2
2027-03-31,put,4700.0,16.9,17.7,17.299999999999997
2027-03-31,call,4750.0,3011.1,3041.1,3026.1
2027-03-31,put,4750.0,17.5,18.3,17.9
2027-03-31,call,4800.0,2962.9,2992.9,2977.9
2027-03-31,put,4800.0,18.2,19.0,18.6
2027-03-31,call,4850.0,2914.8,2944.8,2929.8
2027-03-31,put,4850.0,18.9,19.7,19.299999999999997
2027-03-31,call,4900.0,2866.7,2896.7,2881.7
2027-03-31,put,4900.0,19.6,20.4,20.0
2027-03-31,call,4950.0,2818.6,2848.6,2833.6
2027-03-31,put,4950.0,20.3,21.1,20.700000000000003
2027-03-31,call,5000.0,2770.7,2794.7,2782.7
2027-03-31,put,5000.0,21.1,21.9,21.5
2027-03-31,call,5050.0,2729.9,2752.6,2741.25
2027-03-31,put,5050.0,21.9,22.7,22.299999999999997
2027-03-31,call,5100.0,2681.9,2704.6,2693.25
2027-03-31,put,5100.0,22.7,23.6,23.15
2027-03-31,call,5150.0,2634.0,2656.7,2645.35
2027-03-31,put,5150.0,23.6,24.5,24.05
2027-03-31,call,5200.0,2586.4,2608.8,2597.6000000000004
2027-03-31,put,5200.0,24.5,25.4,24.95
2027-03-31,call,5250.0,2538.4,2560.9,2549.65
2027-03-31,put,5250.0,25.5,26.3,25.9
2027-03-31,call,5300.0,2490.6,2513.1,2501.85
2027-03-31,put,5300.0,26.4,27.3,26.85
2027-03-31,call,5350.0,2442.8,2465.3,2454.05
2027-03-31,put,5350.0,27.5,28.4,27.95
2027-03-31,call,5400.0,2395.1,2417.6,2406.35
2027-03-31,put,5400.0,28.6,29.5,29.05
2027-03-31,call,5450.0,2347.5,2370.0,2358.75
2027-03-31,put,5450.0,29.7,30.6,30.15
2027-03-31,call,5500.0,2299.9,2322.4,2311.15
2027-03-31,put,5500.0,30.9,31.9,31.4
2027-03-31,call,5525.0,2276.2,2298.5,2287.35
2027-03-31,put,5525.0,31.5,32.5,32.0
2027-03-31,call,5550.0,2252.5,2274.8,2263.65
2027-03-31,put,5550.0,32.2,33.1,32.650000000000006
2027-03-31,call,5575.0,2221.7,2245.7,2233.7
2027-03-31,put,5575.0,32.8,33.8,33.3
2027-03-31,call,5600.0,2198.0,2222.0,2210.0
2027-03-31,put,5600.0,33.5,34.5,34.0
2027-03-31,call,5605.0,2200.3,2222.5,2211.4
2027-03-31,put,5605.0,33.6,34.6,34.1
2027-03-31,call,5610.0,2188.8,2212.8,2200.8
2027-03-31,put,5610.0,33.8,34.7,34.25
2027-03-31,call,5615.0,2183.7,2207.7,2195.7
2027-03-31,put,5615.0,33.9,34.9,34.4
2027-03-31,call,5620.0,2179.8,2203.8,2191.8
2027-03-31,put,5620.0,34.0,35.0,34.5
2027-03-31,call,5625.0,2174.3,2198.3,2186.3
2027-03-31,put,5625.0,34.2,35.2,34.7
2027-03-31,call,5630.0,2170.4,2194.4,2182.4
2027-03-31,put,5630.0,34.3,35.3,34.8
2027-03-31,call,5635.0,2164.8,2188.8,2176.8
2027-03-31,put,5635.0,34.4,35.4,34.9
2027-03-31,call,5640.0,2160.0,2184.0,2172.0
2027-03-31,put,5640.0,34.6,35.6,35.1
2027-03-31,call,5645.0,2155.7,2179.6,2167.6499999999996
2027-03-31,put,5645.0,34.7,35.7,35.2
2027-03-31,call,5650.0,2150.7,2174.7,2162.7
2027-03-31,put,5650.0,34.9,35.9,35.4
2027-03-31,call,5655.0,2145.8,2169.8,2157.8
2027-03-31,put,5655.0,35.0,36.0,35.5
2027-03-31,call,5660.0,2141.9,2165.9,2153.9
2027-03-31,put,5660.0,35.2,36.2,35.7
2027-03-31,call,5665.0,2137.0,2161.0,2149.0
2027-03-31,put,5665.0,35.3,36.3,35.8
2027-03-31,call,5670.0,2131.6,2155.6,2143.6
2027-03-31,put,5670.0,35.4,36.5,35.95
2027-03-31,call,5675.0,2127.1,2151.1,2139.1
2027-03-31,put,5675.0,35.6,36.6,36.1
2027-03-31,call,5680.0,2122.8,2146.8,2134.8
2027-03-31,put,5680.0,35.7,36.8,36.25
2027-03-31,call,5685.0,2117.4,2141.4,2129.4
2027-03-31,put,5685.0,35.9,36.9,36.4
2027-03-31,call,5690.0,2113.3,2137.3,2125.3
2027-03-31,put,5690.0,36.0,37.1,36.55
2027-03-31,call,5695.0,2108.8,2132.8,2120.8
2027-03-31,put,5695.0,36.2,37.2,36.7
2027-03-31,call,5700.0,2103.4,2127.4,2115.4
2027-03-31,put,5700.0,36.3,37.4,36.849999999999994
2027-03-31,call,5705.0,2099.3,2123.3,2111.3
2027-03-31,put,5705.0,36.5,37.5,37.0
2027-03-31,call,5710.0,2094.4,2118.4,2106.4
2027-03-31,put,5710.0,36.6,37.7,37.150000000000006
2027-03-31,call,5715.0,2089.9,2113.9,2101.9
2027-03-31,put,5715.0,36.8,37.8,37.3
2027-03-31,call,5720.0,2085.2,2109.2,2097.2
2027-03-31,put,5720.0,36.9,38.0,37.45
2027-03-31,call,5725.0,2079.6,2103.6,2091.6
2027-03-31,put,5725.0,37.1,38.1,37.6
2027-03-31,call,5730.0,2075.7,2099.7,2087.7
2027-03-31,put,5730.0,37.2,38.3,37.75
2027-03-31,call,5735.0,2071.0,2095.0,2083.0
2027-03-31,put,5735.0,37.4,38.4,37.9
2027-03-31,call,5740.0,2066.1,2090.1,2078.1
2027-03-31,put,5740.0,37.6,38.6,38.1
2027-03-31,call,5745.0,2061.4,2085.4,2073.4
2027-03-31,put,5745.0,37.7,38.8,38.25
2027-03-31,call,5750.0,2056.0,2080.0,2068.0
2027-03-31,put,5750.0,37.9,38.9,38.4
2027-03-31,call,5755.0,2051.2,2075.2,2063.2
2027-03-31,put,5755.0,38.0,39.1,38.55
2027-03-31,call,5760.0,2047.4,2071.4,2059.4
2027-03-31,put,5760.0,38.2,39.2,38.7
2027-03-31,call,5765.0,2042.5,2066.5,2054.5
2027-03-31,put,5765.0,38.3,39.4,38.849999999999994
2027-03-31,call,5770.0,2037.3,2061.3,2049.3
2027-03-31,put,5770.0,38.5,39.6,39.05
2027-03-31,call,5775.0,2032.3,2056.3,2044.3000000000002
2027-03-31,put,5775.0,38.7,39.7,39.2
2027-03-31,call,5780.0,2028.5,2052.5,2040.5
2027-03-31,put,5780.0,38.8,39.9,39.349999999999994
2027-03-31,call,5785.0,2022.9,2046.9,2034.9
2027-03-31,put,5785.0,39.0,40.1,39.55
2027-03-31,call,5790.0,2018.2,2042.2,2030.2
2027-03-31,put,5790.0,39.2,40.2,39.7
2027-03-31,call,5795.0,2014.5,2038.5,2026.5
2027-03-31,put,5795.0,39.3,40.4,39.849999999999994
2027-03-31,call,5800.0,2008.7,2032.7,2020.7
2027-03-31,put,5800.0,39.5,40.6,40.05
2027-03-31,call,5805.0,2004.1,2028.1,2016.1
2027-03-31,put,5805.0,39.7,40.7,40.2
2027-03-31,call,5810.0,1999.4,2023.4,2011.4
2027-03-31,put,5810.0,39.8,40.9,40.349999999999994
2027-03-31,call,5815.0,1995.7,2019.7,2007.7
2027-03-31,put,5815.0,40.0,41.1,40.55
2027-03-31,call,5820.0,1989.9,2013.9,2001.9
2027-03-31,put,5820.0,40.2,41.2,40.7
2027-03-31,call,5825.0,1985.2,2009.2,1997.2
2027-03-31,put,5825.0,40.3,41.4,40.849999999999994
2027-03-31,call,5830.0,1980.5,2004.5,1992.5
2027-03-31,put,5830.0,40.5,41.6,41.05
2027-03-31,call,5835.0,1975.8,1999.8,1987.8
2027-03-31,put,5835.0,40.7,41.8,41.25
2027-03-31,call,5840.0,1971.4,1995.4,1983.4
2027-03-31,put,5840.0,40.8,41.9,41.349999999999994
2027-03-31,call,5845.0,1966.7,1990.6,1978.65
2027-03-31,put,5845.0,41.0,42.1,41.55
2027-03-31,call,5850.0,1961.8,1985.8,1973.8
2027-03-31,put,5850.0,41.2,42.3,41.75
2027-03-31,call,5855.0,1957.0,1981.0,1969.0
2027-03-31,put,5855.0,41.4,42.5,41.95
2027-03-31,call,5860.0,1952.5,1976.5,1964.5
2027-03-31,put,5860.0,41.5,42.6,42.05
2027-03-31,call,5865.0,1947.8,1971.8,1959.8
2027-03-31,put,5865.0,41.7,42.8,42.25
2027-03-31,call,5870.0,1943.7,1967.7,1955.7
2027-03-31,put,5870.0,41.9,43.0,42.45
2027-03-31,call,5875.0,1938.3,1962.3,1950.3
2027-03-31,put,5875.0,42.1,43.2,42.650000000000006
2027-03-31,call,5880.0,1934.6,1958.6,1946.6
2027-03-31,put,5880.0,42.3,43.4,42.849999999999994
2027-03-31,call,5890.0,1924.3,1948.3,1936.3
2027-03-31,put,5890.0,42.6,43.7,43.150000000000006
2027-03-31,call,5900.0,1914.8,1938.8,1926.8
2027-03-31,put,5900.0,43.0,44.1,43.55
2027-03-31,call,5910.0,1906.1,1930.1,1918.1
2027-03-31,put,5910.0,43.4,44.4,43.9
2027-03-31,call,5920.0,1896.1,1920.1,1908.1
2027-03-31,put,5920.0,43.7,44.8,44.25
2027-03-31,call,5925.0,1891.4,1915.4,1903.4
2027-03-31,put,5925.0,43.9,45.0,44.45
2027-03-31,call,5930.0,1886.7,1910.7,1898.7
2027-03-31,put,5930.0,44.1,45.2,44.650000000000006
2027-03-31,call,5940.0,1878.0,1902.0,1890.0
2027-03-31,put,5940.0,44.5,45.6,45.05
2027-03-31,call,5950.0,1868.0,1892.0,1880.0
2027-03-31,put,5950.0,44.9,46.0,45.45
2027-03-31,call,5960.0,1858.6,1882.6,1870.6
2027-03-31,put,5960.0,45.3,46.4,45.849999999999994
2027-03-31,call,5970.0,1849.9,1873.9,1861.9
2027-03-31,put,5970.0,45.7,46.8,46.25
2027-03-31,call,5975.0,1844.5,1868.5,1856.5
2027-03-31,put,5975.0,45.9,47.0,46.45
2027-03-31,call,5980.0,1839.9,1863.9,1851.9
2027-03-31,put,5980.0,46.1,47.2,46.650000000000006
2027-03-31,call,5990.0,1831.5,1855.5,1843.5
2027-03-31,put,5990.0,46.5,47.6,47.05
2027-03-31,call,6000.0,1822.1,1846.1,1834.1
2027-03-31,put,6000.0,46.9,48.0,47.45
2027-03-31,call,6010.0,1812.7,1836.7,1824.7
2027-03-31,put,6010.0,47.3,48.4,47.849999999999994
2027-03-31,call,6020.0,1803.5,1827.5,1815.5
2027-03-31,put,6020.0,47.7,48.9,48.3
2027-03-31,call,6025.0,1798.5,1822.5,1810.5
2027-03-31,put,6025.0,47.9,49.0,48.45
2027-03-31,call,6030.0,1793.8,1817.8,1805.8
2027-03-31,put,6030.0,48.2,49.3,48.75
2027-03-31,call,6040.0,1784.6,1808.6,1796.6
2027-03-31,put,6040.0,48.6,49.7,49.150000000000006
2027-03-31,call,6050.0,1775.4,1799.4,1787.4
2027-03-31,put,6050.0,49.0,50.2,49.6
2027-03-31,call,6060.0,1765.9,1789.9,1777.9
2027-03-31,put,6060.0,49.5,50.5,50.0
2027-03-31,call,6070.0,1756.6,1780.6,1768.6
2027-03-31,put,6070.0,49.9,51.1,50.5
2027-03-31,call,6075.0,1752.1,1776.1,1764.1
2027-03-31,put,6075.0,50.1,51.2,50.650000000000006
2027-03-31,call,6080.0,1747.3,1771.3,1759.3
2027-03-31,put,6080.0,50.3,51.5,50.9
2027-03-31,call,6090.0,1738.0,1762.0,1750.0
2027-03-31,put,6090.0,50.8,52.0,51.4
2027-03-31,call,6100.0,1728.8,1752.8,1740.8
2027-03-31,put,6100.0,51.3,52.4,51.849999999999994
2027-03-31,call,6125.0,1705.6,1729.6,1717.6
2027-03-31,put,6125.0,52.4,53.5,52.95
2027-03-31,call,6150.0,1682.4,1706.4,1694.4
2027-03-31,put,6150.0,53.6,54.7,54.150000000000006
2027-03-31,call,6175.0,1659.2,1683.2,1671.2
2027-03-31,put,6175.0,54.9,56.0,55.45
2027-03-31,call,6200.0,1636.0,1660.0,1648.0
2027-03-31,put,6200.0,56.1,57.2,56.650000000000006
2027-03-31,call,6205.0,1631.5,1655.5,1643.5
2027-03-31,put,6205.0,56.4,57.5,56.95
2027-03-31,call,6210.0,1627.0,1651.0,1639.0
2027-03-31,put,6210.0,56.6,57.8,57.2
2027-03-31,call,6215.0,1622.3,1646.3,1634.3
2027-03-31,put,6215.0,56.9,58.0,57.45
2027-03-31,call,6220.0,1617.4,1641.4,1629.4
2027-03-31,put,6220.0,57.2,58.3,57.75
2027-03-31,call,6225.0,1613.0,1637.0,1625.0
2027-03-31,put,6225.0,57.4,58.6,58.0
2027-03-31,call,6230.0,1608.3,1632.3,1620.3
2027-03-31,put,6230.0,57.7,58.8,58.25
2027-03-31,call,6235.0,1603.8,1627.8,1615.8
2027-03-31,put,6235.0,58.0,59.1,58.55
2027-03-31,call,6240.0,1599.1,1623.1,1611.1
2027-03-31,put,6240.0,58.2,59.4,58.8
2027-03-31,call,6245.0,1594.7,1618.7,1606.7
2027-03-31,put,6245.0,58.5,59.6,59.05
2027-03-31,call,6250.0,1589.9,1613.9,1601.9
2027-03-31,put,6250.0,58.8,59.9,59.349999999999994
2027-03-31,call,6255.0,1585.4,1609.4,1597.4
2027-03-31,put,6255.0,59.0,60.2,59.6
2027-03-31,call,6260.0,1580.6,1604.6,1592.6
2027-03-31,put,6260.0,59.3,60.5,59.9
2027-03-31,call,6265.0,1576.1,1600.1,1588.1
2027-03-31,put,6265.0,59.6,60.7,60.150000000000006
2027-03-31,call,6270.0,1571.7,1595.7,1583.7
2027-03-31,put,6270.0,59.9,61.0,60.45
2027-03-31,call,6275.0,1566.9,1590.9,1578.9
2027-03-31,put,6275.0,60.1,61.3,60.7
2027-03-31,call,6280.0,1562.3,1586.3,1574.3
2027-03-31,put,6280.0,60.4,61.6,61.0
2027-03-31,call,6285.0,1557.9,1581.9,1569.9
2027-03-31,put,6285.0,60.7,61.9,61.3
2027-03-31,call,6290.0,1560.2,1571.0,1565.6
2027-03-31,put,6290.0,61.0,62.1,61.55
2027-03-31,call,6295.0,1555.4,1565.9,1560.65
2027-03-31,put,6295.0,61.3,62.4,61.849999999999994
2027-03-31,call,6300.0,1550.8,1561.3,1556.05
2027-03-31,put,6300.0,61.6,62.8,62.2
2027-03-31,call,6305.0,1546.3,1556.7,1551.5
2027-03-31,put,6305.0,61.8,63.0,62.4
2027-03-31,call,6310.0,1541.7,1552.1,1546.9
2027-03-31,put,6310.0,62.1,63.3,62.7
2027-03-31,call,6315.0,1537.1,1547.5,1542.3
2027-03-31,put,6315.0,62.4,63.6,63.0
2027-03-31,call,6320.0,1532.5,1542.9,1537.7
2027-03-31,put,6320.0,62.7,63.9,63.3
2027-03-31,call,6325.0,1527.9,1538.3,1533.1
2027-03-31,put,6325.0,63.0,64.2,63.6
2027-03-31,call,6330.0,1523.3,1533.7,1528.5
2027-03-31,put,6330.0,63.3,64.5,63.9
2027-03-31,call,6335.0,1518.8,1529.1,1523.9499999999998
2027-03-31,put,6335.0,63.6,64.8,64.2
2027-03-31,call,6340.0,1514.3,1524.5,1519.4
2027-03-31,put,6340.0,63.9,65.1,64.5
2027-03-31,call,6345.0,1509.7,1519.9,1514.8000000000002
2027-03-31,put,6345.0,64.2,65.4,64.80000000000001
2027-03-31,call,6350.0,1505.0,1515.4,1510.2
2027-03-31,put,6350.0,64.5,65.7,65.1
2027-03-31,call,6355.0,1500.5,1510.8,1505.65
2027-03-31,put,6355.0,64.7,66.0,65.35
2027-03-31,call,6360.0,1496.0,1506.2,1501.1
2027-03-31,put,6360.0,65.0,66.4,65.7
2027-03-31,call,6365.0,1491.3,1501.6,1496.4499999999998
2027-03-31,put,6365.0,65.3,66.7,66.0
2027-03-31,call,6370.0,1486.8,1497.1,1491.9499999999998
2027-03-31,put,6370.0,65.6,66.9,66.25
2027-03-31,call,6375.0,1482.3,1492.5,1487.4
2027-03-31,put,6375.0,65.9,67.2,66.55000000000001
2027-03-31,call,6380.0,1477.6,1487.9,1482.75
2027-03-31,put,6380.0,66.3,67.5,66.9
2027-03-31,call,6385.0,1473.2,1483.3,1478.25
2027-03-31,put,6385.0,66.5,67.9,67.2
2027-03-31,call,6390.0,1468.6,1478.8,1473.6999999999998
2027-03-31,put,6390.0,66.9,68.2,67.55000000000001
2027-03-31,call,6395.0,1464.0,1474.2,1469.1
2027-03-31,put,6395.0,67.2,68.6,67.9
2027-03-31,call,6400.0,1459.5,1469.6,1464.55
2027-03-31,put,6400.0,67.5,69.0,68.25
2027-03-31,call,6405.0,1454.9,1465.1,1460.0
2027-03-31,put,6405.0,67.8,69.2,68.5
2027-03-31,call,6410.0,1450.4,1460.5,1455.45
2027-03-31,put,6410.0,68.1,69.5,68.8
2027-03-31,call,6415.0,1445.8,1456.0,1450.9
2027-03-31,put,6415.0,68.5,69.9,69.2
2027-03-31,call,6420.0,1441.3,1451.4,1446.35
2027-03-31,put,6420.0,68.8,70.1,69.44999999999999
2027-03-31,call,6425.0,1436.7,1446.8,1441.75
2027-03-31,put,6425.0,69.2,70.5,69.85
2027-03-31,call,6430.0,1432.2,1442.3,1437.25
2027-03-31,put,6430.0,69.5,70.9,70.2
2027-03-31,call,6435.0,1427.6,1437.7,1432.65
2027-03-31,put,6435.0,69.8,71.1,70.44999999999999
2027-03-31,call,6440.0,1423.1,1433.2,1428.15
2027-03-31,put,6440.0,70.2,71.5,70.85
2027-03-31,call,6445.0,1418.6,1428.6,1423.6
2027-03-31,put,6445.0,70.5,71.9,71.2
2027-03-31,call,6450.0,1414.0,1424.1,1419.05
2027-03-31,put,6450.0,70.8,72.2,71.5
2027-03-31,call,6455.0,1409.5,1419.5,1414.5
2027-03-31,put,6455.0,71.1,72.6,71.85
2027-03-31,call,6460.0,1405.0,1415.0,1410.0
2027-03-31,put,6460.0,71.5,72.8,72.15
2027-03-31,call,6465.0,1400.4,1410.5,1405.45
2027-03-31,put,6465.0,71.9,73.2,72.55000000000001
2027-03-31,call,6470.0,1395.9,1405.9,1400.9
2027-03-31,put,6470.0,72.2,73.5,72.85
2027-03-31,call,6475.0,1391.4,1401.4,1396.4
2027-03-31,put,6475.0,72.6,74.0,73.3
2027-03-31,call,6480.0,1386.8,1396.9,1391.85
2027-03-31,put,6480.0,72.9,74.2,73.55000000000001
2027-03-31,call,6485.0,1382.3,1392.3,1387.3
2027-03-31,put,6485.0,73.3,74.7,74.0
2027-03-31,call,6490.0,1377.9,1387.9,1382.9
2027-03-31,put,6490.0,73.6,75.0,74.3
2027-03-31,call,6495.0,1373.4,1383.2,1378.3000000000002
2027-03-31,put,6495.0,74.0,75.4,74.7
2027-03-31,call,6500.0,1368.8,1378.7,1373.75
2027-03-31,put,6500.0,74.3,75.9,75.1
2027-03-31,call,6505.0,1364.2,1374.2,1369.2
2027-03-31,put,6505.0,74.7,76.0,75.35
2027-03-31,call,6510.0,1359.7,1369.7,1364.7
2027-03-31,put,6510.0,75.1,76.5,75.8
2027-03-31,call,6515.0,1355.2,1365.2,1360.2
2027-03-31,put,6515.0,75.4,76.8,76.1
2027-03-31,call,6520.0,1350.7,1360.7,1355.7
2027-03-31,put,6520.0,75.8,77.1,76.44999999999999
2027-03-31,call,6525.0,1346.2,1356.2,1351.2
2027-03-31,put,6525.0,76.2,77.6,76.9
2027-03-31,call,6530.0,1341.8,1351.7,1346.75
2027-03-31,put,6530.0,76.5,77.9,77.2
2027-03-31,call,6535.0,1337.3,1347.2,1342.25
2027-03-31,put,6535.0,76.9,78.3,77.6
2027-03-31,call,6540.0,1332.8,1342.7,1337.75
2027-03-31,put,6540.0,77.3,78.6,77.94999999999999
2027-03-31,call,6545.0,1328.3,1338.2,1333.25
2027-03-31,put,6545.0,77.6,79.1,78.35
2027-03-31,call,6550.0,1323.7,1333.6,1328.65
2027-03-31,put,6550.0,78.1,79.4,78.75
2027-03-31,call,6555.0,1319.2,1329.1,1324.15
2027-03-31,put,6555.0,78.4,79.8,79.1
2027-03-31,call,6560.0,1314.7,1324.6,1319.65
2027-03-31,put,6560.0,78.8,80.2,79.5
2027-03-31,call,6565.0,1310.2,1320.1,1315.15
2027-03-31,put,6565.0,79.2,80.6,79.9
2027-03-31,call,6570.0,1305.9,1315.6,1310.75
2027-03-31,put,6570.0,79.6,81.0,80.3
2027-03-31,call,6575.0,1301.3,1311.2,1306.25
2027-03-31,put,6575.0,80.0,81.4,80.7
2027-03-31,call,6580.0,1296.9,1306.7,1301.8000000000002
2027-03-31,put,6580.0,80.4,81.8,81.1
2027-03-31,call,6585.0,1292.4,1302.2,1297.3000000000002
2027-03-31,put,6585.0,80.8,82.2,81.5
2027-03-31,call,6590.0,1287.8,1297.7,1292.75
2027-03-31,put,6590.0,81.2,82.6,81.9
2027-03-31,call,6595.0,1283.4,1293.3,1288.35
2027-03-31,put,6595.0,81.6,83.0,82.3
2027-03-31,call,6600.0,1279.0,1288.8,1283.9
2027-03-31,put,6600.0,82.0,83.4,82.7
2027-03-31,call,6605.0,1274.5,1284.3,1279.4
2027-03-31,put,6605.0,82.4,83.8,83.1
2027-03-31,call,6610.0,1269.9,1279.7,1274.8000000000002
2027-03-31,put,6610.0,82.9,84.2,83.55000000000001
2027-03-31,call,6615.0,1265.6,1275.3,1270.4499999999998
2027-03-31,put,6615.0,83.2,84.6,83.9
2027-03-31,call,6620.0,1261.1,1270.9,1266.0
2027-03-31,put,6620.0,83.6,85.0,84.3
2027-03-31,call,6625.0,1256.5,1266.3,1261.4
2027-03-31,put,6625.0,84.0,85.4,84.7
2027-03-31,call,6630.0,1252.2,1261.9,1257.0500000000002
2027-03-31,put,6630.0,84.4,85.8,85.1
2027-03-31,call,6635.0,1247.6,1257.4,1252.5
2027-03-31,put,6635.0,84.9,86.3,85.6
2027-03-31,call,6640.0,1243.3,1253.0,1248.15
2027-03-31,put,6640.0,85.4,86.7,86.05000000000001
2027-03-31,call,6645.0,1238.7,1248.5,1243.6
2027-03-31,put,6645.0,85.7,87.1,86.4
2027-03-31,call,6650.0,1234.4,1244.1,1239.25
2027-03-31,put,6650.0,86.2,87.6,86.9
2027-03-31,call,6655.0,1229.8,1239.5,1234.65
2027-03-31,put,6655.0,86.6,88.0,87.3
2027-03-31,call,6660.0,1225.5,1235.2,1230.35
2027-03-31,put,6660.0,87.0,88.4,87.7
2027-03-31,call,6665.0,1220.9,1230.6,1225.75
2027-03-31,put,6665.0,87.5,88.9,88.2
2027-03-31,call,6670.0,1216.6,1226.3,1221.4499999999998
2027-03-31,put,6670.0,87.9,89.3,88.6
2027-03-31,call,6675.0,1212.2,1221.8,1217.0
2027-03-31,put,6675.0,88.3,89.8,89.05
2027-03-31,call,6680.0,1207.6,1217.3,1212.4499999999998
2027-03-31,put,6680.0,88.8,90.2,89.5
2027-03-31,call,6685.0,1203.3,1212.9,1208.1
2027-03-31,put,6685.0,89.3,90.6,89.94999999999999
2027-03-31,call,6690.0,1198.9,1208.5,1203.7
2027-03-31,put,6690.0,89.7,91.1,90.4
2027-03-31,call,6695.0,1194.4,1204.1,1199.25
2027-03-31,put,6695.0,90.1,91.5,90.8
2027-03-31,call,6700.0,1189.9,1199.6,1194.75
2027-03-31,put,6700.0,90.6,92.0,91.3
2027-03-31,call,6705.0,1185.6,1195.2,1190.4
2027-03-31,put,6705.0,91.0,92.5,91.75
2027-03-31,call,6710.0,1181.2,1190.8,1186.0
2027-03-31,put,6710.0,91.5,92.9,92.2
2027-03-31,call,6715.0,1176.8,1186.4,1181.6
2027-03-31,put,6715.0,92.0,93.4,92.7
2027-03-31,call,6720.0,1172.4,1181.9,1177.15
2027-03-31,put,6720.0,92.4,93.8,93.1
2027-03-31,call,6725.0,1168.0,1177.5,1172.75
2027-03-31,put,6725.0,92.9,94.3,93.6
2027-03-31,call,6730.0,1163.4,1173.0,1168.2
2027-03-31,put,6730.0,93.4,94.8,94.1
2027-03-31,call,6735.0,1159.0,1168.6,1163.8
2027-03-31,put,6735.0,93.9,95.3,94.6
2027-03-31,call,6740.0,1154.6,1164.2,1159.4
2027-03-31,put,6740.0,94.4,95.7,95.05000000000001
2027-03-31,call,6745.0,1150.2,1159.8,1155.0
2027-03-31,put,6745.0,94.8,96.2,95.5
2027-03-31,call,6750.0,1146.0,1155.5,1150.75
2027-03-31,put,6750.0,95.3,96.7,96.0
2027-03-31,call,6755.0,1141.6,1151.1,1146.35
2027-03-31,put,6755.0,95.7,97.2,96.45
2027-03-31,call,6760.0,1137.2,1146.6,1141.9
2027-03-31,put,6760.0,96.3,97.7,97.0
2027-03-31,call,6765.0,1132.8,1142.3,1137.55
2027-03-31,put,6765.0,96.7,98.2,97.45
2027-03-31,call,6770.0,1128.4,1137.9,1133.15
2027-03-31,put,6770.0,97.2,98.7,97.95
2027-03-31,call,6775.0,1124.0,1133.5,1128.75
2027-03-31,put,6775.0,97.8,99.2,98.5
2027-03-31,call,6780.0,1119.5,1129.0,1124.25
2027-03-31,put,6780.0,98.3,99.7,99.0
2027-03-31,call,6785.0,1115.3,1124.7,1120.0
2027-03-31,put,6785.0,98.8,100.2,99.5
2027-03-31,call,6790.0,1110.9,1120.3,1115.6
2027-03-31,put,6790.0,99.3,100.7,100.0
2027-03-31,call,6795.0,1106.5,1116.0,1111.25
2027-03-31,put,6795.0,99.7,101.2,100.45
2027-03-31,call,6800.0,1102.2,1111.6,1106.9
2027-03-31,put,6800.0,100.2,101.7,100.95
2027-03-31,call,6805.0,1097.8,1107.2,1102.5
2027-03-31,put,6805.0,100.7,102.2,101.45
2027-03-31,call,6810.0,1093.3,1102.8,1098.05
2027-03-31,put,6810.0,101.3,102.7,102.0
2027-03-31,call,6815.0,1089.1,1098.5,1093.8
2027-03-31,put,6815.0,101.8,103.2,102.5
2027-03-31,call,6820.0,1084.7,1094.1,1089.4
2027-03-31,put,6820.0,102.3,103.8,103.05
2027-03-31,call,6825.0,1080.4,1089.7,1085.0500000000002
2027-03-31,put,6825.0,102.8,104.3,103.55
2027-03-31,call,6830.0,1076.0,1085.4,1080.7
2027-03-31,put,6830.0,103.3,104.8,104.05
2027-03-31,call,6835.0,1071.7,1081.0,1076.35
2027-03-31,put,6835.0,103.9,105.4,104.65
2027-03-31,call,6840.0,1067.2,1076.6,1071.9
2027-03-31,put,6840.0,104.4,105.9,105.15
2027-03-31,call,6845.0,1063.0,1072.3,1067.65
2027-03-31,put,6845.0,104.9,106.4,105.65
2027-03-31,call,6850.0,1058.7,1068.0,1063.35
2027-03-31,put,6850.0,105.6,107.0,106.3
2027-03-31,call,6855.0,1054.2,1063.6,1058.9
2027-03-31,put,6855.0,106.0,107.5,106.75
2027-03-31,call,6860.0,1050.0,1059.3,1054.65
2027-03-31,put,6860.0,106.6,108.1,107.35
2027-03-31,call,6865.0,1045.7,1054.9,1050.3000000000002
2027-03-31,put,6865.0,107.2,108.6,107.9
2027-03-31,call,6870.0,1041.3,1050.6,1045.9499999999998
2027-03-31,put,6870.0,107.8,109.2,108.5
2027-03-31,call,6875.0,1037.0,1046.2,1041.6
2027-03-31,put,6875.0,108.2,109.7,108.95
2027-03-31,call,6880.0,1032.7,1042.0,1037.35
2027-03-31,put,6880.0,108.8,110.3,109.55
2027-03-31,call,6885.0,1028.4,1037.7,1033.0500000000002
2027-03-31,put,6885.0,109.4,110.9,110.15
2027-03-31,call,6890.0,1024.1,1033.4,1028.75
2027-03-31,put,6890.0,110.0,111.4,110.7
2027-03-31,call,6895.0,1019.8,1029.0,1024.4
2027-03-31,put,6895.0,110.6,112.0,111.3
2027-03-31,call,6900.0,1015.5,1024.7,1020.1
2027-03-31,put,6900.0,111.1,112.6,111.85
2027-03-31,call,6905.0,1011.2,1020.4,1015.8
2027-03-31,put,6905.0,111.6,113.2,112.4
2027-03-31,call,6910.0,1006.9,1016.1,1011.5
2027-03-31,put,6910.0,112.3,113.8,113.05
2027-03-31,call,6915.0,1002.6,1011.8,1007.2
2027-03-31,put,6915.0,112.8,114.4,113.6
2027-03-31,call,6920.0,998.3,1007.5,1002.9
2027-03-31,put,6920.0,113.5,114.9,114.2
2027-03-31,call,6925.0,994.0,1003.2,998.6
2027-03-31,put,6925.0,114.0,115.5,114.75
2027-03-31,call,6930.0,989.7,998.8,994.25
2027-03-31,put,6930.0,114.6,116.1,115.35
2027-03-31,call,6935.0,985.5,994.6,990.05
2027-03-31,put,6935.0,115.3,116.7,116.0
2027-03-31,call,6940.0,981.2,990.4,985.8
2027-03-31,put,6940.0,115.8,117.3,116.55
2027-03-31,call,6945.0,976.9,986.0,981.45
2027-03-31,put,6945.0,116.4,117.9,117.15
2027-03-31,call,6950.0,972.7,981.8,977.25
2027-03-31,put,6950.0,117.0,118.6,117.8
2027-03-31,call,6955.0,968.4,977.5,972.95
2027-03-31,put,6955.0,117.6,119.2,118.4
2027-03-31,call,6960.0,964.1,973.2,968.6500000000001
2027-03-31,put,6960.0,118.2,119.8,119.0
2027-03-31,call,6965.0,959.9,969.0,964.45
2027-03-31,put,6965.0,118.8,120.4,119.6
2027-03-31,call,6970.0,955.7,964.8,960.25
2027-03-31,put,6970.0,119.5,121.0,120.25
2027-03-31,call,6975.0,951.4,960.5,955.95
2027-03-31,put,6975.0,120.1,121.7,120.9
2027-03-31,call,6980.0,947.1,956.2,951.6500000000001
2027-03-31,put,6980.0,120.7,122.3,121.5
2027-03-31,call,6985.0,942.9,952.0,947.45
2027-03-31,put,6985.0,121.4,122.9,122.15
2027-03-31,call,6990.0,938.7,947.7,943.2
2027-03-31,put,6990.0,122.0,123.6,122.8
2027-03-31,call,6995.0,934.6,943.6,939.1
2027-03-31,put,6995.0,122.7,124.2,123.45
2027-03-31,call,7000.0,930.3,939.3,934.8
2027-03-31,put,7000.0,123.3,124.9,124.1
2027-03-31,call,7005.0,926.0,935.0,930.5
2027-03-31,put,7005.0,123.9,125.5,124.7
2027-03-31,call,7010.0,921.8,930.8,926.3
2027-03-31,put,7010.0,124.6,126.2,125.4
2027-03-31,call,7015.0,917.7,926.6,922.1500000000001
2027-03-31,put,7015.0,125.3,126.9,126.1
2027-03-31,call,7020.0,913.3,922.3,917.8
2027-03-31,put,7020.0,125.9,127.5,126.7
2027-03-31,call,7025.0,909.2,918.1,913.6500000000001
2027-03-31,put,7025.0,126.6,128.3,127.45
2027-03-31,call,7030.0,905.0,913.9,909.45
2027-03-31,put,7030.0,127.2,128.9,128.05
2027-03-31,call,7040.0,896.6,905.5,901.05
2027-03-31,put,7040.0,128.6,130.2,129.39999999999998
2027-03-31,call,7050.0,888.3,897.0,892.65
2027-03-31,put,7050.0,130.0,131.6,130.8
2027-03-31,call,7060.0,879.8,888.7,884.25
2027-03-31,put,7060.0,131.3,133.0,132.15
2027-03-31,call,7070.0,871.4,880.3,875.8499999999999
2027-03-31,put,7070.0,132.7,134.4,133.55
2027-03-31,call,7080.0,863.2,872.0,867.6
2027-03-31,put,7080.0,134.3,135.9,135.10000000000002
2027-03-31,call,7090.0,854.9,863.7,859.3
2027-03-31,put,7090.0,135.6,137.3,136.45
2027-03-31,call,7100.0,846.6,855.4,851.0
2027-03-31,put,7100.0,137.2,138.8,138.0
2027-03-31,call,7110.0,838.2,847.0,842.6
2027-03-31,put,7110.0,138.5,140.3,139.4
2027-03-31,call,7120.0,830.1,838.8,834.45
2027-03-31,put,7120.0,140.0,141.8,140.9
2027-03-31,call,7130.0,821.7,830.5,826.1
2027-03-31,put,7130.0,141.5,143.3,142.4
2027-03-31,call,7140.0,813.6,822.3,817.95
2027-03-31,put,7140.0,143.2,144.8,144.0
2027-03-31,call,7150.0,805.3,814.0,809.65
2027-03-31,put,7150.0,144.6,146.4,145.5
2027-03-31,call,7160.0,797.1,805.8,801.45
2027-03-31,put,7160.0,146.3,148.0,147.15
2027-03-31,call,7170.0,789.1,797.7,793.4000000000001
2027-03-31,put,7170.0,147.9,149.5,148.7
2027-03-31,call,7180.0,780.8,789.5,785.15
2027-03-31,put,7180.0,149.5,151.2,150.35
2027-03-31,call,7190.0,772.7,781.4,777.05
2027-03-31,put,7190.0,151.0,152.8,151.9
2027-03-31,call,7200.0,764.6,773.2,768.9000000000001
2027-03-31,put,7200.0,152.8,154.5,153.65
2027-03-31,call,7210.0,756.6,765.2,760.9000000000001
2027-03-31,put,7210.0,154.5,156.2,155.35
2027-03-31,call,7220.0,748.6,757.2,752.9000000000001
2027-03-31,put,7220.0,156.2,157.9,157.05
2027-03-31,call,7230.0,740.6,749.0,744.8
2027-03-31,put,7230.0,157.9,159.6,158.75
2027-03-31,call,7240.0,732.6,741.1,736.85
2027-03-31,put,7240.0,159.6,161.3,160.45
2027-03-31,call,7250.0,724.6,733.0,728.8
2027-03-31,put,7250.0,161.3,163.1,162.2
2027-03-31,call,7260.0,716.6,725.1,720.85
2027-03-31,put,7260.0,163.1,164.9,164.0
2027-03-31,call,7270.0,708.7,717.1,712.9000000000001
2027-03-31,put,7270.0,164.9,166.7,165.8
2027-03-31,call,7280.0,700.6,709.1,704.85
2027-03-31,put,7280.0,166.7,168.5,167.6
2027-03-31,call,7290.0,692.8,701.2,697.0
2027-03-31,put,7290.0,168.6,170.3,169.45
2027-03-31,call,7300.0,685.0,693.4,689.2
2027-03-31,put,7300.0,170.5,172.4,171.45
2027-03-31,call,7305.0,681.0,689.3,685.15
2027-03-31,put,7305.0,171.4,173.3,172.35000000000002
2027-03-31,call,7310.0,677.1,685.4,681.25
2027-03-31,put,7310.0,172.4,174.3,173.35000000000002
2027-03-31,call,7315.0,673.2,681.6,677.4000000000001
2027-03-31,put,7315.0,173.3,175.2,174.25
2027-03-31,call,7320.0,669.3,677.7,673.5
2027-03-31,put,7320.0,174.3,176.2,175.25
2027-03-31,call,7325.0,665.4,673.7,669.55
2027-03-31,put,7325.0,175.3,177.2,176.25
2027-03-31,call,7330.0,661.5,669.8,665.65
2027-03-31,put,7330.0,176.2,178.0,177.1
2027-03-31,call,7335.0,657.6,665.9,661.75
2027-03-31,put,7335.0,177.2,179.0,178.1
2027-03-31,call,7340.0,653.7,662.0,657.85
2027-03-31,put,7340.0,178.2,180.1,179.14999999999998
2027-03-31,call,7345.0,649.9,658.2,654.05
2027-03-31,put,7345.0,179.2,181.0,180.1
2027-03-31,call,7350.0,646.0,654.3,650.15
2027-03-31,put,7350.0,180.2,182.1,181.14999999999998
2027-03-31,call,7355.0,642.1,650.3,646.2
2027-03-31,put,7355.0,181.2,183.2,182.2
2027-03-31,call,7360.0,638.3,646.5,642.4
2027-03-31,put,7360.0,182.3,184.2,183.25
2027-03-31,call,7365.0,634.4,642.6,638.5
2027-03-31,put,7365.0,183.3,185.2,184.25
2027-03-31,call,7370.0,630.6,638.8,634.7
2027-03-31,put,7370.0,184.4,186.2,185.3
2027-03-31,call,7375.0,626.7,634.9,630.8
2027-03-31,put,7375.0,185.4,187.3,186.35000000000002
2027-03-31,call,7380.0,622.9,631.1,627.0
2027-03-31,put,7380.0,186.4,188.3,187.35000000000002
2027-03-31,call,7385.0,619.1,627.3,623.2
2027-03-31,put,7385.0,187.5,189.4,188.45
2027-03-31,call,7390.0,615.3,623.5,619.4
2027-03-31,put,7390.0,188.5,190.4,189.45
2027-03-31,call,7395.0,611.5,619.7,615.6
2027-03-31,put,7395.0,189.6,191.5,190.55
2027-03-31,call,7400.0,607.7,615.9,611.8
2027-03-31,put,7400.0,190.7,192.6,191.64999999999998
2027-03-31,call,7405.0,603.9,612.1,608.0
2027-03-31,put,7405.0,191.8,193.7,192.75
2027-03-31,call,7410.0,600.1,608.3,604.2
2027-03-31,put,7410.0,192.8,194.8,193.8
2027-03-31,call,7415.0,596.3,604.4,600.3499999999999
2027-03-31,put,7415.0,193.9,195.9,194.9
2027-03-31,call,7420.0,592.5,600.6,596.55
2027-03-31,put,7420.0,195.0,197.0,196.0
2027-03-31,call,7425.0,588.8,596.9,592.8499999999999
2027-03-31,put,7425.0,196.2,198.1,197.14999999999998
2027-03-31,call,7430.0,585.0,593.1,589.05
2027-03-31,put,7430.0,197.3,199.2,198.25
2027-03-31,call,7435.0,581.3,589.4,585.3499999999999
2027-03-31,put,7435.0,198.4,200.4,199.4
2027-03-31,call,7440.0,577.6,585.6,581.6
2027-03-31,put,7440.0,199.5,201.6,200.55
2027-03-31,call,7445.0,573.9,581.9,577.9
2027-03-31,put,7445.0,200.7,202.7,201.7
2027-03-31,call,7450.0,570.1,578.2,574.1500000000001
2027-03-31,put,7450.0,201.8,203.9,202.85000000000002
2027-03-31,call,7455.0,566.4,574.4,570.4
2027-03-31,put,7455.0,203.1,205.0,204.05
2027-03-31,call,7460.0,562.7,570.7,566.7
2027-03-31,put,7460.0,204.2,206.2,205.2
2027-03-31,call,7465.0,559.0,567.0,563.0
2027-03-31,put,7465.0,205.3,207.3,206.3
2027-03-31,call,7470.0,555.3,563.3,559.3
2027-03-31,put,7470.0,206.6,208.6,207.6
2027-03-31,call,7475.0,551.7,559.6,555.6500000000001
2027-03-31,put,7475.0,207.8,209.8,208.8
2027-03-31,call,7480.0,548.0,555.9,551.95
2027-03-31,put,7480.0,209.0,210.9,209.95
2027-03-31,call,7485.0,544.2,552.1,548.1500000000001
2027-03-31,put,7485.0,210.1,212.2,211.14999999999998
2027-03-31,call,7490.0,540.7,548.6,544.6500000000001
2027-03-31,put,7490.0,211.4,213.4,212.4
2027-03-31,call,7495.0,536.9,544.8,540.8499999999999
2027-03-31,put,7495.0,212.6,214.6,213.6
2027-03-31,call,7500.0,533.4,541.2,537.3
2027-03-31,put,7500.0,214.1,215.5,214.8
2027-03-31,call,7505.0,529.6,537.5,533.55
2027-03-31,put,7505.0,215.1,217.1,216.1
2027-03-31,call,7510.0,526.0,533.9,529.95
2027-03-31,put,7510.0,216.3,218.3,217.3
2027-03-31,call,7515.0,522.4,530.3,526.3499999999999
2027-03-31,put,7515.0,217.6,219.7,218.64999999999998
2027-03-31,call,7520.0,518.9,526.7,522.8
2027-03-31,put,7520.0,218.9,220.9,219.9
2027-03-31,call,7525.0,515.3,523.1,519.2
2027-03-31,put,7525.0,220.1,222.2,221.14999999999998
2027-03-31,call,7530.0,511.6,519.4,515.5
2027-03-31,put,7530.0,221.4,223.4,222.4
2027-03-31,call,7535.0,508.1,515.8,511.95
2027-03-31,put,7535.0,222.7,224.7,223.7
2027-03-31,call,7540.0,504.6,512.2,508.40000000000003
2027-03-31,put,7540.0,224.0,226.0,225.0
2027-03-31,call,7545.0,501.0,508.7,504.85
2027-03-31,put,7545.0,225.3,227.4,226.35000000000002
2027-03-31,call,7550.0,497.5,505.1,501.3
2027-03-31,put,7550.0,226.6,228.6,227.6
2027-03-31,call,7555.0,493.8,501.6,497.70000000000005
2027-03-31,put,7555.0,228.0,229.9,228.95
2027-03-31,call,7560.0,490.4,498.0,494.2
2027-03-31,put,7560.0,229.3,231.2,230.25
2027-03-31,call,7565.0,486.8,494.5,490.65
2027-03-31,put,7565.0,230.7,232.6,231.64999999999998
2027-03-31,call,7570.0,483.3,491.0,487.15
2027-03-31,put,7570.0,232.0,233.9,232.95
2027-03-31,call,7575.0,479.7,487.4,483.54999999999995
2027-03-31,put,7575.0,233.4,235.3,234.35000000000002
2027-03-31,call,7580.0,476.2,483.9,480.04999999999995
2027-03-31,put,7580.0,234.8,236.7,235.75
2027-03-31,call,7585.0,472.8,480.4,476.6
2027-03-31,put,7585.0,236.2,238.1,237.14999999999998
2027-03-31,call,7590.0,469.4,476.9,473.15
2027-03-31,put,7590.0,237.6,239.5,238.55
2027-03-31,call,7595.0,465.9,473.4,469.65
2027-03-31,put,7595.0,239.0,240.9,239.95
2027-03-31,call,7600.0,462.4,470.0,466.2
2027-03-31,put,7600.0,240.4,242.3,241.35000000000002
2027-03-31,call,7605.0,459.0,466.5,462.75
2027-03-31,put,7605.0,241.8,243.7,242.75
2027-03-31,call,7610.0,455.6,463.1,459.35
2027-03-31,put,7610.0,243.2,245.2,244.2
2027-03-31,call,7615.0,452.1,459.6,455.85
2027-03-31,put,7615.0,244.7,246.6,245.64999999999998
2027-03-31,call,7620.0,448.7,456.2,452.45
2027-03-31,put,7620.0,246.2,248.1,247.14999999999998
2027-03-31,call,7625.0,445.2,452.8,449.0
2027-03-31,put,7625.0,247.6,249.6,248.6
2027-03-31,call,7630.0,441.9,449.4,445.65
2027-03-31,put,7630.0,249.1,251.1,250.1
2027-03-31,call,7635.0,438.5,446.0,442.25
2027-03-31,put,7635.0,250.6,252.5,251.55
2027-03-31,call,7640.0,435.2,442.6,438.9
2027-03-31,put,7640.0,252.1,254.1,253.1
2027-03-31,call,7645.0,431.8,439.2,435.5
2027-03-31,put,7645.0,253.6,255.6,254.6
2027-03-31,call,7650.0,428.4,435.9,432.15
2027-03-31,put,7650.0,255.1,257.1,256.1
2027-03-31,call,7655.0,425.1,432.5,428.8
2027-03-31,put,7655.0,256.5,259.0,257.75
2027-03-31,call,7660.0,421.8,429.2,425.5
2027-03-31,put,7660.0,258.2,260.6,259.4
2027-03-31,call,7665.0,418.5,425.8,422.15
2027-03-31,put,7665.0,259.6,261.7,260.65
2027-03-31,call,7670.0,415.1,422.5,418.8
2027-03-31,put,7670.0,261.3,263.6,262.45000000000005
2027-03-31,call,7675.0,411.9,419.2,415.54999999999995
2027-03-31,put,7675.0,262.9,264.9,263.9
2027-03-31,call,7680.0,408.6,415.9,412.25
2027-03-31,put,7680.0,264.5,266.5,265.5
2027-03-31,call,7685.0,405.3,412.6,408.95000000000005
2027-03-31,put,7685.0,266.1,268.1,267.1
2027-03-31,call,7690.0,402.0,409.4,405.7
2027-03-31,put,7690.0,267.7,269.7,268.7
2027-03-31,call,7695.0,398.8,406.1,402.45000000000005
2027-03-31,put,7695.0,269.2,271.3,270.25
2027-03-31,call,7700.0,395.6,402.8,399.20000000000005
2027-03-31,put,7700.0,271.0,273.0,272.0
2027-03-31,call,7705.0,392.3,399.6,395.95000000000005
2027-03-31,put,7705.0,272.6,274.6,273.6
2027-03-31,call,7710.0,389.1,396.4,392.75
2027-03-31,put,7710.0,274.3,276.3,275.3
2027-03-31,call,7715.0,385.9,393.2,389.54999999999995
2027-03-31,put,7715.0,275.8,278.0,276.9
2027-03-31,call,7720.0,382.7,390.0,386.35
2027-03-31,put,7720.0,277.5,279.7,278.6
2027-03-31,call,7725.0,379.5,386.7,383.1
2027-03-31,put,7725.0,279.2,281.4,280.29999999999995
2027-03-31,call,7730.0,376.4,383.6,380.0
2027-03-31,put,7730.0,280.9,283.1,282.0
2027-03-31,call,7735.0,373.2,380.4,376.79999999999995
2027-03-31,put,7735.0,282.8,285.1,283.95000000000005
2027-03-31,call,7740.0,370.1,377.3,373.70000000000005
2027-03-31,put,7740.0,284.5,286.5,285.5
2027-03-31,call,7745.0,369.8,372.9,371.35
2027-03-31,put,7745.0,286.1,288.3,287.20000000000005
2027-03-31,call,7750.0,366.5,369.6,368.05
2027-03-31,put,7750.0,288.0,290.0,289.0
2027-03-31,call,7755.0,363.4,366.5,364.95
2027-03-31,put,7755.0,289.7,291.8,290.75
2027-03-31,call,7760.0,360.3,363.4,361.85
2027-03-31,put,7760.0,291.5,293.6,292.55
2027-03-31,call,7765.0,357.4,360.4,358.9
2027-03-31,put,7765.0,293.3,295.4,294.35
2027-03-31,call,7770.0,354.2,357.3,355.75
2027-03-31,put,7770.0,295.0,297.2,296.1
2027-03-31,call,7775.0,351.1,354.3,352.70000000000005
2027-03-31,put,7775.0,296.8,299.0,297.9
2027-03-31,call,7780.0,348.1,351.2,349.65
2027-03-31,put,7780.0,298.8,300.9,299.85
2027-03-31,call,7785.0,345.2,348.0,346.6
2027-03-31,put,7785.0,300.5,302.7,301.6
2027-03-31,call,7790.0,342.0,345.1,343.55
2027-03-31,put,7790.0,302.5,304.9,303.7
2027-03-31,call,7795.0,339.0,342.2,340.6
2027-03-31,put,7795.0,304.4,306.5,305.45
2027-03-31,call,7800.0,336.0,339.0,337.5
2027-03-31,put,7800.0,306.1,308.4,307.25
2027-03-31,call,7805.0,333.2,336.0,334.6
2027-03-31,put,7805.0,308.0,310.3,309.15
2027-03-31,call,7810.0,330.1,333.2,331.65
2027-03-31,put,7810.0,310.1,312.2,311.15
2027-03-31,call,7815.0,327.3,329.9,328.6
2027-03-31,put,7815.0,311.8,314.8,313.3
2027-03-31,call,7820.0,324.2,327.0,325.6
2027-03-31,put,7820.0,313.8,316.1,314.95000000000005
2027-03-31,call,7825.0,321.3,324.0,322.65
2027-03-31,put,7825.0,315.8,318.7,317.25
2027-03-31,call,7830.0,318.4,321.1,319.75
2027-03-31,put,7830.0,317.9,320.0,318.95
2027-03-31,call,7835.0,315.5,318.2,316.85
2027-03-31,put,7835.0,319.7,322.0,320.85
2027-03-31,call,7840.0,312.6,315.3,313.95000000000005
2027-03-31,put,7840.0,321.7,324.0,322.85
2027-03-31,call,7845.0,309.9,312.5,311.2
2027-03-31,put,7845.0,323.9,326.0,324.95
2027-03-31,call,7850.0,306.9,309.6,308.25
2027-03-31,put,7850.0,325.7,328.0,326.85
2027-03-31,call,7855.0,304.1,306.8,305.45000000000005
2027-03-31,put,7855.0,327.8,330.1,328.95000000000005
2027-03-31,call,7860.0,301.4,303.9,302.65
2027-03-31,put,7860.0,329.8,332.1,330.95000000000005
2027-03-31,call,7870.0,295.8,298.3,297.05
2027-03-31,put,7870.0,334.0,336.9,335.45
2027-03-31,call,7875.0,293.0,295.6,294.3
2027-03-31,put,7875.0,336.1,338.4,337.25
2027-03-31,call,7880.0,290.1,292.8,291.45000000000005
2027-03-31,put,7880.0,338.3,340.5,339.4
2027-03-31,call,7890.0,284.7,287.3,286.0
2027-03-31,put,7890.0,342.7,344.8,343.75
2027-03-31,call,7900.0,279.2,281.8,280.5
2027-03-31,put,7900.0,346.9,349.1,348.0
2027-03-31,call,7910.0,273.9,276.4,275.15
2027-03-31,put,7910.0,351.3,353.5,352.4
2027-03-31,call,7920.0,268.6,271.2,269.9
2027-03-31,put,7920.0,355.7,358.0,356.85
2027-03-31,call,7925.0,265.9,268.8,267.35
2027-03-31,put,7925.0,358.0,360.2,359.1
2027-03-31,call,7930.0,263.4,265.8,264.6
2027-03-31,put,7930.0,360.2,362.5,361.35
2027-03-31,call,7940.0,258.1,261.0,259.55
2027-03-31,put,7940.0,364.8,367.1,365.95000000000005
2027-03-31,call,7950.0,253.1,255.8,254.45
2027-03-31,put,7950.0,369.6,371.7,370.65
2027-03-31,call,7960.0,247.9,250.7,249.3
2027-03-31,put,7960.0,374.1,376.4,375.25
2027-03-31,call,7970.0,242.9,245.6,244.25
2027-03-31,put,7970.0,378.8,381.2,380.0
2027-03-31,call,7975.0,240.5,242.9,241.7
2027-03-31,put,7975.0,381.2,383.6,382.4
2027-03-31,call,7980.0,238.1,240.7,239.39999999999998
2027-03-31,put,7980.0,383.7,386.0,384.85
2027-03-31,call,7990.0,233.2,235.6,234.39999999999998
2027-03-31,put,7990.0,388.5,390.9,389.7
2027-03-31,call,8000.0,228.4,231.0,229.7
2027-03-31,put,8000.0,393.1,395.8,394.45000000000005
2027-03-31,call,8010.0,223.6,226.3,224.95
2027-03-31,put,8010.0,396.9,400.8,398.85
2027-03-31,call,8020.0,218.8,221.6,220.2
2027-03-31,put,8020.0,402.4,406.3,404.35
2027-03-31,call,8025.0,216.6,219.2,217.89999999999998
2027-03-31,put,8025.0,403.5,410.7,407.1
2027-03-31,call,8030.0,214.3,216.9,215.60000000000002
2027-03-31,put,8030.0,406.7,413.3,410.0
2027-03-31,call,8040.0,209.8,212.3,211.05
2027-03-31,put,8040.0,411.9,418.5,415.2
2027-03-31,call,8050.0,205.3,207.9,206.60000000000002
2027-03-31,put,8050.0,417.2,423.8,420.5
2027-03-31,call,8060.0,200.9,203.4,202.15
2027-03-31,put,8060.0,422.5,429.1,425.8
2027-03-31,call,8070.0,196.5,199.0,197.75
2027-03-31,put,8070.0,427.9,434.6,431.25
2027-03-31,call,8075.0,194.3,196.9,195.60000000000002
2027-03-31,put,8075.0,430.6,437.3,433.95000000000005
2027-03-31,call,8080.0,192.2,194.7,193.45
2027-03-31,put,8080.0,433.4,440.8,437.1
2027-03-31,call,8090.0,188.0,190.4,189.2
2027-03-31,put,8090.0,438.9,445.6,442.25
2027-03-31,call,8100.0,184.3,185.8,185.05
2027-03-31,put,8100.0,444.4,451.2,447.79999999999995
2027-03-31,call,8125.0,173.7,176.2,174.95
2027-03-31,put,8125.0,458.7,466.3,462.5
2027-03-31,call,8150.0,164.4,165.8,165.10000000000002
2027-03-31,put,8150.0,473.3,481.0,477.15
2027-03-31,call,8175.0,154.5,156.9,155.7
2027-03-31,put,8175.0,488.3,496.1,492.20000000000005
2027-03-31,call,8200.0,145.7,148.0,146.85
2027-03-31,put,8200.0,503.8,511.7,507.75
2027-03-31,call,8225.0,137.2,139.6,138.39999999999998
2027-03-31,put,8225.0,519.6,527.6,523.6
2027-03-31,call,8250.0,129.0,131.5,130.25
2027-03-31,put,8250.0,537.2,542.0,539.6
2027-03-31,call,8275.0,121.2,123.7,122.45
2027-03-31,put,8275.0,552.5,560.5,556.5
2027-03-31,call,8300.0,114.0,116.3,115.15
2027-03-31,put,8300.0,569.5,577.7,573.6
2027-03-31,call,8325.0,107.0,109.3,108.15
2027-03-31,put,8325.0,586.9,595.0,590.95
2027-03-31,call,8350.0,100.9,102.1,101.5
2027-03-31,put,8350.0,604.6,613.0,608.8
2027-03-31,call,8375.0,94.1,95.9,95.0
2027-03-31,put,8375.0,622.7,631.1,626.9000000000001
2027-03-31,call,8400.0,88.2,90.1,89.15
2027-03-31,put,8400.0,641.1,649.6,645.35
2027-03-31,call,8425.0,82.5,84.6,83.55
2027-03-31,put,8425.0,659.9,668.4,664.15
2027-03-31,call,8450.0,77.2,79.2,78.2
2027-03-31,put,8450.0,678.9,687.4,683.15
2027-03-31,call,8475.0,72.2,73.9,73.05000000000001
2027-03-31,put,8475.0,698.3,706.8,702.55
2027-03-31,call,8500.0,67.5,69.1,68.3
2027-03-31,put,8500.0,717.8,726.5,722.15
2027-03-31,call,8550.0,58.8,60.6,59.7
2027-03-31,put,8550.0,757.8,766.6,762.2
2027-03-31,call,8600.0,51.1,52.8,51.95
2027-03-31,put,8600.0,798.9,807.7,803.3
2027-03-31,call,8650.0,44.3,45.9,45.099999999999994
2027-03-31,put,8650.0,840.8,849.8,845.3
2027-03-31,call,8700.0,38.3,39.8,39.05
2027-03-31,put,8700.0,883.4,892.6,888.0
2027-03-31,call,8750.0,33.0,34.3,33.65
2027-03-31,put,8750.0,926.8,936.2,931.5
2027-03-31,call,8800.0,28.5,29.8,29.15
2027-03-31,put,8800.0,971.0,980.4,975.7
2027-03-31,call,8850.0,24.5,25.6,25.05
2027-03-31,put,8850.0,1008.2,1032.2,1020.2
2027-03-31,call,8900.0,21.0,22.1,21.55
2027-03-31,put,8900.0,1053.7,1077.7,1065.7
2027-03-31,call,9000.0,15.4,16.4,15.899999999999999
2027-03-31,put,9000.0,1145.7,1169.7,1157.7
2027-03-31,call,9100.0,11.3,12.2,11.75
2027-03-31,put,9100.0,1240.1,1264.1,1252.1
2027-03-31,call,9200.0,8.3,9.1,8.7
2027-03-31,put,9200.0,1330.0,1351.9,1340.95
2027-03-31,call,9300.0,6.2,6.9,6.550000000000001
2027-03-31,put,9300.0,1428.4,1452.4,1440.4
2027-03-31,call,9400.0,4.7,5.4,5.050000000000001
2027-03-31,put,9400.0,1521.4,1551.4,1536.4
2027-03-31,call,9500.0,3.6,4.2,3.9000000000000004
2027-03-31,put,9500.0,1617.9,1647.9,1632.9
2027-03-31,call,9600.0,2.85,3.4,3.125
2027-03-31,put,9600.0,1714.7,1744.7,1729.7
2027-06-30,call,3000.0,4738.2,4762.1,4750.15
2027-06-30,put,3000.0,7.8,8.4,8.1
2027-06-30,call,3200.0,4547.2,4571.0,4559.1
2027-06-30,put,3200.0,9.4,10.0,9.7
2027-06-30,call,3400.0,4356.3,4380.1,4368.200000000001
2027-06-30,put,3400.0,11.1,11.7,11.399999999999999
2027-06-30,call,3600.0,4165.7,4189.3,4177.5
2027-06-30,put,3600.0,13.0,13.7,13.35
2027-06-30,call,3800.0,3975.2,3998.8,3987.0
2027-06-30,put,3800.0,15.2,15.9,15.55
2027-06-30,call,3900.0,3880.1,3903.6,3891.85
2027-06-30,put,3900.0,16.4,17.1,16.75
2027-06-30,call,4000.0,3785.2,3808.5,3796.85
2027-06-30,put,4000.0,17.6,18.4,18.0
2027-06-30,call,4100.0,3690.0,3713.5,3701.75
2027-06-30,put,4100.0,19.0,19.8,19.4
2027-06-30,call,4200.0,3595.4,3618.5,3606.95
2027-06-30,put,4200.0,20.4,21.2,20.799999999999997
2027-06-30,call,4300.0,3500.2,3523.6,3511.8999999999996
2027-06-30,put,4300.0,21.9,22.7,22.299999999999997
2027-06-30,call,4400.0,3405.6,3428.9,3417.25
2027-06-30,put,4400.0,23.5,24.3,23.9
2027-06-30,call,4500.0,3311.1,3334.2,3322.6499999999996
2027-06-30,put,4500.0,25.2,26.1,25.65
2027-06-30,call,4600.0,3216.6,3239.7,3228.1499999999996
2027-06-30,put,4600.0,27.0,27.9,27.45
2027-06-30,call,4700.0,3122.1,3145.2,3133.6499999999996
2027-06-30,put,4700.0,29.0,29.9,29.45
2027-06-30,call,4800.0,3028.5,3051.0,3039.75
2027-06-30,put,4800.0,31.1,32.1,31.6
2027-06-30,call,4900.0,2934.1,2956.9,2945.5
2027-06-30,put,4900.0,33.4,34.4,33.9
2027-06-30,call,5000.0,2833.8,2857.8,2845.8
2027-06-30,put,5000.0,35.8,36.8,36.3
2027-06-30,call,5100.0,2746.7,2769.3,2758.0
2027-06-30,put,5100.0,38.5,39.5,39.0
2027-06-30,call,5200.0,2653.1,2675.9,2664.5
2027-06-30,put,5200.0,41.4,42.4,41.9
2027-06-30,call,5250.0,2606.6,2629.2,2617.8999999999996
2027-06-30,put,5250.0,42.9,44.0,43.45
2027-06-30,call,5300.0,2552.9,2576.9,2564.9
2027-06-30,put,5300.0,44.5,45.6,45.05
2027-06-30,call,5350.0,2507.0,2531.0,2519.0
2027-06-30,put,5350.0,46.2,47.3,46.75
2027-06-30,call,5400.0,2460.6,2484.6,2472.6
2027-06-30,put,5400.0,47.9,49.0,48.45
2027-06-30,call,5450.0,2413.6,2437.6,2425.6
2027-06-30,put,5450.0,49.7,50.9,50.3
2027-06-30,call,5500.0,2368.2,2392.2,2380.2
2027-06-30,put,5500.0,51.6,52.8,52.2
2027-06-30,call,5550.0,2322.1,2346.1,2334.1
2027-06-30,put,5550.0,53.6,54.9,54.25
2027-06-30,call,5600.0,2275.8,2299.8,2287.8
2027-06-30,put,5600.0,55.6,56.9,56.25
2027-06-30,call,5650.0,2230.0,2254.0,2242.0
2027-06-30,put,5650.0,57.8,59.1,58.45
2027-06-30,call,5700.0,2184.1,2208.1,2196.1
2027-06-30,put,5700.0,60.1,61.4,60.75
2027-06-30,call,5750.0,2138.3,2162.3,2150.3
2027-06-30,put,5750.0,62.4,63.8,63.099999999999994
2027-06-30,call,5800.0,2092.7,2116.7,2104.7
2027-06-30,put,5800.0,64.9,66.3,65.6
2027-06-30,call,5850.0,2047.1,2071.1,2059.1
2027-06-30,put,5850.0,67.5,68.9,68.2
2027-06-30,call,5900.0,2001.6,2025.6,2013.6
2027-06-30,put,5900.0,70.3,71.7,71.0
2027-06-30,call,5950.0,1956.3,1980.3,1968.3
2027-06-30,put,5950.0,73.1,74.5,73.8
2027-06-30,call,6000.0,1911.7,1935.6,1923.65
2027-06-30,put,6000.0,76.1,77.5,76.8
2027-06-30,call,6050.0,1870.1,1888.3,1879.1999999999998
2027-06-30,put,6050.0,79.2,80.8,80.0
2027-06-30,call,6100.0,1825.1,1843.3,1834.1999999999998
2027-06-30,put,6100.0,82.5,84.0,83.25
2027-06-30,call,6150.0,1780.4,1798.5,1789.45
2027-06-30,put,6150.0,85.8,87.6,86.69999999999999
2027-06-30,call,6200.0,1735.9,1753.8,1744.85
2027-06-30,put,6200.0,89.4,91.3,90.35
2027-06-30,call,6250.0,1691.7,1709.4,1700.5500000000002
2027-06-30,put,6250.0,93.2,95.1,94.15
2027-06-30,call,6300.0,1647.8,1665.1,1656.4499999999998
2027-06-30,put,6300.0,97.3,98.8,98.05
2027-06-30,call,6325.0,1625.8,1643.0,1634.4
2027-06-30,put,6325.0,99.3,100.9,100.1
2027-06-30,call,6350.0,1603.6,1621.0,1612.3
2027-06-30,put,6350.0,101.4,103.3,102.35
2027-06-30,call,6375.0,1581.7,1598.8,1590.25
2027-06-30,put,6375.0,103.7,105.5,104.6
2027-06-30,call,6400.0,1560.2,1577.1,1568.65
2027-06-30,put,6400.0,105.9,107.4,106.65
2027-06-30,call,6425.0,1538.4,1555.2,1546.8000000000002
2027-06-30,put,6425.0,108.0,109.7,108.85
2027-06-30,call,6450.0,1516.4,1533.2,1524.8000000000002
2027-06-30,put,6450.0,110.5,112.0,111.25
2027-06-30,call,6455.0,1512.3,1529.1,1520.6999999999998
2027-06-30,put,6455.0,110.8,112.5,111.65
2027-06-30,call,6460.0,1508.0,1524.7,1516.35
2027-06-30,put,6460.0,111.3,113.0,112.15
2027-06-30,call,6465.0,1503.4,1520.4,1511.9
2027-06-30,put,6465.0,111.8,113.8,112.8
2027-06-30,call,6470.0,1499.3,1516.0,1507.65
2027-06-30,put,6470.0,112.3,114.3,113.3
2027-06-30,call,6475.0,1494.7,1511.7,1503.2
2027-06-30,put,6475.0,112.8,114.7,113.75
2027-06-30,call,6480.0,1490.4,1507.1,1498.75
2027-06-30,put,6480.0,113.3,115.2,114.25
2027-06-30,call,6485.0,1486.3,1503.0,1494.65
2027-06-30,put,6485.0,113.7,115.7,114.7
2027-06-30,call,6490.0,1482.0,1498.6,1490.3
2027-06-30,put,6490.0,114.3,115.9,115.1
2027-06-30,call,6495.0,1477.4,1494.3,1485.85
2027-06-30,put,6495.0,114.7,116.4,115.55000000000001
2027-06-30,call,6500.0,1473.1,1490.0,1481.55
2027-06-30,put,6500.0,115.3,117.2,116.25
2027-06-30,call,6505.0,1468.8,1485.4,1477.1
2027-06-30,put,6505.0,115.8,117.4,116.6
2027-06-30,call,6510.0,1464.7,1481.3,1473.0
2027-06-30,put,6510.0,116.2,118.2,117.2
2027-06-30,call,6515.0,1460.4,1477.0,1468.7
2027-06-30,put,6515.0,116.7,118.7,117.7
2027-06-30,call,6520.0,1456.1,1472.7,1464.4
2027-06-30,put,6520.0,117.2,119.2,118.2
2027-06-30,call,6525.0,1451.8,1468.3,1460.05
2027-06-30,put,6525.0,117.8,119.7,118.75
2027-06-30,call,6530.0,1447.5,1464.0,1455.75
2027-06-30,put,6530.0,118.3,120.2,119.25
2027-06-30,call,6535.0,1443.0,1459.7,1451.35
2027-06-30,put,6535.0,118.8,120.4,119.6
2027-06-30,call,6540.0,1438.7,1455.3,1447.0
2027-06-30,put,6540.0,119.3,120.9,120.1
2027-06-30,call,6545.0,1434.4,1451.1,1442.75
2027-06-30,put,6545.0,119.8,121.7,120.75
2027-06-30,call,6550.0,1430.3,1446.8,1438.55
2027-06-30,put,6550.0,120.2,122.3,121.25
2027-06-30,call,6555.0,1426.1,1442.4,1434.25
2027-06-30,put,6555.0,120.8,122.8,121.8
2027-06-30,call,6560.0,1421.8,1438.1,1429.9499999999998
2027-06-30,put,6560.0,121.2,123.3,122.25
2027-06-30,call,6565.0,1417.5,1433.8,1425.65
2027-06-30,put,6565.0,121.8,123.5,122.65
2027-06-30,call,6570.0,1413.1,1429.5,1421.3
2027-06-30,put,6570.0,122.4,124.4,123.4
2027-06-30,call,6575.0,1408.7,1425.2,1416.95
2027-06-30,put,6575.0,122.8,124.9,123.85
2027-06-30,call,6580.0,1404.4,1420.9,1412.65
2027-06-30,put,6580.0,123.5,125.4,124.45
2027-06-30,call,6585.0,1400.4,1416.7,1408.5500000000002
2027-06-30,put,6585.0,123.9,125.9,124.9
2027-06-30,call,6590.0,1396.1,1412.4,1404.25
2027-06-30,put,6590.0,124.4,126.5,125.45
2027-06-30,call,6595.0,1391.6,1408.1,1399.85
2027-06-30,put,6595.0,125.1,127.0,126.05
2027-06-30,call,6600.0,1387.3,1403.7,1395.5
2027-06-30,put,6600.0,125.6,127.6,126.6
2027-06-30,call,6605.0,1383.3,1399.5,1391.4
2027-06-30,put,6605.0,126.0,128.1,127.05
2027-06-30,call,6610.0,1379.0,1395.2,1387.1
2027-06-30,put,6610.0,126.7,128.7,127.69999999999999
2027-06-30,call,6615.0,1374.5,1390.9,1382.7
2027-06-30,put,6615.0,127.1,129.2,128.14999999999998
2027-06-30,call,6620.0,1370.5,1386.7,1378.6
2027-06-30,put,6620.0,127.8,129.8,128.8
2027-06-30,call,6625.0,1366.0,1382.3,1374.15
2027-06-30,put,6625.0,128.2,130.3,129.25
2027-06-30,call,6630.0,1362.0,1378.1,1370.05
2027-06-30,put,6630.0,128.9,130.9,129.9
2027-06-30,call,6635.0,1357.5,1373.9,1365.7
2027-06-30,put,6635.0,129.5,131.5,130.5
2027-06-30,call,6640.0,1353.5,1369.6,1361.55
2027-06-30,put,6640.0,129.9,132.0,130.95
2027-06-30,call,6645.0,1349.0,1365.3,1357.15
2027-06-30,put,6645.0,130.6,132.6,131.6
2027-06-30,call,6650.0,1345.0,1361.1,1353.05
2027-06-30,put,6650.0,131.1,133.2,132.14999999999998
2027-06-30,call,6655.0,1340.5,1356.8,1348.65
2027-06-30,put,6655.0,131.7,133.7,132.7
2027-06-30,call,6660.0,1336.5,1352.6,1344.55
2027-06-30,put,6660.0,132.2,134.2,133.2
2027-06-30,call,6665.0,1332.0,1348.3,1340.15
2027-06-30,put,6665.0,132.9,134.9,133.9
2027-06-30,call,6670.0,1327.8,1344.0,1335.9
2027-06-30,put,6670.0,133.3,135.5,134.4
2027-06-30,call,6675.0,1323.8,1339.8,1331.8
2027-06-30,put,6675.0,134.0,135.9,134.95
2027-06-30,call,6680.0,1319.6,1335.6,1327.6
2027-06-30,put,6680.0,134.5,136.6,135.55
2027-06-30,call,6685.0,1315.1,1331.3,1323.1999999999998
2027-06-30,put,6685.0,135.2,137.2,136.2
2027-06-30,call,6690.0,1310.9,1327.1,1319.0
2027-06-30,put,6690.0,135.8,137.8,136.8
2027-06-30,call,6695.0,1306.9,1322.9,1314.9
2027-06-30,put,6695.0,136.3,138.4,137.35000000000002
2027-06-30,call,6700.0,1302.7,1318.7,1310.7
2027-06-30,put,6700.0,137.0,139.0,138.0
2027-06-30,call,6705.0,1298.5,1314.4,1306.45
2027-06-30,put,6705.0,137.4,139.6,138.5
2027-06-30,call,6710.0,1294.1,1310.2,1302.15
2027-06-30,put,6710.0,138.0,140.2,139.1
2027-06-30,call,6715.0,1289.9,1306.0,1297.95
2027-06-30,put,6715.0,138.6,140.8,139.7
2027-06-30,call,6720.0,1285.7,1301.7,1293.7
2027-06-30,put,6720.0,139.4,141.4,140.4
2027-06-30,call,6725.0,1281.5,1297.5,1289.5
2027-06-30,put,6725.0,140.0,142.0,141.0
2027-06-30,call,6730.0,1277.3,1293.3,1285.3
2027-06-30,put,6730.0,140.5,142.5,141.5
2027-06-30,call,6735.0,1273.1,1289.1,1281.1
2027-06-30,put,6735.0,141.2,143.3,142.25
2027-06-30,call,6740.0,1268.9,1284.9,1276.9
2027-06-30,put,6740.0,141.8,143.9,142.85000000000002
2027-06-30,call,6745.0,1264.7,1280.7,1272.7
2027-06-30,put,6745.0,142.4,144.5,143.45
2027-06-30,call,6750.0,1260.7,1276.5,1268.6
2027-06-30,put,6750.0,143.0,145.1,144.05
2027-06-30,call,6755.0,1256.6,1272.3,1264.4499999999998
2027-06-30,put,6755.0,143.7,145.8,144.75
2027-06-30,call,6760.0,1252.4,1268.1,1260.25
2027-06-30,put,6760.0,144.3,146.4,145.35000000000002
2027-06-30,call,6765.0,1248.0,1263.9,1255.95
2027-06-30,put,6765.0,144.9,147.0,145.95
2027-06-30,call,6770.0,1243.8,1259.7,1251.75
2027-06-30,put,6770.0,145.5,147.7,146.6
2027-06-30,call,6775.0,1239.9,1255.6,1247.75
2027-06-30,put,6775.0,146.2,148.3,147.25
2027-06-30,call,6780.0,1235.7,1251.4,1243.5500000000002
2027-06-30,put,6780.0,146.8,148.8,147.8
2027-06-30,call,6785.0,1231.3,1247.1,1239.1999999999998
2027-06-30,put,6785.0,147.5,149.6,148.55
2027-06-30,call,6790.0,1227.4,1243.0,1235.2
2027-06-30,put,6790.0,148.1,150.2,149.14999999999998
2027-06-30,call,6795.0,1223.0,1238.8,1230.9
2027-06-30,put,6795.0,148.7,150.9,149.8
2027-06-30,call,6800.0,1218.8,1234.7,1226.75
2027-06-30,put,6800.0,149.4,151.6,150.5
2027-06-30,call,6805.0,1214.9,1230.5,1222.7
2027-06-30,put,6805.0,150.0,152.2,151.1
2027-06-30,call,6810.0,1210.5,1226.3,1218.4
2027-06-30,put,6810.0,150.7,152.8,151.75
2027-06-30,call,6815.0,1206.6,1222.2,1214.4
2027-06-30,put,6815.0,151.4,153.3,152.35000000000002
2027-06-30,call,6820.0,1202.2,1218.0,1210.1
2027-06-30,put,6820.0,152.0,154.3,153.15
2027-06-30,call,6825.0,1198.3,1213.9,1206.1
2027-06-30,put,6825.0,152.7,154.9,153.8
2027-06-30,call,6830.0,1194.2,1209.7,1201.95
2027-06-30,put,6830.0,153.4,155.3,154.35000000000002
2027-06-30,call,6835.0,1189.8,1205.5,1197.65
2027-06-30,put,6835.0,154.0,156.2,155.1
2027-06-30,call,6840.0,1185.9,1201.4,1193.65
2027-06-30,put,6840.0,154.7,156.9,155.8
2027-06-30,call,6845.0,1181.8,1197.3,1189.55
2027-06-30,put,6845.0,155.4,157.6,156.5
2027-06-30,call,6850.0,1177.4,1193.1,1185.25
2027-06-30,put,6850.0,156.1,158.3,157.2
2027-06-30,call,6855.0,1173.3,1189.0,1181.15
2027-06-30,put,6855.0,156.7,158.9,157.8
2027-06-30,call,6860.0,1169.4,1184.9,1177.15
2027-06-30,put,6860.0,157.4,159.4,158.4
2027-06-30,call,6870.0,1161.2,1176.6,1168.9
2027-06-30,put,6870.0,158.8,160.8,159.8
2027-06-30,call,6875.0,1157.1,1172.5,1164.8
2027-06-30,put,6875.0,159.5,161.8,160.65
2027-06-30,call,6880.0,1152.8,1168.4,1160.6
2027-06-30,put,6880.0,160.3,162.3,161.3
2027-06-30,call,6890.0,1144.6,1160.3,1152.4499999999998
2027-06-30,put,6890.0,161.6,163.9,162.75
2027-06-30,call,6900.0,1136.8,1152.1,1144.4499999999998
2027-06-30,put,6900.0,163.1,165.3,164.2
2027-06-30,call,6910.0,1128.5,1143.7,1136.1
2027-06-30,put,6910.0,164.5,166.8,165.65
2027-06-30,call,6920.0,1120.1,1135.5,1127.8
2027-06-30,put,6920.0,165.9,168.2,167.05
2027-06-30,call,6925.0,1116.0,1131.4,1123.7
2027-06-30,put,6925.0,166.7,169.0,167.85
2027-06-30,call,6930.0,1112.2,1127.4,1119.8000000000002
2027-06-30,put,6930.0,167.4,169.7,168.55
2027-06-30,call,6940.0,1103.8,1119.2,1111.5
2027-06-30,put,6940.0,168.9,171.2,170.05
2027-06-30,call,6950.0,1095.8,1111.0,1103.4
2027-06-30,put,6950.0,170.4,172.7,171.55
2027-06-30,call,6960.0,1087.8,1102.9,1095.35
2027-06-30,put,6960.0,172.0,174.2,173.1
2027-06-30,call,6970.0,1079.7,1094.8,1087.25
2027-06-30,put,6970.0,173.4,175.7,174.55
2027-06-30,call,6975.0,1075.7,1090.8,1083.25
2027-06-30,put,6975.0,174.2,176.4,175.3
2027-06-30,call,6980.0,1071.4,1086.6,1079.0
2027-06-30,put,6980.0,175.1,177.4,176.25
2027-06-30,call,6990.0,1063.3,1078.6,1070.9499999999998
2027-06-30,put,6990.0,176.5,178.9,177.7
2027-06-30,call,7000.0,1055.5,1070.5,1063.0
2027-06-30,put,7000.0,178.1,180.4,179.25
2027-06-30,call,7010.0,1047.5,1062.5,1055.0
2027-06-30,put,7010.0,179.8,182.1,180.95
2027-06-30,call,7020.0,1039.2,1054.4,1046.8000000000002
2027-06-30,put,7020.0,181.4,183.7,182.55
2027-06-30,call,7025.0,1035.2,1050.4,1042.8000000000002
2027-06-30,put,7025.0,182.2,184.6,183.39999999999998
2027-06-30,call,7030.0,1031.2,1046.3,1038.75
2027-06-30,put,7030.0,183.0,185.1,184.05
2027-06-30,call,7040.0,1023.3,1038.5,1030.9
2027-06-30,put,7040.0,184.6,187.0,185.8
2027-06-30,call,7050.0,1015.6,1030.4,1023.0
2027-06-30,put,7050.0,186.3,188.6,187.45
2027-06-30,call,7060.0,1007.5,1022.4,1014.95
2027-06-30,put,7060.0,187.8,190.2,189.0
2027-06-30,call,7070.0,999.4,1014.4,1006.9
2027-06-30,put,7070.0,189.5,192.0,190.75
2027-06-30,call,7075.0,995.7,1010.4,1003.05
2027-06-30,put,7075.0,190.4,192.7,191.55
2027-06-30,call,7080.0,991.5,1006.4,998.95
2027-06-30,put,7080.0,191.3,193.7,192.5
2027-06-30,call,7090.0,983.7,998.5,991.1
2027-06-30,put,7090.0,193.0,195.3,194.15
2027-06-30,call,7100.0,975.8,990.6,983.2
2027-06-30,put,7100.0,194.7,197.0,195.85
2027-06-30,call,7110.0,967.8,982.6,975.2
2027-06-30,put,7110.0,196.5,198.9,197.7
2027-06-30,call,7120.0,959.9,974.8,967.3499999999999
2027-06-30,put,7120.0,198.2,200.5,199.35
2027-06-30,call,7125.0,956.0,970.8,963.4
2027-06-30,put,7125.0,199.1,201.5,200.3
2027-06-30,call,7130.0,952.3,966.9,959.5999999999999
2027-06-30,put,7130.0,200.0,202.3,201.15
2027-06-30,call,7140.0,944.5,959.1,951.8
2027-06-30,put,7140.0,201.8,204.1,202.95
2027-06-30,call,7150.0,936.4,951.2,943.8
2027-06-30,put,7150.0,203.5,206.0,204.75
2027-06-30,call,7160.0,928.6,943.4,936.0
2027-06-30,put,7160.0,205.4,207.9,206.65
2027-06-30,call,7170.0,921.1,935.6,928.35
2027-06-30,put,7170.0,207.2,209.6,208.39999999999998
2027-06-30,call,7175.0,917.2,931.7,924.45
2027-06-30,put,7175.0,208.2,210.5,209.35
2027-06-30,call,7180.0,913.4,927.8,920.5999999999999
2027-06-30,put,7180.0,209.0,211.6,210.3
2027-06-30,call,7190.0,905.4,920.0,912.7
2027-06-30,put,7190.0,211.0,213.5,212.25
2027-06-30,call,7200.0,897.8,912.3,905.05
2027-06-30,put,7200.0,212.9,215.4,214.15
2027-06-30,call,7210.0,890.2,904.5,897.35
2027-06-30,put,7210.0,214.8,217.3,216.05
2027-06-30,call,7220.0,882.5,896.8,889.65
2027-06-30,put,7220.0,216.7,219.2,217.95
2027-06-30,call,7225.0,878.4,892.9,885.65
2027-06-30,put,7225.0,217.7,220.2,218.95
2027-06-30,call,7230.0,874.5,889.1,881.8
2027-06-30,put,7230.0,218.6,221.1,219.85
2027-06-30,call,7240.0,866.9,881.4,874.15
2027-06-30,put,7240.0,220.6,223.1,221.85
2027-06-30,call,7250.0,859.4,873.8,866.5999999999999
2027-06-30,put,7250.0,222.6,225.1,223.85
2027-06-30,call,7255.0,855.7,869.9,862.8
2027-06-30,put,7255.0,223.6,226.1,224.85
2027-06-30,call,7260.0,851.9,866.1,859.0
2027-06-30,put,7260.0,224.6,227.2,225.89999999999998
2027-06-30,call,7265.0,848.1,862.3,855.2
2027-06-30,put,7265.0,225.6,228.2,226.89999999999998
2027-06-30,call,7270.0,844.3,858.5,851.4
2027-06-30,put,7270.0,226.5,229.2,227.85
2027-06-30,call,7275.0,840.5,854.7,847.6
2027-06-30,put,7275.0,227.6,230.2,228.89999999999998
2027-06-30,call,7280.0,836.7,850.9,843.8
2027-06-30,put,7280.0,228.6,231.2,229.89999999999998
2027-06-30,call,7285.0,832.9,847.1,840.0
2027-06-30,put,7285.0,229.6,232.2,230.89999999999998
2027-06-30,call,7290.0,828.9,843.2,836.05
2027-06-30,put,7290.0,230.7,233.3,232.0
2027-06-30,call,7295.0,825.1,839.5,832.3
2027-06-30,put,7295.0,231.7,234.2,232.95
2027-06-30,call,7300.0,821.6,835.7,828.6500000000001
2027-06-30,put,7300.0,232.7,235.3,234.0
2027-06-30,call,7305.0,817.8,831.9,824.8499999999999
2027-06-30,put,7305.0,233.8,236.4,235.10000000000002
2027-06-30,call,7310.0,813.8,828.1,820.95
2027-06-30,put,7310.0,234.8,237.4,236.10000000000002
2027-06-30,call,7315.0,810.3,824.4,817.3499999999999
2027-06-30,put,7315.0,235.9,238.6,237.25
2027-06-30,call,7320.0,806.3,820.6,813.45
2027-06-30,put,7320.0,236.9,239.6,238.25
2027-06-30,call,7325.0,802.8,816.9,809.8499999999999
2027-06-30,put,7325.0,238.0,240.6,239.3
2027-06-30,call,7330.0,798.8,813.2,806.0
2027-06-30,put,7330.0,239.1,241.8,240.45
2027-06-30,call,7335.0,795.3,809.4,802.3499999999999
2027-06-30,put,7335.0,240.1,242.8,241.45
2027-06-30,call,7340.0,791.6,805.6,798.6
2027-06-30,put,7340.0,241.2,243.9,242.55
2027-06-30,call,7345.0,787.7,802.0,794.85
2027-06-30,put,7345.0,242.3,245.0,243.65
2027-06-30,call,7350.0,784.1,798.1,791.1
2027-06-30,put,7350.0,243.4,246.1,244.75
2027-06-30,call,7355.0,780.4,794.5,787.45
2027-06-30,put,7355.0,244.5,247.1,245.8
2027-06-30,call,7360.0,776.8,790.7,783.75
2027-06-30,put,7360.0,245.6,248.3,246.95
2027-06-30,call,7365.0,773.0,787.0,780.0
2027-06-30,put,7365.0,246.7,249.4,248.05
2027-06-30,call,7370.0,769.3,783.3,776.3
2027-06-30,put,7370.0,247.8,250.4,249.10000000000002
2027-06-30,call,7375.0,765.6,779.5,772.55
2027-06-30,put,7375.0,248.8,251.6,250.2
2027-06-30,call,7380.0,762.0,775.8,768.9
2027-06-30,put,7380.0,250.0,252.7,251.35
2027-06-30,call,7385.0,758.2,772.1,765.1500000000001
2027-06-30,put,7385.0,251.1,253.9,252.5
2027-06-30,call,7390.0,754.4,768.4,761.4
2027-06-30,put,7390.0,252.2,255.0,253.6
2027-06-30,call,7395.0,750.7,764.7,757.7
2027-06-30,put,7395.0,253.4,256.0,254.7
2027-06-30,call,7400.0,747.3,761.1,754.2
2027-06-30,put,7400.0,254.5,257.3,255.9
2027-06-30,call,7405.0,743.5,757.5,750.5
2027-06-30,put,7405.0,255.7,258.4,257.04999999999995
2027-06-30,call,7410.0,739.9,753.7,746.8
2027-06-30,put,7410.0,256.8,259.6,258.20000000000005
2027-06-30,call,7415.0,736.2,750.1,743.1500000000001
2027-06-30,put,7415.0,258.0,260.8,259.4
2027-06-30,call,7420.0,732.8,746.6,739.7
2027-06-30,put,7420.0,259.1,262.0,260.55
2027-06-30,call,7425.0,728.8,742.7,735.75
2027-06-30,put,7425.0,260.3,263.1,261.70000000000005
2027-06-30,call,7430.0,725.4,739.1,732.25
2027-06-30,put,7430.0,261.5,264.3,262.9
2027-06-30,call,7435.0,721.5,735.4,728.45
2027-06-30,put,7435.0,262.7,265.3,264.0
2027-06-30,call,7440.0,717.9,731.8,724.8499999999999
2027-06-30,put,7440.0,263.9,266.7,265.29999999999995
2027-06-30,call,7445.0,714.5,728.2,721.35
2027-06-30,put,7445.0,265.1,268.0,266.55
2027-06-30,call,7450.0,710.9,724.6,717.75
2027-06-30,put,7450.0,266.3,269.1,267.70000000000005
2027-06-30,call,7455.0,707.3,721.0,714.15
2027-06-30,put,7455.0,267.5,270.2,268.85
2027-06-30,call,7460.0,703.7,717.4,710.55
2027-06-30,put,7460.0,268.7,271.6,270.15
2027-06-30,call,7465.0,700.1,713.7,706.9000000000001
2027-06-30,put,7465.0,269.9,272.9,271.4
2027-06-30,call,7470.0,696.5,710.1,703.3
2027-06-30,put,7470.0,271.1,274.0,272.55
2027-06-30,call,7475.0,692.7,706.6,699.6500000000001
2027-06-30,put,7475.0,272.4,275.3,273.85
2027-06-30,call,7480.0,689.2,703.0,696.1
2027-06-30,put,7480.0,273.6,276.6,275.1
2027-06-30,call,7485.0,685.8,699.4,692.5999999999999
2027-06-30,put,7485.0,274.8,277.6,276.20000000000005
2027-06-30,call,7490.0,682.2,695.8,689.0
2027-06-30,put,7490.0,276.1,279.1,277.6
2027-06-30,call,7495.0,678.5,692.2,685.35
2027-06-30,put,7495.0,277.3,280.2,278.75
2027-06-30,call,7500.0,675.1,688.7,681.9000000000001
2027-06-30,put,7500.0,278.6,281.6,280.1
2027-06-30,call,7505.0,671.4,685.1,678.25
2027-06-30,put,7505.0,279.9,282.9,281.4
2027-06-30,call,7510.0,667.9,681.6,674.75
2027-06-30,put,7510.0,281.1,284.1,282.6
2027-06-30,call,7515.0,664.5,678.0,671.25
2027-06-30,put,7515.0,282.4,285.4,283.9
2027-06-30,call,7520.0,660.8,674.4,667.5999999999999
2027-06-30,put,7520.0,283.7,286.7,285.2
2027-06-30,call,7525.0,657.3,670.7,664.0
2027-06-30,put,7525.0,285.0,287.9,286.45
2027-06-30,call,7530.0,653.8,667.4,660.5999999999999
2027-06-30,put,7530.0,286.3,289.2,287.75
2027-06-30,call,7535.0,650.4,663.9,657.15
2027-06-30,put,7535.0,287.6,290.6,289.1
2027-06-30,call,7540.0,646.9,660.4,653.65
2027-06-30,put,7540.0,288.9,292.0,290.45
2027-06-30,call,7545.0,643.4,656.9,650.15
2027-06-30,put,7545.0,290.2,293.3,291.75
2027-06-30,call,7550.0,639.8,653.1,646.45
2027-06-30,put,7550.0,291.5,294.6,293.05
2027-06-30,call,7560.0,633.1,646.4,639.75
2027-06-30,put,7560.0,294.2,297.3,295.75
2027-06-30,call,7570.0,625.9,639.4,632.65
2027-06-30,put,7570.0,296.9,300.0,298.45
2027-06-30,call,7575.0,622.7,636.0,629.35
2027-06-30,put,7575.0,298.2,301.4,299.79999999999995
2027-06-30,call,7580.0,619.0,632.5,625.75
2027-06-30,put,7580.0,299.6,302.7,301.15
2027-06-30,call,7590.0,612.2,625.6,618.9000000000001
2027-06-30,put,7590.0,302.4,305.5,303.95
2027-06-30,call,7600.0,605.5,618.7,612.1
2027-06-30,put,7600.0,305.1,308.3,306.70000000000005
2027-06-30,call,7625.0,588.4,601.5,594.95
2027-06-30,put,7625.0,312.2,315.4,313.79999999999995
2027-06-30,call,7650.0,571.7,584.8,578.25
2027-06-30,put,7650.0,319.4,322.6,321.0
2027-06-30,call,7675.0,555.2,568.1,561.6500000000001
2027-06-30,put,7675.0,326.9,330.1,328.5
2027-06-30,call,7700.0,538.5,551.6,545.05
2027-06-30,put,7700.0,334.5,337.7,336.1
2027-06-30,call,7725.0,522.3,535.3,528.8
2027-06-30,put,7725.0,342.3,345.6,343.95000000000005
2027-06-30,call,7750.0,506.4,519.3,512.8499999999999
2027-06-30,put,7750.0,350.4,353.6,352.0
2027-06-30,call,7775.0,490.7,503.4,497.04999999999995
2027-06-30,put,7775.0,358.6,361.9,360.25
2027-06-30,call,7800.0,475.0,487.7,481.35
2027-06-30,put,7800.0,367.1,370.4,368.75
2027-06-30,call,7825.0,464.4,467.8,466.1
2027-06-30,put,7825.0,375.8,379.1,377.45000000000005
2027-06-30,call,7850.0,449.2,452.7,450.95
2027-06-30,put,7850.0,384.7,388.1,386.4
2027-06-30,call,7855.0,446.2,449.7,447.95
2027-06-30,put,7855.0,386.5,389.9,388.2
2027-06-30,call,7860.0,443.4,446.6,445.0
2027-06-30,put,7860.0,388.4,391.7,390.04999999999995
2027-06-30,call,7865.0,440.3,443.6,441.95000000000005
2027-06-30,put,7865.0,390.2,393.5,391.85
2027-06-30,call,7870.0,437.3,440.8,439.05
2027-06-30,put,7870.0,392.2,395.4,393.79999999999995
2027-06-30,call,7875.0,434.5,437.8,436.15
2027-06-30,put,7875.0,393.9,397.3,395.6
2027-06-30,call,7880.0,431.4,434.9,433.15
2027-06-30,put,7880.0,395.8,399.1,397.45000000000005
2027-06-30,call,7885.0,428.6,431.9,430.25
2027-06-30,put,7885.0,397.6,401.0,399.3
2027-06-30,call,7890.0,425.5,429.0,427.25
2027-06-30,put,7890.0,399.5,402.9,401.2
2027-06-30,call,7895.0,422.6,426.1,424.35
2027-06-30,put,7895.0,401.4,404.8,403.1
2027-06-30,call,7900.0,419.7,423.0,421.35
2027-06-30,put,7900.0,403.3,406.7,405.0
2027-06-30,call,7905.0,416.8,420.1,418.45000000000005
2027-06-30,put,7905.0,405.2,408.6,406.9
2027-06-30,call,7910.0,413.9,417.4,415.65
2027-06-30,put,7910.0,407.2,410.6,408.9
2027-06-30,call,7915.0,411.0,414.5,412.75
2027-06-30,put,7915.0,409.1,412.5,410.8
2027-06-30,call,7920.0,408.2,411.7,409.95
2027-06-30,put,7920.0,411.2,414.5,412.85
2027-06-30,call,7925.0,405.3,408.6,406.95000000000005
2027-06-30,put,7925.0,413.0,416.4,414.7
2027-06-30,call,7930.0,402.6,406.0,404.3
2027-06-30,put,7930.0,415.0,418.3,416.65
2027-06-30,call,7935.0,399.6,402.9,401.25
2027-06-30,put,7935.0,416.8,420.4,418.6
2027-06-30,call,7940.0,396.9,400.1,398.5
2027-06-30,put,7940.0,418.9,422.4,420.65
2027-06-30,call,7945.0,394.0,397.5,395.75
2027-06-30,put,7945.0,420.9,424.4,422.65
2027-06-30,call,7950.0,391.2,394.7,392.95
2027-06-30,put,7950.0,422.8,426.5,424.65
2027-06-30,call,7955.0,388.4,391.9,390.15
2027-06-30,put,7955.0,425.0,428.3,426.65
2027-06-30,call,7960.0,385.7,388.9,387.29999999999995
2027-06-30,put,7960.0,427.0,430.4,428.7
2027-06-30,call,7965.0,382.8,386.1,384.45000000000005
2027-06-30,put,7965.0,429.0,432.6,430.8
2027-06-30,call,7970.0,380.1,383.5,381.8
2027-06-30,put,7970.0,431.1,434.5,432.8
2027-06-30,call,7975.0,377.3,380.6,378.95000000000005
2027-06-30,put,7975.0,433.0,436.6,434.8
2027-06-30,call,7980.0,374.6,378.0,376.3
2027-06-30,put,7980.0,435.2,438.8,437.0
2027-06-30,call,7985.0,372.0,375.1,373.55
2027-06-30,put,7985.0,437.3,440.7,439.0
2027-06-30,call,7990.0,369.1,372.4,370.75
2027-06-30,put,7990.0,439.4,442.8,441.1
2027-06-30,call,7995.0,366.4,369.9,368.15
2027-06-30,put,7995.0,441.5,444.9,443.2
2027-06-30,call,8000.0,363.7,367.2,365.45
2027-06-30,put,8000.0,443.6,447.2,445.4
2027-06-30,call,8005.0,361.0,364.3,362.65
2027-06-30,put,8005.0,445.6,449.3,447.45000000000005
2027-06-30,call,8010.0,358.5,361.6,360.05
2027-06-30,put,8010.0,447.9,451.4,449.65
2027-06-30,call,8015.0,355.7,358.9,357.29999999999995
2027-06-30,put,8015.0,450.0,453.6,451.8
2027-06-30,call,8020.0,353.0,356.3,354.65
2027-06-30,put,8020.0,452.2,455.6,453.9
2027-06-30,call,8025.0,350.5,353.6,352.05
2027-06-30,put,8025.0,454.4,457.9,456.15
2027-06-30,call,8030.0,347.9,351.0,349.45
2027-06-30,put,8030.0,456.4,460.0,458.2
2027-06-30,call,8035.0,345.3,348.4,346.85
2027-06-30,put,8035.0,458.6,462.2,460.4
2027-06-30,call,8040.0,342.7,345.9,344.29999999999995
2027-06-30,put,8040.0,460.8,464.5,462.65
2027-06-30,call,8045.0,340.1,343.3,341.70000000000005
2027-06-30,put,8045.0,463.2,466.6,464.9
2027-06-30,call,8050.0,337.5,340.6,339.05
2027-06-30,put,8050.0,465.4,468.9,467.15
2027-06-30,call,8055.0,334.9,338.0,336.45
2027-06-30,put,8055.0,467.5,471.2,469.35
2027-06-30,call,8060.0,332.2,335.4,333.79999999999995
2027-06-30,put,8060.0,469.9,473.4,471.65
2027-06-30,call,8065.0,329.8,332.9,331.35
2027-06-30,put,8065.0,472.0,475.6,473.8
2027-06-30,call,8070.0,327.1,330.3,328.70000000000005
2027-06-30,put,8070.0,474.4,478.0,476.2
2027-06-30,call,8075.0,324.7,327.8,326.25
2027-06-30,put,8075.0,476.7,480.3,478.5
2027-06-30,call,8080.0,322.2,325.3,323.75
2027-06-30,put,8080.0,479.0,482.6,480.8
2027-06-30,call,8085.0,319.7,322.8,321.25
2027-06-30,put,8085.0,481.3,484.9,483.1
2027-06-30,call,8090.0,317.2,320.3,318.75
2027-06-30,put,8090.0,483.5,487.1,485.3
2027-06-30,call,8095.0,314.6,317.8,316.20000000000005
2027-06-30,put,8095.0,486.0,489.5,487.75
2027-06-30,call,8100.0,312.3,315.3,313.8
2027-06-30,put,8100.0,488.3,491.9,490.1
2027-06-30,call,8105.0,309.8,313.0,311.4
2027-06-30,put,8105.0,490.7,494.3,492.5
2027-06-30,call,8110.0,307.4,310.4,308.9
2027-06-30,put,8110.0,492.9,496.5,494.7
2027-06-30,call,8115.0,304.8,308.0,306.4
2027-06-30,put,8115.0,495.4,498.8,497.1
2027-06-30,call,8120.0,302.5,305.7,304.1
2027-06-30,put,8120.0,497.8,501.4,499.6
2027-06-30,call,8125.0,300.1,303.3,301.70000000000005
2027-06-30,put,8125.0,500.2,503.8,502.0
2027-06-30,call,8130.0,297.7,300.9,299.29999999999995
2027-06-30,put,8130.0,502.6,506.1,504.35
2027-06-30,call,8135.0,295.3,298.5,296.9
2027-06-30,put,8135.0,505.0,508.7,506.85
2027-06-30,call,8140.0,292.8,296.0,294.4
2027-06-30,put,8140.0,507.5,511.1,509.3
2027-06-30,call,8145.0,290.6,293.6,292.1
2027-06-30,put,8145.0,509.8,513.6,511.70000000000005
2027-06-30,call,8150.0,288.1,291.4,289.75
2027-06-30,put,8150.0,512.4,515.9,514.15
2027-06-30,call,8155.0,285.9,288.8,287.35
2027-06-30,put,8155.0,514.9,518.5,516.7
2027-06-30,call,8160.0,283.6,286.6,285.1
2027-06-30,put,8160.0,517.2,520.6,518.9000000000001
2027-06-30,call,8165.0,281.3,284.3,282.8
2027-06-30,put,8165.0,519.7,523.4,521.55
2027-06-30,call,8170.0,279.0,282.1,280.55
2027-06-30,put,8170.0,522.4,526.0,524.2
2027-06-30,call,8175.0,276.7,279.7,278.2
2027-06-30,put,8175.0,524.9,528.4,526.65
2027-06-30,call,8180.0,274.4,277.4,275.9
2027-06-30,put,8180.0,527.2,530.7,528.95
2027-06-30,call,8185.0,272.0,275.1,273.55
2027-06-30,put,8185.0,529.0,533.7,531.35
2027-06-30,call,8190.0,269.9,272.9,271.4
2027-06-30,put,8190.0,531.6,536.3,533.95
2027-06-30,call,8195.0,267.5,270.6,269.05
2027-06-30,put,8195.0,534.2,538.9,536.55
2027-06-30,call,8200.0,265.4,268.4,266.9
2027-06-30,put,8200.0,536.7,541.5,539.1
2027-06-30,call,8225.0,254.5,257.3,255.9
2027-06-30,put,8225.0,545.9,558.6,552.25
2027-06-30,call,8250.0,243.8,246.9,245.35000000000002
2027-06-30,put,8250.0,559.3,572.2,565.75
2027-06-30,call,8275.0,233.5,236.4,234.95
2027-06-30,put,8275.0,573.1,586.0,579.55
2027-06-30,call,8300.0,223.5,226.4,224.95
2027-06-30,put,8300.0,587.1,600.1,593.6
2027-06-30,call,8325.0,213.8,216.7,215.25
2027-06-30,put,8325.0,601.5,614.6,608.05
2027-06-30,call,8350.0,204.5,207.3,205.9
2027-06-30,put,8350.0,616.1,629.3,622.7
2027-06-30,call,8375.0,195.4,198.2,196.8
2027-06-30,put,8375.0,631.1,644.4,637.75
2027-06-30,call,8400.0,186.7,189.4,188.05
2027-06-30,put,8400.0,646.3,659.7,653.0
2027-06-30,call,8425.0,178.2,180.9,179.55
2027-06-30,put,8425.0,662.0,675.5,668.75
2027-06-30,call,8450.0,170.1,172.8,171.45
2027-06-30,put,8450.0,677.8,691.4,684.5999999999999
2027-06-30,call,8475.0,162.3,164.9,163.60000000000002
2027-06-30,put,8475.0,694.0,707.7,700.85
2027-06-30,call,8500.0,154.7,157.3,156.0
2027-06-30,put,8500.0,710.6,724.3,717.45
2027-06-30,call,8525.0,147.5,150.0,148.75
2027-06-30,put,8525.0,727.2,741.1,734.1500000000001
2027-06-30,call,8550.0,140.4,143.1,141.75
2027-06-30,put,8550.0,744.2,758.3,751.25
2027-06-30,call,8575.0,133.9,136.3,135.10000000000002
2027-06-30,put,8575.0,761.6,775.7,768.6500000000001
2027-06-30,call,8600.0,127.5,129.9,128.7
2027-06-30,put,8600.0,779.2,793.4,786.3
2027-06-30,call,8625.0,121.4,123.7,122.55000000000001
2027-06-30,put,8625.0,797.0,811.4,804.2
2027-06-30,call,8650.0,115.5,117.7,116.6
2027-06-30,put,8650.0,815.2,829.6,822.4000000000001
2027-06-30,call,8675.0,109.9,112.1,111.0
2027-06-30,put,8675.0,833.5,847.9,840.7
2027-06-30,call,8700.0,104.5,106.8,105.65
2027-06-30,put,8700.0,852.2,866.8,859.5
2027-06-30,call,8725.0,99.3,101.6,100.44999999999999
2027-06-30,put,8725.0,871.0,885.6,878.3
2027-06-30,call,8750.0,94.4,96.6,95.5
2027-06-30,put,8750.0,890.1,904.7,897.4000000000001
2027-06-30,call,8755.0,93.4,95.5,94.45
2027-06-30,put,8755.0,893.9,908.6,901.25
2027-06-30,call,8760.0,92.5,94.7,93.6
2027-06-30,put,8760.0,897.8,912.4,905.0999999999999
2027-06-30,call,8765.0,91.5,93.6,92.55
2027-06-30,put,8765.0,901.7,916.3,909.0
2027-06-30,call,8770.0,90.6,92.7,91.65
2027-06-30,put,8770.0,905.5,920.2,912.85
2027-06-30,call,8775.0,89.7,91.8,90.75
2027-06-30,put,8775.0,909.4,924.1,916.75
2027-06-30,call,8780.0,88.8,90.9,89.85
2027-06-30,put,8780.0,913.3,928.0,920.65
2027-06-30,call,8785.0,87.9,90.0,88.95
2027-06-30,put,8785.0,917.2,931.9,924.55
2027-06-30,call,8790.0,87.0,89.1,88.05
2027-06-30,put,8790.0,921.1,935.8,928.45
2027-06-30,call,8795.0,86.1,88.2,87.15
2027-06-30,put,8795.0,925.0,939.7,932.35
2027-06-30,call,8800.0,85.2,87.3,86.25
2027-06-30,put,8800.0,928.9,943.7,936.3
2027-06-30,call,8805.0,84.3,86.3,85.3
2027-06-30,put,8805.0,932.8,947.6,940.2
2027-06-30,call,8810.0,83.4,85.5,84.45
2027-06-30,put,8810.0,936.8,951.5,944.15
2027-06-30,call,8815.0,82.6,84.6,83.6
2027-06-30,put,8815.0,940.7,955.5,948.1
2027-06-30,call,8820.0,81.7,83.8,82.75
2027-06-30,put,8820.0,944.7,959.5,952.1
2027-06-30,call,8825.0,80.9,82.9,81.9
2027-06-30,put,8825.0,948.6,963.4,956.0
2027-06-30,call,8830.0,80.0,82.0,81.0
2027-06-30,put,8830.0,952.5,967.4,959.95
2027-06-30,call,8835.0,79.2,81.2,80.2
2027-06-30,put,8835.0,956.5,971.6,964.05
2027-06-30,call,8840.0,78.4,80.4,79.4
2027-06-30,put,8840.0,960.5,975.6,968.05
2027-06-30,call,8845.0,77.6,79.5,78.55
2027-06-30,put,8845.0,964.7,979.6,972.1500000000001
2027-06-30,call,8850.0,76.7,78.7,77.7
2027-06-30,put,8850.0,968.7,983.6,976.1500000000001
2027-06-30,call,8855.0,75.9,77.9,76.9
2027-06-30,put,8855.0,972.6,987.5,980.05
2027-06-30,call,8860.0,75.2,77.1,76.15
2027-06-30,put,8860.0,976.5,991.5,984.0
2027-06-30,call,8865.0,74.4,76.3,75.35
2027-06-30,put,8865.0,980.6,995.5,988.05
2027-06-30,call,8870.0,73.6,75.6,74.6
2027-06-30,put,8870.0,984.5,999.7,992.1
2027-06-30,call,8875.0,72.8,74.8,73.8
2027-06-30,put,8875.0,988.5,1003.6,996.05
2027-06-30,call,8880.0,72.0,74.0,73.0
2027-06-30,put,8880.0,992.9,1007.8,1000.3499999999999
2027-06-30,call,8885.0,71.3,73.2,72.25
2027-06-30,put,8885.0,996.7,1011.7,1004.2
2027-06-30,call,8890.0,70.5,72.5,71.5
2027-06-30,put,8890.0,1000.7,1015.8,1008.25
2027-06-30,call,8895.0,69.8,71.8,70.8
2027-06-30,put,8895.0,1004.8,1019.8,1012.3
2027-06-30,call,8900.0,69.1,71.0,70.05
2027-06-30,put,8900.0,1008.9,1023.9,1016.4
2027-06-30,call,8905.0,68.3,70.2,69.25
2027-06-30,put,8905.0,1012.9,1028.0,1020.45
2027-06-30,call,8910.0,67.6,69.6,68.6
2027-06-30,put,8910.0,1017.0,1032.1,1024.55
2027-06-30,call,8915.0,66.9,68.7,67.80000000000001
2027-06-30,put,8915.0,1021.0,1036.2,1028.6
2027-06-30,call,8920.0,66.2,68.1,67.15
2027-06-30,put,8920.0,1025.1,1040.3,1032.6999999999998
2027-06-30,call,8925.0,65.5,67.4,66.45
2027-06-30,put,8925.0,1029.2,1044.4,1036.8000000000002
2027-06-30,call,8930.0,64.8,66.6,65.69999999999999
2027-06-30,put,8930.0,1033.3,1048.5,1040.9
2027-06-30,call,8935.0,64.1,65.9,65.0
2027-06-30,put,8935.0,1037.4,1052.9,1045.15
2027-06-30,call,8940.0,63.4,65.3,64.35
2027-06-30,put,8940.0,1041.6,1056.8,1049.1999999999998
2027-06-30,call,8945.0,62.7,64.5,63.6
2027-06-30,put,8945.0,1045.6,1060.9,1053.25
2027-06-30,call,8950.0,62.0,63.8,62.9
2027-06-30,put,8950.0,1049.7,1065.1,1057.4
2027-06-30,call,8955.0,61.4,63.2,62.3
2027-06-30,put,8955.0,1054.0,1069.3,1061.65
2027-06-30,call,8960.0,60.7,62.6,61.650000000000006
2027-06-30,put,8960.0,1058.0,1073.4,1065.7
2027-06-30,call,8965.0,60.0,61.9,60.95
2027-06-30,put,8965.0,1062.3,1077.6,1069.9499999999998
2027-06-30,call,8970.0,59.4,61.3,60.349999999999994
2027-06-30,put,8970.0,1066.3,1081.7,1074.0
2027-06-30,call,8975.0,58.8,60.5,59.65
2027-06-30,put,8975.0,1070.5,1085.9,1078.2
2027-06-30,call,8980.0,58.1,60.0,59.05
2027-06-30,put,8980.0,1074.7,1090.1,1082.4
2027-06-30,call,8985.0,57.5,59.3,58.4
2027-06-30,put,8985.0,1078.8,1094.4,1086.6
2027-06-30,call,8990.0,56.9,58.6,57.75
2027-06-30,put,8990.0,1083.0,1098.7,1090.85
2027-06-30,call,8995.0,56.2,58.1,57.150000000000006
2027-06-30,put,8995.0,1087.3,1102.6,1094.9499999999998
2027-06-30,call,9000.0,55.6,57.4,56.5
2027-06-30,put,9000.0,1091.5,1107.0,1099.25
2027-06-30,call,9005.0,55.0,56.8,55.9
2027-06-30,put,9005.0,1095.7,1111.1,1103.4
2027-06-30,call,9010.0,54.4,56.2,55.3
2027-06-30,put,9010.0,1099.8,1115.3,1107.55
2027-06-30,call,9015.0,53.8,55.6,54.7
2027-06-30,put,9015.0,1104.1,1119.6,1111.85
2027-06-30,call,9020.0,53.2,55.0,54.1
2027-06-30,put,9020.0,1108.2,1123.8,1116.0
2027-06-30,call,9025.0,52.6,54.4,53.5
2027-06-30,put,9025.0,1112.5,1128.1,1120.3
2027-06-30,call,9030.0,52.1,53.8,52.95
2027-06-30,put,9030.0,1116.7,1132.3,1124.5
2027-06-30,call,9035.0,51.5,53.2,52.35
2027-06-30,put,9035.0,1120.9,1136.6,1128.75
2027-06-30,call,9040.0,50.9,52.7,51.8
2027-06-30,put,9040.0,1125.2,1140.8,1133.0
2027-06-30,call,9045.0,50.4,52.1,51.25
2027-06-30,put,9045.0,1129.4,1145.1,1137.25
2027-06-30,call,9050.0,49.8,51.5,50.65
2027-06-30,put,9050.0,1133.7,1149.3,1141.5
2027-06-30,call,9075.0,47.1,48.8,47.95
2027-06-30,put,9075.0,1155.0,1170.7,1162.85
2027-06-30,call,9100.0,44.5,46.2,45.35
2027-06-30,put,9100.0,1176.5,1192.3,1184.4
2027-06-30,call,9125.0,42.1,43.8,42.95
2027-06-30,put,9125.0,1198.1,1213.9,1206.0
2027-06-30,call,9150.0,39.8,41.4,40.599999999999994
2027-06-30,put,9150.0,1219.8,1235.7,1227.75
2027-06-30,call,9175.0,37.6,39.0,38.3
2027-06-30,put,9175.0,1241.6,1257.6,1249.6
2027-06-30,call,9200.0,35.5,36.9,36.2
2027-06-30,put,9200.0,1263.6,1279.7,1271.65
2027-06-30,call,9225.0,33.6,34.9,34.25
2027-06-30,put,9225.0,1285.6,1301.8,1293.6999999999998
2027-06-30,call,9250.0,31.6,33.0,32.3
2027-06-30,put,9250.0,1305.1,1329.1,1317.1
2027-06-30,call,9275.0,29.9,31.1,30.5
2027-06-30,put,9275.0,1327.3,1351.3,1339.3
2027-06-30,call,9300.0,28.2,29.4,28.799999999999997
2027-06-30,put,9300.0,1349.8,1373.8,1361.8
2027-06-30,call,9400.0,22.3,23.5,22.9
2027-06-30,put,9400.0,1440.3,1464.3,1452.3
2027-06-30,call,9600.0,14.0,14.9,14.45
2027-06-30,put,9600.0,1624.4,1648.4,1636.4
2027-09-30,put,3200.0,12.8,15.4,14.100000000000001
2027-09-30,put,3400.0,15.3,17.9,16.6
2027-09-30,put,3600.0,18.0,20.6,19.3
2027-09-30,put,3800.0,21.0,23.6,22.3
2027-09-30,put,3900.0,22.6,25.2,23.9
2027-09-30,put,4000.0,24.3,26.9,25.6
2027-09-30,put,4100.0,26.1,28.8,27.450000000000003
2027-09-30,put,4200.0,28.1,30.7,29.4
2027-09-30,put,4300.0,30.1,32.8,31.45
2027-09-30,put,4400.0,32.3,35.0,33.65
2027-09-30,put,4500.0,34.7,37.4,36.05
2027-09-30,put,4600.0,37.2,39.9,38.55
2027-09-30,put,4700.0,39.9,42.7,41.3
2027-09-30,put,4800.0,42.9,45.5,44.2
2027-09-30,put,4900.0,46.0,48.7,47.35
2027-09-30,put,5000.0,49.4,52.1,50.75
2027-09-30,put,5100.0,53.0,55.8,54.4
2027-09-30,put,5200.0,57.0,59.8,58.4
2027-09-30,put,5300.0,61.2,64.0,62.6
2027-09-30,put,5350.0,63.5,66.3,64.9
2027-09-30,put,5400.0,65.8,68.7,67.25
2027-09-30,put,5450.0,68.2,71.2,69.7
2027-09-30,put,5500.0,70.9,73.6,72.25
2027-09-30,put,5550.0,73.6,76.3,74.94999999999999
2027-09-30,put,5600.0,76.3,79.1,77.69999999999999
2027-09-30,put,5650.0,79.2,82.0,80.6
2027-09-30,put,5700.0,82.2,85.0,83.6
2027-09-30,put,5750.0,85.3,88.1,86.69999999999999
2027-09-30,put,5800.0,88.5,91.4,89.95
2027-09-30,put,5850.0,91.9,94.8,93.35
2027-09-30,put,5900.0,95.4,98.4,96.9
2027-09-30,put,5950.0,99.0,102.1,100.55
2027-09-30,put,6000.0,102.8,106.0,104.4
2027-09-30,put,6050.0,106.8,110.0,108.4
2027-09-30,put,6100.0,111.0,114.1,112.55
2027-09-30,put,6150.0,115.3,118.5,116.9
2027-09-30,put,6200.0,119.8,123.0,121.4
2027-09-30,put,6250.0,124.4,127.8,126.1
2027-09-30,put,6300.0,129.3,132.7,131.0
2027-09-30,put,6350.0,134.4,137.8,136.10000000000002
2027-09-30,put,6400.0,139.7,143.2,141.45
2027-09-30,put,6425.0,142.4,145.9,144.15
2027-09-30,put,6450.0,145.2,148.7,146.95
2027-09-30,put,6475.0,148.0,151.6,149.8
2027-09-30,put,6500.0,150.9,154.5,152.7
2027-09-30,put,6525.0,153.9,157.5,155.7
2027-09-30,put,6550.0,156.9,160.5,158.7
2027-09-30,put,6575.0,160.0,163.6,161.8
2027-09-30,put,6600.0,163.1,166.8,164.95
2027-09-30,put,6625.0,166.3,170.0,168.15
2027-09-30,put,6650.0,169.6,173.3,171.45
2027-09-30,put,6675.0,172.9,176.7,174.8
2027-09-30,put,6700.0,176.3,180.1,178.2
2027-09-30,put,6725.0,179.8,183.6,181.7
2027-09-30,put,6750.0,183.3,187.2,185.25
2027-09-30,put,6775.0,186.9,190.8,188.85000000000002
2027-09-30,put,6800.0,190.6,194.5,192.55
2027-09-30,put,6825.0,194.3,198.3,196.3
2027-09-30,put,6850.0,198.2,202.2,200.2
2027-09-30,put,6875.0,202.1,206.1,204.1
2027-09-30,put,6900.0,206.0,210.1,208.05
2027-09-30,put,6925.0,210.1,214.2,212.14999999999998
2027-09-30,put,6950.0,214.2,218.4,216.3
2027-09-30,put,6975.0,218.5,222.6,220.55
2027-09-30,put,7000.0,222.7,227.0,224.85
2027-09-30,put,7025.0,227.1,231.4,229.25
2027-09-30,put,7050.0,231.6,235.9,233.75
2027-09-30,put,7075.0,236.2,240.5,238.35
2027-09-30,put,7100.0,240.8,245.1,242.95
2027-09-30,put,7125.0,245.5,249.9,247.7
2027-09-30,put,7150.0,250.3,254.8,252.55
2027-09-30,put,7175.0,255.3,259.7,257.5
2027-09-30,put,7200.0,260.3,264.8,262.55
2027-09-30,put,7225.0,265.4,269.9,267.65
2027-09-30,put,7250.0,270.6,275.2,272.9
2027-09-30,put,7275.0,275.9,280.5,278.2
2027-09-30,put,7300.0,281.3,286.0,283.65
2027-09-30,put,7325.0,286.8,291.5,289.15
2027-09-30,put,7350.0,292.4,297.2,294.79999999999995
2027-09-30,put,7375.0,298.2,302.9,300.54999999999995
2027-09-30,call,7400.0,791.2,991.2,891.2
2027-09-30,put,7400.0,304.0,308.8,306.4
2027-09-30,call,7425.0,773.6,973.6,873.6
2027-09-30,put,7425.0,310.0,314.8,312.4
2027-09-30,call,7450.0,755.9,955.9,855.9
2027-09-30,put,7450.0,316.1,320.9,318.5
2027-09-30,call,7475.0,738.3,938.3,838.3
2027-09-30,put,7475.0,322.2,327.2,324.7
2027-09-30,call,7500.0,720.7,920.7,820.7
2027-09-30,put,7500.0,328.6,333.5,331.05
2027-09-30,call,7525.0,703.5,903.5,803.5
2027-09-30,put,7525.0,335.0,340.0,337.5
2027-09-30,call,7550.0,686.3,886.3,786.3
2027-09-30,put,7550.0,341.6,346.6,344.1
2027-09-30,call,7575.0,669.0,869.0,769.0
2027-09-30,put,7575.0,348.3,353.3,350.8
2027-09-30,call,7600.0,652.3,852.3,752.3
2027-09-30,put,7600.0,355.1,360.2,357.65
2027-09-30,call,7625.0,635.2,835.2,735.2
2027-09-30,put,7625.0,362.1,367.2,364.65
2027-09-30,call,7650.0,618.7,818.7,718.7
2027-09-30,put,7650.0,369.2,374.4,371.79999999999995
2027-09-30,call,7675.0,602.2,802.2,702.2
2027-09-30,put,7675.0,376.5,381.7,379.1
2027-09-30,call,7700.0,585.4,785.4,685.4
2027-09-30,put,7700.0,383.9,389.1,386.5
2027-09-30,call,7725.0,569.4,769.4,669.4
2027-09-30,put,7725.0,391.4,396.7,394.04999999999995
2027-09-30,call,7750.0,553.0,753.0,653.0
2027-09-30,put,7750.0,399.1,404.5,401.8
2027-09-30,call,7775.0,537.3,737.3,637.3
2027-09-30,put,7775.0,407.0,412.4,409.7
2027-09-30,call,7800.0,521.8,721.8,621.8
2027-09-30,put,7800.0,415.0,420.5,417.75
2027-09-30,call,7825.0,506.1,706.1,606.1
2027-09-30,put,7825.0,423.2,428.7,425.95
2027-09-30,call,7850.0,490.6,690.6,590.6
2027-09-30,put,7850.0,431.6,437.1,434.35
2027-09-30,call,7875.0,475.5,675.5,575.5
2027-09-30,put,7875.0,440.2,445.7,442.95
2027-09-30,call,7900.0,460.5,660.5,560.5
2027-09-30,put,7900.0,448.9,454.5,451.7
2027-09-30,call,7925.0,445.5,645.5,545.5
2027-09-30,put,7925.0,457.8,463.4,460.6
2027-09-30,call,7950.0,430.9,630.9,530.9
2027-09-30,put,7950.0,466.9,472.6,469.75
2027-09-30,call,7975.0,416.3,616.3,516.3
2027-09-30,put,7975.0,476.2,481.9,479.04999999999995
2027-09-30,call,8000.0,402.0,602.0,502.0
2027-09-30,put,8000.0,485.7,491.4,488.54999999999995
2027-09-30,call,8025.0,400.1,600.1,500.1
2027-09-30,put,8025.0,495.5,501.1,498.3
2027-09-30,call,8050.0,400.1,600.1,500.1
2027-09-30,put,8050.0,505.4,511.0,508.2
2027-09-30,call,8075.0,400.1,600.1,500.1
2027-09-30,put,8075.0,515.5,521.2,518.35
2027-09-30,call,8100.0,439.5,445.4,442.45
2027-09-30,put,8100.0,525.8,531.6,528.7
2027-09-30,call,8125.0,426.3,432.2,429.25
2027-09-30,put,8125.0,536.4,542.1,539.25
2027-09-30,call,8150.0,413.3,419.3,416.3
2027-09-30,put,8150.0,547.1,553.0,550.05
2027-09-30,call,8175.0,400.6,406.5,403.55
2027-09-30,put,8175.0,558.1,564.0,561.05
2027-09-30,call,8200.0,388.1,394.0,391.05
2027-09-30,put,8200.0,569.4,575.2,572.3
2027-09-30,call,8225.0,375.8,381.7,378.75
2027-09-30,put,8225.0,580.8,586.7,583.75
2027-09-30,call,8250.0,363.8,369.6,366.70000000000005
2027-09-30,put,8250.0,592.5,598.4,595.45
2027-09-30,call,8300.0,340.4,346.3,343.35
2027-09-30,put,8300.0,616.6,622.6,619.6
2027-09-30,call,8350.0,318.1,323.8,320.95000000000005
2027-09-30,put,8350.0,641.7,647.7,644.7
2027-09-30,call,8400.0,296.7,302.4,299.54999999999995
2027-09-30,put,8400.0,667.8,673.9,670.8499999999999
2027-09-30,call,8450.0,276.4,282.0,279.2
2027-09-30,put,8450.0,594.2,794.2,694.2
2027-09-30,call,8500.0,257.1,262.5,259.8
2027-09-30,put,8500.0,622.2,822.2,722.2
2027-09-30,call,8550.0,238.8,244.1,241.45
2027-09-30,put,8550.0,651.3,851.3,751.3
2027-09-30,call,8600.0,221.5,226.7,224.1
2027-09-30,put,8600.0,681.2,881.2,781.2
2027-09-30,call,8650.0,205.2,210.3,207.75
2027-09-30,put,8650.0,712.2,912.2,812.2
2027-09-30,call,8700.0,189.8,194.9,192.35000000000002
2027-09-30,put,8700.0,744.5,944.5,844.5
2027-09-30,call,8750.0,175.4,180.4,177.9
2027-09-30,call,8800.0,162.0,166.8,164.4
2027-09-30,call,8900.0,137.7,142.3,140.0
2027-09-30,call,9000.0,116.7,121.0,118.85
2027-09-30,call,9100.0,98.6,102.5,100.55
2027-09-30,call,9200.0,83.0,86.7,84.85
2027-09-30,call,9300.0,69.7,73.1,71.4
2027-09-30,call,9400.0,58.3,61.5,59.9
2027-09-30,call,9500.0,48.6,51.6,50.1
2027-09-30,call,9600.0,40.4,43.3,41.849999999999994
2027-09-30,call,9800.0,27.7,30.3,29.0
