date,open,high,low,close,volume
2011-01-04,85.25,85.25,85.25,85.25,0.0
2011-01-05,84.7,84.7,84.7,84.7,0.0
2011-01-06,84.6,84.6,84.6,84.6,0.0
2011-01-07,83.73,83.73,83.73,83.73,0.0
2011-01-10,81.65,81.65,81.65,81.65,0.0
2011-01-11,79.82,79.82,79.82,79.82,0.0
2011-01-12,77.94,77.94,77.94,77.94,0.0
2011-01-13,78.64,78.64,78.64,78.64,0.0
2011-01-14,75.94,75.94,75.94,75.94,0.0
2011-01-18,79.77,79.77,79.77,79.77,0.0
2011-01-19,83.7,83.7,83.7,83.7,0.0
2011-01-20,82.69,82.69,82.69,82.69,0.0
2011-01-21,85.41,85.41,85.41,85.41,0.0
2011-01-24,82.97,82.97,82.97,82.97,0.0
2011-01-25,82.67,82.67,82.67,82.67,0.0
2011-01-26,79.43,79.43,79.43,79.43,0.0
2011-01-27,77.04,77.04,77.04,77.04,0.0
2011-01-28,91.52,91.52,91.52,91.52,0.0
2011-01-31,86.08,86.08,86.08,86.08,0.0
2011-02-01,84.48,84.48,84.48,84.48,0.0
2011-02-02,83.16,83.16,83.16,83.16,0.0
2011-02-03,81.75,81.75,81.75,81.75,0.0
2011-02-04,81.11,81.11,81.11,81.11,0.0
2011-02-07,80.54,80.54,80.54,80.54,0.0
2011-02-08,78.93,78.93,78.93,78.93,0.0
2011-02-09,82.11,82.11,82.11,82.11,0.0
2011-02-10,83.73,83.73,83.73,83.73,0.0
2011-02-11,84.5,84.5,84.5,84.5,0.0
2011-02-14,82.67,82.67,82.67,82.67,0.0
2011-02-15,84.38,84.38,84.38,84.38,0.0
2011-02-16,83.05,83.05,83.05,83.05,0.0
2011-02-17,83.03,83.03,83.03,83.03,0.0
2011-02-18,85.47,85.47,85.47,85.47,0.0
2011-02-22,99.18,99.18,99.18,99.18,0.0
2011-02-23,99.04,99.04,99.04,99.04,0.0
2011-02-24,94.07,94.07,94.07,94.07,0.0
2011-02-25,86.17,86.17,86.17,86.17,0.0
2011-02-28,81.78,81.78,81.78,81.78,0.0
2011-03-01,89.28,89.28,89.28,89.28,0.0
2011-03-02,87.55,87.55,87.55,87.55,0.0
2011-03-03,82.36,82.36,82.36,82.36,0.0
2011-03-04,81.48,81.48,81.48,81.48,0.0
2011-03-07,84.32,84.32,84.32,84.32,0.0
2011-03-08,80.84,80.84,80.84,80.84,0.0
2011-03-09,84.89,84.89,84.89,84.89,0.0
2011-03-10,88.16,88.16,88.16,88.16,0.0
2011-03-11,83.21,83.21,83.21,83.21,0.0
2011-03-14,83.89,83.89,83.89,83.89,0.0
2011-03-15,89.68,89.68,89.68,89.68,0.0
2011-03-16,112.39,112.39,112.39,112.39,0.0
2011-03-17,101.45,101.45,101.45,101.45,0.0
2011-03-18,96.28,96.28,96.28,96.28,0.0
2011-03-21,89.17,89.17,89.17,89.17,0.0
2011-03-22,87.39,87.39,87.39,87.39,0.0
2011-03-23,84.77,84.77,84.77,84.77,0.0
2011-03-24,84.17,84.17,84.17,84.17,0.0
2011-03-25,84.53,84.53,84.53,84.53,0.0
2011-03-28,89.94,89.94,89.94,89.94,0.0
2011-03-29,84.96,84.96,84.96,84.96,0.0
2011-03-30,82.75,82.75,82.75,82.75,0.0
2011-03-31,82.51,82.51,82.51,82.51,0.0
2011-04-01,81.98,81.98,81.98,81.98,0.0
2011-04-04,81.84,81.84,81.84,81.84,0.0
2011-04-05,81.44,81.44,81.44,81.44,0.0
2011-04-06,83.22,83.22,83.22,83.22,0.0
2011-04-07,82.39,82.39,82.39,82.39,0.0
2011-04-08,83.43,83.43,83.43,83.43,0.0
2011-04-11,84.16,84.16,84.16,84.16,0.0
2011-04-12,85.36,85.36,85.36,85.36,0.0
2011-04-13,86.04,86.04,86.04,86.04,0.0
2011-04-14,86.07,86.07,86.07,86.07,0.0
2011-04-15,85.72,85.72,85.72,85.72,0.0
2011-04-18,89.11,89.11,89.11,89.11,0.0
2011-04-19,85.73,85.73,85.73,85.73,0.0
2011-04-20,86.21,86.21,86.21,86.21,0.0
2011-04-21,87.71,87.71,87.71,87.71,0.0
2011-04-25,87.68,87.68,87.68,87.68,0.0
2011-04-26,85.72,85.72,85.72,85.72,0.0
2011-04-27,83.21,83.21,83.21,83.21,0.0
2011-04-28,82.89,82.89,82.89,82.89,0.0
2011-04-29,83.98,83.98,83.98,83.98,0.0
2011-05-02,88.5,88.5,88.5,88.5,0.0
2011-05-03,90.62,90.62,90.62,90.62,0.0
2011-05-04,91.39,91.39,91.39,91.39,0.0
2011-05-05,95.08,95.08,95.08,95.08,0.0
2011-05-06,94.43,94.43,94.43,94.43,0.0
2011-05-09,90.86,90.86,90.86,90.86,0.0
2011-05-10,87.56,87.56,87.56,87.56,0.0
2011-05-11,96.25,96.25,96.25,96.25,0.0
2011-05-12,93.57,93.57,93.57,93.57,0.0
2011-05-13,93.86,93.86,93.86,93.86,0.0
2011-05-16,94.44,94.44,94.44,94.44,0.0
2011-05-17,93.64,93.64,93.64,93.64,0.0
2011-05-18,90.7,90.7,90.7,90.7,0.0
2011-05-19,87.53,87.53,87.53,87.53,0.0
2011-05-20,90.23,90.23,90.23,90.23,0.0
2011-05-23,92.08,92.08,92.08,92.08,0.0
2011-05-24,88.47,88.47,88.47,88.47,0.0
2011-05-25,85.29,85.29,85.29,85.29,0.0
2011-05-26,81.48,81.48,81.48,81.48,0.0
2011-05-27,81.46,81.46,81.46,81.46,0.0
2011-05-31,80.92,80.92,80.92,80.92,0.0
2011-06-01,87.59,87.59,87.59,87.59,0.0
2011-06-02,85.22,85.22,85.22,85.22,0.0
2011-06-03,85.54,85.54,85.54,85.54,0.0
2011-06-06,88.15,88.15,88.15,88.15,0.0
2011-06-07,83.72,83.72,83.72,83.72,0.0
2011-06-08,88.98,88.98,88.98,88.98,0.0
2011-06-09,85.65,85.65,85.65,85.65,0.0
2011-06-10,93.34,93.34,93.34,93.34,0.0
2011-06-13,98.35,98.35,98.35,98.35,0.0
2011-06-14,91.74,91.74,91.74,91.74,0.0
2011-06-15,105.07,105.07,105.07,105.07,0.0
2011-06-16,100.39,100.39,100.39,100.39,0.0
2011-06-17,95.31,95.31,95.31,95.31,0.0
2011-06-20,90.25,90.25,90.25,90.25,0.0
2011-06-21,90.55,90.55,90.55,90.55,0.0
2011-06-22,91.71,91.71,91.71,91.71,0.0
2011-06-23,93.09,93.09,93.09,93.09,0.0
2011-06-24,99.14,99.14,99.14,99.14,0.0
2011-06-27,94.29,94.29,94.29,94.29,0.0
2011-06-28,90.33,90.33,90.33,90.33,0.0
2011-06-29,85.9,85.9,85.9,85.9,0.0
2011-06-30,81.08,81.08,81.08,81.08,0.0
2011-07-01,78.64,78.64,78.64,78.64,0.0
2011-07-05,81.34,81.34,81.34,81.34,0.0
2011-07-06,82.69,82.69,82.69,82.69,0.0
2011-07-07,80.7,80.7,80.7,80.7,0.0
2011-07-08,80.82,80.82,80.82,80.82,0.0
2011-07-11,90.87,90.87,90.87,90.87,0.0
2011-07-12,88.39,88.39,88.39,88.39,0.0
2011-07-13,88.92,88.92,88.92,88.92,0.0
2011-07-14,95.72,95.72,95.72,95.72,0.0
2011-07-15,89.33,89.33,89.33,89.33,0.0
2011-07-18,97.81,97.81,97.81,97.81,0.0
2011-07-19,91.01,91.01,91.01,91.01,0.0
2011-07-20,86.06,86.06,86.06,86.06,0.0
2011-07-21,81.68,81.68,81.68,81.68,0.0
2011-07-22,82.45,82.45,82.45,82.45,0.0
2011-07-25,90.2,90.2,90.2,90.2,0.0
2011-07-26,93.35,93.35,93.35,93.35,0.0
2011-07-27,102.01,102.01,102.01,102.01,0.0
2011-07-28,105.62,105.62,105.62,105.62,0.0
2011-07-29,106.57,106.57,106.57,106.57,0.0
2011-08-01,95.89,95.89,95.89,95.89,0.0
2011-08-02,102.01,102.01,102.01,102.01,0.0
2011-08-03,98.58,98.58,98.58,98.58,0.0
2011-08-04,121.76,121.76,121.76,121.76,0.0
2011-08-05,118.61,118.61,118.61,118.61,0.0
2011-08-08,134.63,134.63,134.63,134.63,0.0
2011-08-09,112.8,112.8,112.8,112.8,0.0
2011-08-10,132.86,132.86,132.86,132.86,0.0
2011-08-11,128.76,128.76,128.76,128.76,0.0
2011-08-12,120.19,120.19,120.19,120.19,0.0
2011-08-15,109.0,109.0,109.0,109.0,0.0
2011-08-16,104.66,104.66,104.66,104.66,0.0
2011-08-17,104.62,104.62,104.62,104.62,0.0
2011-08-18,106.66,106.66,106.66,106.66,0.0
2011-08-19,111.58,111.58,111.58,111.58,0.0
2011-08-22,111.25,111.25,111.25,111.25,0.0
2011-08-23,103.43,103.43,103.43,103.43,0.0
2011-08-24,104.54,104.54,104.54,104.54,0.0
2011-08-25,112.4,112.4,112.4,112.4,0.0
2011-08-26,104.72,104.72,104.72,104.72,0.0
2011-08-29,96.51,96.51,96.51,96.51,0.0
2011-08-30,96.16,96.16,96.16,96.16,0.0
2011-08-31,94.16,94.16,94.16,94.16,0.0
2011-09-01,92.31,92.31,92.31,92.31,0.0
2011-09-02,91.0,91.0,91.0,91.0,0.0
2011-09-06,97.01,97.01,97.01,97.01,0.0
2011-09-07,93.3,93.3,93.3,93.3,0.0
2011-09-08,93.45,93.45,93.45,93.45,0.0
2011-09-09,99.07,99.07,99.07,99.07,0.0
2011-09-12,97.07,97.07,97.07,97.07,0.0
2011-09-13,96.14,96.14,96.14,96.14,0.0
2011-09-14,100.22,100.22,100.22,100.22,0.0
2011-09-15,96.69,96.69,96.69,96.69,0.0
2011-09-16,93.67,93.67,93.67,93.67,0.0
2011-09-19,95.95,95.95,95.95,95.95,0.0
2011-09-20,92.9,92.9,92.9,92.9,0.0
2011-09-21,98.58,98.58,98.58,98.58,0.0
2011-09-22,103.91,103.91,103.91,103.91,0.0
2011-09-23,104.77,104.77,104.77,104.77,0.0
2011-09-26,102.89,102.89,102.89,102.89,0.0
2011-09-27,100.31,100.31,100.31,100.31,0.0
2011-09-28,104.3,104.3,104.3,104.3,0.0
2011-09-29,101.05,101.05,101.05,101.05,0.0
2011-09-30,101.08,101.08,101.08,101.08,0.0
2011-10-03,103.89,103.89,103.89,103.89,0.0
2011-10-04,99.31,99.31,99.31,99.31,0.0
2011-10-05,94.66,94.66,94.66,94.66,0.0
2011-10-06,93.52,93.52,93.52,93.52,0.0
2011-10-07,92.57,92.57,92.57,92.57,0.0
2011-10-10,89.39,89.39,89.39,89.39,0.0
2011-10-11,90.98,90.98,90.98,90.98,0.0
2011-10-12,91.34,91.34,91.34,91.34,0.0
2011-10-13,95.1,95.1,95.1,95.1,0.0
2011-10-14,94.69,94.69,94.69,94.69,0.0
2011-10-17,103.55,103.55,103.55,103.55,0.0
2011-10-18,100.21,100.21,100.21,100.21,0.0
2011-10-19,103.29,103.29,103.29,103.29,0.0
2011-10-20,102.97,102.97,102.97,102.97,0.0
2011-10-21,98.05,98.05,98.05,98.05,0.0
2011-10-24,97.13,97.13,97.13,97.13,0.0
2011-10-25,97.75,97.75,97.75,97.75,0.0
2011-10-26,97.74,97.74,97.74,97.74,0.0
2011-10-27,94.44,94.44,94.44,94.44,0.0
2011-10-28,94.19,94.19,94.19,94.19,0.0
2011-10-31,104.84,104.84,104.84,104.84,0.0
2011-11-01,113.15,113.15,113.15,113.15,0.0
2011-11-02,107.4,107.4,107.4,107.4,0.0
2011-11-03,104.28,104.28,104.28,104.28,0.0
2011-11-04,103.34,103.34,103.34,103.34,0.0
2011-11-07,103.35,103.35,103.35,103.35,0.0
2011-11-08,98.05,98.05,98.05,98.05,0.0
2011-11-09,122.73,122.73,122.73,122.73,0.0
2011-11-10,113.54,113.54,113.54,113.54,0.0
2011-11-11,112.1,112.1,112.1,112.1,0.0
2011-11-14,112.35,112.35,112.35,112.35,0.0
2011-11-15,107.55,107.55,107.55,107.55,0.0
2011-11-16,111.18,111.18,111.18,111.18,0.0
2011-11-17,111.86,111.86,111.86,111.86,0.0
2011-11-18,101.92,101.92,101.92,101.92,0.0
2011-11-21,99.6,99.6,99.6,99.6,0.0
2011-11-22,98.53,98.53,98.53,98.53,0.0
2011-11-23,101.46,101.46,101.46,101.46,0.0
2011-11-25,98.98,98.98,98.98,98.98,0.0
2011-11-28,96.23,96.23,96.23,96.23,0.0
2011-11-29,95.47,95.47,95.47,95.47,0.0
2011-11-30,92.22,92.22,92.22,92.22,0.0
2011-12-01,90.88,90.88,90.88,90.88,0.0
2011-12-02,92.46,92.46,92.46,92.46,0.0
2011-12-05,92.97,92.97,92.97,92.97,0.0
2011-12-06,92.21,92.21,92.21,92.21,0.0
2011-12-07,92.84,92.84,92.84,92.84,0.0
2011-12-08,94.97,94.97,94.97,94.97,0.0
2011-12-09,90.92,90.92,90.92,90.92,0.0
2011-12-12,93.21,93.21,93.21,93.21,0.0
2011-12-13,94.55,94.55,94.55,94.55,0.0
2011-12-14,99.63,99.63,99.63,99.63,0.0
2011-12-15,97.71,97.71,97.71,97.71,0.0
2011-12-16,94.28,94.28,94.28,94.28,0.0
2011-12-19,90.27,90.27,90.27,90.27,0.0
2011-12-20,88.64,88.64,88.64,88.64,0.0
2011-12-21,85.54,85.54,85.54,85.54,0.0
2011-12-22,86.18,86.18,86.18,86.18,0.0
2011-12-23,86.54,86.54,86.54,86.54,0.0
2011-12-27,88.13,88.13,88.13,88.13,0.0
2011-12-28,94.08,94.08,94.08,94.08,0.0
2011-12-29,91.8,91.8,91.8,91.8,0.0
2011-12-30,91.7,91.7,91.7,91.7,0.0
2012-01-03,91.39,91.39,91.39,91.39,0.0
2012-01-04,88.89,88.89,88.89,88.89,0.0
2012-01-05,87.69,87.69,87.69,87.69,0.0
2012-01-06,86.95,86.95,86.95,86.95,0.0
2012-01-09,87.8,87.8,87.8,87.8,0.0
2012-01-10,88.82,88.82,88.82,88.82,0.0
2012-01-11,93.17,93.17,93.17,93.17,0.0
2012-01-12,90.51,90.51,90.51,90.51,0.0
2012-01-13,93.55,93.55,93.55,93.55,0.0
2012-01-17,93.66,93.66,93.66,93.66,0.0
2012-01-18,90.09,90.09,90.09,90.09,0.0
2012-01-19,88.73,88.73,88.73,88.73,0.0
2012-01-20,89.24,89.24,89.24,89.24,0.0
2012-01-23,89.59,89.59,89.59,89.59,0.0
2012-01-24,89.01,89.01,89.01,89.01,0.0
2012-01-25,86.01,86.01,86.01,86.01,0.0
2012-01-26,88.92,88.92,88.92,88.92,0.0
2012-01-27,87.44,87.44,87.44,87.44,0.0
2012-01-30,89.86,89.86,89.86,89.86,0.0
2012-01-31,88.51,88.51,88.51,88.51,0.0
2012-02-01,85.78,85.78,85.78,85.78,0.0
2012-02-02,84.1,84.1,84.1,84.1,0.0
2012-02-03,84.04,84.04,84.04,84.04,0.0
2012-02-06,85.38,85.38,85.38,85.38,0.0
2012-02-07,83.79,83.79,83.79,83.79,0.0
2012-02-08,97.01,97.01,97.01,97.01,0.0
2012-02-09,100.76,100.76,100.76,100.76,0.0
2012-02-10,104.15,104.15,104.15,104.15,0.0
2012-02-13,102.45,102.45,102.45,102.45,0.0
2012-02-14,107.82,107.82,107.82,107.82,0.0
2012-02-15,114.65,114.65,114.65,114.65,0.0
2012-02-16,110.41,110.41,110.41,110.41,0.0
2012-02-17,108.56,108.56,108.56,108.56,0.0
2012-02-21,107.71,107.71,107.71,107.71,0.0
2012-02-22,100.81,100.81,100.81,100.81,0.0
2012-02-23,94.44,94.44,94.44,94.44,0.0
2012-02-24,99.43,99.43,99.43,99.43,0.0
2012-02-27,101.68,101.68,101.68,101.68,0.0
2012-02-28,99.13,99.13,99.13,99.13,0.0
2012-02-29,101.6,101.6,101.6,101.6,0.0
2012-03-01,97.43,97.43,97.43,97.43,0.0
2012-03-02,96.94,96.94,96.94,96.94,0.0
2012-03-05,98.18,98.18,98.18,98.18,0.0
2012-03-06,105.11,105.11,105.11,105.11,0.0
2012-03-07,100.46,100.46,100.46,100.46,0.0
2012-03-08,97.19,97.19,97.19,97.19,0.0
2012-03-09,97.98,97.98,97.98,97.98,0.0
2012-03-12,98.61,98.61,98.61,98.61,0.0
2012-03-13,98.47,98.47,98.47,98.47,0.0
2012-03-14,106.63,106.63,106.63,106.63,0.0
2012-03-15,108.42,108.42,108.42,108.42,0.0
2012-03-16,105.78,105.78,105.78,105.78,0.0
2012-03-19,106.49,106.49,106.49,106.49,0.0
2012-03-20,109.38,109.38,109.38,109.38,0.0
2012-03-21,104.65,104.65,104.65,104.65,0.0
2012-03-22,102.53,102.53,102.53,102.53,0.0
2012-03-23,98.6,98.6,98.6,98.6,0.0
2012-03-26,96.08,96.08,96.08,96.08,0.0
2012-03-27,101.15,101.15,101.15,101.15,0.0
2012-03-28,102.74,102.74,102.74,102.74,0.0
2012-03-29,101.94,101.94,101.94,101.94,0.0
2012-03-30,100.28,100.28,100.28,100.28,0.0
2012-04-02,100.38,100.38,100.38,100.38,0.0
2012-04-03,98.37,98.37,98.37,98.37,0.0
2012-04-04,99.73,99.73,99.73,99.73,0.0
2012-04-05,99.47,99.47,99.47,99.47,0.0
2012-04-09,104.59,104.59,104.59,104.59,0.0
2012-04-10,109.13,109.13,109.13,109.13,0.0
2012-04-11,111.19,111.19,111.19,111.19,0.0
2012-04-12,104.27,104.27,104.27,104.27,0.0
2012-04-13,110.76,110.76,110.76,110.76,0.0
2012-04-16,110.97,110.97,110.97,110.97,0.0
2012-04-17,107.01,107.01,107.01,107.01,0.0
2012-04-18,106.06,106.06,106.06,106.06,0.0
2012-04-19,103.96,103.96,103.96,103.96,0.0
2012-04-20,101.08,101.08,101.08,101.08,0.0
2012-04-23,104.01,104.01,104.01,104.01,0.0
2012-04-24,99.84,99.84,99.84,99.84,0.0
2012-04-25,93.28,93.28,93.28,93.28,0.0
2012-04-26,89.65,89.65,89.65,89.65,0.0
2012-04-27,88.62,88.62,88.62,88.62,0.0
2012-04-30,89.32,89.32,89.32,89.32,0.0
2012-05-01,87.06,87.06,87.06,87.06,0.0
2012-05-02,86.29,86.29,86.29,86.29,0.0
2012-05-03,88.35,88.35,88.35,88.35,0.0
2012-05-04,91.31,91.31,91.31,91.31,0.0
2012-05-07,90.91,90.91,90.91,90.91,0.0
2012-05-08,91.33,91.33,91.33,91.33,0.0
2012-05-09,102.07,102.07,102.07,102.07,0.0
2012-05-10,98.65,98.65,98.65,98.65,0.0
2012-05-11,100.12,100.12,100.12,100.12,0.0
2012-05-14,105.85,105.85,105.85,105.85,0.0
2012-05-15,109.61,109.61,109.61,109.61,0.0
2012-05-16,109.22,109.22,109.22,109.22,0.0
2012-05-17,112.84,112.84,112.84,112.84,0.0
2012-05-18,117.44,117.44,117.44,117.44,0.0
2012-05-21,108.5,108.5,108.5,108.5,0.0
2012-05-22,110.48,110.48,110.48,110.48,0.0
2012-05-23,107.48,107.48,107.48,107.48,0.0
2012-05-24,104.52,104.52,104.52,104.52,0.0
2012-05-25,103.1,103.1,103.1,103.1,0.0
2012-05-29,100.98,100.98,100.98,100.98,0.0
2012-05-30,109.73,109.73,109.73,109.73,0.0
2012-05-31,108.75,108.75,108.75,108.75,0.0
2012-06-01,111.41,111.41,111.41,111.41,0.0
2012-06-04,107.04,107.04,107.04,107.04,0.0
2012-06-05,102.78,102.78,102.78,102.78,0.0
2012-06-06,97.71,97.71,97.71,97.71,0.0
2012-06-07,98.36,98.36,98.36,98.36,0.0
2012-06-08,96.6,96.6,96.6,96.6,0.0
2012-06-11,105.51,105.51,105.51,105.51,0.0
2012-06-12,103.22,103.22,103.22,103.22,0.0
2012-06-13,110.6,110.6,110.6,110.6,0.0
2012-06-14,107.78,107.78,107.78,107.78,0.0
2012-06-15,108.23,108.23,108.23,108.23,0.0
2012-06-18,99.3,99.3,99.3,99.3,0.0
2012-06-19,98.13,98.13,98.13,98.13,0.0
2012-06-20,96.41,96.41,96.41,96.41,0.0
2012-06-21,105.47,105.47,105.47,105.47,0.0
2012-06-22,104.13,104.13,104.13,104.13,0.0
2012-06-25,104.46,104.46,104.46,104.46,0.0
2012-06-26,100.66,100.66,100.66,100.66,0.0
2012-06-27,98.11,98.11,98.11,98.11,0.0
2012-06-28,97.21,97.21,97.21,97.21,0.0
2012-06-29,89.59,89.59,89.59,89.59,0.0
2012-07-02,85.61,85.61,85.61,85.61,0.0
2012-07-03,84.59,84.59,84.59,84.59,0.0
2012-07-05,89.43,89.43,89.43,89.43,0.0
2012-07-06,90.1,90.1,90.1,90.1,0.0
2012-07-09,92.85,92.85,92.85,92.85,0.0
2012-07-10,94.91,94.91,94.91,94.91,0.0
2012-07-11,96.25,96.25,96.25,96.25,0.0
2012-07-12,95.22,95.22,95.22,95.22,0.0
2012-07-13,91.1,91.1,91.1,91.1,0.0
2012-07-16,94.21,94.21,94.21,94.21,0.0
2012-07-17,93.49,93.49,93.49,93.49,0.0
2012-07-18,94.03,94.03,94.03,94.03,0.0
2012-07-19,93.73,93.73,93.73,93.73,0.0
2012-07-20,100.61,100.61,100.61,100.61,0.0
2012-07-23,107.32,107.32,107.32,107.32,0.0
2012-07-24,111.65,111.65,111.65,111.65,0.0
2012-07-25,106.53,106.53,106.53,106.53,0.0
2012-07-26,98.59,98.59,98.59,98.59,0.0
2012-07-27,93.08,93.08,93.08,93.08,0.0
2012-07-30,94.74,94.74,94.74,94.74,0.0
2012-07-31,96.11,96.11,96.11,96.11,0.0
2012-08-01,94.23,94.23,94.23,94.23,0.0
2012-08-02,89.63,89.63,89.63,89.63,0.0
2012-08-03,84.5,84.5,84.5,84.5,0.0
2012-08-06,84.47,84.47,84.47,84.47,0.0
2012-08-07,86.87,86.87,86.87,86.87,0.0
2012-08-08,85.18,85.18,85.18,85.18,0.0
2012-08-09,83.91,83.91,83.91,83.91,0.0
2012-08-10,84.83,84.83,84.83,84.83,0.0
2012-08-13,89.58,89.58,89.58,89.58,0.0
2012-08-14,94.33,94.33,94.33,94.33,0.0
2012-08-15,97.95,97.95,97.95,97.95,0.0
2012-08-16,95.65,95.65,95.65,95.65,0.0
2012-08-17,95.02,95.02,95.02,95.02,0.0
2012-08-20,96.64,96.64,96.64,96.64,0.0
2012-08-21,97.41,97.41,97.41,97.41,0.0
2012-08-22,99.14,99.14,99.14,99.14,0.0
2012-08-23,98.4,98.4,98.4,98.4,0.0
2012-08-24,94.99,94.99,94.99,94.99,0.0
2012-08-27,94.89,94.89,94.89,94.89,0.0
2012-08-28,94.43,94.43,94.43,94.43,0.0
2012-08-29,94.71,94.71,94.71,94.71,0.0
2012-08-30,96.33,96.33,96.33,96.33,0.0
2012-08-31,93.3,93.3,93.3,93.3,0.0
2012-09-04,93.71,93.71,93.71,93.71,0.0
2012-09-05,90.15,90.15,90.15,90.15,0.0
2012-09-06,83.65,83.65,83.65,83.65,0.0
2012-09-07,82.24,82.24,82.24,82.24,0.0
2012-09-10,92.77,92.77,92.77,92.77,0.0
2012-09-11,92.39,92.39,92.39,92.39,0.0
2012-09-12,93.94,93.94,93.94,93.94,0.0
2012-09-13,87.81,87.81,87.81,87.81,0.0
2012-09-14,93.04,93.04,93.04,93.04,0.0
2012-09-17,92.95,92.95,92.95,92.95,0.0
2012-09-18,90.13,90.13,90.13,90.13,0.0
2012-09-19,88.61,88.61,88.61,88.61,0.0
2012-09-20,88.72,88.72,88.72,88.72,0.0
2012-09-21,87.9,87.9,87.9,87.9,0.0
2012-09-24,85.88,85.88,85.88,85.88,0.0
2012-09-25,92.79,92.79,92.79,92.79,0.0
2012-09-26,95.05,95.05,95.05,95.05,0.0
2012-09-27,88.24,88.24,88.24,88.24,0.0
2012-09-28,90.49,90.49,90.49,90.49,0.0
2012-10-01,92.51,92.51,92.51,92.51,0.0
2012-10-02,90.25,90.25,90.25,90.25,0.0
2012-10-03,87.56,87.56,87.56,87.56,0.0
2012-10-04,83.51,83.51,83.51,83.51,0.0
2012-10-05,83.1,83.1,83.1,83.1,0.0
2012-10-08,85.85,85.85,85.85,85.85,0.0
2012-10-09,88.53,88.53,88.53,88.53,0.0
2012-10-10,94.36,94.36,94.36,94.36,0.0
2012-10-11,90.74,90.74,90.74,90.74,0.0
2012-10-12,91.87,91.87,91.87,91.87,0.0
2012-10-15,92.92,92.92,92.92,92.92,0.0
2012-10-16,90.31,90.31,90.31,90.31,0.0
2012-10-17,85.6,85.6,85.6,85.6,0.0
2012-10-18,86.51,86.51,86.51,86.51,0.0
2012-10-19,92.63,92.63,92.63,92.63,0.0
2012-10-22,92.48,92.48,92.48,92.48,0.0
2012-10-23,99.66,99.66,99.66,99.66,0.0
2012-10-24,96.39,96.39,96.39,96.39,0.0
2012-10-25,91.86,91.86,91.86,91.86,0.0
2012-10-26,89.43,89.43,89.43,89.43,0.0
2012-10-31,90.23,90.23,90.23,90.23,0.0
2012-11-01,81.7,81.7,81.7,81.7,0.0
2012-11-02,87.84,87.84,87.84,87.84,0.0
2012-11-05,90.75,90.75,90.75,90.75,0.0
2012-11-06,87.56,87.56,87.56,87.56,0.0
2012-11-07,94.75,94.75,94.75,94.75,0.0
2012-11-08,93.39,93.39,93.39,93.39,0.0
2012-11-09,94.02,94.02,94.02,94.02,0.0
2012-11-12,90.54,90.54,90.54,90.54,0.0
2012-11-13,87.84,87.84,87.84,87.84,0.0
2012-11-14,94.66,94.66,94.66,94.66,0.0
2012-11-15,94.54,94.54,94.54,94.54,0.0
2012-11-16,90.27,90.27,90.27,90.27,0.0
2012-11-19,88.43,88.43,88.43,88.43,0.0
2012-11-20,85.93,85.93,85.93,85.93,0.0
2012-11-21,85.85,85.85,85.85,85.85,0.0
2012-11-23,82.86,82.86,82.86,82.86,0.0
2012-11-26,82.45,82.45,82.45,82.45,0.0
2012-11-27,84.17,84.17,84.17,84.17,0.0
2012-11-28,80.39,80.39,80.39,80.39,0.0
2012-11-29,78.42,78.42,78.42,78.42,0.0
2012-11-30,78.59,78.59,78.59,78.59,0.0
2012-12-03,84.07,84.07,84.07,84.07,0.0
2012-12-04,86.18,86.18,86.18,86.18,0.0
2012-12-05,82.98,82.98,82.98,82.98,0.0
2012-12-06,84.15,84.15,84.15,84.15,0.0
2012-12-07,80.74,80.74,80.74,80.74,0.0
2012-12-10,81.56,81.56,81.56,81.56,0.0
2012-12-11,78.7,78.7,78.7,78.7,0.0
2012-12-12,83.02,83.02,83.02,83.02,0.0
2012-12-13,86.74,86.74,86.74,86.74,0.0
2012-12-14,86.39,86.39,86.39,86.39,0.0
2012-12-17,82.1,82.1,82.1,82.1,0.0
2012-12-18,79.36,79.36,79.36,79.36,0.0
2012-12-19,83.33,83.33,83.33,83.33,0.0
2012-12-20,83.06,83.06,83.06,83.06,0.0
2012-12-21,87.7,87.7,87.7,87.7,0.0
2012-12-24,89.27,89.27,89.27,89.27,0.0
2012-12-26,92.17,92.17,92.17,92.17,0.0
2012-12-27,90.89,90.89,90.89,90.89,0.0
2012-12-28,104.72,104.72,104.72,104.72,0.0
2012-12-31,92.5,92.5,92.5,92.5,0.0
2013-01-02,78.77,78.77,78.77,78.77,0.0
2013-01-03,77.02,77.02,77.02,77.02,0.0
2013-01-04,75.18,75.18,75.18,75.18,0.0
2013-01-07,76.77,76.77,76.77,76.77,0.0
2013-01-08,78.37,78.37,78.37,78.37,0.0
2013-01-09,78.51,78.51,78.51,78.51,0.0
2013-01-10,77.49,77.49,77.49,77.49,0.0
2013-01-11,78.52,78.52,78.52,78.52,0.0
2013-01-14,78.28,78.28,78.28,78.28,0.0
2013-01-15,77.84,77.84,77.84,77.84,0.0
2013-01-16,77.26,77.26,77.26,77.26,0.0
2013-01-17,78.77,78.77,78.77,78.77,0.0
2013-01-18,73.43,73.43,73.43,73.43,0.0
2013-01-22,73.87,73.87,73.87,73.87,0.0
2013-01-23,71.86,71.86,71.86,71.86,0.0
2013-01-24,76.17,76.17,76.17,76.17,0.0
2013-01-25,76.92,76.92,76.92,76.92,0.0
2013-01-28,78.16,78.16,78.16,78.16,0.0
2013-01-29,73.61,73.61,73.61,73.61,0.0
2013-01-30,77.34,77.34,77.34,77.34,0.0
2013-01-31,76.72,76.72,76.72,76.72,0.0
2013-02-01,73.29,73.29,73.29,73.29,0.0
2013-02-04,77.79,77.79,77.79,77.79,0.0
2013-02-05,75.07,75.07,75.07,75.07,0.0
2013-02-06,77.24,77.24,77.24,77.24,0.0
2013-02-07,76.86,76.86,76.86,76.86,0.0
2013-02-08,74.42,74.42,74.42,74.42,0.0
2013-02-11,76.1,76.1,76.1,76.1,0.0
2013-02-12,73.83,73.83,73.83,73.83,0.0
2013-02-13,73.25,73.25,73.25,73.25,0.0
2013-02-14,72.99,72.99,72.99,72.99,0.0
2013-02-15,72.55,72.55,72.55,72.55,0.0
2013-02-19,70.45,70.45,70.45,70.45,0.0
2013-02-20,79.65,79.65,79.65,79.65,0.0
2013-02-21,80.83,80.83,80.83,80.83,0.0
2013-02-22,78.66,78.66,78.66,78.66,0.0
2013-02-25,94.34,94.34,94.34,94.34,0.0
2013-02-26,90.23,90.23,90.23,90.23,0.0
2013-02-27,82.29,82.29,82.29,82.29,0.0
2013-02-28,86.57,86.57,86.57,86.57,0.0
2013-03-01,87.83,87.83,87.83,87.83,0.0
2013-03-04,82.27,82.27,82.27,82.27,0.0
2013-03-05,79.32,79.32,79.32,79.32,0.0
2013-03-06,78.78,78.78,78.78,78.78,0.0
2013-03-07,77.16,77.16,77.16,77.16,0.0
2013-03-08,76.65,76.65,76.65,76.65,0.0
2013-03-11,77.32,77.32,77.32,77.32,0.0
2013-03-12,79.99,79.99,79.99,79.99,0.0
2013-03-13,84.36,84.36,84.36,84.36,0.0
2013-03-14,83.5,83.5,83.5,83.5,0.0
2013-03-15,85.72,85.72,85.72,85.72,0.0
2013-03-18,93.07,93.07,93.07,93.07,0.0
2013-03-19,94.39,94.39,94.39,94.39,0.0
2013-03-20,89.45,89.45,89.45,89.45,0.0
2013-03-21,93.98,93.98,93.98,93.98,0.0
2013-03-22,91.78,91.78,91.78,91.78,0.0
2013-03-25,88.86,88.86,88.86,88.86,0.0
2013-03-26,85.14,85.14,85.14,85.14,0.0
2013-03-27,85.32,85.32,85.32,85.32,0.0
2013-03-28,83.2,83.2,83.2,83.2,0.0
2013-04-01,84.23,84.23,84.23,84.23,0.0
2013-04-02,80.49,80.49,80.49,80.49,0.0
2013-04-03,85.23,85.23,85.23,85.23,0.0
2013-04-04,83.12,83.12,83.12,83.12,0.0
2013-04-05,84.49,84.49,84.49,84.49,0.0
2013-04-08,82.12,82.12,82.12,82.12,0.0
2013-04-09,82.04,82.04,82.04,82.04,0.0
2013-04-10,82.75,82.75,82.75,82.75,0.0
2013-04-11,83.37,83.37,83.37,83.37,0.0
2013-04-12,82.39,82.39,82.39,82.39,0.0
2013-04-15,104.62,104.62,104.62,104.62,0.0
2013-04-16,88.19,88.19,88.19,88.19,0.0
2013-04-17,105.26,105.26,105.26,105.26,0.0
2013-04-18,107.65,107.65,107.65,107.65,0.0
2013-04-19,95.52,95.52,95.52,95.52,0.0
2013-04-22,90.91,90.91,90.91,90.91,0.0
2013-04-23,85.16,85.16,85.16,85.16,0.0
2013-04-24,84.99,84.99,84.99,84.99,0.0
2013-04-25,85.89,85.89,85.89,85.89,0.0
2013-04-26,85.09,85.09,85.09,85.09,0.0
2013-04-29,84.42,84.42,84.42,84.42,0.0
2013-04-30,83.46,83.46,83.46,83.46,0.0
2013-05-01,88.11,88.11,88.11,88.11,0.0
2013-05-02,83.82,83.82,83.82,83.82,0.0
2013-05-03,80.91,80.91,80.91,80.91,0.0
2013-05-06,79.78,79.78,79.78,79.78,0.0
2013-05-07,78.86,78.86,78.86,78.86,0.0
2013-05-08,79.81,79.81,79.81,79.81,0.0
2013-05-09,81.14,81.14,81.14,81.14,0.0
2013-05-10,80.45,80.45,80.45,80.45,0.0
2013-05-14,80.45,80.45,80.45,80.45,0.0
2013-05-15,83.15,83.15,83.15,83.15,0.0
2013-05-16,84.5,84.5,84.5,84.5,0.0
2013-05-17,84.0,84.0,84.0,84.0,0.0
2013-05-20,85.01,85.01,85.01,85.01,0.0
2013-05-21,88.04,88.04,88.04,88.04,0.0
2013-05-22,88.23,88.23,88.23,88.23,0.0
2013-05-23,87.4,87.4,87.4,87.4,0.0
2013-05-24,83.88,83.88,83.88,83.88,0.0
2013-05-28,82.65,82.65,82.65,82.65,0.0
2013-05-29,81.72,81.72,81.72,81.72,0.0
2013-05-30,80.22,80.22,80.22,80.22,0.0
2013-05-31,84.87,84.87,84.87,84.87,0.0
2013-06-03,86.99,86.99,86.99,86.99,0.0
2013-06-04,87.39,87.39,87.39,87.39,0.0
2013-06-05,93.18,93.18,93.18,93.18,0.0
2013-06-06,91.91,91.91,91.91,91.91,0.0
2013-06-07,84.19,84.19,84.19,84.19,0.0
2013-06-10,82.94,82.94,82.94,82.94,0.0
2013-06-11,92.32,92.32,92.32,92.32,0.0
2013-06-12,101.77,101.77,101.77,101.77,0.0
2013-06-13,95.08,95.08,95.08,95.08,0.0
2013-06-14,93.87,93.87,93.87,93.87,0.0
2013-06-17,90.45,90.45,90.45,90.45,0.0
2013-06-18,89.99,89.99,89.99,89.99,0.0
2013-06-19,88.59,88.59,88.59,88.59,0.0
2013-06-20,100.98,100.98,100.98,100.98,0.0
2013-06-21,96.1,96.1,96.1,96.1,0.0
2013-06-24,100.93,100.93,100.93,100.93,0.0
2013-06-25,94.83,94.83,94.83,94.83,0.0
2013-06-26,90.76,90.76,90.76,90.76,0.0
2013-06-27,86.05,86.05,86.05,86.05,0.0
2013-06-28,86.54,86.54,86.54,86.54,0.0
2013-07-01,84.89,84.89,84.89,84.89,0.0
2013-07-02,83.7,83.7,83.7,83.7,0.0
2013-07-03,82.72,82.72,82.72,82.72,0.0
2013-07-05,77.41,77.41,77.41,77.41,0.0
2013-07-08,75.49,75.49,75.49,75.49,0.0
2013-07-09,75.92,75.92,75.92,75.92,0.0
2013-07-10,79.54,79.54,79.54,79.54,0.0
2013-07-11,77.16,77.16,77.16,77.16,0.0
2013-07-12,76.14,76.14,76.14,76.14,0.0
2013-07-15,76.22,76.22,76.22,76.22,0.0
2013-07-16,80.84,80.84,80.84,80.84,0.0
2013-07-17,77.06,77.06,77.06,77.06,0.0
2013-07-18,74.68,74.68,74.68,74.68,0.0
2013-07-19,73.64,73.64,73.64,73.64,0.0
2013-07-22,72.49,72.49,72.49,72.49,0.0
2013-07-23,75.05,75.05,75.05,75.05,0.0
2013-07-24,76.8,76.8,76.8,76.8,0.0
2013-07-25,76.74,76.74,76.74,76.74,0.0
2013-07-26,76.54,76.54,76.54,76.54,0.0
2013-07-29,76.65,76.65,76.65,76.65,0.0
2013-07-30,74.35,74.35,74.35,74.35,0.0
2013-07-31,73.08,73.08,73.08,73.08,0.0
2013-08-01,71.1,71.1,71.1,71.1,0.0
2013-08-02,70.36,70.36,70.36,70.36,0.0
2013-08-05,69.74,69.74,69.74,69.74,0.0
2013-08-06,75.53,75.53,75.53,75.53,0.0
2013-08-07,76.57,76.57,76.57,76.57,0.0
2013-08-08,75.41,75.41,75.41,75.41,0.0
2013-08-09,77.33,77.33,77.33,77.33,0.0
2013-08-12,78.77,78.77,78.77,78.77,0.0
2013-08-13,78.94,78.94,78.94,78.94,0.0
2013-08-14,80.22,80.22,80.22,80.22,0.0
2013-08-15,86.21,86.21,86.21,86.21,0.0
2013-08-16,84.09,84.09,84.09,84.09,0.0
2013-08-19,86.91,86.91,86.91,86.91,0.0
2013-08-20,89.08,89.08,89.08,89.08,0.0
2013-08-21,90.38,90.38,90.38,90.38,0.0
2013-08-22,84.52,84.52,84.52,84.52,0.0
2013-08-23,80.02,80.02,80.02,80.02,0.0
2013-08-26,83.06,83.06,83.06,83.06,0.0
2013-08-27,92.36,92.36,92.36,92.36,0.0
2013-08-28,91.46,91.46,91.46,91.46,0.0
2013-08-29,91.49,91.49,91.49,91.49,0.0
2013-08-30,92.6,92.6,92.6,92.6,0.0
2013-09-03,90.66,90.66,90.66,90.66,0.0
2013-09-04,88.28,88.28,88.28,88.28,0.0
2013-09-05,85.8,85.8,85.8,85.8,0.0
2013-09-06,86.51,86.51,86.51,86.51,0.0
2013-09-09,83.46,83.46,83.46,83.46,0.0
2013-09-10,79.25,79.25,79.25,79.25,0.0
2013-09-11,78.4,78.4,78.4,78.4,0.0
2013-09-12,80.97,80.97,80.97,80.97,0.0
2013-09-13,79.73,79.73,79.73,79.73,0.0
2013-09-16,80.09,80.09,80.09,80.09,0.0
2013-09-17,79.49,79.49,79.49,79.49,0.0
2013-09-18,74.65,74.65,74.65,74.65,0.0
2013-09-19,73.22,73.22,73.22,73.22,0.0
2013-09-20,76.89,76.89,76.89,76.89,0.0
2013-09-23,77.56,77.56,77.56,77.56,0.0
2013-09-24,74.78,74.78,74.78,74.78,0.0
2013-09-25,73.08,73.08,73.08,73.08,0.0
2013-09-26,69.96,69.96,69.96,69.96,0.0
2013-09-27,74.93,74.93,74.93,74.93,0.0
2013-09-30,81.67,81.67,81.67,81.67,0.0
2013-10-01,76.43,76.43,76.43,76.43,0.0
2013-10-02,85.73,85.73,85.73,85.73,0.0
2013-10-03,93.79,93.79,93.79,93.79,0.0
2013-10-04,88.71,88.71,88.71,88.71,0.0
2013-10-07,103.08,103.08,103.08,103.08,0.0
2013-10-08,106.55,106.55,106.55,106.55,0.0
2013-10-09,111.43,111.43,111.43,111.43,0.0
2013-10-10,95.31,95.31,95.31,95.31,0.0
2013-10-11,90.85,90.85,90.85,90.85,0.0
2013-10-14,91.8,91.8,91.8,91.8,0.0
2013-10-15,103.37,103.37,103.37,103.37,0.0
2013-10-16,85.7,85.7,85.7,85.7,0.0
2013-10-17,72.7,72.7,72.7,72.7,0.0
2013-10-18,73.42,73.42,73.42,73.42,0.0
2013-10-21,75.02,75.02,75.02,75.02,0.0
2013-10-22,74.13,74.13,74.13,74.13,0.0
2013-10-23,72.43,72.43,72.43,72.43,0.0
2013-10-24,70.84,70.84,70.84,70.84,0.0
2013-10-25,70.03,70.03,70.03,70.03,0.0
2013-10-28,70.16,70.16,70.16,70.16,0.0
2013-10-29,68.52,68.52,68.52,68.52,0.0
2013-10-30,69.56,69.56,69.56,69.56,0.0
2013-10-31,69.44,69.44,69.44,69.44,0.0
2013-11-01,68.94,68.94,68.94,68.94,0.0
2013-11-04,67.09,67.09,67.09,67.09,0.0
2013-11-05,67.41,67.41,67.41,67.41,0.0
2013-11-06,67.41,67.41,67.41,67.41,0.0
2013-11-07,71.74,71.74,71.74,71.74,0.0
2013-11-08,69.39,69.39,69.39,69.39,0.0
2013-11-11,69.39,69.39,69.39,69.39,0.0
2013-11-12,69.39,69.39,69.39,69.39,0.0
2013-11-13,71.37,71.37,71.37,71.37,0.0
2013-11-14,71.91,71.91,71.91,71.91,0.0
2013-11-15,73.58,73.58,73.58,73.58,0.0
2013-11-18,75.06,75.06,75.06,75.06,0.0
2013-11-19,74.45,74.45,74.45,74.45,0.0
2013-11-20,69.05,69.05,69.05,69.05,0.0
2013-11-21,64.95,64.95,64.95,64.95,0.0
2013-11-22,63.77,63.77,63.77,63.77,0.0
2013-11-25,64.88,64.88,64.88,64.88,0.0
2013-11-26,65.14,65.14,65.14,65.14,0.0
2013-11-27,64.81,64.81,64.81,64.81,0.0
2013-11-29,64.81,64.81,64.81,64.81,0.0
2013-12-02,69.59,69.59,69.59,69.59,0.0
2013-12-03,73.21,73.21,73.21,73.21,0.0
2013-12-04,72.73,72.73,72.73,72.73,0.0
2013-12-05,75.8,75.8,75.8,75.8,0.0
2013-12-06,70.45,70.45,70.45,70.45,0.0
2013-12-09,70.45,70.45,70.45,70.45,0.0
2013-12-10,70.45,70.45,70.45,70.45,0.0
2013-12-11,80.55,80.55,80.55,80.55,0.0
2013-12-12,83.38,83.38,83.38,83.38,0.0
2013-12-13,85.39,85.39,85.39,85.39,0.0
2013-12-16,83.2,83.2,83.2,83.2,0.0
2013-12-17,82.23,82.23,82.23,82.23,0.0
2013-12-18,67.17,67.17,67.17,67.17,0.0
2013-12-19,67.03,67.03,67.03,67.03,0.0
2013-12-20,68.0,68.0,68.0,68.0,0.0
2013-12-23,63.49,63.49,63.49,63.49,0.0
2013-12-24,63.49,63.49,63.49,63.49,0.0
2013-12-26,62.71,62.71,62.71,62.71,0.0
2013-12-27,66.67,66.67,66.67,66.67,0.0
2013-12-30,69.71,69.71,69.71,69.71,0.0
2013-12-31,70.83,70.83,70.83,70.83,0.0
2014-01-02,73.14,73.14,73.14,73.14,0.0
2014-01-03,70.03,70.03,70.03,70.03,0.0
2014-01-06,68.33,68.33,68.33,68.33,0.0
2014-01-07,68.33,68.33,68.33,68.33,0.0
2014-01-08,68.33,68.33,68.33,68.33,0.0
2014-01-09,68.33,68.33,68.33,68.33,0.0
2014-01-10,67.74,67.74,67.74,67.74,0.0
2014-01-13,75.71,75.71,75.71,75.71,0.0
2014-01-14,69.31,69.31,69.31,69.31,0.0
2014-01-15,69.56,69.56,69.56,69.56,0.0
2014-01-16,73.98,73.98,73.98,73.98,0.0
2014-01-17,75.72,75.72,75.72,75.72,0.0
2014-01-21,77.78,77.78,77.78,77.78,0.0
2014-01-22,74.46,74.46,74.46,74.46,0.0
2014-01-23,78.25,78.25,78.25,78.25,0.0
2014-01-24,97.71,97.71,97.71,97.71,0.0
2014-01-27,93.5,93.5,93.5,93.5,0.0
2014-01-28,83.96,83.96,83.96,83.96,0.0
2014-01-29,92.47,92.47,92.47,92.47,0.0
2014-01-30,92.35,92.35,92.35,92.35,0.0
2014-01-31,99.66,99.66,99.66,99.66,0.0
2014-02-03,106.78,106.78,106.78,106.78,0.0
2014-02-04,100.4,100.4,100.4,100.4,0.0
2014-02-05,102.87,102.87,102.87,102.87,0.0
2014-02-06,92.58,92.58,92.58,92.58,0.0
2014-02-07,83.17,83.17,83.17,83.17,0.0
2014-02-10,79.89,79.89,79.89,79.89,0.0
2014-02-11,78.64,78.64,78.64,78.64,0.0
2014-02-12,79.56,79.56,79.56,79.56,0.0
2014-02-13,78.41,78.41,78.41,78.41,0.0
2014-02-14,77.49,77.49,77.49,77.49,0.0
2014-02-18,75.82,75.82,75.82,75.82,0.0
2014-02-19,86.23,86.23,86.23,86.23,0.0
2014-02-20,79.83,79.83,79.83,79.83,0.0
2014-02-21,78.96,78.96,78.96,78.96,0.0
2014-02-24,77.84,77.84,77.84,77.84,0.0
2014-02-25,76.46,76.46,76.46,76.46,0.0
2014-02-26,79.42,79.42,79.42,79.42,0.0
2014-02-27,78.94,78.94,78.94,78.94,0.0
2014-02-28,81.45,81.45,81.45,81.45,0.0
2014-03-03,92.84,92.84,92.84,92.84,0.0
2014-03-04,82.14,82.14,82.14,82.14,0.0
2014-03-05,80.52,80.52,80.52,80.52,0.0
2014-03-06,79.55,79.55,79.55,79.55,0.0
2014-03-07,83.07,83.07,83.07,83.07,0.0
2014-03-10,82.35,82.35,82.35,82.35,0.0
2014-03-11,85.12,85.12,85.12,85.12,0.0
2014-03-12,83.45,83.45,83.45,83.45,0.0
2014-03-13,92.14,92.14,92.14,92.14,0.0
2014-03-14,97.11,97.11,97.11,97.11,0.0
2014-03-17,87.79,87.79,87.79,87.79,0.0
2014-03-18,81.89,81.89,81.89,81.89,0.0
2014-03-19,81.35,81.35,81.35,81.35,0.0
2014-03-20,77.03,77.03,77.03,77.03,0.0
2014-03-21,78.64,78.64,78.64,78.64,0.0
2014-03-24,77.29,77.29,77.29,77.29,0.0
2014-03-25,74.77,74.77,74.77,74.77,0.0
2014-03-26,76.27,76.27,76.27,76.27,0.0
2014-03-27,74.71,74.71,74.71,74.71,0.0
2014-03-28,74.86,74.86,74.86,74.86,0.0
2014-03-31,72.2,72.2,72.2,72.2,0.0
2014-04-01,67.51,67.51,67.51,67.51,0.0
2014-04-02,67.33,67.33,67.33,67.33,0.0
2014-04-03,67.73,67.73,67.73,67.73,0.0
2014-04-04,69.53,69.53,69.53,69.53,0.0
2014-04-07,74.51,74.51,74.51,74.51,0.0
2014-04-08,71.43,71.43,71.43,71.43,0.0
2014-04-09,69.19,69.19,69.19,69.19,0.0
2014-04-10,78.56,78.56,78.56,78.56,0.0
2014-04-11,83.94,83.94,83.94,83.94,0.0
2014-04-14,82.2,82.2,82.2,82.2,0.0
2014-04-15,80.67,80.67,80.67,80.67,0.0
2014-04-16,72.08,72.08,72.08,72.08,0.0
2014-04-17,70.08,70.08,70.08,70.08,0.0
2014-04-21,68.62,68.62,68.62,68.62,0.0
2014-04-22,66.74,66.74,66.74,66.74,0.0
2014-04-23,66.22,66.22,66.22,66.22,0.0
2014-04-24,68.75,68.75,68.75,68.75,0.0
2014-04-25,70.49,70.49,70.49,70.49,0.0
2014-04-28,67.63,67.63,67.63,67.63,0.0
2014-04-29,65.47,65.47,65.47,65.47,0.0
2014-04-30,64.49,64.49,64.49,64.49,0.0
2014-05-01,64.5,64.5,64.5,64.5,0.0
2014-05-02,64.54,64.54,64.54,64.54,0.0
2014-05-05,64.4,64.4,64.4,64.4,0.0
2014-05-06,64.93,64.93,64.93,64.93,0.0
2014-05-07,62.64,62.64,62.64,62.64,0.0
2014-05-08,62.16,62.16,62.16,62.16,0.0
2014-05-09,61.76,61.76,61.76,61.76,0.0
2014-05-12,61.76,61.76,61.76,61.76,0.0
2014-05-13,61.76,61.76,61.76,61.76,0.0
2014-05-14,69.03,69.03,69.03,69.03,0.0
2014-05-15,71.6,71.6,71.6,71.6,0.0
2014-05-16,68.72,68.72,68.72,68.72,0.0
2014-05-19,67.58,67.58,67.58,67.58,0.0
2014-05-20,68.77,68.77,68.77,68.77,0.0
2014-05-21,66.56,66.56,66.56,66.56,0.0
2014-05-22,68.06,68.06,68.06,68.06,0.0
2014-05-23,66.86,66.86,66.86,66.86,0.0
2014-05-27,64.95,64.95,64.95,64.95,0.0
2014-05-28,67.37,67.37,67.37,67.37,0.0
2014-05-29,66.93,66.93,66.93,66.93,0.0
2014-05-30,67.95,67.95,67.95,67.95,0.0
2014-06-02,68.76,68.76,68.76,68.76,0.0
2014-06-03,68.19,68.19,68.19,68.19,0.0
2014-06-04,67.67,67.67,67.67,67.67,0.0
2014-06-05,65.47,65.47,65.47,65.47,0.0
2014-06-06,67.08,67.08,67.08,67.08,0.0
2014-06-09,70.88,70.88,70.88,70.88,0.0
2014-06-10,70.5,70.5,70.5,70.5,0.0
2014-06-11,74.21,74.21,74.21,74.21,0.0
2014-06-12,79.97,79.97,79.97,79.97,0.0
2014-06-13,79.81,79.81,79.81,79.81,0.0
2014-06-16,81.5,81.5,81.5,81.5,0.0
2014-06-17,78.41,78.41,78.41,78.41,0.0
2014-06-18,71.76,71.76,71.76,71.76,0.0
2014-06-19,73.41,73.41,73.41,73.41,0.0
2014-06-20,73.33,73.33,73.33,73.33,0.0
2014-06-23,72.58,72.58,72.58,72.58,0.0
2014-06-24,75.24,75.24,75.24,75.24,0.0
2014-06-25,72.31,72.31,72.31,72.31,0.0
2014-06-26,72.86,72.86,72.86,72.86,0.0
2014-06-27,72.72,72.72,72.72,72.72,0.0
2014-06-30,71.56,71.56,71.56,71.56,0.0
2014-07-01,69.28,69.28,69.28,69.28,0.0
2014-07-02,68.15,68.15,68.15,68.15,0.0
2014-07-03,68.35,68.35,68.35,68.35,0.0
2014-07-07,71.66,71.66,71.66,71.66,0.0
2014-07-08,73.21,73.21,73.21,73.21,0.0
2014-07-09,76.28,76.28,76.28,76.28,0.0
2014-07-10,82.14,82.14,82.14,82.14,0.0
2014-07-11,79.91,79.91,79.91,79.91,0.0
2014-07-14,77.29,77.29,77.29,77.29,0.0
2014-07-15,78.92,78.92,78.92,78.92,0.0
2014-07-16,75.81,75.81,75.81,75.81,0.0
2014-07-17,89.96,89.96,89.96,89.96,0.0
2014-07-18,80.37,80.37,80.37,80.37,0.0
2014-07-21,81.41,81.41,81.41,81.41,0.0
2014-07-22,75.22,75.22,75.22,75.22,0.0
2014-07-23,76.64,76.64,76.64,76.64,0.0
2014-07-24,77.66,77.66,77.66,77.66,0.0
2014-07-25,81.08,81.08,81.08,81.08,0.0
2014-07-28,81.21,81.21,81.21,81.21,0.0
2014-07-29,81.72,81.72,81.72,81.72,0.0
2014-07-30,83.58,83.58,83.58,83.58,0.0
2014-07-31,97.42,97.42,97.42,97.42,0.0
2014-08-01,101.11,101.11,101.11,101.11,0.0
2014-08-04,93.12,93.12,93.12,93.12,0.0
2014-08-05,98.32,98.32,98.32,98.32,0.0
2014-08-06,96.38,96.38,96.38,96.38,0.0
2014-08-07,97.4,97.4,97.4,97.4,0.0
2014-08-08,91.84,91.84,91.84,91.84,0.0
2014-08-11,87.54,87.54,87.54,87.54,0.0
2014-08-12,85.98,85.98,85.98,85.98,0.0
2014-08-13,81.27,81.27,81.27,81.27,0.0
2014-08-14,78.48,78.48,78.48,78.48,0.0
2014-08-15,82.2,82.2,82.2,82.2,0.0
2014-08-18,81.02,81.02,81.02,81.02,0.0
2014-08-19,80.84,80.84,80.84,80.84,0.0
2014-08-20,79.9,79.9,79.9,79.9,0.0
2014-08-21,79.61,79.61,79.61,79.61,0.0
2014-08-22,79.58,79.58,79.58,79.58,0.0
2014-08-25,79.33,79.33,79.33,79.33,0.0
2014-08-26,79.39,79.39,79.39,79.39,0.0
2014-08-27,78.85,78.85,78.85,78.85,0.0
2014-08-28,80.53,80.53,80.53,80.53,0.0
2014-08-29,81.11,81.11,81.11,81.11,0.0
2014-09-02,82.41,82.41,82.41,82.41,0.0
2014-09-03,80.77,80.77,80.77,80.77,0.0
2014-09-04,79.99,79.99,79.99,79.99,0.0
2014-09-05,77.33,77.33,77.33,77.33,0.0
2014-09-08,77.84,77.84,77.84,77.84,0.0
2014-09-09,79.3,79.3,79.3,79.3,0.0
2014-09-10,82.12,82.12,82.12,82.12,0.0
2014-09-11,83.1,83.1,83.1,83.1,0.0
2014-09-12,89.25,89.25,89.25,89.25,0.0
2014-09-15,91.58,91.58,91.58,91.58,0.0
2014-09-16,84.52,84.52,84.52,84.52,0.0
2014-09-17,81.52,81.52,81.52,81.52,0.0
2014-09-18,77.47,77.47,77.47,77.47,0.0
2014-09-19,77.7,77.7,77.7,77.7,0.0
2014-09-22,87.41,87.41,87.41,87.41,0.0
2014-09-23,91.9,91.9,91.9,91.9,0.0
2014-09-24,86.21,86.21,86.21,86.21,0.0
2014-09-25,96.72,96.72,96.72,96.72,0.0
2014-09-26,90.63,90.63,90.63,90.63,0.0
2014-09-29,95.02,95.02,95.02,95.02,0.0
2014-09-30,92.47,92.47,92.47,92.47,0.0
2014-10-01,98.12,98.12,98.12,98.12,0.0
2014-10-02,93.75,93.75,93.75,93.75,0.0
2014-10-03,87.77,87.77,87.77,87.77,0.0
2014-10-06,88.73,88.73,88.73,88.73,0.0
2014-10-07,99.2,99.2,99.2,99.2,0.0
2014-10-08,89.08,89.08,89.08,89.08,0.0
2014-10-09,102.13,102.13,102.13,102.13,0.0
2014-10-10,113.38,113.38,113.38,113.38,0.0
2014-10-13,131.57,131.57,131.57,131.57,0.0
2014-10-14,120.61,120.61,120.61,120.61,0.0
2014-10-15,129.01,129.01,129.01,129.01,0.0
2014-10-16,121.94,121.94,121.94,121.94,0.0
2014-10-17,118.84,118.84,118.84,118.84,0.0
2014-10-20,108.83,108.83,108.83,108.83,0.0
2014-10-21,104.09,104.09,104.09,104.09,0.0
2014-10-22,108.82,108.82,108.82,108.82,0.0
2014-10-23,102.05,102.05,102.05,102.05,0.0
2014-10-24,104.38,104.38,104.38,104.38,0.0
2014-10-27,100.75,100.75,100.75,100.75,0.0
2014-10-28,95.89,95.89,95.89,95.89,0.0
2014-10-29,99.34,99.34,99.34,99.34,0.0
2014-10-30,98.52,98.52,98.52,98.52,0.0
2014-10-31,94.1,94.1,94.1,94.1,0.0
2014-11-03,93.19,93.19,93.19,93.19,0.0
2014-11-04,92.44,92.44,92.44,92.44,0.0
2014-11-05,87.08,87.08,87.08,87.08,0.0
2014-11-06,83.42,83.42,83.42,83.42,0.0
2014-11-07,80.44,80.44,80.44,80.44,0.0
2014-11-10,79.7,79.7,79.7,79.7,0.0
2014-11-11,79.79,79.79,79.79,79.79,0.0
2014-11-12,83.1,83.1,83.1,83.1,0.0
2014-11-13,86.29,86.29,86.29,86.29,0.0
2014-11-14,85.58,85.58,85.58,85.58,0.0
2014-11-17,84.79,84.79,84.79,84.79,0.0
2014-11-18,82.6,82.6,82.6,82.6,0.0
2014-11-19,81.06,81.06,81.06,81.06,0.0
2014-11-20,79.14,79.14,79.14,79.14,0.0
2014-11-21,79.34,79.34,79.34,79.34,0.0
2014-11-24,79.25,79.25,79.25,79.25,0.0
2014-11-25,77.93,77.93,77.93,77.93,0.0
2014-11-26,77.04,77.04,77.04,77.04,0.0
2014-11-28,79.84,79.84,79.84,79.84,0.0
2014-12-01,86.84,86.84,86.84,86.84,0.0
2014-12-02,83.47,83.47,83.47,83.47,0.0
2014-12-03,86.45,86.45,86.45,86.45,0.0
2014-12-04,85.17,85.17,85.17,85.17,0.0
2014-12-05,85.41,85.41,85.41,85.41,0.0
2014-12-08,94.45,94.45,94.45,94.45,0.0
2014-12-09,97.13,97.13,97.13,97.13,0.0
2014-12-10,117.32,117.32,117.32,117.32,0.0
2014-12-11,132.4,132.4,132.4,132.4,0.0
2014-12-12,138.6,138.6,138.6,138.6,0.0
2014-12-15,128.22,128.22,128.22,128.22,0.0
2014-12-16,132.94,132.94,132.94,132.94,0.0
2014-12-17,114.37,114.37,114.37,114.37,0.0
2014-12-18,107.24,107.24,107.24,107.24,0.0
2014-12-19,99.17,99.17,99.17,99.17,0.0
2014-12-22,99.69,99.69,99.69,99.69,0.0
2014-12-23,94.73,94.73,94.73,94.73,0.0
2014-12-24,95.29,95.29,95.29,95.29,0.0
2014-12-26,92.28,92.28,92.28,92.28,0.0
2014-12-29,94.86,94.86,94.86,94.86,0.0
2014-12-30,97.84,97.84,97.84,97.84,0.0
2014-12-31,113.08,113.08,113.08,113.08,0.0
2015-01-02,112.55,112.55,112.55,112.55,0.0
2015-01-05,121.87,121.87,121.87,121.87,0.0
2015-01-06,118.45,118.45,118.45,118.45,0.0
2015-01-07,107.69,107.69,107.69,107.69,0.0
2015-01-08,98.44,98.44,98.44,98.44,0.0
2015-01-09,103.77,103.77,103.77,103.77,0.0
2015-01-12,109.04,109.04,109.04,109.04,0.0
2015-01-13,109.22,109.22,109.22,109.22,0.0
2015-01-14,113.5,113.5,113.5,113.5,0.0
2015-01-15,117.07,117.07,117.07,117.07,0.0
2015-01-16,111.32,111.32,111.32,111.32,0.0
2015-01-20,108.4,108.4,108.4,108.4,0.0
2015-01-21,98.62,98.62,98.62,98.62,0.0
2015-01-22,93.25,93.25,93.25,93.25,0.0
2015-01-23,96.33,96.33,96.33,96.33,0.0
2015-01-26,91.94,91.94,91.94,91.94,0.0
2015-01-27,96.11,96.11,96.11,96.11,0.0
2015-01-28,108.68,108.68,108.68,108.68,0.0
2015-01-29,100.7,100.7,100.7,100.7,0.0
2015-01-30,108.99,108.99,108.99,108.99,0.0
2015-02-02,106.74,106.74,106.74,106.74,0.0
2015-02-03,101.03,101.03,101.03,101.03,0.0
2015-02-04,103.74,103.74,103.74,103.74,0.0
2015-02-05,98.56,98.56,98.56,98.56,0.0
2015-02-06,101.69,101.69,101.69,101.69,0.0
2015-02-09,104.19,104.19,104.19,104.19,0.0
2015-02-10,97.33,97.33,97.33,97.33,0.0
2015-02-11,98.73,98.73,98.73,98.73,0.0
2015-02-12,93.24,93.24,93.24,93.24,0.0
2015-02-13,92.74,92.74,92.74,92.74,0.0
2015-02-17,92.95,92.95,92.95,92.95,0.0
2015-02-18,89.38,89.38,89.38,89.38,0.0
2015-02-19,87.6,87.6,87.6,87.6,0.0
2015-02-20,85.78,85.78,85.78,85.78,0.0
2015-02-23,86.13,86.13,86.13,86.13,0.0
2015-02-24,82.65,82.65,82.65,82.65,0.0
2015-02-25,86.57,86.57,86.57,86.57,0.0
2015-02-26,86.93,86.93,86.93,86.93,0.0
2015-02-27,85.23,85.23,85.23,85.23,0.0
2015-03-02,81.84,81.84,81.84,81.84,0.0
2015-03-03,85.05,85.05,85.05,85.05,0.0
2015-03-04,84.1,84.1,84.1,84.1,0.0
2015-03-05,81.26,81.26,81.26,81.26,0.0
2015-03-06,86.88,86.88,86.88,86.88,0.0
2015-03-09,85.55,85.55,85.55,85.55,0.0
2015-03-10,91.89,91.89,91.89,91.89,0.0
2015-03-11,97.28,97.28,97.28,97.28,0.0
2015-03-12,89.48,89.48,89.48,89.48,0.0
2015-03-13,93.12,93.12,93.12,93.12,0.0
2015-03-16,90.54,90.54,90.54,90.54,0.0
2015-03-17,88.25,88.25,88.25,88.25,0.0
2015-03-18,81.22,81.22,81.22,81.22,0.0
2015-03-19,81.61,81.61,81.61,81.61,0.0
2015-03-20,80.49,80.49,80.49,80.49,0.0
2015-03-23,79.98,79.98,79.98,79.98,0.0
2015-03-24,80.04,80.04,80.04,80.04,0.0
2015-03-25,83.52,83.52,83.52,83.52,0.0
2015-03-26,87.03,87.03,87.03,87.03,0.0
2015-03-27,86.5,86.5,86.5,86.5,0.0
2015-03-30,82.16,82.16,82.16,82.16,0.0
2015-03-31,84.01,84.01,84.01,84.01,0.0
2015-04-01,82.82,82.82,82.82,82.82,0.0
2015-04-02,80.21,80.21,80.21,80.21,0.0
2015-04-06,80.3,80.3,80.3,80.3,0.0
2015-04-07,79.7,79.7,79.7,79.7,0.0
2015-04-08,84.76,84.76,84.76,84.76,0.0
2015-04-09,80.71,80.71,80.71,80.71,0.0
2015-04-10,78.91,78.91,78.91,78.91,0.0
2015-04-13,83.8,83.8,83.8,83.8,0.0
2015-04-14,81.91,81.91,81.91,81.91,0.0
2015-04-15,79.83,79.83,79.83,79.83,0.0
2015-04-16,79.78,79.78,79.78,79.78,0.0
2015-04-17,85.97,85.97,85.97,85.97,0.0
2015-04-20,81.48,81.48,81.48,81.48,0.0
2015-04-21,81.29,81.29,81.29,81.29,0.0
2015-04-22,79.7,79.7,79.7,79.7,0.0
2015-04-23,78.17,78.17,78.17,78.17,0.0
2015-04-24,76.43,76.43,76.43,76.43,0.0
2015-04-27,81.22,81.22,81.22,81.22,0.0
2015-04-28,77.68,77.68,77.68,77.68,0.0
2015-04-29,82.27,82.27,82.27,82.27,0.0
2015-04-30,87.08,87.08,87.08,87.08,0.0
2015-05-01,79.64,79.64,79.64,79.64,0.0
2015-05-04,78.56,78.56,78.56,78.56,0.0
2015-05-05,84.45,84.45,84.45,84.45,0.0
2015-05-06,90.8,90.8,90.8,90.8,0.0
2015-05-07,89.21,89.21,89.21,89.21,0.0
2015-05-08,79.44,79.44,79.44,79.44,0.0
2015-05-11,83.11,83.11,83.11,83.11,0.0
2015-05-12,84.64,84.64,84.64,84.64,0.0
2015-05-13,84.45,84.45,84.45,84.45,0.0
2015-05-14,82.34,82.34,82.34,82.34,0.0
2015-05-15,80.93,80.93,80.93,80.93,0.0
2015-05-18,82.06,82.06,82.06,82.06,0.0
2015-05-19,77.53,77.53,77.53,77.53,0.0
2015-05-20,77.03,77.03,77.03,77.03,0.0
2015-05-21,73.18,73.18,73.18,73.18,0.0
2015-05-22,75.98,75.98,75.98,75.98,0.0
2015-05-26,81.94,81.94,81.94,81.94,0.0
2015-05-27,77.79,77.79,77.79,77.79,0.0
2015-05-28,77.35,77.35,77.35,77.35,0.0
2015-05-29,79.07,79.07,79.07,79.07,0.0
2015-06-01,78.89,78.89,78.89,78.89,0.0
2015-06-02,80.61,80.61,80.61,80.61,0.0
2015-06-03,79.27,79.27,79.27,79.27,0.0
2015-06-04,87.99,87.99,87.99,87.99,0.0
2015-06-05,84.1,84.1,84.1,84.1,0.0
2015-06-08,86.5,86.5,86.5,86.5,0.0
2015-06-09,84.34,84.34,84.34,84.34,0.0
2015-06-10,81.6,81.6,81.6,81.6,0.0
2015-06-11,79.53,79.53,79.53,79.53,0.0
2015-06-12,85.55,85.55,85.55,85.55,0.0
2015-06-15,96.12,96.12,96.12,96.12,0.0
2015-06-16,95.96,95.96,95.96,95.96,0.0
2015-06-17,93.19,93.19,93.19,93.19,0.0
2015-06-18,89.2,89.2,89.2,89.2,0.0
2015-06-19,92.16,92.16,92.16,92.16,0.0
2015-06-22,83.87,83.87,83.87,83.87,0.0
2015-06-23,78.85,78.85,78.85,78.85,0.0
2015-06-24,82.53,82.53,82.53,82.53,0.0
2015-06-25,83.51,83.51,83.51,83.51,0.0
2015-06-26,83.09,83.09,83.09,83.09,0.0
2015-06-29,117.0,117.0,117.0,117.0,0.0
2015-06-30,110.17,110.17,110.17,110.17,0.0
2015-07-01,97.6,97.6,97.6,97.6,0.0
2015-07-02,105.14,105.14,105.14,105.14,0.0
2015-07-06,105.97,105.97,105.97,105.97,0.0
2015-07-07,99.35,99.35,99.35,99.35,0.0
2015-07-08,111.67,111.67,111.67,111.67,0.0
2015-07-09,115.36,115.36,115.36,115.36,0.0
2015-07-10,101.19,101.19,101.19,101.19,0.0
2015-07-13,85.95,85.95,85.95,85.95,0.0
2015-07-14,87.35,87.35,87.35,87.35,0.0
2015-07-15,90.81,90.81,90.81,90.81,0.0
2015-07-16,87.12,87.12,87.12,87.12,0.0
2015-07-17,85.32,85.32,85.32,85.32,0.0
2015-07-20,84.38,84.38,84.38,84.38,0.0
2015-07-21,82.56,82.56,82.56,82.56,0.0
2015-07-22,78.89,78.89,78.89,78.89,0.0
2015-07-23,81.44,81.44,81.44,81.44,0.0
2015-07-24,88.36,88.36,88.36,88.36,0.0
2015-07-27,97.32,97.32,97.32,97.32,0.0
2015-07-28,84.77,84.77,84.77,84.77,0.0
2015-07-29,82.94,82.94,82.94,82.94,0.0
2015-07-30,80.65,80.65,80.65,80.65,0.0
2015-07-31,81.77,81.77,81.77,81.77,0.0
2015-08-03,79.43,79.43,79.43,79.43,0.0
2015-08-04,80.82,80.82,80.82,80.82,0.0
2015-08-05,80.1,80.1,80.1,80.1,0.0
2015-08-06,84.36,84.36,84.36,84.36,0.0
2015-08-07,82.57,82.57,82.57,82.57,0.0
2015-08-10,80.21,80.21,80.21,80.21,0.0
2015-08-11,85.22,85.22,85.22,85.22,0.0
2015-08-12,88.13,88.13,88.13,88.13,0.0
2015-08-13,88.36,88.36,88.36,88.36,0.0
2015-08-14,89.38,89.38,89.38,89.38,0.0
2015-08-17,87.35,87.35,87.35,87.35,0.0
2015-08-18,88.84,88.84,88.84,88.84,0.0
2015-08-19,91.84,91.84,91.84,91.84,0.0
2015-08-20,108.75,108.75,108.75,108.75,0.0
2015-08-21,138.57,138.57,138.57,138.57,0.0
2015-08-24,168.75,168.75,168.75,168.75,0.0
2015-08-25,152.42,152.42,152.42,152.42,0.0
2015-08-26,134.31,134.31,134.31,134.31,0.0
2015-08-27,128.59,128.59,128.59,128.59,0.0
2015-08-28,127.18,127.18,127.18,127.18,0.0
2015-08-31,127.28,127.28,127.28,127.28,0.0
2015-09-01,128.94,128.94,128.94,128.94,0.0
2015-09-02,114.43,114.43,114.43,114.43,0.0
2015-09-03,118.16,118.16,118.16,118.16,0.0
2015-09-04,123.15,123.15,123.15,123.15,0.0
2015-09-08,117.62,117.62,117.62,117.62,0.0
2015-09-09,131.3,131.3,131.3,131.3,0.0
2015-09-10,127.06,127.06,127.06,127.06,0.0
2015-09-11,119.09,119.09,119.09,119.09,0.0
2015-09-14,118.01,118.01,118.01,118.01,0.0
2015-09-15,109.34,109.34,109.34,109.34,0.0
2015-09-16,107.02,107.02,107.02,107.02,0.0
2015-09-17,118.09,118.09,118.09,118.09,0.0
2015-09-18,116.26,116.26,116.26,116.26,0.0
2015-09-21,103.4,103.4,103.4,103.4,0.0
2015-09-22,111.36,111.36,111.36,111.36,0.0
2015-09-23,105.86,105.86,105.86,105.86,0.0
2015-09-24,110.12,110.12,110.12,110.12,0.0
2015-09-25,110.54,110.54,110.54,110.54,0.0
2015-09-28,115.31,115.31,115.31,115.31,0.0
2015-09-29,110.99,110.99,110.99,110.99,0.0
2015-09-30,103.28,103.28,103.28,103.28,0.0
2015-10-01,98.27,98.27,98.27,98.27,0.0
2015-10-02,95.07,95.07,95.07,95.07,0.0
2015-10-05,92.29,92.29,92.29,92.29,0.0
2015-10-06,92.46,92.46,92.46,92.46,0.0
2015-10-07,89.43,89.43,89.43,89.43,0.0
2015-10-08,88.42,88.42,88.42,88.42,0.0
2015-10-09,89.08,89.08,89.08,89.08,0.0
2015-10-12,88.27,88.27,88.27,88.27,0.0
2015-10-13,98.35,98.35,98.35,98.35,0.0
2015-10-14,102.29,102.29,102.29,102.29,0.0
2015-10-15,96.61,96.61,96.61,96.61,0.0
2015-10-16,97.58,97.58,97.58,97.58,0.0
2015-10-19,94.38,94.38,94.38,94.38,0.0
2015-10-20,97.11,97.11,97.11,97.11,0.0
2015-10-21,106.02,106.02,106.02,106.02,0.0
2015-10-22,97.07,97.07,97.07,97.07,0.0
2015-10-23,97.21,97.21,97.21,97.21,0.0
2015-10-26,98.1,98.1,98.1,98.1,0.0
2015-10-27,95.21,95.21,95.21,95.21,0.0
2015-10-28,88.28,88.28,88.28,88.28,0.0
2015-10-29,88.6,88.6,88.6,88.6,0.0
2015-10-30,90.27,90.27,90.27,90.27,0.0
2015-11-02,86.75,86.75,86.75,86.75,0.0
2015-11-03,87.34,87.34,87.34,87.34,0.0
2015-11-04,89.46,89.46,89.46,89.46,0.0
2015-11-05,87.68,87.68,87.68,87.68,0.0
2015-11-06,85.03,85.03,85.03,85.03,0.0
2015-11-09,92.97,92.97,92.97,92.97,0.0
2015-11-10,86.96,86.96,86.96,86.96,0.0
2015-11-11,91.25,91.25,91.25,91.25,0.0
2015-11-12,98.19,98.19,98.19,98.19,0.0
2015-11-13,106.06,106.06,106.06,106.06,0.0
2015-11-16,96.71,96.71,96.71,96.71,0.0
2015-11-17,100.37,100.37,100.37,100.37,0.0
2015-11-18,93.47,93.47,93.47,93.47,0.0
2015-11-19,96.18,96.18,96.18,96.18,0.0
2015-11-20,90.79,90.79,90.79,90.79,0.0
2015-11-23,88.55,88.55,88.55,88.55,0.0
2015-11-24,89.64,89.64,89.64,89.64,0.0
2015-11-25,86.14,86.14,86.14,86.14,0.0
2015-11-27,88.35,88.35,88.35,88.35,0.0
2015-11-30,90.84,90.84,90.84,90.84,0.0
2015-12-01,87.32,87.32,87.32,87.32,0.0
2015-12-02,92.94,92.94,92.94,92.94,0.0
2015-12-03,101.8,101.8,101.8,101.8,0.0
2015-12-04,89.19,89.19,89.19,89.19,0.0
2015-12-07,94.3,94.3,94.3,94.3,0.0
2015-12-08,99.16,99.16,99.16,99.16,0.0
2015-12-09,113.83,113.83,113.83,113.83,0.0
2015-12-10,113.8,113.8,113.8,113.8,0.0
2015-12-11,131.09,131.09,131.09,131.09,0.0
2015-12-14,122.22,122.22,122.22,122.22,0.0
2015-12-15,114.37,114.37,114.37,114.37,0.0
2015-12-16,108.93,108.93,108.93,108.93,0.0
2015-12-17,113.52,113.52,113.52,113.52,0.0
2015-12-18,118.32,118.32,118.32,118.32,0.0
2015-12-21,109.44,109.44,109.44,109.44,0.0
2015-12-22,100.91,100.91,100.91,100.91,0.0
2015-12-23,99.61,99.61,99.61,99.61,0.0
2015-12-24,99.88,99.88,99.88,99.88,0.0
2015-12-28,99.24,99.24,99.24,99.24,0.0
2015-12-29,95.13,95.13,95.13,95.13,0.0
2015-12-30,100.82,100.82,100.82,100.82,0.0
2015-12-31,100.2,100.2,100.2,100.2,0.0
2016-01-04,107.69,107.69,107.69,107.69,0.0
2016-01-05,101.84,101.84,101.84,101.84,0.0
2016-01-06,103.06,103.06,103.06,103.06,0.0
2016-01-07,116.55,116.55,116.55,116.55,0.0
2016-01-08,116.46,116.46,116.46,116.46,0.0
2016-01-11,109.63,109.63,109.63,109.63,0.0
2016-01-12,104.52,104.52,104.52,104.52,0.0
2016-01-13,117.14,117.14,117.14,117.14,0.0
2016-01-14,110.07,110.07,110.07,110.07,0.0
2016-01-15,116.41,116.41,116.41,116.41,0.0
2016-01-19,113.76,113.76,113.76,113.76,0.0
2016-01-20,112.88,112.88,112.88,112.88,0.0
2016-01-21,108.38,108.38,108.38,108.38,0.0
2016-01-22,98.92,98.92,98.92,98.92,0.0
2016-01-25,102.88,102.88,102.88,102.88,0.0
2016-01-26,98.4,98.4,98.4,98.4,0.0
2016-01-27,100.04,100.04,100.04,100.04,0.0
2016-01-28,96.56,96.56,96.56,96.56,0.0
2016-01-29,89.95,89.95,89.95,89.95,0.0
2016-02-01,89.65,89.65,89.65,89.65,0.0
2016-02-02,97.6,97.6,97.6,97.6,0.0
2016-02-03,97.32,97.32,97.32,97.32,0.0
2016-02-04,95.22,95.22,95.22,95.22,0.0
2016-02-05,100.55,100.55,100.55,100.55,0.0
2016-02-08,104.53,104.53,104.53,104.53,0.0
2016-02-09,103.06,103.06,103.06,103.06,0.0
2016-02-10,106.19,106.19,106.19,106.19,0.0
2016-02-11,107.21,107.21,107.21,107.21,0.0
2016-02-12,103.25,103.25,103.25,103.25,0.0
2016-02-16,94.2,94.2,94.2,94.2,0.0
2016-02-17,88.96,88.96,88.96,88.96,0.0
2016-02-18,87.53,87.53,87.53,87.53,0.0
2016-02-19,86.25,86.25,86.25,86.25,0.0
2016-02-22,86.19,86.19,86.19,86.19,0.0
2016-02-23,89.67,89.67,89.67,89.67,0.0
2016-02-24,86.74,86.74,86.74,86.74,0.0
2016-02-25,83.51,83.51,83.51,83.51,0.0
2016-02-26,83.72,83.72,83.72,83.72,0.0
2016-02-29,85.06,85.06,85.06,85.06,0.0
2016-03-01,79.45,79.45,79.45,79.45,0.0
2016-03-02,78.84,78.84,78.84,78.84,0.0
2016-03-03,79.41,79.41,79.41,79.41,0.0
2016-03-04,81.97,81.97,81.97,81.97,0.0
2016-03-07,82.3,82.3,82.3,82.3,0.0
2016-03-08,87.46,87.46,87.46,87.46,0.0
2016-03-09,92.86,92.86,92.86,92.86,0.0
2016-03-10,94.77,94.77,94.77,94.77,0.0
2016-03-11,92.35,92.35,92.35,92.35,0.0
2016-03-14,89.74,89.74,89.74,89.74,0.0
2016-03-15,90.34,90.34,90.34,90.34,0.0
2016-03-16,84.37,84.37,84.37,84.37,0.0
2016-03-17,84.71,84.71,84.71,84.71,0.0
2016-03-18,86.2,86.2,86.2,86.2,0.0
2016-03-21,87.78,87.78,87.78,87.78,0.0
2016-03-22,85.04,85.04,85.04,85.04,0.0
2016-03-23,86.06,86.06,86.06,86.06,0.0
2016-03-24,84.2,84.2,84.2,84.2,0.0
2016-03-28,83.29,83.29,83.29,83.29,0.0
2016-03-29,81.39,81.39,81.39,81.39,0.0
2016-03-30,80.33,80.33,80.33,80.33,0.0
2016-03-31,82.94,82.94,82.94,82.94,0.0
2016-04-01,81.57,81.57,81.57,81.57,0.0
2016-04-04,84.43,84.43,84.43,84.43,0.0
2016-04-05,89.11,89.11,89.11,89.11,0.0
2016-04-06,85.59,85.59,85.59,85.59,0.0
2016-04-07,92.74,92.74,92.74,92.74,0.0
2016-04-08,89.73,89.73,89.73,89.73,0.0
2016-04-11,92.81,92.81,92.81,92.81,0.0
2016-04-12,89.78,89.78,89.78,89.78,0.0
2016-04-13,87.89,87.89,87.89,87.89,0.0
2016-04-14,87.92,87.92,87.92,87.92,0.0
2016-04-15,90.27,90.27,90.27,90.27,0.0
2016-04-18,86.57,86.57,86.57,86.57,0.0
2016-04-19,86.98,86.98,86.98,86.98,0.0
2016-04-20,87.97,87.97,87.97,87.97,0.0
2016-04-21,87.07,87.07,87.07,87.07,0.0
2016-04-22,84.1,84.1,84.1,84.1,0.0
2016-04-25,85.77,85.77,85.77,85.77,0.0
2016-04-26,84.51,84.51,84.51,84.51,0.0
2016-04-27,83.1,83.1,83.1,83.1,0.0
2016-04-28,87.36,87.36,87.36,87.36,0.0
2016-04-29,91.68,91.68,91.68,91.68,0.0
2016-05-02,89.49,89.49,89.49,89.49,0.0
2016-05-03,91.66,91.66,91.66,91.66,0.0
2016-05-04,91.86,91.86,91.86,91.86,0.0
2016-05-05,91.58,91.58,91.58,91.58,0.0
2016-05-06,88.86,88.86,88.86,88.86,0.0
2016-05-09,86.42,86.42,86.42,86.42,0.0
2016-05-10,85.92,85.92,85.92,85.92,0.0
2016-05-11,91.53,91.53,91.53,91.53,0.0
2016-05-12,91.25,91.25,91.25,91.25,0.0
2016-05-13,94.0,94.0,94.0,94.0,0.0
2016-05-16,90.61,90.61,90.61,90.61,0.0
2016-05-17,91.76,91.76,91.76,91.76,0.0
2016-05-18,89.99,89.99,89.99,89.99,0.0
2016-05-19,90.46,90.46,90.46,90.46,0.0
2016-05-20,85.46,85.46,85.46,85.46,0.0
2016-05-23,84.12,84.12,84.12,84.12,0.0
2016-05-24,79.48,79.48,79.48,79.48,0.0
2016-05-25,78.54,78.54,78.54,78.54,0.0
2016-05-26,77.48,77.48,77.48,77.48,0.0
2016-05-27,76.17,76.17,76.17,76.17,0.0
2016-05-31,79.43,79.43,79.43,79.43,0.0
2016-06-01,78.93,78.93,78.93,78.93,0.0
2016-06-02,79.54,79.54,79.54,79.54,0.0
2016-06-03,79.08,79.08,79.08,79.08,0.0
2016-06-06,80.71,80.71,80.71,80.71,0.0
2016-06-07,82.3,82.3,82.3,82.3,0.0
2016-06-08,86.61,86.61,86.61,86.61,0.0
2016-06-09,89.98,89.98,89.98,89.98,0.0
2016-06-10,103.78,103.78,103.78,103.78,0.0
2016-06-13,124.56,124.56,124.56,124.56,0.0
2016-06-14,116.44,116.44,116.44,116.44,0.0
2016-06-15,114.23,114.23,114.23,114.23,0.0
2016-06-16,115.47,115.47,115.47,115.47,0.0
2016-06-17,115.72,115.72,115.72,115.72,0.0
2016-06-20,112.4,112.4,112.4,112.4,0.0
2016-06-21,113.46,113.46,113.46,113.46,0.0
2016-06-22,122.94,122.94,122.94,122.94,0.0
2016-06-23,104.71,104.71,104.71,104.71,0.0
2016-06-24,125.13,125.13,125.13,125.13,0.0
2016-06-27,115.6,115.6,115.6,115.6,0.0
2016-06-28,108.0,108.0,108.0,108.0,0.0
2016-06-29,98.6,98.6,98.6,98.6,0.0
2016-06-30,94.23,94.23,94.23,94.23,0.0
2016-07-01,91.7,91.7,91.7,91.7,0.0
2016-07-05,91.85,91.85,91.85,91.85,0.0
2016-07-06,89.24,89.24,89.24,89.24,0.0
2016-07-07,89.5,89.5,89.5,89.5,0.0
2016-07-08,84.72,84.72,84.72,84.72,0.0
2016-07-11,84.78,84.78,84.78,84.78,0.0
2016-07-12,84.98,84.98,84.98,84.98,0.0
2016-07-13,84.18,84.18,84.18,84.18,0.0
2016-07-14,86.03,86.03,86.03,86.03,0.0
2016-07-15,89.04,89.04,89.04,89.04,0.0
2016-07-18,87.2,87.2,87.2,87.2,0.0
2016-07-19,89.03,89.03,89.03,89.03,0.0
2016-07-20,87.09,87.09,87.09,87.09,0.0
2016-07-21,92.84,92.84,92.84,92.84,0.0
2016-07-22,89.51,89.51,89.51,89.51,0.0
2016-07-25,91.95,91.95,91.95,91.95,0.0
2016-07-26,91.44,91.44,91.44,91.44,0.0
2016-07-27,91.23,91.23,91.23,91.23,0.0
2016-07-28,89.81,89.81,89.81,89.81,0.0
2016-07-29,90.84,90.84,90.84,90.84,0.0
2016-08-01,90.68,90.68,90.68,90.68,0.0
2016-08-02,93.89,93.89,93.89,93.89,0.0
2016-08-03,88.59,88.59,88.59,88.59,0.0
2016-08-04,88.14,88.14,88.14,88.14,0.0
2016-08-05,85.23,85.23,85.23,85.23,0.0
2016-08-08,84.5,84.5,84.5,84.5,0.0
2016-08-09,86.65,86.65,86.65,86.65,0.0
2016-08-10,89.4,89.4,89.4,89.4,0.0
2016-08-11,97.36,97.36,97.36,97.36,0.0
2016-08-12,94.49,94.49,94.49,94.49,0.0
2016-08-15,91.67,91.67,91.67,91.67,0.0
2016-08-16,91.86,91.86,91.86,91.86,0.0
2016-08-17,84.84,84.84,84.84,84.84,0.0
2016-08-18,82.83,82.83,82.83,82.83,0.0
2016-08-19,82.44,82.44,82.44,82.44,0.0
2016-08-22,83.13,83.13,83.13,83.13,0.0
2016-08-23,83.45,83.45,83.45,83.45,0.0
2016-08-24,85.37,85.37,85.37,85.37,0.0
2016-08-25,85.43,85.43,85.43,85.43,0.0
2016-08-26,88.62,88.62,88.62,88.62,0.0
2016-08-29,85.83,85.83,85.83,85.83,0.0
2016-08-30,84.44,84.44,84.44,84.44,0.0
2016-08-31,84.87,84.87,84.87,84.87,0.0
2016-09-01,84.9,84.9,84.9,84.9,0.0
2016-09-02,81.35,81.35,81.35,81.35,0.0
2016-09-06,82.14,82.14,82.14,82.14,0.0
2016-09-07,83.08,83.08,83.08,83.08,0.0
2016-09-08,85.57,85.57,85.57,85.57,0.0
2016-09-09,110.02,110.02,110.02,110.02,0.0
2016-09-12,99.53,99.53,99.53,99.53,0.0
2016-09-13,110.02,110.02,110.02,110.02,0.0
2016-09-14,113.15,113.15,113.15,113.15,0.0
2016-09-15,109.27,109.27,109.27,109.27,0.0
2016-09-16,102.59,102.59,102.59,102.59,0.0
2016-09-19,101.58,101.58,101.58,101.58,0.0
2016-09-20,101.98,101.98,101.98,101.98,0.0
2016-09-21,92.59,92.59,92.59,92.59,0.0
2016-09-22,89.22,89.22,89.22,89.22,0.0
2016-09-23,90.4,90.4,90.4,90.4,0.0
2016-09-26,96.24,96.24,96.24,96.24,0.0
2016-09-27,88.94,88.94,88.94,88.94,0.0
2016-09-28,87.55,87.55,87.55,87.55,0.0
2016-09-29,93.78,93.78,93.78,93.78,0.0
2016-09-30,91.42,91.42,91.42,91.42,0.0
2016-10-03,91.51,91.51,91.51,91.51,0.0
2016-10-04,89.94,89.94,89.94,89.94,0.0
2016-10-05,89.88,89.88,89.88,89.88,0.0
2016-10-06,89.86,89.86,89.86,89.86,0.0
2016-10-07,90.86,90.86,90.86,90.86,0.0
2016-10-10,90.66,90.66,90.66,90.66,0.0
2016-10-11,95.43,95.43,95.43,95.43,0.0
2016-10-12,102.02,102.02,102.02,102.02,0.0
2016-10-13,103.4,103.4,103.4,103.4,0.0
2016-10-14,101.01,101.01,101.01,101.01,0.0
2016-10-17,99.34,99.34,99.34,99.34,0.0
2016-10-18,96.87,96.87,96.87,96.87,0.0
2016-10-19,93.9,93.9,93.9,93.9,0.0
2016-10-20,89.72,89.72,89.72,89.72,0.0
2016-10-21,87.34,87.34,87.34,87.34,0.0
2016-10-24,85.81,85.81,85.81,85.81,0.0
2016-10-25,86.23,86.23,86.23,86.23,0.0
2016-10-26,86.9,86.9,86.9,86.9,0.0
2016-10-27,91.21,91.21,91.21,91.21,0.0
2016-10-28,99.44,99.44,99.44,99.44,0.0
2016-10-31,102.82,102.82,102.82,102.82,0.0
2016-11-01,108.26,108.26,108.26,108.26,0.0
2016-11-02,112.39,112.39,112.39,112.39,0.0
2016-11-03,120.24,120.24,120.24,120.24,0.0
2016-11-04,120.23,120.23,120.23,120.23,0.0
2016-11-07,107.84,107.84,107.84,107.84,0.0
2016-11-08,108.67,108.67,108.67,108.67,0.0
2016-11-09,96.14,96.14,96.14,96.14,0.0
2016-11-10,102.67,102.67,102.67,102.67,0.0
2016-11-11,97.22,97.22,97.22,97.22,0.0
2016-11-14,98.22,98.22,98.22,98.22,0.0
2016-11-15,91.77,91.77,91.77,91.77,0.0
2016-11-16,92.45,92.45,92.45,92.45,0.0
2016-11-17,87.58,87.58,87.58,87.58,0.0
2016-11-18,86.4,86.4,86.4,86.4,0.0
2016-11-21,80.75,80.75,80.75,80.75,0.0
2016-11-22,83.4,83.4,83.4,83.4,0.0
2016-11-23,82.45,82.45,82.45,82.45,0.0
2016-11-25,82.65,82.65,82.65,82.65,0.0
2016-11-28,86.17,86.17,86.17,86.17,0.0
2016-11-29,86.28,86.28,86.28,86.28,0.0
2016-11-30,88.99,88.99,88.99,88.99,0.0
2016-12-01,97.79,97.79,97.79,97.79,0.0
2016-12-02,98.07,98.07,98.07,98.07,0.0
2016-12-05,88.88,88.88,88.88,88.88,0.0
2016-12-06,88.12,88.12,88.12,88.12,0.0
2016-12-07,89.11,89.11,89.11,89.11,0.0
2016-12-08,91.27,91.27,91.27,91.27,0.0
2016-12-09,89.4,89.4,89.4,89.4,0.0
2016-12-12,91.87,91.87,91.87,91.87,0.0
2016-12-13,93.32,93.32,93.32,93.32,0.0
2016-12-14,96.82,96.82,96.82,96.82,0.0
2016-12-15,93.08,93.08,93.08,93.08,0.0
2016-12-16,93.79,93.79,93.79,93.79,0.0
2016-12-19,90.51,90.51,90.51,90.51,0.0
2016-12-20,88.26,88.26,88.26,88.26,0.0
2016-12-21,87.97,87.97,87.97,87.97,0.0
2016-12-22,89.72,89.72,89.72,89.72,0.0
2016-12-23,87.64,87.64,87.64,87.64,0.0
2016-12-27,86.37,86.37,86.37,86.37,0.0
2016-12-28,89.17,89.17,89.17,89.17,0.0
2016-12-29,88.87,88.87,88.87,88.87,0.0
2016-12-30,91.6,91.6,91.6,91.6,0.0
2017-01-03,85.37,85.37,85.37,85.37,0.0
2017-01-04,82.27,82.27,82.27,82.27,0.0
2017-01-05,81.33,81.33,81.33,81.33,0.0
2017-01-06,80.59,80.59,80.59,80.59,0.0
2017-01-09,83.47,83.47,83.47,83.47,0.0
2017-01-10,86.36,86.36,86.36,86.36,0.0
2017-01-11,86.72,86.72,86.72,86.72,0.0
2017-01-12,90.44,90.44,90.44,90.44,0.0
2017-01-13,92.9,92.9,92.9,92.9,0.0
2017-01-17,92.39,92.39,92.39,92.39,0.0
2017-01-18,87.06,87.06,87.06,87.06,0.0
2017-01-19,86.84,86.84,86.84,86.84,0.0
2017-01-20,83.63,83.63,83.63,83.63,0.0
2017-01-23,84.51,84.51,84.51,84.51,0.0
2017-01-24,79.05,79.05,79.05,79.05,0.0
2017-01-25,78.66,78.66,78.66,78.66,0.0
2017-01-26,79.65,79.65,79.65,79.65,0.0
2017-01-27,83.63,83.63,83.63,83.63,0.0
2017-01-30,92.04,92.04,92.04,92.04,0.0
2017-01-31,89.83,89.83,89.83,89.83,0.0
2017-02-01,87.75,87.75,87.75,87.75,0.0
2017-02-02,89.73,89.73,89.73,89.73,0.0
2017-02-03,88.97,88.97,88.97,88.97,0.0
2017-02-06,90.02,90.02,90.02,90.02,0.0
2017-02-07,89.61,89.61,89.61,89.61,0.0
2017-02-08,94.58,94.58,94.58,94.58,0.0
2017-02-09,89.59,89.59,89.59,89.59,0.0
2017-02-10,85.77,85.77,85.77,85.77,0.0
2017-02-13,80.84,80.84,80.84,80.84,0.0
2017-02-14,78.35,78.35,78.35,78.35,0.0
2017-02-15,81.12,81.12,81.12,81.12,0.0
2017-02-16,79.66,79.66,79.66,79.66,0.0
2017-02-17,81.25,81.25,81.25,81.25,0.0
2017-02-21,82.45,82.45,82.45,82.45,0.0
2017-02-22,81.53,81.53,81.53,81.53,0.0
2017-02-23,82.2,82.2,82.2,82.2,0.0
2017-02-24,83.31,83.31,83.31,83.31,0.0
2017-02-27,85.69,85.69,85.69,85.69,0.0
2017-02-28,88.08,88.08,88.08,88.08,0.0
2017-03-01,84.03,84.03,84.03,84.03,0.0
2017-03-02,83.61,83.61,83.61,83.61,0.0
2017-03-03,81.19,81.19,81.19,81.19,0.0
2017-03-06,81.44,81.44,81.44,81.44,0.0
2017-03-07,81.43,81.43,81.43,81.43,0.0
2017-03-08,82.5,82.5,82.5,82.5,0.0
2017-03-09,83.64,83.64,83.64,83.64,0.0
2017-03-10,80.27,80.27,80.27,80.27,0.0
2017-03-13,81.57,81.57,81.57,81.57,0.0
2017-03-14,85.88,85.88,85.88,85.88,0.0
2017-03-15,80.76,80.76,80.76,80.76,0.0
2017-03-16,75.96,75.96,75.96,75.96,0.0
2017-03-17,78.66,78.66,78.66,78.66,0.0
2017-03-20,77.16,77.16,77.16,77.16,0.0
2017-03-21,83.02,83.02,83.02,83.02,0.0
2017-03-22,83.8,83.8,83.8,83.8,0.0
2017-03-23,88.93,88.93,88.93,88.93,0.0
2017-03-24,89.74,89.74,89.74,89.74,0.0
2017-03-27,84.86,84.86,84.86,84.86,0.0
2017-03-28,79.27,79.27,79.27,79.27,0.0
2017-03-29,78.26,78.26,78.26,78.26,0.0
2017-03-30,77.87,77.87,77.87,77.87,0.0
2017-03-31,78.31,78.31,78.31,78.31,0.0
2017-04-03,82.96,82.96,82.96,82.96,0.0
2017-04-04,79.67,79.67,79.67,79.67,0.0
2017-04-05,86.59,86.59,86.59,86.59,0.0
2017-04-06,83.91,83.91,83.91,83.91,0.0
2017-04-07,89.39,89.39,89.39,89.39,0.0
2017-04-10,97.9,97.9,97.9,97.9,0.0
2017-04-11,103.74,103.74,103.74,103.74,0.0
2017-04-12,111.53,111.53,111.53,111.53,0.0
2017-04-13,115.54,115.54,115.54,115.54,0.0
2017-04-17,101.49,101.49,101.49,101.49,0.0
2017-04-18,99.52,99.52,99.52,99.52,0.0
2017-04-19,97.89,97.89,97.89,97.89,0.0
2017-04-20,94.53,94.53,94.53,94.53,0.0
2017-04-21,95.41,95.41,95.41,95.41,0.0
2017-04-24,78.17,78.17,78.17,78.17,0.0
2017-04-25,75.64,75.64,75.64,75.64,0.0
2017-04-26,76.64,76.64,76.64,76.64,0.0
2017-04-27,76.66,76.66,76.66,76.66,0.0
2017-04-28,77.09,77.09,77.09,77.09,0.0
2017-05-01,78.33,78.33,78.33,78.33,0.0
2017-05-02,79.33,79.33,79.33,79.33,0.0
2017-05-03,78.77,78.77,78.77,78.77,0.0
2017-05-04,78.0,78.0,78.0,78.0,0.0
2017-05-05,80.65,80.65,80.65,80.65,0.0
2017-05-08,81.38,81.38,81.38,81.38,0.0
2017-05-09,83.63,83.63,83.63,83.63,0.0
2017-05-10,87.49,87.49,87.49,87.49,0.0
2017-05-11,86.51,86.51,86.51,86.51,0.0
2017-05-12,82.5,82.5,82.5,82.5,0.0
2017-05-15,79.53,79.53,79.53,79.53,0.0
2017-05-16,76.76,76.76,76.76,76.76,0.0
2017-05-17,111.48,111.48,111.48,111.48,0.0
2017-05-18,104.12,104.12,104.12,104.12,0.0
2017-05-19,87.21,87.21,87.21,87.21,0.0
2017-05-22,83.47,83.47,83.47,83.47,0.0
2017-05-23,84.19,84.19,84.19,84.19,0.0
2017-05-24,81.91,81.91,81.91,81.91,0.0
2017-05-25,82.2,82.2,82.2,82.2,0.0
2017-05-26,81.81,81.81,81.81,81.81,0.0
2017-05-30,84.3,84.3,84.3,84.3,0.0
2017-05-31,84.52,84.52,84.52,84.52,0.0
2017-06-01,83.83,83.83,83.83,83.83,0.0
2017-06-02,83.62,83.62,83.62,83.62,0.0
2017-06-05,86.08,86.08,86.08,86.08,0.0
2017-06-06,89.15,89.15,89.15,89.15,0.0
2017-06-07,88.22,88.22,88.22,88.22,0.0
2017-06-08,83.28,83.28,83.28,83.28,0.0
2017-06-09,87.41,87.41,87.41,87.41,0.0
2017-06-12,91.21,91.21,91.21,91.21,0.0
2017-06-13,86.66,86.66,86.66,86.66,0.0
2017-06-14,89.97,89.97,89.97,89.97,0.0
2017-06-15,89.95,89.95,89.95,89.95,0.0
2017-06-16,87.0,87.0,87.0,87.0,0.0
2017-06-19,85.27,85.27,85.27,85.27,0.0
2017-06-20,89.19,89.19,89.19,89.19,0.0
2017-06-21,88.07,88.07,88.07,88.07,0.0
2017-06-22,86.38,86.38,86.38,86.38,0.0
2017-06-23,84.52,84.52,84.52,84.52,0.0
2017-06-26,81.94,81.94,81.94,81.94,0.0
2017-06-27,87.3,87.3,87.3,87.3,0.0
2017-06-28,84.24,84.24,84.24,84.24,0.0
2017-06-29,93.78,93.78,93.78,93.78,0.0
2017-06-30,90.43,90.43,90.43,90.43,0.0
2017-07-03,93.31,93.31,93.31,93.31,0.0
2017-07-05,91.98,91.98,91.98,91.98,0.0
2017-07-06,100.21,100.21,100.21,100.21,0.0
2017-07-07,92.5,92.5,92.5,92.5,0.0
2017-07-10,89.69,89.69,89.69,89.69,0.0
2017-07-11,88.23,88.23,88.23,88.23,0.0
2017-07-12,88.19,88.19,88.19,88.19,0.0
2017-07-13,85.68,85.68,85.68,85.68,0.0
2017-07-14,82.2,82.2,82.2,82.2,0.0
2017-07-17,80.27,80.27,80.27,80.27,0.0
2017-07-18,79.14,79.14,79.14,79.14,0.0
2017-07-19,77.96,77.96,77.96,77.96,0.0
2017-07-20,76.26,76.26,76.26,76.26,0.0
2017-07-21,77.86,77.86,77.86,77.86,0.0
2017-07-24,78.24,78.24,78.24,78.24,0.0
2017-07-25,79.17,79.17,79.17,79.17,0.0
2017-07-26,82.34,82.34,82.34,82.34,0.0
2017-07-27,86.87,86.87,86.87,86.87,0.0
2017-07-28,87.2,87.2,87.2,87.2,0.0
2017-07-31,86.76,86.76,86.76,86.76,0.0
2017-08-01,84.55,84.55,84.55,84.55,0.0
2017-08-02,86.89,86.89,86.89,86.89,0.0
2017-08-03,87.66,87.66,87.66,87.66,0.0
2017-08-04,87.39,87.39,87.39,87.39,0.0
2017-08-07,90.01,90.01,90.01,90.01,0.0
2017-08-08,98.68,98.68,98.68,98.68,0.0
2017-08-09,106.77,106.77,106.77,106.77,0.0
2017-08-10,135.32,135.32,135.32,135.32,0.0
2017-08-11,127.43,127.43,127.43,127.43,0.0
2017-08-14,100.6,100.6,100.6,100.6,0.0
2017-08-15,96.71,96.71,96.71,96.71,0.0
2017-08-16,94.82,94.82,94.82,94.82,0.0
2017-08-17,117.77,117.77,117.77,117.77,0.0
2017-08-18,114.39,114.39,114.39,114.39,0.0
2017-08-21,101.39,101.39,101.39,101.39,0.0
2017-08-22,92.7,92.7,92.7,92.7,0.0
2017-08-23,98.96,98.96,98.96,98.96,0.0
2017-08-24,100.26,100.26,100.26,100.26,0.0
2017-08-25,95.53,95.53,95.53,95.53,0.0
2017-08-28,96.42,96.42,96.42,96.42,0.0
2017-08-29,98.79,98.79,98.79,98.79,0.0
2017-08-30,98.9,98.9,98.9,98.9,0.0
2017-08-31,94.86,94.86,94.86,94.86,0.0
2017-09-01,93.6,93.6,93.6,93.6,0.0
2017-09-05,102.66,102.66,102.66,102.66,0.0
2017-09-06,99.61,99.61,99.61,99.61,0.0
2017-09-07,96.29,96.29,96.29,96.29,0.0
2017-09-08,100.12,100.12,100.12,100.12,0.0
2017-09-11,93.66,93.66,93.66,93.66,0.0
2017-09-12,92.39,92.39,92.39,92.39,0.0
2017-09-13,90.89,90.89,90.89,90.89,0.0
2017-09-14,92.09,92.09,92.09,92.09,0.0
2017-09-15,90.63,90.63,90.63,90.63,0.0
2017-09-18,90.46,90.46,90.46,90.46,0.0
2017-09-19,91.22,91.22,91.22,91.22,0.0
2017-09-20,90.91,90.91,90.91,90.91,0.0
2017-09-21,92.32,92.32,92.32,92.32,0.0
2017-09-22,93.29,93.29,93.29,93.29,0.0
2017-09-25,96.4,96.4,96.4,96.4,0.0
2017-09-26,94.81,94.81,94.81,94.81,0.0
2017-09-27,95.36,95.36,95.36,95.36,0.0
2017-09-28,94.1,94.1,94.1,94.1,0.0
2017-09-29,93.14,93.14,93.14,93.14,0.0
2017-10-02,92.48,92.48,92.48,92.48,0.0
2017-10-03,91.59,91.59,91.59,91.59,0.0
2017-10-04,92.12,92.12,92.12,92.12,0.0
2017-10-05,91.79,91.79,91.79,91.79,0.0
2017-10-06,97.09,97.09,97.09,97.09,0.0
2017-10-09,101.83,101.83,101.83,101.83,0.0
2017-10-10,97.33,97.33,97.33,97.33,0.0
2017-10-11,99.22,99.22,99.22,99.22,0.0
2017-10-12,97.77,97.77,97.77,97.77,0.0
2017-10-13,97.8,97.8,97.8,97.8,0.0
2017-10-16,97.65,97.65,97.65,97.65,0.0
2017-10-17,98.74,98.74,98.74,98.74,0.0
2017-10-18,94.34,94.34,94.34,94.34,0.0
2017-10-19,93.33,93.33,93.33,93.33,0.0
2017-10-20,90.53,90.53,90.53,90.53,0.0
2017-10-23,97.09,97.09,97.09,97.09,0.0
2017-10-24,98.43,98.43,98.43,98.43,0.0
2017-10-25,100.16,100.16,100.16,100.16,0.0
2017-10-26,97.73,97.73,97.73,97.73,0.0
2017-10-27,92.78,92.78,92.78,92.78,0.0
2017-10-30,95.19,95.19,95.19,95.19,0.0
2017-10-31,92.01,92.01,92.01,92.01,0.0
2017-11-01,92.0,92.0,92.0,92.0,0.0
2017-11-02,91.48,91.48,91.48,91.48,0.0
2017-11-03,89.68,89.68,89.68,89.68,0.0
2017-11-06,91.25,91.25,91.25,91.25,0.0
2017-11-07,93.45,93.45,93.45,93.45,0.0
2017-11-08,97.74,97.74,97.74,97.74,0.0
2017-11-09,98.82,98.82,98.82,98.82,0.0
2017-11-10,104.76,104.76,104.76,104.76,0.0
2017-11-13,106.3,106.3,106.3,106.3,0.0
2017-11-14,103.18,103.18,103.18,103.18,0.0
2017-11-15,106.27,106.27,106.27,106.27,0.0
2017-11-16,100.15,100.15,100.15,100.15,0.0
2017-11-17,97.12,97.12,97.12,97.12,0.0
2017-11-20,93.76,93.76,93.76,93.76,0.0
2017-11-21,89.27,89.27,89.27,89.27,0.0
2017-11-22,86.42,86.42,86.42,86.42,0.0
2017-11-24,86.32,86.32,86.32,86.32,0.0
2017-11-27,86.58,86.58,86.58,86.58,0.0
2017-11-28,85.73,85.73,85.73,85.73,0.0
2017-11-29,89.57,89.57,89.57,89.57,0.0
2017-11-30,89.94,89.94,89.94,89.94,0.0
2017-12-01,95.03,95.03,95.03,95.03,0.0
2017-12-04,97.57,97.57,97.57,97.57,0.0
2017-12-05,97.95,97.95,97.95,97.95,0.0
2017-12-06,98.17,98.17,98.17,98.17,0.0
2017-12-07,95.83,95.83,95.83,95.83,0.0
2017-12-08,91.89,91.89,91.89,91.89,0.0
2017-12-11,92.06,92.06,92.06,92.06,0.0
2017-12-12,93.27,93.27,93.27,93.27,0.0
2017-12-13,95.56,95.56,95.56,95.56,0.0
2017-12-14,96.07,96.07,96.07,96.07,0.0
2017-12-15,92.2,92.2,92.2,92.2,0.0
2017-12-18,90.64,90.64,90.64,90.64,0.0
2017-12-19,93.58,93.58,93.58,93.58,0.0
2017-12-20,92.86,92.86,92.86,92.86,0.0
2017-12-21,92.21,92.21,92.21,92.21,0.0
2017-12-22,94.9,94.9,94.9,94.9,0.0
2017-12-26,97.56,97.56,97.56,97.56,0.0
2017-12-27,97.08,97.08,97.08,97.08,0.0
2017-12-28,97.25,97.25,97.25,97.25,0.0
2017-12-29,100.76,100.76,100.76,100.76,0.0
2018-01-02,97.36,97.36,97.36,97.36,0.0
2018-01-03,94.4,94.4,94.4,94.4,0.0
2018-01-04,94.21,94.21,94.21,94.21,0.0
2018-01-05,93.1,93.1,93.1,93.1,0.0
2018-01-08,93.97,93.97,93.97,93.97,0.0
2018-01-09,94.74,94.74,94.74,94.74,0.0
2018-01-10,93.7,93.7,93.7,93.7,0.0
2018-01-11,92.24,92.24,92.24,92.24,0.0
2018-01-12,92.22,92.22,92.22,92.22,0.0
2018-01-16,106.49,106.49,106.49,106.49,0.0
2018-01-17,102.46,102.46,102.46,102.46,0.0
2018-01-18,103.68,103.68,103.68,103.68,0.0
2018-01-19,101.59,101.59,101.59,101.59,0.0
2018-01-22,99.68,99.68,99.68,99.68,0.0
2018-01-23,98.59,98.59,98.59,98.59,0.0
2018-01-24,99.77,99.77,99.77,99.77,0.0
2018-01-25,101.78,101.78,101.78,101.78,0.0
2018-01-26,98.65,98.65,98.65,98.65,0.0
2018-01-29,110.01,110.01,110.01,110.01,0.0
2018-01-30,113.48,113.48,113.48,113.48,0.0
2018-01-31,108.41,108.41,108.41,108.41,0.0
2018-02-01,105.77,105.77,105.77,105.77,0.0
2018-02-02,125.51,125.51,125.51,125.51,0.0
2018-02-05,177.34,177.34,177.34,177.34,0.0
2018-02-06,161.12,161.12,161.12,161.12,0.0
2018-02-07,159.03,159.03,159.03,159.03,0.0
2018-02-08,180.61,180.61,180.61,180.61,0.0
2018-02-09,167.28,167.28,167.28,167.28,0.0
2018-02-12,140.8,140.8,140.8,140.8,0.0
2018-02-13,136.58,136.58,136.58,136.58,0.0
2018-02-14,124.49,124.49,124.49,124.49,0.0
2018-02-15,122.76,122.76,122.76,122.76,0.0
2018-02-16,121.2,121.2,121.2,121.2,0.0
2018-02-20,122.58,122.58,122.58,122.58,0.0
2018-02-21,125.73,125.73,125.73,125.73,0.0
2018-02-22,116.98,116.98,116.98,116.98,0.0
2018-02-23,110.19,110.19,110.19,110.19,0.0
2018-02-26,107.68,107.68,107.68,107.68,0.0
2018-02-27,119.5,119.5,119.5,119.5,0.0
2018-02-28,121.7,121.7,121.7,121.7,0.0
2018-03-01,128.14,128.14,128.14,128.14,0.0
2018-03-02,114.78,114.78,114.78,114.78,0.0
2018-03-05,109.66,109.66,109.66,109.66,0.0
2018-03-06,104.61,104.61,104.61,104.61,0.0
2018-03-07,99.49,99.49,99.49,99.49,0.0
2018-03-08,96.92,96.92,96.92,96.92,0.0
2018-03-09,99.71,99.71,99.71,99.71,0.0
2018-03-12,104.94,104.94,104.94,104.94,0.0
2018-03-13,107.04,107.04,107.04,107.04,0.0
2018-03-14,110.29,110.29,110.29,110.29,0.0
2018-03-15,109.28,109.28,109.28,109.28,0.0
2018-03-16,106.49,106.49,106.49,106.49,0.0
2018-03-19,112.92,112.92,112.92,112.92,0.0
2018-03-20,107.13,107.13,107.13,107.13,0.0
2018-03-21,106.6,106.6,106.6,106.6,0.0
2018-03-22,125.12,125.12,125.12,125.12,0.0
2018-03-23,129.82,129.82,129.82,129.82,0.0
2018-03-26,113.08,113.08,113.08,113.08,0.0
2018-03-27,118.61,118.61,118.61,118.61,0.0
2018-03-28,114.02,114.02,114.02,114.02,0.0
2018-03-29,103.32,103.32,103.32,103.32,0.0
2018-04-02,111.67,111.67,111.67,111.67,0.0
2018-04-03,102.06,102.06,102.06,102.06,0.0
2018-04-04,95.44,95.44,95.44,95.44,0.0
2018-04-05,92.21,92.21,92.21,92.21,0.0
2018-04-06,98.6,98.6,98.6,98.6,0.0
2018-04-09,100.24,100.24,100.24,100.24,0.0
2018-04-10,98.21,98.21,98.21,98.21,0.0
2018-04-11,100.02,100.02,100.02,100.02,0.0
2018-04-12,98.08,98.08,98.08,98.08,0.0
2018-04-13,93.94,93.94,93.94,93.94,0.0
2018-04-16,93.22,93.22,93.22,93.22,0.0
2018-04-17,89.59,89.59,89.59,89.59,0.0
2018-04-18,92.41,92.41,92.41,92.41,0.0
2018-04-19,95.38,95.38,95.38,95.38,0.0
2018-04-20,99.21,99.21,99.21,99.21,0.0
2018-04-23,96.87,96.87,96.87,96.87,0.0
2018-04-24,100.81,100.81,100.81,100.81,0.0
2018-04-25,97.8,97.8,97.8,97.8,0.0
2018-04-26,90.71,90.71,90.71,90.71,0.0
2018-04-27,92.15,92.15,92.15,92.15,0.0
2018-04-30,94.3,94.3,94.3,94.3,0.0
2018-05-01,89.97,89.97,89.97,89.97,0.0
2018-05-02,93.79,93.79,93.79,93.79,0.0
2018-05-03,91.07,91.07,91.07,91.07,0.0
2018-05-04,88.12,88.12,88.12,88.12,0.0
2018-05-07,90.71,90.71,90.71,90.71,0.0
2018-05-08,89.5,89.5,89.5,89.5,0.0
2018-05-09,93.89,93.89,93.89,93.89,0.0
2018-05-10,93.02,93.02,93.02,93.02,0.0
2018-05-11,90.03,90.03,90.03,90.03,0.0
2018-05-14,92.62,92.62,92.62,92.62,0.0
2018-05-15,99.18,99.18,99.18,99.18,0.0
2018-05-16,94.79,94.79,94.79,94.79,0.0
2018-05-17,93.48,93.48,93.48,93.48,0.0
2018-05-18,94.76,94.76,94.76,94.76,0.0
2018-05-21,91.04,91.04,91.04,91.04,0.0
2018-05-22,90.47,90.47,90.47,90.47,0.0
2018-05-23,89.8,89.8,89.8,89.8,0.0
2018-05-24,90.64,90.64,90.64,90.64,0.0
2018-05-25,93.78,93.78,93.78,93.78,0.0
2018-05-29,108.67,108.67,108.67,108.67,0.0
2018-05-30,99.08,99.08,99.08,99.08,0.0
2018-05-31,100.63,100.63,100.63,100.63,0.0
2018-06-01,93.3,93.3,93.3,93.3,0.0
2018-06-04,90.83,90.83,90.83,90.83,0.0
2018-06-05,89.84,89.84,89.84,89.84,0.0
2018-06-06,88.12,88.12,88.12,88.12,0.0
2018-06-07,91.28,91.28,91.28,91.28,0.0
2018-06-08,93.49,93.49,93.49,93.49,0.0
2018-06-11,94.54,94.54,94.54,94.54,0.0
2018-06-12,95.71,95.71,95.71,95.71,0.0
2018-06-13,100.01,100.01,100.01,100.01,0.0
2018-06-14,98.21,98.21,98.21,98.21,0.0
2018-06-15,101.66,101.66,101.66,101.66,0.0
2018-06-18,99.87,99.87,99.87,99.87,0.0
2018-06-19,104.13,104.13,104.13,104.13,0.0
2018-06-20,98.51,98.51,98.51,98.51,0.0
2018-06-21,107.45,107.45,107.45,107.45,0.0
2018-06-22,102.49,102.49,102.49,102.49,0.0
2018-06-25,114.32,114.32,114.32,114.32,0.0
2018-06-26,107.52,107.52,107.52,107.52,0.0
2018-06-27,112.75,112.75,112.75,112.75,0.0
2018-06-28,108.88,108.88,108.88,108.88,0.0
2018-06-29,105.97,105.97,105.97,105.97,0.0
2018-07-02,104.8,104.8,104.8,104.8,0.0
2018-07-03,108.5,108.5,108.5,108.5,0.0
2018-07-05,103.22,103.22,103.22,103.22,0.0
2018-07-06,95.74,95.74,95.74,95.74,0.0
2018-07-09,94.16,94.16,94.16,94.16,0.0
2018-07-10,91.96,91.96,91.96,91.96,0.0
2018-07-11,104.5,104.5,104.5,104.5,0.0
2018-07-12,100.82,100.82,100.82,100.82,0.0
2018-07-13,99.81,99.81,99.81,99.81,0.0
2018-07-16,100.95,100.95,100.95,100.95,0.0
2018-07-17,98.56,98.56,98.56,98.56,0.0
2018-07-18,98.08,98.08,98.08,98.08,0.0
2018-07-19,100.58,100.58,100.58,100.58,0.0
2018-07-20,102.76,102.76,102.76,102.76,0.0
2018-07-23,102.04,102.04,102.04,102.04,0.0
2018-07-24,98.68,98.68,98.68,98.68,0.0
2018-07-25,94.2,94.2,94.2,94.2,0.0
2018-07-26,91.66,91.66,91.66,91.66,0.0
2018-07-27,97.15,97.15,97.15,97.15,0.0
2018-07-30,101.41,101.41,101.41,101.41,0.0
2018-07-31,94.13,94.13,94.13,94.13,0.0
2018-08-01,95.28,95.28,95.28,95.28,0.0
2018-08-02,91.66,91.66,91.66,91.66,0.0
2018-08-03,86.6,86.6,86.6,86.6,0.0
2018-08-06,84.66,84.66,84.66,84.66,0.0
2018-08-07,83.21,83.21,83.21,83.21,0.0
2018-08-08,84.42,84.42,84.42,84.42,0.0
2018-08-09,88.69,88.69,88.69,88.69,0.0
2018-08-10,99.07,99.07,99.07,99.07,0.0
2018-08-13,107.78,107.78,107.78,107.78,0.0
2018-08-14,100.34,100.34,100.34,100.34,0.0
2018-08-15,111.13,111.13,111.13,111.13,0.0
2018-08-16,103.49,103.49,103.49,103.49,0.0
2018-08-17,101.81,101.81,101.81,101.81,0.0
2018-08-20,100.77,100.77,100.77,100.77,0.0
2018-08-21,101.56,101.56,101.56,101.56,0.0
2018-08-22,95.72,95.72,95.72,95.72,0.0
2018-08-23,95.92,95.92,95.92,95.92,0.0
2018-08-24,93.95,93.95,93.95,93.95,0.0
2018-08-27,93.39,93.39,93.39,93.39,0.0
2018-08-28,92.31,92.31,92.31,92.31,0.0
2018-08-29,91.1,91.1,91.1,91.1,0.0
2018-08-30,95.11,95.11,95.11,95.11,0.0
2018-08-31,92.73,92.73,92.73,92.73,0.0
2018-09-04,95.23,95.23,95.23,95.23,0.0
2018-09-05,97.94,97.94,97.94,97.94,0.0
2018-09-06,101.36,101.36,101.36,101.36,0.0
2018-09-07,102.38,102.38,102.38,102.38,0.0
2018-09-10,100.38,100.38,100.38,100.38,0.0
2018-09-11,96.44,96.44,96.44,96.44,0.0
2018-09-12,97.24,97.24,97.24,97.24,0.0
2018-09-13,91.06,91.06,91.06,91.06,0.0
2018-09-14,88.07,88.07,88.07,88.07,0.0
2018-09-17,96.34,96.34,96.34,96.34,0.0
2018-09-18,92.49,92.49,92.49,92.49,0.0
2018-09-19,88.18,88.18,88.18,88.18,0.0
2018-09-20,87.31,87.31,87.31,87.31,0.0
2018-09-21,90.2,90.2,90.2,90.2,0.0
2018-09-24,91.51,91.51,91.51,91.51,0.0
2018-09-25,91.07,91.07,91.07,91.07,0.0
2018-09-26,91.56,91.56,91.56,91.56,0.0
2018-09-27,87.66,87.66,87.66,87.66,0.0
2018-09-28,87.31,87.31,87.31,87.31,0.0
2018-10-01,86.97,86.97,86.97,86.97,0.0
2018-10-02,88.12,88.12,88.12,88.12,0.0
2018-10-03,85.8,85.8,85.8,85.8,0.0
2018-10-04,99.44,99.44,99.44,99.44,0.0
2018-10-05,102.63,102.63,102.63,102.63,0.0
2018-10-08,102.74,102.74,102.74,102.74,0.0
2018-10-09,103.92,103.92,103.92,103.92,0.0
2018-10-10,135.61,135.61,135.61,135.61,0.0
2018-10-11,129.3,129.3,129.3,129.3,0.0
2018-10-12,124.81,124.81,124.81,124.81,0.0
2018-10-15,118.78,118.78,118.78,118.78,0.0
2018-10-16,111.78,111.78,111.78,111.78,0.0
2018-10-17,109.28,109.28,109.28,109.28,0.0
2018-10-18,116.82,116.82,116.82,116.82,0.0
2018-10-19,114.95,114.95,114.95,114.95,0.0
2018-10-22,112.15,112.15,112.15,112.15,0.0
2018-10-23,108.71,108.71,108.71,108.71,0.0
2018-10-24,118.58,118.58,118.58,118.58,0.0
2018-10-25,113.91,113.91,113.91,113.91,0.0
2018-10-26,110.49,110.49,110.49,110.49,0.0
2018-10-29,110.39,110.39,110.39,110.39,0.0
2018-10-30,106.08,106.08,106.08,106.08,0.0
2018-10-31,102.9,102.9,102.9,102.9,0.0
2018-11-01,99.57,99.57,99.57,99.57,0.0
2018-11-02,102.38,102.38,102.38,102.38,0.0
2018-11-05,101.83,101.83,101.83,101.83,0.0
2018-11-06,102.48,102.48,102.48,102.48,0.0
2018-11-07,95.75,95.75,95.75,95.75,0.0
2018-11-08,95.4,95.4,95.4,95.4,0.0
2018-11-09,100.55,100.55,100.55,100.55,0.0
2018-11-12,107.77,107.77,107.77,107.77,0.0
2018-11-13,105.32,105.32,105.32,105.32,0.0
2018-11-14,111.42,111.42,111.42,111.42,0.0
2018-11-15,107.38,107.38,107.38,107.38,0.0
2018-11-16,101.93,101.93,101.93,101.93,0.0
2018-11-19,107.13,107.13,107.13,107.13,0.0
2018-11-20,107.61,107.61,107.61,107.61,0.0
2018-11-21,100.27,100.27,100.27,100.27,0.0
2018-11-23,99.29,99.29,99.29,99.29,0.0
2018-11-26,92.17,92.17,92.17,92.17,0.0
2018-11-27,91.54,91.54,91.54,91.54,0.0
2018-11-28,93.55,93.55,93.55,93.55,0.0
2018-11-29,93.36,93.36,93.36,93.36,0.0
2018-11-30,93.59,93.59,93.59,93.59,0.0
2018-12-03,85.87,85.87,85.87,85.87,0.0
2018-12-04,96.57,96.57,96.57,96.57,0.0
2018-12-06,93.85,93.85,93.85,93.85,0.0
2018-12-07,96.49,96.49,96.49,96.49,0.0
2018-12-10,91.78,91.78,91.78,91.78,0.0
2018-12-11,89.77,89.77,89.77,89.77,0.0
2018-12-12,91.41,91.41,91.41,91.41,0.0
2018-12-13,93.0,93.0,93.0,93.0,0.0
2018-12-14,96.45,96.45,96.45,96.45,0.0
2018-12-17,101.55,101.55,101.55,101.55,0.0
2018-12-18,103.64,103.64,103.64,103.64,0.0
2018-12-19,105.05,105.05,105.05,105.05,0.0
2018-12-20,109.65,109.65,109.65,109.65,0.0
2018-12-21,106.61,106.61,106.61,106.61,0.0
2018-12-24,111.88,111.88,111.88,111.88,0.0
2018-12-26,97.32,97.32,97.32,97.32,0.0
2018-12-27,95.89,95.89,95.89,95.89,0.0
2018-12-28,91.24,91.24,91.24,91.24,0.0
2018-12-31,87.11,87.11,87.11,87.11,0.0
2019-01-02,81.66,81.66,81.66,81.66,0.0
2019-01-03,83.8,83.8,83.8,83.8,0.0
2019-01-04,84.44,84.44,84.44,84.44,0.0
2019-01-07,82.74,82.74,82.74,82.74,0.0
2019-01-08,82.41,82.41,82.41,82.41,0.0
2019-01-09,86.62,86.62,86.62,86.62,0.0
2019-01-10,86.35,86.35,86.35,86.35,0.0
2019-01-11,83.85,83.85,83.85,83.85,0.0
2019-01-14,83.01,83.01,83.01,83.01,0.0
2019-01-15,81.39,81.39,81.39,81.39,0.0
2019-01-16,83.34,83.34,83.34,83.34,0.0
2019-01-17,82.79,82.79,82.79,82.79,0.0
2019-01-18,82.49,82.49,82.49,82.49,0.0
2019-01-22,93.81,93.81,93.81,93.81,0.0
2019-01-23,88.45,88.45,88.45,88.45,0.0
2019-01-24,84.89,84.89,84.89,84.89,0.0
2019-01-25,83.38,83.38,83.38,83.38,0.0
2019-01-28,86.44,86.44,86.44,86.44,0.0
2019-01-29,86.84,86.84,86.84,86.84,0.0
2019-01-30,82.39,82.39,82.39,82.39,0.0
2019-01-31,79.24,79.24,79.24,79.24,0.0
2019-02-01,80.0,80.0,80.0,80.0,0.0
2019-02-04,77.36,77.36,77.36,77.36,0.0
2019-02-05,80.62,80.62,80.62,80.62,0.0
2019-02-06,84.99,84.99,84.99,84.99,0.0
2019-02-07,85.01,85.01,85.01,85.01,0.0
2019-02-08,82.7,82.7,82.7,82.7,0.0
2019-02-11,82.77,82.77,82.77,82.77,0.0
2019-02-12,81.63,81.63,81.63,81.63,0.0
2019-02-13,80.27,80.27,80.27,80.27,0.0
2019-02-14,81.64,81.64,81.64,81.64,0.0
2019-02-15,80.45,80.45,80.45,80.45,0.0
2019-02-19,78.64,78.64,78.64,78.64,0.0
2019-02-20,75.59,75.59,75.59,75.59,0.0
2019-02-21,76.64,76.64,76.64,76.64,0.0
2019-02-22,74.98,74.98,74.98,74.98,0.0
2019-02-25,79.35,79.35,79.35,79.35,0.0
2019-02-26,80.53,80.53,80.53,80.53,0.0
2019-02-27,80.37,80.37,80.37,80.37,0.0
2019-02-28,80.0,80.0,80.0,80.0,0.0
2019-03-01,79.27,79.27,79.27,79.27,0.0
2019-03-04,82.34,82.34,82.34,82.34,0.0
2019-03-05,82.46,82.46,82.46,82.46,0.0
2019-03-06,86.1,86.1,86.1,86.1,0.0
2019-03-07,88.7,88.7,88.7,88.7,0.0
2019-03-08,87.24,87.24,87.24,87.24,0.0
2019-03-11,81.23,81.23,81.23,81.23,0.0
2019-03-12,83.06,83.06,83.06,83.06,0.0
2019-03-13,82.76,82.76,82.76,82.76,0.0
2019-03-14,82.56,82.56,82.56,82.56,0.0
2019-03-15,82.94,82.94,82.94,82.94,0.0
2019-03-18,85.52,85.52,85.52,85.52,0.0
2019-03-19,87.36,87.36,87.36,87.36,0.0
2019-03-20,86.63,86.63,86.63,86.63,0.0
2019-03-21,83.89,83.89,83.89,83.89,0.0
2019-03-22,98.5,98.5,98.5,98.5,0.0
2019-03-25,97.2,97.2,97.2,97.2,0.0
2019-03-26,89.85,89.85,89.85,89.85,0.0
2019-03-27,91.34,91.34,91.34,91.34,0.0
2019-03-28,87.95,87.95,87.95,87.95,0.0
2019-03-29,85.82,85.82,85.82,85.82,0.0
2019-04-01,84.93,84.93,84.93,84.93,0.0
2019-04-02,83.28,83.28,83.28,83.28,0.0
2019-04-03,84.23,84.23,84.23,84.23,0.0
2019-04-04,82.15,82.15,82.15,82.15,0.0
2019-04-05,79.1,79.1,79.1,79.1,0.0
2019-04-08,81.86,81.86,81.86,81.86,0.0
2019-04-09,88.14,88.14,88.14,88.14,0.0
2019-04-10,89.49,89.49,89.49,89.49,0.0
2019-04-11,88.06,88.06,88.06,88.06,0.0
2019-04-12,84.98,84.98,84.98,84.98,0.0
2019-04-15,84.17,84.17,84.17,84.17,0.0
2019-04-16,83.58,83.58,83.58,83.58,0.0
2019-04-17,85.55,85.55,85.55,85.55,0.0
2019-04-18,84.41,84.41,84.41,84.41,0.0
2019-04-22,83.27,83.27,83.27,83.27,0.0
2019-04-23,81.43,81.43,81.43,81.43,0.0
2019-04-24,85.17,85.17,85.17,85.17,0.0
2019-04-25,86.94,86.94,86.94,86.94,0.0
2019-04-26,84.12,84.12,84.12,84.12,0.0
2019-04-29,86.08,86.08,86.08,86.08,0.0
2019-04-30,88.56,88.56,88.56,88.56,0.0
2019-05-01,95.75,95.75,95.75,95.75,0.0
2019-05-02,93.02,93.02,93.02,93.02,0.0
2019-05-03,86.23,86.23,86.23,86.23,0.0
2019-05-06,94.85,94.85,94.85,94.85,0.0
2019-05-07,111.54,111.54,111.54,111.54,0.0
2019-05-08,106.48,106.48,106.48,106.48,0.0
2019-05-09,102.92,102.92,102.92,102.92,0.0
2019-05-10,96.01,96.01,96.01,96.01,0.0
2019-05-13,105.6,105.6,105.6,105.6,0.0
2019-05-14,97.26,97.26,97.26,97.26,0.0
2019-05-15,94.53,94.53,94.53,94.53,0.0
2019-05-16,94.23,94.23,94.23,94.23,0.0
2019-05-17,99.12,99.12,99.12,99.12,0.0
2019-05-20,96.83,96.83,96.83,96.83,0.0
2019-05-21,92.38,92.38,92.38,92.38,0.0
2019-05-22,89.3,89.3,89.3,89.3,0.0
2019-05-23,94.98,94.98,94.98,94.98,0.0
2019-05-24,90.19,90.19,90.19,90.19,0.0
2019-05-28,95.08,95.08,95.08,95.08,0.0
2019-05-29,93.83,93.83,93.83,93.83,0.0
2019-05-30,92.78,92.78,92.78,92.78,0.0
2019-05-31,96.72,96.72,96.72,96.72,0.0
2019-06-03,96.03,96.03,96.03,96.03,0.0
2019-06-04,88.93,88.93,88.93,88.93,0.0
2019-06-05,86.72,86.72,86.72,86.72,0.0
2019-06-06,84.84,84.84,84.84,84.84,0.0
2019-06-07,86.0,86.0,86.0,86.0,0.0
2019-06-10,83.86,83.86,83.86,83.86,0.0
2019-06-11,84.95,84.95,84.95,84.95,0.0
2019-06-12,86.2,86.2,86.2,86.2,0.0
2019-06-13,84.73,84.73,84.73,84.73,0.0
2019-06-14,82.57,82.57,82.57,82.57,0.0
2019-06-17,83.48,83.48,83.48,83.48,0.0
2019-06-18,87.37,87.37,87.37,87.37,0.0
2019-06-19,84.58,84.58,84.58,84.58,0.0
2019-06-20,81.21,81.21,81.21,81.21,0.0
2019-06-21,83.14,83.14,83.14,83.14,0.0
2019-06-24,82.59,82.59,82.59,82.59,0.0
2019-06-25,85.16,85.16,85.16,85.16,0.0
2019-06-26,85.39,85.39,85.39,85.39,0.0
2019-06-27,86.52,86.52,86.52,86.52,0.0
2019-06-28,85.78,85.78,85.78,85.78,0.0
2019-07-01,79.58,79.58,79.58,79.58,0.0
2019-07-02,78.22,78.22,78.22,78.22,0.0
2019-07-03,80.04,80.04,80.04,80.04,0.0
2019-07-05,79.78,79.78,79.78,79.78,0.0
2019-07-08,83.66,83.66,83.66,83.66,0.0
2019-07-09,82.31,82.31,82.31,82.31,0.0
2019-07-10,85.97,85.97,85.97,85.97,0.0
2019-07-11,88.2,88.2,88.2,88.2,0.0
2019-07-12,86.14,86.14,86.14,86.14,0.0
2019-07-15,86.2,86.2,86.2,86.2,0.0
2019-07-16,88.25,88.25,88.25,88.25,0.0
2019-07-17,90.35,90.35,90.35,90.35,0.0
2019-07-18,84.04,84.04,84.04,84.04,0.0
2019-07-19,86.77,86.77,86.77,86.77,0.0
2019-07-22,81.22,81.22,81.22,81.22,0.0
2019-07-23,78.99,78.99,78.99,78.99,0.0
2019-07-24,83.89,83.89,83.89,83.89,0.0
2019-07-25,84.3,84.3,84.3,84.3,0.0
2019-07-26,83.11,83.11,83.11,83.11,0.0
2019-07-29,88.16,88.16,88.16,88.16,0.0
2019-07-30,91.58,91.58,91.58,91.58,0.0
2019-07-31,96.28,96.28,96.28,96.28,0.0
2019-08-01,105.47,105.47,105.47,105.47,0.0
2019-08-02,102.69,102.69,102.69,102.69,0.0
2019-08-05,114.4,114.4,114.4,114.4,0.0
2019-08-06,107.45,107.45,107.45,107.45,0.0
2019-08-07,104.27,104.27,104.27,104.27,0.0
2019-08-08,98.66,98.66,98.66,98.66,0.0
2019-08-09,101.52,101.52,101.52,101.52,0.0
2019-08-12,110.31,110.31,110.31,110.31,0.0
2019-08-13,102.21,102.21,102.21,102.21,0.0
2019-08-14,113.99,113.99,113.99,113.99,0.0
2019-08-15,112.26,112.26,112.26,112.26,0.0
2019-08-16,110.32,110.32,110.32,110.32,0.0
2019-08-19,101.22,101.22,101.22,101.22,0.0
2019-08-20,104.77,104.77,104.77,104.77,0.0
2019-08-21,98.03,98.03,98.03,98.03,0.0
2019-08-22,100.94,100.94,100.94,100.94,0.0
2019-08-23,111.37,111.37,111.37,111.37,0.0
2019-08-26,106.27,106.27,106.27,106.27,0.0
2019-08-27,106.49,106.49,106.49,106.49,0.0
2019-08-28,103.95,103.95,103.95,103.95,0.0
2019-08-29,99.8,99.8,99.8,99.8,0.0
2019-08-30,102.66,102.66,102.66,102.66,0.0
2019-09-03,102.19,102.19,102.19,102.19,0.0
2019-09-04,97.3,97.3,97.3,97.3,0.0
2019-09-05,95.51,95.51,95.51,95.51,0.0
2019-09-06,94.4,94.4,94.4,94.4,0.0
2019-09-09,94.5,94.5,94.5,94.5,0.0
2019-09-10,94.12,94.12,94.12,94.12,0.0
2019-09-11,97.79,97.79,97.79,97.79,0.0
2019-09-12,95.94,95.94,95.94,95.94,0.0
2019-09-13,98.93,98.93,98.93,98.93,0.0
2019-09-16,101.73,101.73,101.73,101.73,0.0
2019-09-17,101.67,101.67,101.67,101.67,0.0
2019-09-18,99.09,99.09,99.09,99.09,0.0
2019-09-19,97.3,97.3,97.3,97.3,0.0
2019-09-20,101.03,101.03,101.03,101.03,0.0
2019-09-23,97.6,97.6,97.6,97.6,0.0
2019-09-24,104.96,104.96,104.96,104.96,0.0
2019-09-25,99.68,99.68,99.68,99.68,0.0
2019-09-26,100.31,100.31,100.31,100.31,0.0
2019-09-27,103.2,103.2,103.2,103.2,0.0
2019-09-30,97.62,97.62,97.62,97.62,0.0
2019-10-01,102.74,102.74,102.74,102.74,0.0
2019-10-02,103.81,103.81,103.81,103.81,0.0
2019-10-03,98.2,98.2,98.2,98.2,0.0
2019-10-04,95.19,95.19,95.19,95.19,0.0
2019-10-07,97.04,97.04,97.04,97.04,0.0
2019-10-08,102.27,102.27,102.27,102.27,0.0
2019-10-09,101.25,101.25,101.25,101.25,0.0
2019-10-10,99.66,99.66,99.66,99.66,0.0
2019-10-11,97.7,97.7,97.7,97.7,0.0
2019-10-14,94.43,94.43,94.43,94.43,0.0
2019-10-15,93.98,93.98,93.98,93.98,0.0
2019-10-16,93.16,93.16,93.16,93.16,0.0
2019-10-17,90.27,90.27,90.27,90.27,0.0
2019-10-18,91.2,91.2,91.2,91.2,0.0
2019-10-21,87.29,87.29,87.29,87.29,0.0
2019-10-22,89.32,89.32,89.32,89.32,0.0
2019-10-23,87.59,87.59,87.59,87.59,0.0
2019-10-24,86.55,86.55,86.55,86.55,0.0
2019-10-25,83.82,83.82,83.82,83.82,0.0
2019-10-28,86.48,86.48,86.48,86.48,0.0
2019-10-29,87.75,87.75,87.75,87.75,0.0
2019-10-30,86.47,86.47,86.47,86.47,0.0
2019-10-31,88.92,88.92,88.92,88.92,0.0
2019-11-01,85.69,85.69,85.69,85.69,0.0
2019-11-04,88.75,88.75,88.75,88.75,0.0
2019-11-05,90.98,90.98,90.98,90.98,0.0
2019-11-06,89.59,89.59,89.59,89.59,0.0
2019-11-07,90.15,90.15,90.15,90.15,0.0
2019-11-08,89.06,89.06,89.06,89.06,0.0
2019-11-11,89.56,89.56,89.56,89.56,0.0
2019-11-12,90.35,90.35,90.35,90.35,0.0
2019-11-13,93.5,93.5,93.5,93.5,0.0
2019-11-14,93.45,93.45,93.45,93.45,0.0
2019-11-15,93.35,93.35,93.35,93.35,0.0
2019-11-18,93.99,93.99,93.99,93.99,0.0
2019-11-19,95.95,95.95,95.95,95.95,0.0
2019-11-20,95.36,95.36,95.36,95.36,0.0
2019-11-21,96.09,96.09,96.09,96.09,0.0
2019-11-22,94.4,94.4,94.4,94.4,0.0
2019-11-25,90.24,90.24,90.24,90.24,0.0
2019-11-26,89.88,89.88,89.88,89.88,0.0
2019-11-27,90.2,90.2,90.2,90.2,0.0
2019-11-29,91.05,91.05,91.05,91.05,0.0
2019-12-02,98.91,98.91,98.91,98.91,0.0
2019-12-03,102.65,102.65,102.65,102.65,0.0
2019-12-04,98.72,98.72,98.72,98.72,0.0
2019-12-05,98.12,98.12,98.12,98.12,0.0
2019-12-06,96.52,96.52,96.52,96.52,0.0
2019-12-09,101.89,101.89,101.89,101.89,0.0
2019-12-10,101.03,101.03,101.03,101.03,0.0
2019-12-11,104.82,104.82,104.82,104.82,0.0
2019-12-12,101.3,101.3,101.3,101.3,0.0
2019-12-13,96.61,96.61,96.61,96.61,0.0
2019-12-16,94.21,94.21,94.21,94.21,0.0
2019-12-17,98.56,98.56,98.56,98.56,0.0
2019-12-18,99.2,99.2,99.2,99.2,0.0
2019-12-19,97.25,97.25,97.25,97.25,0.0
2019-12-20,99.29,99.29,99.29,99.29,0.0
2019-12-23,99.82,99.82,99.82,99.82,0.0
2019-12-24,98.83,98.83,98.83,98.83,0.0
2019-12-26,97.46,97.46,97.46,97.46,0.0
2019-12-27,99.63,99.63,99.63,99.63,0.0
2019-12-30,100.02,100.02,100.02,100.02,0.0
2019-12-31,94.1,94.1,94.1,94.1,0.0
2020-01-02,89.67,89.67,89.67,89.67,0.0
2020-01-03,93.79,93.79,93.79,93.79,0.0
2020-01-06,92.66,92.66,92.66,92.66,0.0
2020-01-07,91.07,91.07,91.07,91.07,0.0
2020-01-08,90.21,90.21,90.21,90.21,0.0
2020-01-09,87.81,87.81,87.81,87.81,0.0
2020-01-10,88.33,88.33,88.33,88.33,0.0
2020-01-13,88.48,88.48,88.48,88.48,0.0
2020-01-14,86.87,86.87,86.87,86.87,0.0
2020-01-15,91.15,91.15,91.15,91.15,0.0
2020-01-16,90.38,90.38,90.38,90.38,0.0
2020-01-17,91.75,91.75,91.75,91.75,0.0
2020-01-21,92.98,92.98,92.98,92.98,0.0
2020-01-22,91.11,91.11,91.11,91.11,0.0
2020-01-23,92.54,92.54,92.54,92.54,0.0
2020-01-24,98.43,98.43,98.43,98.43,0.0
2020-01-27,107.39,107.39,107.39,107.39,0.0
2020-01-28,102.11,102.11,102.11,102.11,0.0
2020-01-29,99.07,99.07,99.07,99.07,0.0
2020-01-30,96.49,96.49,96.49,96.49,0.0
2020-01-31,105.6,105.6,105.6,105.6,0.0
2020-02-03,102.95,102.95,102.95,102.95,0.0
2020-02-04,96.18,96.18,96.18,96.18,0.0
2020-02-05,92.82,92.82,92.82,92.82,0.0
2020-02-06,93.61,93.61,93.61,93.61,0.0
2020-02-07,96.01,96.01,96.01,96.01,0.0
2020-02-10,96.81,96.81,96.81,96.81,0.0
2020-02-11,96.96,96.96,96.96,96.96,0.0
2020-02-12,96.65,96.65,96.65,96.65,0.0
2020-02-13,99.17,99.17,99.17,99.17,0.0
2020-02-14,98.17,98.17,98.17,98.17,0.0
2020-02-18,101.02,101.02,101.02,101.02,0.0
2020-02-19,95.92,95.92,95.92,95.92,0.0
2020-02-20,99.48,99.48,99.48,99.48,0.0
2020-02-21,104.86,104.86,104.86,104.86,0.0
2020-02-24,112.72,112.72,112.72,112.72,0.0
2020-02-25,121.01,121.01,121.01,121.01,0.0
2020-02-26,113.44,113.44,113.44,113.44,0.0
2020-02-27,118.0,118.0,118.0,118.0,0.0
2020-02-28,125.73,125.73,125.73,125.73,0.0
2020-03-02,114.69,114.69,114.69,114.69,0.0
2020-03-03,116.72,116.72,116.72,116.72,0.0
2020-03-04,113.97,113.97,113.97,113.97,0.0
2020-03-05,119.66,119.66,119.66,119.66,0.0
2020-03-06,127.16,127.16,127.16,127.16,0.0
2020-03-09,137.19,137.19,137.19,137.19,0.0
2020-03-10,138.82,138.82,138.82,138.82,0.0
2020-03-11,146.93,146.93,146.93,146.93,0.0
2020-03-12,155.05,155.05,155.05,155.05,0.0
2020-03-13,171.28,171.28,171.28,171.28,0.0
2020-03-16,207.59,207.59,207.59,207.59,0.0
2020-03-17,194.43,194.43,194.43,194.43,0.0
2020-03-18,181.33,181.33,181.33,181.33,0.0
2020-03-19,181.76,181.76,181.76,181.76,0.0
2020-03-20,187.18,187.18,187.18,187.18,0.0
2020-03-23,167.93,167.93,167.93,167.93,0.0
2020-03-24,171.91,171.91,171.91,171.91,0.0
2020-03-25,171.89,171.89,171.89,171.89,0.0
2020-03-26,169.58,169.58,169.58,169.58,0.0
2020-03-27,168.71,168.71,168.71,168.71,0.0
2020-03-30,157.66,157.66,157.66,157.66,0.0
2020-03-31,152.92,152.92,152.92,152.92,0.0
2020-04-01,156.99,156.99,156.99,156.99,0.0
2020-04-02,147.33,147.33,147.33,147.33,0.0
2020-04-03,143.52,143.52,143.52,143.52,0.0
2020-04-06,143.3,143.3,143.3,143.3,0.0
2020-04-07,134.45,134.45,134.45,134.45,0.0
2020-04-08,141.37,141.37,141.37,141.37,0.0
2020-04-09,137.75,137.75,137.75,137.75,0.0
2020-04-13,138.68,138.68,138.68,138.68,0.0
2020-04-14,131.78,131.78,131.78,131.78,0.0
2020-04-15,135.93,135.93,135.93,135.93,0.0
2020-04-16,129.55,129.55,129.55,129.55,0.0
2020-04-17,127.15,127.15,127.15,127.15,0.0
2020-04-20,132.04,132.04,132.04,132.04,0.0
2020-04-21,132.22,132.22,132.22,132.22,0.0
2020-04-22,124.1,124.1,124.1,124.1,0.0
2020-04-23,121.86,121.86,121.86,121.86,0.0
2020-04-24,119.88,119.88,119.88,119.88,0.0
2020-04-27,120.56,120.56,120.56,120.56,0.0
2020-04-28,117.79,117.79,117.79,117.79,0.0
2020-04-29,115.98,115.98,115.98,115.98,0.0
2020-04-30,118.53,118.53,118.53,118.53,0.0
2020-05-01,122.15,122.15,122.15,122.15,0.0
2020-05-04,121.25,121.25,121.25,121.25,0.0
2020-05-05,118.87,118.87,118.87,118.87,0.0
2020-05-06,119.16,119.16,119.16,119.16,0.0
2020-05-07,115.83,115.83,115.83,115.83,0.0
2020-05-08,115.65,115.65,115.65,115.65,0.0
2020-05-11,118.71,118.71,118.71,118.71,0.0
2020-05-12,130.75,130.75,130.75,130.75,0.0
2020-05-13,142.75,142.75,142.75,142.75,0.0
2020-05-14,137.05,137.05,137.05,137.05,0.0
2020-05-15,133.02,133.02,133.02,133.02,0.0
2020-05-18,125.9,125.9,125.9,125.9,0.0
2020-05-19,125.6,125.6,125.6,125.6,0.0
2020-05-20,120.04,120.04,120.04,120.04,0.0
2020-05-21,122.08,122.08,122.08,122.08,0.0
2020-05-22,118.38,118.38,118.38,118.38,0.0
2020-05-26,113.59,113.59,113.59,113.59,0.0
2020-05-27,109.82,109.82,109.82,109.82,0.0
2020-05-28,108.99,108.99,108.99,108.99,0.0
2020-05-29,105.6,105.6,105.6,105.6,0.0
2020-06-01,106.47,106.47,106.47,106.47,0.0
2020-06-02,104.83,104.83,104.83,104.83,0.0
2020-06-03,106.85,106.85,106.85,106.85,0.0
2020-06-04,109.88,109.88,109.88,109.88,0.0
2020-06-05,107.59,107.59,107.59,107.59,0.0
2020-06-08,110.05,110.05,110.05,110.05,0.0
2020-06-09,111.0,111.0,111.0,111.0,0.0
2020-06-10,116.53,116.53,116.53,116.53,0.0
2020-06-11,146.84,146.84,146.84,146.84,0.0
2020-06-12,151.6,151.6,151.6,151.6,0.0
2020-06-15,141.83,141.83,141.83,141.83,0.0
2020-06-16,143.24,143.24,143.24,143.24,0.0
2020-06-17,139.94,139.94,139.94,139.94,0.0
2020-06-18,135.29,135.29,135.29,135.29,0.0
2020-06-19,138.35,138.35,138.35,138.35,0.0
2020-06-22,133.98,133.98,133.98,133.98,0.0
2020-06-23,130.73,130.73,130.73,130.73,0.0
2020-06-24,136.89,136.89,136.89,136.89,0.0
2020-06-25,127.2,127.2,127.2,127.2,0.0
2020-06-26,128.63,128.63,128.63,128.63,0.0
2020-06-29,121.32,121.32,121.32,121.32,0.0
2020-06-30,120.76,120.76,120.76,120.76,0.0
2020-07-01,120.83,120.83,120.83,120.83,0.0
2020-07-02,115.47,115.47,115.47,115.47,0.0
2020-07-06,116.57,116.57,116.57,116.57,0.0
2020-07-07,118.12,118.12,118.12,118.12,0.0
2020-07-08,113.34,113.34,113.34,113.34,0.0
2020-07-09,115.11,115.11,115.11,115.11,0.0
2020-07-10,109.71,109.71,109.71,109.71,0.0
2020-07-13,123.3,123.3,123.3,123.3,0.0
2020-07-14,112.75,112.75,112.75,112.75,0.0
2020-07-15,113.71,113.71,113.71,113.71,0.0
2020-07-16,115.62,115.62,115.62,115.62,0.0
2020-07-17,117.97,117.97,117.97,117.97,0.0
2020-07-20,112.51,112.51,112.51,112.51,0.0
2020-07-21,115.46,115.46,115.46,115.46,0.0
2020-07-22,112.84,112.84,112.84,112.84,0.0
2020-07-23,116.7,116.7,116.7,116.7,0.0
2020-07-24,117.22,117.22,117.22,117.22,0.0
2020-07-27,112.71,112.71,112.71,112.71,0.0
2020-07-28,113.88,113.88,113.88,113.88,0.0
2020-07-29,110.95,110.95,110.95,110.95,0.0
2020-07-30,112.16,112.16,112.16,112.16,0.0
2020-07-31,112.04,112.04,112.04,112.04,0.0
2020-08-03,111.02,111.02,111.02,111.02,0.0
2020-08-04,109.0,109.0,109.0,109.0,0.0
2020-08-05,105.67,105.67,105.67,105.67,0.0
2020-08-06,105.84,105.84,105.84,105.84,0.0
2020-08-07,108.18,108.18,108.18,108.18,0.0
2020-08-10,111.13,111.13,111.13,111.13,0.0
2020-08-11,118.34,118.34,118.34,118.34,0.0
2020-08-12,115.73,115.73,115.73,115.73,0.0
2020-08-13,115.18,115.18,115.18,115.18,0.0
2020-08-14,114.35,114.35,114.35,114.35,0.0
2020-08-17,110.35,110.35,110.35,110.35,0.0
2020-08-18,112.59,112.59,112.59,112.59,0.0
2020-08-19,114.72,114.72,114.72,114.72,0.0
2020-08-20,112.99,112.99,112.99,112.99,0.0
2020-08-21,111.25,111.25,111.25,111.25,0.0
2020-08-24,108.25,108.25,108.25,108.25,0.0
2020-08-25,103.88,103.88,103.88,103.88,0.0
2020-08-26,105.8,105.8,105.8,105.8,0.0
2020-08-27,114.74,114.74,114.74,114.74,0.0
2020-08-28,111.56,111.56,111.56,111.56,0.0
2020-08-31,119.01,119.01,119.01,119.01,0.0
2020-09-01,120.1,120.1,120.1,120.1,0.0
2020-09-02,122.01,122.01,122.01,122.01,0.0
2020-09-03,132.91,132.91,132.91,132.91,0.0
2020-09-04,122.14,122.14,122.14,122.14,0.0
2020-09-08,123.56,123.56,123.56,123.56,0.0
2020-09-09,121.54,121.54,121.54,121.54,0.0
2020-09-10,120.58,120.58,120.58,120.58,0.0
2020-09-11,113.95,113.95,113.95,113.95,0.0
2020-09-14,111.27,111.27,111.27,111.27,0.0
2020-09-15,108.97,108.97,108.97,108.97,0.0
2020-09-16,103.48,103.48,103.48,103.48,0.0
2020-09-17,100.37,100.37,100.37,100.37,0.0
2020-09-18,101.19,101.19,101.19,101.19,0.0
2020-09-21,108.74,108.74,108.74,108.74,0.0
2020-09-22,104.69,104.69,104.69,104.69,0.0
2020-09-23,107.35,107.35,107.35,107.35,0.0
2020-09-24,102.26,102.26,102.26,102.26,0.0
2020-09-25,99.64,99.64,99.64,99.64,0.0
2020-09-28,101.85,101.85,101.85,101.85,0.0
2020-09-29,96.93,96.93,96.93,96.93,0.0
2020-09-30,101.58,101.58,101.58,101.58,0.0
2020-10-01,101.0,101.0,101.0,101.0,0.0
2020-10-02,102.72,102.72,102.72,102.72,0.0
2020-10-05,103.22,103.22,103.22,103.22,0.0
2020-10-06,106.14,106.14,106.14,106.14,0.0
2020-10-07,104.19,104.19,104.19,104.19,0.0
2020-10-08,104.8,104.8,104.8,104.8,0.0
2020-10-09,109.22,109.22,109.22,109.22,0.0
2020-10-12,109.68,109.68,109.68,109.68,0.0
2020-10-13,110.97,110.97,110.97,110.97,0.0
2020-10-14,116.93,116.93,116.93,116.93,0.0
2020-10-15,117.59,117.59,117.59,117.59,0.0
2020-10-16,115.92,115.92,115.92,115.92,0.0
2020-10-19,119.76,119.76,119.76,119.76,0.0
2020-10-20,119.59,119.59,119.59,119.59,0.0
2020-10-21,117.47,117.47,117.47,117.47,0.0
2020-10-22,118.6,118.6,118.6,118.6,0.0
2020-10-23,118.94,118.94,118.94,118.94,0.0
2020-10-26,133.08,133.08,133.08,133.08,0.0
2020-10-27,135.32,135.32,135.32,135.32,0.0
2020-10-28,152.01,152.01,152.01,152.01,0.0
2020-10-29,147.84,147.84,147.84,147.84,0.0
2020-10-30,145.24,145.24,145.24,145.24,0.0
2020-11-02,142.65,142.65,142.65,142.65,0.0
2020-11-03,136.28,136.28,136.28,136.28,0.0
2020-11-04,122.12,122.12,122.12,122.12,0.0
2020-11-05,117.68,117.68,117.68,117.68,0.0
2020-11-06,112.92,112.92,112.92,112.92,0.0
2020-11-09,116.78,116.78,116.78,116.78,0.0
2020-11-10,116.05,116.05,116.05,116.05,0.0
2020-11-11,118.32,118.32,118.32,118.32,0.0
2020-11-12,121.57,121.57,121.57,121.57,0.0
2020-11-13,114.39,114.39,114.39,114.39,0.0
2020-11-16,115.0,115.0,115.0,115.0,0.0
2020-11-17,116.25,116.25,116.25,116.25,0.0
2020-11-18,117.9,117.9,117.9,117.9,0.0
2020-11-19,114.15,114.15,114.15,114.15,0.0
2020-11-20,113.99,113.99,113.99,113.99,0.0
2020-11-23,109.85,109.85,109.85,109.85,0.0
2020-11-24,104.56,104.56,104.56,104.56,0.0
2020-11-25,103.46,103.46,103.46,103.46,0.0
2020-11-27,106.12,106.12,106.12,106.12,0.0
2020-11-30,106.12,106.12,106.12,106.12,0.0
2020-12-01,108.43,108.43,108.43,108.43,0.0
2020-12-02,107.52,107.52,107.52,107.52,0.0
2020-12-03,107.89,107.89,107.89,107.89,0.0
2020-12-04,103.72,103.72,103.72,103.72,0.0
2020-12-07,104.42,104.42,104.42,104.42,0.0
2020-12-08,102.82,102.82,102.82,102.82,0.0
2020-12-09,113.93,113.93,113.93,113.93,0.0
2020-12-10,114.66,114.66,114.66,114.66,0.0
2020-12-11,120.77,120.77,120.77,120.77,0.0
2020-12-14,127.68,127.68,127.68,127.68,0.0
2020-12-15,119.11,119.11,119.11,119.11,0.0
2020-12-16,111.85,111.85,111.85,111.85,0.0
2020-12-17,110.21,110.21,110.21,110.21,0.0
2020-12-18,110.3,110.3,110.3,110.3,0.0
2020-12-21,121.61,121.61,121.61,121.61,0.0
2020-12-22,120.57,120.57,120.57,120.57,0.0
2020-12-23,118.31,118.31,118.31,118.31,0.0
2020-12-24,115.26,115.26,115.26,115.26,0.0
2020-12-28,114.4,114.4,114.4,114.4,0.0
2020-12-29,116.27,116.27,116.27,116.27,0.0
2020-12-30,112.04,112.04,112.04,112.04,0.0
2020-12-31,111.86,111.86,111.86,111.86,0.0
2021-01-04,124.65,124.65,124.65,124.65,0.0
2021-01-05,120.07,120.07,120.07,120.07,0.0
2021-01-06,119.9,119.9,119.9,119.9,0.0
2021-01-07,109.38,109.38,109.38,109.38,0.0
2021-01-08,111.0,111.0,111.0,111.0,0.0
2021-01-11,118.8,118.8,118.8,118.8,0.0
2021-01-12,115.79,115.79,115.79,115.79,0.0
2021-01-13,117.76,117.76,117.76,117.76,0.0
2021-01-14,122.78,122.78,122.78,122.78,0.0
2021-01-15,124.25,124.25,124.25,124.25,0.0
2021-01-19,120.71,120.71,120.71,120.71,0.0
2021-01-20,114.17,114.17,114.17,114.17,0.0
2021-01-21,112.59,112.59,112.59,112.59,0.0
2021-01-22,111.79,111.79,111.79,111.79,0.0
2021-01-25,116.63,116.63,116.63,116.63,0.0
2021-01-26,115.31,115.31,115.31,115.31,0.0
2021-01-27,157.69,157.69,157.69,157.69,0.0
2021-01-28,133.22,133.22,133.22,133.22,0.0
2021-01-29,137.33,137.33,137.33,137.33,0.0
2021-02-01,129.44,129.44,129.44,129.44,0.0
2021-02-02,119.1,119.1,119.1,119.1,0.0
2021-02-03,111.03,111.03,111.03,111.03,0.0
2021-02-04,108.47,108.47,108.47,108.47,0.0
2021-02-05,107.64,107.64,107.64,107.64,0.0
2021-02-08,106.61,106.61,106.61,106.61,0.0
2021-02-09,108.14,108.14,108.14,108.14,0.0
2021-02-10,114.93,114.93,114.93,114.93,0.0
2021-02-11,116.22,116.22,116.22,116.22,0.0
2021-02-12,118.59,118.59,118.59,118.59,0.0
2021-02-16,124.66,124.66,124.66,124.66,0.0
2021-02-17,122.83,122.83,122.83,122.83,0.0
2021-02-18,121.05,121.05,121.05,121.05,0.0
2021-02-19,117.45,117.45,117.45,117.45,0.0
2021-02-22,117.06,117.06,117.06,117.06,0.0
2021-02-23,112.78,112.78,112.78,112.78,0.0
2021-02-24,109.6,109.6,109.6,109.6,0.0
2021-02-25,127.83,127.83,127.83,127.83,0.0
2021-02-26,124.96,124.96,124.96,124.96,0.0
2021-03-01,114.94,114.94,114.94,114.94,0.0
2021-03-02,114.92,114.92,114.92,114.92,0.0
2021-03-03,121.23,121.23,121.23,121.23,0.0
2021-03-04,124.62,124.62,124.62,124.62,0.0
2021-03-05,116.21,116.21,116.21,116.21,0.0
2021-03-08,114.62,114.62,114.62,114.62,0.0
2021-03-09,108.71,108.71,108.71,108.71,0.0
2021-03-10,114.68,114.68,114.68,114.68,0.0
2021-03-11,112.87,112.87,112.87,112.87,0.0
2021-03-12,111.73,111.73,111.73,111.73,0.0
2021-03-15,110.49,110.49,110.49,110.49,0.0
2021-03-16,113.73,113.73,113.73,113.73,0.0
2021-03-17,109.9,109.9,109.9,109.9,0.0
2021-03-18,117.8,117.8,117.8,117.8,0.0
2021-03-19,115.95,115.95,115.95,115.95,0.0
2021-03-22,108.63,108.63,108.63,108.63,0.0
2021-03-23,111.69,111.69,111.69,111.69,0.0
2021-03-24,110.67,110.67,110.67,110.67,0.0
2021-03-25,104.75,104.75,104.75,104.75,0.0
2021-03-26,103.26,103.26,103.26,103.26,0.0
2021-03-29,105.84,105.84,105.84,105.84,0.0
2021-03-30,101.9,101.9,101.9,101.9,0.0
2021-03-31,100.04,100.04,100.04,100.04,0.0
2021-04-01,98.97,98.97,98.97,98.97,0.0
2021-04-05,99.24,99.24,99.24,99.24,0.0
2021-04-06,99.06,99.06,99.06,99.06,0.0
2021-04-07,97.09,97.09,97.09,97.09,0.0
2021-04-08,100.72,100.72,100.72,100.72,0.0
2021-04-09,102.06,102.06,102.06,102.06,0.0
2021-04-12,102.08,102.08,102.08,102.08,0.0
2021-04-13,100.44,100.44,100.44,100.44,0.0
2021-04-14,107.47,107.47,107.47,107.47,0.0
2021-04-15,108.66,108.66,108.66,108.66,0.0
2021-04-16,107.8,107.8,107.8,107.8,0.0
2021-04-19,111.9,111.9,111.9,111.9,0.0
2021-04-20,116.37,116.37,116.37,116.37,0.0
2021-04-21,112.9,112.9,112.9,112.9,0.0
2021-04-22,116.05,116.05,116.05,116.05,0.0
2021-04-23,108.36,108.36,108.36,108.36,0.0
2021-04-26,104.01,104.01,104.01,104.01,0.0
2021-04-27,103.39,103.39,103.39,103.39,0.0
2021-04-28,104.78,104.78,104.78,104.78,0.0
2021-04-29,105.46,105.46,105.46,105.46,0.0
2021-04-30,109.22,109.22,109.22,109.22,0.0
2021-05-03,108.32,108.32,108.32,108.32,0.0
2021-05-04,111.22,111.22,111.22,111.22,0.0
2021-05-05,109.51,109.51,109.51,109.51,0.0
2021-05-06,108.39,108.39,108.39,108.39,0.0
2021-05-07,107.03,107.03,107.03,107.03,0.0
2021-05-10,114.1,114.1,114.1,114.1,0.0
2021-05-11,122.47,122.47,122.47,122.47,0.0
2021-05-12,146.28,146.28,146.28,146.28,0.0
2021-05-13,130.01,130.01,130.01,130.01,0.0
2021-05-14,117.56,117.56,117.56,117.56,0.0
2021-05-17,120.7,120.7,120.7,120.7,0.0
2021-05-18,123.93,123.93,123.93,123.93,0.0
2021-05-19,130.17,130.17,130.17,130.17,0.0
2021-05-20,126.34,126.34,126.34,126.34,0.0
2021-05-21,124.22,124.22,124.22,124.22,0.0
2021-05-24,116.12,116.12,116.12,116.12,0.0
2021-05-25,113.55,113.55,113.55,113.55,0.0
2021-05-26,106.29,106.29,106.29,106.29,0.0
2021-05-27,103.88,103.88,103.88,103.88,0.0
2021-05-28,105.41,105.41,105.41,105.41,0.0
2021-06-01,113.04,113.04,113.04,113.04,0.0
2021-06-02,112.57,112.57,112.57,112.57,0.0
2021-06-03,114.31,114.31,114.31,114.31,0.0
2021-06-04,108.16,108.16,108.16,108.16,0.0
2021-06-07,108.03,108.03,108.03,108.03,0.0
2021-06-08,109.62,109.62,109.62,109.62,0.0
2021-06-09,120.97,120.97,120.97,120.97,0.0
2021-06-10,116.76,116.76,116.76,116.76,0.0
2021-06-11,116.12,116.12,116.12,116.12,0.0
2021-06-14,119.8,119.8,119.8,119.8,0.0
2021-06-15,122.9,122.9,122.9,122.9,0.0
2021-06-16,121.57,121.57,121.57,121.57,0.0
2021-06-17,120.63,120.63,120.63,120.63,0.0
2021-06-18,128.83,128.83,128.83,128.83,0.0
2021-06-21,121.25,121.25,121.25,121.25,0.0
2021-06-22,114.01,114.01,114.01,114.01,0.0
2021-06-23,110.48,110.48,110.48,110.48,0.0
2021-06-24,107.87,107.87,107.87,107.87,0.0
2021-06-25,105.91,105.91,105.91,105.91,0.0
2021-06-28,106.32,106.32,106.32,106.32,0.0
2021-06-29,107.01,107.01,107.01,107.01,0.0
2021-06-30,106.73,106.73,106.73,106.73,0.0
2021-07-01,108.72,108.72,108.72,108.72,0.0
2021-07-02,106.11,106.11,106.11,106.11,0.0
2021-07-06,112.24,112.24,112.24,112.24,0.0
2021-07-07,112.7,112.7,112.7,112.7,0.0
2021-07-08,120.03,120.03,120.03,120.03,0.0
2021-07-09,112.62,112.62,112.62,112.62,0.0
2021-07-12,111.59,111.59,111.59,111.59,0.0
2021-07-13,116.4,116.4,116.4,116.4,0.0
2021-07-14,117.66,117.66,117.66,117.66,0.0
2021-07-15,121.03,121.03,121.03,121.03,0.0
2021-07-16,128.89,128.89,128.89,128.89,0.0
2021-07-19,139.54,139.54,139.54,139.54,0.0
2021-07-20,131.3,131.3,131.3,131.3,0.0
2021-07-21,122.53,122.53,122.53,122.53,0.0
2021-07-22,118.82,118.82,118.82,118.82,0.0
2021-07-23,114.92,114.92,114.92,114.92,0.0
2021-07-26,114.86,114.86,114.86,114.86,0.0
2021-07-27,121.11,121.11,121.11,121.11,0.0
2021-07-28,117.08,117.08,117.08,117.08,0.0
2021-07-29,114.04,114.04,114.04,114.04,0.0
2021-07-30,116.18,116.18,116.18,116.18,0.0
2021-08-02,122.85,122.85,122.85,122.85,0.0
2021-08-03,117.55,117.55,117.55,117.55,0.0
2021-08-04,116.21,116.21,116.21,116.21,0.0
2021-08-05,113.35,113.35,113.35,113.35,0.0
2021-08-06,112.0,112.0,112.0,112.0,0.0
2021-08-09,115.09,115.09,115.09,115.09,0.0
2021-08-10,114.15,114.15,114.15,114.15,0.0
2021-08-11,118.05,118.05,118.05,118.05,0.0
2021-08-12,117.72,117.72,117.72,117.72,0.0
2021-08-13,117.81,117.81,117.81,117.81,0.0
2021-08-16,117.69,117.69,117.69,117.69,0.0
2021-08-17,120.53,120.53,120.53,120.53,0.0
2021-08-18,128.41,128.41,128.41,128.41,0.0
2021-08-19,130.41,130.41,130.41,130.41,0.0
2021-08-20,120.51,120.51,120.51,120.51,0.0
2021-08-23,113.33,113.33,113.33,113.33,0.0
2021-08-24,111.09,111.09,111.09,111.09,0.0
2021-08-25,108.84,108.84,108.84,108.84,0.0
2021-08-26,116.6,116.6,116.6,116.6,0.0
2021-08-27,109.62,109.62,109.62,109.62,0.0
2021-08-30,107.9,107.9,107.9,107.9,0.0
2021-08-31,105.81,105.81,105.81,105.81,0.0
2021-09-01,105.2,105.2,105.2,105.2,0.0
2021-09-02,105.7,105.7,105.7,105.7,0.0
2021-09-03,105.48,105.48,105.48,105.48,0.0
2021-09-07,111.01,111.01,111.01,111.01,0.0
2021-09-08,115.06,115.06,115.06,115.06,0.0
2021-09-09,117.03,117.03,117.03,117.03,0.0
2021-09-10,124.98,124.98,124.98,124.98,0.0
2021-09-13,118.01,118.01,118.01,118.01,0.0
2021-09-14,120.37,120.37,120.37,120.37,0.0
2021-09-15,112.48,112.48,112.48,112.48,0.0
2021-09-16,112.11,112.11,112.11,112.11,0.0
2021-09-17,118.9,118.9,118.9,118.9,0.0
2021-09-20,138.93,138.93,138.93,138.93,0.0
2021-09-21,130.76,130.76,130.76,130.76,0.0
2021-09-22,117.62,117.62,117.62,117.62,0.0
2021-09-23,108.31,108.31,108.31,108.31,0.0
2021-09-24,103.07,103.07,103.07,103.07,0.0
2021-09-27,107.73,107.73,107.73,107.73,0.0
2021-09-28,121.06,121.06,121.06,121.06,0.0
2021-09-29,119.04,119.04,119.04,119.04,0.0
2021-09-30,118.01,118.01,118.01,118.01,0.0
2021-10-01,113.14,113.14,113.14,113.14,0.0
2021-10-04,117.17,117.17,117.17,117.17,0.0
2021-10-05,110.75,110.75,110.75,110.75,0.0
2021-10-06,110.92,110.92,110.92,110.92,0.0
2021-10-07,107.43,107.43,107.43,107.43,0.0
2021-10-08,107.27,107.27,107.27,107.27,0.0
2021-10-11,110.29,110.29,110.29,110.29,0.0
2021-10-12,109.12,109.12,109.12,109.12,0.0
2021-10-13,108.72,108.72,108.72,108.72,0.0
2021-10-14,107.97,107.97,107.97,107.97,0.0
2021-10-15,106.76,106.76,106.76,106.76,0.0
2021-10-18,104.37,104.37,104.37,104.37,0.0
2021-10-19,103.06,103.06,103.06,103.06,0.0
2021-10-20,101.84,101.84,101.84,101.84,0.0
2021-10-21,102.14,102.14,102.14,102.14,0.0
2021-10-22,106.08,106.08,106.08,106.08,0.0
2021-10-25,102.36,102.36,102.36,102.36,0.0
2021-10-26,103.25,103.25,103.25,103.25,0.0
2021-10-27,109.61,109.61,109.61,109.61,0.0
2021-10-28,106.28,106.28,106.28,106.28,0.0
2021-10-29,105.17,105.17,105.17,105.17,0.0
2021-11-01,106.66,106.66,106.66,106.66,0.0
2021-11-02,105.44,105.44,105.44,105.44,0.0
2021-11-03,102.25,102.25,102.25,102.25,0.0
2021-11-04,104.46,104.46,104.46,104.46,0.0
2021-11-05,110.21,110.21,110.21,110.21,0.0
2021-11-08,111.49,111.49,111.49,111.49,0.0
2021-11-09,110.55,110.55,110.55,110.55,0.0
2021-11-10,117.19,117.19,117.19,117.19,0.0
2021-11-11,114.66,114.66,114.66,114.66,0.0
2021-11-12,112.11,112.11,112.11,112.11,0.0
2021-11-15,110.66,110.66,110.66,110.66,0.0
2021-11-16,109.58,109.58,109.58,109.58,0.0
2021-11-17,111.53,111.53,111.53,111.53,0.0
2021-11-18,112.15,112.15,112.15,112.15,0.0
2021-11-19,113.74,113.74,113.74,113.74,0.0
2021-11-22,118.62,118.62,118.62,118.62,0.0
2021-11-23,115.03,115.03,115.03,115.03,0.0
2021-11-24,110.48,110.48,110.48,110.48,0.0
2021-11-26,149.74,149.74,149.74,149.74,0.0
2021-11-29,131.24,131.24,131.24,131.24,0.0
2021-11-30,142.55,142.55,142.55,142.55,0.0
2021-12-01,155.02,155.02,155.02,155.02,0.0
2021-12-02,147.31,147.31,147.31,147.31,0.0
2021-12-03,156.1,156.1,156.1,156.1,0.0
2021-12-06,138.88,138.88,138.88,138.88,0.0
2021-12-07,117.92,117.92,117.92,117.92,0.0
2021-12-08,114.29,114.29,114.29,114.29,0.0
2021-12-09,121.79,121.79,121.79,121.79,0.0
2021-12-10,113.85,113.85,113.85,113.85,0.0
2021-12-13,121.07,121.07,121.07,121.07,0.0
2021-12-14,126.57,126.57,126.57,126.57,0.0
2021-12-15,118.61,118.61,118.61,118.61,0.0
2021-12-16,128.97,128.97,128.97,128.97,0.0
2021-12-17,136.06,136.06,136.06,136.06,0.0
2021-12-20,138.67,138.67,138.67,138.67,0.0
2021-12-21,131.41,131.41,131.41,131.41,0.0
2021-12-22,122.7,122.7,122.7,122.7,0.0
2021-12-23,120.46,120.46,120.46,120.46,0.0
2021-12-27,115.92,115.92,115.92,115.92,0.0
2021-12-28,114.83,114.83,114.83,114.83,0.0
2021-12-29,109.5,109.5,109.5,109.5,0.0
2021-12-30,110.84,110.84,110.84,110.84,0.0
2021-12-31,109.67,109.67,109.67,109.67,0.0
2022-01-03,108.45,108.45,108.45,108.45,0.0
2022-01-04,109.31,109.31,109.31,109.31,0.0
2022-01-05,119.31,119.31,119.31,119.31,0.0
2022-01-06,117.82,117.82,117.82,117.82,0.0
2022-01-07,113.86,113.86,113.86,113.86,0.0
2022-01-10,113.02,113.02,113.02,113.02,0.0
2022-01-11,111.61,111.61,111.61,111.61,0.0
2022-01-12,113.94,113.94,113.94,113.94,0.0
2022-01-13,123.44,123.44,123.44,123.44,0.0
2022-01-14,117.57,117.57,117.57,117.57,0.0
2022-01-18,127.95,127.95,127.95,127.95,0.0
2022-01-19,129.85,129.85,129.85,129.85,0.0
2022-01-20,135.6,135.6,135.6,135.6,0.0
2022-01-21,149.5,149.5,149.5,149.5,0.0
2022-01-24,154.38,154.38,154.38,154.38,0.0
2022-01-25,150.8,150.8,150.8,150.8,0.0
2022-01-26,148.55,148.55,148.55,148.55,0.0
2022-01-27,141.14,141.14,141.14,141.14,0.0
2022-01-28,132.44,132.44,132.44,132.44,0.0
2022-01-31,125.06,125.06,125.06,125.06,0.0
2022-02-01,117.99,117.99,117.99,117.99,0.0
2022-02-02,119.61,119.61,119.61,119.61,0.0
2022-02-03,125.11,125.11,125.11,125.11,0.0
2022-02-04,124.89,124.89,124.89,124.89,0.0
2022-02-07,124.13,124.13,124.13,124.13,0.0
2022-02-08,118.86,118.86,118.86,118.86,0.0
2022-02-09,119.32,119.32,119.32,119.32,0.0
2022-02-10,129.1,129.1,129.1,129.1,0.0
2022-02-11,141.17,141.17,141.17,141.17,0.0
2022-02-14,140.59,140.59,140.59,140.59,0.0
2022-02-15,129.05,129.05,129.05,129.05,0.0
2022-02-16,122.58,122.58,122.58,122.58,0.0
2022-02-17,134.49,134.49,134.49,134.49,0.0
2022-02-18,133.64,133.64,133.64,133.64,0.0
2022-02-22,130.69,130.69,130.69,130.69,0.0
2022-02-23,131.24,131.24,131.24,131.24,0.0
2022-02-24,128.5,128.5,128.5,128.5,0.0
2022-02-25,117.76,117.76,117.76,117.76,0.0
2022-02-28,123.64,123.64,123.64,123.64,0.0
2022-03-01,132.8,132.8,132.8,132.8,0.0
2022-03-02,124.92,124.92,124.92,124.92,0.0
2022-03-03,122.36,122.36,122.36,122.36,0.0
2022-03-04,127.85,127.85,127.85,127.85,0.0
2022-03-07,133.66,133.66,133.66,133.66,0.0
2022-03-08,139.71,139.71,139.71,139.71,0.0
2022-03-09,130.86,130.86,130.86,130.86,0.0
2022-03-10,125.47,125.47,125.47,125.47,0.0
2022-03-11,125.58,125.58,125.58,125.58,0.0
2022-03-14,126.26,126.26,126.26,126.26,0.0
2022-03-15,122.18,122.18,122.18,122.18,0.0
2022-03-16,115.1,115.1,115.1,115.1,0.0
2022-03-17,109.25,109.25,109.25,109.25,0.0
2022-03-18,106.74,106.74,106.74,106.74,0.0
2022-03-21,108.96,108.96,108.96,108.96,0.0
2022-03-22,108.22,108.22,108.22,108.22,0.0
2022-03-23,108.77,108.77,108.77,108.77,0.0
2022-03-24,106.05,106.05,106.05,106.05,0.0
2022-03-25,109.21,109.21,109.21,109.21,0.0
2022-03-28,108.29,108.29,108.29,108.29,0.0
2022-03-29,104.35,104.35,104.35,104.35,0.0
2022-03-30,107.41,107.41,107.41,107.41,0.0
2022-03-31,111.45,111.45,111.45,111.45,0.0
2022-04-01,112.22,112.22,112.22,112.22,0.0
2022-04-04,107.11,107.11,107.11,107.11,0.0
2022-04-05,116.27,116.27,116.27,116.27,0.0
2022-04-06,114.84,114.84,114.84,114.84,0.0
2022-04-07,113.33,113.33,113.33,113.33,0.0
2022-04-08,112.14,112.14,112.14,112.14,0.0
2022-04-11,117.35,117.35,117.35,117.35,0.0
2022-04-12,117.26,117.26,117.26,117.26,0.0
2022-04-13,113.76,113.76,113.76,113.76,0.0
2022-04-14,114.75,114.75,114.75,114.75,0.0
2022-04-18,110.9,110.9,110.9,110.9,0.0
2022-04-19,106.06,106.06,106.06,106.06,0.0
2022-04-20,103.03,103.03,103.03,103.03,0.0
2022-04-21,110.93,110.93,110.93,110.93,0.0
2022-04-22,122.37,122.37,122.37,122.37,0.0
2022-04-25,116.98,116.98,116.98,116.98,0.0
2022-04-26,127.5,127.5,127.5,127.5,0.0
2022-04-27,123.71,123.71,123.71,123.71,0.0
2022-04-28,119.75,119.75,119.75,119.75,0.0
2022-04-29,121.98,121.98,121.98,121.98,0.0
2022-05-02,124.48,124.48,124.48,124.48,0.0
2022-05-03,117.55,117.55,117.55,117.55,0.0
2022-05-04,106.62,106.62,106.62,106.62,0.0
2022-05-05,119.18,119.18,119.18,119.18,0.0
2022-05-06,116.78,116.78,116.78,116.78,0.0
2022-05-09,125.93,125.93,125.93,125.93,0.0
2022-05-10,120.98,120.98,120.98,120.98,0.0
2022-05-11,125.89,125.89,125.89,125.89,0.0
2022-05-12,122.11,122.11,122.11,122.11,0.0
2022-05-13,113.89,113.89,113.89,113.89,0.0
2022-05-16,108.26,108.26,108.26,108.26,0.0
2022-05-17,101.2,101.2,101.2,101.2,0.0
2022-05-18,114.96,114.96,114.96,114.96,0.0
2022-05-19,104.89,104.89,104.89,104.89,0.0
2022-05-20,107.8,107.8,107.8,107.8,0.0
2022-05-23,102.68,102.68,102.68,102.68,0.0
2022-05-24,104.29,104.29,104.29,104.29,0.0
2022-05-25,98.79,98.79,98.79,98.79,0.0
2022-05-26,96.25,96.25,96.25,96.25,0.0
2022-05-27,93.66,93.66,93.66,93.66,0.0
2022-05-31,93.1,93.1,93.1,93.1,0.0
2022-06-01,91.39,91.39,91.39,91.39,0.0
2022-06-02,91.08,91.08,91.08,91.08,0.0
2022-06-03,90.5,90.5,90.5,90.5,0.0
2022-06-06,89.53,89.53,89.53,89.53,0.0
2022-06-07,87.82,87.82,87.82,87.82,0.0
2022-06-08,92.68,92.68,92.68,92.68,0.0
2022-06-09,98.82,98.82,98.82,98.82,0.0
2022-06-10,99.75,99.75,99.75,99.75,0.0
2022-06-13,113.72,113.72,113.72,113.72,0.0
2022-06-14,111.01,111.01,111.01,111.01,0.0
2022-06-15,105.37,105.37,105.37,105.37,0.0
2022-06-16,114.36,114.36,114.36,114.36,0.0
2022-06-17,110.06,110.06,110.06,110.06,0.0
2022-06-21,104.37,104.37,104.37,104.37,0.0
2022-06-22,99.66,99.66,99.66,99.66,0.0
2022-06-23,98.31,98.31,98.31,98.31,0.0
2022-06-24,91.34,91.34,91.34,91.34,0.0
2022-06-27,87.58,87.58,87.58,87.58,0.0
2022-06-28,90.62,90.62,90.62,90.62,0.0
2022-06-29,88.92,88.92,88.92,88.92,0.0
2022-06-30,89.39,89.39,89.39,89.39,0.0
2022-07-01,85.51,85.51,85.51,85.51,0.0
2022-07-05,87.3,87.3,87.3,87.3,0.0
2022-07-06,85.88,85.88,85.88,85.88,0.0
2022-07-07,85.88,85.88,85.88,85.88,0.0
2022-07-08,84.74,84.74,84.74,84.74,0.0
2022-07-11,88.05,88.05,88.05,88.05,0.0
2022-07-12,90.06,90.06,90.06,90.06,0.0
2022-07-13,90.49,90.49,90.49,90.49,0.0
2022-07-14,90.73,90.73,90.73,90.73,0.0
2022-07-15,89.37,89.37,89.37,89.37,0.0
2022-07-18,91.86,91.86,91.86,91.86,0.0
2022-07-19,88.61,88.61,88.61,88.61,0.0
2022-07-20,86.75,86.75,86.75,86.75,0.0
2022-07-21,85.04,85.04,85.04,85.04,0.0
2022-07-22,84.53,84.53,84.53,84.53,0.0
2022-07-25,83.82,83.82,83.82,83.82,0.0
2022-07-26,84.83,84.83,84.83,84.83,0.0
2022-07-27,81.77,81.77,81.77,81.77,0.0
2022-07-28,80.88,80.88,80.88,80.88,0.0
2022-07-29,80.29,80.29,80.29,80.29,0.0
2022-08-01,86.34,86.34,86.34,86.34,0.0
2022-08-02,88.47,88.47,88.47,88.47,0.0
2022-08-03,84.6,84.6,84.6,84.6,0.0
2022-08-04,83.69,83.69,83.69,83.69,0.0
2022-08-05,84.13,84.13,84.13,84.13,0.0
2022-08-08,86.95,86.95,86.95,86.95,0.0
2022-08-09,87.49,87.49,87.49,87.49,0.0
2022-08-10,90.04,90.04,90.04,90.04,0.0
2022-08-11,90.84,90.84,90.84,90.84,0.0
2022-08-12,91.01,91.01,91.01,91.01,0.0
2022-08-15,88.73,88.73,88.73,88.73,0.0
2022-08-16,88.05,88.05,88.05,88.05,0.0
2022-08-17,87.47,87.47,87.47,87.47,0.0
2022-08-18,86.46,86.46,86.46,86.46,0.0
2022-08-19,89.77,89.77,89.77,89.77,0.0
2022-08-22,94.75,94.75,94.75,94.75,0.0
2022-08-23,93.34,93.34,93.34,93.34,0.0
2022-08-24,86.45,86.45,86.45,86.45,0.0
2022-08-25,83.32,83.32,83.32,83.32,0.0
2022-08-26,91.66,91.66,91.66,91.66,0.0
2022-08-29,91.57,91.57,91.57,91.57,0.0
2022-08-30,91.11,91.11,91.11,91.11,0.0
2022-08-31,88.4,88.4,88.4,88.4,0.0
2022-09-01,87.74,87.74,87.74,87.74,0.0
2022-09-02,89.19,89.19,89.19,89.19,0.0
2022-09-06,94.08,94.08,94.08,94.08,0.0
2022-09-07,88.26,88.26,88.26,88.26,0.0
2022-09-08,85.57,85.57,85.57,85.57,0.0
2022-09-09,84.09,84.09,84.09,84.09,0.0
2022-09-12,84.53,84.53,84.53,84.53,0.0
2022-09-13,93.89,93.89,93.89,93.89,0.0
2022-09-14,93.58,93.58,93.58,93.58,0.0
2022-09-15,92.61,92.61,92.61,92.61,0.0
2022-09-16,92.42,92.42,92.42,92.42,0.0
2022-09-19,88.99,88.99,88.99,88.99,0.0
2022-09-20,91.12,91.12,91.12,91.12,0.0
2022-09-21,92.05,92.05,92.05,92.05,0.0
2022-09-22,89.18,89.18,89.18,89.18,0.0
2022-09-23,101.55,101.55,101.55,101.55,0.0
2022-09-26,109.09,109.09,109.09,109.09,0.0
2022-09-27,113.76,113.76,113.76,113.76,0.0
2022-09-28,105.83,105.83,105.83,105.83,0.0
2022-09-29,108.31,108.31,108.31,108.31,0.0
2022-09-30,106.19,106.19,106.19,106.19,0.0
2022-10-03,103.03,103.03,103.03,103.03,0.0
2022-10-04,96.83,96.83,96.83,96.83,0.0
2022-10-05,92.79,92.79,92.79,92.79,0.0
2022-10-06,97.73,97.73,97.73,97.73,0.0
2022-10-07,103.37,103.37,103.37,103.37,0.0
2022-10-10,107.11,107.11,107.11,107.11,0.0
2022-10-11,105.26,105.26,105.26,105.26,0.0
2022-10-12,109.19,109.19,109.19,109.19,0.0
2022-10-13,101.26,101.26,101.26,101.26,0.0
2022-10-14,101.94,101.94,101.94,101.94,0.0
2022-10-17,97.32,97.32,97.32,97.32,0.0
2022-10-18,92.3,92.3,92.3,92.3,0.0
2022-10-19,90.69,90.69,90.69,90.69,0.0
2022-10-20,88.35,88.35,88.35,88.35,0.0
2022-10-21,87.32,87.32,87.32,87.32,0.0
2022-10-24,86.06,86.06,86.06,86.06,0.0
2022-10-25,82.21,82.21,82.21,82.21,0.0
2022-10-26,80.42,80.42,80.42,80.42,0.0
2022-10-27,82.51,82.51,82.51,82.51,0.0
2022-10-28,78.12,78.12,78.12,78.12,0.0
2022-10-31,78.86,78.86,78.86,78.86,0.0
2022-11-01,80.24,80.24,80.24,80.24,0.0
2022-11-02,80.93,80.93,80.93,80.93,0.0
2022-11-03,79.17,79.17,79.17,79.17,0.0
2022-11-04,79.24,79.24,79.24,79.24,0.0
2022-11-07,79.95,79.95,79.95,79.95,0.0
2022-11-08,84.6,84.6,84.6,84.6,0.0
2022-11-09,90.11,90.11,90.11,90.11,0.0
2022-11-10,85.78,85.78,85.78,85.78,0.0
2022-11-11,85.89,85.89,85.89,85.89,0.0
2022-11-14,84.57,84.57,84.57,84.57,0.0
2022-11-15,88.31,88.31,88.31,88.31,0.0
2022-11-16,81.38,81.38,81.38,81.38,0.0
2022-11-17,81.16,81.16,81.16,81.16,0.0
2022-11-18,77.68,77.68,77.68,77.68,0.0
2022-11-21,77.11,77.11,77.11,77.11,0.0
2022-11-22,77.81,77.81,77.81,77.81,0.0
2022-11-23,81.72,81.72,81.72,81.72,0.0
2022-11-25,82.5,82.5,82.5,82.5,0.0
2022-11-28,87.33,87.33,87.33,87.33,0.0
2022-11-29,85.43,85.43,85.43,85.43,0.0
2022-11-30,81.79,81.79,81.79,81.79,0.0
2022-12-01,82.19,82.19,82.19,82.19,0.0
2022-12-02,81.57,81.57,81.57,81.57,0.0
2022-12-05,84.71,84.71,84.71,84.71,0.0
2022-12-06,86.59,86.59,86.59,86.59,0.0
2022-12-07,87.18,87.18,87.18,87.18,0.0
2022-12-08,84.9,84.9,84.9,84.9,0.0
2022-12-09,87.26,87.26,87.26,87.26,0.0
2022-12-12,91.73,91.73,91.73,91.73,0.0
2022-12-13,88.74,88.74,88.74,88.74,0.0
2022-12-14,88.35,88.35,88.35,88.35,0.0
2022-12-15,92.26,92.26,92.26,92.26,0.0
2022-12-16,89.15,89.15,89.15,89.15,0.0
2022-12-19,87.54,87.54,87.54,87.54,0.0
2022-12-20,83.0,83.0,83.0,83.0,0.0
2022-12-21,77.64,77.64,77.64,77.64,0.0
2022-12-22,81.94,81.94,81.94,81.94,0.0
2022-12-23,78.84,78.84,78.84,78.84,0.0
2022-12-27,78.65,78.65,78.65,78.65,0.0
2022-12-28,79.9,79.9,79.9,79.9,0.0
2022-12-29,77.28,77.28,77.28,77.28,0.0
2022-12-30,77.05,77.05,77.05,77.05,0.0
2023-01-03,80.34,80.34,80.34,80.34,0.0
2023-01-04,76.65,76.65,76.65,76.65,0.0
2023-01-05,75.96,75.96,75.96,75.96,0.0
2023-01-06,73.88,73.88,73.88,73.88,0.0
2023-01-09,77.27,77.27,77.27,77.27,0.0
2023-01-10,76.02,76.02,76.02,76.02,0.0
2023-01-11,78.94,78.94,78.94,78.94,0.0
2023-01-12,78.79,78.79,78.79,78.79,0.0
2023-01-13,80.89,80.89,80.89,80.89,0.0
2023-01-17,83.44,83.44,83.44,83.44,0.0
2023-01-18,85.33,85.33,85.33,85.33,0.0
2023-01-19,85.14,85.14,85.14,85.14,0.0
2023-01-20,81.03,81.03,81.03,81.03,0.0
2023-01-23,78.34,78.34,78.34,78.34,0.0
2023-01-24,79.37,79.37,79.37,79.37,0.0
2023-01-25,80.74,80.74,80.74,80.74,0.0
2023-01-26,81.6,81.6,81.6,81.6,0.0
2023-01-27,83.31,83.31,83.31,83.31,0.0
2023-01-30,86.13,86.13,86.13,86.13,0.0
2023-01-31,83.9,83.9,83.9,83.9,0.0
2023-02-01,81.2,81.2,81.2,81.2,0.0
2023-02-02,84.97,84.97,84.97,84.97,0.0
2023-02-03,83.49,83.49,83.49,83.49,0.0
2023-02-06,85.1,85.1,85.1,85.1,0.0
2023-02-07,84.54,84.54,84.54,84.54,0.0
2023-02-08,94.83,94.83,94.83,94.83,0.0
2023-02-09,97.96,97.96,97.96,97.96,0.0
2023-02-10,95.63,95.63,95.63,95.63,0.0
2023-02-13,93.95,93.95,93.95,93.95,0.0
2023-02-14,89.2,89.2,89.2,89.2,0.0
2023-02-15,84.81,84.81,84.81,84.81,0.0
2023-02-16,88.25,88.25,88.25,88.25,0.0
2023-02-17,87.97,87.97,87.97,87.97,0.0
2023-02-21,95.99,95.99,95.99,95.99,0.0
2023-02-22,91.24,91.24,91.24,91.24,0.0
2023-02-23,85.16,85.16,85.16,85.16,0.0
2023-02-24,85.26,85.26,85.26,85.26,0.0
2023-02-27,83.21,83.21,83.21,83.21,0.0
2023-02-28,80.76,80.76,80.76,80.76,0.0
2023-03-01,80.55,80.55,80.55,80.55,0.0
2023-03-02,77.34,77.34,77.34,77.34,0.0
2023-03-03,75.93,75.93,75.93,75.93,0.0
2023-03-06,76.41,76.41,76.41,76.41,0.0
2023-03-07,78.54,78.54,78.54,78.54,0.0
2023-03-08,74.67,74.67,74.67,74.67,0.0
2023-03-09,92.04,92.04,92.04,92.04,0.0
2023-03-10,108.62,108.62,108.62,108.62,0.0
2023-03-13,114.54,114.54,114.54,114.54,0.0
2023-03-14,104.9,104.9,104.9,104.9,0.0
2023-03-15,122.75,122.75,122.75,122.75,0.0
2023-03-16,110.77,110.77,110.77,110.77,0.0
2023-03-17,124.75,124.75,124.75,124.75,0.0
2023-03-20,110.16,110.16,110.16,110.16,0.0
2023-03-21,101.19,101.19,101.19,101.19,0.0
2023-03-22,102.64,102.64,102.64,102.64,0.0
2023-03-23,102.92,102.92,102.92,102.92,0.0
2023-03-24,99.72,99.72,99.72,99.72,0.0
2023-03-27,95.07,95.07,95.07,95.07,0.0
2023-03-28,91.41,91.41,91.41,91.41,0.0
2023-03-29,87.78,87.78,87.78,87.78,0.0
2023-03-30,85.34,85.34,85.34,85.34,0.0
2023-03-31,87.53,87.53,87.53,87.53,0.0
2023-04-03,84.07,84.07,84.07,84.07,0.0
2023-04-04,84.72,84.72,84.72,84.72,0.0
2023-04-05,85.92,85.92,85.92,85.92,0.0
2023-04-06,84.64,84.64,84.64,84.64,0.0
2023-04-10,85.94,85.94,85.94,85.94,0.0
2023-04-11,85.92,85.92,85.92,85.92,0.0
2023-04-12,87.06,87.06,87.06,87.06,0.0
2023-04-13,84.73,84.73,84.73,84.73,0.0
2023-04-14,84.01,84.01,84.01,84.01,0.0
2023-04-17,83.15,83.15,83.15,83.15,0.0
2023-04-18,88.01,88.01,88.01,88.01,0.0
2023-04-19,95.04,95.04,95.04,95.04,0.0
2023-04-20,98.46,98.46,98.46,98.46,0.0
2023-04-21,96.94,96.94,96.94,96.94,0.0
2023-04-24,93.96,93.96,93.96,93.96,0.0
2023-04-25,94.35,94.35,94.35,94.35,0.0
2023-04-26,90.65,90.65,90.65,90.65,0.0
2023-04-27,85.79,85.79,85.79,85.79,0.0
2023-04-28,86.9,86.9,86.9,86.9,0.0
2023-05-01,88.21,88.21,88.21,88.21,0.0
2023-05-02,91.46,91.46,91.46,91.46,0.0
2023-05-03,91.54,91.54,91.54,91.54,0.0
2023-05-04,98.74,98.74,98.74,98.74,0.0
2023-05-05,91.8,91.8,91.8,91.8,0.0
2023-05-08,91.98,91.98,91.98,91.98,0.0
2023-05-09,92.45,92.45,92.45,92.45,0.0
2023-05-10,97.53,97.53,97.53,97.53,0.0
2023-05-11,97.32,97.32,97.32,97.32,0.0
2023-05-12,100.54,100.54,100.54,100.54,0.0
2023-05-15,94.65,94.65,94.65,94.65,0.0
2023-05-16,97.63,97.63,97.63,97.63,0.0
2023-05-17,92.76,92.76,92.76,92.76,0.0
2023-05-18,89.06,89.06,89.06,89.06,0.0
2023-05-19,94.77,94.77,94.77,94.77,0.0
2023-05-22,97.64,97.64,97.64,97.64,0.0
2023-05-23,101.91,101.91,101.91,101.91,0.0
2023-05-24,106.52,106.52,106.52,106.52,0.0
2023-05-25,103.88,103.88,103.88,103.88,0.0
2023-05-26,97.57,97.57,97.57,97.57,0.0
2023-05-30,91.91,91.91,91.91,91.91,0.0
2023-05-31,91.39,91.39,91.39,91.39,0.0
2023-06-01,85.07,85.07,85.07,85.07,0.0
2023-06-02,86.16,86.16,86.16,86.16,0.0
2023-06-05,85.77,85.77,85.77,85.77,0.0
2023-06-06,85.74,85.74,85.74,85.74,0.0
2023-06-07,84.0,84.0,84.0,84.0,0.0
2023-06-08,87.63,87.63,87.63,87.63,0.0
2023-06-09,89.7,89.7,89.7,89.7,0.0
2023-06-12,92.83,92.83,92.83,92.83,0.0
2023-06-13,92.1,92.1,92.1,92.1,0.0
2023-06-14,91.91,91.91,91.91,91.91,0.0
2023-06-15,93.95,93.95,93.95,93.95,0.0
2023-06-16,90.69,90.69,90.69,90.69,0.0
2023-06-20,96.26,96.26,96.26,96.26,0.0
2023-06-21,92.73,92.73,92.73,92.73,0.0
2023-06-22,90.64,90.64,90.64,90.64,0.0
2023-06-23,92.34,92.34,92.34,92.34,0.0
2023-06-26,95.42,95.42,95.42,95.42,0.0
2023-06-27,91.33,91.33,91.33,91.33,0.0
2023-06-28,85.79,85.79,85.79,85.79,0.0
2023-06-29,85.26,85.26,85.26,85.26,0.0
2023-06-30,83.11,83.11,83.11,83.11,0.0
2023-07-03,84.17,84.17,84.17,84.17,0.0
2023-07-05,87.76,87.76,87.76,87.76,0.0
2023-07-06,95.3,95.3,95.3,95.3,0.0
2023-07-07,94.49,94.49,94.49,94.49,0.0
2023-07-10,95.33,95.33,95.33,95.33,0.0
2023-07-11,95.21,95.21,95.21,95.21,0.0
2023-07-12,95.85,95.85,95.85,95.85,0.0
2023-07-13,96.43,96.43,96.43,96.43,0.0
2023-07-14,94.89,94.89,94.89,94.89,0.0
2023-07-17,95.98,95.98,95.98,95.98,0.0
2023-07-18,92.99,92.99,92.99,92.99,0.0
2023-07-19,93.57,93.57,93.57,93.57,0.0
2023-07-20,94.06,94.06,94.06,94.06,0.0
2023-07-21,93.36,93.36,93.36,93.36,0.0
2023-07-24,91.74,91.74,91.74,91.74,0.0
2023-07-25,90.0,90.0,90.0,90.0,0.0
2023-07-26,85.38,85.38,85.38,85.38,0.0
2023-07-27,94.05,94.05,94.05,94.05,0.0
2023-07-28,87.38,87.38,87.38,87.38,0.0
2023-07-31,86.68,86.68,86.68,86.68,0.0
2023-08-01,87.49,87.49,87.49,87.49,0.0
2023-08-02,96.2,96.2,96.2,96.2,0.0
2023-08-03,94.04,94.04,94.04,94.04,0.0
2023-08-04,99.63,99.63,99.63,99.63,0.0
2023-08-07,92.99,92.99,92.99,92.99,0.0
2023-08-08,94.91,94.91,94.91,94.91,0.0
2023-08-09,97.43,97.43,97.43,97.43,0.0
2023-08-10,99.78,99.78,99.78,99.78,0.0
2023-08-11,96.68,96.68,96.68,96.68,0.0
2023-08-14,95.33,95.33,95.33,95.33,0.0
2023-08-15,103.28,103.28,103.28,103.28,0.0
2023-08-16,104.54,104.54,104.54,104.54,0.0
2023-08-17,106.74,106.74,106.74,106.74,0.0
2023-08-18,97.28,97.28,97.28,97.28,0.0
2023-08-21,95.24,95.24,95.24,95.24,0.0
2023-08-22,92.62,92.62,92.62,92.62,0.0
2023-08-23,88.99,88.99,88.99,88.99,0.0
2023-08-24,92.17,92.17,92.17,92.17,0.0
2023-08-25,84.32,84.32,84.32,84.32,0.0
2023-08-28,82.23,82.23,82.23,82.23,0.0
2023-08-29,79.05,79.05,79.05,79.05,0.0
2023-08-30,78.63,78.63,78.63,78.63,0.0
2023-08-31,80.8,80.8,80.8,80.8,0.0
2023-09-01,82.65,82.65,82.65,82.65,0.0
2023-09-05,86.43,86.43,86.43,86.43,0.0
2023-09-06,87.85,87.85,87.85,87.85,0.0
2023-09-07,87.65,87.65,87.65,87.65,0.0
2023-09-08,85.27,85.27,85.27,85.27,0.0
2023-09-11,85.19,85.19,85.19,85.19,0.0
2023-09-12,85.63,85.63,85.63,85.63,0.0
2023-09-13,84.97,84.97,84.97,84.97,0.0
2023-09-14,82.48,82.48,82.48,82.48,0.0
2023-09-15,84.84,84.84,84.84,84.84,0.0
2023-09-18,84.77,84.77,84.77,84.77,0.0
2023-09-19,83.54,83.54,83.54,83.54,0.0
2023-09-20,88.05,88.05,88.05,88.05,0.0
2023-09-21,94.44,94.44,94.44,94.44,0.0
2023-09-22,90.54,90.54,90.54,90.54,0.0
2023-09-25,91.74,91.74,91.74,91.74,0.0
2023-09-26,103.04,103.04,103.04,103.04,0.0
2023-09-27,97.09,97.09,97.09,97.09,0.0
2023-09-28,93.72,93.72,93.72,93.72,0.0
2023-09-29,94.1,94.1,94.1,94.1,0.0
2023-10-02,95.39,95.39,95.39,95.39,0.0
2023-10-03,104.39,104.39,104.39,104.39,0.0
2023-10-04,95.58,95.58,95.58,95.58,0.0
2023-10-05,95.59,95.59,95.59,95.59,0.0
2023-10-06,91.16,91.16,91.16,91.16,0.0
2023-10-09,92.03,92.03,92.03,92.03,0.0
2023-10-10,90.1,90.1,90.1,90.1,0.0
2023-10-11,90.57,90.57,90.57,90.57,0.0
2023-10-12,91.87,91.87,91.87,91.87,0.0
2023-10-13,108.1,108.1,108.1,108.1,0.0
2023-10-16,95.69,95.69,95.69,95.69,0.0
2023-10-17,95.8,95.8,95.8,95.8,0.0
2023-10-18,105.89,105.89,105.89,105.89,0.0
2023-10-19,116.47,116.47,116.47,116.47,0.0
2023-10-20,115.43,115.43,115.43,115.43,0.0
2023-10-23,109.0,109.0,109.0,109.0,0.0
2023-10-24,98.54,98.54,98.54,98.54,0.0
2023-10-25,102.92,102.92,102.92,102.92,0.0
2023-10-26,101.97,101.97,101.97,101.97,0.0
2023-10-27,102.04,102.04,102.04,102.04,0.0
2023-10-30,95.23,95.23,95.23,95.23,0.0
2023-10-31,87.94,87.94,87.94,87.94,0.0
2023-11-01,85.08,85.08,85.08,85.08,0.0
2023-11-02,83.24,83.24,83.24,83.24,0.0
2023-11-03,82.83,82.83,82.83,82.83,0.0
2023-11-06,84.33,84.33,84.33,84.33,0.0
2023-11-07,83.43,83.43,83.43,83.43,0.0
2023-11-08,85.04,85.04,85.04,85.04,0.0
2023-11-09,88.74,88.74,88.74,88.74,0.0
2023-11-10,85.66,85.66,85.66,85.66,0.0
2023-11-13,85.51,85.51,85.51,85.51,0.0
2023-11-14,83.77,83.77,83.77,83.77,0.0
2023-11-15,84.91,84.91,84.91,84.91,0.0
2023-11-16,83.23,83.23,83.23,83.23,0.0
2023-11-17,81.83,81.83,81.83,81.83,0.0
2023-11-20,81.81,81.81,81.81,81.81,0.0
2023-11-21,81.77,81.77,81.77,81.77,0.0
2023-11-22,83.38,83.38,83.38,83.38,0.0
2023-11-24,83.0,83.0,83.0,83.0,0.0
2023-11-27,85.15,85.15,85.15,85.15,0.0
2023-11-28,85.14,85.14,85.14,85.14,0.0
2023-11-29,87.79,87.79,87.79,87.79,0.0
2023-11-30,86.71,86.71,86.71,86.71,0.0
2023-12-01,85.9,85.9,85.9,85.9,0.0
2023-12-04,87.76,87.76,87.76,87.76,0.0
2023-12-05,85.76,85.76,85.76,85.76,0.0
2023-12-06,86.85,86.85,86.85,86.85,0.0
2023-12-07,86.0,86.0,86.0,86.0,0.0
2023-12-08,81.11,81.11,81.11,81.11,0.0
2023-12-11,82.35,82.35,82.35,82.35,0.0
2023-12-12,83.54,83.54,83.54,83.54,0.0
2023-12-13,80.83,80.83,80.83,80.83,0.0
2023-12-14,80.83,80.83,80.83,80.83,0.0
2023-12-15,88.04,88.04,88.04,88.04,0.0
2023-12-18,88.67,88.67,88.67,88.67,0.0
2023-12-19,88.77,88.77,88.77,88.77,0.0
2023-12-20,92.18,92.18,92.18,92.18,0.0
2023-12-21,89.85,89.85,89.85,89.85,0.0
2023-12-22,88.62,88.62,88.62,88.62,0.0
2023-12-26,88.87,88.87,88.87,88.87,0.0
2023-12-27,86.22,86.22,86.22,86.22,0.0
2023-12-28,86.69,86.69,86.69,86.69,0.0
2023-12-29,86.96,86.96,86.96,86.96,0.0
2024-01-02,88.09,88.09,88.09,88.09,0.0
2024-01-03,89.65,89.65,89.65,89.65,0.0
2024-01-04,87.59,87.59,87.59,87.59,0.0
2024-01-05,82.87,82.87,82.87,82.87,0.0
2024-01-08,81.26,81.26,81.26,81.26,0.0
2024-01-09,78.59,78.59,78.59,78.59,0.0
2024-01-10,77.09,77.09,77.09,77.09,0.0
2024-01-11,75.54,75.54,75.54,75.54,0.0
2024-01-12,86.07,86.07,86.07,86.07,0.0
2024-01-16,89.59,89.59,89.59,89.59,0.0
2024-01-17,91.36,91.36,91.36,91.36,0.0
2024-01-18,86.34,86.34,86.34,86.34,0.0
2024-01-19,81.95,81.95,81.95,81.95,0.0
2024-01-22,79.17,79.17,79.17,79.17,0.0
2024-01-23,76.67,76.67,76.67,76.67,0.0
2024-01-24,80.94,80.94,80.94,80.94,0.0
2024-01-25,81.39,81.39,81.39,81.39,0.0
2024-01-26,82.2,82.2,82.2,82.2,0.0
2024-01-29,83.4,83.4,83.4,83.4,0.0
2024-01-30,82.24,82.24,82.24,82.24,0.0
2024-01-31,87.56,87.56,87.56,87.56,0.0
2024-02-01,84.83,84.83,84.83,84.83,0.0
2024-02-02,83.31,83.31,83.31,83.31,0.0
2024-02-05,79.58,79.58,79.58,79.58,0.0
2024-02-06,76.97,76.97,76.97,76.97,0.0
2024-02-07,80.54,80.54,80.54,80.54,0.0
2024-02-08,83.07,83.07,83.07,83.07,0.0
2024-02-09,81.94,81.94,81.94,81.94,0.0
2024-02-12,84.63,84.63,84.63,84.63,0.0
2024-02-13,93.19,93.19,93.19,93.19,0.0
2024-02-14,83.17,83.17,83.17,83.17,0.0
2024-02-15,82.4,82.4,82.4,82.4,0.0
2024-02-16,82.63,82.63,82.63,82.63,0.0
2024-02-20,86.1,86.1,86.1,86.1,0.0
2024-02-21,84.66,84.66,84.66,84.66,0.0
2024-02-22,80.88,80.88,80.88,80.88,0.0
2024-02-23,78.86,78.86,78.86,78.86,0.0
2024-02-26,80.5,80.5,80.5,80.5,0.0
2024-02-27,78.54,78.54,78.54,78.54,0.0
2024-02-28,80.36,80.36,80.36,80.36,0.0
2024-02-29,77.45,77.45,77.45,77.45,0.0
2024-03-01,77.68,77.68,77.68,77.68,0.0
2024-03-04,79.41,79.41,79.41,79.41,0.0
2024-03-05,83.91,83.91,83.91,83.91,0.0
2024-03-06,83.11,83.11,83.11,83.11,0.0
2024-03-07,82.13,82.13,82.13,82.13,0.0
2024-03-08,86.56,86.56,86.56,86.56,0.0
2024-03-11,88.97,88.97,88.97,88.97,0.0
2024-03-12,83.76,83.76,83.76,83.76,0.0
2024-03-13,86.27,86.27,86.27,86.27,0.0
2024-03-14,88.75,88.75,88.75,88.75,0.0
2024-03-15,92.17,92.17,92.17,92.17,0.0
2024-03-18,86.78,86.78,86.78,86.78,0.0
2024-03-19,83.9,83.9,83.9,83.9,0.0
2024-03-20,78.87,78.87,78.87,78.87,0.0
2024-03-21,77.3,77.3,77.3,77.3,0.0
2024-03-22,76.49,76.49,76.49,76.49,0.0
2024-03-25,76.6,76.6,76.6,76.6,0.0
2024-03-26,76.77,76.77,76.77,76.77,0.0
2024-03-27,76.0,76.0,76.0,76.0,0.0
2024-03-28,76.57,76.57,76.57,76.57,0.0
2024-04-01,78.45,78.45,78.45,78.45,0.0
2024-04-02,82.76,82.76,82.76,82.76,0.0
2024-04-03,81.08,81.08,81.08,81.08,0.0
2024-04-04,90.04,90.04,90.04,90.04,0.0
2024-04-05,90.58,90.58,90.58,90.58,0.0
2024-04-08,86.26,86.26,86.26,86.26,0.0
2024-04-09,84.45,84.45,84.45,84.45,0.0
2024-04-10,91.76,91.76,91.76,91.76,0.0
2024-04-11,89.4,89.4,89.4,89.4,0.0
2024-04-12,102.72,102.72,102.72,102.72,0.0
2024-04-15,109.64,109.64,109.64,109.64,0.0
2024-04-16,99.25,99.25,99.25,99.25,0.0
2024-04-17,98.76,98.76,98.76,98.76,0.0
2024-04-18,95.99,95.99,95.99,95.99,0.0
2024-04-19,99.09,99.09,99.09,99.09,0.0
2024-04-22,89.54,89.54,89.54,89.54,0.0
2024-04-23,82.36,82.36,82.36,82.36,0.0
2024-04-24,83.61,83.61,83.61,83.61,0.0
2024-04-25,82.54,82.54,82.54,82.54,0.0
2024-04-26,79.56,79.56,79.56,79.56,0.0
2024-04-29,78.22,78.22,78.22,78.22,0.0
2024-04-30,81.82,81.82,81.82,81.82,0.0
2024-05-01,81.93,81.93,81.93,81.93,0.0
2024-05-02,78.59,78.59,78.59,78.59,0.0
2024-05-03,74.57,74.57,74.57,74.57,0.0
2024-05-06,73.46,73.46,73.46,73.46,0.0
2024-05-07,74.54,74.54,74.54,74.54,0.0
2024-05-08,74.5,74.5,74.5,74.5,0.0
2024-05-09,73.77,73.77,73.77,73.77,0.0
2024-05-10,73.26,73.26,73.26,73.26,0.0
2024-05-13,77.55,77.55,77.55,77.55,0.0
2024-05-14,77.65,77.65,77.65,77.65,0.0
2024-05-15,76.31,76.31,76.31,76.31,0.0
2024-05-16,77.74,77.74,77.74,77.74,0.0
2024-05-17,78.43,78.43,78.43,78.43,0.0
2024-05-20,79.45,79.45,79.45,79.45,0.0
2024-05-21,77.62,77.62,77.62,77.62,0.0
2024-05-22,79.96,79.96,79.96,79.96,0.0
2024-05-23,84.62,84.62,84.62,84.62,0.0
2024-05-24,79.09,79.09,79.09,79.09,0.0
2024-05-28,81.64,81.64,81.64,81.64,0.0
2024-05-29,83.79,83.79,83.79,83.79,0.0
2024-05-30,83.44,83.44,83.44,83.44,0.0
2024-05-31,78.27,78.27,78.27,78.27,0.0
2024-06-03,78.79,78.79,78.79,78.79,0.0
2024-06-04,77.65,77.65,77.65,77.65,0.0
2024-06-05,75.24,75.24,75.24,75.24,0.0
2024-06-06,77.91,77.91,77.91,77.91,0.0
2024-06-07,76.65,76.65,76.65,76.65,0.0
2024-06-10,78.97,78.97,78.97,78.97,0.0
2024-06-11,79.95,79.95,79.95,79.95,0.0
2024-06-12,77.6,77.6,77.6,77.6,0.0
2024-06-13,78.2,78.2,78.2,78.2,0.0
2024-06-14,83.72,83.72,83.72,83.72,0.0
2024-06-17,83.34,83.34,83.34,83.34,0.0
2024-06-18,80.63,80.63,80.63,80.63,0.0
2024-06-20,85.72,85.72,85.72,85.72,0.0
2024-06-21,83.31,83.31,83.31,83.31,0.0
2024-06-24,84.8,84.8,84.8,84.8,0.0
2024-06-25,82.87,82.87,82.87,82.87,0.0
2024-06-26,81.45,81.45,81.45,81.45,0.0
2024-06-27,79.5,79.5,79.5,79.5,0.0
2024-06-28,79.48,79.48,79.48,79.48,0.0
2024-07-01,76.05,76.05,76.05,76.05,0.0
2024-07-02,77.06,77.06,77.06,77.06,0.0
2024-07-03,78.07,78.07,78.07,78.07,0.0
2024-07-05,78.8,78.8,78.8,78.8,0.0
2024-07-08,78.59,78.59,78.59,78.59,0.0
2024-07-09,78.58,78.58,78.58,78.58,0.0
2024-07-10,83.41,83.41,83.41,83.41,0.0
2024-07-11,84.47,84.47,84.47,84.47,0.0
2024-07-12,81.61,81.61,81.61,81.61,0.0
2024-07-15,83.86,83.86,83.86,83.86,0.0
2024-07-16,82.4,82.4,82.4,82.4,0.0
2024-07-17,88.28,88.28,88.28,88.28,0.0
2024-07-18,94.71,94.71,94.71,94.71,0.0
2024-07-19,97.93,97.93,97.93,97.93,0.0
2024-07-22,93.66,93.66,93.66,93.66,0.0
2024-07-23,88.51,88.51,88.51,88.51,0.0
2024-07-24,106.12,106.12,106.12,106.12,0.0
2024-07-25,104.38,104.38,104.38,104.38,0.0
2024-07-26,94.61,94.61,94.61,94.61,0.0
2024-07-29,93.51,93.51,93.51,93.51,0.0
2024-07-30,99.97,99.97,99.97,99.97,0.0
2024-07-31,94.25,94.25,94.25,94.25,0.0
2024-08-01,111.18,111.18,111.18,111.18,0.0
2024-08-02,136.81,136.81,136.81,136.81,0.0
2024-08-05,173.32,173.32,173.32,173.32,0.0
2024-08-06,150.09,150.09,150.09,150.09,0.0
2024-08-07,151.24,151.24,151.24,151.24,0.0
2024-08-08,134.34,134.34,134.34,134.34,0.0
2024-08-09,114.63,114.63,114.63,114.63,0.0
2024-08-12,121.94,121.94,121.94,121.94,0.0
2024-08-13,113.89,113.89,113.89,113.89,0.0
2024-08-14,107.81,107.81,107.81,107.81,0.0
2024-08-15,105.42,105.42,105.42,105.42,0.0
2024-08-16,103.42,103.42,103.42,103.42,0.0
2024-08-19,98.82,98.82,98.82,98.82,0.0
2024-08-20,101.74,101.74,101.74,101.74,0.0
2024-08-21,106.72,106.72,106.72,106.72,0.0
2024-08-22,112.53,112.53,112.53,112.53,0.0
2024-08-23,99.22,99.22,99.22,99.22,0.0
2024-08-26,100.68,100.68,100.68,100.68,0.0
2024-08-27,93.45,93.45,93.45,93.45,0.0
2024-08-28,106.32,106.32,106.32,106.32,0.0
2024-08-29,97.08,97.08,97.08,97.08,0.0
2024-08-30,93.73,93.73,93.73,93.73,0.0
2024-09-03,129.79,129.79,129.79,129.79,0.0
2024-09-04,123.47,123.47,123.47,123.47,0.0
2024-09-05,115.01,115.01,115.01,115.01,0.0
2024-09-06,119.33,119.33,119.33,119.33,0.0
2024-09-09,110.85,110.85,110.85,110.85,0.0
2024-09-10,107.2,107.2,107.2,107.2,0.0
2024-09-11,102.9,102.9,102.9,102.9,0.0
2024-09-12,103.94,103.94,103.94,103.94,0.0
2024-09-13,101.88,101.88,101.88,101.88,0.0
2024-09-16,106.67,106.67,106.67,106.67,0.0
2024-09-17,107.19,107.19,107.19,107.19,0.0
2024-09-18,105.43,105.43,105.43,105.43,0.0
2024-09-19,97.46,97.46,97.46,97.46,0.0
2024-09-20,94.27,94.27,94.27,94.27,0.0
2024-09-23,94.41,94.41,94.41,94.41,0.0
2024-09-24,90.93,90.93,90.93,90.93,0.0
2024-09-25,90.48,90.48,90.48,90.48,0.0
2024-09-26,89.86,89.86,89.86,89.86,0.0
2024-09-27,101.34,101.34,101.34,101.34,0.0
2024-09-30,99.34,99.34,99.34,99.34,0.0
2024-10-01,110.14,110.14,110.14,110.14,0.0
2024-10-02,107.97,107.97,107.97,107.97,0.0
2024-10-03,115.64,115.64,115.64,115.64,0.0
2024-10-04,110.63,110.63,110.63,110.63,0.0
2024-10-07,122.58,122.58,122.58,122.58,0.0
2024-10-08,114.82,114.82,114.82,114.82,0.0
2024-10-09,119.36,119.36,119.36,119.36,0.0
2024-10-10,117.43,117.43,117.43,117.43,0.0
2024-10-11,113.99,113.99,113.99,113.99,0.0
2024-10-14,107.22,107.22,107.22,107.22,0.0
2024-10-15,112.9,112.9,112.9,112.9,0.0
2024-10-16,111.62,111.62,111.62,111.62,0.0
2024-10-17,105.89,105.89,105.89,105.89,0.0
2024-10-18,100.95,100.95,100.95,100.95,0.0
2024-10-21,102.96,102.96,102.96,102.96,0.0
2024-10-22,100.5,100.5,100.5,100.5,0.0
2024-10-23,108.11,108.11,108.11,108.11,0.0
2024-10-24,109.84,109.84,109.84,109.84,0.0
2024-10-25,117.5,117.5,117.5,117.5,0.0
2024-10-28,112.23,112.23,112.23,112.23,0.0
2024-10-29,108.7,108.7,108.7,108.7,0.0
2024-10-30,112.77,112.77,112.77,112.77,0.0
2024-10-31,121.89,121.89,121.89,121.89,0.0
2024-11-01,119.12,119.12,119.12,119.12,0.0
2024-11-04,121.8,121.8,121.8,121.8,0.0
2024-11-05,114.32,114.32,114.32,114.32,0.0
2024-11-06,97.24,97.24,97.24,97.24,0.0
2024-11-07,88.6,88.6,88.6,88.6,0.0
2024-11-08,87.76,87.76,87.76,87.76,0.0
2024-11-11,90.73,90.73,90.73,90.73,0.0
2024-11-12,89.45,89.45,89.45,89.45,0.0
2024-11-13,91.76,91.76,91.76,91.76,0.0
2024-11-14,90.43,90.43,90.43,90.43,0.0
2024-11-15,98.93,98.93,98.93,98.93,0.0
2024-11-18,93.81,93.81,93.81,93.81,0.0
2024-11-19,97.37,97.37,97.37,97.37,0.0
2024-11-20,102.2,102.2,102.2,102.2,0.0
2024-11-21,101.3,101.3,101.3,101.3,0.0
2024-11-22,95.13,95.13,95.13,95.13,0.0
2024-11-25,88.79,88.79,88.79,88.79,0.0
2024-11-26,87.71,87.71,87.71,87.71,0.0
2024-11-27,88.36,88.36,88.36,88.36,0.0
2024-11-29,86.32,86.32,86.32,86.32,0.0
2024-12-02,87.11,87.11,87.11,87.11,0.0
2024-12-03,86.43,86.43,86.43,86.43,0.0
2024-12-04,86.48,86.48,86.48,86.48,0.0
2024-12-05,86.95,86.95,86.95,86.95,0.0
2024-12-06,87.38,87.38,87.38,87.38,0.0
2024-12-09,93.84,93.84,93.84,93.84,0.0
2024-12-10,94.35,94.35,94.35,94.35,0.0
2024-12-11,98.12,98.12,98.12,98.12,0.0
2024-12-12,99.43,99.43,99.43,99.43,0.0
2024-12-13,96.5,96.5,96.5,96.5,0.0
2024-12-16,98.35,98.35,98.35,98.35,0.0
2024-12-17,100.73,100.73,100.73,100.73,0.0
2024-12-18,129.79,129.79,129.79,129.79,0.0
2024-12-19,136.29,136.29,136.29,136.29,0.0
2024-12-20,114.01,114.01,114.01,114.01,0.0
2024-12-23,102.34,102.34,102.34,102.34,0.0
2024-12-24,91.05,91.05,91.05,91.05,0.0
2024-12-26,92.77,92.77,92.77,92.77,0.0
2024-12-27,98.81,98.81,98.81,98.81,0.0
2024-12-30,103.05,103.05,103.05,103.05,0.0
2024-12-31,104.33,104.33,104.33,104.33,0.0
2025-01-02,106.59,106.59,106.59,106.59,0.0
2025-01-03,94.36,94.36,94.36,94.36,0.0
2025-01-06,95.89,95.89,95.89,95.89,0.0
2025-01-07,106.37,106.37,106.37,106.37,0.0
2025-01-08,103.93,103.93,103.93,103.93,0.0
2025-01-10,115.49,115.49,115.49,115.49,0.0
2025-01-13,110.94,110.94,110.94,110.94,0.0
2025-01-14,107.93,107.93,107.93,107.93,0.0
2025-01-15,97.79,97.79,97.79,97.79,0.0
2025-01-16,99.84,99.84,99.84,99.84,0.0
2025-01-17,101.61,101.61,101.61,101.61,0.0
2025-01-21,98.26,98.26,98.26,98.26,0.0
2025-01-22,100.56,100.56,100.56,100.56,0.0
2025-01-23,99.52,99.52,99.52,99.52,0.0
2025-01-24,100.41,100.41,100.41,100.41,0.0
2025-01-27,110.31,110.31,110.31,110.31,0.0
2025-01-28,103.74,103.74,103.74,103.74,0.0
2025-01-29,101.68,101.68,101.68,101.68,0.0
2025-01-30,98.32,98.32,98.32,98.32,0.0
2025-01-31,101.5,101.5,101.5,101.5,0.0
2025-02-03,109.01,109.01,109.01,109.01,0.0
2025-02-04,100.88,100.88,100.88,100.88,0.0
2025-02-05,97.29,97.29,97.29,97.29,0.0
2025-02-06,96.77,96.77,96.77,96.77,0.0
2025-02-07,101.49,101.49,101.49,101.49,0.0
2025-02-10,99.15,99.15,99.15,99.15,0.0
2025-02-11,99.82,99.82,99.82,99.82,0.0
2025-02-12,98.74,98.74,98.74,98.74,0.0
2025-02-13,95.48,95.48,95.48,95.48,0.0
2025-02-14,96.9,96.9,96.9,96.9,0.0
2025-02-18,98.5,98.5,98.5,98.5,0.0
2025-02-19,95.55,95.55,95.55,95.55,0.0
2025-02-20,94.99,94.99,94.99,94.99,0.0
2025-02-21,105.71,105.71,105.71,105.71,0.0
2025-02-24,106.8,106.8,106.8,106.8,0.0
2025-02-25,108.47,108.47,108.47,108.47,0.0
2025-02-26,106.05,106.05,106.05,106.05,0.0
2025-02-27,114.79,114.79,114.79,114.79,0.0
2025-02-28,108.99,108.99,108.99,108.99,0.0
2025-03-03,118.74,118.74,118.74,118.74,0.0
2025-03-04,118.56,118.56,118.56,118.56,0.0
2025-03-05,109.63,109.63,109.63,109.63,0.0
2025-03-06,120.82,120.82,120.82,120.82,0.0
2025-03-07,115.73,115.73,115.73,115.73,0.0
2025-03-10,128.46,128.46,128.46,128.46,0.0
2025-03-11,129.51,129.51,129.51,129.51,0.0
2025-03-12,115.89,115.89,115.89,115.89,0.0
2025-03-13,112.89,112.89,112.89,112.89,0.0
2025-03-14,98.23,98.23,98.23,98.23,0.0
2025-03-17,95.93,95.93,95.93,95.93,0.0
2025-03-18,99.68,99.68,99.68,99.68,0.0
2025-03-19,93.23,93.23,93.23,93.23,0.0
2025-03-20,89.95,89.95,89.95,89.95,0.0
2025-03-21,87.99,87.99,87.99,87.99,0.0
2025-03-24,81.89,81.89,81.89,81.89,0.0
2025-03-25,87.46,87.46,87.46,87.46,0.0
2025-03-26,90.24,90.24,90.24,90.24,0.0
2025-03-27,89.51,89.51,89.51,89.51,0.0
2025-03-28,102.44,102.44,102.44,102.44,0.0
2025-03-31,99.12,99.12,99.12,99.12,0.0
2025-04-01,97.55,97.55,97.55,97.55,0.0
2025-04-02,118.37,118.37,118.37,118.37,0.0
2025-04-03,119.48,119.48,119.48,119.48,0.0
2025-04-04,147.16,147.16,147.16,147.16,0.0
2025-04-07,152.63,152.63,152.63,152.63,0.0
2025-04-08,170.92,170.92,170.92,170.92,0.0
2025-04-09,142.5,142.5,142.5,142.5,0.0
2025-04-10,157.24,157.24,157.24,157.24,0.0
2025-04-11,147.35,147.35,147.35,147.35,0.0
2025-04-14,122.32,122.32,122.32,122.32,0.0
2025-04-15,115.89,115.89,115.89,115.89,0.0
2025-04-16,122.91,122.91,122.91,122.91,0.0
2025-04-17,116.26,116.26,116.26,116.26,0.0
2025-04-21,124.11,124.11,124.11,124.11,0.0
2025-04-22,112.96,112.96,112.96,112.96,0.0
2025-04-23,109.02,109.02,109.02,109.02,0.0
2025-04-24,102.98,102.98,102.98,102.98,0.0
2025-04-25,98.95,98.95,98.95,98.95,0.0
2025-04-28,103.39,103.39,103.39,103.39,0.0
2025-04-29,101.31,101.31,101.31,101.31,0.0
2025-04-30,102.29,102.29,102.29,102.29,0.0
2025-05-01,102.31,102.31,102.31,102.31,0.0
2025-05-02,97.26,97.26,97.26,97.26,0.0
2025-05-05,101.17,101.17,101.17,101.17,0.0
2025-05-06,104.32,104.32,104.32,104.32,0.0
2025-05-07,99.82,99.82,99.82,99.82,0.0
2025-05-08,96.29,96.29,96.29,96.29,0.0
2025-05-09,96.35,96.35,96.35,96.35,0.0
2025-05-12,87.93,87.93,87.93,87.93,0.0
2025-05-13,91.59,91.59,91.59,91.59,0.0
2025-05-14,97.16,97.16,97.16,97.16,0.0
2025-05-15,94.11,94.11,94.11,94.11,0.0
2025-05-16,94.94,94.94,94.94,94.94,0.0
2025-05-19,96.89,96.89,96.89,96.89,0.0
2025-05-20,96.62,96.62,96.62,96.62,0.0
2025-05-21,106.3,106.3,106.3,106.3,0.0
2025-05-22,104.1,104.1,104.1,104.1,0.0
2025-05-23,109.76,109.76,109.76,109.76,0.0
2025-05-27,96.49,96.49,96.49,96.49,0.0
2025-05-28,97.15,97.15,97.15,97.15,0.0
2025-05-29,95.32,95.32,95.32,95.32,0.0
2025-05-30,95.15,95.15,95.15,95.15,0.0
2025-06-02,91.84,91.84,91.84,91.84,0.0
2025-06-03,90.89,90.89,90.89,90.89,0.0
2025-06-04,90.79,90.79,90.79,90.79,0.0
2025-06-05,93.2,93.2,93.2,93.2,0.0
2025-06-06,89.45,89.45,89.45,89.45,0.0
2025-06-09,88.97,88.97,88.97,88.97,0.0
2025-06-10,92.06,92.06,92.06,92.06,0.0
2025-06-11,99.02,99.02,99.02,99.02,0.0
2025-06-12,103.04,103.04,103.04,103.04,0.0
2025-06-13,113.37,113.37,113.37,113.37,0.0
2025-06-16,106.19,106.19,106.19,106.19,0.0
2025-06-17,115.5,115.5,115.5,115.5,0.0
2025-06-18,106.2,106.2,106.2,106.2,0.0
2025-06-20,108.86,108.86,108.86,108.86,0.0
2025-06-23,104.32,104.32,104.32,104.32,0.0
2025-06-24,92.29,92.29,92.29,92.29,0.0
2025-06-25,89.65,89.65,89.65,89.65,0.0
2025-06-26,89.6,89.6,89.6,89.6,0.0
2025-06-27,91.84,91.84,91.84,91.84,0.0
2025-06-30,89.74,89.74,89.74,89.74,0.0
2025-07-01,89.54,89.54,89.54,89.54,0.0
2025-07-02,89.8,89.8,89.8,89.8,0.0
2025-07-03,90.6,90.6,90.6,90.6,0.0
2025-07-07,96.3,96.3,96.3,96.3,0.0
2025-07-08,91.31,91.31,91.31,91.31,0.0
2025-07-09,91.76,91.76,91.76,91.76,0.0
2025-07-10,90.94,90.94,90.94,90.94,0.0
2025-07-11,93.53,93.53,93.53,93.53,0.0
2025-07-14,95.75,95.75,95.75,95.75,0.0
2025-07-15,94.66,94.66,94.66,94.66,0.0
2025-07-16,95.56,95.56,95.56,95.56,0.0
2025-07-17,92.9,92.9,92.9,92.9,0.0
2025-07-18,93.15,93.15,93.15,93.15,0.0
2025-07-21,92.26,92.26,92.26,92.26,0.0
2025-07-22,90.58,90.58,90.58,90.58,0.0
2025-07-23,88.04,88.04,88.04,88.04,0.0
2025-07-24,89.75,89.75,89.75,89.75,0.0
2025-07-25,90.59,90.59,90.59,90.59,0.0
2025-07-28,88.59,88.59,88.59,88.59,0.0
2025-07-29,95.14,95.14,95.14,95.14,0.0
2025-07-30,94.33,94.33,94.33,94.33,0.0
2025-07-31,98.37,98.37,98.37,98.37,0.0
2025-08-01,109.79,109.79,109.79,109.79,0.0
2025-08-04,95.85,95.85,95.85,95.85,0.0
2025-08-05,97.65,97.65,97.65,97.65,0.0
2025-08-06,97.81,97.81,97.81,97.81,0.0
2025-08-07,97.37,97.37,97.37,97.37,0.0
2025-08-08,93.14,93.14,93.14,93.14,0.0
2025-08-11,97.09,97.09,97.09,97.09,0.0
2025-08-12,92.86,92.86,92.86,92.86,0.0
2025-08-13,98.17,98.17,98.17,98.17,0.0
2025-08-14,98.04,98.04,98.04,98.04,0.0
2025-08-15,97.85,97.85,97.85,97.85,0.0
2025-08-18,96.63,96.63,96.63,96.63,0.0
2025-08-19,102.09,102.09,102.09,102.09,0.0
2025-08-20,98.6,98.6,98.6,98.6,0.0
2025-08-21,99.99,99.99,99.99,99.99,0.0
2025-08-22,89.78,89.78,89.78,89.78,0.0
2025-08-25,92.3,92.3,92.3,92.3,0.0
2025-08-26,91.65,91.65,91.65,91.65,0.0
2025-08-27,94.93,94.93,94.93,94.93,0.0
2025-08-28,92.03,92.03,92.03,92.03,0.0
2025-08-29,97.17,97.17,97.17,97.17,0.0
2025-09-02,103.88,103.88,103.88,103.88,0.0
2025-09-03,99.62,99.62,99.62,99.62,0.0
2025-09-04,95.28,95.28,95.28,95.28,0.0
2025-09-05,93.06,93.06,93.06,93.06,0.0
2025-09-08,92.29,92.29,92.29,92.29,0.0
2025-09-09,93.16,93.16,93.16,93.16,0.0
2025-09-10,100.53,100.53,100.53,100.53,0.0
2025-09-11,96.32,96.32,96.32,96.32,0.0
2025-09-12,96.78,96.78,96.78,96.78,0.0
2025-09-15,99.55,99.55,99.55,99.55,0.0
2025-09-16,104.1,104.1,104.1,104.1,0.0
2025-09-17,96.17,96.17,96.17,96.17,0.0
2025-09-18,97.28,97.28,97.28,97.28,0.0
2025-09-19,96.9,96.9,96.9,96.9,0.0
2025-09-22,99.75,99.75,99.75,99.75,0.0
2025-09-23,101.23,101.23,101.23,101.23,0.0
2025-09-24,99.99,99.99,99.99,99.99,0.0
2025-09-25,100.34,100.34,100.34,100.34,0.0
2025-09-26,93.4,93.4,93.4,93.4,0.0
2025-09-29,96.74,96.74,96.74,96.74,0.0
2025-09-30,95.89,95.89,95.89,95.89,0.0
2025-10-01,93.22,93.22,93.22,93.22,0.0
2025-10-02,94.1,94.1,94.1,94.1,0.0
2025-10-03,94.79,94.79,94.79,94.79,0.0
2025-10-06,95.38,95.38,95.38,95.38,0.0
2025-10-07,98.7,98.7,98.7,98.7,0.0
2025-10-08,96.22,96.22,96.22,96.22,0.0
2025-10-09,97.25,97.25,97.25,97.25,0.0
2025-10-10,116.25,116.25,116.25,116.25,0.0
2025-10-13,106.45,106.45,106.45,106.45,0.0
2025-10-14,113.19,113.19,113.19,113.19,0.0
2025-10-15,117.3,117.3,117.3,117.3,0.0
2025-10-16,134.25,134.25,134.25,134.25,0.0
2025-10-17,115.63,115.63,115.63,115.63,0.0
2025-10-20,103.18,103.18,103.18,103.18,0.0
2025-10-21,103.36,103.36,103.36,103.36,0.0
2025-10-22,104.87,104.87,104.87,104.87,0.0
2025-10-23,98.6,98.6,98.6,98.6,0.0
2025-10-24,98.03,98.03,98.03,98.03,0.0
2025-10-27,97.4,97.4,97.4,97.4,0.0
2025-10-28,101.51,101.51,101.51,101.51,0.0
2025-10-29,103.57,103.57,103.57,103.57,0.0
2025-10-30,102.84,102.84,102.84,102.84,0.0
2025-10-31,104.46,104.46,104.46,104.46,0.0
2025-11-03,101.43,101.43,101.43,101.43,0.0
2025-11-04,104.44,104.44,104.44,104.44,0.0
2025-11-05,100.77,100.77,100.77,100.77,0.0
2025-11-06,105.71,105.71,105.71,105.71,0.0
2025-11-07,103.6,103.6,103.6,103.6,0.0
2025-11-10,98.91,98.91,98.91,98.91,0.0
2025-11-11,99.6,99.6,99.6,99.6,0.0
2025-11-12,103.47,103.47,103.47,103.47,0.0
2025-11-13,111.25,111.25,111.25,111.25,0.0
2025-11-14,107.95,107.95,107.95,107.95,0.0
2025-11-17,117.86,117.86,117.86,117.86,0.0
2025-11-18,124.32,124.32,124.32,124.32,0.0
2025-11-19,119.57,119.57,119.57,119.57,0.0
2025-11-20,128.65,128.65,128.65,128.65,0.0
2025-11-21,118.34,118.34,118.34,118.34,0.0
2025-11-24,103.96,103.96,103.96,103.96,0.0
2025-11-25,96.85,96.85,96.85,96.85,0.0
2025-11-26,92.17,92.17,92.17,92.17,0.0
2025-11-28,90.34,90.34,90.34,90.34,0.0
2025-12-01,93.76,93.76,93.76,93.76,0.0
2025-12-02,91.71,91.71,91.71,91.71,0.0
2025-12-03,92.39,92.39,92.39,92.39,0.0
2025-12-04,91.28,91.28,91.28,91.28,0.0
2025-12-05,90.65,90.65,90.65,90.65,0.0
2025-12-08,97.35,97.35,97.35,97.35,0.0
2025-12-09,98.14,98.14,98.14,98.14,0.0
2025-12-10,99.11,99.11,99.11,99.11,0.0
2025-12-11,95.41,95.41,95.41,95.41,0.0
2025-12-12,97.33,97.33,97.33,97.33,0.0
2025-12-15,100.37,100.37,100.37,100.37,0.0
2025-12-16,98.36,98.36,98.36,98.36,0.0
2025-12-17,99.89,99.89,99.89,99.89,0.0
2025-12-18,92.61,92.61,92.61,92.61,0.0
2025-12-19,83.87,83.87,83.87,83.87,0.0
2025-12-22,81.97,81.97,81.97,81.97,0.0
2025-12-23,85.14,85.14,85.14,85.14,0.0
2025-12-24,85.24,85.24,85.24,85.24,0.0
2025-12-26,84.24,84.24,84.24,84.24,0.0
2025-12-29,85.88,85.88,85.88,85.88,0.0
2025-12-30,87.13,87.13,87.13,87.13,0.0
2025-12-31,92.67,92.67,92.67,92.67,0.0
2026-01-02,90.1,90.1,90.1,90.1,0.0
2026-01-05,90.51,90.51,90.51,90.51,0.0
2026-01-06,89.01,89.01,89.01,89.01,0.0
2026-01-07,91.86,91.86,91.86,91.86,0.0
2026-01-08,89.85,89.85,89.85,89.85,0.0
2026-01-09,88.19,88.19,88.19,88.19,0.0
2026-01-12,93.13,93.13,93.13,93.13,0.0
2026-01-13,101.07,101.07,101.07,101.07,0.0
2026-01-14,104.85,104.85,104.85,104.85,0.0
2026-01-15,100.9,100.9,100.9,100.9,0.0
2026-01-16,102.05,102.05,102.05,102.05,0.0
2026-01-20,117.05,117.05,117.05,117.05,0.0
2026-01-21,102.57,102.57,102.57,102.57,0.0
2026-01-22,96.12,96.12,96.12,96.12,0.0
2026-01-23,101.83,101.83,101.83,101.83,0.0
2026-01-26,99.75,99.75,99.75,99.75,0.0
2026-01-27,101.26,101.26,101.26,101.26,0.0
2026-01-28,100.46,100.46,100.46,100.46,0.0
2026-01-29,101.76,101.76,101.76,101.76,0.0
2026-01-30,108.18,108.18,108.18,108.18,0.0
2026-02-02,98.77,98.77,98.77,98.77,0.0
2026-02-03,103.82,103.82,103.82,103.82,0.0
2026-02-04,106.16,106.16,106.16,106.16,0.0
2026-02-05,117.07,117.07,117.07,117.07,0.0
2026-02-06,100.99,100.99,100.99,100.99,0.0
2026-02-09,98.6,98.6,98.6,98.6,0.0
2026-02-10,100.81,100.81,100.81,100.81,0.0
2026-02-11,102.15,102.15,102.15,102.15,0.0
2026-02-12,112.3,112.3,112.3,112.3,0.0
2026-02-13,115.52,115.52,115.52,115.52,0.0
2026-02-17,107.09,107.09,107.09,107.09,0.0
2026-02-18,108.69,108.69,108.69,108.69,0.0
2026-02-19,111.67,111.67,111.67,111.67,0.0
2026-02-20,108.71,108.71,108.71,108.71,0.0
2026-02-23,115.66,115.66,115.66,115.66,0.0
2026-02-24,108.61,108.61,108.61,108.61,0.0
2026-02-25,103.98,103.98,103.98,103.98,0.0
2026-02-26,104.15,104.15,104.15,104.15,0.0
2026-02-27,110.89,110.89,110.89,110.89,0.0
2026-03-02,113.44,113.44,113.44,113.44,0.0
2026-03-03,116.02,116.02,116.02,116.02,0.0
2026-03-04,106.94,106.94,106.94,106.94,0.0
2026-03-05,115.93,115.93,115.93,115.93,0.0
2026-03-06,140.44,140.44,140.44,140.44,0.0
2026-03-09,122.6,122.6,122.6,122.6,0.0
2026-03-10,125.36,125.36,125.36,125.36,0.0
2026-03-11,122.49,122.49,122.49,122.49,0.0
2026-03-12,130.18,130.18,130.18,130.18,0.0
2026-03-13,131.05,131.05,131.05,131.05,0.0
2026-03-16,116.78,116.78,116.78,116.78,0.0
2026-03-17,110.55,110.55,110.55,110.55,0.0
2026-03-18,126.5,126.5,126.5,126.5,0.0
2026-03-19,118.09,118.09,118.09,118.09,0.0
2026-03-20,126.28,126.28,126.28,126.28,0.0
2026-03-23,122.82,122.82,122.82,122.82,0.0
2026-03-24,124.14,124.14,124.14,124.14,0.0
2026-03-25,119.37,119.37,119.37,119.37,0.0
2026-03-26,124.43,124.43,124.43,124.43,0.0
2026-03-27,133.18,133.18,133.18,133.18,0.0
2026-03-30,127.84,127.84,127.84,127.84,0.0
2026-03-31,116.05,116.05,116.05,116.05,0.0
2026-04-01,114.83,114.83,114.83,114.83,0.0
2026-04-02,115.33,115.33,115.33,115.33,0.0
2026-04-06,113.53,113.53,113.53,113.53,0.0
2026-04-07,117.3,117.3,117.3,117.3,0.0
2026-04-08,111.07,111.07,111.07,111.07,0.0
2026-04-09,105.37,105.37,105.37,105.37,0.0
2026-04-10,107.3,107.3,107.3,107.3,0.0
2026-04-13,102.63,102.63,102.63,102.63,0.0
2026-04-14,95.4,95.4,95.4,95.4,0.0
2026-04-15,97.65,97.65,97.65,97.65,0.0
2026-04-16,96.8,96.8,96.8,96.8,0.0
2026-04-17,95.13,95.13,95.13,95.13,0.0
2026-04-20,98.15,98.15,98.15,98.15,0.0
2026-04-21,101.89,101.89,101.89,101.89,0.0
2026-04-22,98.73,98.73,98.73,98.73,0.0
2026-04-23,98.57,98.57,98.57,98.57,0.0
2026-04-24,97.18,97.18,97.18,97.18,0.0
2026-04-27,93.86,93.86,93.86,93.86,0.0
2026-04-28,91.03,91.03,91.03,91.03,0.0
2026-04-29,96.02,96.02,96.02,96.02,0.0
2026-04-30,93.7,93.7,93.7,93.7,0.0
2026-05-01,95.17,95.17,95.17,95.17,0.0
2026-05-04,98.29,98.29,98.29,98.29,0.0
2026-05-05,95.26,95.26,95.26,95.26,0.0
2026-05-06,93.7,93.7,93.7,93.7,0.0
2026-05-07,93.61,93.61,93.61,93.61,0.0
2026-05-08,96.78,96.78,96.78,96.78,0.0
2026-05-11,98.06,98.06,98.06,98.06,0.0
2026-05-12,98.55,98.55,98.55,98.55,0.0
2026-05-13,98.36,98.36,98.36,98.36,0.0
2026-05-14,94.26,94.26,94.26,94.26,0.0
2026-05-15,92.94,92.94,92.94,92.94,0.0
2026-05-18,91.18,91.18,91.18,91.18,0.0
2026-05-19,94.61,94.61,94.61,94.61,0.0
2026-05-20,96.45,96.45,96.45,96.45,0.0
2026-05-21,91.88,91.88,91.88,91.88,0.0
2026-05-22,91.16,91.16,91.16,91.16,0.0
2026-05-26,89.55,89.55,89.55,89.55,0.0
2026-05-27,87.53,87.53,87.53,87.53,0.0
2026-05-28,86.03,86.03,86.03,86.03,0.0
2026-05-29,86.06,86.06,86.06,86.06,0.0
2026-06-01,91.6,91.6,91.6,91.6,0.0
2026-06-02,90.53,90.53,90.53,90.53,0.0
2026-06-03,89.8,89.8,89.8,89.8,0.0
2026-06-04,85.75,85.75,85.75,85.75,0.0
2026-06-05,102.04,102.04,102.04,102.04,0.0
2026-06-08,92.4,92.4,92.4,92.4,0.0
2026-06-09,95.81,95.81,95.81,95.81,0.0
2026-06-10,108.16,108.16,108.16,108.16,0.0
2026-06-11,100.63,100.63,100.63,100.63,0.0
2026-06-12,93.82,93.82,93.82,93.82,0.0
2026-06-15,87.58,87.58,87.58,87.58,0.0
2026-06-16,87.69,87.69,87.69,87.69,0.0
2026-06-17,94.53,94.53,94.53,94.53,0.0
2026-06-18,88.43,88.43,88.43,88.43,0.0
2026-06-22,91.72,91.72,91.72,91.72,0.0
2026-06-23,99.5,99.5,99.5,99.5,0.0
2026-06-24,95.58,95.58,95.58,95.58,0.0
2026-06-25,91.19,91.19,91.19,91.19,0.0
2026-06-26,89.02,89.02,89.02,89.02,0.0
2026-06-29,88.71,88.71,88.71,88.71,0.0
2026-06-30,86.87,86.87,86.87,86.87,0.0
2026-07-01,89.04,89.04,89.04,89.04,0.0
2026-07-02,88.8,88.8,88.8,88.8,0.0
2026-07-06,87.09,87.09,87.09,87.09,0.0
2026-07-07,87.9,87.9,87.9,87.9,0.0
2026-07-08,91.38,91.38,91.38,91.38,0.0
2026-07-09,88.78,88.78,88.78,88.78,0.0
2026-07-10,87.28,87.28,87.28,87.28,0.0
2026-07-13,95.28,95.28,95.28,95.28,0.0
2026-07-14,93.53,93.53,93.53,93.53,0.0
2026-07-15,91.85,91.85,91.85,91.85,0.0
2026-07-16,97.31,97.31,97.31,97.31,0.0
2026-07-17,104.87,104.87,104.87,104.87,0.0
2026-07-20,102.82,102.82,102.82,102.82,0.0
2026-07-21,96.34,96.34,96.34,96.34,0.0
2026-07-22,95.55,95.55,95.55,95.55,0.0
2026-07-23,102.17,102.17,102.17,102.17,0.0
2026-07-24,100.73,100.73,100.73,100.73,0.0
2026-07-27,100.91,100.91,100.91,100.91,0.0
2026-07-28,98.51,98.51,98.51,98.51,0.0
2026-07-29,109.47,109.47,109.47,109.47,0.0
2026-07-30,94.66,94.66,94.66,94.66,0.0
2026-07-31,91.64,91.64,91.64,91.64,0.0
2026-08-03,90.81,90.81,90.81,90.81,0.0
2026-08-04,92.57,92.57,92.57,92.57,0.0
2026-08-05,90.43,90.43,90.43,90.43,0.0
2026-08-06,88.72,88.72,88.72,88.72,0.0
2026-08-07,90.42,90.42,90.42,90.42,0.0
2026-08-10,92.51,92.51,92.51,92.51,0.0
2026-08-11,90.9,90.9,90.9,90.9,0.0
2026-08-12,88.5,88.5,88.5,88.5,0.0
2026-08-13,89.42,89.42,89.42,89.42,0.0
2026-08-14,87.48,87.48,87.48,87.48,0.0
2026-08-17,93.92,93.92,93.92,93.92,0.0
2026-08-18,92.87,92.87,92.87,92.87,0.0
2026-08-19,86.53,86.53,86.53,86.53,0.0
2026-08-20,89.86,89.86,89.86,89.86,0.0
2026-08-21,86.27,86.27,86.27,86.27,0.0
2026-08-24,88.64,88.64,88.64,88.64,0.0
2026-08-25,85.67,85.67,85.67,85.67,0.0
2026-08-26,85.24,85.24,85.24,85.24,0.0
2026-08-27,82.9,82.9,82.9,82.9,0.0
2026-08-28,86.63,86.63,86.63,86.63,0.0
2026-08-31,86.29,86.29,86.29,86.29,0.0
2026-09-01,91.25,91.25,91.25,91.25,0.0
2026-09-02,86.25,86.25,86.25,86.25,0.0
2026-09-03,83.8,83.8,83.8,83.8,0.0
2026-09-04,84.42,84.42,84.42,84.42,0.0
2026-09-08,88.69,88.69,88.69,88.69,0.0
2026-09-09,94.5,94.5,94.5,94.5,0.0
2026-09-10,102.66,102.66,102.66,102.66,0.0
2026-09-11,91.28,91.28,91.28,91.28,0.0
2026-09-14,94.89,94.89,94.89,94.89,0.0
2026-09-15,94.91,94.91,94.91,94.91,0.0
2026-09-16,95.41,95.41,95.41,95.41,0.0
2026-09-17,87.72,87.72,87.72,87.72,0.0
2026-09-18,87.38,87.38,87.38,87.38,0.0
2026-09-21,85.77,85.77,85.77,85.77,0.0
2026-09-22,83.17,83.17,83.17,83.17,0.0
2026-09-23,88.6,88.6,88.6,88.6,0.0
2026-09-24,90.57,90.57,90.57,90.57,0.0
2026-09-25,87.84,87.84,87.84,87.84,0.0
2026-09-28,91.02,91.02,91.02,91.02,0.0
